Entry,Exit,Ticker,Lev,PnL%,Reason
1980-07-04,1980-07-07,NIKKEI,1.5,-3.01,TRAIL
1980-07-16,1980-07-29,NIKKEI,1.5,-0.1,TRAIL
1980-07-31,1980-08-01,NIKKEI,1.5,-0.69,TRAIL
1980-08-01,1980-08-05,DXY,1.5,-1.18,TRAIL
1980-07-01,1980-08-18,NASDAQ,3.0,36.17,TRAIL
1980-08-07,1980-08-26,DXY,2.0,0.89,TRAIL
1980-08-13,1980-08-28,NIKKEI,3.0,2.0,TRAIL
1980-08-28,1980-09-24,NIKKEI,3.0,4.05,TRAIL
1980-08-18,1980-09-26,NASDAQ,3.0,22.9,TRAIL
1980-07-02,1980-09-29,SP500,3.0,20.38,TRAIL
1980-09-26,1980-09-29,NASDAQ,1.5,-3.92,TRAIL
1980-10-02,1980-10-20,NASDAQ,3.0,9.97,TRAIL
1980-09-24,1980-10-23,NIKKEI,3.0,6.81,TRAIL
1980-10-20,1980-10-23,NASDAQ,1.5,-1.02,TRAIL
1980-10-01,1980-10-27,SP500,3.0,1.77,TRAIL
1980-10-23,1980-10-27,NASDAQ,1.5,-1.12,TRAIL
1980-10-23,1980-10-27,NIKKEI,1.5,-0.88,TRAIL
1980-10-31,1980-11-07,NIKKEI,1.5,-0.01,TRAIL
1980-10-28,1980-11-10,DXY,3.0,0.95,TRAIL
1980-11-07,1980-11-17,NIKKEI,1.5,-0.51,TRAIL
1980-11-25,1980-11-28,NIKKEI,1.5,-0.46,TRAIL
1980-11-13,1980-12-02,NASDAQ,3.0,5.18,TRAIL
1980-12-02,1980-12-05,NASDAQ,1.5,-0.51,TRAIL
1980-11-11,1980-12-08,SP500,3.0,-1.49,TRAIL
1980-12-05,1980-12-08,NASDAQ,1.5,-5.28,TRAIL
1980-12-01,1980-12-09,NIKKEI,1.5,-0.95,TRAIL
1980-11-10,1980-12-15,DXY,3.0,11.09,TRAIL
1980-12-15,1980-12-17,DXY,1.5,-0.43,TRAIL
1980-12-17,1980-12-22,DXY,1.5,-1.48,TRAIL
1981-01-05,1981-01-21,SP500,1.5,-7.19,TRAIL
1981-01-15,1981-01-21,NASDAQ,1.5,-1.32,TRAIL
1981-01-05,1981-01-26,NIKKEI,3.0,4.13,TRAIL
1981-01-26,1981-01-29,NIKKEI,1.5,-0.71,TRAIL
1981-01-30,1981-02-06,NIKKEI,1.5,0.21,TRAIL
1981-02-06,1981-02-12,NASDAQ,1.5,-2.47,TRAIL
1981-01-22,1981-02-19,DXY,3.0,14.16,TRAIL
1981-02-19,1981-03-09,DXY,3.0,0.87,TRAIL
1981-02-27,1981-03-11,NASDAQ,2.0,0.15,TRAIL
1981-03-11,1981-04-14,NASDAQ,3.0,23.06,TRAIL
1981-03-18,1981-04-15,NIKKEI,3.0,11.89,TRAIL
1981-04-14,1981-04-28,NASDAQ,3.0,5.96,TRAIL
1981-04-15,1981-05-01,NIKKEI,3.0,4.6,TRAIL
1981-02-27,1981-05-04,SP500,3.0,-1.37,TRAIL
1981-04-28,1981-05-04,NASDAQ,1.5,-2.97,TRAIL
1981-05-01,1981-05-06,NIKKEI,1.5,-2.18,TRAIL
1981-05-11,1981-05-13,NIKKEI,1.5,-3.19,TRAIL
1981-05-15,1981-06-02,NASDAQ,3.0,4.27,TRAIL
1981-05-22,1981-06-04,NIKKEI,1.5,-2.54,TRAIL
1981-03-26,1981-06-10,DXY,3.0,31.85,TRAIL
1981-06-10,1981-06-15,DXY,1.5,-1.76,TRAIL
1981-06-02,1981-06-16,NASDAQ,3.0,1.35,TRAIL
1981-06-09,1981-07-02,SP500,3.0,-7.57,MOM_REV
1981-06-10,1981-07-07,NIKKEI,3.0,13.71,TRAIL
1981-06-18,1981-07-10,DXY,3.0,8.11,TRAIL
1981-07-10,1981-07-15,DXY,1.5,-1.03,TRAIL
1981-07-07,1981-07-20,NIKKEI,2.5,0.44,TRAIL
1981-07-15,1981-08-12,DXY,3.0,9.66,TRAIL
1981-08-04,1981-08-17,NASDAQ,2.0,-0.42,TRAIL
1981-08-05,1981-08-18,NIKKEI,3.0,2.31,TRAIL
1981-08-12,1981-08-18,DXY,1.5,-0.76,TRAIL
1981-07-31,1981-08-24,SP500,3.0,-12.42,TRAIL
1981-08-18,1981-08-24,NIKKEI,1.5,-0.6,TRAIL
1981-08-24,1981-08-25,NIKKEI,1.5,-1.9,TRAIL
1981-10-21,1981-10-29,DXY,2.5,-0.33,TRAIL
1981-11-02,1981-11-12,NIKKEI,1.5,-0.69,TRAIL
1981-11-13,1981-11-24,NIKKEI,3.0,1.32,TRAIL
1981-11-24,1981-11-27,NIKKEI,1.5,-0.94,TRAIL
1981-12-03,1981-12-14,NIKKEI,3.0,1.15,TRAIL
1981-12-16,1981-12-30,DXY,1.5,-0.75,TRAIL
1981-12-21,1982-01-07,NIKKEI,1.5,0.44,TRAIL
1982-01-22,1982-02-02,NIKKEI,3.0,0.18,TRAIL
1982-02-03,1982-02-10,NIKKEI,1.5,-1.9,TRAIL
1982-02-25,1982-03-05,DXY,1.5,-1.17,TRAIL
1982-03-09,1982-04-02,DXY,3.0,6.73,TRAIL
1982-04-02,1982-04-19,DXY,3.0,1.26,TRAIL
1982-04-26,1982-05-04,SP500,1.5,-2.26,MOM_REV
1982-04-21,1982-05-20,NIKKEI,3.0,11.2,TRAIL
1982-05-20,1982-05-25,NIKKEI,1.5,-2.05,TRAIL
1982-05-27,1982-07-12,DXY,3.0,17.41,TRAIL
1982-07-13,1982-07-19,DXY,1.5,-1.36,TRAIL
1982-07-30,1982-08-18,DXY,3.0,1.51,TRAIL
1982-08-18,1982-08-20,DXY,1.5,-1.63,TRAIL
1982-08-30,1982-09-02,DXY,1.5,-2.35,TRAIL
1982-09-07,1982-09-09,NIKKEI,1.5,-1.78,TRAIL
1982-09-10,1982-09-20,NIKKEI,1.5,-1.32,TRAIL
1982-08-20,1982-09-29,SP500,3.0,22.85,TRAIL
1982-09-13,1982-10-01,DXY,2.0,1.12,TRAIL
1982-10-01,1982-10-07,DXY,2.0,0.69,TRAIL
1982-10-07,1982-10-12,DXY,1.5,-1.63,TRAIL
1982-10-08,1982-10-25,NIKKEI,1.5,-1.15,TRAIL
1982-09-01,1982-10-26,NASDAQ,3.0,55.19,TRAIL
1982-10-25,1982-10-26,NIKKEI,1.5,-2.16,TRAIL
1982-10-06,1982-10-28,SP500,3.0,18.15,TRAIL
1982-10-13,1982-11-10,DXY,3.0,6.36,TRAIL
1982-10-28,1982-11-15,SP500,3.0,7.73,TRAIL
1982-10-26,1982-11-16,NASDAQ,3.0,21.51,TRAIL
1982-11-10,1982-11-19,DXY,1.5,-1.36,TRAIL
1982-11-16,1982-11-23,NASDAQ,2.0,0.18,TRAIL
1982-11-05,1982-12-09,NIKKEI,3.0,16.59,TRAIL
1982-11-23,1982-12-09,NASDAQ,3.0,16.08,TRAIL
1982-12-09,1982-12-13,NASDAQ,1.5,-2.47,TRAIL
1982-11-30,1982-12-14,SP500,3.0,-2.45,TRAIL
1982-12-13,1982-12-15,NASDAQ,1.5,-4.91,TRAIL
1982-12-09,1982-12-16,NIKKEI,1.5,-2.2,TRAIL
1982-12-27,1983-01-11,NIKKEI,3.0,2.42,TRAIL
1983-01-11,1983-01-19,NIKKEI,1.5,-2.06,TRAIL
1982-12-27,1983-01-21,NASDAQ,3.0,13.86,TRAIL
1982-12-21,1983-01-24,SP500,3.0,2.94,TRAIL
1983-01-21,1983-01-24,NASDAQ,1.5,-4.45,TRAIL
1983-01-20,1983-01-25,DXY,2.0,0.82,TRAIL
1983-01-25,1983-02-07,DXY,3.0,2.67,TRAIL
1983-02-07,1983-02-11,DXY,1.5,-1.91,TRAIL
1983-01-31,1983-02-18,NIKKEI,1.5,-1.02,TRAIL
1983-02-18,1983-02-22,NIKKEI,1.5,-2.43,TRAIL
1983-02-25,1983-03-01,NIKKEI,1.5,-1.25,TRAIL
1983-02-28,1983-03-04,DXY,1.5,-1.25,TRAIL
1983-01-26,1983-03-08,NASDAQ,3.0,27.0,TRAIL
1983-03-11,1983-03-14,DXY,1.5,-1.62,TRAIL
1983-01-27,1983-03-16,SP500,3.0,11.52,TRAIL
1983-03-08,1983-03-29,NASDAQ,3.0,6.4,TRAIL
1983-03-21,1983-04-04,DXY,1.5,-0.06,TRAIL
1983-03-29,1983-04-04,NASDAQ,1.5,-0.02,TRAIL
1983-04-04,1983-04-06,NASDAQ,1.5,-1.26,TRAIL
1983-03-07,1983-05-12,NIKKEI,3.0,22.86,TRAIL
1983-04-08,1983-05-16,NASDAQ,3.0,35.25,TRAIL
1983-05-12,1983-05-17,NIKKEI,1.5,-1.42,TRAIL
1983-03-21,1983-05-19,SP500,3.0,21.43,TRAIL
1983-05-24,1983-05-31,SP500,1.5,-2.85,TRAIL
1983-05-16,1983-06-01,NASDAQ,3.0,8.36,TRAIL
1983-05-26,1983-06-01,NIKKEI,1.5,-1.33,TRAIL
1983-06-03,1983-06-08,SP500,1.5,-2.79,TRAIL
1983-05-24,1983-06-20,DXY,3.0,5.22,TRAIL
1983-06-20,1983-06-22,DXY,1.5,-1.11,TRAIL
1983-06-01,1983-06-27,NASDAQ,3.0,15.97,TRAIL
1983-06-13,1983-06-28,SP500,3.0,1.53,TRAIL
1983-06-27,1983-06-28,NASDAQ,1.5,-3.92,TRAIL
1983-06-14,1983-07-12,NIKKEI,3.0,11.1,TRAIL
1983-07-01,1983-07-13,NASDAQ,1.5,-3.26,TRAIL
1983-06-29,1983-07-15,SP500,2.0,-2.82,TRAIL
1983-07-12,1983-07-19,NIKKEI,1.5,-1.18,TRAIL
1983-07-05,1983-07-20,DXY,1.5,0.13,TRAIL
1983-07-20,1983-07-28,SP500,1.5,-3.77,TRAIL
1983-07-20,1983-08-01,NIKKEI,3.0,2.97,TRAIL
1983-08-01,1983-08-05,NIKKEI,1.5,-1.15,TRAIL
1983-07-20,1983-08-16,DXY,3.0,7.49,TRAIL
1983-08-17,1983-08-24,SP500,1.5,-3.67,TRAIL
1983-08-16,1983-09-09,DXY,3.0,1.62,TRAIL
1983-08-30,1983-09-13,SP500,3.0,4.1,TRAIL
1983-09-06,1983-09-13,NASDAQ,1.5,-1.64,TRAIL
1983-08-15,1983-09-14,NIKKEI,3.0,8.44,TRAIL
1983-09-14,1983-09-19,NIKKEI,1.5,-2.15,TRAIL
1983-09-15,1983-09-19,DXY,1.5,-1.08,TRAIL
1983-09-22,1983-09-23,DXY,1.5,-1.39,TRAIL
1983-09-19,1983-09-27,NASDAQ,1.5,-0.52,TRAIL
1983-09-13,1983-09-30,SP500,3.0,2.31,TRAIL
1983-09-27,1983-09-30,NASDAQ,1.5,-2.06,TRAIL
1983-09-20,1983-10-14,NIKKEI,3.0,2.25,TRAIL
1983-10-06,1983-10-18,SP500,2.0,-2.9,TRAIL
1983-10-17,1983-10-19,NIKKEI,1.5,-2.23,TRAIL
1983-11-01,1983-11-10,DXY,1.5,0.07,TRAIL
1983-11-15,1983-11-25,NIKKEI,1.5,-0.61,TRAIL
1983-11-10,1983-11-30,DXY,3.0,3.13,TRAIL
1983-11-21,1983-12-02,SP500,2.0,-0.73,TRAIL
1983-12-02,1983-12-13,NIKKEI,1.5,0.09,TRAIL
1983-12-05,1983-12-14,SP500,1.5,-2.2,TRAIL
1983-11-30,1983-12-23,DXY,3.0,5.81,TRAIL
1983-12-23,1983-12-29,DXY,1.5,-1.32,TRAIL
1984-01-03,1984-01-13,DXY,3.0,3.78,TRAIL
1984-01-05,1984-01-20,SP500,1.5,-2.31,TRAIL
1983-12-14,1984-01-23,NIKKEI,3.0,21.37,TRAIL
1984-01-13,1984-02-01,DXY,1.5,-0.24,TRAIL
1984-01-23,1984-02-02,NIKKEI,3.0,2.54,TRAIL
1984-02-02,1984-02-07,NIKKEI,1.5,-1.41,TRAIL
1984-03-12,1984-04-09,NIKKEI,3.0,23.92,TRAIL
1984-04-03,1984-04-11,DXY,1.5,-0.72,TRAIL
1984-04-09,1984-04-19,NIKKEI,2.5,-2.47,TRAIL
1984-04-12,1984-05-03,DXY,3.0,7.28,TRAIL
1984-04-27,1984-05-08,NIKKEI,3.0,1.93,TRAIL
1984-05-08,1984-05-10,NIKKEI,1.5,-2.34,TRAIL
1984-05-03,1984-05-16,DXY,3.0,4.04,TRAIL
1984-05-16,1984-05-25,DXY,1.5,-0.29,TRAIL
1984-06-19,1984-07-11,NIKKEI,3.0,4.63,TRAIL
1984-07-11,1984-07-13,NIKKEI,1.5,-2.91,TRAIL
1984-06-15,1984-07-16,DXY,3.0,8.91,TRAIL
1984-07-16,1984-07-26,DXY,3.0,1.76,TRAIL
1984-07-26,1984-08-03,DXY,3.0,0.58,TRAIL
1984-08-06,1984-08-15,DXY,1.5,-0.47,TRAIL
1984-08-03,1984-09-04,SP500,3.0,4.68,TRAIL
1984-08-03,1984-09-04,FTSE,3.0,5.27,TRAIL
1984-08-13,1984-09-04,NASDAQ,3.0,0.05,TRAIL
1984-08-10,1984-09-05,NIKKEI,3.0,4.9,TRAIL
1984-09-05,1984-09-06,NIKKEI,1.5,-1.24,TRAIL
1984-09-12,1984-09-18,NIKKEI,1.5,0.36,TRAIL
1984-09-13,1984-09-19,NASDAQ,1.5,-0.2,TRAIL
1984-09-04,1984-09-21,DXY,3.0,10.57,TRAIL
1984-09-13,1984-09-24,SP500,1.5,-2.38,TRAIL
1984-09-06,1984-10-01,FTSE,3.0,8.87,TRAIL
1984-09-18,1984-10-02,NIKKEI,1.5,-0.27,TRAIL
1984-09-21,1984-10-03,DXY,1.5,-1.46,TRAIL
1984-10-01,1984-10-16,FTSE,3.0,-0.9,TRAIL
1984-10-05,1984-10-19,DXY,3.0,2.82,TRAIL
1984-10-19,1984-10-24,DXY,1.5,-2.27,TRAIL
1984-10-24,1984-10-26,NASDAQ,1.5,-2.03,TRAIL
1984-10-18,1984-10-29,SP500,1.5,-2.96,TRAIL
1984-10-29,1984-11-01,DXY,1.5,-3.13,TRAIL
1984-10-19,1984-11-07,NIKKEI,3.0,9.22,TRAIL
1984-10-30,1984-11-12,SP500,3.0,0.94,TRAIL
1984-11-09,1984-11-14,NASDAQ,1.5,-1.5,TRAIL
1984-11-12,1984-11-16,SP500,1.5,-2.92,TRAIL
1984-10-23,1984-11-20,FTSE,3.0,8.19,TRAIL
1984-11-07,1984-11-22,NIKKEI,2.5,0.65,TRAIL
1984-11-27,1984-11-29,NASDAQ,1.5,-5.23,TRAIL
1984-11-26,1984-12-04,DXY,2.5,-0.29,TRAIL
1984-11-28,1984-12-07,NIKKEI,3.0,5.84,TRAIL
1984-12-07,1984-12-10,NIKKEI,1.5,-1.96,TRAIL
1984-12-10,1984-12-11,NASDAQ,1.5,-6.83,TRAIL
1984-11-20,1985-01-03,FTSE,3.0,12.16,TRAIL
1984-12-18,1985-01-03,SP500,1.5,-3.16,TRAIL
1985-01-03,1985-01-14,FTSE,3.0,3.58,TRAIL
1984-12-12,1985-01-22,NIKKEI,3.0,12.8,TRAIL
1984-12-04,1985-01-24,DXY,3.0,10.44,TRAIL
1985-01-15,1985-01-28,FTSE,3.0,7.93,TRAIL
1985-01-22,1985-02-05,NIKKEI,2.0,-0.75,TRAIL
1985-01-24,1985-02-15,DXY,3.0,8.59,TRAIL
1985-01-28,1985-02-18,FTSE,3.0,0.69,TRAIL
1985-01-09,1985-02-21,SP500,3.0,27.26,TRAIL
1984-12-19,1985-02-25,NASDAQ,3.0,47.19,TRAIL
1985-02-15,1985-02-27,DXY,3.0,5.58,TRAIL
1985-02-07,1985-03-07,NIKKEI,3.0,11.91,TRAIL
1985-02-26,1985-03-07,NASDAQ,1.5,-0.95,TRAIL
1985-02-26,1985-03-07,SP500,2.0,-1.83,TRAIL
1985-02-27,1985-03-11,DXY,3.0,0.58,TRAIL
1985-03-07,1985-03-11,NIKKEI,1.5,-1.82,TRAIL
1985-03-14,1985-03-19,DXY,1.5,-4.37,TRAIL
1985-03-12,1985-03-26,FTSE,1.5,-1.11,TRAIL
1985-03-26,1985-04-03,FTSE,1.5,-1.81,TRAIL
1985-03-11,1985-04-05,NIKKEI,3.0,6.86,TRAIL
1985-04-05,1985-04-16,NIKKEI,1.5,-4.03,TRAIL
1985-04-18,1985-04-23,FTSE,1.5,-2.37,TRAIL
1985-04-10,1985-04-29,SP500,3.0,2.02,TRAIL
1985-04-12,1985-04-30,NASDAQ,2.5,0.0,TRAIL
1985-04-25,1985-05-09,DXY,2.5,-2.54,TRAIL
1985-05-10,1985-05-14,DXY,1.5,-3.1,TRAIL
1985-04-26,1985-05-24,FTSE,3.0,4.28,TRAIL
1985-05-09,1985-05-28,NASDAQ,3.0,8.05,TRAIL
1985-05-20,1985-06-03,NIKKEI,3.0,-2.05,TRAIL
1985-06-03,1985-06-07,FTSE,1.5,-1.59,TRAIL
1985-05-07,1985-06-12,SP500,3.0,11.37,TRAIL
1985-05-28,1985-06-13,NASDAQ,1.5,-2.06,TRAIL
1985-06-12,1985-06-14,DXY,1.5,-1.21,TRAIL
1985-06-04,1985-06-21,NIKKEI,3.0,1.23,TRAIL
1985-06-24,1985-07-11,NIKKEI,3.0,2.17,TRAIL
1985-07-11,1985-07-15,NIKKEI,1.5,-3.03,TRAIL
1985-06-21,1985-07-23,SP500,3.0,4.65,TRAIL
1985-06-25,1985-07-24,NASDAQ,3.0,11.7,TRAIL
1985-07-24,1985-07-29,NASDAQ,1.5,-1.38,TRAIL
1985-08-01,1985-08-06,NASDAQ,1.5,-1.87,TRAIL
1985-08-23,1985-09-03,NIKKEI,1.5,-0.71,TRAIL
1985-09-03,1985-09-04,NIKKEI,1.5,-1.21,TRAIL
1985-07-30,1985-09-05,FTSE,3.0,16.7,TRAIL
1985-09-05,1985-09-10,FTSE,1.5,-1.2,TRAIL
1985-09-06,1985-09-11,SP500,1.5,-2.56,TRAIL
1985-09-11,1985-09-18,NIKKEI,1.5,-1.14,TRAIL
1985-09-24,1985-09-27,NIKKEI,1.5,-1.37,TRAIL
1985-09-30,1985-10-18,NIKKEI,3.0,6.45,TRAIL
1985-10-18,1985-10-25,NIKKEI,1.5,-1.37,TRAIL
1985-10-28,1985-11-01,NIKKEI,1.5,-1.5,TRAIL
1985-10-10,1985-12-02,FTSE,3.0,23.83,TRAIL
1985-12-02,1985-12-11,FTSE,1.5,-4.35,TRAIL
1985-12-10,1985-12-20,NIKKEI,3.0,3.74,TRAIL
1985-10-16,1985-12-23,NASDAQ,3.0,36.52,TRAIL
1985-10-14,1985-12-24,SP500,3.0,33.43,TRAIL
1985-12-20,1986-01-07,NIKKEI,1.5,-0.23,TRAIL
1985-12-24,1986-01-08,SP500,3.0,1.2,TRAIL
1986-01-03,1986-01-08,FTSE,1.5,-2.69,TRAIL
1985-12-23,1986-01-09,NASDAQ,3.0,1.31,TRAIL
1986-01-08,1986-01-09,FTSE,1.5,-2.63,TRAIL
1986-01-08,1986-01-13,NIKKEI,1.5,-0.91,TRAIL
1986-02-03,1986-02-20,NIKKEI,3.0,6.17,TRAIL
1986-02-20,1986-03-19,NIKKEI,3.0,25.18,TRAIL
1986-01-27,1986-03-25,FTSE,3.0,48.85,TRAIL
1986-01-28,1986-04-03,SP500,3.0,32.4,TRAIL
1986-03-19,1986-04-03,NIKKEI,3.0,16.49,TRAIL
1986-01-10,1986-04-07,NASDAQ,3.0,41.34,TRAIL
1986-03-25,1986-04-09,FTSE,3.0,4.63,TRAIL
1986-04-10,1986-04-23,FTSE,1.5,-5.11,TRAIL
1986-04-08,1986-04-30,NASDAQ,3.0,8.12,TRAIL
1986-04-10,1986-04-30,SP500,3.0,-1.17,TRAIL
1986-04-03,1986-05-13,NIKKEI,3.0,13.95,TRAIL
1986-05-13,1986-05-16,NIKKEI,1.5,-2.28,TRAIL
1986-05-05,1986-05-19,NASDAQ,1.5,-0.89,TRAIL
1986-05-22,1986-06-09,NASDAQ,3.0,3.93,TRAIL
1986-05-27,1986-06-09,SP500,2.0,-3.91,TRAIL
1986-05-28,1986-06-10,FTSE,1.5,-3.55,TRAIL
1986-06-09,1986-07-07,NASDAQ,3.0,4.79,TRAIL
1986-06-12,1986-07-07,SP500,3.0,3.18,TRAIL
1986-06-17,1986-07-07,FTSE,3.0,4.8,TRAIL
1986-07-07,1986-07-08,NASDAQ,1.5,-3.85,TRAIL
1986-07-07,1986-07-08,FTSE,1.5,-2.94,TRAIL
1986-05-22,1986-07-09,NIKKEI,3.0,29.94,TRAIL
1986-07-09,1986-07-21,NIKKEI,3.0,0.28,TRAIL
1986-07-23,1986-07-29,NIKKEI,2.0,-1.47,TRAIL
1986-07-30,1986-08-01,NIKKEI,1.5,-4.02,TRAIL
1986-08-13,1986-08-22,NIKKEI,3.0,7.34,TRAIL
1986-08-20,1986-09-03,NASDAQ,1.5,-0.79,TRAIL
1986-08-12,1986-09-08,SP500,3.0,5.92,TRAIL
1986-09-03,1986-09-08,NASDAQ,1.5,-2.73,TRAIL
1986-08-22,1986-09-09,NIKKEI,3.0,0.53,TRAIL
1986-08-18,1986-09-11,FTSE,3.0,5.13,TRAIL
1986-09-10,1986-09-12,NIKKEI,1.5,-4.18,TRAIL
1986-10-28,1986-11-13,SP500,3.0,4.71,TRAIL
1986-11-03,1986-11-17,FTSE,3.0,-1.94,TRAIL
1986-11-13,1986-11-18,SP500,1.5,-3.85,TRAIL
1986-11-21,1986-12-11,SP500,3.0,2.82,TRAIL
1986-12-11,1986-12-29,SP500,1.5,-2.12,TRAIL
1986-11-12,1987-01-12,NIKKEI,3.0,21.0,TRAIL
1987-01-16,1987-02-05,NIKKEI,3.0,10.11,TRAIL
1987-02-05,1987-02-13,NIKKEI,1.5,-1.26,TRAIL
1987-02-18,1987-02-23,NIKKEI,1.5,0.44,TRAIL
1987-02-23,1987-03-24,NIKKEI,3.0,22.49,TRAIL
1986-11-17,1987-03-30,FTSE,3.0,68.88,TRAIL
1987-01-07,1987-03-30,SP500,3.0,39.8,TRAIL
1987-01-12,1987-03-30,NASDAQ,3.0,32.37,TRAIL
1987-03-24,1987-03-30,NIKKEI,2.0,1.79,TRAIL
1987-04-03,1987-04-09,SP500,1.5,-3.77,TRAIL
1987-04-03,1987-04-13,NASDAQ,1.5,-4.7,TRAIL
1987-03-30,1987-04-27,NIKKEI,3.0,20.04,TRAIL
1987-05-14,1987-05-18,NASDAQ,1.5,-3.26,TRAIL
1987-05-01,1987-05-19,NIKKEI,3.0,5.03,TRAIL
1987-05-12,1987-05-19,SP500,1.5,-7.0,TRAIL
1987-05-19,1987-05-20,NIKKEI,1.5,-4.1,TRAIL
1987-04-30,1987-05-27,FTSE,3.0,13.93,TRAIL
1987-05-22,1987-06-19,NIKKEI,3.0,14.05,TRAIL
1987-05-27,1987-06-22,FTSE,3.0,13.83,TRAIL
1987-06-19,1987-06-22,NIKKEI,1.5,-3.84,TRAIL
1987-05-26,1987-06-30,SP500,3.0,15.45,TRAIL
1987-06-10,1987-06-30,NASDAQ,3.0,1.35,TRAIL
1987-07-14,1987-07-15,DXY,1.5,-1.83,TRAIL
1987-06-30,1987-07-21,NASDAQ,3.0,3.32,TRAIL
1987-06-30,1987-07-21,SP500,3.0,4.49,TRAIL
1987-06-22,1987-07-22,FTSE,3.0,13.35,TRAIL
1987-07-07,1987-07-28,HANGSENG,3.0,9.37,TRAIL
1987-07-29,1987-08-04,FTSE,1.5,-4.74,TRAIL
1987-07-17,1987-08-18,DXY,3.0,-3.54,TRAIL
1987-07-28,1987-08-18,HANGSENG,3.0,15.05,TRAIL
1987-07-29,1987-08-19,NIKKEI,3.0,9.88,TRAIL
1987-08-18,1987-08-19,HANGSENG,1.5,-2.32,TRAIL
1987-07-21,1987-08-28,SP500,3.0,17.98,TRAIL
1987-07-21,1987-09-02,NASDAQ,3.0,13.62,TRAIL
1987-08-19,1987-09-03,NIKKEI,3.0,4.97,TRAIL
1987-09-03,1987-09-07,NIKKEI,1.5,-3.78,TRAIL
1987-08-26,1987-09-09,HANGSENG,3.0,4.36,TRAIL
1987-09-09,1987-09-17,HANGSENG,3.0,-0.52,TRAIL
1987-09-29,1987-10-01,NIKKEI,1.5,-1.59,TRAIL
1987-10-01,1987-10-06,SP500,1.5,-3.72,TRAIL
1987-10-02,1987-10-06,NASDAQ,1.5,-1.36,TRAIL
1987-09-22,1987-10-07,DXY,2.5,0.49,TRAIL
1987-10-06,1987-10-08,NASDAQ,1.5,-2.51,TRAIL
1987-09-07,1987-10-12,FTSE,3.0,7.21,TRAIL
1987-09-18,1987-10-13,HANGSENG,3.0,15.72,TRAIL
1987-10-07,1987-10-14,DXY,1.5,-1.46,TRAIL
1987-10-13,1987-10-15,FTSE,1.5,-3.08,TRAIL
1987-10-05,1987-10-19,NIKKEI,3.0,-3.13,TRAIL
1987-10-13,1987-10-19,HANGSENG,1.5,-18.7,STOP
1988-01-26,1988-03-08,NIKKEI,3.0,25.11,TRAIL
1988-03-15,1988-03-25,NIKKEI,3.0,1.78,TRAIL
1988-03-25,1988-04-18,NIKKEI,3.0,12.23,TRAIL
1988-04-29,1988-05-05,HANGSENG,2.0,-1.92,TRAIL
1988-04-26,1988-05-06,SP500,1.5,-3.67,TRAIL
1988-04-25,1988-05-09,RUSSELL2000,3.0,3.08,TRAIL
1988-04-26,1988-05-09,NASDAQ,2.5,-0.99,TRAIL
1988-04-18,1988-05-11,NIKKEI,3.0,5.51,TRAIL
1988-04-26,1988-05-11,FTSE,1.5,-3.67,TRAIL
1988-05-11,1988-05-23,NIKKEI,3.0,0.98,TRAIL
1988-05-24,1988-06-07,DXY,3.0,2.74,TRAIL
1988-05-25,1988-06-21,NIKKEI,3.0,5.27,TRAIL
1988-06-21,1988-06-27,NIKKEI,1.5,-2.64,TRAIL
1988-06-06,1988-06-28,HANGSENG,3.0,8.23,TRAIL
1988-05-31,1988-07-12,SP500,3.0,6.51,TRAIL
1988-07-05,1988-07-13,DAX,2.5,-2.05,TRAIL
1988-05-25,1988-07-18,FTSE,3.0,10.3,TRAIL
1988-06-28,1988-07-18,HANGSENG,3.0,5.62,TRAIL
1988-06-07,1988-07-19,DXY,3.0,20.29,TRAIL
1988-06-08,1988-07-19,NASDAQ,3.0,6.18,TRAIL
1988-07-11,1988-07-19,NIKKEI,1.5,-4.49,TRAIL
1988-06-08,1988-07-22,RUSSELL2000,3.0,7.8,TRAIL
1988-07-13,1988-07-22,DAX,2.5,-2.46,TRAIL
1988-07-19,1988-07-22,DXY,1.5,-2.29,TRAIL
1988-07-29,1988-08-09,SP500,1.5,-3.05,TRAIL
1988-07-20,1988-08-10,FTSE,1.5,-2.19,TRAIL
1988-07-27,1988-08-10,NIKKEI,3.0,-1.99,TRAIL
1988-07-27,1988-08-10,DAX,3.0,-0.39,TRAIL
1988-07-25,1988-08-15,DXY,3.0,4.36,TRAIL
1988-08-18,1988-08-23,DAX,1.5,-3.68,TRAIL
1988-08-16,1988-08-25,DXY,2.0,-1.24,TRAIL
1988-08-16,1988-08-26,NIKKEI,2.0,-2.37,TRAIL
1988-08-31,1988-09-07,DXY,1.5,-2.42,TRAIL
1988-09-08,1988-09-26,NIKKEI,1.5,-2.2,TRAIL
1988-09-09,1988-09-27,RUSSELL2000,1.5,-0.46,TRAIL
1988-09-08,1988-09-28,DAX,3.0,13.41,TRAIL
1988-09-14,1988-10-03,DXY,1.5,-1.34,TRAIL
1988-09-28,1988-10-03,RUSSELL2000,1.5,0.83,TRAIL
1988-09-28,1988-10-06,NIKKEI,1.5,-3.13,TRAIL
1988-09-09,1988-10-12,NASDAQ,3.0,0.79,TRAIL
1988-09-28,1988-10-12,DAX,3.0,5.59,TRAIL
1988-10-12,1988-10-20,DAX,3.0,6.04,TRAIL
1988-09-09,1988-10-27,SP500,3.0,11.74,TRAIL
1988-10-03,1988-10-27,RUSSELL2000,1.5,-1.15,TRAIL
1988-10-14,1988-10-27,NASDAQ,2.5,-1.82,TRAIL
1988-10-20,1988-11-02,DAX,3.0,2.62,TRAIL
1988-09-26,1988-11-03,FTSE,3.0,7.51,TRAIL
1988-10-14,1988-11-03,HANGSENG,2.0,-0.66,TRAIL
1988-11-02,1988-11-03,DAX,1.5,-2.77,TRAIL
1988-10-27,1988-11-09,SP500,1.5,-2.14,TRAIL
1988-11-03,1988-11-14,HANGSENG,1.5,-2.7,TRAIL
1988-11-22,1988-11-28,HANGSENG,2.0,2.02,TRAIL
1988-11-28,1988-12-13,HANGSENG,3.0,3.06,TRAIL
1988-12-05,1988-12-15,DAX,3.0,0.22,TRAIL
1988-10-26,1988-12-16,NIKKEI,3.0,20.81,TRAIL
1988-12-16,1989-01-16,DAX,3.0,10.46,TRAIL
1989-01-16,1989-01-18,DAX,1.5,-2.98,TRAIL
1989-01-16,1989-01-23,DXY,1.5,-1.67,TRAIL
1989-01-25,1989-02-01,DAX,1.5,-4.43,TRAIL
1988-12-06,1989-02-10,SP500,3.0,15.59,TRAIL
1989-01-19,1989-02-10,RUSSELL2000,3.0,7.5,TRAIL
1989-01-19,1989-02-10,NASDAQ,3.0,8.67,TRAIL
1988-12-28,1989-02-14,HANGSENG,3.0,44.9,TRAIL
1989-02-08,1989-02-14,DAX,1.5,-2.5,TRAIL
1989-01-13,1989-02-16,FTSE,3.0,27.66,TRAIL
1989-02-13,1989-02-22,SP500,2.5,-1.39,TRAIL
1989-02-10,1989-02-24,RUSSELL2000,2.5,-1.32,TRAIL
1989-02-10,1989-02-24,NASDAQ,2.0,-1.19,TRAIL
1989-02-14,1989-02-27,HANGSENG,3.0,-3.46,TRAIL
1989-02-16,1989-02-27,FTSE,2.5,-4.56,TRAIL
1988-12-20,1989-03-09,NIKKEI,3.0,21.19,TRAIL
1989-03-02,1989-03-17,RUSSELL2000,3.0,1.98,TRAIL
1989-03-03,1989-03-17,NASDAQ,2.0,-0.89,TRAIL
1989-03-03,1989-03-17,FTSE,3.0,2.03,TRAIL
1989-03-14,1989-03-17,SP500,1.5,-1.25,TRAIL
1989-03-03,1989-03-20,DAX,1.5,-2.91,TRAIL
1989-03-16,1989-03-20,HANGSENG,1.5,-4.96,TRAIL
1989-03-15,1989-03-22,NIKKEI,1.5,-3.07,TRAIL
1989-03-28,1989-04-04,DXY,1.5,-2.12,TRAIL
1989-03-17,1989-04-10,FTSE,1.5,-3.48,TRAIL
1989-03-30,1989-04-14,DAX,3.0,14.21,TRAIL
1989-04-07,1989-04-17,DXY,1.5,-1.17,TRAIL
1989-04-13,1989-04-21,HANGSENG,3.0,2.92,TRAIL
1989-04-14,1989-04-21,DAX,2.0,-0.35,TRAIL
1989-04-21,1989-04-27,HANGSENG,1.5,-1.54,TRAIL
1989-04-21,1989-05-02,DAX,1.5,-1.84,TRAIL
1989-05-05,1989-05-10,DAX,1.5,-1.32,TRAIL
1989-04-27,1989-05-17,HANGSENG,3.0,16.49,TRAIL
1989-05-17,1989-05-19,HANGSENG,1.5,-4.66,TRAIL
1989-04-19,1989-05-23,FTSE,3.0,9.29,TRAIL
1989-05-23,1989-06-01,FTSE,1.5,-3.36,TRAIL
1989-03-29,1989-06-02,NIKKEI,3.0,8.52,TRAIL
1989-05-01,1989-06-02,DXY,3.0,9.29,TRAIL
1989-03-17,1989-06-15,RUSSELL2000,3.0,27.41,TRAIL
1989-03-30,1989-06-15,NASDAQ,3.0,31.51,TRAIL
1989-03-31,1989-06-15,SP500,3.0,25.65,TRAIL
1989-06-05,1989-06-19,DXY,3.0,0.64,TRAIL
1989-06-23,1989-06-29,SP500,1.5,-3.8,TRAIL
1989-06-08,1989-06-30,FTSE,3.0,1.06,TRAIL
1989-05-29,1989-07-06,DAX,3.0,23.54,TRAIL
1989-07-17,1989-07-24,NASDAQ,1.5,-1.3,TRAIL
1989-07-06,1989-07-31,DAX,3.0,12.49,TRAIL
1989-07-31,1989-08-14,DAX,3.0,7.37,TRAIL
1989-07-10,1989-08-21,SP500,3.0,12.47,TRAIL
1989-07-14,1989-08-21,RUSSELL2000,3.0,3.77,TRAIL
1989-07-24,1989-08-21,NASDAQ,3.0,8.27,TRAIL
1989-07-10,1989-08-28,NIKKEI,3.0,8.3,TRAIL
1989-08-14,1989-09-12,DAX,3.0,8.27,TRAIL
1989-08-24,1989-09-13,SP500,1.5,-2.59,TRAIL
1989-09-12,1989-09-13,DAX,1.5,-1.92,TRAIL
1989-07-03,1989-09-14,FTSE,3.0,29.98,TRAIL
1989-08-23,1989-09-14,RUSSELL2000,3.0,3.23,TRAIL
1989-08-04,1989-09-18,DXY,3.0,6.9,TRAIL
1989-08-21,1989-09-18,NASDAQ,3.0,5.63,TRAIL
1989-09-20,1989-09-27,DAX,2.0,-4.07,TRAIL
1989-10-10,1989-10-11,DAX,1.5,-3.03,TRAIL
1989-09-25,1989-10-12,NIKKEI,3.0,-1.42,TRAIL
1989-09-14,1989-10-13,RUSSELL2000,3.0,-7.97,TRAIL
1989-09-28,1989-10-13,NASDAQ,3.0,-2.42,TRAIL
1989-10-03,1989-10-13,SP500,3.0,-17.81,STOP
1989-11-21,1989-11-22,HANGSENG,1.5,-0.28,MOM_REV
1989-11-24,1989-11-29,HANGSENG,1.5,-3.04,TRAIL
1989-11-28,1989-12-11,NASDAQ,1.5,-1.41,TRAIL
1989-11-14,1989-12-13,DAX,3.0,25.46,TRAIL
1989-11-24,1989-12-18,SP500,3.0,-0.24,TRAIL
1989-12-12,1989-12-29,HANGSENG,3.0,2.88,TRAIL
1989-12-13,1990-01-05,DAX,3.0,33.6,TRAIL
1989-10-13,1990-01-09,NIKKEI,3.0,24.22,TRAIL
1989-12-27,1990-01-09,SP500,3.0,0.7,TRAIL
1989-11-14,1990-01-10,FTSE,3.0,26.81,TRAIL
1989-12-29,1990-01-10,RUSSELL2000,2.5,-0.55,TRAIL
1990-01-02,1990-01-10,NASDAQ,1.5,-2.81,TRAIL
1990-01-10,1990-01-15,FTSE,1.5,-2.88,TRAIL
1989-12-29,1990-01-16,HANGSENG,2.5,-7.47,TRAIL
1990-01-05,1990-01-16,DAX,3.0,-1.13,TRAIL
1990-01-16,1990-01-24,DAX,1.5,-4.52,TRAIL
1990-01-29,1990-02-07,DAX,3.0,13.21,TRAIL
1990-02-07,1990-02-12,DAX,1.5,-4.05,TRAIL
1990-02-13,1990-02-20,DAX,2.5,-3.58,TRAIL
1990-02-07,1990-02-21,HANGSENG,3.0,1.85,TRAIL
1990-02-15,1990-02-21,NIKKEI,1.5,-6.96,TRAIL
1990-02-21,1990-03-14,HANGSENG,3.0,1.96,TRAIL
1990-03-22,1990-04-02,HANGSENG,3.0,-1.42,TRAIL
1990-03-13,1990-04-09,DAX,3.0,8.55,TRAIL
1990-04-16,1990-04-19,SP500,1.5,-2.89,TRAIL
1990-04-03,1990-04-26,HANGSENG,3.0,4.76,TRAIL
1990-04-26,1990-04-30,HANGSENG,1.5,-2.89,TRAIL
1990-05-08,1990-06-08,SP500,3.0,14.65,TRAIL
1990-06-05,1990-06-08,DAX,1.5,-4.31,TRAIL
1990-05-23,1990-06-18,RUSSELL2000,3.0,1.64,TRAIL
1990-05-23,1990-06-18,NASDAQ,3.0,2.56,TRAIL
1990-06-11,1990-06-18,SP500,1.5,-1.97,TRAIL
1990-05-17,1990-07-04,FTSE,3.0,9.34,TRAIL
1990-06-20,1990-07-10,DAX,3.0,8.24,TRAIL
1990-06-29,1990-07-10,RUSSELL2000,1.5,-1.27,TRAIL
1990-07-11,1990-07-18,NASDAQ,2.0,-1.34,TRAIL
1990-07-10,1990-07-23,DAX,3.0,5.64,TRAIL
1990-07-13,1990-07-23,SP500,1.5,-4.9,TRAIL
1990-07-16,1990-07-23,FTSE,1.5,-2.92,TRAIL
1990-05-23,1990-07-30,HANGSENG,3.0,41.31,TRAIL
1990-07-23,1990-07-30,DAX,1.5,-2.37,TRAIL
1990-08-01,1990-08-03,HANGSENG,1.5,-4.84,TRAIL
1990-09-11,1990-09-17,HANGSENG,1.5,-3.11,TRAIL
1990-10-23,1990-10-31,HANGSENG,1.5,-4.43,TRAIL
1990-10-31,1990-11-29,HANGSENG,3.0,-1.2,TRAIL
1991-02-20,1991-02-22,NIKKEI,1.5,-1.69,MOM_REV
1991-02-25,1991-02-27,DAX,1.5,-4.86,TRAIL
1991-02-27,1991-03-01,DAX,1.5,-3.16,MOM_REV
1991-02-01,1991-03-12,NASDAQ,3.0,31.39,TRAIL
1991-02-04,1991-03-19,SP500,3.0,15.72,TRAIL
1991-02-05,1991-03-19,RUSSELL2000,3.0,27.74,TRAIL
1991-02-28,1991-03-20,NIKKEI,3.0,0.46,TRAIL
1991-03-12,1991-03-20,DAX,1.5,-3.61,TRAIL
1991-02-08,1991-03-25,FTSE,3.0,24.95,TRAIL
1991-02-06,1991-04-09,HANGSENG,3.0,34.95,TRAIL
1991-03-08,1991-04-09,DXY,3.0,11.51,TRAIL
1991-04-03,1991-04-10,DAX,2.0,-1.51,TRAIL
1991-03-12,1991-04-22,NASDAQ,3.0,21.44,TRAIL
1991-03-19,1991-04-22,RUSSELL2000,3.0,17.55,TRAIL
1991-03-20,1991-04-22,NIKKEI,3.0,-2.41,TRAIL
1991-03-26,1991-04-22,SP500,3.0,3.71,TRAIL
1991-03-27,1991-04-22,FTSE,3.0,3.19,TRAIL
1991-04-09,1991-04-22,HANGSENG,1.5,-6.99,TRAIL
1991-04-12,1991-04-22,DAX,3.0,-0.11,TRAIL
1991-04-22,1991-04-29,NASDAQ,1.5,-2.01,TRAIL
1991-04-22,1991-04-29,SP500,1.5,-2.87,TRAIL
1991-04-10,1991-04-30,DXY,3.0,3.38,TRAIL
1991-04-22,1991-04-30,RUSSELL2000,1.5,-2.66,TRAIL
1991-05-02,1991-05-13,FTSE,1.5,-2.61,TRAIL
1991-04-22,1991-05-14,DAX,3.0,4.0,TRAIL
1991-04-30,1991-05-14,DXY,3.0,-0.82,TRAIL
1991-05-01,1991-05-14,SP500,1.5,-3.42,TRAIL
1991-05-09,1991-05-14,RUSSELL2000,1.5,-2.72,TRAIL
1991-05-09,1991-05-15,NASDAQ,1.5,-5.95,TRAIL
1991-05-10,1991-05-22,HANGSENG,3.0,6.08,TRAIL
1991-05-22,1991-05-24,HANGSENG,1.5,-4.82,TRAIL
1991-05-17,1991-05-28,DXY,1.5,-2.89,TRAIL
1991-05-28,1991-06-07,NASDAQ,3.0,0.83,TRAIL
1991-05-28,1991-06-07,SP500,3.0,-1.97,TRAIL
1991-05-28,1991-06-12,RUSSELL2000,3.0,0.59,TRAIL
1991-05-22,1991-06-13,DAX,3.0,8.8,TRAIL
1991-05-29,1991-06-19,FTSE,3.0,-0.99,TRAIL
1991-06-07,1991-06-19,NASDAQ,1.5,-3.97,TRAIL
1991-06-07,1991-06-19,SP500,1.5,-1.72,TRAIL
1991-06-13,1991-06-19,DAX,2.0,-0.14,TRAIL
1991-06-14,1991-06-19,RUSSELL2000,1.5,-2.28,TRAIL
1991-05-30,1991-06-24,DXY,3.0,9.34,TRAIL
1991-06-21,1991-06-26,DAX,1.5,-2.56,TRAIL
1991-06-24,1991-07-12,DXY,3.0,0.03,TRAIL
1991-07-12,1991-07-24,NASDAQ,1.5,-1.61,TRAIL
1991-07-31,1991-08-09,NIKKEI,1.5,-4.27,TRAIL
1991-06-28,1991-08-19,HANGSENG,3.0,4.42,TRAIL
1991-07-12,1991-08-19,SP500,3.0,-2.98,TRAIL
1991-07-16,1991-08-19,FTSE,3.0,-1.91,TRAIL
1991-07-24,1991-08-19,RUSSELL2000,3.0,-1.78,TRAIL
1991-07-24,1991-08-19,NASDAQ,3.0,6.29,TRAIL
1991-08-07,1991-08-19,DAX,3.0,-23.91,STOP
1991-08-19,1991-08-21,DXY,1.5,-5.02,TRAIL
1991-08-21,1991-09-09,SP500,3.0,-1.55,TRAIL
1991-09-02,1991-09-09,DXY,1.5,-3.82,TRAIL
1991-08-21,1991-09-10,RUSSELL2000,3.0,1.29,TRAIL
1991-08-21,1991-09-10,NASDAQ,3.0,-3.87,TRAIL
1991-08-21,1991-09-10,FTSE,3.0,3.33,TRAIL
1991-08-22,1991-09-10,DAX,3.0,0.61,TRAIL
1991-08-22,1991-09-12,HANGSENG,1.5,-2.78,TRAIL
1991-09-10,1991-09-17,FTSE,1.5,-2.08,TRAIL
1991-09-12,1991-10-03,NASDAQ,3.0,-0.36,TRAIL
1991-09-11,1991-10-04,RUSSELL2000,3.0,3.25,TRAIL
1991-10-01,1991-10-11,HANGSENG,3.0,-0.44,TRAIL
1991-10-14,1991-10-24,RUSSELL2000,3.0,4.0,TRAIL
1991-10-14,1991-10-24,NASDAQ,3.0,1.76,TRAIL
1991-10-15,1991-10-24,SP500,1.5,-2.28,TRAIL
1991-10-18,1991-10-24,FTSE,1.5,-4.2,TRAIL
1991-10-23,1991-10-29,DXY,1.5,-1.87,TRAIL
1991-10-24,1991-11-15,RUSSELL2000,3.0,1.43,TRAIL
1991-10-24,1991-11-15,NASDAQ,3.0,1.44,TRAIL
1991-10-28,1991-11-15,SP500,3.0,-5.31,TRAIL
1991-11-08,1991-11-18,DAX,2.5,-0.7,TRAIL
1991-11-12,1991-11-18,FTSE,1.5,-4.23,TRAIL
1991-10-11,1991-11-28,HANGSENG,3.0,9.53,TRAIL
1991-12-17,1992-01-21,NASDAQ,3.0,36.23,TRAIL
1991-12-17,1992-01-21,SP500,3.0,23.44,TRAIL
1992-01-22,1992-01-31,SP500,1.5,-3.35,TRAIL
1991-12-31,1992-02-07,FTSE,3.0,2.9,TRAIL
1992-01-15,1992-02-14,DAX,3.0,2.25,TRAIL
1992-01-21,1992-02-18,NASDAQ,3.0,10.68,TRAIL
1991-12-24,1992-02-19,RUSSELL2000,3.0,48.14,TRAIL
1992-02-19,1992-02-25,RUSSELL2000,1.5,-0.56,TRAIL
1992-02-20,1992-03-05,NASDAQ,1.5,-2.43,TRAIL
1992-02-20,1992-03-05,SP500,1.5,-2.68,TRAIL
1992-02-26,1992-03-05,RUSSELL2000,1.5,-1.08,TRAIL
1992-02-17,1992-03-11,DAX,3.0,9.14,TRAIL
1992-02-17,1992-03-11,FTSE,2.0,-1.46,TRAIL
1992-03-11,1992-03-23,DAX,1.5,-2.22,TRAIL
1992-03-19,1992-03-26,NASDAQ,1.5,-2.53,TRAIL
1992-03-19,1992-03-27,SP500,1.5,-2.31,TRAIL
1991-12-27,1992-03-31,HANGSENG,3.0,49.72,TRAIL
1992-03-10,1992-04-03,DXY,1.5,-2.71,TRAIL
1992-04-10,1992-04-28,DAX,2.0,-0.24,TRAIL
1992-04-23,1992-05-01,DXY,1.5,-1.93,TRAIL
1992-05-06,1992-05-14,DAX,1.5,-0.9,TRAIL
1992-04-13,1992-05-15,SP500,3.0,2.96,TRAIL
1992-04-13,1992-05-15,FTSE,3.0,10.61,TRAIL
1992-05-07,1992-05-15,NASDAQ,1.5,-3.25,TRAIL
1992-05-07,1992-05-26,RUSSELL2000,1.5,-1.72,TRAIL
1992-05-18,1992-06-03,DAX,3.0,3.84,TRAIL
1992-05-15,1992-06-05,FTSE,2.5,-1.31,TRAIL
1992-05-20,1992-06-08,NASDAQ,3.0,0.89,TRAIL
1992-05-19,1992-06-09,SP500,1.5,-2.27,TRAIL
1992-05-29,1992-06-09,RUSSELL2000,1.5,-1.53,TRAIL
1992-04-16,1992-06-11,HANGSENG,3.0,43.9,TRAIL
1992-06-03,1992-06-15,DAX,1.5,-1.09,TRAIL
1992-06-24,1992-07-07,HANGSENG,3.0,-2.68,TRAIL
1992-07-08,1992-07-20,HANGSENG,3.0,0.23,TRAIL
1992-07-14,1992-07-22,DOW,1.5,-3.61,TRAIL
1992-07-13,1992-07-27,SP500,1.5,-1.2,TRAIL
1992-07-28,1992-08-07,SP500,3.0,0.98,TRAIL
1992-07-28,1992-08-07,DOW,3.0,-0.17,TRAIL
1992-08-07,1992-08-21,SP500,1.5,-1.44,TRAIL
1992-09-14,1992-09-17,DOW,1.5,-2.69,TRAIL
1992-09-10,1992-09-22,SP500,2.0,-1.34,TRAIL
1992-09-18,1992-09-25,DOW,1.5,-3.46,TRAIL
1992-09-18,1992-09-29,HANGSENG,1.5,-2.83,TRAIL
1992-09-24,1992-10-02,SP500,1.5,-2.87,TRAIL
1992-09-17,1992-10-05,FTSE,3.0,-4.54,TRAIL
1992-10-12,1992-10-26,HANGSENG,3.0,17.65,TRAIL
1992-10-26,1992-11-17,HANGSENG,3.0,1.29,TRAIL
1992-11-04,1992-12-07,DXY,3.0,1.08,TRAIL
1992-10-07,1992-12-10,FTSE,3.0,24.96,TRAIL
1992-10-21,1992-12-10,RUSSELL2000,3.0,30.55,TRAIL
1992-10-19,1992-12-11,NASDAQ,3.0,33.07,TRAIL
1992-10-26,1992-12-16,SP500,3.0,9.58,TRAIL
1992-12-10,1992-12-16,RUSSELL2000,1.5,-1.9,TRAIL
1992-12-11,1992-12-28,NIKKEI,3.0,-4.34,TRAIL
1992-12-16,1993-01-05,SP500,3.0,1.96,TRAIL
1992-12-18,1993-01-07,DOW,1.5,-2.01,TRAIL
1992-12-18,1993-01-08,FTSE,3.0,1.02,TRAIL
1993-01-08,1993-01-13,FTSE,1.5,-2.89,TRAIL
1992-12-23,1993-01-20,DXY,3.0,1.65,TRAIL
1992-12-11,1993-01-28,NASDAQ,3.0,17.79,TRAIL
1992-12-17,1993-01-28,RUSSELL2000,3.0,18.18,TRAIL
1993-01-26,1993-01-29,HANGSENG,1.5,-4.36,TRAIL
1993-01-28,1993-02-09,RUSSELL2000,3.0,1.9,TRAIL
1993-01-28,1993-02-09,NASDAQ,3.0,-1.06,TRAIL
1993-01-14,1993-02-16,SP500,3.0,-1.4,TRAIL
1993-02-03,1993-02-16,DOW,3.0,-5.72,TRAIL
1993-02-09,1993-02-16,RUSSELL2000,1.5,-4.87,TRAIL
1993-01-29,1993-02-22,DXY,3.0,0.62,TRAIL
1993-02-02,1993-02-22,NIKKEI,1.5,-3.19,TRAIL
1993-01-26,1993-02-24,FTSE,3.0,-1.98,TRAIL
1993-02-05,1993-02-24,DAX,3.0,1.66,TRAIL
1993-02-15,1993-03-12,HANGSENG,3.0,6.0,TRAIL
1993-02-24,1993-03-12,DAX,3.0,6.5,TRAIL
1993-02-25,1993-03-17,SP500,3.0,4.05,TRAIL
1993-02-26,1993-03-17,FTSE,3.0,2.29,TRAIL
1993-02-26,1993-03-19,DXY,1.5,-1.85,TRAIL
1993-03-11,1993-03-19,RUSSELL2000,1.5,-1.67,TRAIL
1993-03-11,1993-03-19,NASDAQ,1.5,-2.5,TRAIL
1993-03-12,1993-03-19,DAX,1.5,-0.19,TRAIL
1993-03-19,1993-03-24,RUSSELL2000,1.5,-1.92,TRAIL
1993-03-19,1993-03-29,FTSE,1.5,-2.77,TRAIL
1993-02-25,1993-04-02,DOW,3.0,0.51,TRAIL
1993-03-17,1993-04-02,SP500,1.5,-2.32,TRAIL
1993-03-19,1993-04-02,NASDAQ,2.0,-3.77,TRAIL
1993-03-31,1993-04-02,RUSSELL2000,1.5,-2.93,TRAIL
1993-03-09,1993-04-21,NIKKEI,3.0,32.35,TRAIL
1993-04-16,1993-04-22,SP500,1.5,-3.17,TRAIL
1993-04-13,1993-04-23,DOW,2.0,-1.76,TRAIL
1993-04-22,1993-04-23,DAX,1.5,-2.14,TRAIL
1993-04-22,1993-04-26,FTSE,1.5,-3.06,TRAIL
1993-04-21,1993-05-18,NIKKEI,3.0,6.92,TRAIL
1993-05-11,1993-05-20,FTSE,1.5,-1.02,TRAIL
1993-05-12,1993-05-27,DXY,1.5,-1.76,TRAIL
1993-03-26,1993-06-03,HANGSENG,3.0,38.5,TRAIL
1993-05-04,1993-06-07,RUSSELL2000,3.0,7.2,TRAIL
1993-05-04,1993-06-08,NASDAQ,3.0,4.24,TRAIL
1993-05-04,1993-06-08,SP500,3.0,0.45,TRAIL
1993-05-03,1993-06-10,DOW,3.0,3.94,TRAIL
1993-06-07,1993-06-10,RUSSELL2000,1.5,-1.62,TRAIL
1993-05-21,1993-06-14,NIKKEI,3.0,-2.34,TRAIL
1993-06-08,1993-06-21,HANGSENG,1.5,-5.29,TRAIL
1993-06-14,1993-06-22,NASDAQ,1.5,-2.08,TRAIL
1993-06-01,1993-06-30,DAX,3.0,13.9,TRAIL
1993-05-26,1993-07-02,FTSE,3.0,1.14,TRAIL
1993-06-29,1993-07-06,SP500,1.5,-3.08,TRAIL
1993-06-29,1993-07-16,NASDAQ,3.0,-0.57,TRAIL
1993-06-30,1993-07-19,RUSSELL2000,3.0,1.94,TRAIL
1993-07-14,1993-07-23,NIKKEI,1.5,-3.01,TRAIL
1993-06-30,1993-07-28,DAX,3.0,23.15,TRAIL
1993-06-04,1993-08-06,DXY,3.0,11.21,TRAIL
1993-08-11,1993-08-18,DXY,1.5,-2.91,TRAIL
1993-07-28,1993-08-23,DAX,3.0,10.03,TRAIL
1993-08-03,1993-08-23,HANGSENG,3.0,7.35,TRAIL
1993-07-29,1993-08-24,NIKKEI,3.0,-0.37,TRAIL
1993-07-19,1993-09-07,RUSSELL2000,3.0,14.38,TRAIL
1993-07-20,1993-09-07,NASDAQ,3.0,16.01,TRAIL
1993-07-29,1993-09-07,FTSE,3.0,12.44,TRAIL
1993-08-23,1993-09-07,DAX,3.0,-2.33,TRAIL
1993-07-08,1993-09-08,SP500,3.0,5.36,TRAIL
1993-07-08,1993-09-08,DOW,3.0,6.36,TRAIL
1993-09-07,1993-09-08,RUSSELL2000,1.5,-1.9,TRAIL
1993-08-23,1993-09-16,HANGSENG,3.0,1.21,TRAIL
1993-08-26,1993-09-16,NIKKEI,3.0,-1.31,TRAIL
1993-09-10,1993-09-20,SP500,1.5,-2.17,TRAIL
1993-09-10,1993-09-20,DOW,1.5,-1.9,TRAIL
1993-09-20,1993-09-24,DAX,1.5,-2.54,TRAIL
1993-09-07,1993-10-19,NASDAQ,3.0,11.91,TRAIL
1993-09-09,1993-10-19,RUSSELL2000,3.0,13.9,TRAIL
1993-09-27,1993-10-22,SP500,3.0,0.95,TRAIL
1993-09-27,1993-10-26,DAX,3.0,21.05,TRAIL
1993-10-25,1993-10-27,NIKKEI,1.5,-3.48,TRAIL
1993-10-22,1993-11-03,SP500,2.5,-0.13,TRAIL
1993-09-23,1993-11-04,HANGSENG,3.0,64.26,TRAIL
1993-10-04,1993-11-04,FTSE,3.0,7.95,TRAIL
1993-10-18,1993-11-04,DOW,3.0,-1.43,TRAIL
1993-10-19,1993-11-04,RUSSELL2000,3.0,-3.33,TRAIL
1993-10-19,1993-11-04,NASDAQ,3.0,-4.47,TRAIL
1993-10-26,1993-11-04,DAX,2.5,1.02,TRAIL
1993-11-04,1993-11-05,DAX,1.5,-3.17,TRAIL
1993-11-04,1993-11-05,FTSE,1.5,-3.02,TRAIL
1993-11-10,1993-11-17,RUSSELL2000,1.5,-1.9,TRAIL
1993-11-10,1993-11-17,NASDAQ,1.5,-2.73,TRAIL
1993-11-04,1993-11-19,HANGSENG,3.0,1.92,TRAIL
1993-11-15,1993-11-22,DAX,2.5,-3.28,TRAIL
1993-10-04,1993-12-06,DXY,3.0,8.54,TRAIL
1993-12-06,1993-12-13,RUSSELL2000,1.5,-1.03,TRAIL
1993-12-06,1993-12-13,NASDAQ,1.5,-2.21,TRAIL
1993-11-25,1993-12-14,DAX,3.0,10.24,TRAIL
1993-11-10,1993-12-15,DOW,3.0,4.37,TRAIL
1993-12-03,1993-12-15,SP500,1.5,-0.98,TRAIL
1993-12-14,1993-12-23,DXY,1.5,-1.77,TRAIL
1993-12-17,1994-01-03,SP500,1.5,-0.3,TRAIL
1993-11-30,1994-01-05,FTSE,3.0,20.11,TRAIL
1993-12-06,1994-01-06,HANGSENG,3.0,55.4,TRAIL
1993-12-14,1994-01-12,DAX,3.0,7.61,TRAIL
1994-01-06,1994-01-12,HANGSENG,1.5,-8.85,STOP
1994-01-05,1994-01-13,FTSE,2.5,-1.42,TRAIL
1993-12-29,1994-01-27,DXY,1.5,-1.56,TRAIL
1993-12-15,1994-02-04,DOW,3.0,12.47,TRAIL
1993-12-20,1994-02-04,NASDAQ,3.0,6.76,TRAIL
1993-12-27,1994-02-04,RUSSELL2000,3.0,10.98,TRAIL
1994-01-04,1994-02-04,SP500,3.0,1.88,TRAIL
1994-01-14,1994-02-07,FTSE,3.0,1.63,TRAIL
1994-01-19,1994-02-07,HANGSENG,3.0,1.33,TRAIL
1994-01-31,1994-02-14,NIKKEI,1.5,-5.71,TRAIL
1994-02-07,1994-02-14,DXY,1.5,-2.69,TRAIL
1994-02-07,1994-02-16,HANGSENG,1.5,-10.25,STOP
1994-02-07,1994-02-24,DOW,1.5,-2.55,TRAIL
1994-02-15,1994-02-24,DAX,1.5,-3.37,TRAIL
1994-02-08,1994-03-24,RUSSELL2000,3.0,4.19,TRAIL
1994-02-17,1994-03-24,NASDAQ,3.0,-1.35,TRAIL
1994-03-22,1994-03-25,SP500,1.5,-2.63,TRAIL
1994-03-24,1994-03-28,RUSSELL2000,1.5,-2.56,TRAIL
1994-04-05,1994-04-20,DXY,1.5,-2.02,TRAIL
1994-03-08,1994-05-09,DAX,3.0,13.17,TRAIL
1994-05-02,1994-05-09,DOW,1.5,-2.92,TRAIL
1994-05-10,1994-05-24,DAX,2.5,-5.95,TRAIL
1994-05-10,1994-05-25,FTSE,1.5,-5.53,TRAIL
1994-05-20,1994-06-07,HANGSENG,1.5,-5.98,TRAIL
1994-05-17,1994-06-20,DOW,3.0,1.72,TRAIL
1994-06-15,1994-06-20,RUSSELL2000,1.5,-2.5,TRAIL
1994-06-16,1994-06-20,SP500,1.5,-2.09,TRAIL
1994-05-06,1994-06-21,NIKKEI,3.0,14.36,TRAIL
1994-07-21,1994-07-27,NIKKEI,1.5,-3.53,TRAIL
1994-07-19,1994-08-12,DAX,3.0,0.55,TRAIL
1994-08-02,1994-08-22,NIKKEI,1.5,-1.93,TRAIL
1994-08-17,1994-08-22,DAX,1.5,-3.68,TRAIL
1994-08-26,1994-09-06,DAX,2.0,-2.97,TRAIL
1994-09-01,1994-09-07,NIKKEI,1.5,-4.5,TRAIL
1994-08-25,1994-09-09,SP500,3.0,0.06,TRAIL
1994-09-07,1994-09-14,DAX,1.5,-3.43,TRAIL
1994-09-02,1994-09-19,HANGSENG,3.0,-3.04,TRAIL
1994-09-15,1994-09-20,SP500,1.5,-3.62,TRAIL
1994-08-26,1994-09-21,DOW,3.0,-2.28,TRAIL
1994-09-19,1994-09-30,HANGSENG,1.5,-4.29,TRAIL
1994-10-11,1994-10-24,DOW,3.0,-1.67,TRAIL
1994-10-19,1994-10-24,SP500,1.5,-3.01,TRAIL
1994-10-11,1994-10-25,NASDAQ,1.5,-1.43,TRAIL
1994-10-12,1994-10-25,NIKKEI,1.5,-2.67,TRAIL
1994-10-28,1994-11-02,DOW,1.5,-3.57,TRAIL
1994-10-27,1994-11-04,SP500,2.0,-1.53,TRAIL
1994-10-26,1994-11-07,NASDAQ,3.0,-0.37,TRAIL
1994-10-28,1994-11-07,RUSSELL2000,1.5,-1.86,TRAIL
1994-10-31,1994-11-07,NIKKEI,1.5,-2.78,TRAIL
1994-11-01,1994-11-21,HANGSENG,1.5,-4.23,TRAIL
1994-11-14,1994-11-21,NASDAQ,1.5,-2.03,TRAIL
1994-10-31,1994-11-22,FTSE,3.0,-1.81,TRAIL
1994-12-19,1994-12-28,DXY,1.5,-2.01,TRAIL
1994-12-21,1995-01-03,DAX,1.5,-1.9,TRAIL
1994-12-22,1995-01-05,FTSE,1.5,-2.88,TRAIL
1994-12-21,1995-01-20,DOW,3.0,5.34,TRAIL
1994-12-22,1995-01-20,RUSSELL2000,3.0,7.43,TRAIL
1995-01-03,1995-01-20,DAX,1.5,-1.31,TRAIL
1995-01-05,1995-01-20,FTSE,2.0,-2.46,TRAIL
1994-12-23,1995-01-23,NASDAQ,3.0,7.0,TRAIL
1995-01-20,1995-01-30,RUSSELL2000,1.5,-1.85,TRAIL
1995-02-03,1995-02-17,RUSSELL2000,3.0,4.7,TRAIL
1995-01-23,1995-02-21,NASDAQ,3.0,9.92,TRAIL
1995-02-17,1995-03-06,DAX,1.5,-3.49,TRAIL
1995-02-17,1995-04-19,RUSSELL2000,3.0,6.94,TRAIL
1995-02-21,1995-04-19,NASDAQ,3.0,12.21,TRAIL
1994-12-21,1995-05-18,SP500,3.0,39.14,TRAIL
1995-01-20,1995-05-18,DOW,3.0,36.53,TRAIL
1995-03-16,1995-05-19,FTSE,3.0,16.18,TRAIL
1995-04-25,1995-05-19,DAX,3.0,8.5,TRAIL
1995-04-20,1995-05-30,RUSSELL2000,3.0,9.07,TRAIL
1995-04-21,1995-05-30,NASDAQ,3.0,12.85,TRAIL
1995-05-29,1995-06-12,HANGSENG,3.0,-6.27,TRAIL
1995-05-19,1995-06-26,FTSE,3.0,4.43,TRAIL
1995-05-31,1995-06-26,RUSSELL2000,3.0,12.28,TRAIL
1995-05-18,1995-06-27,SP500,3.0,13.19,TRAIL
1995-05-31,1995-06-27,NASDAQ,3.0,19.08,TRAIL
1995-05-23,1995-06-28,DAX,3.0,1.12,TRAIL
1995-06-14,1995-07-03,HANGSENG,1.5,-3.63,TRAIL
1995-05-22,1995-07-19,DOW,3.0,15.92,TRAIL
1995-06-26,1995-07-19,RUSSELL2000,3.0,6.14,TRAIL
1995-06-27,1995-07-19,NASDAQ,3.0,10.87,TRAIL
1995-06-27,1995-07-19,SP500,3.0,4.73,TRAIL
1995-07-07,1995-07-19,HANGSENG,2.0,-4.43,TRAIL
1995-07-19,1995-08-10,HANGSENG,1.5,-4.4,TRAIL
1995-07-20,1995-08-10,SP500,3.0,2.12,TRAIL
1995-07-20,1995-08-10,DOW,3.0,0.14,TRAIL
1995-07-05,1995-08-14,FTSE,3.0,4.11,TRAIL
1995-07-07,1995-08-14,DAX,3.0,6.61,TRAIL
1995-07-20,1995-08-28,NASDAQ,3.0,14.86,TRAIL
1995-07-20,1995-08-29,RUSSELL2000,3.0,12.52,TRAIL
1995-08-16,1995-08-31,FTSE,3.0,1.1,TRAIL
1995-08-16,1995-09-21,NIKKEI,3.0,-2.05,TRAIL
1995-08-16,1995-09-21,DXY,2.5,-7.03,TRAIL
1995-09-08,1995-09-21,HANGSENG,3.0,4.57,TRAIL
1995-08-15,1995-09-22,DAX,3.0,-4.33,TRAIL
1995-08-29,1995-09-22,RUSSELL2000,3.0,10.5,TRAIL
1995-09-01,1995-09-22,FTSE,3.0,0.46,TRAIL
1995-08-30,1995-09-25,NASDAQ,3.0,9.94,TRAIL
1995-09-22,1995-09-27,RUSSELL2000,1.5,-2.98,TRAIL
1995-09-25,1995-10-04,NASDAQ,1.5,-6.29,TRAIL
1995-08-16,1995-10-09,SP500,3.0,9.86,TRAIL
1995-09-21,1995-10-10,HANGSENG,3.0,6.12,TRAIL
1995-10-04,1995-10-10,FTSE,1.5,-3.56,TRAIL
1995-09-27,1995-10-13,NIKKEI,2.0,-4.18,TRAIL
1995-10-10,1995-10-24,HANGSENG,3.0,1.38,TRAIL
1995-10-12,1995-10-25,SP500,2.0,-0.22,TRAIL
1995-09-08,1995-10-26,DOW,3.0,0.2,TRAIL
1995-10-13,1995-10-26,FTSE,1.5,-2.03,TRAIL
1995-10-23,1995-10-27,NIKKEI,1.5,-6.77,TRAIL
1995-10-25,1995-11-08,HANGSENG,1.5,-4.25,TRAIL
1995-10-31,1995-11-20,NASDAQ,3.0,-1.91,TRAIL
1995-11-28,1995-12-14,NASDAQ,3.0,-3.39,TRAIL
1995-11-01,1995-12-18,SP500,3.0,11.6,TRAIL
1995-11-01,1995-12-18,DOW,3.0,19.42,TRAIL
1995-11-02,1995-12-18,RUSSELL2000,3.0,2.72,TRAIL
1995-11-07,1995-12-18,DAX,3.0,9.1,TRAIL
1995-11-08,1995-12-18,FTSE,3.0,5.0,TRAIL
1995-11-30,1995-12-19,HANGSENG,3.0,-3.28,TRAIL
1995-11-03,1995-12-26,DXY,3.0,1.14,TRAIL
1995-12-20,1996-01-04,RUSSELL2000,3.0,1.88,TRAIL
1995-12-26,1996-01-04,NASDAQ,1.5,-2.79,TRAIL
1995-12-19,1996-01-09,SP500,3.0,-1.22,TRAIL
1996-01-02,1996-01-10,DOW,1.5,-4.19,TRAIL
1995-12-22,1996-01-11,FTSE,3.0,-0.28,TRAIL
1995-11-16,1996-01-23,NIKKEI,3.0,35.81,TRAIL
1995-12-20,1996-02-05,DAX,3.0,19.68,TRAIL
1996-01-03,1996-02-05,DXY,3.0,3.95,TRAIL
1996-01-16,1996-02-07,FTSE,3.0,1.25,TRAIL
1995-12-20,1996-02-13,HANGSENG,3.0,40.16,TRAIL
1996-01-22,1996-02-16,SP500,3.0,16.91,TRAIL
1996-02-05,1996-02-19,DAX,1.5,-1.81,TRAIL
1996-02-07,1996-02-19,DXY,1.5,-1.97,TRAIL
1996-01-18,1996-02-20,DOW,3.0,19.56,TRAIL
1996-02-13,1996-02-20,FTSE,1.5,-1.32,TRAIL
1996-01-24,1996-02-21,NIKKEI,3.0,0.88,TRAIL
1996-02-13,1996-02-26,HANGSENG,3.0,0.27,TRAIL
1996-02-16,1996-02-29,SP500,2.5,-2.91,TRAIL
1996-02-20,1996-02-29,DOW,3.0,1.49,TRAIL
1996-01-22,1996-03-01,NASDAQ,3.0,16.51,TRAIL
1996-02-01,1996-03-08,RUSSELL2000,3.0,1.79,TRAIL
1996-03-01,1996-03-08,DOW,3.0,-3.58,TRAIL
1996-03-04,1996-03-08,SP500,1.5,-3.99,TRAIL
1996-03-05,1996-03-08,NASDAQ,1.5,-4.52,TRAIL
1996-03-05,1996-03-08,FTSE,1.5,-2.65,TRAIL
1996-02-23,1996-03-11,DAX,3.0,-3.65,TRAIL
1996-03-05,1996-03-11,HANGSENG,1.5,-13.84,STOP
1996-03-15,1996-03-25,NASDAQ,2.5,-2.84,TRAIL
1996-03-14,1996-04-08,RUSSELL2000,3.0,5.2,TRAIL
1996-03-11,1996-04-09,DOW,3.0,-1.11,TRAIL
1996-03-18,1996-04-09,SP500,1.5,-2.4,TRAIL
1996-04-15,1996-04-25,HANGSENG,1.5,-2.69,TRAIL
1996-03-15,1996-04-30,DAX,3.0,4.23,TRAIL
1996-03-21,1996-05-01,NIKKEI,3.0,15.74,TRAIL
1996-04-09,1996-05-01,FTSE,3.0,3.78,TRAIL
1996-04-08,1996-05-02,RUSSELL2000,3.0,13.82,TRAIL
1996-04-16,1996-05-02,DOW,1.5,-3.25,TRAIL
1996-04-23,1996-05-02,SP500,1.5,-1.89,TRAIL
1996-05-01,1996-05-07,FTSE,1.5,-3.27,TRAIL
1996-03-05,1996-05-08,DXY,3.0,4.03,TRAIL
1996-03-29,1996-05-29,NASDAQ,3.0,33.84,TRAIL
1996-05-02,1996-05-29,RUSSELL2000,3.0,11.42,TRAIL
1996-05-10,1996-05-30,DXY,3.0,1.13,TRAIL
1996-05-13,1996-05-31,DOW,3.0,3.26,TRAIL
1996-05-29,1996-06-07,RUSSELL2000,2.0,-0.15,TRAIL
1996-06-06,1996-06-07,FTSE,1.5,-2.13,TRAIL
1996-05-20,1996-06-11,HANGSENG,3.0,0.16,TRAIL
1996-05-29,1996-06-13,NASDAQ,3.0,0.0,TRAIL
1996-05-10,1996-06-17,SP500,3.0,6.01,TRAIL
1996-06-07,1996-06-18,DXY,1.5,-1.8,TRAIL
1996-06-12,1996-06-24,FTSE,1.5,-2.32,TRAIL
1996-05-15,1996-07-05,NIKKEI,3.0,2.4,TRAIL
1996-05-31,1996-07-05,DOW,3.0,-2.93,TRAIL
1996-06-27,1996-07-05,SP500,2.0,-3.32,TRAIL
1996-06-26,1996-07-08,HANGSENG,2.5,-3.84,TRAIL
1996-05-14,1996-07-15,DAX,3.0,0.15,TRAIL
1996-07-04,1996-07-15,FTSE,1.5,-2.48,TRAIL
1996-08-13,1996-08-21,DAX,1.5,-0.66,TRAIL
1996-08-20,1996-08-28,NIKKEI,1.5,-2.96,TRAIL
1996-08-05,1996-08-29,SP500,2.5,-1.07,TRAIL
1996-08-05,1996-08-30,DOW,2.0,-2.05,TRAIL
1996-08-05,1996-08-30,FTSE,3.0,6.28,TRAIL
1996-08-19,1996-08-30,HANGSENG,3.0,-1.46,TRAIL
1996-08-09,1996-09-05,RUSSELL2000,3.0,3.8,TRAIL
1996-08-09,1996-09-05,NASDAQ,2.5,-2.55,TRAIL
1996-08-30,1996-09-23,FTSE,3.0,4.04,TRAIL
1996-09-17,1996-10-08,NIKKEI,2.5,-3.19,TRAIL
1996-08-14,1996-10-22,DXY,3.0,3.43,TRAIL
1996-09-05,1996-10-22,RUSSELL2000,3.0,10.16,TRAIL
1996-09-09,1996-10-22,NASDAQ,3.0,18.62,TRAIL
1996-08-21,1996-10-23,DAX,3.0,17.1,TRAIL
1996-09-23,1996-10-24,FTSE,3.0,6.1,TRAIL
1996-09-09,1996-10-28,SP500,3.0,15.14,TRAIL
1996-09-09,1996-10-28,DOW,3.0,12.5,TRAIL
1996-09-10,1996-10-29,HANGSENG,3.0,25.89,TRAIL
1996-10-29,1996-12-06,DOW,3.0,18.72,TRAIL
1996-10-30,1996-12-06,HANGSENG,3.0,16.86,TRAIL
1996-10-31,1996-12-06,SP500,3.0,14.6,TRAIL
1996-11-22,1996-12-06,FTSE,2.5,-3.47,TRAIL
1996-12-09,1996-12-12,SP500,1.5,-4.09,TRAIL
1996-12-09,1996-12-12,DOW,1.5,-3.72,TRAIL
1996-12-05,1996-12-13,RUSSELL2000,1.5,-2.03,TRAIL
1996-12-10,1996-12-13,HANGSENG,1.5,-6.28,TRAIL
1996-11-06,1996-12-16,NASDAQ,3.0,3.73,TRAIL
1996-10-28,1997-01-02,DAX,3.0,13.04,TRAIL
1996-12-19,1997-01-02,SP500,3.0,-3.52,TRAIL
1996-12-09,1997-01-10,FTSE,3.0,3.37,TRAIL
1996-12-19,1997-01-24,DOW,3.0,10.33,TRAIL
1996-12-23,1997-01-24,HANGSENG,3.0,1.08,TRAIL
1996-12-13,1997-01-27,RUSSELL2000,3.0,9.61,TRAIL
1996-12-19,1997-01-27,NASDAQ,3.0,13.18,TRAIL
1997-01-06,1997-01-27,SP500,3.0,6.97,TRAIL
1997-01-27,1997-02-10,NASDAQ,3.0,-3.87,TRAIL
1997-01-28,1997-02-10,RUSSELL2000,1.5,-0.95,TRAIL
1997-02-04,1997-02-13,HANGSENG,1.5,-3.41,TRAIL
1997-02-13,1997-02-21,NASDAQ,1.5,-3.99,TRAIL
1997-02-13,1997-02-26,RUSSELL2000,1.5,-1.76,TRAIL
1997-01-27,1997-02-27,SP500,3.0,11.78,TRAIL
1997-01-24,1997-02-28,DOW,3.0,8.12,TRAIL
1997-02-26,1997-03-12,HANGSENG,1.5,-4.68,TRAIL
1997-03-03,1997-03-13,DOW,3.0,-1.74,TRAIL
1997-03-05,1997-03-13,SP500,2.5,-3.87,TRAIL
1997-03-10,1997-03-13,RUSSELL2000,1.5,-2.87,TRAIL
1997-01-13,1997-03-17,FTSE,3.0,19.43,TRAIL
1996-12-02,1997-03-18,DXY,3.0,21.6,TRAIL
1997-01-03,1997-03-18,DAX,3.0,44.67,TRAIL
1997-03-17,1997-03-20,FTSE,1.5,-3.95,TRAIL
1997-03-20,1997-04-01,DXY,1.5,-2.52,TRAIL
1997-03-25,1997-04-01,DAX,1.5,-4.15,TRAIL
1997-04-07,1997-05-08,DXY,3.0,-0.66,TRAIL
1997-04-22,1997-06-02,FTSE,3.0,14.96,TRAIL
1997-04-22,1997-06-10,HANGSENG,3.0,44.32,TRAIL
1997-06-06,1997-06-18,FTSE,3.0,0.78,TRAIL
1997-04-22,1997-06-23,DOW,3.0,33.83,TRAIL
1997-04-29,1997-06-23,SP500,3.0,31.95,TRAIL
1997-04-30,1997-06-23,RUSSELL2000,3.0,41.83,TRAIL
1997-06-13,1997-07-03,NIKKEI,1.5,-2.97,TRAIL
1997-06-20,1997-07-07,USDJPY,1.5,-3.22,TRAIL
1997-04-29,1997-07-21,NASDAQ,3.0,70.88,TRAIL
1997-06-23,1997-07-21,RUSSELL2000,3.0,9.69,TRAIL
1997-07-01,1997-07-21,FTSE,3.0,4.91,TRAIL
1997-07-17,1997-08-01,NIKKEI,1.5,-5.23,TRAIL
1997-06-12,1997-08-08,DXY,3.0,13.57,TRAIL
1997-06-23,1997-08-08,SP500,3.0,18.75,TRAIL
1997-07-21,1997-08-08,RUSSELL2000,3.0,7.99,TRAIL
1997-07-29,1997-08-08,USDJPY,1.5,-4.71,TRAIL
1997-07-21,1997-08-11,NASDAQ,3.0,9.86,TRAIL
1997-06-23,1997-08-12,DOW,3.0,14.06,TRAIL
1997-04-15,1997-08-13,DAX,3.0,77.27,TRAIL
1997-06-10,1997-08-15,HANGSENG,3.0,34.43,TRAIL
1997-07-21,1997-08-15,FTSE,3.0,3.75,TRAIL
1997-08-08,1997-08-26,DXY,1.5,-2.16,TRAIL
1997-08-11,1997-08-28,NASDAQ,2.5,-0.85,TRAIL
1997-08-20,1997-08-28,SP500,1.5,-5.7,TRAIL
1997-08-20,1997-08-29,FTSE,1.5,-4.26,TRAIL
1997-09-04,1997-09-09,USDJPY,1.5,-2.94,TRAIL
1997-09-02,1997-09-11,FTSE,1.5,-2.95,TRAIL
1997-09-30,1997-10-09,HANGSENG,1.5,-7.74,STOP
1997-08-08,1997-10-16,RUSSELL2000,3.0,31.12,TRAIL
1997-09-02,1997-10-16,NASDAQ,3.0,15.12,TRAIL
1997-09-09,1997-10-16,SP500,3.0,6.95,TRAIL
1997-09-16,1997-10-16,DOW,3.0,1.63,TRAIL
1997-09-22,1997-10-16,DAX,3.0,3.89,TRAIL
1997-10-16,1997-10-17,RUSSELL2000,1.5,-2.58,TRAIL
1997-09-16,1997-10-22,FTSE,3.0,10.39,TRAIL
1997-10-21,1997-10-23,RUSSELL2000,1.5,-3.13,TRAIL
1997-10-21,1997-10-24,NASDAQ,1.5,-5.4,TRAIL
1997-10-21,1997-10-24,SP500,1.5,-4.73,TRAIL
1997-10-21,1997-10-24,DOW,1.5,-6.42,TRAIL
1997-10-24,1997-10-28,DXY,1.5,-2.58,TRAIL
1997-12-01,1997-12-10,RUSSELL2000,2.0,-0.62,TRAIL
1997-12-01,1997-12-10,NASDAQ,2.0,-4.18,TRAIL
1997-11-17,1997-12-11,SP500,3.0,2.77,TRAIL
1997-11-21,1997-12-11,DOW,3.0,-1.22,TRAIL
1997-11-26,1997-12-11,DAX,3.0,6.86,TRAIL
1997-11-05,1997-12-17,USDJPY,3.0,9.77,TRAIL
1997-11-25,1997-12-19,FTSE,3.0,9.67,TRAIL
1997-12-15,1997-12-23,SP500,1.5,-3.78,TRAIL
1997-12-15,1997-12-23,DOW,1.5,-4.37,TRAIL
1997-12-30,1998-01-08,RUSSELL2000,1.5,-2.87,TRAIL
1997-12-30,1998-01-09,SP500,1.5,-6.67,TRAIL
1997-12-30,1998-01-09,DOW,1.5,-6.36,TRAIL
1997-12-11,1998-01-12,DAX,3.0,8.81,TRAIL
1997-12-29,1998-01-12,FTSE,3.0,-2.56,TRAIL
1997-12-19,1998-01-14,USDJPY,3.0,3.69,TRAIL
1997-11-25,1998-01-22,DXY,3.0,7.81,TRAIL
1998-01-16,1998-03-05,RUSSELL2000,3.0,21.52,TRAIL
1998-01-16,1998-03-05,NASDAQ,3.0,28.61,TRAIL
1998-02-20,1998-03-26,DXY,1.5,-0.82,TRAIL
1998-03-05,1998-04-07,RUSSELL2000,3.0,12.04,TRAIL
1998-03-06,1998-04-07,NASDAQ,3.0,7.74,TRAIL
1998-03-27,1998-04-08,DXY,3.0,-0.63,TRAIL
1998-02-20,1998-04-09,USDJPY,3.0,7.67,TRAIL
1998-01-15,1998-04-17,FTSE,3.0,43.93,TRAIL
1998-01-19,1998-04-24,DAX,3.0,59.75,TRAIL
1998-04-09,1998-04-24,RUSSELL2000,3.0,0.17,TRAIL
1998-04-09,1998-04-24,NASDAQ,3.0,8.03,TRAIL
1998-01-14,1998-04-27,SP500,3.0,40.27,TRAIL
1998-02-06,1998-04-27,DOW,3.0,26.67,TRAIL
1998-04-30,1998-05-14,RUSSELL2000,1.5,-2.28,TRAIL
1998-04-24,1998-05-18,NASDAQ,1.5,-3.0,TRAIL
1998-05-01,1998-05-18,FTSE,1.5,-4.59,TRAIL
1998-05-13,1998-05-21,DXY,1.5,-1.05,TRAIL
1998-04-30,1998-05-26,DOW,3.0,-3.3,TRAIL
1998-05-01,1998-05-26,SP500,1.5,-3.61,TRAIL
1998-05-21,1998-05-27,NIKKEI,1.5,-1.71,MOM_REV
1998-05-22,1998-06-11,FTSE,2.5,-4.33,TRAIL
1998-05-04,1998-06-15,DAX,3.0,13.68,TRAIL
1998-06-05,1998-06-15,SP500,1.5,-4.96,TRAIL
1998-06-08,1998-06-15,DOW,1.5,-7.3,TRAIL
1998-04-09,1998-06-17,USDJPY,3.0,12.92,TRAIL
1998-05-26,1998-06-17,DXY,3.0,0.93,TRAIL
1998-06-18,1998-07-16,DXY,3.0,0.87,TRAIL
1998-07-16,1998-07-20,HANGSENG,1.5,-1.63,MOM_REV
1998-06-30,1998-07-21,RUSSELL2000,3.0,-0.82,TRAIL
1998-07-01,1998-07-21,PLATINUM,3.0,13.36,TRAIL
1998-06-26,1998-07-22,FTSE,3.0,5.73,TRAIL
1998-06-29,1998-07-22,DOW,3.0,4.39,TRAIL
1998-06-17,1998-07-23,SP500,3.0,8.84,TRAIL
1998-06-23,1998-07-23,NASDAQ,3.0,14.74,TRAIL
1998-06-30,1998-07-23,NIKKEI,3.0,6.78,TRAIL
1998-06-15,1998-07-27,DAX,3.0,14.68,TRAIL
1998-07-21,1998-07-27,PLATINUM,1.5,-4.46,TRAIL
1998-07-22,1998-08-03,DOW,1.5,-5.62,TRAIL
1998-06-24,1998-08-19,USDJPY,3.0,5.22,TRAIL
1998-08-11,1998-08-28,DXY,1.5,-2.29,TRAIL
1998-10-02,1998-10-06,USDJPY,1.5,-5.82,TRAIL
1998-11-04,1998-11-09,HANGSENG,1.5,-9.37,STOP
1998-11-03,1998-11-30,SP500,3.0,14.26,TRAIL
1998-11-20,1998-11-30,DOW,3.0,-1.41,TRAIL
1998-11-11,1998-12-01,HANGSENG,3.0,-4.78,TRAIL
1998-11-30,1998-12-10,DOW,1.5,-4.52,TRAIL
1998-11-30,1998-12-14,SP500,3.0,-5.78,TRAIL
1998-12-07,1998-12-14,HANGSENG,1.5,-8.68,STOP
1998-12-21,1999-01-04,HANGSENG,1.5,-8.47,STOP
1998-12-29,1999-01-05,PLATINUM,2.0,-0.22,MOM_REV
1998-12-21,1999-01-13,FTSE,3.0,-1.35,TRAIL
1998-12-30,1999-01-13,DOW,3.0,2.42,TRAIL
1998-11-06,1999-01-14,NASDAQ,3.0,67.91,TRAIL
1998-12-17,1999-01-14,SP500,3.0,8.19,TRAIL
1999-01-06,1999-01-14,HANGSENG,2.5,-1.24,TRAIL
1999-01-18,1999-01-22,HANGSENG,1.5,-9.57,STOP
1999-01-14,1999-02-05,NASDAQ,3.0,12.75,TRAIL
1999-02-01,1999-02-05,RUSSELL2000,1.5,-4.7,TRAIL
1999-01-15,1999-02-09,SP500,3.0,-6.54,TRAIL
1999-01-21,1999-02-10,FTSE,1.5,-6.28,TRAIL
1999-02-08,1999-02-17,NASDAQ,1.5,-9.73,STOP
1999-02-12,1999-03-01,FTSE,3.0,5.56,TRAIL
1999-02-18,1999-03-10,PLATINUM,3.0,-5.9,TRAIL
1999-02-26,1999-03-11,DXY,3.0,-0.67,TRAIL
1999-03-01,1999-03-17,FTSE,3.0,3.94,TRAIL
1999-03-12,1999-03-22,RUSSELL2000,1.5,-1.95,TRAIL
1999-01-13,1999-03-23,DOW,3.0,10.34,TRAIL
1999-02-11,1999-03-23,SP500,3.0,1.94,TRAIL
1999-03-09,1999-03-23,NASDAQ,3.0,-8.79,TRAIL
1999-03-05,1999-03-24,NIKKEI,3.0,12.52,TRAIL
1999-03-12,1999-03-24,DAX,2.5,-11.61,TRAIL
1999-04-07,1999-04-16,USDJPY,1.5,-4.67,TRAIL
1999-03-25,1999-04-19,NASDAQ,3.0,-10.99,TRAIL
1999-03-25,1999-04-19,SP500,3.0,-0.12,TRAIL
1999-03-29,1999-04-21,FTSE,3.0,2.79,TRAIL
1999-04-22,1999-05-04,NASDAQ,2.5,-7.47,TRAIL
1999-03-12,1999-05-06,DXY,3.0,0.91,TRAIL
1999-04-22,1999-05-07,FTSE,3.0,-2.69,TRAIL
1999-03-24,1999-05-11,NIKKEI,3.0,23.74,TRAIL
1999-02-26,1999-05-14,HANGSENG,3.0,91.2,TRAIL
1999-04-06,1999-05-14,DAX,3.0,9.63,TRAIL
1999-05-12,1999-05-18,NIKKEI,1.5,-5.03,TRAIL
1999-03-23,1999-05-24,DOW,3.0,30.49,TRAIL
1999-04-21,1999-05-24,SP500,3.0,-6.62,TRAIL
1999-05-12,1999-05-24,NASDAQ,1.5,-8.8,STOP
1999-03-29,1999-05-25,RUSSELL2000,3.0,26.03,TRAIL
1999-05-11,1999-05-27,USDJPY,3.0,-1.12,TRAIL
1999-05-12,1999-06-10,DXY,3.0,2.62,TRAIL
1999-06-04,1999-06-10,USDJPY,1.5,-4.35,TRAIL
1999-06-04,1999-06-14,RUSSELL2000,1.5,-3.66,TRAIL
1999-06-07,1999-06-14,NASDAQ,1.5,-7.48,TRAIL
1999-05-06,1999-06-15,PLATINUM,3.0,-1.26,TRAIL
1999-06-07,1999-06-24,FTSE,3.0,0.22,TRAIL
1999-06-17,1999-06-24,DOW,1.5,-4.24,TRAIL
1999-06-09,1999-07-14,HANGSENG,3.0,16.34,TRAIL
1999-06-25,1999-07-14,USDJPY,2.0,-0.71,TRAIL
1999-06-14,1999-07-19,DXY,3.0,2.38,TRAIL
1999-06-07,1999-07-20,SP500,3.0,9.57,TRAIL
1999-06-17,1999-07-20,RUSSELL2000,3.0,6.88,TRAIL
1999-06-21,1999-07-20,NASDAQ,3.0,11.62,TRAIL
1999-06-24,1999-07-20,XLK,3.0,21.93,TRAIL
1999-06-24,1999-07-20,FTSE,3.0,-1.15,TRAIL
1999-07-01,1999-07-20,XLE,3.0,-0.17,TRAIL
1999-06-11,1999-07-21,DAX,3.0,6.69,TRAIL
1999-06-28,1999-07-21,XLF,3.0,0.92,TRAIL
1999-06-10,1999-07-22,NIKKEI,3.0,11.01,TRAIL
1999-06-28,1999-07-22,XLV,3.0,3.92,TRAIL
1999-06-29,1999-07-22,DOW,3.0,4.27,TRAIL
1999-07-20,1999-07-26,NASDAQ,1.5,-6.2,TRAIL
1999-07-20,1999-07-26,SP500,1.5,-3.2,TRAIL
1999-07-20,1999-07-26,XLK,1.5,-6.32,TRAIL
1999-07-20,1999-07-28,PLATINUM,1.5,-5.85,TRAIL
1999-07-21,1999-08-26,XLE,3.0,3.61,TRAIL
1999-08-20,1999-08-26,NIKKEI,1.5,-3.58,TRAIL
1999-08-23,1999-08-27,XLF,1.5,-6.65,TRAIL
1999-08-20,1999-08-30,DOW,3.0,-5.04,TRAIL
1999-08-23,1999-08-30,SP500,1.5,-3.99,TRAIL
1999-08-23,1999-09-02,FTSE,1.5,-3.0,TRAIL
1999-08-24,1999-09-02,DAX,2.5,-6.3,TRAIL
1999-08-25,1999-09-02,DXY,1.5,-3.05,TRAIL
1999-09-03,1999-09-13,FTSE,1.5,-3.87,TRAIL
1999-09-09,1999-09-15,XLE,1.5,-6.54,TRAIL
1999-08-30,1999-09-16,NIKKEI,1.5,-5.25,TRAIL
1999-09-03,1999-09-16,RUSSELL2000,2.0,-2.62,TRAIL
1999-09-03,1999-09-16,DOW,1.5,-4.62,TRAIL
1999-09-01,1999-09-21,SP500,3.0,-5.29,TRAIL
1999-09-03,1999-09-21,DAX,3.0,-3.01,TRAIL
1999-08-20,1999-09-22,HANGSENG,3.0,-8.38,TRAIL
1999-08-23,1999-09-23,NASDAQ,3.0,3.34,TRAIL
1999-08-23,1999-09-23,XLK,3.0,0.11,TRAIL
1999-09-07,1999-09-23,XLV,1.5,-6.17,TRAIL
1999-09-10,1999-09-28,DXY,1.5,-2.73,TRAIL
1999-10-06,1999-10-13,NASDAQ,2.0,-3.92,TRAIL
1999-10-07,1999-10-14,DAX,1.5,-5.51,TRAIL
1999-10-01,1999-10-18,NIKKEI,3.0,-7.41,TRAIL
1999-09-13,1999-10-26,PLATINUM,3.0,32.21,TRAIL
1999-10-22,1999-10-26,XLE,1.5,-5.86,TRAIL
1999-11-10,1999-11-19,PLATINUM,1.5,-8.01,STOP
1999-11-11,1999-11-23,XLE,3.0,-4.06,TRAIL
1999-11-12,1999-11-23,XLF,2.0,-6.51,TRAIL
1999-11-15,1999-11-23,XLV,1.5,-3.45,TRAIL
1999-10-28,1999-11-30,SP500,3.0,10.38,TRAIL
1999-11-03,1999-12-01,RUSSELL2000,3.0,10.41,TRAIL
1999-11-04,1999-12-07,DXY,3.0,1.16,TRAIL
1999-11-24,1999-12-07,XLE,1.5,-5.76,TRAIL
1999-10-25,1999-12-09,NIKKEI,3.0,10.4,TRAIL
1999-10-29,1999-12-16,HANGSENG,3.0,52.37,TRAIL
1999-10-20,2000-01-04,DAX,3.0,73.46,TRAIL
1999-10-22,2000-01-04,NASDAQ,3.0,115.59,TRAIL
1999-10-28,2000-01-04,XLK,3.0,85.22,TRAIL
1999-11-08,2000-01-04,FTSE,3.0,13.72,TRAIL
1999-11-16,2000-01-04,DOW,3.0,1.8,TRAIL
1999-11-23,2000-01-04,XLV,3.0,13.33,TRAIL
1999-12-01,2000-01-04,RUSSELL2000,3.0,16.34,TRAIL
1999-12-01,2000-01-04,SP500,3.0,0.36,TRAIL
1999-12-17,2000-01-05,HANGSENG,3.0,-2.62,TRAIL
1999-11-30,2000-01-06,PLATINUM,3.0,-4.87,TRAIL
1999-12-30,2000-01-06,NIKKEI,1.5,-6.07,TRAIL
2000-01-07,2000-01-21,DOW,2.0,-4.7,TRAIL
2000-01-07,2000-01-24,SP500,3.0,-8.31,TRAIL
2000-01-10,2000-01-24,XLV,1.5,-8.49,STOP
2000-01-04,2000-01-25,DAX,3.0,10.14,TRAIL
2000-01-14,2000-01-26,PLATINUM,3.0,15.59,TRAIL
2000-01-18,2000-01-26,XLE,2.0,-5.94,TRAIL
2000-01-04,2000-01-28,RUSSELL2000,3.0,16.46,TRAIL
2000-01-04,2000-01-28,NASDAQ,3.0,-1.12,TRAIL
2000-01-04,2000-01-28,XLK,2.5,-17.52,STOP
2000-02-03,2000-02-11,SP500,2.0,-5.31,TRAIL
2000-01-25,2000-02-14,XLV,2.5,-8.89,TRAIL
2000-01-11,2000-02-15,NIKKEI,3.0,8.23,TRAIL
2000-02-03,2000-02-21,HANGSENG,3.0,6.66,TRAIL
2000-01-26,2000-02-23,PLATINUM,2.0,10.91,TRAIL
2000-02-22,2000-03-01,USDJPY,1.5,-5.07,TRAIL
2000-02-16,2000-03-13,NIKKEI,3.0,-6.26,TRAIL
2000-01-26,2000-03-14,DAX,3.0,29.3,TRAIL
2000-02-02,2000-03-14,RUSSELL2000,3.0,37.13,TRAIL
2000-02-03,2000-03-14,NASDAQ,3.0,35.31,TRAIL
2000-02-21,2000-03-15,HANGSENG,2.5,6.51,TRAIL
2000-01-14,2000-03-24,DXY,3.0,9.0,TRAIL
2000-02-03,2000-03-30,XLK,2.5,27.75,TRAIL
2000-03-01,2000-03-30,FTSE,3.0,3.78,TRAIL
2000-03-14,2000-03-30,NASDAQ,2.5,-13.21,STOP
2000-03-20,2000-04-03,HANGSENG,3.0,-5.95,TRAIL
2000-03-20,2000-04-03,DAX,1.5,-8.44,STOP
2000-03-31,2000-04-04,XLK,1.5,-7.74,STOP
2000-03-23,2000-04-07,PLATINUM,3.0,-3.57,TRAIL
2000-04-07,2000-04-11,XLK,1.5,-8.98,STOP
2000-03-03,2000-04-13,SP500,3.0,6.67,TRAIL
2000-03-17,2000-04-13,XLV,3.0,1.92,TRAIL
2000-03-16,2000-04-14,XLF,3.0,-9.02,TRAIL
2000-03-21,2000-04-14,DOW,3.0,-16.55,STOP
2000-04-07,2000-04-14,FTSE,1.5,-8.95,STOP
2000-03-16,2000-04-17,XLE,3.0,-8.81,TRAIL
2000-03-22,2000-04-17,NIKKEI,3.0,-11.02,TRAIL
2000-04-11,2000-04-26,PLATINUM,3.0,-33.46,STOP
2000-04-25,2000-05-01,XLF,1.5,-6.28,MOM_REV
2000-04-25,2000-05-03,DOW,1.5,-8.69,STOP
2000-05-01,2000-05-04,XLV,1.5,-7.55,STOP
2000-05-05,2000-05-10,DAX,1.5,-8.17,STOP
2000-04-10,2000-05-19,USDJPY,3.0,1.27,TRAIL
2000-05-15,2000-05-19,XLV,1.5,-3.88,TRAIL
2000-05-15,2000-05-19,SP500,1.5,-4.69,TRAIL
2000-05-16,2000-05-19,NASDAQ,1.5,-13.2,STOP
2000-05-16,2000-05-19,XLK,1.5,-11.5,STOP
2000-05-15,2000-05-22,RUSSELL2000,1.0,-5.25,STOP
2000-05-16,2000-05-22,DOW,1.5,-5.38,TRAIL
2000-04-24,2000-05-25,XLE,3.0,20.26,TRAIL
2000-03-28,2000-05-26,DXY,3.0,10.21,TRAIL
2000-05-25,2000-06-05,XLE,3.0,-4.25,TRAIL
2000-05-30,2000-06-09,XLF,3.0,6.06,TRAIL
2000-05-19,2000-06-14,PLATINUM,3.0,3.2,TRAIL
2000-06-02,2000-06-16,DAX,1.5,-6.2,TRAIL
2000-06-09,2000-06-16,XLF,2.0,-9.24,TRAIL
2000-06-01,2000-06-23,SP500,3.0,-1.52,TRAIL
2000-06-02,2000-06-23,XLV,2.0,-3.54,TRAIL
2000-06-02,2000-06-23,XLK,3.0,-0.09,TRAIL
2000-06-02,2000-06-27,RUSSELL2000,3.0,-2.89,TRAIL
2000-06-19,2000-06-29,DAX,1.5,-6.76,TRAIL
2000-06-06,2000-06-30,XLE,2.0,-7.17,TRAIL
2000-07-07,2000-07-11,XLV,1.5,-2.9,MOM_REV
2000-06-02,2000-07-19,NASDAQ,3.0,19.06,TRAIL
2000-06-28,2000-07-19,RUSSELL2000,3.0,3.96,TRAIL
2000-07-18,2000-07-20,COFFEE,1.5,-24.14,STOP
2000-06-23,2000-07-24,XLK,3.0,-1.31,TRAIL
2000-07-07,2000-07-24,SP500,3.0,-2.96,TRAIL
2000-07-19,2000-07-24,RUSSELL2000,1.5,-3.87,TRAIL
2000-06-19,2000-07-26,PLATINUM,3.0,6.51,TRAIL
2000-07-17,2000-07-27,DAX,1.5,-4.99,TRAIL
2000-06-05,2000-07-28,HANGSENG,3.0,25.01,TRAIL
2000-07-27,2000-08-03,DAX,1.5,-3.04,MOM_REV
2000-07-31,2000-08-03,PLATINUM,1.5,-4.27,TRAIL
2000-07-05,2000-08-10,USDJPY,3.0,2.16,TRAIL
2000-08-07,2000-08-28,HANGSENG,1.5,-5.99,TRAIL
2000-08-14,2000-09-05,XLV,1.5,-4.47,TRAIL
2000-08-24,2000-09-06,XLK,2.5,-7.25,TRAIL
2000-08-16,2000-09-08,FTSE,3.0,3.15,TRAIL
2000-08-07,2000-09-11,SP500,3.0,2.02,TRAIL
2000-09-04,2000-09-11,HANGSENG,1.5,-6.08,TRAIL
2000-07-13,2000-09-12,COTTON,3.0,32.41,TRAIL
2000-08-08,2000-09-14,PLATINUM,3.0,4.26,TRAIL
2000-08-08,2000-09-15,DOW,3.0,-1.36,TRAIL
2000-08-29,2000-09-15,SUGAR,1.5,-13.28,STOP
2000-07-11,2000-09-18,XLF,3.0,29.95,TRAIL
2000-08-03,2000-09-20,XLE,3.0,27.14,TRAIL
2000-09-08,2000-09-20,FTSE,1.5,-7.29,TRAIL
2000-07-05,2000-09-22,DXY,3.0,18.04,TRAIL
2000-09-15,2000-09-26,PLATINUM,1.5,-6.08,TRAIL
2000-09-19,2000-10-09,XLF,3.0,-6.96,TRAIL
2000-09-22,2000-10-13,USDJPY,2.5,-0.69,TRAIL
2000-09-25,2000-10-16,COTTON,2.5,-4.62,TRAIL
2000-09-27,2000-10-18,XLE,3.0,-5.42,TRAIL
2000-10-10,2000-10-24,SUGAR,2.5,-4.41,TRAIL
2000-10-13,2000-10-24,PLATINUM,2.5,-3.64,TRAIL
2000-10-20,2000-10-25,XLE,1.5,-8.44,STOP
2000-10-24,2000-10-26,SUGAR,1.5,-17.3,STOP
2000-10-25,2000-10-27,PLATINUM,1.5,-5.66,TRAIL
2000-10-05,2000-11-01,DXY,3.0,2.14,TRAIL
2000-10-16,2000-11-03,USDJPY,1.5,-1.54,TRAIL
2000-11-07,2000-11-08,NASDAQ,1.5,-8.08,STOP
2000-10-31,2000-11-09,XLV,3.0,-9.53,TRAIL
2000-11-03,2000-11-09,DAX,1.5,-3.55,MOM_REV
2000-10-30,2000-11-10,DOW,2.5,-5.37,TRAIL
2000-11-03,2000-11-10,RUSSELL2000,1.5,-7.93,STOP
2000-11-06,2000-11-10,SP500,1.5,-6.93,TRAIL
2000-10-20,2000-11-13,FTSE,3.0,-0.07,TRAIL
2000-11-07,2000-11-13,HANGSENG,1.5,-9.53,STOP
2000-11-06,2000-11-15,XLF,1.5,-7.5,TRAIL
2000-11-15,2000-11-20,RUSSELL2000,1.5,-6.57,TRAIL
2000-11-15,2000-11-20,DAX,1.5,-7.58,STOP
2000-10-30,2000-11-21,COTTON,3.0,-3.89,TRAIL
2000-11-14,2000-11-22,FTSE,1.5,-4.48,TRAIL
2000-11-14,2000-11-23,HANGSENG,2.0,-8.09,TRAIL
2000-11-17,2000-11-28,DXY,1.5,-0.93,TRAIL
2000-11-16,2000-11-29,XLE,1.5,-6.8,TRAIL
2000-11-22,2000-12-13,COTTON,3.0,2.93,TRAIL
2000-11-28,2000-12-13,SUGAR,1.5,-8.0,STOP
2000-12-05,2000-12-15,DOW,1.5,-6.38,TRAIL
2000-12-14,2000-12-26,COTTON,1.5,-5.71,TRAIL
2000-12-26,2001-01-04,XLE,1.5,-9.42,STOP
2000-12-08,2001-01-09,XLF,3.0,-5.08,TRAIL
2000-12-22,2001-01-12,DOW,3.0,-3.11,TRAIL
2000-11-02,2001-01-18,PLATINUM,3.0,7.46,TRAIL
2000-12-20,2001-01-18,SUGAR,3.0,-3.6,TRAIL
2000-11-14,2001-01-30,USDJPY,3.0,20.77,TRAIL
2001-01-24,2001-02-01,DXY,1.5,-2.71,TRAIL
2001-01-29,2001-02-09,RUSSELL2000,1.5,-3.21,TRAIL
2001-01-05,2001-02-15,XLE,3.0,7.59,TRAIL
2001-01-24,2001-02-20,XLF,3.0,-11.95,TRAIL
2001-01-17,2001-02-21,XLV,1.5,-4.8,TRAIL
2001-01-25,2001-02-21,DOW,3.0,-5.67,TRAIL
2001-02-15,2001-02-28,XLE,1.5,-4.54,TRAIL
2001-02-27,2001-03-01,PLATINUM,1.5,-3.5,TRAIL
2001-02-08,2001-03-02,DXY,2.5,-1.99,TRAIL
2001-03-01,2001-03-08,CORN,1.5,-0.87,TRAIL
2001-03-02,2001-03-12,XLE,3.0,1.01,TRAIL
2001-03-08,2001-03-14,CORN,2.0,-1.64,TRAIL
2001-03-06,2001-03-16,WHEAT,2.5,-0.91,TRAIL
2001-03-15,2001-03-16,CORN,1.5,-3.12,TRAIL
2001-03-16,2001-03-23,WHEAT,1.5,-6.32,TRAIL
2001-03-23,2001-03-27,TBOND,1.5,-2.7,TRAIL
2001-03-26,2001-03-30,NATGAS,1.0,-5.45,STOP
2001-03-21,2001-04-06,DXY,2.5,-1.69,TRAIL
2001-03-23,2001-04-11,TNOTE10,1.5,-2.22,TRAIL
2001-03-27,2001-04-11,WHEAT,1.5,-6.82,TRAIL
2001-04-05,2001-04-17,NATGAS,2.5,-8.38,MOM_REV
2001-02-28,2001-04-18,USDJPY,3.0,11.78,TRAIL
2001-04-16,2001-04-20,CORN,1.5,-6.5,TRAIL
2001-04-19,2001-04-24,RUSSELL2000,1.5,-3.19,MOM_REV
2001-04-04,2001-04-25,PLATINUM,3.0,13.36,TRAIL
2001-04-23,2001-05-02,XLE,3.0,-5.2,TRAIL
2001-04-16,2001-05-04,WHEAT,2.0,-5.55,TRAIL
2001-04-27,2001-05-04,USDJPY,1.5,-3.31,TRAIL
2001-04-25,2001-05-07,PLATINUM,2.5,0.41,TRAIL
2001-05-15,2001-05-21,WHEAT,1.5,-5.23,TRAIL
2001-05-15,2001-05-23,SUGAR,2.5,0.83,MOM_REV
2001-05-17,2001-05-23,USDJPY,1.5,-2.94,TRAIL
2001-05-02,2001-05-24,GOLD,3.0,15.49,TRAIL
2001-04-16,2001-05-25,DOW,3.0,25.01,TRAIL
2001-05-02,2001-05-25,XLE,3.0,9.65,TRAIL
2001-04-27,2001-05-29,RUSSELL2000,3.0,11.41,TRAIL
2001-05-21,2001-05-29,WHEAT,1.5,-5.14,TRAIL
2001-05-24,2001-05-30,GOLD,1.5,-7.2,TRAIL
2001-05-07,2001-05-31,PLATINUM,3.0,-3.88,TRAIL
2001-06-04,2001-06-07,XLE,1.5,-5.1,TRAIL
2001-04-16,2001-06-11,XLF,3.0,19.75,TRAIL
2001-04-18,2001-06-11,XLV,3.0,9.14,TRAIL
2001-05-25,2001-06-13,DOW,2.0,-2.43,TRAIL
2001-04-10,2001-06-14,DXY,3.0,5.09,TRAIL
2001-05-29,2001-06-14,RUSSELL2000,3.0,-4.17,TRAIL
2001-06-12,2001-06-15,CORN,1.5,-3.96,MOM_REV
2001-06-12,2001-06-18,CRUDE,1.5,-8.38,STOP
2001-06-11,2001-06-27,TNOTE10,1.5,-0.47,TRAIL
2001-06-14,2001-06-28,GOLD,1.5,-3.27,TRAIL
2001-06-28,2001-07-03,RUSSELL2000,1.5,-1.84,TRAIL
2001-06-21,2001-07-06,XLF,1.5,-6.22,TRAIL
2001-06-19,2001-07-10,DXY,2.0,0.15,TRAIL
2001-07-06,2001-07-12,CRUDE,1.5,-7.5,MOM_REV
2001-07-10,2001-07-16,CORN,2.0,5.87,TRAIL
2001-07-13,2001-07-18,DXY,1.5,-2.45,TRAIL
2001-06-15,2001-07-19,USDJPY,3.0,1.25,TRAIL
2001-07-10,2001-07-23,SOYBEANS,3.0,-5.98,TRAIL
2001-07-16,2001-07-23,CORN,1.5,-8.04,STOP
2001-07-13,2001-07-31,WHEAT,2.0,-8.86,TRAIL
2001-07-30,2001-08-09,USDJPY,1.5,-3.85,TRAIL
2001-07-23,2001-08-20,SOYBEANS,3.0,1.37,TRAIL
2001-07-25,2001-08-20,CORN,3.0,-7.24,TRAIL
2001-08-03,2001-08-22,GOLD,3.0,7.84,TRAIL
2001-07-18,2001-09-04,TNOTE10,3.0,2.67,TRAIL
2001-07-23,2001-09-04,TBOND,3.0,3.45,TRAIL
2001-08-22,2001-09-04,GOLD,1.5,-1.8,TRAIL
2001-08-28,2001-09-07,CORN,1.5,-3.75,TRAIL
2001-09-04,2001-09-12,WHEAT,1.5,-3.25,TRAIL
2001-09-07,2001-09-18,CRUDE,2.5,-2.94,TRAIL
2001-09-07,2001-09-19,TBOND,1.5,-2.25,TRAIL
2001-09-13,2001-09-19,WHEAT,1.5,-3.55,TRAIL
2001-09-06,2001-09-20,TNOTE10,3.0,1.18,TRAIL
2001-09-17,2001-09-20,SILVER,1.5,4.35,TRAIL
2001-09-27,2001-10-02,WHEAT,1.5,-5.43,TRAIL
2001-09-20,2001-10-09,SILVER,3.0,1.33,TRAIL
2001-09-14,2001-10-10,GOLD,2.0,-3.1,TRAIL
2001-10-09,2001-10-11,SILVER,1.5,-4.21,TRAIL
2001-10-10,2001-11-05,WHEAT,3.0,9.01,TRAIL
2001-10-16,2001-11-06,USDJPY,3.0,-0.25,TRAIL
2001-09-21,2001-11-13,TNOTE10,3.0,7.38,TRAIL
2001-10-01,2001-11-14,TBOND,3.0,6.72,TRAIL
2001-11-07,2001-11-14,WHEAT,1.5,-4.97,TRAIL
2001-11-13,2001-11-15,TNOTE10,1.5,-3.9,TRAIL
2001-11-14,2001-11-27,SOYBEANS,3.0,-1.35,TRAIL
2001-11-15,2001-11-27,CORN,2.0,-3.38,TRAIL
2001-11-19,2001-11-27,WHEAT,1.5,-5.83,TRAIL
2001-10-22,2001-12-06,DXY,3.0,-0.31,TRAIL
2001-12-03,2001-12-07,CORN,1.5,-1.98,TRAIL
2001-12-03,2001-12-12,SOYBEANS,1.5,-3.44,TRAIL
2001-12-10,2001-12-20,CORN,1.5,-2.52,TRAIL
2001-12-18,2002-01-14,SILVER,3.0,6.32,TRAIL
2001-12-27,2002-01-14,RUSSELL2000,2.5,-4.88,TRAIL
2002-01-10,2002-01-16,NASDAQ,1.5,-7.53,STOP
2001-12-14,2002-01-18,GOLD,3.0,5.5,TRAIL
2002-01-15,2002-01-18,CORN,1.5,1.42,MOM_REV
2002-01-15,2002-01-18,SILVER,1.5,-6.93,TRAIL
2001-12-17,2002-01-22,WHEAT,3.0,10.46,TRAIL
2002-01-18,2002-01-23,GOLD,1.5,-2.38,TRAIL
2002-01-09,2002-01-25,TNOTE10,3.0,0.09,TRAIL
2002-01-09,2002-01-29,COPPER,1.5,-3.06,TRAIL
2002-01-25,2002-01-30,WHEAT,1.5,-5.26,TRAIL
2001-11-15,2002-02-04,USDJPY,3.0,23.47,TRAIL
2002-01-18,2002-02-11,DXY,3.0,2.37,TRAIL
2002-01-29,2002-02-19,COPPER,3.0,4.31,TRAIL
2002-01-30,2002-02-19,GOLD,3.0,12.03,TRAIL
2002-02-19,2002-02-25,SILVER,1.5,-3.43,TRAIL
2002-02-05,2002-03-04,USDJPY,1.5,-2.07,TRAIL
2002-01-09,2002-03-06,TBOND,3.0,2.21,TRAIL
2002-01-29,2002-03-06,TNOTE10,1.5,-0.57,TRAIL
2002-02-21,2002-03-06,DXY,1.5,-1.51,TRAIL
2002-02-19,2002-03-07,GOLD,3.0,-3.17,TRAIL
2002-03-08,2002-03-14,XLK,1.5,-8.31,STOP
2002-03-11,2002-03-18,COFFEE,2.5,-10.64,TRAIL
2002-03-06,2002-03-20,NASDAQ,2.0,-6.09,TRAIL
2002-03-08,2002-03-21,HANGSENG,1.5,-5.39,TRAIL
2002-03-15,2002-03-21,SOYBEANS,1.5,-2.89,TRAIL
2002-03-18,2002-03-21,WHEAT,1.5,-3.32,TRAIL
2002-03-01,2002-03-22,COPPER,3.0,7.64,TRAIL
2002-02-25,2002-03-25,XLV,3.0,10.72,TRAIL
2002-03-01,2002-03-25,DOW,3.0,-2.52,TRAIL
2002-03-04,2002-03-25,NIKKEI,3.0,-4.96,TRAIL
2002-03-06,2002-03-25,SP500,1.5,-3.99,TRAIL
2002-03-06,2002-03-25,XLF,3.0,-5.41,TRAIL
2002-03-06,2002-03-25,FTSE,2.5,-2.0,TRAIL
2002-03-11,2002-03-25,XLE,3.0,-2.79,TRAIL
2002-03-19,2002-04-02,XLK,1.5,-7.06,TRAIL
2002-03-04,2002-04-03,DAX,3.0,2.06,TRAIL
2002-03-21,2002-04-03,NASDAQ,1.5,-6.78,TRAIL
2002-03-22,2002-04-03,WHEAT,3.0,3.2,TRAIL
2002-03-22,2002-04-03,COPPER,3.0,-2.01,TRAIL
2002-02-26,2002-04-04,SILVER,3.0,13.3,TRAIL
2002-03-07,2002-04-04,COTTON,3.0,-5.7,TRAIL
2002-03-25,2002-04-04,XLE,3.0,1.38,TRAIL
2002-03-28,2002-04-04,SOYBEANS,1.5,-3.64,TRAIL
2002-03-22,2002-04-05,GOLD,3.0,2.83,TRAIL
2002-03-18,2002-04-08,COFFEE,2.5,17.05,TRAIL
2002-04-03,2002-04-08,WHEAT,1.5,-4.48,TRAIL
2002-04-02,2002-04-09,USDJPY,1.5,-2.79,TRAIL
2002-03-06,2002-04-11,NATGAS,1.0,20.35,TRAIL
2002-03-28,2002-04-11,CRUDE,2.0,-9.23,TRAIL
2002-03-28,2002-04-11,FTSE,1.5,-3.82,TRAIL
2002-04-09,2002-04-12,COFFEE,1.5,-7.75,STOP
2002-04-08,2002-04-17,DXY,1.5,-2.03,TRAIL
2002-03-04,2002-04-23,RUSSELL2000,3.0,13.7,TRAIL
2002-03-26,2002-04-23,PLATINUM,3.0,19.69,TRAIL
2002-04-18,2002-04-24,COFFEE,1.5,-7.8,STOP
2002-03-26,2002-04-25,XLF,3.0,-5.78,TRAIL
2002-04-16,2002-04-25,DAX,1.5,-8.13,STOP
2002-04-17,2002-04-25,SOYBEANS,2.0,0.32,TRAIL
2002-04-23,2002-04-26,PLATINUM,1.5,-0.25,TRAIL
2002-04-25,2002-04-26,SOYBEANS,1.5,-2.06,TRAIL
2002-03-25,2002-04-29,XLV,3.0,0.52,TRAIL
2002-04-25,2002-04-30,SILVER,1.5,-2.7,TRAIL
2002-04-26,2002-04-30,PLATINUM,1.5,-4.22,TRAIL
2002-04-24,2002-05-06,COPPER,1.5,-5.1,TRAIL
2002-05-03,2002-05-06,XLE,1.5,-5.14,TRAIL
2002-04-17,2002-05-07,NIKKEI,3.0,-5.92,TRAIL
2002-04-23,2002-05-07,RUSSELL2000,1.5,-3.32,TRAIL
2002-04-05,2002-05-14,GOLD,3.0,7.2,TRAIL
2002-05-10,2002-05-17,CORN,3.0,11.55,TRAIL
2002-04-15,2002-05-20,NATGAS,1.5,3.07,TRAIL
2002-05-08,2002-05-20,COPPER,2.5,-1.89,TRAIL
2002-04-17,2002-05-21,CRUDE,3.0,12.5,TRAIL
2002-04-18,2002-05-27,HANGSENG,3.0,9.3,TRAIL
2002-05-15,2002-05-27,FTSE,1.5,-3.5,TRAIL
2002-05-14,2002-05-28,DOW,1.5,-4.61,TRAIL
2002-05-14,2002-05-29,XLF,2.0,-4.0,TRAIL
2002-05-13,2002-05-30,XLE,1.5,-5.83,TRAIL
2002-05-01,2002-06-03,XLV,2.5,-5.26,TRAIL
2002-05-17,2002-06-03,CORN,3.0,0.72,TRAIL
2002-05-08,2002-06-04,NIKKEI,3.0,3.45,TRAIL
2002-05-06,2002-06-05,SILVER,3.0,22.0,TRAIL
2002-05-15,2002-06-05,GOLD,3.0,12.15,TRAIL
2002-05-08,2002-06-07,SOYBEANS,3.0,25.84,TRAIL
2002-06-03,2002-06-07,CORN,1.5,-1.97,TRAIL
2002-06-04,2002-06-07,WHEAT,1.5,-3.72,TRAIL
2002-06-07,2002-06-10,SOYBEANS,1.5,-2.07,TRAIL
2002-05-24,2002-06-11,COFFEE,1.0,-3.99,TRAIL
2002-06-10,2002-06-12,SOYBEANS,1.5,-2.17,TRAIL
2002-06-05,2002-06-13,SILVER,1.5,-3.22,TRAIL
2002-05-24,2002-06-17,COPPER,3.0,10.0,TRAIL
2002-06-12,2002-06-17,WHEAT,1.5,3.04,TRAIL
2002-06-13,2002-06-17,CORN,1.5,-2.66,TRAIL
2002-06-13,2002-06-18,SOYBEANS,1.5,-2.47,TRAIL
2002-05-29,2002-06-20,TNOTE10,3.0,1.63,TRAIL
2002-06-17,2002-06-21,WHEAT,1.5,-1.04,TRAIL
2002-06-17,2002-06-21,COPPER,1.5,-3.46,TRAIL
2002-05-29,2002-06-26,PLATINUM,3.0,1.21,TRAIL
2002-06-24,2002-06-26,NATGAS,1.5,-8.3,STOP
2002-06-05,2002-06-28,GOLD,2.0,-4.79,TRAIL
2002-06-11,2002-06-28,TBOND,3.0,-0.64,TRAIL
2002-06-21,2002-07-02,CORN,3.0,24.97,TRAIL
2002-06-28,2002-07-03,COPPER,1.5,-3.71,TRAIL
2002-07-02,2002-07-08,CORN,1.5,-2.96,TRAIL
2002-06-24,2002-07-09,WHEAT,3.0,21.85,TRAIL
2002-06-24,2002-07-11,SOYBEANS,3.0,42.31,TRAIL
2002-07-08,2002-07-11,CORN,1.5,-4.87,TRAIL
2002-07-09,2002-07-12,WHEAT,1.5,1.08,TRAIL
2002-05-17,2002-07-15,COTTON,2.5,52.94,TRAIL
2002-07-10,2002-07-15,COFFEE,1.5,-3.0,TRAIL
2002-07-08,2002-07-23,SILVER,3.0,-5.2,TRAIL
2002-07-11,2002-07-23,SOYBEANS,2.0,-0.17,TRAIL
2002-07-19,2002-07-23,GOLD,1.5,-5.19,TRAIL
2002-07-23,2002-07-25,SOYBEANS,1.5,-2.15,TRAIL
2002-07-12,2002-07-29,WHEAT,3.0,10.71,TRAIL
2002-07-15,2002-07-29,CORN,3.0,4.95,TRAIL
2002-07-17,2002-08-05,COTTON,3.0,-5.85,TRAIL
2002-07-31,2002-08-05,XLV,1.5,-11.55,STOP
2002-07-29,2002-08-16,WHEAT,3.0,19.53,TRAIL
2002-08-12,2002-08-16,SOYBEANS,1.5,-1.84,TRAIL
2002-07-23,2002-08-19,COFFEE,1.5,-7.22,TRAIL
2002-07-30,2002-08-19,CORN,3.0,38.14,TRAIL
2002-08-16,2002-08-20,WHEAT,1.5,-3.88,TRAIL
2002-08-16,2002-08-20,SOYBEANS,1.5,-8.1,STOP
2002-08-07,2002-08-21,PLATINUM,3.0,5.23,TRAIL
2002-08-19,2002-08-27,CORN,1.5,-2.68,TRAIL
2002-06-24,2002-08-28,CRUDE,3.0,21.19,TRAIL
2002-08-07,2002-08-28,XLV,3.0,10.05,TRAIL
2002-08-12,2002-09-03,NATGAS,1.5,8.45,TRAIL
2002-08-21,2002-09-03,PLATINUM,3.0,1.16,TRAIL
2002-08-27,2002-09-12,CORN,3.0,14.93,TRAIL
2002-09-09,2002-09-12,SOYBEANS,1.5,1.18,TRAIL
2002-08-23,2002-09-13,WHEAT,3.0,40.76,TRAIL
2002-09-12,2002-09-13,CORN,1.5,-4.24,TRAIL
2002-08-26,2002-09-17,GOLD,3.0,7.37,TRAIL
2002-09-16,2002-09-18,CORN,1.5,-2.97,TRAIL
2002-09-13,2002-09-19,WHEAT,3.0,0.38,TRAIL
2002-09-18,2002-09-19,CORN,1.5,-3.17,TRAIL
2002-08-23,2002-09-20,COFFEE,3.0,41.77,TRAIL
2002-09-18,2002-09-23,SOYBEANS,1.5,-4.92,TRAIL
2002-09-04,2002-09-25,NATGAS,2.5,23.57,TRAIL
2002-09-19,2002-09-25,WHEAT,2.0,-2.28,TRAIL
2002-09-12,2002-09-26,SILVER,2.5,-4.47,TRAIL
2002-09-17,2002-09-26,GOLD,3.0,3.12,TRAIL
2002-09-20,2002-09-30,COFFEE,1.5,-4.15,MOM_REV
2002-08-30,2002-10-01,SUGAR,3.0,25.59,TRAIL
2002-09-26,2002-10-02,WHEAT,1.5,-6.99,TRAIL
2002-10-02,2002-10-03,COTTON,1.5,-5.6,TRAIL
2002-09-26,2002-10-08,GOLD,2.0,-1.31,TRAIL
2002-08-28,2002-10-09,CRUDE,3.0,10.69,TRAIL
2002-06-21,2002-10-15,TNOTE10,3.0,15.86,TRAIL
2002-07-02,2002-10-15,TBOND,3.0,18.62,TRAIL
2002-10-07,2002-10-18,COFFEE,3.0,25.19,TRAIL
2002-09-09,2002-10-21,PLATINUM,3.0,19.9,TRAIL
2002-10-14,2002-10-21,CRUDE,1.5,-8.24,STOP
2002-10-16,2002-10-22,WHEAT,1.5,-1.65,TRAIL
2002-10-21,2002-10-29,PLATINUM,2.5,-0.59,TRAIL
2002-10-22,2002-10-30,WHEAT,3.0,2.23,TRAIL
2002-10-29,2002-10-31,PLATINUM,1.5,-4.31,TRAIL
2002-09-26,2002-11-04,NATGAS,2.0,9.6,TRAIL
2002-10-30,2002-11-05,WHEAT,1.5,-2.21,TRAIL
2002-11-05,2002-11-06,WHEAT,1.5,-2.34,TRAIL
2002-10-29,2002-11-08,SOYBEANS,3.0,3.37,TRAIL
2002-10-07,2002-11-12,SUGAR,3.0,7.85,TRAIL
2002-11-07,2002-11-13,GOLD,2.0,-1.12,TRAIL
2002-11-01,2002-11-14,COPPER,1.5,-2.7,TRAIL
2002-11-08,2002-11-15,SOYBEANS,3.0,0.0,TRAIL
2002-11-11,2002-11-20,TNOTE10,1.5,-2.24,TRAIL
2002-11-11,2002-11-21,TBOND,1.5,-3.78,TRAIL
2002-11-13,2002-11-21,GOLD,1.5,-0.61,TRAIL
2002-11-18,2002-11-21,SOYBEANS,1.5,0.79,TRAIL
2002-10-10,2002-12-03,COTTON,3.0,14.88,TRAIL
2002-11-21,2002-12-03,SOYBEANS,3.0,-2.63,TRAIL
2002-11-18,2002-12-05,COPPER,3.0,5.36,MOM_REV
2002-10-18,2002-12-06,COFFEE,3.0,3.83,TRAIL
2002-11-19,2002-12-09,SUGAR,3.0,-2.88,TRAIL
2002-12-02,2002-12-13,USDJPY,1.5,-4.75,TRAIL
2002-12-12,2002-12-16,SOYBEANS,1.5,-3.78,TRAIL
2002-11-15,2002-12-19,PLATINUM,2.5,-1.13,TRAIL
2002-12-23,2002-12-26,SOYBEANS,1.5,-1.83,TRAIL
2002-11-18,2002-12-31,NATGAS,1.5,18.51,TRAIL
2002-12-09,2003-01-02,TBOND,3.0,-2.62,TRAIL
2002-12-17,2003-01-02,TNOTE10,3.0,-1.07,TRAIL
2003-01-02,2003-01-06,NATGAS,1.5,-9.03,STOP
2002-11-27,2003-01-08,CRUDE,2.5,34.12,TRAIL
2003-01-07,2003-01-09,CORN,1.5,2.19,TRAIL
2003-01-02,2003-01-10,SOYBEANS,1.5,-5.07,TRAIL
2003-01-09,2003-01-10,CORN,1.5,-5.39,TRAIL
2003-01-06,2003-01-17,XLK,2.5,-17.28,STOP
2003-01-07,2003-01-17,NASDAQ,3.0,-11.61,TRAIL
2002-12-06,2003-01-21,COTTON,3.0,5.19,TRAIL
2003-01-03,2003-01-21,XLV,2.0,-4.72,TRAIL
2003-01-09,2003-01-21,SP500,1.5,-6.46,TRAIL
2003-01-09,2003-01-21,XLF,2.0,-6.72,TRAIL
2003-01-10,2003-01-21,DOW,1.5,-5.84,TRAIL
2003-01-13,2003-01-28,COPPER,3.0,2.01,TRAIL
2003-01-10,2003-01-29,COFFEE,3.0,-6.0,TRAIL
2003-01-28,2003-01-29,SOYBEANS,1.5,-3.14,TRAIL
2003-01-24,2003-02-05,SILVER,1.5,-3.51,TRAIL
2003-01-30,2003-02-05,SOYBEANS,1.5,-1.45,TRAIL
2003-01-28,2003-02-06,COPPER,3.0,5.18,TRAIL
2003-01-31,2003-02-07,COTTON,1.5,-6.33,TRAIL
2002-11-22,2003-02-10,GOLD,3.0,40.22,TRAIL
2003-01-31,2003-02-13,COFFEE,3.0,-16.54,STOP
2003-02-06,2003-02-13,COPPER,2.5,-5.55,TRAIL
2002-12-27,2003-02-18,PLATINUM,3.0,27.62,TRAIL
2003-02-04,2003-02-18,USDJPY,2.5,-1.67,TRAIL
2003-02-11,2003-02-21,COTTON,1.5,-7.6,STOP
2003-01-07,2003-02-27,NATGAS,3.0,137.98,TRAIL
2002-12-11,2003-03-03,SUGAR,3.0,38.05,TRAIL
2003-02-19,2003-03-03,SOYBEANS,2.5,2.08,TRAIL
2003-02-27,2003-03-04,NATGAS,1.0,-5.93,STOP
2003-02-21,2003-03-05,COPPER,3.0,-6.18,TRAIL
2003-03-03,2003-03-05,SOYBEANS,1.5,-2.08,TRAIL
2003-03-04,2003-03-10,NATGAS,1.5,-11.21,STOP
2003-03-05,2003-03-12,XLE,1.5,-5.18,TRAIL
2003-01-23,2003-03-13,TNOTE10,3.0,5.04,TRAIL
2003-03-11,2003-03-13,SILVER,1.5,-4.81,TRAIL
2003-01-17,2003-03-17,TBOND,3.0,8.44,TRAIL
2003-01-09,2003-03-18,CRUDE,2.0,-2.0,TRAIL
2003-02-24,2003-03-19,PLATINUM,3.0,3.57,TRAIL
2003-03-14,2003-03-19,TNOTE10,1.5,-2.17,TRAIL
2003-03-18,2003-03-24,SOYBEANS,1.5,-1.11,TRAIL
2003-03-10,2003-03-26,COTTON,3.0,-7.81,TRAIL
2003-03-17,2003-03-27,COPPER,1.5,-7.62,STOP
2003-03-19,2003-03-28,DOW,1.5,-2.17,TRAIL
2003-03-13,2003-03-31,NASDAQ,3.0,0.09,TRAIL
2003-03-13,2003-03-31,XLK,2.5,-4.46,TRAIL
2003-03-19,2003-03-31,SP500,1.5,-4.43,TRAIL
2003-03-19,2003-03-31,XLF,1.5,-5.45,TRAIL
2003-03-21,2003-03-31,FTSE,1.5,-9.63,STOP
2003-03-25,2003-03-31,SOYBEANS,2.0,0.35,TRAIL
2003-03-18,2003-04-08,XLE,3.0,-5.79,TRAIL
2003-03-31,2003-04-14,COFFEE,3.0,-3.84,TRAIL
2003-04-04,2003-04-14,FTSE,3.0,2.75,MOM_REV
2003-04-07,2003-04-14,DAX,1.5,-1.72,MOM_REV
2003-03-19,2003-04-16,XLV,3.0,-3.01,TRAIL
2003-04-14,2003-04-16,SILVER,1.5,-1.75,TRAIL
2003-04-02,2003-04-21,SOYBEANS,3.0,15.21,TRAIL
2003-04-17,2003-04-22,COFFEE,2.0,7.53,MOM_REV
2003-04-21,2003-04-22,SOYBEANS,1.5,-1.58,TRAIL
2003-04-17,2003-04-23,CRUDE,2.0,-25.53,STOP
2003-04-22,2003-04-23,SOYBEANS,1.5,-1.72,TRAIL
2003-03-26,2003-04-24,COTTON,3.0,-0.64,TRAIL
2003-04-11,2003-04-28,NATGAS,3.0,-15.97,STOP
2003-04-16,2003-04-28,SILVER,3.0,6.49,TRAIL
2003-04-23,2003-04-28,PLATINUM,1.5,-8.89,STOP
2003-04-24,2003-04-29,SUGAR,1.5,-7.52,STOP
2003-04-25,2003-04-29,COTTON,1.5,-9.08,STOP
2003-05-06,2003-05-08,FTSE,1.5,-2.9,MOM_REV
2003-04-25,2003-05-14,COFFEE,3.0,6.12,TRAIL
2003-03-21,2003-05-19,RUSSELL2000,3.0,25.59,TRAIL
2003-04-02,2003-05-19,NASDAQ,3.0,20.63,TRAIL
2003-04-02,2003-05-19,XLK,3.0,16.1,TRAIL
2003-04-23,2003-05-19,SOYBEANS,3.0,16.92,TRAIL
2003-04-24,2003-05-19,XLV,3.0,0.98,TRAIL
2003-05-07,2003-05-19,CORN,3.0,1.22,TRAIL
2003-03-31,2003-05-20,SP500,3.0,25.31,TRAIL
2003-04-28,2003-05-21,SILVER,3.0,9.11,TRAIL
2003-04-21,2003-05-22,GOLD,3.0,31.12,TRAIL
2003-05-19,2003-05-22,SOYBEANS,1.5,-2.41,TRAIL
2003-05-19,2003-05-27,CORN,1.5,-2.89,TRAIL
2003-05-20,2003-05-27,COFFEE,1.5,-13.4,STOP
2003-05-07,2003-05-29,PLATINUM,3.0,3.4,TRAIL
2003-04-30,2003-06-09,COPPER,3.0,17.79,TRAIL
2003-06-06,2003-06-09,SOYBEANS,1.5,-1.43,TRAIL
2003-05-22,2003-06-10,GOLD,1.5,-6.48,TRAIL
2003-04-30,2003-06-12,NATGAS,2.5,11.37,TRAIL
2003-04-22,2003-06-17,XLE,3.0,27.61,TRAIL
2003-04-22,2003-06-18,TBOND,3.0,23.26,TRAIL
2003-04-24,2003-06-18,TNOTE10,3.0,11.49,TRAIL
2003-05-13,2003-06-18,CRUDE,3.0,19.58,TRAIL
2003-04-01,2003-06-23,XLF,3.0,48.77,TRAIL
2003-05-16,2003-06-23,FTSE,3.0,2.88,TRAIL
2003-05-19,2003-06-23,RUSSELL2000,3.0,22.84,TRAIL
2003-05-22,2003-06-23,SP500,3.0,16.02,TRAIL
2003-06-17,2003-06-23,HANGSENG,1.5,-4.43,TRAIL
2003-06-20,2003-06-23,CRUDE,1.5,-8.03,STOP
2003-05-22,2003-06-24,NASDAQ,3.0,19.51,TRAIL
2003-06-11,2003-06-24,COTTON,3.0,-8.97,TRAIL
2003-03-28,2003-06-25,DOW,3.0,31.89,TRAIL
2003-05-27,2003-06-25,XLV,3.0,16.04,TRAIL
2003-06-12,2003-06-25,COPPER,1.5,-3.1,TRAIL
2003-06-23,2003-06-26,SOYBEANS,1.5,-0.48,TRAIL
2003-06-26,2003-06-30,SOYBEANS,1.5,-1.67,TRAIL
2003-06-12,2003-07-01,DAX,3.0,-6.79,TRAIL
2003-06-17,2003-07-07,XLE,1.5,-4.65,TRAIL
2003-07-02,2003-07-07,SOYBEANS,1.5,-1.97,TRAIL
2003-06-26,2003-07-09,USDJPY,1.5,-1.82,TRAIL
2003-07-02,2003-07-10,COFFEE,1.5,-3.66,MOM_REV
2003-07-09,2003-07-15,SILVER,1.5,-5.14,TRAIL
2003-06-13,2003-07-17,NIKKEI,3.0,17.31,TRAIL
2003-06-24,2003-07-17,COTTON,3.0,28.41,TRAIL
2003-06-25,2003-07-17,XLV,1.5,-2.08,TRAIL
2003-06-26,2003-07-17,RUSSELL2000,3.0,6.69,TRAIL
2003-05-22,2003-07-21,XLK,3.0,19.35,TRAIL
2003-06-26,2003-07-21,NASDAQ,3.0,8.7,TRAIL
2003-07-09,2003-07-21,COPPER,3.0,-1.54,TRAIL
2003-06-23,2003-07-23,HANGSENG,3.0,5.12,TRAIL
2003-06-03,2003-07-30,PLATINUM,3.0,15.33,TRAIL
2003-07-16,2003-07-30,WHEAT,3.0,17.3,TRAIL
2003-07-17,2003-07-30,COTTON,2.0,-4.54,TRAIL
2003-07-02,2003-08-01,SP500,3.0,-4.11,TRAIL
2003-07-02,2003-08-01,XLF,3.0,-0.36,TRAIL
2003-07-17,2003-08-04,NIKKEI,3.0,-1.46,TRAIL
2003-07-23,2003-08-04,SILVER,3.0,-2.84,TRAIL
2003-07-17,2003-08-05,RUSSELL2000,3.0,-1.62,TRAIL
2003-07-22,2003-08-06,NASDAQ,3.0,-9.39,TRAIL
2003-07-23,2003-08-07,HANGSENG,3.0,1.74,TRAIL
2003-07-02,2003-08-08,DAX,3.0,8.44,TRAIL
2003-07-23,2003-08-08,COPPER,3.0,9.28,TRAIL
2003-07-25,2003-08-08,XLK,1.5,-6.42,TRAIL
2003-07-17,2003-08-11,USDJPY,3.0,-0.81,TRAIL
2003-08-01,2003-08-11,COFFEE,1.5,-9.11,STOP
2003-08-04,2003-08-12,SILVER,1.5,-4.72,TRAIL
2003-08-14,2003-08-15,SOYBEANS,1.5,-7.91,STOP
2003-07-30,2003-08-19,WHEAT,3.0,26.53,TRAIL
2003-08-19,2003-08-21,WHEAT,1.5,-2.54,TRAIL
2003-08-18,2003-08-22,USDJPY,1.5,-2.4,TRAIL
2003-07-23,2003-08-26,FTSE,3.0,6.67,TRAIL
2003-08-08,2003-08-28,COPPER,1.5,-2.35,TRAIL
2003-08-21,2003-09-03,WHEAT,2.0,-2.48,TRAIL
2003-09-02,2003-09-05,DXY,1.5,-2.82,TRAIL
2003-09-03,2003-09-08,CORN,1.5,-3.0,TRAIL
2003-08-11,2003-09-10,HANGSENG,3.0,21.3,TRAIL
2003-08-15,2003-09-10,RUSSELL2000,3.0,18.97,TRAIL
2003-08-15,2003-09-10,NASDAQ,3.0,21.47,TRAIL
2003-08-18,2003-09-10,XLK,3.0,13.59,TRAIL
2003-09-03,2003-09-10,COPPER,1.5,-3.82,TRAIL
2003-08-14,2003-09-11,NIKKEI,3.0,19.15,TRAIL
2003-08-13,2003-09-12,DAX,3.0,9.64,TRAIL
2003-08-08,2003-09-15,XLE,3.0,6.04,TRAIL
2003-08-11,2003-09-15,PLATINUM,3.0,1.04,TRAIL
2003-08-13,2003-09-15,GOLD,3.0,10.27,TRAIL
2003-08-18,2003-09-15,SOYBEANS,3.0,18.94,TRAIL
2003-09-05,2003-09-15,COFFEE,3.0,-2.32,TRAIL
2003-09-15,2003-09-16,COFFEE,1.5,-8.31,STOP
2003-09-11,2003-09-22,NIKKEI,3.0,-2.03,TRAIL
2003-09-16,2003-09-22,DAX,1.5,-4.56,TRAIL
2003-09-19,2003-09-22,TNOTE10,1.5,-2.81,TRAIL
2003-08-26,2003-09-23,FTSE,3.0,3.18,TRAIL
2003-07-02,2003-09-24,DOW,3.0,9.28,TRAIL
2003-08-15,2003-09-24,SP500,3.0,5.67,TRAIL
2003-09-04,2003-09-24,XLV,3.0,0.14,TRAIL
2003-09-10,2003-09-24,NASDAQ,3.0,3.27,TRAIL
2003-09-10,2003-09-24,XLK,3.0,-0.8,TRAIL
2003-08-15,2003-09-25,XLF,3.0,-0.18,TRAIL
2003-09-10,2003-09-25,RUSSELL2000,3.0,-4.01,TRAIL
2003-09-15,2003-09-26,GOLD,3.0,5.05,TRAIL
2003-08-13,2003-09-29,SILVER,3.0,2.63,TRAIL
2003-09-15,2003-10-03,SOYBEANS,3.0,28.59,TRAIL
2003-09-19,2003-10-03,TBOND,2.5,-4.16,TRAIL
2003-09-26,2003-10-03,GOLD,2.0,-5.99,TRAIL
2003-10-01,2003-10-03,TNOTE10,1.5,-2.8,TRAIL
2003-10-01,2003-10-03,WHEAT,1.5,-4.94,TRAIL
2003-09-22,2003-10-10,COFFEE,1.5,-8.22,STOP
2003-10-03,2003-10-16,SOYBEANS,3.0,21.02,TRAIL
2003-10-07,2003-10-16,NATGAS,3.0,15.82,MOM_REV
2003-10-02,2003-10-22,XLV,1.5,-4.79,TRAIL
2003-10-02,2003-10-22,CRUDE,2.0,0.54,TRAIL
2003-10-03,2003-10-22,XLE,2.5,-3.34,TRAIL
2003-10-06,2003-10-22,RUSSELL2000,3.0,-2.07,TRAIL
2003-10-06,2003-10-22,DOW,3.0,0.1,TRAIL
2003-09-10,2003-10-23,HANGSENG,3.0,25.72,TRAIL
2003-10-03,2003-10-23,NASDAQ,3.0,0.79,TRAIL
2003-10-03,2003-10-23,NIKKEI,3.0,-10.48,TRAIL
2003-10-03,2003-10-23,FTSE,3.0,-2.37,TRAIL
2003-09-11,2003-10-24,COPPER,3.0,24.8,TRAIL
2003-10-06,2003-10-24,XLK,3.0,-4.35,TRAIL
2003-10-22,2003-10-30,WHEAT,3.0,12.27,TRAIL
2003-08-29,2003-10-31,COTTON,3.0,99.98,TRAIL
2003-10-27,2003-10-31,SILVER,1.5,-3.7,TRAIL
2003-10-22,2003-11-03,GOLD,1.5,-3.69,TRAIL
2003-10-23,2003-11-03,CORN,3.0,6.38,TRAIL
2003-10-16,2003-11-04,SOYBEANS,3.0,13.03,TRAIL
2003-11-04,2003-11-07,SOYBEANS,1.5,-2.77,TRAIL
2003-10-24,2003-11-10,COPPER,3.0,12.3,TRAIL
2003-10-29,2003-11-11,NIKKEI,2.0,-9.91,TRAIL
2003-10-28,2003-11-12,HANGSENG,3.0,-2.99,TRAIL
2003-10-31,2003-11-12,COTTON,2.5,-11.96,TRAIL
2003-10-01,2003-11-14,XLF,3.0,8.75,TRAIL
2003-10-28,2003-11-17,RUSSELL2000,3.0,0.21,TRAIL
2003-10-28,2003-11-17,NASDAQ,3.0,-3.52,TRAIL
2003-10-28,2003-11-17,XLK,3.0,-2.14,TRAIL
2003-11-04,2003-11-17,GOLD,3.0,9.16,TRAIL
2003-11-04,2003-11-17,SILVER,3.0,11.88,TRAIL
2003-11-10,2003-11-17,COPPER,2.5,-2.16,TRAIL
2003-10-03,2003-11-18,SP500,3.0,1.25,TRAIL
2003-10-28,2003-11-18,DOW,3.0,-3.82,TRAIL
2003-10-30,2003-11-18,WHEAT,3.0,15.65,TRAIL
2003-10-13,2003-11-19,DAX,3.0,9.66,TRAIL
2003-11-11,2003-11-19,SOYBEANS,1.5,-5.45,TRAIL
2003-11-18,2003-11-19,WHEAT,1.5,-9.56,STOP
2003-11-18,2003-11-20,COPPER,1.5,-7.8,STOP
2003-11-06,2003-11-24,CRUDE,2.5,-4.3,TRAIL
2003-11-17,2003-11-24,GOLD,2.0,0.0,TRAIL
2003-11-24,2003-12-05,RUSSELL2000,3.0,-0.28,TRAIL
2003-11-24,2003-12-09,NASDAQ,3.0,-5.98,TRAIL
2003-11-24,2003-12-09,XLK,3.0,-4.86,TRAIL
2003-11-21,2003-12-11,WHEAT,3.0,5.09,TRAIL
2003-12-02,2003-12-15,COFFEE,3.0,-10.16,TRAIL
2003-12-09,2003-12-15,SUGAR,1.5,-6.03,TRAIL
2003-11-13,2003-12-17,HANGSENG,3.0,-0.85,TRAIL
2003-09-23,2003-12-22,PLATINUM,3.0,43.48,TRAIL
2003-12-03,2003-12-22,CORN,3.0,-3.61,TRAIL
2003-12-04,2003-12-22,SOYBEANS,2.5,-4.96,TRAIL
2003-12-09,2003-12-22,NATGAS,3.0,-17.76,STOP
2003-10-30,2004-01-13,FTSE,3.0,9.71,TRAIL
2003-11-24,2004-01-14,GOLD,3.0,23.14,TRAIL
2003-11-17,2004-01-15,SILVER,3.0,56.4,TRAIL
2003-12-15,2004-01-15,NIKKEI,3.0,4.99,TRAIL
2003-12-22,2004-01-15,NATGAS,1.5,-11.36,STOP
2004-01-13,2004-01-22,WHEAT,2.0,-2.55,TRAIL
2004-01-15,2004-01-27,CORN,3.0,8.37,TRAIL
2004-01-15,2004-01-27,SOYBEANS,2.0,0.12,TRAIL
2003-11-24,2004-01-28,SP500,3.0,21.79,TRAIL
2003-11-26,2004-01-28,DOW,3.0,21.13,TRAIL
2003-12-03,2004-01-28,CRUDE,2.5,20.26,TRAIL
2003-12-05,2004-01-28,RUSSELL2000,3.0,24.99,TRAIL
2003-12-11,2004-01-28,NASDAQ,3.0,20.86,TRAIL
2003-12-22,2004-01-28,PLATINUM,3.0,15.55,TRAIL
2003-12-23,2004-01-28,COTTON,3.0,0.68,TRAIL
2004-01-14,2004-01-28,TBOND,1.5,-2.79,TRAIL
2004-01-22,2004-01-28,TNOTE10,1.5,-2.43,TRAIL
2004-01-27,2004-01-28,CORN,1.5,-2.99,TRAIL
2004-01-27,2004-01-28,SOYBEANS,1.5,-5.52,TRAIL
2003-12-16,2004-01-29,XLK,3.0,24.09,TRAIL
2003-12-22,2004-01-29,HANGSENG,3.0,20.32,TRAIL
2004-01-28,2004-01-29,SILVER,1.5,-9.03,STOP
2004-01-28,2004-02-02,CORN,1.5,0.28,TRAIL
2004-01-30,2004-02-02,SOYBEANS,1.5,-4.85,TRAIL
2004-01-15,2004-02-03,NIKKEI,3.0,-0.65,TRAIL
2003-11-24,2004-02-04,DAX,3.0,23.38,TRAIL
2003-11-25,2004-02-04,XLE,3.0,48.34,TRAIL
2003-12-17,2004-02-04,COFFEE,2.5,46.81,TRAIL
2004-01-28,2004-02-04,RUSSELL2000,1.5,-5.11,TRAIL
2004-02-02,2004-02-04,CRUDE,1.5,-8.06,STOP
2004-02-05,2004-02-12,SOYBEANS,2.0,-2.46,TRAIL
2004-02-02,2004-02-18,CORN,3.0,9.4,TRAIL
2004-02-10,2004-02-18,COFFEE,1.5,-7.69,STOP
2004-02-09,2004-02-20,SILVER,3.0,4.9,TRAIL
2004-02-10,2004-02-20,RUSSELL2000,1.5,-3.27,TRAIL
2004-02-17,2004-02-20,GOLD,1.5,-6.67,TRAIL
2004-02-09,2004-02-24,DAX,2.0,-5.25,TRAIL
2004-02-23,2004-02-27,WHEAT,1.5,-3.93,TRAIL
2003-11-13,2004-03-02,XLV,3.0,28.3,TRAIL
2004-02-17,2004-03-02,SOYBEANS,3.0,28.2,TRAIL
2004-02-18,2004-03-02,CORN,3.0,10.46,TRAIL
2003-12-01,2004-03-03,COPPER,3.0,108.48,TRAIL
2004-01-29,2004-03-03,HANGSENG,3.0,2.7,TRAIL
2004-02-27,2004-03-03,COTTON,1.5,-7.49,TRAIL
2004-02-06,2004-03-08,DOW,2.5,-1.5,TRAIL
2004-03-02,2004-03-08,CORN,1.5,-1.55,TRAIL
2004-03-02,2004-03-08,SOYBEANS,1.5,-3.14,TRAIL
2003-11-26,2004-03-10,XLF,3.0,29.73,TRAIL
2004-01-29,2004-03-10,SP500,3.0,-2.7,TRAIL
2004-02-27,2004-03-10,RUSSELL2000,3.0,-5.41,TRAIL
2004-03-08,2004-03-10,XLV,1.5,-3.99,TRAIL
2004-02-09,2004-03-11,XLE,3.0,5.72,TRAIL
2004-02-19,2004-03-11,FTSE,1.5,-2.34,TRAIL
2004-03-02,2004-03-11,DAX,2.0,-9.53,TRAIL
2004-02-27,2004-03-12,NIKKEI,3.0,3.28,TRAIL
2004-03-09,2004-03-12,GOLD,1.5,-3.3,TRAIL
2004-02-17,2004-03-19,PLATINUM,3.0,10.07,TRAIL
2004-02-03,2004-03-23,TNOTE10,3.0,6.01,TRAIL
2004-03-17,2004-03-23,WHEAT,2.0,10.98,TRAIL
2004-03-17,2004-03-23,XLE,1.5,-4.03,TRAIL
2004-03-08,2004-03-24,SOYBEANS,3.0,36.86,TRAIL
2004-03-09,2004-03-24,CORN,3.0,14.75,TRAIL
2004-01-30,2004-03-25,TBOND,3.0,11.03,TRAIL
2004-02-13,2004-03-25,CRUDE,3.0,8.25,TRAIL
2004-03-02,2004-03-25,NATGAS,2.5,-10.29,TRAIL
2004-03-05,2004-03-25,COFFEE,3.0,-7.39,TRAIL
2004-03-08,2004-03-25,SUGAR,3.0,19.29,TRAIL
2004-03-18,2004-03-25,COTTON,1.5,-7.86,STOP
2004-03-25,2004-03-26,SUGAR,1.5,-12.01,STOP
2004-03-19,2004-03-29,PLATINUM,3.0,-0.37,TRAIL
2004-03-24,2004-03-31,SOYBEANS,1.5,-4.18,TRAIL
2004-03-03,2004-04-05,COPPER,3.0,3.69,TRAIL
2004-03-19,2004-04-05,GOLD,3.0,2.11,TRAIL
2004-03-31,2004-04-06,SOYBEANS,2.0,2.81,TRAIL
2004-03-31,2004-04-07,PLATINUM,1.5,-3.0,TRAIL
2004-04-06,2004-04-08,SOYBEANS,1.5,-3.12,TRAIL
2004-03-23,2004-04-12,WHEAT,1.5,-2.0,TRAIL
2004-03-24,2004-04-12,CORN,3.0,12.36,TRAIL
2004-02-20,2004-04-13,SILVER,3.0,42.04,TRAIL
2004-04-01,2004-04-13,RUSSELL2000,2.5,-3.99,TRAIL
2004-04-05,2004-04-13,GOLD,2.5,-5.06,TRAIL
2004-04-12,2004-04-13,WHEAT,1.5,-5.34,TRAIL
2004-04-12,2004-04-13,CORN,1.5,-4.89,TRAIL
2004-04-08,2004-04-14,XLF,1.5,-4.06,TRAIL
2004-04-02,2004-04-15,NASDAQ,2.0,-5.35,TRAIL
2004-04-05,2004-04-15,XLK,1.5,-5.56,TRAIL
2004-03-30,2004-04-16,NATGAS,3.0,-7.1,TRAIL
2004-04-06,2004-04-20,SP500,1.5,-3.92,TRAIL
2004-04-06,2004-04-20,DOW,1.5,-3.64,TRAIL
2004-04-12,2004-04-21,PLATINUM,1.5,-6.94,TRAIL
2004-04-16,2004-04-21,COPPER,2.0,-17.33,STOP
2004-04-08,2004-04-29,XLE,3.0,1.93,TRAIL
2004-04-13,2004-04-29,RUSSELL2000,2.0,-6.34,TRAIL
2004-04-13,2004-04-29,DAX,2.5,-3.84,TRAIL
2004-04-15,2004-04-29,NASDAQ,3.0,-6.5,TRAIL
2004-04-19,2004-04-29,XLK,2.0,-5.12,TRAIL
2004-03-12,2004-04-30,NIKKEI,3.0,16.1,TRAIL
2004-04-13,2004-04-30,FTSE,3.0,-1.73,TRAIL
2004-04-22,2004-04-30,SP500,1.5,-4.29,TRAIL
2004-04-22,2004-04-30,DOW,1.5,-3.38,TRAIL
2004-04-30,2004-05-06,SOYBEANS,1.5,-2.32,TRAIL
2004-04-07,2004-05-10,SUGAR,2.5,-10.51,TRAIL
2004-04-12,2004-05-10,XLV,3.0,0.1,TRAIL
2004-05-03,2004-05-10,XLE,1.5,-8.01,STOP
2004-05-04,2004-05-10,FTSE,1.5,-5.01,TRAIL
2004-05-06,2004-05-12,SOYBEANS,2.5,-6.51,TRAIL
2004-05-13,2004-05-25,DXY,1.5,-3.46,TRAIL
2004-04-20,2004-05-27,USDJPY,3.0,5.81,TRAIL
2004-05-25,2004-05-27,WHEAT,1.5,-3.47,TRAIL
2004-05-27,2004-06-02,SILVER,1.5,-8.65,STOP
2004-05-25,2004-06-03,CORN,2.5,5.76,TRAIL
2004-04-08,2004-06-04,CRUDE,2.0,7.27,TRAIL
2004-05-27,2004-06-04,COPPER,2.0,-6.21,TRAIL
2004-04-26,2004-06-08,NATGAS,1.5,9.13,TRAIL
2004-05-25,2004-06-09,EURUSD,3.0,-1.44,TRAIL
2004-05-27,2004-06-09,GOLD,1.5,-3.95,TRAIL
2004-06-07,2004-06-09,COPPER,1.5,-11.65,STOP
2004-06-07,2004-06-09,SILVER,1.5,-6.77,TRAIL
2004-05-18,2004-06-10,SUGAR,3.0,4.97,TRAIL
2004-05-28,2004-06-14,RUSSELL2000,2.5,-4.67,TRAIL
2004-05-28,2004-06-14,NASDAQ,2.5,-2.11,TRAIL
2004-05-12,2004-06-15,COFFEE,2.5,30.69,TRAIL
2004-06-01,2004-06-16,XLV,2.5,-0.08,TRAIL
2004-05-31,2004-06-18,HANGSENG,3.0,-8.43,TRAIL
2004-06-16,2004-06-28,XLV,1.5,-2.6,TRAIL
2004-06-17,2004-06-28,SILVER,2.5,-1.06,TRAIL
2004-06-21,2004-06-28,SOYBEANS,2.5,-0.98,TRAIL
2004-05-25,2004-06-29,GBPUSD,3.0,-0.58,TRAIL
2004-06-08,2004-07-01,FTSE,1.5,-2.67,TRAIL
2004-06-07,2004-07-02,DOW,1.5,-1.56,TRAIL
2004-06-07,2004-07-05,NIKKEI,3.0,2.67,TRAIL
2004-05-27,2004-07-06,XLF,2.5,-1.53,TRAIL
2004-05-28,2004-07-06,SP500,3.0,-1.2,TRAIL
2004-05-28,2004-07-06,XLK,3.0,-7.15,TRAIL
2004-06-04,2004-07-06,DAX,3.0,-1.29,TRAIL
2004-06-14,2004-07-06,NASDAQ,3.0,-1.0,TRAIL
2004-06-15,2004-07-06,RUSSELL2000,3.0,2.37,TRAIL
2004-06-29,2004-07-07,DXY,1.5,-2.95,TRAIL
2004-07-06,2004-07-07,NATGAS,1.5,-1.26,MOM_REV
2004-06-28,2004-07-09,SOYBEANS,3.0,23.39,TRAIL
2004-07-09,2004-07-13,SOYBEANS,1.5,-6.76,TRAIL
2004-06-01,2004-07-21,XLE,3.0,18.17,TRAIL
2004-07-07,2004-07-21,GBPUSD,1.5,-1.17,TRAIL
2004-07-12,2004-07-21,EURUSD,1.5,-1.75,TRAIL
2004-07-02,2004-07-23,SILVER,3.0,16.81,TRAIL
2004-07-07,2004-07-23,COPPER,3.0,-2.39,TRAIL
2004-07-02,2004-07-27,TBOND,2.5,-3.04,TRAIL
2004-07-29,2004-08-02,NATGAS,1.5,-8.91,STOP
2004-07-21,2004-08-05,XLE,3.0,-2.82,TRAIL
2004-07-23,2004-08-06,DXY,1.5,-1.51,TRAIL
2004-07-28,2004-08-09,COPPER,3.0,-5.32,TRAIL
2004-08-02,2004-08-09,FTSE,1.5,-3.44,TRAIL
2004-06-16,2004-08-10,SUGAR,3.0,38.41,TRAIL
2004-07-30,2004-08-11,SILVER,3.0,-1.42,TRAIL
2004-07-21,2004-08-17,USDJPY,3.0,0.22,TRAIL
2004-08-13,2004-08-18,COPPER,1.5,-5.34,TRAIL
2004-07-22,2004-08-23,GBPUSD,1.5,-2.89,TRAIL
2004-08-10,2004-08-23,PLATINUM,3.0,-4.87,TRAIL
2004-07-06,2004-08-24,CRUDE,2.5,35.06,TRAIL
2004-08-16,2004-08-24,SILVER,2.5,-5.79,TRAIL
2004-08-20,2004-08-24,GOLD,1.5,-3.7,TRAIL
2004-08-24,2004-08-30,CRUDE,1.5,-9.72,STOP
2004-08-25,2004-09-03,GOLD,1.5,-2.72,TRAIL
2004-08-31,2004-09-03,SILVER,1.5,-4.83,TRAIL
2004-08-24,2004-09-07,PLATINUM,3.0,0.04,TRAIL
2004-09-02,2004-09-09,SUGAR,1.5,-8.23,STOP
2004-08-24,2004-09-10,DXY,1.5,-1.79,TRAIL
2004-08-25,2004-09-22,NIKKEI,3.0,-2.98,TRAIL
2004-09-10,2004-09-22,DOW,1.5,-2.97,TRAIL
2004-09-10,2004-09-22,XLF,1.5,-2.68,TRAIL
2004-09-09,2004-09-23,DAX,3.0,4.24,TRAIL
2004-09-10,2004-09-23,SP500,1.5,-2.08,TRAIL
2004-09-14,2004-09-23,XLV,1.5,-4.02,TRAIL
2004-09-06,2004-09-27,FTSE,1.5,-0.74,TRAIL
2004-09-10,2004-09-27,RUSSELL2000,2.0,-4.05,TRAIL
2004-09-13,2004-09-27,HANGSENG,3.0,-2.69,TRAIL
2004-09-21,2004-09-27,NATGAS,1.5,-9.25,STOP
2004-09-21,2004-09-27,NASDAQ,1.5,-4.79,TRAIL
2004-09-24,2004-09-29,PLATINUM,2.0,-2.52,TRAIL
2004-09-15,2004-09-30,DXY,1.5,-3.01,TRAIL
2004-09-17,2004-10-01,COFFEE,3.0,19.11,TRAIL
2004-09-27,2004-10-01,TBOND,1.5,-3.09,TRAIL
2004-09-14,2004-10-04,GOLD,3.0,6.14,TRAIL
2004-09-15,2004-10-08,USDJPY,3.0,-1.42,TRAIL
2004-10-01,2004-10-11,COFFEE,1.5,-8.05,STOP
2004-10-05,2004-10-12,GOLD,2.0,-1.48,TRAIL
2004-09-02,2004-10-13,XLE,3.0,19.21,TRAIL
2004-09-22,2004-10-13,COPPER,3.0,-18.91,STOP
2004-09-30,2004-10-14,HANGSENG,3.0,-1.94,TRAIL
2004-09-23,2004-10-15,DAX,3.0,1.26,TRAIL
2004-09-28,2004-10-15,FTSE,3.0,3.64,TRAIL
2004-09-23,2004-10-22,SUGAR,3.0,39.97,TRAIL
2004-10-19,2004-10-25,FTSE,1.5,-2.92,TRAIL
2004-10-15,2004-10-27,PLATINUM,1.5,-2.44,TRAIL
2004-09-22,2004-10-28,CRUDE,3.0,15.95,TRAIL
2004-10-22,2004-11-01,SUGAR,1.5,-7.89,STOP
2004-10-12,2004-11-02,GOLD,3.0,3.54,TRAIL
2004-10-15,2004-11-02,XLE,2.5,-5.33,TRAIL
2004-10-19,2004-11-02,SILVER,3.0,-7.07,TRAIL
2004-10-14,2004-11-05,TNOTE10,1.5,-1.47,TRAIL
2004-10-14,2004-11-08,TBOND,1.5,-1.9,TRAIL
2004-09-28,2004-11-09,NATGAS,1.5,45.82,TRAIL
2004-11-04,2004-11-11,PLATINUM,1.5,1.06,MOM_REV
2004-11-01,2004-11-22,FTSE,3.0,3.81,TRAIL
2004-11-15,2004-11-22,NIKKEI,1.5,-5.05,TRAIL
2004-11-11,2004-11-30,COPPER,3.0,10.88,TRAIL
2004-11-29,2004-12-01,NATGAS,1.5,-8.12,STOP
2004-11-12,2004-12-02,XLE,3.0,-2.17,TRAIL
2004-10-27,2004-12-07,RUSSELL2000,3.0,19.58,TRAIL
2004-11-03,2004-12-08,GOLD,3.0,8.9,TRAIL
2004-11-04,2004-12-08,SILVER,3.0,-10.95,TRAIL
2004-11-30,2004-12-08,COPPER,1.5,-7.02,TRAIL
2004-11-23,2004-12-09,SUGAR,1.5,-3.39,TRAIL
2004-09-09,2004-12-10,EURUSD,3.0,23.87,TRAIL
2004-10-28,2004-12-10,HANGSENG,3.0,18.04,TRAIL
2004-12-14,2004-12-20,NATGAS,2.0,-10.39,STOP
2004-12-07,2004-12-21,TBOND,2.5,0.49,TRAIL
2004-12-08,2004-12-22,TNOTE10,1.5,-1.22,TRAIL
2004-12-17,2004-12-27,CRUDE,1.5,-16.08,STOP
2004-10-08,2005-01-03,GBPUSD,3.0,18.28,TRAIL
2004-12-08,2005-01-03,RUSSELL2000,3.0,4.42,TRAIL
2004-12-15,2005-01-03,XLE,2.0,-7.95,TRAIL
2004-10-27,2005-01-04,SP500,3.0,16.7,TRAIL
2004-10-28,2005-01-04,NASDAQ,3.0,20.06,TRAIL
2004-10-28,2005-01-04,XLK,3.0,15.0,TRAIL
2004-11-04,2005-01-04,DOW,3.0,9.19,TRAIL
2004-12-10,2005-01-04,EURUSD,3.0,1.5,TRAIL
2004-12-14,2005-01-04,COPPER,3.0,-10.18,TRAIL
2004-11-04,2005-01-05,COFFEE,2.5,66.11,TRAIL
2004-12-14,2005-01-05,HANGSENG,3.0,-5.96,TRAIL
2004-12-20,2005-01-07,SUGAR,3.0,-5.74,TRAIL
2004-10-28,2005-01-11,XLF,3.0,16.66,TRAIL
2004-11-01,2005-01-12,DAX,3.0,14.67,TRAIL
2004-11-22,2005-01-12,FTSE,3.0,3.2,TRAIL
2004-12-30,2005-01-13,XLV,1.5,-3.76,TRAIL
2005-01-12,2005-01-20,SILVER,1.5,-4.12,TRAIL
2005-01-14,2005-01-21,NIKKEI,1.5,-2.62,TRAIL
2005-01-07,2005-01-27,COTTON,3.0,-17.4,STOP
2005-01-19,2005-02-01,SUGAR,3.0,2.71,TRAIL
2005-01-26,2005-02-01,COPPER,1.5,-3.48,TRAIL
2005-01-04,2005-02-03,CRUDE,2.0,11.57,TRAIL
2005-01-27,2005-02-07,NATGAS,2.0,-10.15,STOP
2005-02-02,2005-02-07,SILVER,1.5,-4.34,TRAIL
2005-01-11,2005-02-08,PLATINUM,3.0,-2.88,TRAIL
2005-02-02,2005-02-08,GBPUSD,1.5,-2.45,TRAIL
2005-01-18,2005-02-16,TBOND,3.0,3.54,TRAIL
2005-01-21,2005-02-16,TNOTE10,1.5,-0.25,TRAIL
2005-02-04,2005-02-18,XLF,1.5,-3.06,TRAIL
2005-02-02,2005-02-22,DAX,3.0,1.88,TRAIL
2005-02-03,2005-02-22,RUSSELL2000,3.0,-5.43,TRAIL
2005-02-03,2005-02-22,SP500,3.0,-1.44,TRAIL
2005-02-04,2005-02-22,DOW,2.5,-2.45,TRAIL
2005-02-14,2005-02-22,NASDAQ,1.5,-3.79,TRAIL
2005-02-14,2005-02-22,XLK,1.5,-3.34,TRAIL
2005-01-13,2005-02-23,FTSE,3.0,11.76,TRAIL
2005-02-22,2005-02-23,COTTON,1.5,-1.09,MOM_REV
2005-02-04,2005-02-24,SUGAR,1.5,-5.45,TRAIL
2005-02-16,2005-02-28,TBOND,1.5,-2.81,TRAIL
2005-02-10,2005-03-01,SILVER,3.0,11.77,TRAIL
2005-02-23,2005-03-01,WHEAT,2.0,8.86,TRAIL
2005-02-07,2005-03-02,HANGSENG,3.0,1.21,TRAIL
2005-02-14,2005-03-03,GOLD,3.0,2.89,TRAIL
2005-03-01,2005-03-07,WHEAT,1.5,-3.07,TRAIL
2005-01-14,2005-03-10,XLE,3.0,49.29,TRAIL
2005-02-25,2005-03-10,RUSSELL2000,2.0,-3.32,TRAIL
2005-02-25,2005-03-10,DAX,3.0,-0.76,TRAIL
2005-02-24,2005-03-11,SP500,3.0,-0.03,TRAIL
2005-02-04,2005-03-15,XLV,3.0,0.7,TRAIL
2005-02-23,2005-03-15,DOW,3.0,2.0,TRAIL
2005-02-25,2005-03-15,NASDAQ,2.0,-2.95,TRAIL
2005-03-03,2005-03-15,GOLD,3.0,7.68,TRAIL
2005-02-23,2005-03-16,FTSE,1.5,-1.53,TRAIL
2005-03-01,2005-03-16,XLK,1.5,-4.61,TRAIL
2005-02-07,2005-03-17,NIKKEI,3.0,7.19,TRAIL
2005-02-28,2005-03-18,SOYBEANS,3.0,16.33,TRAIL
2005-03-07,2005-03-18,WHEAT,3.0,30.86,TRAIL
2005-03-11,2005-03-18,CORN,3.0,3.1,TRAIL
2005-02-14,2005-03-21,GBPUSD,3.0,1.4,TRAIL
2005-02-16,2005-03-21,EURUSD,3.0,3.18,TRAIL
2005-03-02,2005-03-21,SILVER,3.0,-8.62,TRAIL
2005-03-10,2005-03-21,COTTON,2.0,-9.61,TRAIL
2005-03-15,2005-03-21,GOLD,1.5,-3.33,TRAIL
2005-03-15,2005-03-21,SUGAR,1.5,-6.24,TRAIL
2005-03-15,2005-03-21,DAX,1.5,-3.12,TRAIL
2005-03-18,2005-03-21,WHEAT,1.5,-5.89,TRAIL
2005-03-18,2005-03-21,SOYBEANS,1.5,-5.2,TRAIL
2005-03-10,2005-03-22,PLATINUM,3.0,-1.55,TRAIL
2005-01-18,2005-03-23,COFFEE,3.0,59.91,TRAIL
2005-02-10,2005-03-23,COPPER,3.0,-4.69,TRAIL
2005-03-18,2005-03-23,CORN,1.5,-6.14,TRAIL
2005-03-11,2005-03-29,XLE,3.0,-8.85,TRAIL
2005-03-18,2005-03-29,NIKKEI,1.5,-3.54,TRAIL
2005-03-21,2005-03-30,WHEAT,1.5,-3.94,TRAIL
2005-03-21,2005-04-01,SOYBEANS,2.0,-3.99,TRAIL
2005-02-18,2005-04-08,CRUDE,2.5,25.7,TRAIL
2005-02-25,2005-04-08,NATGAS,3.0,23.54,TRAIL
2005-03-31,2005-04-13,COPPER,2.0,-4.51,TRAIL
2005-04-01,2005-04-13,XLE,1.5,-8.91,STOP
2005-04-08,2005-04-15,DAX,1.5,-3.01,TRAIL
2005-03-31,2005-04-27,PLATINUM,3.0,0.96,TRAIL
2005-04-22,2005-04-27,CRUDE,1.5,-10.24,STOP
2005-04-25,2005-04-27,CORN,1.5,-3.52,TRAIL
2005-04-20,2005-04-28,SOYBEANS,1.5,-3.03,TRAIL
2005-04-25,2005-04-28,XLE,1.5,-9.15,STOP
2005-04-20,2005-04-29,EURUSD,1.5,-2.42,TRAIL
2005-04-21,2005-04-29,SILVER,1.5,-6.47,TRAIL
2005-04-21,2005-05-02,GOLD,2.0,-1.62,TRAIL
2005-04-25,2005-05-02,COFFEE,2.0,-5.95,TRAIL
2005-04-20,2005-05-04,COPPER,1.5,-5.74,TRAIL
2005-03-22,2005-05-05,COTTON,2.0,12.53,TRAIL
2005-04-19,2005-05-06,GBPUSD,1.5,-2.0,TRAIL
2005-05-04,2005-05-12,EURUSD,1.5,-3.12,TRAIL
2005-05-05,2005-05-12,SOYBEANS,2.0,-1.2,TRAIL
2005-04-27,2005-05-13,PLATINUM,1.5,-1.37,TRAIL
2005-05-10,2005-05-13,COTTON,1.5,-5.85,TRAIL
2005-05-09,2005-05-16,COFFEE,1.5,-9.51,STOP
2005-04-26,2005-05-17,HANGSENG,3.0,-4.17,TRAIL
2005-05-24,2005-05-27,COPPER,1.5,-1.89,TRAIL
2005-05-16,2005-06-02,CORN,3.0,14.49,TRAIL
2005-05-18,2005-06-02,WHEAT,3.0,8.1,TRAIL
2005-05-18,2005-06-02,SOYBEANS,3.0,16.7,TRAIL
2005-05-18,2005-06-06,USDJPY,3.0,-0.39,TRAIL
2005-06-02,2005-06-08,WHEAT,1.5,-4.75,TRAIL
2005-06-02,2005-06-10,CORN,2.5,-8.06,TRAIL
2005-04-12,2005-06-13,TBOND,3.0,10.22,TRAIL
2005-05-18,2005-06-13,TNOTE10,2.5,-0.38,TRAIL
2005-06-14,2005-06-22,SILVER,1.5,-0.33,TRAIL
2005-05-23,2005-06-23,DOW,1.5,-1.46,TRAIL
2005-06-14,2005-06-23,CORN,3.0,10.27,TRAIL
2005-05-18,2005-06-24,SP500,3.0,1.52,TRAIL
2005-03-30,2005-06-27,XLV,3.0,9.1,TRAIL
2005-05-17,2005-06-27,DAX,3.0,19.2,TRAIL
2005-05-17,2005-06-27,FTSE,3.0,8.88,TRAIL
2005-06-02,2005-06-27,SOYBEANS,3.0,11.67,TRAIL
2005-06-06,2005-06-27,NATGAS,3.0,0.67,TRAIL
2005-06-15,2005-06-27,WHEAT,3.0,7.43,TRAIL
2005-06-23,2005-06-27,CORN,1.5,-3.31,TRAIL
2005-05-27,2005-06-28,COPPER,3.0,23.01,TRAIL
2005-05-27,2005-06-30,CRUDE,2.5,22.42,TRAIL
2005-06-01,2005-07-01,PLATINUM,3.0,0.65,TRAIL
2005-06-22,2005-07-01,TNOTE10,1.5,-1.18,TRAIL
2005-06-23,2005-07-05,TBOND,1.5,-1.94,TRAIL
2005-05-30,2005-07-07,HANGSENG,3.0,4.02,TRAIL
2005-07-05,2005-07-08,SOYBEANS,1.5,-7.74,STOP
2005-07-05,2005-07-11,WHEAT,1.5,-4.45,TRAIL
2005-05-09,2005-07-12,DXY,3.0,13.36,TRAIL
2005-06-27,2005-07-12,COTTON,3.0,-3.55,TRAIL
2005-07-05,2005-07-19,CORN,3.0,22.73,TRAIL
2005-07-13,2005-07-19,WHEAT,2.0,3.92,TRAIL
2005-07-13,2005-07-19,SOYBEANS,1.5,-6.11,TRAIL
2005-07-01,2005-07-20,CRUDE,1.0,-3.46,TRAIL
2005-06-10,2005-07-21,USDJPY,3.0,4.91,TRAIL
2005-07-19,2005-07-21,WHEAT,1.5,-5.1,TRAIL
2005-07-19,2005-07-21,CORN,1.5,-8.75,STOP
2005-07-13,2005-08-03,DXY,1.5,-2.22,TRAIL
2005-07-21,2005-08-03,CORN,3.0,-8.97,TRAIL
2005-07-05,2005-08-04,RUSSELL2000,3.0,8.55,TRAIL
2005-04-27,2005-08-05,XLF,3.0,15.85,TRAIL
2005-05-23,2005-08-05,NIKKEI,3.0,16.34,TRAIL
2005-06-29,2005-08-05,DAX,3.0,15.94,TRAIL
2005-07-05,2005-08-05,SP500,3.0,5.34,TRAIL
2005-07-28,2005-08-05,WHEAT,1.5,-5.86,TRAIL
2005-07-08,2005-08-08,XLV,3.0,1.63,TRAIL
2005-07-08,2005-08-08,NASDAQ,3.0,7.31,TRAIL
2005-07-19,2005-08-08,DOW,1.5,-1.54,TRAIL
2005-08-03,2005-08-08,COFFEE,1.5,-4.89,MOM_REV
2005-08-03,2005-08-09,COPPER,1.5,-5.0,TRAIL
2005-05-11,2005-08-10,SUGAR,3.0,47.35,TRAIL
2005-07-08,2005-08-10,XLK,3.0,6.75,TRAIL
2005-07-12,2005-08-10,COTTON,3.0,-9.81,TRAIL
2005-07-25,2005-08-10,USDJPY,1.5,-1.33,TRAIL
2005-08-05,2005-08-15,SILVER,1.5,-3.87,TRAIL
2005-05-26,2005-08-16,XLE,3.0,53.97,TRAIL
2005-07-21,2005-08-16,PLATINUM,3.0,-0.1,TRAIL
2005-08-05,2005-08-16,DAX,3.0,3.52,TRAIL
2005-06-27,2005-08-17,FTSE,3.0,14.82,TRAIL
2005-08-05,2005-08-17,CRUDE,3.0,4.53,TRAIL
2005-08-10,2005-08-17,COPPER,2.5,5.04,TRAIL
2005-07-05,2005-08-18,NATGAS,3.0,58.31,TRAIL
2005-07-12,2005-08-18,HANGSENG,3.0,21.23,TRAIL
2005-08-04,2005-08-19,GOLD,3.0,-0.48,TRAIL
2005-08-09,2005-08-23,XLV,1.5,-2.78,TRAIL
2005-08-11,2005-08-24,SP500,1.5,-3.42,TRAIL
2005-08-18,2005-08-24,HANGSENG,1.5,-2.72,TRAIL
2005-08-16,2005-08-26,DAX,2.0,-4.1,TRAIL
2005-08-22,2005-08-26,FTSE,1.5,-2.55,TRAIL
2005-08-19,2005-08-30,GOLD,1.5,-2.06,TRAIL
2005-08-16,2005-09-07,TBOND,3.0,1.29,TRAIL
2005-08-17,2005-09-07,CRUDE,2.5,4.43,TRAIL
2005-09-06,2005-09-09,COTTON,1.5,-1.19,MOM_REV
2005-08-19,2005-09-15,TNOTE10,3.0,0.67,TRAIL
2005-09-06,2005-09-15,RUSSELL2000,1.5,-2.01,TRAIL
2005-09-07,2005-09-15,NASDAQ,1.5,-1.79,TRAIL
2005-08-17,2005-09-16,COPPER,2.5,-6.97,TRAIL
2005-09-06,2005-09-20,XLV,1.5,-2.26,TRAIL
2005-09-06,2005-09-20,SP500,1.5,-1.47,TRAIL
2005-09-05,2005-09-21,DAX,3.0,-2.12,TRAIL
2005-09-06,2005-09-21,XLF,1.5,-3.27,TRAIL
2005-09-09,2005-09-21,XLK,1.5,-4.06,TRAIL
2005-09-15,2005-09-21,RUSSELL2000,1.5,-3.49,TRAIL
2005-09-16,2005-09-21,NASDAQ,1.5,-3.73,TRAIL
2005-09-16,2005-09-21,DOW,1.5,-3.72,TRAIL
2005-09-01,2005-09-23,GOLD,3.0,14.38,TRAIL
2005-09-07,2005-09-23,TBOND,1.5,-1.93,TRAIL
2005-08-16,2005-10-04,XLE,3.0,19.49,TRAIL
2005-08-29,2005-10-04,PLATINUM,3.0,3.35,TRAIL
2005-09-20,2005-10-05,CRUDE,1.5,-7.79,STOP
2005-09-29,2005-10-05,SP500,1.5,-3.82,TRAIL
2005-09-29,2005-10-05,DOW,1.5,-3.35,TRAIL
2005-09-30,2005-10-05,RUSSELL2000,1.5,-5.13,TRAIL
2005-08-09,2005-10-06,NIKKEI,3.0,36.79,TRAIL
2005-09-01,2005-10-06,HANGSENG,3.0,-6.03,TRAIL
2005-09-01,2005-10-06,FTSE,3.0,2.47,TRAIL
2005-09-12,2005-10-06,DXY,3.0,3.25,TRAIL
2005-09-26,2005-10-07,DAX,3.0,0.58,TRAIL
2005-09-29,2005-10-07,WHEAT,3.0,4.05,TRAIL
2005-09-29,2005-10-12,XLF,1.5,-4.97,TRAIL
2005-09-19,2005-10-14,COPPER,3.0,19.83,TRAIL
2005-10-06,2005-10-14,PLATINUM,3.0,-1.07,TRAIL
2005-10-07,2005-10-14,WHEAT,3.0,0.89,TRAIL
2005-10-14,2005-10-18,WHEAT,1.5,-4.54,TRAIL
2005-09-22,2005-10-19,SILVER,3.0,9.87,TRAIL
2005-09-23,2005-10-19,GOLD,3.0,0.0,TRAIL
2005-10-06,2005-10-19,NIKKEI,2.0,-3.44,TRAIL
2005-10-07,2005-10-19,DAX,1.5,-4.85,TRAIL
2005-08-18,2005-10-20,NATGAS,2.0,90.7,TRAIL
2005-09-29,2005-10-20,COTTON,3.0,0.62,TRAIL
2005-10-17,2005-10-20,PLATINUM,1.5,-2.47,TRAIL
2005-10-25,2005-10-28,NATGAS,1.5,-13.42,STOP
2005-08-30,2005-10-31,SUGAR,3.0,35.87,TRAIL
2005-10-19,2005-10-31,SILVER,3.0,-1.78,TRAIL
2005-10-25,2005-10-31,GOLD,1.5,-2.44,TRAIL
2005-11-03,2005-11-10,XLE,1.5,-11.58,STOP
2005-10-14,2005-11-29,COPPER,3.0,30.09,TRAIL
2005-11-02,2005-11-30,SP500,3.0,8.57,TRAIL
2005-11-03,2005-11-30,FTSE,3.0,-0.48,TRAIL
2005-11-10,2005-11-30,XLV,1.5,-1.5,TRAIL
2005-11-10,2005-12-08,HANGSENG,3.0,5.04,TRAIL
2005-10-07,2005-12-12,DXY,3.0,3.97,TRAIL
2005-11-11,2005-12-13,SILVER,3.0,29.38,TRAIL
2005-09-12,2005-12-14,USDJPY,3.0,19.86,TRAIL
2005-11-16,2005-12-14,GOLD,3.0,17.69,TRAIL
2005-10-27,2005-12-15,NIKKEI,3.0,41.08,TRAIL
2005-12-08,2005-12-16,CRUDE,2.5,-10.72,TRAIL
2005-11-02,2005-12-19,NASDAQ,3.0,10.97,TRAIL
2005-11-03,2005-12-19,RUSSELL2000,3.0,6.14,TRAIL
2005-11-03,2005-12-19,XLK,3.0,9.46,TRAIL
2005-11-16,2005-12-19,XLE,3.0,10.66,TRAIL
2005-12-01,2005-12-22,NATGAS,1.0,-0.8,TRAIL
2005-10-24,2005-12-29,PLATINUM,3.0,10.93,TRAIL
2005-11-29,2005-12-29,COPPER,3.0,18.23,TRAIL
2005-11-30,2005-12-29,SP500,3.0,1.19,TRAIL
2005-12-23,2005-12-29,WHEAT,2.5,2.06,TRAIL
2005-12-28,2005-12-29,CORN,1.5,-3.64,TRAIL
2005-10-20,2005-12-30,XLF,3.0,27.61,TRAIL
2005-11-02,2005-12-30,DOW,3.0,7.01,TRAIL
2005-12-12,2005-12-30,HANGSENG,3.0,-2.16,TRAIL
2005-12-28,2006-01-04,DXY,1.5,-3.48,TRAIL
2005-12-29,2006-01-06,WHEAT,2.5,-4.82,TRAIL
2005-12-15,2006-01-17,NIKKEI,3.0,10.85,TRAIL
2006-01-06,2006-01-17,WHEAT,2.0,-1.21,TRAIL
2005-11-07,2006-01-18,DAX,3.0,22.18,TRAIL
2005-12-13,2006-01-18,SILVER,3.0,11.4,TRAIL
2005-12-14,2006-01-18,GOLD,3.0,22.03,TRAIL
2006-01-03,2006-01-18,XLF,3.0,-1.02,TRAIL
2005-12-02,2006-01-20,XLV,3.0,8.61,TRAIL
2006-01-03,2006-01-20,SP500,3.0,-1.73,TRAIL
2006-01-04,2006-01-20,COPPER,1.5,-5.85,TRAIL
2006-01-17,2006-01-20,NASDAQ,1.5,-3.58,TRAIL
2006-01-17,2006-01-23,XLK,1.5,-4.93,TRAIL
2005-12-01,2006-01-24,FTSE,3.0,8.08,TRAIL
2006-01-03,2006-01-27,EURUSD,3.0,1.52,TRAIL
2006-01-25,2006-02-01,WHEAT,1.5,-1.21,TRAIL
2005-12-29,2006-02-02,CRUDE,3.0,21.68,TRAIL
2006-01-04,2006-02-03,HANGSENG,3.0,4.53,TRAIL
2006-01-27,2006-02-03,SP500,1.5,-2.3,TRAIL
2005-12-27,2006-02-06,COFFEE,1.5,9.89,TRAIL
2006-01-03,2006-02-06,GBPUSD,3.0,-0.26,TRAIL
2006-01-27,2006-02-06,XLK,1.5,-3.39,TRAIL
2005-12-14,2006-02-07,COTTON,3.0,10.48,TRAIL
2005-12-20,2006-02-07,XLE,3.0,15.25,TRAIL
2006-01-18,2006-02-07,GOLD,3.0,4.03,TRAIL
2006-01-19,2006-02-07,SILVER,3.0,10.66,TRAIL
2006-01-26,2006-02-07,NASDAQ,2.5,-4.17,TRAIL
2006-02-03,2006-02-07,CORN,1.5,-4.83,TRAIL
2005-11-14,2006-02-10,SUGAR,2.5,125.74,TRAIL
2005-12-22,2006-02-10,RUSSELL2000,3.0,14.49,TRAIL
2006-01-25,2006-02-10,COPPER,3.0,1.01,TRAIL
2006-02-02,2006-02-10,WHEAT,3.0,6.91,TRAIL
2006-01-27,2006-02-13,NIKKEI,3.0,-10.63,TRAIL
2006-02-07,2006-02-13,SILVER,1.5,-4.48,TRAIL
2006-02-09,2006-02-13,GOLD,1.5,-6.78,TRAIL
2006-02-10,2006-02-13,WHEAT,1.5,-3.06,TRAIL
2006-02-09,2006-02-14,CORN,1.5,-4.49,TRAIL
2006-02-17,2006-02-21,SOYBEANS,1.5,-3.43,TRAIL
2006-02-14,2006-02-22,CORN,2.5,3.14,TRAIL
2006-02-01,2006-02-24,USDJPY,1.5,-1.44,TRAIL
2006-02-13,2006-02-27,COPPER,2.5,-10.78,TRAIL
2006-02-22,2006-02-27,SUGAR,1.5,-14.05,STOP
2006-02-13,2006-03-01,WHEAT,3.0,12.72,TRAIL
2006-02-03,2006-03-02,DXY,1.5,-0.55,TRAIL
2006-02-08,2006-03-02,COTTON,3.0,-5.86,TRAIL
2006-01-26,2006-03-03,DAX,3.0,9.33,TRAIL
2006-01-27,2006-03-06,XLV,3.0,-0.93,TRAIL
2006-02-22,2006-03-06,CORN,3.0,2.03,TRAIL
2006-02-15,2006-03-07,RUSSELL2000,3.0,-1.67,TRAIL
2006-02-20,2006-03-07,HANGSENG,3.0,0.07,TRAIL
2006-02-28,2006-03-07,GOLD,1.5,-2.38,TRAIL
2006-03-02,2006-03-08,COPPER,1.5,-6.79,TRAIL
2006-02-16,2006-03-09,NASDAQ,1.5,-2.94,TRAIL
2006-02-16,2006-03-09,SP500,1.5,-2.0,TRAIL
2006-03-01,2006-03-13,WHEAT,3.0,-2.27,TRAIL
2006-03-10,2006-03-13,CORN,1.5,-3.65,TRAIL
2006-03-07,2006-03-15,DXY,1.5,-1.77,TRAIL
2006-03-08,2006-03-16,USDJPY,1.5,-1.2,TRAIL
2006-03-15,2006-03-17,CORN,1.5,-5.07,TRAIL
2006-03-16,2006-03-20,CRUDE,1.5,-7.46,MOM_REV
2005-12-29,2006-03-21,PLATINUM,3.0,22.25,TRAIL
2006-03-16,2006-03-23,EURUSD,1.5,-2.5,TRAIL
2006-03-14,2006-03-28,XLV,2.0,-2.48,TRAIL
2006-02-15,2006-03-30,XLF,3.0,3.19,TRAIL
2006-02-14,2006-03-31,DOW,3.0,2.2,TRAIL
2006-03-27,2006-03-31,SOYBEANS,2.0,-2.76,TRAIL
2006-03-28,2006-04-07,SUGAR,1.5,-8.67,STOP
2006-02-16,2006-04-11,XLK,3.0,-0.27,TRAIL
2006-03-10,2006-04-11,DAX,3.0,5.35,TRAIL
2006-03-13,2006-04-11,SP500,3.0,0.57,TRAIL
2006-03-14,2006-04-11,RUSSELL2000,3.0,2.45,TRAIL
2006-03-14,2006-04-11,NASDAQ,3.0,1.89,TRAIL
2006-03-30,2006-04-12,CORN,3.0,12.18,TRAIL
2006-04-11,2006-04-12,WHEAT,1.5,-2.86,TRAIL
2006-03-13,2006-04-17,NIKKEI,3.0,11.71,TRAIL
2006-04-12,2006-04-17,WHEAT,1.5,-4.58,TRAIL
2006-03-24,2006-04-18,USDJPY,2.0,-0.97,TRAIL
2006-02-21,2006-04-20,SILVER,3.0,93.56,TRAIL
2006-04-12,2006-04-24,CORN,1.5,-2.69,TRAIL
2006-04-18,2006-04-24,NIKKEI,1.5,-2.77,TRAIL
2006-04-07,2006-04-25,COFFEE,3.0,-4.57,TRAIL
2006-03-14,2006-04-27,XLE,3.0,18.54,TRAIL
2006-03-14,2006-04-27,COPPER,3.0,132.74,TRAIL
2006-03-28,2006-04-27,CRUDE,3.0,22.25,TRAIL
2006-04-19,2006-04-27,WHEAT,1.5,-5.18,TRAIL
2006-01-25,2006-04-28,FTSE,3.0,16.76,TRAIL
2006-04-13,2006-05-01,NASDAQ,3.0,-2.75,TRAIL
2006-04-18,2006-05-01,XLK,1.5,-4.24,TRAIL
2006-04-28,2006-05-02,CORN,1.5,-3.15,TRAIL
2006-04-27,2006-05-04,CRUDE,3.0,-4.35,TRAIL
2006-04-25,2006-05-08,SOYBEANS,3.0,3.36,TRAIL
2006-04-18,2006-05-11,RUSSELL2000,3.0,-4.81,TRAIL
2006-05-02,2006-05-11,COFFEE,1.5,-10.4,STOP
2006-04-04,2006-05-12,DOW,3.0,4.74,TRAIL
2006-04-18,2006-05-12,SP500,3.0,-3.68,TRAIL
2006-04-20,2006-05-12,XLF,3.0,0.36,TRAIL
2006-04-24,2006-05-12,DAX,2.0,-5.36,TRAIL
2006-05-02,2006-05-12,FTSE,1.5,-4.19,TRAIL
2006-03-15,2006-05-15,GOLD,3.0,70.78,TRAIL
2006-03-15,2006-05-15,HANGSENG,3.0,14.78,TRAIL
2006-04-25,2006-05-15,SILVER,3.0,16.51,TRAIL
2006-04-28,2006-05-15,XLE,3.0,-8.35,TRAIL
2006-04-18,2006-05-17,SUGAR,2.5,-8.42,TRAIL
2006-05-10,2006-05-17,CRUDE,1.0,-4.76,TRAIL
2006-05-15,2006-05-17,DOW,1.5,-2.93,TRAIL
2006-04-27,2006-05-19,COPPER,3.0,35.25,TRAIL
2006-05-08,2006-05-19,SOYBEANS,3.0,0.51,TRAIL
2006-05-12,2006-05-19,CORN,3.0,5.44,TRAIL
2006-05-15,2006-05-19,GOLD,1.5,-5.9,TRAIL
2006-05-16,2006-05-22,XLV,1.5,-3.64,TRAIL
2006-05-01,2006-05-25,WHEAT,3.0,47.77,TRAIL
2006-05-25,2006-05-31,WHEAT,1.5,-5.86,TRAIL
2006-03-21,2006-06-01,PLATINUM,2.5,46.85,TRAIL
2006-05-19,2006-06-01,COPPER,1.5,-3.07,TRAIL
2006-05-19,2006-06-06,CORN,2.0,-3.96,TRAIL
2006-06-02,2006-06-06,WHEAT,1.5,-6.97,TRAIL
2006-06-02,2006-06-06,SOYBEANS,1.5,-3.82,TRAIL
2006-04-04,2006-06-07,GBPUSD,3.0,17.4,TRAIL
2006-03-24,2006-06-08,EURUSD,3.0,15.3,TRAIL
2006-06-07,2006-06-09,SOYBEANS,1.5,-2.83,TRAIL
2006-06-01,2006-06-12,XLV,1.5,-3.17,TRAIL
2006-05-26,2006-06-13,CRUDE,3.0,-11.81,TRAIL
2006-05-23,2006-06-21,COTTON,3.0,0.65,TRAIL
2006-06-28,2006-06-30,USDJPY,1.5,-2.46,TRAIL
2006-07-06,2006-07-07,WHEAT,1.5,-3.27,TRAIL
2006-06-29,2006-07-12,SUGAR,3.0,12.28,TRAIL
2006-07-11,2006-07-12,WHEAT,1.5,-3.02,TRAIL
2006-06-20,2006-07-13,FTSE,3.0,5.66,TRAIL
2006-06-29,2006-07-13,SP500,1.5,-3.6,TRAIL
2006-06-29,2006-07-13,DOW,1.5,-4.62,TRAIL
2006-07-03,2006-07-13,DAX,1.5,-4.87,TRAIL
2006-07-05,2006-07-13,RUSSELL2000,1.5,-6.78,TRAIL
2006-07-06,2006-07-13,XLF,1.5,-3.51,TRAIL
2006-07-12,2006-07-13,WHEAT,1.5,-5.38,TRAIL
2006-06-26,2006-07-14,HANGSENG,3.0,6.28,TRAIL
2006-07-07,2006-07-14,EURUSD,1.5,-2.11,TRAIL
2006-07-13,2006-07-14,WHEAT,1.5,-3.99,TRAIL
2006-07-07,2006-07-17,GBPUSD,1.5,-2.58,TRAIL
2006-07-10,2006-07-17,SOYBEANS,1.5,-3.23,TRAIL
2006-06-23,2006-07-18,CRUDE,3.0,11.3,TRAIL
2006-06-30,2006-07-18,PLATINUM,2.5,-2.43,TRAIL
2006-07-07,2006-07-18,GOLD,3.0,-2.13,TRAIL
2006-07-10,2006-07-18,CORN,3.0,-1.51,TRAIL
2006-07-11,2006-07-18,SILVER,1.5,-13.27,STOP
2006-07-12,2006-07-19,SUGAR,1.5,-8.39,STOP
2006-06-23,2006-07-20,XLE,3.0,10.4,TRAIL
2006-07-06,2006-07-20,COPPER,3.0,-18.54,STOP
2006-07-18,2006-07-21,CORN,1.5,-5.63,TRAIL
2006-07-18,2006-07-21,GOLD,1.5,-2.08,TRAIL
2006-07-18,2006-07-24,PLATINUM,1.5,-3.07,TRAIL
2006-07-17,2006-07-25,WHEAT,3.0,0.19,TRAIL
2006-07-04,2006-07-28,USDJPY,3.0,-0.93,TRAIL
2006-07-24,2006-08-07,FTSE,3.0,-0.26,TRAIL
2006-07-25,2006-08-08,WHEAT,2.5,-5.88,TRAIL
2006-08-02,2006-08-08,CORN,1.5,-6.98,TRAIL
2006-07-19,2006-08-10,SILVER,3.0,27.54,TRAIL
2006-08-01,2006-08-11,COPPER,2.0,-6.61,TRAIL
2006-07-18,2006-08-14,CRUDE,3.0,-0.04,TRAIL
2006-07-27,2006-08-15,GOLD,3.0,-4.7,TRAIL
2006-07-20,2006-08-18,GBPUSD,3.0,5.26,TRAIL
2006-07-14,2006-08-21,HANGSENG,3.0,16.22,TRAIL
2006-08-10,2006-08-28,SILVER,3.0,-1.39,TRAIL
2006-07-25,2006-08-30,XLE,3.0,-5.46,TRAIL
2006-07-24,2006-09-07,DAX,3.0,10.52,TRAIL
2006-07-25,2006-09-07,XLV,3.0,5.84,TRAIL
2006-07-25,2006-09-07,SP500,3.0,5.94,TRAIL
2006-08-09,2006-09-07,FTSE,3.0,-0.12,TRAIL
2006-08-18,2006-09-07,GBPUSD,3.0,-0.95,TRAIL
2006-08-22,2006-09-07,HANGSENG,3.0,-0.93,TRAIL
2006-09-05,2006-09-07,RUSSELL2000,1.5,-4.34,TRAIL
2006-07-21,2006-09-08,EURUSD,3.0,-0.78,TRAIL
2006-08-30,2006-09-08,SILVER,3.0,-8.04,TRAIL
2006-08-17,2006-09-11,NIKKEI,3.0,-4.24,TRAIL
2006-09-05,2006-09-11,COPPER,1.5,-8.92,STOP
2006-08-30,2006-09-13,WHEAT,2.5,-10.06,TRAIL
2006-07-27,2006-09-28,PLATINUM,1.5,-11.59,STOP
2006-09-21,2006-09-28,GBPUSD,1.5,-2.01,TRAIL
2006-09-26,2006-10-02,COFFEE,1.5,-4.7,MOM_REV
2006-09-27,2006-10-03,COPPER,1.5,-8.16,STOP
2006-09-22,2006-10-06,EURUSD,1.5,-2.3,TRAIL
2006-08-31,2006-10-10,TNOTE10,2.5,-0.4,TRAIL
2006-09-21,2006-10-10,TBOND,1.5,-1.34,TRAIL
2006-10-19,2006-10-20,SILVER,1.5,-2.42,MOM_REV
2006-10-11,2006-10-24,COPPER,3.0,0.13,TRAIL
2006-08-24,2006-10-27,USDJPY,3.0,2.89,TRAIL
2006-10-25,2006-10-27,NATGAS,1.5,-10.53,STOP
2006-10-25,2006-10-30,XLE,1.5,-4.23,MOM_REV
2006-09-07,2006-10-31,XLV,3.0,8.81,TRAIL
2006-09-15,2006-10-31,WHEAT,1.5,34.59,TRAIL
2006-09-08,2006-11-01,SP500,3.0,15.91,TRAIL
2006-10-10,2006-11-01,RUSSELL2000,3.0,2.52,TRAIL
2006-10-26,2006-11-01,COTTON,1.5,-5.4,TRAIL
2006-07-19,2006-11-02,XLF,3.0,25.04,TRAIL
2006-07-24,2006-11-03,DOW,3.0,25.38,TRAIL
2006-10-31,2006-11-03,TNOTE10,1.5,-1.04,TRAIL
2006-10-31,2006-11-03,TBOND,1.5,-1.37,TRAIL
2006-11-06,2006-11-09,XLV,1.5,-4.62,TRAIL
2006-11-02,2006-11-13,COTTON,3.0,-8.24,TRAIL
2006-10-26,2006-11-15,GBPUSD,2.0,-0.13,TRAIL
2006-09-28,2006-11-23,FTSE,3.0,8.48,TRAIL
2006-09-13,2006-11-27,DAX,3.0,19.91,TRAIL
2006-09-26,2006-11-27,XLK,3.0,14.51,TRAIL
2006-10-10,2006-11-27,NASDAQ,3.0,11.72,TRAIL
2006-11-01,2006-11-27,SP500,3.0,3.1,TRAIL
2006-11-06,2006-11-27,DOW,3.0,0.4,TRAIL
2006-11-06,2006-11-27,XLF,3.0,-0.42,TRAIL
2006-11-08,2006-11-27,RUSSELL2000,3.0,0.88,TRAIL
2006-09-18,2006-11-28,HANGSENG,3.0,21.61,TRAIL
2006-10-05,2006-12-04,SOYBEANS,3.0,49.73,TRAIL
2006-10-27,2006-12-04,NATGAS,2.5,22.82,TRAIL
2006-09-15,2006-12-06,CORN,3.0,138.06,TRAIL
2006-11-14,2006-12-06,SILVER,3.0,17.59,TRAIL
2006-11-29,2006-12-06,WHEAT,2.5,-7.9,TRAIL
2006-11-30,2006-12-06,GOLD,1.5,-3.8,TRAIL
2006-11-07,2006-12-08,TNOTE10,3.0,1.96,TRAIL
2006-11-07,2006-12-08,TBOND,3.0,2.92,TRAIL
2006-10-27,2006-12-14,EURUSD,3.0,9.73,TRAIL
2006-12-06,2006-12-15,GOLD,1.5,-3.69,TRAIL
2006-12-06,2006-12-15,SILVER,3.0,-17.45,STOP
2006-11-09,2006-12-18,XLE,3.0,7.38,TRAIL
2006-11-17,2006-12-18,GBPUSD,3.0,7.96,TRAIL
2006-12-11,2006-12-20,TBOND,1.5,-1.53,TRAIL
2006-11-27,2006-12-22,NASDAQ,3.0,-0.59,TRAIL
2006-11-28,2006-12-22,RUSSELL2000,3.0,2.32,TRAIL
2006-12-11,2006-12-22,TNOTE10,1.5,-0.86,TRAIL
2006-11-22,2006-12-28,PLATINUM,1.5,-4.91,TRAIL
2006-10-23,2007-01-03,COFFEE,3.0,47.03,TRAIL
2006-12-07,2007-01-03,COTTON,3.0,10.35,TRAIL
2006-12-15,2007-01-03,WHEAT,3.0,-10.77,TRAIL
2006-12-15,2007-01-03,CORN,3.0,1.22,TRAIL
2006-12-14,2007-01-04,EURUSD,1.5,-0.72,TRAIL
2006-12-20,2007-01-04,GBPUSD,1.5,-1.74,TRAIL
2006-11-29,2007-01-05,XLF,3.0,8.74,TRAIL
2006-12-18,2007-01-05,FTSE,2.5,-1.09,TRAIL
2006-12-27,2007-01-05,RUSSELL2000,1.5,-4.11,TRAIL
2006-12-29,2007-01-09,SOYBEANS,1.5,-6.58,TRAIL
2007-01-04,2007-01-09,COFFEE,1.5,-7.92,STOP
2006-12-06,2007-01-10,NIKKEI,3.0,10.47,TRAIL
2006-12-06,2007-01-10,HANGSENG,3.0,8.55,TRAIL
2006-12-07,2007-01-10,DAX,3.0,7.18,TRAIL
2006-11-28,2007-01-18,XLK,3.0,2.63,TRAIL
2007-01-04,2007-01-18,NASDAQ,3.0,-1.25,TRAIL
2007-01-22,2007-01-25,NATGAS,1.5,-8.48,STOP
2007-01-03,2007-01-29,COTTON,1.5,-3.61,TRAIL
2007-01-08,2007-01-29,XLF,2.5,-0.2,TRAIL
2007-01-25,2007-01-30,NATGAS,1.5,18.14,MOM_REV
2007-01-05,2007-01-31,FTSE,2.0,-0.55,TRAIL
2007-01-10,2007-01-31,HANGSENG,3.0,8.25,TRAIL
2007-01-19,2007-02-02,SILVER,3.0,11.26,TRAIL
2006-12-18,2007-02-05,USDJPY,3.0,5.44,TRAIL
2007-01-11,2007-02-07,CORN,3.0,12.55,TRAIL
2007-01-15,2007-02-08,GBPUSD,1.5,-0.43,TRAIL
2007-01-31,2007-02-12,NATGAS,2.5,-14.38,STOP
2007-02-02,2007-02-14,DXY,1.5,-1.34,TRAIL
2007-02-08,2007-02-15,USDJPY,1.5,-2.15,TRAIL
2006-12-01,2007-02-23,XLV,3.0,11.56,TRAIL
2007-01-31,2007-02-26,XLF,3.0,-0.4,TRAIL
2006-11-29,2007-02-27,SP500,3.0,-0.09,TRAIL
2006-11-29,2007-02-27,DOW,3.0,-0.26,TRAIL
2007-01-11,2007-02-27,DAX,3.0,5.94,TRAIL
2007-01-12,2007-02-27,RUSSELL2000,3.0,-0.6,TRAIL
2007-01-24,2007-02-27,NASDAQ,3.0,-7.11,TRAIL
2007-01-24,2007-02-27,XLK,3.0,-8.0,TRAIL
2007-02-01,2007-02-27,HANGSENG,3.0,-4.15,TRAIL
2007-02-02,2007-02-27,XLE,1.5,-5.07,TRAIL
2007-02-05,2007-02-27,FTSE,3.0,-1.51,TRAIL
2007-02-12,2007-02-27,CORN,3.0,4.63,TRAIL
2007-01-12,2007-02-28,NIKKEI,3.0,9.62,TRAIL
2007-02-02,2007-02-28,SILVER,3.0,17.4,TRAIL
2007-01-11,2007-03-01,SOYBEANS,3.0,37.16,TRAIL
2007-01-17,2007-03-01,GOLD,3.0,14.33,TRAIL
2007-02-28,2007-03-01,SILVER,1.5,-6.06,TRAIL
2007-02-23,2007-03-02,WHEAT,1.5,-7.67,STOP
2007-02-07,2007-03-05,EURUSD,3.0,1.47,TRAIL
2007-02-27,2007-03-05,COFFEE,1.5,-8.63,STOP
2007-02-27,2007-03-05,GBPUSD,1.5,-3.2,TRAIL
2007-02-26,2007-03-09,NATGAS,1.5,-9.22,STOP
2007-02-27,2007-03-12,CORN,2.5,-6.84,TRAIL
2007-02-27,2007-03-13,COTTON,2.0,-5.41,TRAIL
2007-03-05,2007-03-14,WHEAT,1.5,-7.05,TRAIL
2007-02-15,2007-03-22,TBOND,3.0,2.02,TRAIL
2007-02-14,2007-03-29,TNOTE10,3.0,2.53,TRAIL
2007-03-22,2007-04-09,CRUDE,3.0,-0.88,TRAIL
2007-03-19,2007-04-10,SOYBEANS,3.0,-6.71,TRAIL
2007-03-28,2007-04-17,NATGAS,3.0,-5.56,TRAIL
2007-04-02,2007-04-19,SILVER,3.0,9.55,TRAIL
2007-04-10,2007-04-19,USDJPY,1.5,-1.1,TRAIL
2006-12-28,2007-04-24,PLATINUM,3.0,52.49,TRAIL
2007-04-03,2007-04-25,NIKKEI,3.0,-0.14,TRAIL
2007-04-19,2007-04-25,SILVER,2.0,0.52,TRAIL
2007-03-21,2007-04-26,GOLD,3.0,7.24,TRAIL
2007-04-03,2007-04-26,COPPER,3.0,16.09,TRAIL
2007-04-25,2007-04-26,SILVER,1.5,-4.71,TRAIL
2007-03-28,2007-04-30,RUSSELL2000,3.0,6.46,TRAIL
2007-03-20,2007-05-04,GBPUSD,3.0,2.17,TRAIL
2007-04-17,2007-05-04,CRUDE,3.0,-5.56,TRAIL
2007-05-04,2007-05-08,CORN,1.5,-10.82,STOP
2007-03-06,2007-05-10,EURUSD,3.0,7.88,TRAIL
2007-03-28,2007-05-10,XLV,3.0,23.37,TRAIL
2007-04-26,2007-05-10,COPPER,3.0,6.62,TRAIL
2007-04-30,2007-05-10,GOLD,2.0,-4.53,TRAIL
2007-03-28,2007-05-15,NASDAQ,3.0,13.43,TRAIL
2007-05-04,2007-05-15,RUSSELL2000,1.5,-3.37,TRAIL
2007-04-30,2007-05-17,TNOTE10,1.5,-1.34,TRAIL
2007-04-30,2007-05-17,TBOND,1.5,-1.76,TRAIL
2007-05-14,2007-05-18,WHEAT,1.5,-5.44,TRAIL
2007-05-15,2007-05-22,EURUSD,1.5,-1.59,TRAIL
2007-04-25,2007-05-23,NATGAS,3.0,2.65,MOM_REV
2007-03-29,2007-05-28,HANGSENG,3.0,10.72,TRAIL
2007-05-24,2007-05-31,COFFEE,1.5,-1.92,MOM_REV
2007-03-28,2007-06-06,DOW,3.0,28.42,TRAIL
2007-03-29,2007-06-06,DAX,3.0,36.23,TRAIL
2007-03-29,2007-06-06,FTSE,3.0,9.42,TRAIL
2007-04-20,2007-06-06,USDJPY,3.0,5.94,TRAIL
2007-05-16,2007-06-06,XLV,1.5,-1.27,TRAIL
2007-03-28,2007-06-07,SP500,3.0,15.56,TRAIL
2007-03-28,2007-06-07,XLK,3.0,21.21,TRAIL
2007-04-09,2007-06-07,XLF,3.0,8.73,TRAIL
2007-05-16,2007-06-07,NASDAQ,3.0,-0.71,TRAIL
2007-05-21,2007-06-07,RUSSELL2000,3.0,-3.0,TRAIL
2007-06-01,2007-06-08,SILVER,1.5,-7.48,TRAIL
2007-06-04,2007-06-08,GBPUSD,1.5,-1.59,TRAIL
2007-06-06,2007-06-08,NATGAS,1.5,-7.74,STOP
2007-06-15,2007-06-19,NATGAS,1.5,-7.56,STOP
2007-05-15,2007-06-21,CORN,2.0,7.27,TRAIL
2007-05-11,2007-06-22,SOYBEANS,3.0,18.8,TRAIL
2007-06-14,2007-06-22,DXY,1.5,-1.43,TRAIL
2007-06-14,2007-06-22,FTSE,1.5,-1.86,TRAIL
2007-06-14,2007-06-25,SP500,1.5,-2.48,TRAIL
2007-03-21,2007-06-26,XLE,3.0,46.77,TRAIL
2007-06-14,2007-06-26,DOW,1.5,-2.39,TRAIL
2007-05-08,2007-06-27,NIKKEI,3.0,3.27,TRAIL
2007-06-06,2007-06-27,DAX,3.0,2.76,TRAIL
2007-04-24,2007-06-28,PLATINUM,1.5,-4.06,TRAIL
2007-06-08,2007-07-02,USDJPY,3.0,1.28,TRAIL
2007-07-05,2007-07-10,USDJPY,1.5,-2.03,TRAIL
2007-06-29,2007-07-12,NIKKEI,1.5,-1.28,TRAIL
2007-06-29,2007-07-17,SOYBEANS,3.0,-5.74,TRAIL
2007-07-04,2007-07-18,FTSE,1.5,-2.38,TRAIL
2007-05-18,2007-07-20,COTTON,2.5,56.97,TRAIL
2007-07-12,2007-07-20,XLV,1.5,-3.25,TRAIL
2007-06-08,2007-07-23,RUSSELL2000,3.0,0.11,TRAIL
2007-06-11,2007-07-24,NASDAQ,3.0,7.9,TRAIL
2007-06-28,2007-07-24,DAX,3.0,-4.34,TRAIL
2007-07-06,2007-07-24,SP500,3.0,-3.8,TRAIL
2007-07-06,2007-07-24,DOW,3.0,2.32,TRAIL
2007-06-18,2007-07-25,COPPER,3.0,13.16,TRAIL
2007-07-09,2007-07-25,GOLD,3.0,5.81,TRAIL
2007-07-17,2007-07-25,NIKKEI,1.5,-2.95,TRAIL
2007-07-02,2007-07-26,XLE,3.0,1.41,TRAIL
2007-07-02,2007-07-26,PLATINUM,3.0,8.94,TRAIL
2007-07-12,2007-07-26,SILVER,3.0,-4.59,TRAIL
2007-07-24,2007-07-26,COFFEE,1.5,-5.64,TRAIL
2007-07-25,2007-07-26,GOLD,1.5,-2.41,TRAIL
2007-06-07,2007-07-27,HANGSENG,3.0,25.53,TRAIL
2007-06-08,2007-07-27,XLK,3.0,3.76,TRAIL
2007-06-19,2007-07-27,GBPUSD,3.0,5.59,TRAIL
2007-06-22,2007-07-27,EURUSD,3.0,3.68,TRAIL
2007-07-24,2007-07-27,DOW,1.5,-4.94,TRAIL
2007-07-26,2007-07-27,PLATINUM,1.5,-4.67,TRAIL
2007-07-31,2007-08-03,COPPER,1.5,-6.94,TRAIL
2007-05-17,2007-08-06,CRUDE,3.0,33.3,TRAIL
2007-07-31,2007-08-06,HANGSENG,1.5,-8.08,STOP
2007-07-20,2007-08-09,COTTON,3.0,-4.17,TRAIL
2007-08-03,2007-08-13,EURUSD,1.5,-1.89,TRAIL
2007-08-03,2007-08-13,GBPUSD,1.5,-2.26,TRAIL
2007-08-08,2007-08-14,DOW,1.5,-6.91,TRAIL
2007-07-19,2007-08-16,SOYBEANS,1.5,-9.94,STOP
2007-07-31,2007-08-16,GOLD,2.0,-5.58,TRAIL
2007-08-06,2007-08-16,COFFEE,2.5,-14.99,STOP
2007-08-27,2007-09-07,DAX,3.0,-1.98,TRAIL
2007-08-30,2007-09-10,RUSSELL2000,2.5,-4.25,TRAIL
2007-08-31,2007-09-10,FTSE,2.0,-5.37,TRAIL
2007-09-07,2007-09-14,GBPUSD,1.5,-1.62,TRAIL
2007-07-26,2007-09-19,TNOTE10,3.0,6.15,TRAIL
2007-07-26,2007-09-19,TBOND,3.0,5.12,TRAIL
2007-08-23,2007-10-02,SOYBEANS,3.0,36.25,TRAIL
2007-08-30,2007-10-02,GOLD,3.0,29.23,TRAIL
2007-09-07,2007-10-02,PLATINUM,3.0,12.74,TRAIL
2007-09-12,2007-10-02,COTTON,3.0,1.0,TRAIL
2007-08-27,2007-10-03,EURUSD,3.0,10.16,TRAIL
2007-10-02,2007-10-05,NATGAS,1.5,-7.15,MOM_REV
2007-05-30,2007-10-08,WHEAT,2.5,170.95,TRAIL
2007-09-05,2007-10-08,CRUDE,3.0,13.03,TRAIL
2007-09-14,2007-10-08,COPPER,3.0,17.87,TRAIL
2007-08-24,2007-10-16,XLV,3.0,9.84,TRAIL
2007-09-17,2007-10-16,COFFEE,2.5,6.3,TRAIL
2007-09-19,2007-10-16,RUSSELL2000,3.0,2.18,TRAIL
2007-10-02,2007-10-16,XLF,2.0,-6.79,TRAIL
2007-10-08,2007-10-18,COPPER,3.0,-4.97,TRAIL
2007-08-27,2007-10-19,SP500,3.0,6.92,TRAIL
2007-08-27,2007-10-19,DOW,3.0,4.5,TRAIL
2007-08-29,2007-10-19,NASDAQ,3.0,18.96,TRAIL
2007-08-30,2007-10-19,XLE,3.0,24.71,TRAIL
2007-09-11,2007-10-19,FTSE,3.0,11.81,TRAIL
2007-09-13,2007-10-19,DAX,3.0,13.86,TRAIL
2007-08-27,2007-11-05,HANGSENG,3.0,68.26,TRAIL
2007-10-25,2007-11-05,FTSE,3.0,-5.24,TRAIL
2007-10-26,2007-11-05,DAX,1.5,-2.67,TRAIL
2007-10-29,2007-11-05,SP500,1.5,-3.78,TRAIL
2007-10-23,2007-11-07,NASDAQ,2.0,-3.61,TRAIL
2007-10-30,2007-11-07,NATGAS,1.0,-4.95,TRAIL
2007-08-29,2007-11-08,XLK,3.0,9.47,TRAIL
2007-09-21,2007-11-12,GBPUSD,3.0,5.05,TRAIL
2007-10-02,2007-11-12,GOLD,3.0,31.24,TRAIL
2007-10-16,2007-11-12,COTTON,3.0,-1.56,TRAIL
2007-10-25,2007-11-12,XLE,3.0,-19.59,STOP
2007-10-25,2007-11-12,SILVER,3.0,19.17,TRAIL
2007-10-02,2007-11-15,SUGAR,3.0,-3.59,TRAIL
2007-11-12,2007-11-15,GOLD,1.5,-3.7,TRAIL
2007-11-12,2007-11-15,SILVER,1.5,-2.72,TRAIL
2007-11-12,2007-11-20,NATGAS,1.5,-9.12,STOP
2007-10-10,2007-11-28,CRUDE,3.0,34.39,TRAIL
2007-11-23,2007-11-29,GOLD,1.5,-5.22,TRAIL
2007-11-23,2007-11-30,SILVER,1.5,-7.67,STOP
2007-10-03,2007-12-05,EURUSD,3.0,10.62,TRAIL
2007-11-13,2007-12-05,GBPUSD,1.5,-3.44,TRAIL
2007-10-19,2007-12-07,TBOND,3.0,5.22,TRAIL
2007-12-07,2007-12-14,HANGSENG,1.5,-6.65,TRAIL
2007-12-10,2007-12-14,SP500,1.5,-4.75,TRAIL
2007-11-30,2007-12-17,XLV,1.5,-4.73,TRAIL
2007-12-04,2007-12-17,DAX,3.0,0.63,TRAIL
2007-12-07,2007-12-17,DOW,1.5,-5.05,TRAIL
2007-12-10,2007-12-17,NASDAQ,1.5,-7.97,STOP
2007-10-19,2007-12-21,TNOTE10,3.0,5.09,TRAIL
2007-12-20,2007-12-26,TBOND,1.5,-3.9,TRAIL
2007-11-23,2007-12-28,WHEAT,2.5,17.7,TRAIL
2007-12-10,2008-01-02,XLK,2.5,-7.3,TRAIL
2007-12-20,2008-01-02,NASDAQ,3.0,-3.55,TRAIL
2007-12-21,2008-01-02,DOW,1.5,-4.54,TRAIL
2007-12-24,2008-01-02,SP500,1.5,-4.94,TRAIL
2007-12-07,2008-01-04,XLE,3.0,5.98,TRAIL
2007-12-20,2008-01-04,DAX,3.0,-2.31,TRAIL
2008-01-02,2008-01-09,EURUSD,2.0,-0.72,TRAIL
2008-01-03,2008-01-09,WHEAT,1.5,-8.81,STOP
2007-12-12,2008-01-10,COTTON,3.0,7.86,TRAIL
2007-12-27,2008-01-10,CRUDE,3.0,-9.04,TRAIL
2007-12-24,2008-01-11,HANGSENG,1.5,-6.73,TRAIL
2007-12-27,2008-01-16,SILVER,3.0,23.08,TRAIL
2008-01-11,2008-01-17,XLV,1.5,-5.31,TRAIL
2007-10-05,2008-01-22,PLATINUM,3.0,34.06,TRAIL
2007-12-28,2008-01-22,NATGAS,3.0,11.54,TRAIL
2007-10-10,2008-01-23,SOYBEANS,3.0,68.55,TRAIL
2007-10-18,2008-01-23,CORN,3.0,83.32,TRAIL
2008-01-11,2008-01-23,COTTON,3.0,-13.42,TRAIL
2008-01-18,2008-01-23,WHEAT,1.5,-8.96,STOP
2007-12-12,2008-02-05,GOLD,3.0,26.7,TRAIL
2008-01-16,2008-02-05,SILVER,3.0,9.41,TRAIL
2008-01-10,2008-02-07,EURUSD,1.5,-3.26,TRAIL
2008-02-08,2008-02-11,EURUSD,1.5,-10.3,STOP
2008-01-28,2008-02-12,WHEAT,3.0,13.71,TRAIL
2008-01-02,2008-02-13,TBOND,3.0,0.4,TRAIL
2008-01-02,2008-02-14,TNOTE10,3.0,4.84,TRAIL
2008-02-12,2008-02-29,WHEAT,2.5,16.39,TRAIL
2008-02-28,2008-03-04,HANGSENG,1.5,-8.98,STOP
2007-11-20,2008-03-06,COFFEE,3.0,66.71,TRAIL
2007-12-11,2008-03-06,SUGAR,3.0,96.12,TRAIL
2008-01-28,2008-03-06,SOYBEANS,3.0,45.28,TRAIL
2008-02-21,2008-03-06,COTTON,3.0,34.62,TRAIL
2008-01-22,2008-03-07,PLATINUM,3.0,90.93,TRAIL
2008-02-15,2008-03-07,XLE,3.0,3.75,TRAIL
2008-03-06,2008-03-07,SOYBEANS,1.5,-10.6,STOP
2008-03-06,2008-03-10,COTTON,1.5,-8.08,STOP
2008-01-25,2008-03-17,NATGAS,3.0,41.98,TRAIL
2008-02-07,2008-03-17,COPPER,3.0,22.97,TRAIL
2008-03-06,2008-03-17,SUGAR,1.5,-16.65,STOP
2008-03-07,2008-03-17,PLATINUM,3.0,-10.16,TRAIL
2008-03-11,2008-03-17,XLE,1.5,-8.71,STOP
2008-02-05,2008-03-19,SILVER,3.0,38.5,TRAIL
2008-02-06,2008-03-19,GOLD,3.0,14.66,TRAIL
2008-02-29,2008-03-19,WHEAT,1.5,0.14,TRAIL
2008-03-10,2008-03-19,COTTON,1.5,-10.21,STOP
2008-01-24,2008-03-20,CORN,2.5,9.33,TRAIL
2008-02-12,2008-03-20,CRUDE,2.5,24.41,TRAIL
2008-02-28,2008-03-24,TNOTE10,3.0,2.76,TRAIL
2008-02-29,2008-04-01,TBOND,3.0,-5.13,TRAIL
2008-03-18,2008-04-08,GBPUSD,1.5,-3.22,TRAIL
2008-04-16,2008-04-21,SUGAR,1.5,-9.72,STOP
2008-04-17,2008-04-21,COFFEE,1.5,-8.86,STOP
2008-04-08,2008-04-24,PLATINUM,2.5,-8.68,TRAIL
2008-04-22,2008-04-24,SUGAR,1.5,-7.79,STOP
2008-04-15,2008-04-28,SOYBEANS,1.5,-10.49,STOP
2008-02-21,2008-04-29,EURUSD,3.0,15.23,TRAIL
2008-04-03,2008-04-29,XLE,3.0,17.49,TRAIL
2008-03-26,2008-04-30,CRUDE,3.0,21.42,TRAIL
2008-03-26,2008-05-01,NATGAS,3.0,31.0,TRAIL
2008-03-27,2008-05-01,COPPER,3.0,-13.68,TRAIL
2008-04-22,2008-05-01,COFFEE,1.5,-7.65,STOP
2008-05-19,2008-05-22,FTSE,1.5,-4.58,TRAIL
2008-04-29,2008-05-23,XLE,3.0,18.89,TRAIL
2008-05-09,2008-05-23,COFFEE,3.0,-4.41,TRAIL
2008-05-16,2008-05-27,COTTON,1.5,-11.9,STOP
2008-05-20,2008-05-27,SILVER,2.0,-2.78,TRAIL
2008-05-20,2008-05-28,GOLD,1.5,-3.1,TRAIL
2008-03-25,2008-05-29,CORN,3.0,20.65,TRAIL
2008-05-19,2008-05-29,TBOND,1.5,-3.44,TRAIL
2008-05-27,2008-05-29,SILVER,1.5,-8.16,STOP
2008-04-30,2008-06-03,CRUDE,3.0,28.69,TRAIL
2008-05-26,2008-06-03,EURUSD,1.5,-3.13,TRAIL
2008-05-28,2008-06-09,RUSSELL2000,2.0,-0.87,TRAIL
2008-06-05,2008-06-10,EURUSD,1.5,-1.2,TRAIL
2008-06-05,2008-06-10,SILVER,1.5,-4.64,TRAIL
2008-05-23,2008-06-12,TNOTE10,1.5,-3.33,TRAIL
2008-06-16,2008-06-23,SILVER,2.5,-6.27,TRAIL
2008-06-13,2008-07-01,COTTON,3.0,-11.94,TRAIL
2008-06-27,2008-07-03,PLATINUM,2.0,-3.03,TRAIL
2008-05-23,2008-07-07,XLE,3.0,-11.38,TRAIL
2008-05-28,2008-07-07,COFFEE,3.0,12.06,TRAIL
2008-06-20,2008-07-07,COPPER,3.0,2.58,TRAIL
2008-05-01,2008-07-08,NATGAS,3.0,51.33,TRAIL
2008-05-12,2008-07-08,SOYBEANS,3.0,50.79,TRAIL
2008-06-02,2008-07-08,CORN,2.5,31.26,TRAIL
2008-06-26,2008-07-08,EURUSD,1.5,-3.99,TRAIL
2008-06-26,2008-07-08,GBPUSD,1.5,-1.43,TRAIL
2008-07-11,2008-07-16,PLATINUM,1.5,-7.69,STOP
2008-06-05,2008-07-17,CRUDE,2.5,2.93,TRAIL
2008-06-26,2008-07-17,TBOND,3.0,-0.94,TRAIL
2008-07-08,2008-07-17,SOYBEANS,2.0,-5.12,TRAIL
2008-06-18,2008-07-18,SUGAR,2.5,19.18,TRAIL
2008-06-27,2008-07-18,SILVER,3.0,8.77,TRAIL
2008-05-28,2008-07-22,GOLD,3.0,15.82,TRAIL
2008-07-07,2008-07-22,TNOTE10,1.5,-1.8,TRAIL
2008-07-18,2008-07-23,SILVER,2.0,-8.11,TRAIL
2008-07-07,2008-07-24,COPPER,1.5,-7.3,TRAIL
2008-07-09,2008-07-29,EURUSD,2.5,-2.3,TRAIL
2008-07-22,2008-07-29,GOLD,1.5,-5.0,TRAIL
2008-07-29,2008-07-30,HANGSENG,1.5,2.92,MOM_REV
2008-07-09,2008-08-01,GBPUSD,2.0,-0.8,TRAIL
2008-07-31,2008-08-04,COTTON,1.5,-9.65,STOP
2008-08-08,2008-08-19,NIKKEI,2.5,-5.76,TRAIL
2008-07-29,2008-08-25,RUSSELL2000,3.0,2.51,TRAIL
2008-08-05,2008-08-25,NASDAQ,3.0,2.01,TRAIL
2008-08-21,2008-08-25,XLE,1.5,-5.34,MOM_REV
2008-08-05,2008-08-26,XLK,3.0,3.71,TRAIL
2008-07-30,2008-08-28,SUGAR,3.0,-3.81,MOM_REV
2008-08-06,2008-08-29,XLV,2.0,-3.26,TRAIL
2008-08-20,2008-09-03,CORN,1.0,-5.0,TRAIL
2008-08-27,2008-09-03,XLK,1.5,-5.25,TRAIL
2008-07-23,2008-09-04,USDJPY,3.0,-3.23,TRAIL
2008-08-28,2008-09-04,NASDAQ,1.5,-9.49,STOP
2008-08-27,2008-09-09,RUSSELL2000,2.0,-7.0,TRAIL
2008-09-12,2008-09-15,SOYBEANS,1.5,-31.31,STOP
2008-09-15,2008-09-16,CORN,1.5,-7.94,STOP
2008-08-14,2008-09-17,DXY,3.0,5.6,TRAIL
2008-08-25,2008-09-19,TNOTE10,3.0,0.04,TRAIL
2008-08-14,2008-09-22,TBOND,3.0,1.4,TRAIL
2008-09-19,2008-09-23,RUSSELL2000,1.5,-8.87,STOP
2008-09-29,2008-10-02,GOLD,1.5,-8.31,STOP
2008-10-01,2008-10-02,SUGAR,1.5,-9.15,STOP
2008-10-02,2008-10-06,SUGAR,1.5,-14.79,STOP
2008-09-29,2008-10-09,TBOND,2.0,-5.53,TRAIL
2008-10-08,2008-10-09,USDJPY,1.5,-14.42,STOP
2008-10-23,2008-10-31,TBOND,1.5,-6.14,TRAIL
2008-11-04,2008-11-06,SUGAR,1.5,-9.91,STOP
2008-11-07,2008-11-21,SUGAR,1.5,-9.12,STOP
2008-09-30,2008-11-25,DXY,3.0,20.96,TRAIL
2008-12-08,2008-12-09,USDJPY,1.5,-23.26,STOP
2008-11-28,2008-12-11,DXY,1.5,-4.66,TRAIL
2008-12-11,2008-12-19,SUGAR,1.5,-11.86,STOP
2008-11-10,2008-12-24,TNOTE10,3.0,29.05,TRAIL
2008-11-10,2008-12-31,TBOND,3.0,52.04,TRAIL
2008-12-24,2009-01-02,TNOTE10,1.5,-2.87,TRAIL
2009-01-20,2009-01-29,SUGAR,3.0,0.0,MOM_REV
2009-02-17,2009-02-25,SILVER,2.5,-2.41,TRAIL
2009-01-29,2009-02-26,GOLD,3.0,12.16,TRAIL
2009-02-25,2009-02-26,SILVER,1.5,-9.98,STOP
2009-03-04,2009-03-09,SUGAR,1.5,-8.71,STOP
2009-01-13,2009-03-17,DXY,3.0,9.47,TRAIL
2009-02-26,2009-03-18,GOLD,1.5,-8.46,STOP
2009-03-02,2009-03-25,TNOTE10,3.0,0.34,TRAIL
2009-03-18,2009-03-25,SUGAR,2.0,-6.34,TRAIL
2009-03-05,2009-04-06,TBOND,3.0,-5.12,TRAIL
2009-03-27,2009-04-06,SILVER,1.5,-12.97,STOP
2009-03-26,2009-04-07,TNOTE10,1.5,-1.78,TRAIL
2009-04-09,2009-04-14,FTSE,1.5,0.2,MOM_REV
2009-04-09,2009-04-15,XLK,1.5,-2.06,MOM_REV
2009-04-13,2009-04-15,XLE,1.5,-0.2,MOM_REV
2009-04-13,2009-04-15,NASDAQ,1.5,-2.41,MOM_REV
2009-04-14,2009-04-15,XLV,1.5,0.87,MOM_REV
2009-04-15,2009-04-16,DAX,1.5,1.97,MOM_REV
2009-04-06,2009-04-17,EURUSD,1.5,-4.04,TRAIL
2009-04-07,2009-04-17,COFFEE,1.5,-7.21,TRAIL
2009-04-03,2009-04-20,USDJPY,1.5,-3.34,TRAIL
2009-04-14,2009-04-20,HANGSENG,1.5,1.64,MOM_REV
2009-04-17,2009-04-20,XLV,1.5,-2.91,MOM_REV
2009-04-17,2009-04-20,NASDAQ,1.5,-5.82,MOM_REV
2009-04-17,2009-04-21,COTTON,1.5,-0.33,MOM_REV
2009-04-17,2009-04-21,FTSE,1.5,-3.86,MOM_REV
2009-04-20,2009-04-21,NIKKEI,1.5,-3.59,MOM_REV
2009-04-15,2009-04-22,TNOTE10,1.5,-2.27,TRAIL
2009-04-17,2009-04-22,XLE,1.5,-6.0,MOM_REV
2009-04-20,2009-04-23,COPPER,1.5,-8.14,STOP
2009-04-17,2009-04-24,DXY,1.5,-2.22,TRAIL
2009-04-06,2009-04-28,SOYBEANS,2.5,-1.13,TRAIL
2009-04-23,2009-04-28,NIKKEI,1.5,-5.99,MOM_REV
2009-04-23,2009-04-28,COPPER,1.5,-7.38,TRAIL
2009-04-29,2009-04-30,SP500,1.5,-0.14,MOM_REV
2009-04-29,2009-04-30,DOW,1.5,-0.32,MOM_REV
2009-04-28,2009-05-05,RUSSELL2000,2.5,15.71,MOM_REV
2009-04-27,2009-05-06,DXY,1.5,-3.33,TRAIL
2009-04-24,2009-05-07,XLE,3.0,23.77,MOM_REV
2009-04-24,2009-05-07,FTSE,3.0,17.52,MOM_REV
2009-04-27,2009-05-11,DAX,3.0,11.05,MOM_REV
2009-04-16,2009-05-13,XLK,3.0,-6.53,TRAIL
2009-04-24,2009-05-13,NASDAQ,3.0,-5.33,TRAIL
2009-05-08,2009-05-13,XLE,1.5,-8.48,STOP
2009-05-11,2009-05-13,RUSSELL2000,1.5,-9.0,STOP
2009-04-22,2009-05-15,COTTON,3.0,42.67,TRAIL
2009-04-30,2009-05-18,NIKKEI,3.0,7.15,MOM_REV
2009-04-13,2009-06-03,SUGAR,3.0,35.36,TRAIL
2009-04-24,2009-06-03,WHEAT,3.0,48.05,TRAIL
2009-05-07,2009-06-05,GBPUSD,3.0,19.2,TRAIL
2009-04-23,2009-06-08,COFFEE,2.5,26.11,TRAIL
2009-04-29,2009-06-08,EURUSD,3.0,14.41,TRAIL
2009-05-04,2009-06-08,SILVER,3.0,42.39,TRAIL
2009-05-15,2009-06-09,COTTON,2.0,-5.12,TRAIL
2009-05-05,2009-06-12,GOLD,3.0,12.08,TRAIL
2009-06-03,2009-06-12,WHEAT,1.0,-5.3,STOP
2009-04-29,2009-06-15,CORN,2.5,8.27,TRAIL
2009-04-29,2009-06-15,SOYBEANS,3.0,47.29,TRAIL
2009-05-11,2009-06-15,FTSE,2.5,-6.17,TRAIL
2009-05-14,2009-06-15,XLV,3.0,-8.11,TRAIL
2009-05-01,2009-06-16,COPPER,2.5,17.96,TRAIL
2009-05-18,2009-06-16,RUSSELL2000,3.0,5.43,TRAIL
2009-06-03,2009-06-16,NIKKEI,3.0,0.35,TRAIL
2009-05-11,2009-06-17,SP500,3.0,0.49,TRAIL
2009-05-14,2009-06-17,XLE,2.5,5.61,TRAIL
2009-06-08,2009-06-17,DOW,1.5,-4.57,TRAIL
2009-06-12,2009-06-17,DAX,1.5,-7.97,STOP
2009-04-23,2009-06-18,HANGSENG,3.0,50.52,TRAIL
2009-06-15,2009-06-18,XLF,1.5,-3.45,MOM_REV
2009-05-15,2009-06-22,CRUDE,3.0,56.39,TRAIL
2009-05-18,2009-06-22,NASDAQ,3.0,5.86,TRAIL
2009-05-18,2009-06-22,XLK,3.0,8.52,TRAIL
2009-06-08,2009-06-22,USDJPY,1.5,-3.97,TRAIL
2009-06-16,2009-06-22,COPPER,1.5,-8.36,STOP
2009-06-18,2009-06-22,SOYBEANS,1.5,-7.69,STOP
2009-06-23,2009-07-06,CRUDE,1.5,-11.24,STOP
2009-06-05,2009-07-07,GBPUSD,3.0,2.26,TRAIL
2009-06-25,2009-07-07,NASDAQ,1.5,-6.84,TRAIL
2009-06-25,2009-07-07,XLK,1.5,-7.01,TRAIL
2009-06-29,2009-07-07,SOYBEANS,2.0,-13.42,STOP
2009-06-29,2009-07-07,SP500,1.5,-7.47,TRAIL
2009-06-16,2009-07-08,NIKKEI,3.0,-10.22,TRAIL
2009-06-25,2009-07-08,COPPER,1.5,-9.91,STOP
2009-06-26,2009-07-08,HANGSENG,1.5,-7.09,TRAIL
2009-06-22,2009-07-15,DXY,1.5,-2.71,MOM_REV
2009-07-02,2009-07-22,COTTON,3.0,11.83,TRAIL
2009-06-08,2009-07-29,EURUSD,3.0,2.41,TRAIL
2009-07-15,2009-07-29,GOLD,3.0,-3.8,TRAIL
2009-07-22,2009-07-29,SILVER,2.0,-6.45,TRAIL
2009-07-15,2009-08-07,GBPUSD,3.0,4.62,TRAIL
2009-07-31,2009-08-07,EURUSD,3.0,-1.45,TRAIL
2009-08-07,2009-08-13,USDJPY,1.5,-3.33,TRAIL
2009-07-21,2009-08-14,COFFEE,3.0,22.51,TRAIL
2009-08-07,2009-08-14,SOYBEANS,2.5,-17.83,STOP
2009-07-15,2009-08-17,RUSSELL2000,3.0,18.93,TRAIL
2009-07-15,2009-08-17,NASDAQ,3.0,10.94,TRAIL
2009-07-15,2009-08-17,SP500,3.0,15.13,TRAIL
2009-07-15,2009-08-17,XLK,3.0,11.16,TRAIL
2009-07-15,2009-08-17,DOW,3.0,18.08,TRAIL
2009-07-15,2009-08-17,DAX,3.0,16.63,TRAIL
2009-07-21,2009-08-17,XLE,3.0,-3.86,TRAIL
2009-07-22,2009-08-17,COTTON,3.0,-8.94,TRAIL
2009-07-23,2009-08-17,NIKKEI,3.0,14.57,TRAIL
2009-07-30,2009-08-17,GOLD,3.0,-0.19,TRAIL
2009-08-14,2009-08-17,SILVER,1.5,-7.58,STOP
2009-07-16,2009-08-19,HANGSENG,3.0,26.02,TRAIL
2009-07-15,2009-08-20,COPPER,2.0,29.84,TRAIL
2009-08-14,2009-08-24,COFFEE,1.5,-9.25,STOP
2009-07-15,2009-09-01,XLF,3.0,40.38,TRAIL
2009-07-31,2009-09-01,CRUDE,2.5,-5.04,TRAIL
2009-08-13,2009-09-01,EURUSD,1.5,-0.67,TRAIL
2009-08-19,2009-09-01,RUSSELL2000,3.0,-1.92,TRAIL
2009-08-20,2009-09-01,XLE,3.0,-3.71,TRAIL
2009-08-21,2009-09-01,DAX,3.0,-7.44,TRAIL
2009-08-27,2009-09-01,SOYBEANS,1.5,-13.5,STOP
2009-08-18,2009-09-02,DOW,3.0,2.04,TRAIL
2009-08-19,2009-09-02,SP500,3.0,-0.51,TRAIL
2009-08-24,2009-09-02,HANGSENG,1.5,-7.41,TRAIL
2009-06-18,2009-09-03,XLV,3.0,25.74,TRAIL
2009-08-17,2009-09-03,NIKKEI,3.0,-1.58,TRAIL
2009-06-09,2009-09-04,SUGAR,2.5,97.04,TRAIL
2009-09-08,2009-09-15,GBPUSD,1.5,-0.21,TRAIL
2009-09-15,2009-09-18,GBPUSD,1.5,-2.05,TRAIL
2009-08-20,2009-09-24,COPPER,3.0,-4.22,TRAIL
2009-08-25,2009-09-24,SILVER,3.0,41.25,TRAIL
2009-09-07,2009-09-24,EURUSD,3.0,6.68,TRAIL
2009-09-08,2009-09-24,CRUDE,3.0,-21.98,STOP
2009-09-15,2009-09-24,COFFEE,3.0,-9.66,TRAIL
2009-08-20,2009-09-25,NASDAQ,3.0,15.34,TRAIL
2009-08-28,2009-09-25,GOLD,3.0,10.41,TRAIL
2009-09-04,2009-09-25,RUSSELL2000,3.0,14.96,TRAIL
2009-09-04,2009-09-25,SP500,3.0,8.26,TRAIL
2009-09-07,2009-09-25,HANGSENG,3.0,5.75,TRAIL
2009-09-09,2009-09-25,XLF,3.0,2.8,TRAIL
2009-09-11,2009-09-28,NIKKEI,1.5,-6.24,TRAIL
2009-09-24,2009-09-28,NATGAS,1.5,-8.53,STOP
2009-09-15,2009-09-29,COTTON,3.0,-6.69,TRAIL
2009-08-20,2009-10-01,XLK,3.0,7.96,TRAIL
2009-09-04,2009-10-01,XLV,3.0,-1.11,TRAIL
2009-09-04,2009-10-01,DOW,3.0,2.16,TRAIL
2009-09-08,2009-10-01,XLE,3.0,0.64,TRAIL
2009-09-24,2009-10-01,EURUSD,1.5,-1.38,TRAIL
2009-09-25,2009-10-01,RUSSELL2000,2.5,-6.34,TRAIL
2009-09-25,2009-10-01,NASDAQ,3.0,-4.8,TRAIL
2009-09-25,2009-10-01,SP500,3.0,-4.17,TRAIL
2009-09-28,2009-10-01,XLF,1.5,-7.96,STOP
2009-09-29,2009-10-01,NATGAS,1.5,-12.58,STOP
2009-07-15,2009-10-02,FTSE,3.0,44.33,TRAIL
2009-09-04,2009-10-02,DAX,3.0,4.65,TRAIL
2009-09-28,2009-10-08,SUGAR,2.5,-1.21,TRAIL
2009-09-24,2009-10-16,SILVER,3.0,20.87,TRAIL
2009-10-06,2009-10-21,XLF,3.0,-1.0,TRAIL
2009-10-08,2009-10-23,RUSSELL2000,3.0,-3.4,TRAIL
2009-10-09,2009-10-23,XLV,3.0,-1.77,TRAIL
2009-10-01,2009-10-26,NATGAS,2.5,2.63,TRAIL
2009-10-05,2009-10-26,EURUSD,3.0,4.13,TRAIL
2009-10-06,2009-10-26,SP500,3.0,3.48,TRAIL
2009-09-30,2009-10-27,GOLD,3.0,7.95,TRAIL
2009-10-06,2009-10-27,DAX,3.0,-1.2,TRAIL
2009-10-16,2009-10-27,CORN,2.5,-0.84,TRAIL
2009-10-21,2009-10-27,WHEAT,1.5,-10.85,STOP
2009-10-23,2009-10-27,SOYBEANS,1.5,-4.85,MOM_REV
2009-09-24,2009-10-28,COFFEE,2.0,8.2,TRAIL
2009-09-25,2009-10-28,HANGSENG,3.0,10.52,TRAIL
2009-10-06,2009-10-28,XLE,3.0,8.61,TRAIL
2009-10-06,2009-10-28,DOW,3.0,0.97,TRAIL
2009-10-06,2009-10-28,FTSE,3.0,-3.36,TRAIL
2009-10-07,2009-10-28,NASDAQ,3.0,-7.21,TRAIL
2009-10-13,2009-10-28,SUGAR,2.0,-7.55,TRAIL
2009-10-06,2009-10-30,XLK,3.0,-2.6,TRAIL
2009-10-29,2009-11-04,NATGAS,1.5,-9.99,STOP
2009-11-02,2009-11-10,COFFEE,1.5,-8.75,STOP
2009-09-30,2009-11-24,CRUDE,3.0,22.99,TRAIL
2009-10-23,2009-11-26,GBPUSD,3.0,2.3,TRAIL
2009-10-28,2009-11-26,HANGSENG,3.0,6.19,TRAIL
2009-11-09,2009-11-26,FTSE,3.0,-2.36,TRAIL
2009-11-09,2009-11-27,NASDAQ,3.0,-2.18,TRAIL
2009-11-25,2009-11-30,NATGAS,1.5,-9.15,STOP
2009-11-19,2009-12-03,TBOND,3.0,0.39,TRAIL
2009-10-29,2009-12-04,XLE,3.0,-7.99,TRAIL
2009-11-02,2009-12-04,GOLD,3.0,32.87,TRAIL
2009-11-19,2009-12-04,TNOTE10,2.5,-0.95,TRAIL
2009-10-26,2009-12-07,EURUSD,3.0,-0.41,TRAIL
2009-11-04,2009-12-07,SILVER,3.0,16.23,TRAIL
2009-12-01,2009-12-07,CRUDE,1.5,-8.5,STOP
2009-12-02,2009-12-08,GBPUSD,1.5,-3.7,TRAIL
2009-12-07,2009-12-09,SILVER,1.5,-9.64,STOP
2009-10-12,2009-12-10,COPPER,3.0,24.39,TRAIL
2009-12-03,2009-12-15,TBOND,1.5,-2.83,TRAIL
2009-12-08,2009-12-15,TNOTE10,1.5,-1.91,TRAIL
2009-12-01,2009-12-17,XLF,1.5,-6.24,TRAIL
2009-12-04,2009-12-17,GOLD,1.5,-7.96,STOP
2009-12-04,2009-12-17,HANGSENG,1.5,-7.67,STOP
2009-11-25,2009-12-24,COFFEE,3.0,1.08,TRAIL
2009-09-30,2010-01-05,COTTON,3.0,57.61,TRAIL
2009-11-05,2010-01-12,XLK,3.0,22.08,TRAIL
2009-12-16,2010-01-12,CORN,3.0,-12.98,TRAIL
2009-12-16,2010-01-12,COPPER,3.0,14.27,TRAIL
2009-12-28,2010-01-12,WHEAT,3.0,-8.17,TRAIL
2009-12-31,2010-01-12,USDJPY,1.5,-2.95,TRAIL
2009-12-24,2010-01-14,CRUDE,3.0,5.15,TRAIL
2009-11-16,2010-01-15,DAX,3.0,3.68,TRAIL
2010-01-12,2010-01-15,HANGSENG,1.5,-4.52,TRAIL
2010-01-12,2010-01-20,SILVER,2.0,-4.13,TRAIL
2010-01-15,2010-01-20,EURUSD,1.5,-2.93,TRAIL
2009-10-29,2010-01-21,DOW,3.0,12.87,TRAIL
2009-11-05,2010-01-21,XLV,3.0,32.62,TRAIL
2009-11-09,2010-01-21,SP500,3.0,6.42,TRAIL
2009-11-25,2010-01-21,RUSSELL2000,3.0,18.32,TRAIL
2009-11-27,2010-01-21,FTSE,3.0,5.11,TRAIL
2009-12-22,2010-01-21,XLE,3.0,3.05,TRAIL
2009-12-29,2010-01-21,XLF,3.0,4.99,TRAIL
2010-01-08,2010-01-21,COFFEE,1.5,-6.86,TRAIL
2010-01-12,2010-01-21,COPPER,2.0,-3.15,TRAIL
2010-01-12,2010-01-21,GOLD,1.5,-3.48,TRAIL
2010-01-19,2010-01-21,DAX,1.5,-5.76,TRAIL
2009-11-30,2010-01-22,NASDAQ,3.0,8.49,TRAIL
2009-12-04,2010-01-22,NIKKEI,3.0,17.0,TRAIL
2009-12-24,2010-01-22,PLATINUM,3.0,14.17,TRAIL
2010-01-13,2010-01-22,XLK,1.5,-8.25,STOP
2010-01-14,2010-01-22,CRUDE,1.5,-9.16,STOP
2010-01-20,2010-01-22,SILVER,1.5,-7.96,STOP
2009-12-07,2010-01-27,NATGAS,1.5,9.14,TRAIL
2010-01-25,2010-01-27,COPPER,1.5,-7.51,STOP
2009-12-10,2010-02-04,SUGAR,3.0,56.49,TRAIL
2010-01-21,2010-02-04,XLV,1.5,-5.3,TRAIL
2010-02-02,2010-02-04,GOLD,1.5,-7.38,TRAIL
2010-02-02,2010-02-04,PLATINUM,1.5,-6.0,TRAIL
2010-01-22,2010-02-11,TBOND,1.5,-2.01,TRAIL
2010-01-25,2010-02-18,TNOTE10,1.5,-0.68,TRAIL
2010-02-19,2010-02-25,COPPER,1.5,-7.35,TRAIL
2010-02-22,2010-03-09,WHEAT,2.0,-9.08,TRAIL
2010-02-23,2010-03-09,CORN,3.0,-7.34,TRAIL
2010-02-19,2010-03-10,GOLD,3.0,-3.61,TRAIL
2010-02-11,2010-03-11,COTTON,3.0,24.07,TRAIL
2010-02-25,2010-03-19,PLATINUM,3.0,15.26,TRAIL
2010-02-26,2010-03-22,SILVER,3.0,7.64,TRAIL
2010-02-23,2010-03-23,TNOTE10,1.5,-0.97,TRAIL
2010-02-26,2010-03-24,XLE,3.0,5.77,TRAIL
2010-02-26,2010-03-25,HANGSENG,3.0,2.47,TRAIL
2010-03-19,2010-03-25,CORN,1.5,-7.81,STOP
2010-03-01,2010-03-26,XLV,3.0,2.9,TRAIL
2010-03-12,2010-03-26,COTTON,3.0,-2.91,TRAIL
2010-01-29,2010-04-01,DXY,3.0,4.98,TRAIL
2010-03-22,2010-04-05,SOYBEANS,1.5,-5.03,TRAIL
2010-03-11,2010-04-09,COFFEE,3.0,2.85,TRAIL
2010-04-01,2010-04-14,DXY,1.5,-1.1,TRAIL
2010-03-24,2010-04-15,USDJPY,3.0,3.35,TRAIL
2010-02-24,2010-04-16,XLF,3.0,36.24,TRAIL
2010-02-26,2010-04-16,COPPER,3.0,22.3,TRAIL
2010-03-23,2010-04-16,SILVER,3.0,11.59,TRAIL
2010-03-29,2010-04-16,XLV,1.5,-2.84,TRAIL
2010-02-18,2010-04-19,CRUDE,3.0,9.07,TRAIL
2010-03-09,2010-04-19,NIKKEI,3.0,9.68,TRAIL
2010-03-29,2010-04-19,HANGSENG,3.0,2.37,TRAIL
2010-02-19,2010-04-22,FTSE,3.0,17.19,TRAIL
2010-02-23,2010-04-27,SP500,3.0,24.42,TRAIL
2010-02-23,2010-04-27,DOW,3.0,20.7,TRAIL
2010-04-01,2010-04-27,XLE,3.0,7.38,TRAIL
2010-04-16,2010-04-27,XLF,3.0,-7.34,TRAIL
2010-04-26,2010-04-27,FTSE,1.5,-3.92,TRAIL
2010-02-26,2010-04-28,DAX,3.0,26.04,TRAIL
2010-02-22,2010-04-30,RUSSELL2000,3.0,40.02,TRAIL
2010-02-23,2010-04-30,NASDAQ,3.0,33.58,TRAIL
2010-03-09,2010-04-30,XLK,3.0,12.44,TRAIL
2010-03-25,2010-05-04,PLATINUM,3.0,14.93,TRAIL
2010-04-19,2010-05-04,SILVER,3.0,1.57,TRAIL
2010-04-20,2010-05-04,COTTON,2.5,-9.84,TRAIL
2010-04-09,2010-05-05,SOYBEANS,3.0,5.04,TRAIL
2010-04-23,2010-05-05,CRUDE,2.5,-15.13,STOP
2010-04-28,2010-05-05,DOW,1.5,-2.42,TRAIL
2010-04-29,2010-05-05,SP500,1.5,-5.09,TRAIL
2010-05-03,2010-05-05,RUSSELL2000,1.5,-7.01,TRAIL
2010-05-03,2010-05-05,NASDAQ,1.5,-5.79,TRAIL
2010-04-15,2010-05-06,USDJPY,3.0,-7.13,TRAIL
2010-04-26,2010-05-06,NIKKEI,1.5,-6.32,TRAIL
2010-04-27,2010-05-06,XLE,2.0,-13.07,STOP
2010-04-29,2010-05-06,XLF,1.5,-11.78,STOP
2010-05-03,2010-05-06,COFFEE,1.5,-5.69,TRAIL
2010-05-04,2010-05-10,WHEAT,1.5,-5.18,MOM_REV
2010-05-11,2010-05-13,CORN,1.5,-1.32,MOM_REV
2010-05-12,2010-05-17,PLATINUM,1.5,-7.23,TRAIL
2010-04-05,2010-05-19,GOLD,3.0,15.81,TRAIL
2010-05-07,2010-05-19,SILVER,3.0,-5.5,TRAIL
2010-05-12,2010-05-19,RUSSELL2000,1.5,-8.74,STOP
2010-05-17,2010-05-19,NATGAS,1.5,-8.19,STOP
2010-05-13,2010-05-20,COFFEE,1.5,-5.91,TRAIL
2010-05-18,2010-05-28,COTTON,1.5,-3.92,TRAIL
2010-05-27,2010-06-03,SILVER,1.5,-4.36,MOM_REV
2010-06-04,2010-06-09,NATGAS,2.0,-5.0,MOM_REV
2010-04-21,2010-06-15,DXY,3.0,17.82,TRAIL
2010-06-15,2010-06-16,NATGAS,1.5,-6.1,MOM_REV
2010-06-04,2010-06-23,USDJPY,1.5,-3.22,TRAIL
2010-06-21,2010-06-23,XLE,1.5,-5.49,MOM_REV
2010-06-18,2010-06-24,NASDAQ,1.5,-6.0,TRAIL
2010-06-18,2010-06-24,SP500,1.5,-5.88,TRAIL
2010-06-03,2010-06-25,DAX,3.0,0.79,TRAIL
2010-06-17,2010-06-25,XLK,1.5,-5.72,TRAIL
2010-06-21,2010-06-25,NIKKEI,1.5,-7.33,TRAIL
2010-06-22,2010-06-25,FTSE,1.5,-5.73,TRAIL
2010-06-18,2010-06-29,DOW,1.5,-8.33,STOP
2010-06-21,2010-06-29,RUSSELL2000,1.5,-10.02,STOP
2010-06-21,2010-06-29,XLF,1.5,-8.41,STOP
2010-06-21,2010-06-29,PLATINUM,1.5,-3.98,TRAIL
2010-05-19,2010-07-01,GOLD,3.0,3.45,TRAIL
2010-06-09,2010-07-01,COTTON,3.0,-0.37,TRAIL
2010-06-14,2010-07-01,CRUDE,3.0,-8.67,TRAIL
2010-06-18,2010-07-01,SILVER,1.5,-11.07,STOP
2010-06-28,2010-07-01,DAX,1.5,-7.3,TRAIL
2010-06-11,2010-07-06,COFFEE,3.0,21.84,TRAIL
2010-07-07,2010-07-09,COTTON,1.5,-8.27,STOP
2010-05-03,2010-07-13,TBOND,3.0,17.06,TRAIL
2010-07-07,2010-07-20,COFFEE,3.0,-7.84,TRAIL
2010-07-12,2010-07-20,DAX,2.0,-3.61,TRAIL
2010-07-15,2010-07-23,CORN,1.0,-5.41,STOP
2010-07-14,2010-07-27,TBOND,3.0,-0.59,TRAIL
2010-07-29,2010-08-09,PLATINUM,2.5,-3.28,TRAIL
2010-07-14,2010-08-10,WHEAT,2.0,53.44,TRAIL
2010-07-22,2010-08-11,CRUDE,3.0,-4.84,TRAIL
2010-07-23,2010-08-11,RUSSELL2000,3.0,-13.95,TRAIL
2010-07-23,2010-08-11,NASDAQ,3.0,-8.04,TRAIL
2010-07-23,2010-08-11,SP500,3.0,-3.59,TRAIL
2010-07-23,2010-08-11,XLK,2.5,-5.86,TRAIL
2010-07-23,2010-08-11,DOW,3.0,-1.32,TRAIL
2010-07-23,2010-08-11,XLF,3.0,-7.21,TRAIL
2010-07-23,2010-08-11,FTSE,3.0,-3.81,TRAIL
2010-07-28,2010-08-11,COPPER,3.0,1.16,TRAIL
2010-07-28,2010-08-11,HANGSENG,3.0,2.89,TRAIL
2010-08-02,2010-08-11,SILVER,1.5,-4.18,TRAIL
2010-08-09,2010-08-11,XLE,1.5,-5.66,TRAIL
2010-07-23,2010-08-12,DAX,3.0,-1.52,TRAIL
2010-08-02,2010-08-12,GBPUSD,1.5,-2.43,TRAIL
2010-08-10,2010-08-17,WHEAT,1.5,-9.45,STOP
2010-07-09,2010-08-20,SOYBEANS,3.0,-4.75,TRAIL
2010-08-16,2010-08-20,SILVER,1.5,-3.55,TRAIL
2010-08-17,2010-08-20,DAX,1.5,-4.86,TRAIL
2010-07-23,2010-08-24,COFFEE,3.0,1.54,TRAIL
2010-08-11,2010-08-24,COPPER,3.0,-1.2,TRAIL
2010-08-11,2010-08-24,HANGSENG,1.5,-4.48,TRAIL
2010-08-17,2010-08-24,FTSE,1.5,-5.46,TRAIL
2010-07-30,2010-09-03,TBOND,3.0,9.69,TRAIL
2010-04-27,2010-09-09,TNOTE10,3.0,17.85,TRAIL
2010-08-13,2010-09-13,DXY,1.5,-1.88,TRAIL
2010-08-27,2010-09-20,COFFEE,3.0,5.93,TRAIL
2010-08-19,2010-09-28,WHEAT,3.0,1.54,TRAIL
2010-09-29,2010-09-30,NATGAS,1.5,-3.41,MOM_REV
2010-07-23,2010-10-01,CORN,3.0,76.36,TRAIL
2010-08-11,2010-10-01,COTTON,3.0,56.1,TRAIL
2010-09-07,2010-10-01,SUGAR,2.5,22.26,TRAIL
2010-09-09,2010-10-01,SOYBEANS,3.0,5.56,TRAIL
2010-09-28,2010-10-04,COFFEE,1.5,-13.06,STOP
2010-09-07,2010-10-15,TBOND,1.5,-3.7,TRAIL
2010-08-12,2010-10-19,GOLD,3.0,29.71,TRAIL
2010-09-17,2010-10-19,PLATINUM,3.0,9.56,TRAIL
2010-10-08,2010-10-19,WHEAT,1.5,-9.96,STOP
2010-08-24,2010-10-21,SILVER,3.0,77.64,TRAIL
2010-09-21,2010-10-26,TNOTE10,3.0,-0.07,TRAIL
2010-09-10,2010-10-27,HANGSENG,3.0,26.92,TRAIL
2010-08-27,2010-10-29,COPPER,3.0,32.82,TRAIL
2010-10-29,2010-11-01,NATGAS,1.5,-7.65,STOP
2010-09-29,2010-11-10,EURUSD,3.0,4.45,TRAIL
2010-10-21,2010-11-10,SILVER,3.0,48.5,TRAIL
2010-10-07,2010-11-11,SUGAR,3.0,53.66,TRAIL
2010-09-20,2010-11-12,XLK,3.0,19.42,TRAIL
2010-09-24,2010-11-12,DOW,3.0,9.18,TRAIL
2010-10-05,2010-11-12,CORN,3.0,26.27,TRAIL
2010-10-05,2010-11-12,SOYBEANS,3.0,53.53,TRAIL
2010-10-19,2010-11-12,COFFEE,3.0,15.01,TRAIL
2010-10-20,2010-11-12,XLV,3.0,-2.02,TRAIL
2010-10-27,2010-11-12,WHEAT,3.0,-14.3,TRAIL
2010-11-01,2010-11-12,HANGSENG,3.0,7.22,TRAIL
2010-11-11,2010-11-12,SUGAR,1.5,-17.45,STOP
2010-10-01,2010-11-15,COTTON,2.5,96.98,TRAIL
2010-10-25,2010-11-15,NASDAQ,3.0,2.77,TRAIL
2010-10-25,2010-11-15,SP500,3.0,3.07,TRAIL
2010-10-14,2010-11-16,XLE,3.0,12.19,TRAIL
2010-10-19,2010-11-16,GOLD,3.0,0.72,TRAIL
2010-10-20,2010-11-16,FTSE,3.0,-2.46,TRAIL
2010-11-01,2010-11-16,CRUDE,3.0,-2.21,TRAIL
2010-11-10,2010-11-16,RUSSELL2000,1.5,-6.03,TRAIL
2010-11-10,2010-11-16,COPPER,1.5,-9.15,STOP
2010-11-12,2010-11-16,SOYBEANS,2.0,-6.85,TRAIL
2010-09-16,2010-11-17,GBPUSD,3.0,4.86,TRAIL
2010-11-12,2010-11-17,HANGSENG,1.5,-6.24,TRAIL
2010-11-15,2010-11-17,COTTON,1.5,-10.65,STOP
2010-11-18,2010-11-23,FTSE,1.5,-4.87,TRAIL
2010-11-15,2010-11-26,XLF,1.5,-5.9,TRAIL
2010-11-19,2010-11-29,GBPUSD,1.5,-4.31,TRAIL
2010-11-19,2010-11-30,NATGAS,3.0,1.15,MOM_REV
2010-12-03,2010-12-08,PLATINUM,1.5,-3.67,TRAIL
2010-11-23,2010-12-16,GOLD,3.0,-1.55,TRAIL
2010-12-02,2010-12-27,COTTON,2.5,15.33,TRAIL
2010-09-09,2010-12-30,DAX,3.0,33.4,TRAIL
2010-12-16,2010-12-30,SUGAR,3.0,-6.0,TRAIL
2010-12-02,2010-12-31,FTSE,3.0,6.88,TRAIL
2010-11-12,2011-01-04,SILVER,3.0,41.11,TRAIL
2010-12-27,2011-01-04,PLATINUM,2.5,1.09,TRAIL
2010-12-30,2011-01-04,GOLD,2.0,-3.86,TRAIL
2010-12-01,2011-01-06,COPPER,3.0,28.51,TRAIL
2010-12-13,2011-01-06,CORN,3.0,13.95,TRAIL
2010-12-31,2011-01-06,SUGAR,1.5,-8.78,STOP
2011-01-04,2011-01-06,NATGAS,1.5,-7.55,STOP
2010-12-30,2011-01-07,EURUSD,2.5,-4.62,TRAIL
2010-12-02,2011-01-11,WHEAT,2.5,18.75,TRAIL
2011-01-11,2011-01-14,SUGAR,1.5,-8.52,STOP
2010-11-18,2011-01-20,RUSSELL2000,3.0,23.82,TRAIL
2010-11-22,2011-01-20,NASDAQ,3.0,20.41,TRAIL
2011-01-06,2011-01-20,FTSE,1.5,-3.78,TRAIL
2010-11-25,2011-01-21,NIKKEI,3.0,5.8,TRAIL
2011-01-04,2011-01-24,HANGSENG,3.0,1.69,TRAIL
2010-11-29,2011-01-25,CRUDE,3.0,1.61,TRAIL
2011-01-04,2011-01-25,PLATINUM,3.0,7.07,TRAIL
2011-01-06,2011-01-25,COPPER,3.0,-7.08,TRAIL
2011-01-06,2011-01-26,NATGAS,2.5,3.21,MOM_REV
2010-11-15,2011-01-28,SP500,3.0,19.68,TRAIL
2010-12-02,2011-01-28,XLK,3.0,14.22,TRAIL
2010-12-10,2011-01-28,XLV,3.0,4.64,TRAIL
2011-01-20,2011-01-28,NASDAQ,2.5,-1.61,TRAIL
2011-01-25,2011-01-31,NIKKEI,1.5,-3.25,TRAIL
2011-01-27,2011-02-03,SUGAR,2.0,-12.52,STOP
2011-01-31,2011-02-07,CRUDE,1.5,-7.66,STOP
2011-01-24,2011-02-09,HANGSENG,1.5,-4.02,TRAIL
2011-01-25,2011-02-10,PLATINUM,3.0,7.26,TRAIL
2010-11-24,2011-02-14,SOYBEANS,3.0,35.32,TRAIL
2011-01-14,2011-02-14,EURUSD,3.0,3.52,TRAIL
2011-01-20,2011-02-16,WHEAT,2.5,10.42,TRAIL
2011-01-28,2011-02-16,COPPER,3.0,6.91,TRAIL
2010-12-01,2011-02-22,DOW,3.0,25.51,TRAIL
2010-12-02,2011-02-22,XLF,3.0,31.34,TRAIL
2011-01-26,2011-02-22,RUSSELL2000,3.0,7.27,TRAIL
2011-01-31,2011-02-22,SP500,3.0,6.84,TRAIL
2011-01-31,2011-02-22,XLK,3.0,4.04,TRAIL
2011-02-03,2011-02-22,NASDAQ,3.0,0.28,TRAIL
2011-02-10,2011-02-22,PLATINUM,1.5,-3.29,TRAIL
2011-01-11,2011-02-23,COTTON,2.5,66.74,TRAIL
2011-01-25,2011-02-23,DAX,3.0,5.76,TRAIL
2011-02-01,2011-02-23,XLV,3.0,-2.33,TRAIL
2011-02-07,2011-02-23,NIKKEI,3.0,-0.37,TRAIL
2011-02-14,2011-02-23,FTSE,1.5,-3.38,TRAIL
2011-02-16,2011-02-23,COPPER,1.5,-6.47,TRAIL
2011-02-28,2011-03-02,NIKKEI,1.5,-1.86,TRAIL
2011-03-01,2011-03-07,PLATINUM,1.5,-2.01,TRAIL
2010-11-16,2011-03-10,XLE,3.0,62.04,TRAIL
2011-01-06,2011-03-10,CORN,3.0,37.0,TRAIL
2011-02-25,2011-03-10,NASDAQ,1.5,-4.32,TRAIL
2010-11-15,2011-03-11,COFFEE,3.0,101.61,TRAIL
2011-03-04,2011-03-11,NIKKEI,1.5,-6.16,TRAIL
2011-02-15,2011-03-15,GOLD,3.0,4.15,TRAIL
2011-02-22,2011-03-15,RUSSELL2000,3.0,-7.98,TRAIL
2011-02-22,2011-03-15,SP500,2.0,-5.1,TRAIL
2011-02-22,2011-03-15,DOW,1.5,-4.39,TRAIL
2011-02-22,2011-03-15,CRUDE,3.0,11.57,TRAIL
2011-02-23,2011-03-15,COTTON,2.5,5.87,TRAIL
2011-02-25,2011-03-15,XLV,3.0,-1.39,TRAIL
2011-02-28,2011-03-15,XLF,1.5,-5.79,TRAIL
2011-03-08,2011-03-15,HANGSENG,1.5,-6.54,TRAIL
2011-01-20,2011-03-17,GBPUSD,3.0,0.32,TRAIL
2011-03-21,2011-03-28,GBPUSD,1.5,-2.02,TRAIL
2011-03-11,2011-03-29,COFFEE,2.0,-8.95,TRAIL
2011-03-24,2011-03-30,CORN,1.5,-8.38,STOP
2011-03-23,2011-04-04,COPPER,1.5,-5.84,TRAIL
2011-03-17,2011-04-07,NATGAS,2.5,-6.07,TRAIL
2011-03-24,2011-04-11,RUSSELL2000,3.0,6.15,TRAIL
2011-03-17,2011-04-12,CRUDE,3.0,14.29,TRAIL
2011-03-21,2011-04-12,XLE,3.0,-7.53,TRAIL
2011-03-25,2011-04-12,SOYBEANS,3.0,-6.29,TRAIL
2011-03-30,2011-04-13,XLF,2.0,-2.07,TRAIL
2011-04-07,2011-04-13,COPPER,2.0,-5.47,TRAIL
2011-04-05,2011-04-14,WHEAT,2.0,-11.64,STOP
2011-03-24,2011-04-18,NASDAQ,3.0,-0.11,TRAIL
2011-03-24,2011-04-18,SP500,3.0,-1.04,TRAIL
2011-03-24,2011-04-18,DOW,3.0,0.76,TRAIL
2011-03-30,2011-04-18,XLK,1.5,-3.45,TRAIL
2011-03-30,2011-04-18,FTSE,3.0,-3.94,TRAIL
2011-04-01,2011-04-18,USDJPY,3.0,-0.77,TRAIL
2011-03-18,2011-04-19,COTTON,1.0,-4.67,TRAIL
2011-03-25,2011-04-19,HANGSENG,3.0,4.69,TRAIL
2011-04-01,2011-04-28,CORN,3.0,-5.3,TRAIL
2011-04-18,2011-04-28,WHEAT,2.5,-10.32,TRAIL
2011-04-20,2011-04-29,COPPER,1.5,-5.91,TRAIL
2011-02-09,2011-05-03,SILVER,2.5,101.6,TRAIL
2011-04-18,2011-05-03,USDJPY,1.5,-3.55,TRAIL
2011-04-20,2011-05-03,XLE,2.5,-3.82,TRAIL
2011-03-18,2011-05-04,GOLD,3.0,20.98,TRAIL
2011-04-11,2011-05-04,RUSSELL2000,3.0,-0.35,TRAIL
2011-04-13,2011-05-04,PLATINUM,3.0,7.68,TRAIL
2011-04-20,2011-05-04,HANGSENG,1.5,-3.65,TRAIL
2011-04-12,2011-05-05,COFFEE,3.0,15.01,TRAIL
2011-04-13,2011-05-05,CRUDE,3.0,-20.47,STOP
2011-04-19,2011-05-05,NATGAS,3.0,-0.07,TRAIL
2011-04-20,2011-05-05,SP500,3.0,1.07,TRAIL
2011-04-29,2011-05-05,CORN,1.5,-9.75,STOP
2011-05-03,2011-05-05,FTSE,1.5,-4.02,TRAIL
2011-05-04,2011-05-05,PLATINUM,1.5,-3.95,TRAIL
2011-04-12,2011-05-06,GBPUSD,3.0,0.75,TRAIL
2011-02-21,2011-05-09,EURUSD,3.0,13.99,TRAIL
2011-04-15,2011-05-12,NIKKEI,3.0,3.91,TRAIL
2011-04-20,2011-05-16,NASDAQ,3.0,-2.16,TRAIL
2011-04-28,2011-05-16,XLK,1.5,-3.81,TRAIL
2011-05-10,2011-05-16,RUSSELL2000,1.5,-5.78,TRAIL
2011-04-12,2011-05-17,DAX,3.0,6.49,TRAIL
2011-04-28,2011-05-17,DOW,1.5,-3.33,TRAIL
2011-05-10,2011-05-17,FTSE,1.5,-3.94,TRAIL
2011-05-05,2011-05-23,SP500,2.5,-3.32,TRAIL
2011-03-24,2011-05-24,XLV,3.0,27.53,TRAIL
2011-05-12,2011-05-25,NIKKEI,1.5,-4.54,TRAIL
2011-05-31,2011-06-03,XLV,1.5,-3.82,TRAIL
2011-05-17,2011-06-06,WHEAT,1.5,-3.93,TRAIL
2011-05-04,2011-06-13,GOLD,3.0,0.02,TRAIL
2011-05-31,2011-06-13,COPPER,1.5,-5.14,TRAIL
2011-06-06,2011-06-13,EURUSD,1.5,-3.3,TRAIL
2011-06-06,2011-06-13,SILVER,2.0,-11.09,STOP
2011-06-06,2011-06-13,PLATINUM,2.0,-1.58,TRAIL
2011-05-18,2011-06-14,SOYBEANS,3.0,-2.5,TRAIL
2011-05-20,2011-06-15,CORN,3.0,-13.33,TRAIL
2011-06-13,2011-06-15,PLATINUM,1.5,-2.71,TRAIL
2011-06-02,2011-06-16,NATGAS,1.0,-7.97,STOP
2011-06-14,2011-06-16,COTTON,1.5,-9.24,STOP
2011-06-02,2011-06-22,TNOTE10,1.5,-0.89,TRAIL
2011-06-06,2011-06-23,GBPUSD,1.5,-3.59,TRAIL
2011-06-16,2011-06-23,GOLD,2.5,-1.5,TRAIL
2011-06-22,2011-06-24,SILVER,1.5,-8.55,STOP
2011-06-03,2011-06-28,TBOND,1.5,-2.78,TRAIL
2011-06-24,2011-06-29,TNOTE10,1.5,-2.27,TRAIL
2011-06-22,2011-07-07,COTTON,1.0,-15.52,STOP
2011-06-21,2011-07-11,DAX,3.0,-2.28,TRAIL
2011-06-30,2011-07-11,COFFEE,2.0,-5.62,TRAIL
2011-06-14,2011-07-12,EURUSD,1.5,-3.92,TRAIL
2011-06-30,2011-07-12,RUSSELL2000,3.0,0.85,TRAIL
2011-06-30,2011-07-12,NASDAQ,3.0,0.91,TRAIL
2011-06-30,2011-07-12,SP500,3.0,-1.59,TRAIL
2011-07-01,2011-07-12,XLK,2.5,-3.06,TRAIL
2011-07-04,2011-07-12,FTSE,1.5,-3.7,TRAIL
2011-06-30,2011-07-15,XLV,2.5,-2.39,TRAIL
2011-06-30,2011-07-18,DOW,3.0,-0.71,TRAIL
2011-07-18,2011-07-21,NATGAS,1.5,-4.98,MOM_REV
2011-07-12,2011-07-27,RUSSELL2000,2.5,-8.81,TRAIL
2011-07-12,2011-07-27,NASDAQ,3.0,-1.85,TRAIL
2011-07-12,2011-07-27,SP500,3.0,-2.0,TRAIL
2011-07-18,2011-07-27,DOW,3.0,-2.0,TRAIL
2011-07-21,2011-07-27,XLV,1.5,-5.55,TRAIL
2011-06-30,2011-07-29,XLE,3.0,4.38,TRAIL
2011-07-12,2011-07-29,XLK,3.0,0.12,TRAIL
2011-07-21,2011-08-01,DAX,1.5,-6.92,TRAIL
2011-07-22,2011-08-01,FTSE,1.5,-4.06,TRAIL
2011-07-13,2011-08-02,CRUDE,3.0,-13.03,TRAIL
2011-07-07,2011-08-03,COPPER,1.5,-3.79,TRAIL
2011-07-13,2011-08-03,SOYBEANS,1.5,-2.49,MOM_REV
2011-07-26,2011-08-03,PLATINUM,1.5,-1.75,TRAIL
2011-07-13,2011-08-05,SILVER,2.5,0.32,TRAIL
2011-07-22,2011-08-05,EURUSD,1.5,-3.67,TRAIL
2011-07-08,2011-08-24,GOLD,3.0,41.44,TRAIL
2011-08-17,2011-08-24,SILVER,2.5,-7.39,TRAIL
2011-08-17,2011-08-24,PLATINUM,2.5,-1.97,TRAIL
2011-08-23,2011-08-25,SUGAR,1.5,-5.65,MOM_REV
2011-08-24,2011-08-31,WHEAT,2.0,-1.07,MOM_REV
2011-07-22,2011-09-01,CORN,3.0,16.85,TRAIL
2011-07-22,2011-09-02,GBPUSD,3.0,-2.49,TRAIL
2011-08-10,2011-09-05,EURUSD,1.5,-2.35,TRAIL
2011-08-29,2011-09-06,SUGAR,1.5,-8.03,STOP
2011-08-24,2011-09-07,PLATINUM,3.0,0.39,TRAIL
2011-08-17,2011-09-09,COFFEE,3.0,9.18,TRAIL
2011-08-23,2011-09-12,SOYBEANS,3.0,-0.43,TRAIL
2011-08-25,2011-09-12,SILVER,3.0,-4.24,TRAIL
2011-09-08,2011-09-12,PLATINUM,1.5,-3.65,TRAIL
2011-09-01,2011-09-13,CORN,2.5,-6.69,TRAIL
2011-08-24,2011-09-15,GOLD,3.0,4.17,TRAIL
2011-09-14,2011-09-15,NATGAS,1.5,-5.98,MOM_REV
2011-09-12,2011-09-16,SUGAR,1.5,-10.4,STOP
2011-08-31,2011-09-22,XLV,1.5,-7.91,STOP
2011-09-15,2011-09-22,XLK,1.5,-5.93,TRAIL
2011-07-13,2011-09-27,TNOTE10,3.0,11.46,TRAIL
2011-07-13,2011-09-27,TBOND,3.0,33.29,TRAIL
2011-10-03,2011-10-07,TNOTE10,1.5,-2.4,TRAIL
2011-09-29,2011-10-10,TBOND,3.0,-7.19,TRAIL
2011-09-09,2011-10-12,DXY,3.0,-0.78,TRAIL
2011-10-17,2011-10-26,SUGAR,1.5,-7.77,STOP
2011-10-14,2011-11-01,XLK,2.5,-6.83,TRAIL
2011-10-26,2011-11-10,SUGAR,1.0,-3.64,TRAIL
2011-10-24,2011-11-17,GOLD,3.0,12.41,TRAIL
2011-11-11,2011-11-17,SILVER,1.5,-13.75,STOP
2011-11-08,2011-11-18,XLK,1.5,-7.36,TRAIL
2011-11-11,2011-11-23,CRUDE,1.0,-2.85,TRAIL
2011-11-07,2011-11-30,TBOND,3.0,-0.79,TRAIL
2011-11-30,2011-12-12,GOLD,1.5,-6.99,TRAIL
2011-12-02,2011-12-14,CRUDE,1.5,-8.93,STOP
2011-12-09,2011-12-14,NASDAQ,1.5,-6.09,TRAIL
2011-12-01,2011-12-15,XLK,3.0,-8.62,TRAIL
2011-12-05,2011-12-19,DOW,1.5,-4.11,TRAIL
2011-11-04,2011-12-21,TNOTE10,3.0,0.4,TRAIL
2011-12-08,2011-12-23,TBOND,3.0,-1.84,TRAIL
2011-12-27,2012-01-06,WHEAT,2.5,-7.75,TRAIL
2011-12-29,2012-01-10,CORN,3.0,6.58,MOM_REV
2012-01-09,2012-01-11,WHEAT,1.5,-0.18,MOM_REV
2011-12-28,2012-01-20,TBOND,1.5,-2.76,TRAIL
2011-12-30,2012-01-20,TNOTE10,1.5,-0.98,TRAIL
2011-11-09,2012-01-23,DXY,3.0,6.78,TRAIL
2012-01-17,2012-01-26,COTTON,2.0,-5.3,MOM_REV
2011-12-21,2012-02-01,CRUDE,3.0,-3.22,TRAIL
2012-01-27,2012-02-08,TBOND,2.0,-1.7,TRAIL
2012-01-25,2012-02-09,TNOTE10,2.5,0.03,TRAIL
2012-02-07,2012-02-09,WHEAT,1.5,-3.68,MOM_REV
2012-02-09,2012-02-14,COPPER,1.5,-6.15,TRAIL
2012-01-17,2012-02-17,GOLD,3.0,12.56,MOM_REV
2012-02-24,2012-02-29,GOLD,1.5,-5.51,TRAIL
2012-02-01,2012-03-02,RUSSELL2000,3.0,-2.68,TRAIL
2012-02-03,2012-03-05,XLE,3.0,6.14,TRAIL
2011-12-21,2012-03-06,DOW,3.0,16.14,TRAIL
2011-12-22,2012-03-06,XLV,3.0,10.24,TRAIL
2012-01-26,2012-03-06,NASDAQ,3.0,11.23,TRAIL
2012-01-26,2012-03-06,SP500,3.0,5.67,TRAIL
2012-01-31,2012-03-06,DAX,3.0,8.09,TRAIL
2012-02-01,2012-03-06,XLF,3.0,3.57,TRAIL
2012-02-01,2012-03-06,FTSE,3.0,-1.29,TRAIL
2012-02-13,2012-03-06,HANGSENG,3.0,-1.17,TRAIL
2012-02-13,2012-03-06,CRUDE,3.0,11.27,TRAIL
2012-02-10,2012-03-13,TNOTE10,1.5,-1.03,TRAIL
2012-02-27,2012-03-13,TBOND,1.5,-3.42,TRAIL
2012-03-09,2012-03-22,DOW,3.0,2.88,TRAIL
2012-03-13,2012-03-22,FTSE,1.5,-2.78,TRAIL
2012-03-16,2012-03-22,XLE,1.5,-6.66,TRAIL
2012-03-13,2012-03-23,HANGSENG,1.5,-4.72,TRAIL
2012-03-02,2012-03-26,DXY,2.0,-1.18,TRAIL
2012-03-06,2012-03-29,CRUDE,3.0,-5.5,TRAIL
2012-03-08,2012-03-29,DAX,3.0,1.78,TRAIL
2012-03-23,2012-03-29,WHEAT,1.5,-9.57,STOP
2012-02-09,2012-04-03,USDJPY,3.0,17.44,TRAIL
2012-02-14,2012-04-04,NIKKEI,3.0,25.45,TRAIL
2012-03-13,2012-04-04,RUSSELL2000,3.0,-3.92,TRAIL
2012-04-02,2012-04-04,DAX,1.5,-5.79,TRAIL
2012-03-08,2012-04-09,XLV,3.0,7.49,TRAIL
2012-03-08,2012-04-09,NASDAQ,3.0,7.74,TRAIL
2012-03-08,2012-04-09,SP500,3.0,3.58,TRAIL
2012-03-08,2012-04-09,XLF,3.0,11.76,TRAIL
2012-03-15,2012-04-09,COPPER,1.5,-6.78,TRAIL
2012-03-22,2012-04-09,DOW,3.0,-2.68,TRAIL
2011-12-20,2012-04-10,XLK,3.0,49.47,TRAIL
2012-03-30,2012-04-10,WHEAT,1.5,-7.95,STOP
2012-04-04,2012-04-11,USDJPY,1.5,-3.87,TRAIL
2012-04-05,2012-04-16,CORN,1.5,-7.98,STOP
2012-04-05,2012-04-26,DXY,1.5,-2.17,TRAIL
2012-04-27,2012-05-02,WHEAT,1.5,-8.23,STOP
2012-04-30,2012-05-03,CRUDE,1.5,-3.33,TRAIL
2012-04-27,2012-05-04,COPPER,1.5,-3.77,TRAIL
2012-05-01,2012-05-04,FTSE,1.5,-4.05,TRAIL
2012-04-26,2012-05-07,HANGSENG,3.0,-3.94,TRAIL
2012-04-26,2012-05-07,DOW,1.5,-2.23,TRAIL
2012-03-16,2012-05-08,SOYBEANS,3.0,13.92,TRAIL
2012-04-17,2012-05-09,XLV,3.0,-2.75,TRAIL
2012-04-27,2012-05-10,CORN,3.0,-12.63,TRAIL
2012-03-06,2012-05-14,GBPUSD,3.0,3.81,TRAIL
2012-05-16,2012-05-24,WHEAT,2.0,7.59,TRAIL
2012-05-24,2012-06-01,WHEAT,1.0,-7.65,STOP
2012-04-10,2012-06-06,TNOTE10,3.0,5.91,TRAIL
2012-04-13,2012-06-07,TBOND,3.0,16.17,TRAIL
2012-05-09,2012-06-19,DXY,3.0,4.83,TRAIL
2012-06-19,2012-06-20,COTTON,1.5,-8.2,STOP
2012-06-15,2012-06-21,XLE,1.5,-5.94,TRAIL
2012-06-15,2012-06-21,GOLD,1.5,-5.76,TRAIL
2012-06-15,2012-06-21,PLATINUM,1.5,-4.83,TRAIL
2012-06-06,2012-06-22,TNOTE10,1.5,-1.33,TRAIL
2012-06-15,2012-06-25,SP500,2.0,-4.34,TRAIL
2012-06-15,2012-06-25,XLK,2.5,-4.14,TRAIL
2012-06-18,2012-06-25,HANGSENG,1.5,-4.09,TRAIL
2012-06-18,2012-06-25,FTSE,2.0,-1.47,TRAIL
2012-06-19,2012-06-25,DAX,1.5,-5.44,TRAIL
2012-06-29,2012-07-06,COPPER,2.0,-4.9,TRAIL
2012-06-29,2012-07-06,PLATINUM,2.5,-0.4,TRAIL
2012-06-18,2012-07-10,NIKKEI,3.0,4.7,TRAIL
2012-06-14,2012-07-11,DOW,3.0,-1.12,TRAIL
2012-06-18,2012-07-11,RUSSELL2000,3.0,7.66,TRAIL
2012-06-27,2012-07-11,XLK,3.0,0.0,TRAIL
2012-06-15,2012-07-12,XLF,3.0,-0.63,TRAIL
2012-06-18,2012-07-12,NASDAQ,3.0,-3.02,TRAIL
2012-06-25,2012-07-12,HANGSENG,3.0,2.03,TRAIL
2012-06-26,2012-07-12,SP500,3.0,3.36,TRAIL
2012-06-29,2012-07-12,GOLD,2.0,-4.81,TRAIL
2012-06-22,2012-07-13,USDJPY,1.5,-1.33,TRAIL
2012-06-14,2012-07-23,XLV,3.0,7.14,TRAIL
2012-06-25,2012-07-23,FTSE,3.0,4.58,TRAIL
2012-06-29,2012-07-23,DAX,3.0,0.14,TRAIL
2012-07-10,2012-07-23,NIKKEI,1.5,-5.92,TRAIL
2012-07-11,2012-07-23,RUSSELL2000,2.5,-4.22,TRAIL
2012-07-13,2012-07-23,XLF,1.5,-4.59,TRAIL
2012-07-17,2012-07-23,HANGSENG,1.5,-3.1,TRAIL
2012-06-12,2012-07-24,SOYBEANS,3.0,44.79,TRAIL
2012-07-13,2012-07-24,NASDAQ,2.5,-3.91,TRAIL
2012-07-13,2012-07-24,SP500,2.5,-3.4,TRAIL
2012-07-13,2012-07-24,DOW,2.5,-3.13,TRAIL
2012-07-18,2012-07-25,XLK,1.5,-3.95,TRAIL
2012-06-21,2012-07-26,DXY,3.0,1.79,TRAIL
2012-06-07,2012-07-27,TBOND,3.0,1.95,TRAIL
2012-07-06,2012-07-27,TNOTE10,1.5,-0.26,TRAIL
2012-06-22,2012-08-02,WHEAT,2.0,56.96,TRAIL
2012-07-12,2012-08-03,NATGAS,2.5,0.26,TRAIL
2012-07-24,2012-08-06,SOYBEANS,3.0,-7.59,TRAIL
2012-08-02,2012-08-09,TBOND,1.5,-3.22,TRAIL
2012-07-31,2012-08-14,TNOTE10,1.5,-1.69,TRAIL
2012-08-03,2012-08-14,WHEAT,1.5,-8.67,STOP
2012-08-02,2012-08-21,DXY,1.5,-2.56,TRAIL
2012-07-26,2012-08-23,DOW,3.0,3.95,TRAIL
2012-06-14,2012-08-28,CORN,3.0,93.77,TRAIL
2012-08-01,2012-08-28,FTSE,3.0,3.3,TRAIL
2012-07-26,2012-08-30,DAX,3.0,14.24,TRAIL
2012-08-22,2012-09-05,WHEAT,1.5,-8.49,STOP
2012-08-09,2012-09-11,SOYBEANS,3.0,0.35,TRAIL
2012-08-29,2012-09-12,CORN,1.5,-7.27,TRAIL
2012-08-30,2012-09-12,TNOTE10,1.5,-0.73,TRAIL
2012-09-04,2012-09-12,TBOND,1.5,-3.31,TRAIL
2012-09-12,2012-09-17,SOYBEANS,1.5,-6.18,TRAIL
2012-09-11,2012-09-18,NATGAS,1.0,-7.32,STOP
2012-09-14,2012-09-18,PLATINUM,1.5,-6.78,TRAIL
2012-09-13,2012-09-20,TNOTE10,1.5,-1.75,TRAIL
2012-07-27,2012-09-25,NASDAQ,3.0,16.19,TRAIL
2012-07-27,2012-09-25,XLK,3.0,19.23,TRAIL
2012-07-27,2012-09-25,XLF,3.0,18.39,TRAIL
2012-08-28,2012-09-25,RUSSELL2000,3.0,9.15,TRAIL
2012-09-12,2012-09-25,XLE,2.5,-1.82,TRAIL
2012-07-26,2012-09-26,SP500,3.0,16.17,TRAIL
2012-09-03,2012-09-26,DAX,3.0,11.19,TRAIL
2012-09-25,2012-09-28,FTSE,1.5,-3.01,TRAIL
2012-09-26,2012-10-05,TBOND,1.5,-2.38,TRAIL
2012-09-10,2012-10-08,SILVER,3.0,3.65,TRAIL
2012-07-20,2012-10-09,GBPUSD,3.0,6.03,TRAIL
2012-09-27,2012-10-09,NASDAQ,1.5,-3.42,TRAIL
2012-09-27,2012-10-09,XLK,1.5,-4.2,TRAIL
2012-07-27,2012-10-10,XLV,3.0,13.22,TRAIL
2012-08-24,2012-10-10,DOW,3.0,4.26,TRAIL
2012-09-19,2012-10-10,PLATINUM,3.0,6.73,TRAIL
2012-09-26,2012-10-10,DAX,2.0,-1.96,TRAIL
2012-09-27,2012-10-10,SP500,1.5,-1.51,TRAIL
2012-09-04,2012-10-12,GOLD,3.0,11.54,TRAIL
2012-09-27,2012-10-12,RUSSELL2000,1.5,-3.64,TRAIL
2012-09-13,2012-10-15,WHEAT,2.5,-8.75,TRAIL
2012-09-20,2012-10-15,COPPER,1.5,-2.43,TRAIL
2012-10-10,2012-10-15,PLATINUM,1.5,-4.06,TRAIL
2012-10-10,2012-10-17,TBOND,1.5,-2.08,TRAIL
2012-10-15,2012-10-17,TNOTE10,1.5,-1.39,TRAIL
2012-10-17,2012-10-19,SP500,1.5,-2.85,TRAIL
2012-10-17,2012-10-19,PLATINUM,1.5,-4.95,TRAIL
2012-09-25,2012-10-23,XLE,2.5,-5.92,TRAIL
2012-09-27,2012-10-23,XLF,3.0,3.84,TRAIL
2012-10-01,2012-10-23,FTSE,3.0,-1.16,TRAIL
2012-10-10,2012-10-23,XLV,3.0,-1.86,TRAIL
2012-10-18,2012-10-23,DAX,1.5,-5.32,TRAIL
2012-10-11,2012-10-25,CORN,1.5,-6.06,TRAIL
2012-11-01,2012-11-07,XLF,1.5,-4.57,TRAIL
2012-09-24,2012-11-08,HANGSENG,3.0,12.64,TRAIL
2012-11-01,2012-11-09,DAX,1.5,-3.52,TRAIL
2012-10-25,2012-11-12,WHEAT,3.0,-5.16,TRAIL
2012-10-30,2012-11-14,FTSE,1.5,-3.28,TRAIL
2012-10-10,2012-11-23,DXY,3.0,1.01,TRAIL
2012-11-21,2012-11-28,GOLD,2.0,-1.32,TRAIL
2012-09-21,2012-11-30,NATGAS,2.0,46.86,TRAIL
2012-11-20,2012-11-30,SILVER,3.0,2.56,TRAIL
2012-11-28,2012-12-03,WHEAT,1.5,-5.82,TRAIL
2012-11-23,2012-12-04,PLATINUM,1.5,-3.08,TRAIL
2012-11-29,2012-12-04,GOLD,1.5,-2.85,TRAIL
2012-11-27,2012-12-07,CORN,1.5,-5.38,TRAIL
2012-11-29,2012-12-10,CRUDE,2.0,-5.7,TRAIL
2012-12-03,2012-12-10,SUGAR,1.5,-7.52,STOP
2012-11-07,2012-12-11,TBOND,3.0,0.12,TRAIL
2012-11-07,2012-12-13,TNOTE10,1.5,-0.32,TRAIL
2012-11-30,2012-12-13,SILVER,2.5,-6.96,TRAIL
2012-12-04,2012-12-17,COTTON,3.0,16.44,MOM_REV
2012-11-29,2012-12-19,COPPER,3.0,0.54,TRAIL
2012-12-11,2012-12-19,SOYBEANS,2.5,-5.94,TRAIL
2012-12-13,2012-12-20,PLATINUM,1.5,-6.07,TRAIL
2012-11-30,2012-12-24,XLV,3.0,0.2,TRAIL
2012-11-29,2012-12-26,SP500,3.0,0.82,TRAIL
2012-12-07,2012-12-26,XLE,3.0,0.01,TRAIL
2012-12-10,2012-12-26,DOW,2.5,-1.05,TRAIL
2012-11-28,2012-12-27,NASDAQ,3.0,-0.59,TRAIL
2012-11-28,2012-12-28,XLK,3.0,-5.14,TRAIL
2012-11-29,2012-12-28,RUSSELL2000,3.0,3.24,TRAIL
2012-12-10,2012-12-28,XLF,3.0,5.47,TRAIL
2012-12-24,2012-12-28,COTTON,1.5,-3.42,TRAIL
2012-11-26,2013-01-04,EURUSD,3.0,1.54,TRAIL
2012-12-04,2013-01-10,GBPUSD,2.0,-1.02,TRAIL
2012-12-31,2013-01-14,COPPER,3.0,-1.77,TRAIL
2013-01-11,2013-01-21,GBPUSD,1.5,-2.85,TRAIL
2012-11-16,2013-01-23,NIKKEI,3.0,48.63,TRAIL
2013-01-22,2013-01-25,GOLD,1.5,-3.23,TRAIL
2013-01-23,2013-01-25,SILVER,1.5,-5.69,TRAIL
2013-01-15,2013-01-28,NATGAS,3.0,-14.41,TRAIL
2012-11-22,2013-02-04,DAX,3.0,16.28,TRAIL
2012-11-23,2013-02-05,HANGSENG,3.0,16.9,TRAIL
2012-11-23,2013-02-07,FTSE,3.0,21.1,TRAIL
2013-01-11,2013-02-08,EURUSD,3.0,2.63,TRAIL
2013-01-10,2013-02-11,PLATINUM,3.0,11.5,TRAIL
2013-01-25,2013-02-11,SILVER,3.0,-2.74,TRAIL
2013-01-30,2013-02-11,GOLD,1.5,-2.83,TRAIL
2013-02-05,2013-02-14,NATGAS,1.0,-6.94,STOP
2013-02-11,2013-02-15,PLATINUM,1.5,-1.63,TRAIL
2013-01-18,2013-02-19,COPPER,3.0,-1.56,TRAIL
2012-12-18,2013-02-20,CRUDE,3.0,22.28,TRAIL
2012-12-31,2013-02-20,RUSSELL2000,3.0,22.66,TRAIL
2012-12-28,2013-02-21,XLF,3.0,24.85,TRAIL
2012-12-31,2013-02-21,XLE,3.0,24.11,TRAIL
2012-12-31,2013-02-21,NASDAQ,3.0,11.13,TRAIL
2012-12-31,2013-02-21,SP500,3.0,16.04,TRAIL
2013-01-02,2013-02-21,XLK,1.5,-2.42,TRAIL
2013-02-13,2013-02-22,EURUSD,1.5,-2.87,TRAIL
2013-01-02,2013-02-25,XLV,3.0,16.52,TRAIL
2013-01-02,2013-02-25,DOW,3.0,8.31,TRAIL
2013-02-20,2013-02-25,RUSSELL2000,1.5,-2.9,TRAIL
2013-02-22,2013-02-25,SP500,1.5,-2.75,TRAIL
2013-02-22,2013-02-25,XLF,1.5,-4.06,TRAIL
2013-01-25,2013-02-27,NIKKEI,3.0,8.99,TRAIL
2012-12-28,2013-03-21,COTTON,3.0,54.41,TRAIL
2013-02-07,2013-03-21,FTSE,3.0,7.72,TRAIL
2013-02-19,2013-03-25,DAX,3.0,4.58,TRAIL
2012-10-26,2013-03-26,USDJPY,3.0,51.33,TRAIL
2013-02-28,2013-04-01,NIKKEI,3.0,14.94,TRAIL
2013-03-01,2013-04-02,RUSSELL2000,3.0,6.42,TRAIL
2013-02-27,2013-04-03,XLF,3.0,6.31,TRAIL
2013-03-05,2013-04-03,XLE,3.0,-2.09,TRAIL
2013-03-25,2013-04-04,CRUDE,3.0,-4.9,TRAIL
2013-04-02,2013-04-04,FTSE,1.5,-3.39,TRAIL
2013-04-02,2013-04-05,DAX,1.5,-5.38,TRAIL
2013-03-21,2013-04-08,COTTON,2.0,-6.39,TRAIL
2013-02-27,2013-04-15,SP500,3.0,7.2,TRAIL
2013-02-27,2013-04-15,DOW,3.0,11.16,TRAIL
2013-03-01,2013-04-15,NASDAQ,3.0,4.42,TRAIL
2013-03-06,2013-04-15,XLK,3.0,-1.67,TRAIL
2013-04-08,2013-04-15,XLF,2.5,-1.78,TRAIL
2013-04-09,2013-04-15,CRUDE,1.5,-8.74,STOP
2013-04-10,2013-04-15,RUSSELL2000,1.5,-6.17,TRAIL
2013-04-10,2013-04-15,XLE,1.5,-7.76,STOP
2013-02-26,2013-04-16,DXY,3.0,-0.44,TRAIL
2013-04-16,2013-04-18,NASDAQ,1.5,-4.52,TRAIL
2013-04-16,2013-04-18,XLK,1.5,-4.61,TRAIL
2013-04-23,2013-04-30,DXY,1.5,-2.35,TRAIL
2013-02-27,2013-05-01,XLV,3.0,24.44,TRAIL
2013-02-27,2013-05-02,NATGAS,3.0,51.63,TRAIL
2013-04-22,2013-05-06,TNOTE10,1.5,-0.48,TRAIL
2013-04-23,2013-05-06,TBOND,1.5,-1.61,TRAIL
2013-04-09,2013-05-15,EURUSD,3.0,-2.12,TRAIL
2013-05-13,2013-05-15,SOYBEANS,1.5,-10.68,STOP
2013-05-07,2013-05-21,COTTON,2.0,-5.0,TRAIL
2013-04-03,2013-05-23,NIKKEI,3.0,51.49,TRAIL
2013-04-22,2013-05-23,HANGSENG,3.0,8.51,TRAIL
2013-04-23,2013-05-23,FTSE,3.0,13.61,TRAIL
2013-04-29,2013-05-24,DAX,3.0,16.45,TRAIL
2013-05-23,2013-05-30,NATGAS,1.5,-8.38,STOP
2013-05-23,2013-05-30,NIKKEI,1.5,-9.27,STOP
2013-04-16,2013-05-31,SP500,3.0,10.7,TRAIL
2013-05-02,2013-05-31,XLE,3.0,9.38,TRAIL
2013-05-03,2013-05-31,XLV,3.0,2.77,TRAIL
2013-05-03,2013-05-31,CRUDE,2.5,-9.52,TRAIL
2013-05-23,2013-05-31,FTSE,1.5,-2.55,TRAIL
2013-05-09,2013-06-03,DXY,3.0,-0.4,TRAIL
2013-04-05,2013-06-04,USDJPY,3.0,10.27,TRAIL
2013-04-15,2013-06-05,DOW,3.0,7.43,TRAIL
2013-04-23,2013-06-05,NASDAQ,3.0,12.13,TRAIL
2013-04-23,2013-06-05,XLF,3.0,15.14,TRAIL
2013-04-29,2013-06-05,XLK,3.0,8.86,TRAIL
2013-04-30,2013-06-05,RUSSELL2000,3.0,6.55,TRAIL
2013-05-24,2013-06-05,DAX,2.5,-3.29,TRAIL
2013-06-11,2013-06-18,COTTON,2.0,-7.0,TRAIL
2013-06-07,2013-06-20,RUSSELL2000,2.0,-5.49,TRAIL
2013-06-07,2013-06-20,NASDAQ,1.5,-4.52,TRAIL
2013-06-07,2013-06-20,DOW,1.5,-4.82,TRAIL
2013-06-07,2013-06-20,XLF,1.5,-5.93,TRAIL
2013-06-10,2013-06-20,XLK,1.5,-4.48,TRAIL
2013-05-20,2013-06-21,SOYBEANS,3.0,5.89,TRAIL
2013-06-12,2013-06-21,CRUDE,3.0,-6.85,TRAIL
2013-06-05,2013-06-24,EURUSD,3.0,0.73,TRAIL
2013-06-28,2013-07-11,DXY,3.0,-1.51,TRAIL
2013-07-03,2013-07-11,USDJPY,1.5,-3.25,TRAIL
2013-06-25,2013-07-15,SOYBEANS,3.0,-14.06,TRAIL
2013-07-08,2013-07-15,CORN,2.5,-56.2,STOP
2013-06-20,2013-07-16,COTTON,2.0,-0.59,TRAIL
2013-07-11,2013-07-23,XLK,1.5,-2.35,TRAIL
2013-06-28,2013-07-26,NIKKEI,3.0,9.93,TRAIL
2013-06-25,2013-07-30,CRUDE,3.0,24.42,TRAIL
2013-07-11,2013-07-31,USDJPY,3.0,-1.63,TRAIL
2013-07-11,2013-07-31,DXY,1.5,-2.36,TRAIL
2013-07-04,2013-08-07,FTSE,3.0,4.18,TRAIL
2013-07-05,2013-08-07,XLF,3.0,9.38,TRAIL
2013-08-01,2013-08-08,CRUDE,1.5,-6.24,TRAIL
2013-08-02,2013-08-08,NIKKEI,1.5,-8.92,STOP
2013-07-05,2013-08-09,DOW,3.0,5.74,TRAIL
2013-07-05,2013-08-14,XLE,3.0,7.69,TRAIL
2013-07-01,2013-08-15,RUSSELL2000,3.0,11.45,TRAIL
2013-07-05,2013-08-15,XLV,3.0,8.83,TRAIL
2013-07-05,2013-08-15,NASDAQ,3.0,10.93,TRAIL
2013-07-05,2013-08-15,SP500,3.0,5.41,TRAIL
2013-07-23,2013-08-19,XLK,3.0,2.96,TRAIL
2013-08-13,2013-08-19,FTSE,1.5,-3.32,TRAIL
2013-07-18,2013-08-20,COTTON,3.0,13.31,TRAIL
2013-08-20,2013-08-21,COTTON,1.5,-8.2,STOP
2013-07-11,2013-08-27,DAX,3.0,3.08,TRAIL
2013-08-23,2013-08-27,NASDAQ,1.5,-3.25,TRAIL
2013-08-23,2013-08-27,XLK,1.5,-3.32,TRAIL
2013-08-16,2013-09-02,EURUSD,1.5,-1.64,TRAIL
2013-08-27,2013-09-13,NATGAS,3.0,12.14,MOM_REV
2013-09-03,2013-09-13,DXY,1.5,-1.66,TRAIL
2013-09-13,2013-09-16,SOYBEANS,1.5,-14.16,STOP
2013-08-09,2013-09-17,CRUDE,3.0,-1.56,TRAIL
2013-08-27,2013-09-19,USDJPY,3.0,-0.15,TRAIL
2013-09-13,2013-09-23,DOW,2.5,0.41,TRAIL
2013-09-16,2013-09-23,XLF,1.5,-1.47,TRAIL
2013-09-18,2013-09-23,CRUDE,1.5,-6.22,TRAIL
2013-09-11,2013-09-24,XLV,3.0,-0.23,TRAIL
2013-09-13,2013-09-24,SP500,3.0,1.68,TRAIL
2013-09-06,2013-09-27,FTSE,2.5,-1.32,TRAIL
2013-08-28,2013-09-30,XLE,3.0,3.04,TRAIL
2013-09-06,2013-09-30,HANGSENG,3.0,3.16,TRAIL
2013-09-09,2013-09-30,XLK,3.0,0.42,TRAIL
2013-09-23,2013-09-30,DOW,1.5,-2.65,TRAIL
2013-09-05,2013-10-02,NIKKEI,3.0,2.25,TRAIL
2013-09-20,2013-10-03,USDJPY,1.5,-3.15,TRAIL
2013-10-04,2013-10-07,COTTON,1.5,-5.7,TRAIL
2013-09-06,2013-10-08,NASDAQ,3.0,2.85,TRAIL
2013-09-10,2013-10-08,RUSSELL2000,3.0,-2.4,TRAIL
2013-09-23,2013-10-08,XLF,1.5,-4.25,TRAIL
2013-09-24,2013-10-08,XLV,1.5,-2.95,TRAIL
2013-09-24,2013-10-08,SP500,1.5,-3.71,TRAIL
2013-10-01,2013-10-08,XLK,1.5,-3.67,TRAIL
2013-09-10,2013-10-09,DAX,3.0,2.49,TRAIL
2013-08-09,2013-10-10,GBPUSD,3.0,8.09,TRAIL
2013-10-02,2013-10-24,HANGSENG,3.0,-1.94,TRAIL
2013-10-15,2013-10-24,COPPER,1.5,-1.95,TRAIL
2013-10-15,2013-10-25,NIKKEI,2.5,-6.12,TRAIL
2013-09-27,2013-10-28,WHEAT,3.0,-0.88,TRAIL
2013-10-01,2013-10-29,SUGAR,3.0,2.13,TRAIL
2013-10-17,2013-10-31,PLATINUM,3.0,2.93,TRAIL
2013-09-12,2013-11-01,EURUSD,3.0,5.95,TRAIL
2013-10-11,2013-11-01,RUSSELL2000,3.0,3.14,TRAIL
2013-10-18,2013-11-04,GBPUSD,1.5,-2.09,TRAIL
2013-10-30,2013-11-04,COPPER,1.5,-3.3,TRAIL
2013-10-11,2013-11-05,XLF,3.0,3.1,TRAIL
2013-10-10,2013-11-07,SP500,3.0,9.68,TRAIL
2013-10-11,2013-11-07,NASDAQ,3.0,5.18,TRAIL
2013-11-01,2013-11-07,RUSSELL2000,2.0,-3.03,TRAIL
2013-10-30,2013-11-08,HANGSENG,1.5,-3.6,TRAIL
2013-10-16,2013-11-13,FTSE,3.0,2.67,TRAIL
2013-10-10,2013-12-03,DAX,3.0,18.57,TRAIL
2013-10-22,2013-12-04,DOW,3.0,8.19,TRAIL
2013-10-04,2013-12-05,XLE,3.0,8.6,TRAIL
2013-10-10,2013-12-05,XLV,3.0,20.71,TRAIL
2013-10-30,2013-12-05,NIKKEI,3.0,13.97,TRAIL
2013-11-08,2013-12-05,XLF,3.0,3.45,TRAIL
2013-11-13,2013-12-10,RUSSELL2000,3.0,2.03,TRAIL
2013-11-07,2013-12-11,SP500,3.0,6.02,TRAIL
2013-11-08,2013-12-11,NASDAQ,3.0,6.47,TRAIL
2013-11-18,2013-12-11,HANGSENG,2.5,-3.4,TRAIL
2013-12-05,2013-12-11,XLV,2.5,-1.61,TRAIL
2013-10-11,2013-12-12,XLK,3.0,17.2,TRAIL
2013-12-03,2013-12-12,DAX,1.5,-3.36,TRAIL
2013-12-06,2013-12-12,DOW,1.5,-2.63,TRAIL
2013-12-06,2013-12-16,NIKKEI,3.0,-2.88,TRAIL
2013-12-03,2014-01-02,CRUDE,3.0,-1.87,TRAIL
2013-12-02,2014-01-06,EURUSD,3.0,0.24,TRAIL
2013-12-18,2014-01-07,NIKKEI,3.0,4.36,TRAIL
2013-12-06,2014-01-08,COPPER,3.0,11.38,TRAIL
2013-12-04,2014-01-09,NATGAS,2.5,2.84,TRAIL
2013-12-06,2014-01-13,XLF,3.0,5.78,TRAIL
2013-12-16,2014-01-13,XLK,3.0,4.97,TRAIL
2013-12-18,2014-01-13,SP500,3.0,1.42,TRAIL
2013-12-18,2014-01-13,DOW,3.0,1.67,TRAIL
2013-12-20,2014-01-13,XLE,3.0,-5.19,TRAIL
2013-11-25,2014-01-14,USDJPY,3.0,5.41,TRAIL
2014-01-07,2014-01-14,NIKKEI,1.5,-3.72,TRAIL
2014-01-10,2014-01-14,COFFEE,1.5,-1.8,MOM_REV
2014-01-03,2014-01-21,GOLD,2.5,0.79,MOM_REV
2014-01-08,2014-01-23,COPPER,1.5,-3.14,TRAIL
2014-01-13,2014-01-23,XLF,3.0,-1.38,TRAIL
2014-01-14,2014-01-23,DOW,1.5,-1.62,TRAIL
2013-12-16,2014-01-24,NASDAQ,3.0,7.34,TRAIL
2013-12-18,2014-01-24,XLV,3.0,4.96,TRAIL
2013-12-18,2014-01-24,RUSSELL2000,3.0,2.75,TRAIL
2013-12-19,2014-01-24,DAX,3.0,1.81,TRAIL
2013-12-23,2014-01-24,FTSE,3.0,-0.67,TRAIL
2013-12-26,2014-01-24,SILVER,3.0,-2.14,TRAIL
2013-12-27,2014-01-24,PLATINUM,3.0,11.16,TRAIL
2014-01-14,2014-01-24,SP500,1.5,-3.96,TRAIL
2014-01-14,2014-01-24,XLK,2.5,-2.81,TRAIL
2014-01-17,2014-01-24,HANGSENG,1.5,-4.43,TRAIL
2014-01-22,2014-01-24,XLE,1.5,-4.8,TRAIL
2013-12-20,2014-01-27,COTTON,3.0,3.97,TRAIL
2014-01-15,2014-01-27,NIKKEI,1.5,-7.62,STOP
2014-01-16,2014-01-27,USDJPY,1.5,-3.62,TRAIL
2014-01-24,2014-02-03,EURUSD,1.5,-2.2,TRAIL
2014-01-30,2014-02-03,XLV,1.5,-4.22,TRAIL
2013-11-08,2014-02-04,GBPUSD,3.0,4.1,TRAIL
2014-01-16,2014-02-10,NATGAS,1.0,4.5,TRAIL
2014-02-06,2014-02-11,SILVER,1.5,1.77,MOM_REV
2014-01-31,2014-02-12,TBOND,1.5,-1.51,TRAIL
2014-01-29,2014-02-18,COTTON,3.0,8.28,MOM_REV
2014-02-11,2014-02-25,NATGAS,2.5,14.1,TRAIL
2014-02-24,2014-02-26,COPPER,1.5,-4.0,TRAIL
2014-02-21,2014-03-03,DAX,1.5,-4.63,TRAIL
2014-02-21,2014-03-03,FTSE,1.5,-2.85,TRAIL
2014-02-13,2014-03-06,TBOND,3.0,0.63,TRAIL
2014-01-31,2014-03-07,TNOTE10,1.5,-0.73,TRAIL
2014-03-04,2014-03-10,DAX,1.5,-5.06,TRAIL
2014-02-14,2014-03-12,SOYBEANS,3.0,9.93,TRAIL
2014-02-27,2014-03-12,HANGSENG,1.5,-6.09,TRAIL
2014-03-03,2014-03-12,FTSE,2.0,-2.61,TRAIL
2014-02-24,2014-03-13,RUSSELL2000,3.0,0.56,TRAIL
2014-02-24,2014-03-13,DOW,3.0,-1.82,TRAIL
2014-02-07,2014-03-14,XLV,3.0,11.13,TRAIL
2014-02-11,2014-03-14,NASDAQ,3.0,3.89,TRAIL
2014-02-11,2014-03-14,XLK,3.0,0.25,TRAIL
2014-02-12,2014-03-14,SP500,3.0,3.61,TRAIL
2014-02-24,2014-03-14,XLF,3.0,2.22,TRAIL
2014-03-07,2014-03-14,NIKKEI,1.5,-9.29,STOP
2014-01-30,2014-03-17,COFFEE,3.0,174.75,TRAIL
2014-02-25,2014-03-17,USDJPY,1.5,-1.69,TRAIL
2014-03-12,2014-03-19,GOLD,1.5,-3.16,TRAIL
2014-03-12,2014-03-19,PLATINUM,1.5,-2.49,TRAIL
2014-03-13,2014-03-19,TNOTE10,1.5,-1.37,TRAIL
2014-02-12,2014-03-20,GBPUSD,3.0,1.65,TRAIL
2014-02-21,2014-03-20,SUGAR,1.0,1.97,TRAIL
2014-03-17,2014-03-20,COFFEE,1.5,-12.44,STOP
2014-03-12,2014-03-21,TBOND,1.5,-1.16,TRAIL
2014-03-18,2014-03-24,XLV,1.5,-4.81,TRAIL
2014-03-14,2014-03-26,RUSSELL2000,3.0,-6.58,TRAIL
2014-03-18,2014-03-26,NASDAQ,1.5,-5.53,TRAIL
2014-02-10,2014-03-27,EURUSD,3.0,3.58,TRAIL
2014-03-06,2014-04-02,WHEAT,3.0,12.98,TRAIL
2014-03-27,2014-04-02,TBOND,1.5,-2.51,TRAIL
2014-03-27,2014-04-02,SUGAR,1.5,-7.55,STOP
2014-04-01,2014-04-04,RUSSELL2000,1.5,-4.46,TRAIL
2014-03-17,2014-04-07,SP500,3.0,-2.23,TRAIL
2014-03-17,2014-04-07,DOW,3.0,-0.02,TRAIL
2014-03-17,2014-04-07,XLF,3.0,-1.62,TRAIL
2014-03-18,2014-04-07,XLK,2.5,-4.97,TRAIL
2014-04-01,2014-04-08,XLV,1.5,-4.84,TRAIL
2014-04-02,2014-04-08,DXY,1.5,-0.88,TRAIL
2014-03-20,2014-04-09,USDJPY,3.0,-1.5,TRAIL
2014-04-02,2014-04-09,NIKKEI,1.5,-6.49,TRAIL
2014-04-01,2014-04-10,DAX,1.5,-2.33,TRAIL
2014-02-24,2014-04-11,COTTON,2.5,3.13,TRAIL
2014-04-09,2014-04-11,SP500,1.5,-4.53,TRAIL
2014-04-09,2014-04-11,XLK,1.5,-5.1,TRAIL
2014-04-09,2014-04-11,DOW,1.5,-3.75,TRAIL
2014-04-10,2014-04-15,COFFEE,1.5,-10.15,STOP
2014-04-10,2014-04-15,DAX,1.5,-4.46,TRAIL
2014-04-09,2014-04-23,CRUDE,1.5,-3.13,TRAIL
2014-04-10,2014-04-23,HANGSENG,1.5,-4.38,TRAIL
2014-03-18,2014-05-01,SOYBEANS,3.0,11.69,TRAIL
2014-03-11,2014-05-02,CORN,3.0,10.04,TRAIL
2014-04-23,2014-05-07,NIKKEI,1.5,-5.29,TRAIL
2014-04-10,2014-05-08,NATGAS,3.0,-5.35,TRAIL
2014-04-15,2014-05-08,COFFEE,1.5,0.62,TRAIL
2014-04-21,2014-05-09,USDJPY,1.5,-1.41,TRAIL
2014-05-05,2014-05-09,PLATINUM,1.5,-1.92,TRAIL
2014-04-21,2014-05-12,EURUSD,1.5,-0.59,TRAIL
2014-04-23,2014-05-12,COTTON,3.0,-5.17,TRAIL
2014-04-15,2014-05-13,WHEAT,3.0,-0.75,TRAIL
2014-04-09,2014-05-15,GBPUSD,3.0,0.36,TRAIL
2014-04-16,2014-05-15,DOW,3.0,0.4,TRAIL
2014-05-05,2014-05-15,CORN,2.0,-7.55,TRAIL
2014-05-12,2014-05-15,RUSSELL2000,1.5,-4.98,TRAIL
2014-05-13,2014-05-19,NIKKEI,1.5,-4.36,TRAIL
2014-05-14,2014-05-21,SUGAR,1.5,-6.66,TRAIL
2014-05-14,2014-05-27,PLATINUM,1.5,-2.04,TRAIL
2014-05-22,2014-05-29,GBPUSD,1.5,-1.61,TRAIL
2014-05-27,2014-06-02,PLATINUM,1.5,-2.66,TRAIL
2014-04-08,2014-06-03,TBOND,3.0,5.75,TRAIL
2014-05-28,2014-06-03,TNOTE10,1.5,-1.45,TRAIL
2014-05-19,2014-06-04,COPPER,1.5,-4.06,TRAIL
2014-05-09,2014-06-05,SOYBEANS,2.0,-5.4,TRAIL
2014-04-17,2014-06-12,SP500,3.0,10.5,TRAIL
2014-05-21,2014-06-12,DOW,3.0,3.65,TRAIL
2014-06-10,2014-06-12,PLATINUM,1.5,-4.13,TRAIL
2014-04-10,2014-06-13,FTSE,3.0,6.14,TRAIL
2014-04-22,2014-06-16,DAX,3.0,8.87,TRAIL
2014-05-07,2014-06-16,XLF,3.0,8.5,TRAIL
2014-05-21,2014-06-23,HANGSENG,3.0,-0.42,TRAIL
2014-06-09,2014-06-23,NATGAS,3.0,-12.85,TRAIL
2014-02-18,2014-06-24,XLE,3.0,47.52,TRAIL
2014-06-17,2014-06-24,COTTON,1.5,-13.74,STOP
2014-06-09,2014-06-25,DXY,1.5,-0.8,TRAIL
2014-06-17,2014-06-26,DAX,1.5,-1.75,TRAIL
2014-06-19,2014-06-27,SUGAR,1.5,-9.11,STOP
2014-06-25,2014-06-27,COFFEE,1.5,-7.92,STOP
2014-05-21,2014-07-02,CRUDE,3.0,1.18,TRAIL
2014-05-12,2014-07-08,NASDAQ,3.0,17.93,TRAIL
2014-05-27,2014-07-08,RUSSELL2000,3.0,7.87,TRAIL
2014-06-23,2014-07-08,NIKKEI,1.5,-0.54,MOM_REV
2014-07-03,2014-07-08,DAX,1.5,-3.84,TRAIL
2014-07-03,2014-07-08,FTSE,1.5,-2.77,TRAIL
2014-06-16,2014-07-10,XLF,3.0,3.2,TRAIL
2014-06-24,2014-07-11,XLE,2.5,-1.92,TRAIL
2014-06-16,2014-07-14,SILVER,3.0,17.69,TRAIL
2014-06-19,2014-07-14,GOLD,3.0,-1.69,TRAIL
2014-06-19,2014-07-15,PLATINUM,3.0,1.58,TRAIL
2014-04-22,2014-07-16,XLV,3.0,16.08,TRAIL
2014-07-01,2014-07-16,EURUSD,1.5,-1.33,TRAIL
2014-06-12,2014-07-17,SP500,3.0,4.35,TRAIL
2014-07-01,2014-07-17,SUGAR,1.5,-7.42,TRAIL
2014-07-14,2014-07-24,SILVER,2.0,-4.68,TRAIL
2014-07-17,2014-07-24,PLATINUM,1.5,-3.02,TRAIL
2014-06-13,2014-07-25,GBPUSD,3.0,0.58,TRAIL
2014-06-12,2014-07-30,DOW,3.0,2.62,TRAIL
2014-07-08,2014-07-31,NASDAQ,3.0,-1.48,TRAIL
2014-07-14,2014-07-31,XLF,1.5,-2.76,TRAIL
2014-07-16,2014-07-31,XLE,1.5,-5.52,TRAIL
2014-07-18,2014-07-31,SP500,1.5,-3.61,TRAIL
2014-04-22,2014-08-01,XLK,3.0,21.88,TRAIL
2014-07-24,2014-08-01,FTSE,1.5,-3.13,TRAIL
2014-07-18,2014-08-05,XLV,3.0,-3.81,TRAIL
2014-07-29,2014-08-05,NIKKEI,1.5,-2.86,TRAIL
2014-08-12,2014-08-21,GOLD,1.5,-4.02,TRAIL
2014-07-18,2014-08-22,COFFEE,1.0,6.39,TRAIL
2014-07-08,2014-09-04,TBOND,3.0,6.66,TRAIL
2014-07-10,2014-09-04,TNOTE10,2.0,0.5,TRAIL
2014-08-29,2014-09-04,XLE,1.5,-3.51,TRAIL
2014-08-26,2014-09-05,COFFEE,3.0,-0.39,TRAIL
2014-06-26,2014-09-10,HANGSENG,3.0,19.5,TRAIL
2014-08-13,2014-09-15,NASDAQ,3.0,5.74,TRAIL
2014-08-19,2014-09-15,RUSSELL2000,3.0,-4.12,TRAIL
2014-09-16,2014-09-22,COPPER,1.5,-5.79,TRAIL
2014-08-27,2014-09-23,FTSE,1.5,-3.39,TRAIL
2014-08-29,2014-09-23,DAX,3.0,3.96,TRAIL
2014-08-13,2014-09-25,XLK,3.0,2.37,TRAIL
2014-08-19,2014-09-25,SP500,3.0,-2.36,TRAIL
2014-08-19,2014-09-25,XLF,3.0,3.87,TRAIL
2014-08-25,2014-09-25,DOW,2.5,-1.92,TRAIL
2014-09-18,2014-09-25,NASDAQ,1.5,-4.14,TRAIL
2014-09-24,2014-09-29,DAX,1.5,-3.71,TRAIL
2014-08-14,2014-10-01,XLV,3.0,7.59,TRAIL
2014-08-19,2014-10-02,NIKKEI,3.0,4.12,TRAIL
2014-07-24,2014-10-08,DXY,3.0,16.43,TRAIL
2014-07-30,2014-10-10,USDJPY,3.0,16.91,TRAIL
2014-10-03,2014-10-13,XLV,1.5,-6.82,TRAIL
2014-10-14,2014-10-16,COPPER,1.5,-5.18,TRAIL
2014-09-24,2014-10-20,COFFEE,2.5,13.62,TRAIL
2014-10-06,2014-10-21,SUGAR,1.5,-4.77,MOM_REV
2014-10-07,2014-10-29,TNOTE10,3.0,1.08,TRAIL
2014-10-07,2014-10-31,TBOND,3.0,1.07,TRAIL
2014-10-27,2014-11-04,COPPER,1.5,-2.17,TRAIL
2014-10-24,2014-11-17,RUSSELL2000,3.0,12.18,TRAIL
2014-10-29,2014-11-19,HANGSENG,2.0,-3.75,TRAIL
2014-11-19,2014-11-21,NATGAS,1.5,-3.6,MOM_REV
2014-11-17,2014-12-01,RUSSELL2000,3.0,-2.62,TRAIL
2014-11-24,2014-12-01,HANGSENG,1.5,-3.3,TRAIL
2014-11-25,2014-12-02,COFFEE,1.5,-9.23,STOP
2014-11-26,2014-12-05,TNOTE10,1.5,-0.99,TRAIL
2014-10-28,2014-12-08,XLK,3.0,14.01,TRAIL
2014-11-27,2014-12-09,DAX,2.0,-3.63,TRAIL
2014-10-24,2014-12-10,NASDAQ,3.0,13.4,TRAIL
2014-10-28,2014-12-10,SP500,3.0,6.21,TRAIL
2014-10-30,2014-12-10,DOW,3.0,5.89,TRAIL
2014-10-31,2014-12-10,NIKKEI,3.0,18.26,TRAIL
2014-10-31,2014-12-11,USDJPY,3.0,23.34,TRAIL
2014-10-24,2014-12-12,XLV,3.0,16.42,TRAIL
2014-10-24,2014-12-12,XLF,3.0,13.51,TRAIL
2014-12-03,2014-12-12,RUSSELL2000,1.5,-3.38,TRAIL
2014-12-04,2014-12-12,HANGSENG,1.5,-3.67,TRAIL
2014-11-21,2014-12-22,TBOND,3.0,5.48,TRAIL
2014-12-08,2014-12-22,TNOTE10,2.0,-0.15,TRAIL
2014-12-08,2014-12-26,WHEAT,2.5,0.31,TRAIL
2014-12-18,2015-01-05,RUSSELL2000,3.0,-2.72,TRAIL
2014-12-18,2015-01-05,NASDAQ,2.5,-5.05,TRAIL
2014-12-18,2015-01-05,SP500,3.0,-5.92,TRAIL
2014-12-18,2015-01-05,XLK,3.0,-6.39,TRAIL
2014-12-18,2015-01-05,DOW,3.0,-4.67,TRAIL
2014-12-18,2015-01-05,XLF,3.0,-5.52,TRAIL
2014-12-22,2015-01-05,DAX,1.5,-5.97,TRAIL
2014-12-18,2015-01-06,XLV,1.5,-4.68,TRAIL
2014-12-19,2015-01-06,NIKKEI,3.0,-12.57,TRAIL
2014-12-12,2015-01-07,USDJPY,3.0,-0.84,TRAIL
2015-01-08,2015-01-14,DOW,1.5,-4.03,TRAIL
2015-01-08,2015-01-15,RUSSELL2000,1.5,-5.19,TRAIL
2015-01-08,2015-01-15,SP500,1.5,-5.05,TRAIL
2015-01-09,2015-01-16,USDJPY,1.5,-4.59,TRAIL
2015-01-09,2015-01-16,COFFEE,1.5,-7.54,STOP
2015-01-22,2015-01-28,DOW,1.5,-5.24,TRAIL
2015-01-23,2015-01-29,GOLD,1.5,-4.41,TRAIL
2015-01-02,2015-02-06,TNOTE10,3.0,3.69,TRAIL
2014-12-22,2015-02-09,TBOND,3.0,6.22,TRAIL
2015-01-08,2015-02-09,XLV,1.5,-3.98,TRAIL
2015-01-02,2015-02-11,HANGSENG,3.0,7.51,TRAIL
2015-02-17,2015-02-27,COTTON,3.0,4.37,MOM_REV
2015-01-26,2015-03-06,NASDAQ,3.0,9.78,TRAIL
2015-02-04,2015-03-06,RUSSELL2000,3.0,6.57,TRAIL
2015-02-04,2015-03-06,SP500,3.0,4.37,TRAIL
2015-02-04,2015-03-06,XLK,3.0,11.31,TRAIL
2015-02-04,2015-03-06,DOW,3.0,3.12,TRAIL
2015-02-12,2015-03-06,XLV,3.0,4.13,TRAIL
2015-01-23,2015-03-10,FTSE,3.0,-5.71,TRAIL
2015-02-05,2015-03-10,XLF,3.0,-1.63,TRAIL
2015-03-06,2015-03-10,NASDAQ,1.5,-2.06,TRAIL
2015-02-13,2015-03-13,CORN,1.5,-5.13,TRAIL
2014-10-08,2015-03-23,DXY,3.0,41.25,TRAIL
2015-03-09,2015-03-25,XLV,3.0,4.36,TRAIL
2015-03-12,2015-03-25,RUSSELL2000,3.0,-0.68,TRAIL
2015-03-12,2015-03-25,XLF,2.0,-3.43,TRAIL
2015-03-18,2015-03-25,NASDAQ,1.5,-3.2,TRAIL
2015-02-10,2015-03-26,USDJPY,3.0,2.42,TRAIL
2015-03-18,2015-03-26,DOW,1.5,-3.3,TRAIL
2015-03-20,2015-03-26,WHEAT,1.5,-8.7,STOP
2015-03-20,2015-03-26,SP500,1.5,-3.7,TRAIL
2015-03-18,2015-03-27,FTSE,2.5,-3.25,TRAIL
2015-01-20,2015-03-31,NIKKEI,3.0,31.8,TRAIL
2015-03-23,2015-03-31,CORN,2.0,-7.17,TRAIL
2015-04-01,2015-04-09,SILVER,1.5,-7.74,STOP
2015-04-02,2015-04-13,CORN,1.5,-6.21,TRAIL
2015-03-27,2015-04-14,WHEAT,2.5,-5.29,TRAIL
2015-01-14,2015-04-16,DAX,3.0,66.67,TRAIL
2015-03-30,2015-04-16,DXY,3.0,-1.71,TRAIL
2015-04-02,2015-04-16,COTTON,3.0,1.51,TRAIL
2015-03-17,2015-04-22,TBOND,3.0,30.3,TRAIL
2015-04-06,2015-04-22,GOLD,1.5,-3.9,TRAIL
2015-03-18,2015-04-29,TNOTE10,1.5,-0.74,TRAIL
2015-03-25,2015-04-29,XLV,3.0,0.16,TRAIL
2015-03-27,2015-04-29,RUSSELL2000,3.0,1.58,TRAIL
2015-04-07,2015-04-29,FTSE,3.0,-0.67,TRAIL
2015-04-27,2015-04-29,DAX,1.5,-7.56,STOP
2015-04-02,2015-04-30,NIKKEI,3.0,3.22,TRAIL
2015-04-08,2015-04-30,NASDAQ,3.0,-0.57,TRAIL
2015-04-20,2015-05-01,SOYBEANS,2.0,-1.84,MOM_REV
2015-04-15,2015-05-05,XLE,1.5,-1.92,MOM_REV
2015-04-09,2015-05-06,XLK,3.0,1.36,TRAIL
2015-03-30,2015-05-07,HANGSENG,3.0,29.39,TRAIL
2015-04-23,2015-05-12,COTTON,3.0,2.0,TRAIL
2015-05-13,2015-05-19,COTTON,1.5,-3.24,TRAIL
2015-05-13,2015-05-21,GOLD,1.5,-1.72,TRAIL
2015-05-08,2015-05-22,SILVER,3.0,10.73,TRAIL
2015-05-13,2015-05-28,GBPUSD,1.5,-3.07,TRAIL
2015-05-15,2015-05-28,HANGSENG,2.0,-2.65,TRAIL
2015-04-07,2015-05-29,DOW,3.0,2.27,TRAIL
2015-05-19,2015-05-29,DAX,1.5,-5.56,TRAIL
2015-05-22,2015-05-30,BTC,1.5,-4.37,TRAIL
2015-05-22,2015-06-03,SILVER,1.5,-4.99,TRAIL
2015-04-07,2015-06-04,SP500,3.0,2.82,TRAIL
2015-05-08,2015-06-04,FTSE,1.5,-3.99,TRAIL
2015-05-21,2015-06-04,GOLD,1.5,-3.67,TRAIL
2015-05-08,2015-06-08,XLK,3.0,-3.9,TRAIL
2015-05-19,2015-06-09,NIKKEI,3.0,1.05,TRAIL
2015-05-26,2015-06-09,DXY,1.5,-3.28,TRAIL
2015-04-23,2015-06-11,USDJPY,3.0,7.29,TRAIL
2015-06-11,2015-06-18,NIKKEI,1.5,-2.89,TRAIL
2015-06-19,2015-06-23,TBOND,1.5,-4.67,TRAIL
2015-03-30,2015-06-29,XLF,3.0,1.44,TRAIL
2015-05-01,2015-06-29,NASDAQ,3.0,-2.81,TRAIL
2015-05-08,2015-06-29,XLV,3.0,3.82,TRAIL
2015-05-18,2015-06-29,RUSSELL2000,3.0,-2.57,TRAIL
2015-06-22,2015-06-29,NIKKEI,2.5,-3.89,TRAIL
2015-06-24,2015-06-29,SP500,1.5,-3.62,TRAIL
2015-06-16,2015-07-01,CRUDE,2.0,-10.04,STOP
2015-06-18,2015-07-02,GBPUSD,1.5,-2.3,TRAIL
2015-06-16,2015-07-07,BTC,3.0,18.31,MOM_REV
2015-06-30,2015-07-07,SOYBEANS,1.5,-7.7,STOP
2015-06-25,2015-07-08,COTTON,3.0,-1.34,TRAIL
2015-07-02,2015-07-08,NIKKEI,1.5,-5.74,TRAIL
2015-06-11,2015-07-09,USDJPY,1.5,-2.45,TRAIL
2015-07-07,2015-07-10,TBOND,1.5,-4.31,TRAIL
2015-07-10,2015-07-15,BTC,1.0,0.33,TRAIL
2015-07-14,2015-07-16,NATGAS,1.5,0.74,MOM_REV
2015-07-06,2015-07-17,WHEAT,1.5,-8.79,STOP
2015-06-30,2015-07-20,CORN,3.0,-6.52,TRAIL
2015-07-14,2015-07-23,DOW,1.5,-2.67,TRAIL
2015-07-01,2015-07-24,XLV,3.0,-1.36,TRAIL
2015-07-13,2015-07-24,DAX,3.0,-3.58,TRAIL
2015-07-14,2015-07-24,RUSSELL2000,1.5,-5.58,TRAIL
2015-07-14,2015-07-24,SOYBEANS,1.5,-6.89,TRAIL
2015-07-14,2015-07-24,NASDAQ,3.0,-0.96,TRAIL
2015-07-14,2015-07-24,SP500,1.5,-2.08,TRAIL
2015-07-14,2015-07-24,FTSE,1.5,-3.86,TRAIL
2015-07-15,2015-07-24,XLK,3.0,0.85,TRAIL
2015-07-21,2015-07-24,NATGAS,1.5,-5.52,MOM_REV
2015-07-10,2015-07-27,COTTON,2.0,-3.66,TRAIL
2015-07-14,2015-07-27,XLF,3.0,-0.72,TRAIL
2015-07-15,2015-07-29,NIKKEI,2.5,-1.96,TRAIL
2015-07-29,2015-07-31,NATGAS,1.5,-8.84,STOP
2015-07-24,2015-08-01,BTC,2.5,-5.79,TRAIL
2015-07-01,2015-08-12,DXY,3.0,-0.16,TRAIL
2015-08-03,2015-08-12,DAX,2.5,-11.34,TRAIL
2015-08-10,2015-08-12,SOYBEANS,1.5,-13.46,STOP
2015-07-28,2015-08-13,XLV,2.0,-2.52,TRAIL
2015-08-10,2015-08-17,NATGAS,1.5,-6.02,TRAIL
2015-07-30,2015-08-19,NIKKEI,2.0,-2.93,TRAIL
2015-07-27,2015-08-20,XLF,3.0,-5.05,TRAIL
2015-07-28,2015-08-20,NASDAQ,1.5,-6.24,TRAIL
2015-07-28,2015-08-20,XLK,1.5,-4.36,TRAIL
2015-07-29,2015-08-20,SP500,1.5,-5.18,TRAIL
2015-07-14,2015-08-21,USDJPY,2.0,-0.24,TRAIL
2015-08-13,2015-08-24,COTTON,2.5,-9.34,TRAIL
2015-07-20,2015-08-26,TBOND,3.0,8.46,TRAIL
2015-08-03,2015-08-27,GBPUSD,1.5,-1.39,TRAIL
2015-08-17,2015-08-31,TNOTE10,2.0,-0.2,TRAIL
2015-08-24,2015-09-04,EURUSD,1.5,-3.31,TRAIL
2015-09-08,2015-09-13,BTC,1.5,-8.06,STOP
2015-09-01,2015-09-15,TNOTE10,1.5,-1.37,TRAIL
2015-09-11,2015-09-23,EURUSD,1.5,-2.26,TRAIL
2015-09-14,2015-09-23,CRUDE,2.5,2.73,MOM_REV
2015-09-11,2015-10-09,CORN,3.0,6.61,TRAIL
2015-10-09,2015-10-16,WHEAT,2.0,-6.68,TRAIL
2015-09-30,2015-10-23,EURUSD,3.0,-4.66,TRAIL
2015-10-16,2015-10-23,COTTON,1.5,-2.56,MOM_REV
2015-10-15,2015-10-29,GBPUSD,1.5,-2.02,TRAIL
2015-10-16,2015-10-29,SILVER,2.0,-6.93,TRAIL
2015-10-27,2015-10-29,TNOTE10,1.5,-1.53,TRAIL
2015-10-01,2015-11-06,SUGAR,3.0,27.15,TRAIL
2015-11-02,2015-11-09,GBPUSD,1.5,-3.76,TRAIL
2015-10-26,2015-11-10,WHEAT,3.0,-10.76,TRAIL
2015-10-03,2015-11-11,BTC,1.0,30.31,TRAIL
2015-10-12,2015-11-12,XLK,3.0,12.21,TRAIL
2015-10-27,2015-11-12,NASDAQ,3.0,-1.5,TRAIL
2015-10-28,2015-11-12,XLV,3.0,-7.26,TRAIL
2015-10-28,2015-11-12,SP500,1.5,-3.18,TRAIL
2015-11-03,2015-11-12,DOW,1.5,-3.94,TRAIL
2015-10-23,2015-11-13,XLF,3.0,-2.73,TRAIL
2015-10-23,2015-12-03,DXY,3.0,1.7,TRAIL
2015-11-20,2015-12-03,NASDAQ,2.0,-2.64,TRAIL
2015-11-20,2015-12-03,XLF,1.5,-3.22,TRAIL
2015-11-30,2015-12-03,DAX,1.5,-7.81,STOP
2015-12-01,2015-12-03,TBOND,1.5,-3.55,TRAIL
2015-11-09,2015-12-04,NIKKEI,3.0,-2.11,TRAIL
2015-12-04,2015-12-09,XLF,1.5,-4.96,TRAIL
2015-10-06,2015-12-10,USDJPY,3.0,3.09,TRAIL
2015-11-06,2015-12-10,SUGAR,3.0,1.87,TRAIL
2015-11-18,2015-12-11,XLK,3.0,-6.04,TRAIL
2015-12-07,2015-12-16,TNOTE10,1.5,-0.65,TRAIL
2015-12-16,2015-12-18,XLK,1.5,-5.22,TRAIL
2015-12-04,2015-12-23,TBOND,3.0,-1.81,TRAIL
2015-12-09,2015-12-23,CORN,2.5,-4.2,TRAIL
2015-12-09,2015-12-23,COTTON,1.5,-4.72,TRAIL
2015-12-01,2015-12-26,BTC,3.0,45.34,TRAIL
2015-12-18,2015-12-29,TNOTE10,1.5,-1.73,TRAIL
2015-12-29,2016-01-04,XLK,1.5,-5.27,TRAIL
2015-12-18,2016-01-06,SUGAR,1.5,-6.75,TRAIL
2015-12-31,2016-01-06,COFFEE,1.5,-7.99,STOP
2016-01-07,2016-01-12,BTC,1.5,-7.32,TRAIL
2016-01-14,2016-01-25,SUGAR,1.5,-7.86,STOP
2016-01-05,2016-02-03,DXY,1.5,-3.18,TRAIL
2016-02-01,2016-02-08,CORN,1.5,-3.64,TRAIL
2016-02-03,2016-02-22,SILVER,3.0,9.35,TRAIL
2016-01-29,2016-02-23,EURUSD,3.0,2.5,TRAIL
2016-02-17,2016-02-25,CORN,1.5,-4.8,TRAIL
2016-02-24,2016-02-26,SILVER,1.5,-5.91,TRAIL
2016-02-24,2016-02-29,NASDAQ,1.5,0.51,MOM_REV
2016-01-07,2016-03-01,TNOTE10,3.0,6.82,TRAIL
2016-01-08,2016-03-01,TBOND,3.0,14.03,TRAIL
2016-02-12,2016-03-04,BTC,3.0,20.83,TRAIL
2016-03-10,2016-03-16,CORN,2.5,3.97,MOM_REV
2016-03-04,2016-03-17,DXY,1.5,-3.98,TRAIL
2016-03-10,2016-03-17,WHEAT,2.0,-3.82,MOM_REV
2016-01-20,2016-03-23,GOLD,3.0,31.6,TRAIL
2016-03-04,2016-03-23,SILVER,3.0,-8.0,TRAIL
2016-03-15,2016-03-23,PLATINUM,3.0,0.31,TRAIL
2016-03-09,2016-03-24,COFFEE,3.0,16.63,TRAIL
2016-03-25,2016-03-30,BTC,2.0,-1.13,TRAIL
2016-02-25,2016-03-31,SUGAR,2.0,15.59,TRAIL
2016-03-15,2016-04-01,XLE,3.0,-1.62,TRAIL
2016-03-31,2016-04-04,PLATINUM,1.5,-5.24,TRAIL
2016-03-18,2016-04-05,DAX,1.5,-5.84,TRAIL
2016-03-24,2016-04-05,COFFEE,1.5,-7.82,STOP
2016-03-21,2016-04-07,XLF,1.5,-4.76,TRAIL
2016-03-30,2016-04-11,RUSSELL2000,1.5,-2.17,MOM_REV
2016-04-12,2016-04-14,GOLD,1.5,-4.1,TRAIL
2016-04-02,2016-04-19,BTC,3.0,10.43,MOM_REV
2016-03-31,2016-04-20,TNOTE10,1.5,-0.74,TRAIL
2016-03-31,2016-04-20,TBOND,3.0,-1.88,TRAIL
2016-02-22,2016-04-22,XLK,3.0,17.91,TRAIL
2016-04-18,2016-04-22,CORN,1.5,-3.64,TRAIL
2016-04-20,2016-04-22,WHEAT,1.5,-11.08,STOP
2016-02-22,2016-04-25,FTSE,3.0,11.09,TRAIL
2016-04-24,2016-04-27,BTC,1.5,-4.54,TRAIL
2016-03-03,2016-04-28,NASDAQ,3.0,6.24,TRAIL
2016-02-24,2016-04-29,SP500,3.0,21.06,TRAIL
2016-02-24,2016-04-29,DOW,3.0,23.45,TRAIL
2016-03-29,2016-04-29,XLV,3.0,7.99,TRAIL
2016-04-14,2016-04-29,DAX,3.0,-1.63,TRAIL
2016-04-29,2016-05-02,NATGAS,1.5,-9.37,STOP
2016-04-22,2016-05-03,RUSSELL2000,1.5,-3.26,TRAIL
2016-04-22,2016-05-03,XLE,2.0,-3.58,TRAIL
2016-04-27,2016-05-03,CRUDE,1.5,-5.56,MOM_REV
2016-04-14,2016-05-04,XLF,3.0,0.78,TRAIL
2016-04-20,2016-05-05,COTTON,2.0,-6.8,TRAIL
2016-04-11,2016-05-09,SILVER,3.0,20.58,TRAIL
2016-04-11,2016-05-09,PLATINUM,3.0,17.07,TRAIL
2016-04-26,2016-05-09,CORN,2.5,-9.48,TRAIL
2016-05-02,2016-05-13,DOW,1.5,-2.98,TRAIL
2016-03-17,2016-05-16,EURUSD,3.0,2.62,TRAIL
2016-05-05,2016-05-18,TNOTE10,1.5,-1.56,TRAIL
2016-05-05,2016-05-18,TBOND,1.5,-1.96,TRAIL
2016-04-20,2016-05-19,GOLD,3.0,0.24,TRAIL
2016-04-27,2016-05-19,BTC,3.0,-4.03,TRAIL
2016-05-06,2016-05-19,COFFEE,3.0,1.22,TRAIL
2016-05-09,2016-05-19,SILVER,1.5,-5.19,TRAIL
2016-05-09,2016-05-19,PLATINUM,1.5,-4.76,TRAIL
2016-05-17,2016-06-10,XLE,3.0,4.38,TRAIL
2016-06-06,2016-06-10,RUSSELL2000,1.5,-1.65,TRAIL
2016-06-07,2016-06-10,FTSE,1.5,-4.03,TRAIL
2016-05-25,2016-06-13,XLK,3.0,-1.92,TRAIL
2016-05-27,2016-06-13,WHEAT,3.0,6.07,TRAIL
2016-05-27,2016-06-13,SP500,1.5,-1.43,TRAIL
2016-05-27,2016-06-13,DOW,1.5,-1.18,TRAIL
2016-06-01,2016-06-13,XLV,3.0,-1.68,TRAIL
2016-05-10,2016-06-14,CRUDE,3.0,25.73,TRAIL
2016-05-26,2016-06-14,COTTON,3.0,-6.02,TRAIL
2016-05-12,2016-06-21,CORN,3.0,8.57,TRAIL
2016-05-26,2016-06-21,BTC,3.0,141.12,TRAIL
2016-06-13,2016-06-21,WHEAT,1.5,-10.0,STOP
2016-05-19,2016-06-22,TBOND,3.0,6.16,TRAIL
2016-06-21,2016-06-22,BTC,1.5,-15.87,STOP
2016-06-03,2016-06-23,TNOTE10,1.5,-0.16,TRAIL
2016-06-09,2016-06-23,GOLD,3.0,-2.13,TRAIL
2016-03-08,2016-06-24,SOYBEANS,3.0,77.09,TRAIL
2016-06-10,2016-06-24,RUSSELL2000,1.5,-4.69,TRAIL
2016-06-13,2016-06-24,XLV,1.5,-3.41,TRAIL
2016-06-20,2016-06-24,DOW,2.0,-4.54,TRAIL
2016-06-23,2016-06-24,SP500,1.5,-5.39,TRAIL
2016-06-23,2016-06-24,XLK,1.5,-5.77,TRAIL
2016-06-24,2016-06-26,BTC,1.5,-8.1,STOP
2016-06-09,2016-06-27,EURUSD,1.5,-4.88,TRAIL
2016-06-10,2016-06-27,XLE,3.0,-10.26,TRAIL
2016-06-20,2016-06-27,CRUDE,2.0,-12.32,STOP
2016-06-20,2016-06-27,FTSE,2.0,-7.15,TRAIL
2016-07-02,2016-07-03,BTC,1.5,-9.6,STOP
2016-06-29,2016-07-05,CRUDE,1.5,-9.86,STOP
2016-06-28,2016-07-06,SOYBEANS,2.0,-7.69,TRAIL
2016-06-20,2016-07-07,COPPER,3.0,4.16,TRAIL
2016-05-31,2016-07-11,NATGAS,1.0,18.09,TRAIL
2016-06-23,2016-07-15,GOLD,3.0,15.53,TRAIL
2016-06-24,2016-07-15,TNOTE10,2.5,-0.94,TRAIL
2016-06-24,2016-07-15,TBOND,3.0,2.98,TRAIL
2016-04-29,2016-07-20,SUGAR,1.0,19.31,TRAIL
2016-05-20,2016-07-22,COFFEE,3.0,41.38,TRAIL
2016-06-29,2016-07-25,XLE,3.0,-3.28,TRAIL
2016-07-17,2016-07-25,BTC,1.5,-5.6,TRAIL
2016-07-07,2016-07-27,COPPER,3.0,8.83,TRAIL
2016-07-25,2016-07-28,SUGAR,1.5,-8.22,STOP
2016-06-30,2016-08-02,DOW,3.0,6.42,TRAIL
2016-06-29,2016-08-03,FTSE,3.0,12.94,TRAIL
2016-07-25,2016-08-03,NIKKEI,1.5,-4.85,TRAIL
2016-06-10,2016-08-05,SILVER,3.0,42.71,TRAIL
2016-07-29,2016-08-05,COPPER,1.5,-4.56,TRAIL
2016-07-15,2016-08-08,GOLD,3.0,1.56,TRAIL
2016-06-17,2016-08-09,COTTON,3.0,39.45,TRAIL
2016-07-22,2016-08-09,NATGAS,3.0,-17.5,STOP
2016-07-29,2016-08-10,COFFEE,1.5,-7.75,STOP
2016-06-29,2016-08-12,PLATINUM,3.0,34.26,TRAIL
2016-07-05,2016-08-16,XLV,3.0,8.95,TRAIL
2016-07-29,2016-08-19,TBOND,1.5,-2.88,TRAIL
2016-08-10,2016-08-19,SILVER,1.5,-6.21,TRAIL
2016-08-10,2016-08-24,GOLD,1.5,-2.22,TRAIL
2016-08-04,2016-08-25,FTSE,3.0,3.41,TRAIL
2016-08-05,2016-08-26,DOW,1.5,-1.2,TRAIL
2016-08-10,2016-08-26,TNOTE10,1.5,-1.54,TRAIL
2016-08-15,2016-08-26,NIKKEI,1.5,-4.52,TRAIL
2016-08-18,2016-08-26,SOYBEANS,1.5,-6.03,TRAIL
2016-08-02,2016-08-31,EURUSD,3.0,-0.4,TRAIL
2016-08-08,2016-08-31,XLE,3.0,0.35,TRAIL
2016-08-16,2016-08-31,CRUDE,3.0,-12.11,TRAIL
2016-08-23,2016-09-07,NATGAS,2.5,-7.7,TRAIL
2016-07-08,2016-09-09,SP500,3.0,-0.29,TRAIL
2016-07-08,2016-09-09,XLK,3.0,13.8,TRAIL
2016-07-11,2016-09-09,RUSSELL2000,3.0,7.36,TRAIL
2016-07-11,2016-09-09,NASDAQ,3.0,8.25,TRAIL
2016-07-12,2016-09-09,XLF,3.0,9.0,TRAIL
2016-08-23,2016-09-09,TBOND,1.5,-3.53,TRAIL
2016-09-06,2016-09-09,XLE,1.5,-0.9,TRAIL
2016-09-06,2016-09-09,SILVER,1.5,-5.74,TRAIL
2016-09-03,2016-09-11,BTC,3.0,4.27,TRAIL
2016-07-12,2016-09-12,HANGSENG,3.0,29.2,TRAIL
2016-07-12,2016-09-12,DAX,3.0,14.08,TRAIL
2016-08-26,2016-09-12,FTSE,1.5,-3.01,TRAIL
2016-08-29,2016-09-12,NIKKEI,3.0,-1.16,TRAIL
2016-09-06,2016-09-12,GOLD,1.5,-3.16,TRAIL
2016-08-22,2016-09-13,COFFEE,3.0,6.77,TRAIL
2016-09-06,2016-09-13,TNOTE10,1.5,-1.51,TRAIL
2016-09-08,2016-09-13,CRUDE,1.5,-8.57,STOP
2016-09-12,2016-09-14,XLE,1.5,-6.01,TRAIL
2016-09-11,2016-09-21,BTC,1.5,-2.37,TRAIL
2016-09-13,2016-09-23,COFFEE,3.0,8.25,TRAIL
2016-09-15,2016-09-23,COTTON,3.0,3.07,TRAIL
2016-09-12,2016-09-26,XLF,1.5,-4.46,TRAIL
2016-09-21,2016-09-27,SILVER,1.5,-4.56,TRAIL
2016-09-23,2016-09-28,GOLD,1.5,-2.0,TRAIL
2016-09-29,2016-10-04,COPPER,1.5,-1.55,TRAIL
2016-09-23,2016-10-06,COTTON,2.0,-3.97,TRAIL
2016-09-21,2016-10-11,RUSSELL2000,1.5,-2.1,TRAIL
2016-10-10,2016-10-11,XLV,1.5,-3.76,TRAIL
2016-09-07,2016-10-12,EURUSD,1.5,-2.56,TRAIL
2016-09-15,2016-10-12,NASDAQ,3.0,-0.61,TRAIL
2016-09-12,2016-10-13,HANGSENG,3.0,-3.34,TRAIL
2016-10-04,2016-10-13,COPPER,1.5,-3.02,TRAIL
2016-10-02,2016-10-17,BTC,3.0,13.9,MOM_REV
2016-09-08,2016-10-21,NATGAS,2.0,13.33,TRAIL
2016-08-05,2016-10-26,SUGAR,3.0,34.2,TRAIL
2016-09-28,2016-10-28,XLE,3.0,-1.76,TRAIL
2016-09-28,2016-10-28,CRUDE,3.0,10.52,TRAIL
2016-10-10,2016-10-28,SP500,1.5,-2.58,TRAIL
2016-10-24,2016-10-28,NASDAQ,1.5,-3.38,TRAIL
2016-09-15,2016-11-01,DXY,3.0,7.59,TRAIL
2016-09-15,2016-11-01,XLK,3.0,-2.37,TRAIL
2016-09-21,2016-11-01,FTSE,3.0,3.61,TRAIL
2016-10-10,2016-11-01,DOW,1.5,-2.39,TRAIL
2016-10-12,2016-11-01,COTTON,3.0,-3.35,TRAIL
2016-10-28,2016-11-01,NATGAS,1.5,-9.81,STOP
2016-09-22,2016-11-02,DAX,1.5,-4.26,TRAIL
2016-10-03,2016-11-02,SOYBEANS,3.0,1.16,TRAIL
2016-10-11,2016-11-02,NIKKEI,3.0,1.94,TRAIL
2016-10-26,2016-11-03,BTC,3.0,4.6,TRAIL
2016-11-03,2016-11-07,GOLD,1.5,-2.74,TRAIL
2016-11-07,2016-11-09,NIKKEI,1.5,-8.08,STOP
2016-09-23,2016-11-10,COFFEE,3.0,20.71,TRAIL
2016-11-03,2016-11-14,SILVER,2.0,-16.38,STOP
2016-11-07,2016-11-14,GOLD,1.5,-6.7,TRAIL
2016-11-09,2016-11-22,XLV,1.5,-3.9,TRAIL
2016-11-09,2016-12-01,RUSSELL2000,3.0,19.88,TRAIL
2016-11-09,2016-12-01,NASDAQ,3.0,0.0,TRAIL
2016-11-21,2016-12-01,XLK,1.5,-4.14,TRAIL
2016-11-09,2016-12-02,DAX,1.5,-1.87,TRAIL
2016-11-15,2016-12-08,COTTON,3.0,3.1,TRAIL
2016-12-01,2016-12-15,HANGSENG,1.5,-5.37,TRAIL
2016-11-01,2016-12-16,COPPER,3.0,45.38,TRAIL
2016-11-23,2016-12-19,NATGAS,1.0,12.1,TRAIL
2016-11-10,2016-12-29,XLE,3.0,22.0,TRAIL
2016-11-10,2016-12-29,NIKKEI,3.0,31.15,TRAIL
2016-11-07,2016-12-30,DOW,3.0,24.69,TRAIL
2016-11-09,2016-12-30,SP500,3.0,10.48,TRAIL
2016-12-01,2016-12-30,RUSSELL2000,3.0,9.89,TRAIL
2016-12-05,2016-12-30,NASDAQ,3.0,4.19,TRAIL
2016-12-21,2017-01-03,NATGAS,2.5,-15.18,STOP
2016-11-03,2017-01-05,BTC,3.0,141.43,TRAIL
2016-11-09,2017-01-05,DXY,3.0,9.2,TRAIL
2016-11-18,2017-01-06,USDJPY,3.0,13.63,TRAIL
2017-01-05,2017-01-06,BTC,1.5,-16.46,STOP
2017-01-04,2017-01-09,RUSSELL2000,1.5,-3.29,TRAIL
2016-11-30,2017-01-10,CRUDE,3.0,8.37,TRAIL
2017-01-03,2017-01-10,XLE,1.5,-4.06,TRAIL
2016-12-29,2017-01-12,NIKKEI,3.0,-0.16,TRAIL
2016-10-10,2017-01-17,XLF,3.0,50.72,TRAIL
2016-12-07,2017-01-17,FTSE,3.0,13.83,TRAIL
2017-01-09,2017-01-18,USDJPY,1.5,-5.47,TRAIL
2016-12-22,2017-01-19,XLV,3.0,4.7,TRAIL
2017-01-17,2017-01-23,FTSE,1.5,-1.44,TRAIL
2017-01-04,2017-01-30,WHEAT,3.0,-3.23,TRAIL
2017-01-04,2017-01-30,CORN,3.0,-1.67,TRAIL
2017-01-18,2017-01-30,SOYBEANS,1.5,-7.29,TRAIL
2016-12-05,2017-01-31,DAX,3.0,23.88,TRAIL
2017-01-06,2017-02-02,COFFEE,3.0,6.51,TRAIL
2017-01-27,2017-02-02,NIKKEI,1.5,-4.26,TRAIL
2017-01-12,2017-02-03,COPPER,3.0,-5.75,TRAIL
2017-01-27,2017-02-09,BTC,3.0,24.34,TRAIL
2017-01-03,2017-02-13,SUGAR,3.0,-7.46,TRAIL
2017-01-04,2017-02-17,COTTON,3.0,-2.43,TRAIL
2017-02-01,2017-02-21,SOYBEANS,3.0,-3.04,TRAIL
2017-02-01,2017-02-23,CORN,3.0,-2.24,TRAIL
2017-02-08,2017-02-23,COPPER,3.0,-2.03,TRAIL
2017-02-01,2017-02-24,WHEAT,3.0,-1.73,TRAIL
2017-02-21,2017-02-24,SUGAR,1.5,-7.21,TRAIL
2017-01-11,2017-02-28,HANGSENG,3.0,10.53,TRAIL
2017-01-25,2017-03-07,RUSSELL2000,3.0,-1.64,TRAIL
2017-02-28,2017-03-07,COPPER,1.5,-5.24,TRAIL
2016-12-30,2017-03-08,DOW,3.0,16.59,TRAIL
2017-01-03,2017-03-08,SP500,3.0,13.97,TRAIL
2017-01-12,2017-03-08,CRUDE,3.0,-15.45,STOP
2017-02-09,2017-03-08,BTC,3.0,46.95,TRAIL
2017-03-01,2017-03-09,CORN,1.5,-6.39,TRAIL
2017-03-01,2017-03-09,SOYBEANS,1.5,-5.91,TRAIL
2017-03-09,2017-03-10,BTC,1.5,-9.06,STOP
2017-03-06,2017-03-13,WHEAT,1.5,-8.9,STOP
2017-02-14,2017-03-15,DXY,1.5,-0.76,TRAIL
2017-01-25,2017-03-17,XLF,3.0,10.86,TRAIL
2017-03-12,2017-03-17,BTC,2.0,-19.84,STOP
2017-02-15,2017-03-20,XLV,3.0,6.77,TRAIL
2017-02-15,2017-03-20,USDJPY,1.5,-2.14,TRAIL
2016-12-06,2017-03-21,XLK,3.0,36.58,TRAIL
2017-01-04,2017-03-21,NASDAQ,3.0,17.35,TRAIL
2017-03-08,2017-03-21,SP500,1.5,-1.2,TRAIL
2017-03-08,2017-03-21,DOW,1.5,-1.35,TRAIL
2017-02-01,2017-03-22,DAX,3.0,6.29,TRAIL
2017-02-10,2017-03-22,NIKKEI,3.0,-5.23,TRAIL
2017-02-15,2017-03-22,FTSE,3.0,0.92,TRAIL
2017-02-24,2017-03-29,COTTON,3.0,2.86,TRAIL
2017-02-28,2017-03-31,HANGSENG,3.0,4.69,TRAIL
2017-03-31,2017-04-04,COTTON,1.5,-4.81,TRAIL
2017-04-05,2017-04-12,COPPER,1.5,-7.37,TRAIL
2017-03-20,2017-04-13,XLV,1.5,-2.14,TRAIL
2017-03-22,2017-04-13,XLK,1.5,-1.62,TRAIL
2017-03-28,2017-04-13,NASDAQ,1.5,-1.79,TRAIL
2017-03-15,2017-04-18,NATGAS,2.5,13.75,MOM_REV
2017-03-23,2017-04-18,DAX,3.0,-0.98,TRAIL
2017-03-29,2017-04-18,FTSE,1.5,-4.6,TRAIL
2017-03-31,2017-04-18,HANGSENG,2.0,-1.55,TRAIL
2017-04-06,2017-04-18,XLE,1.5,-3.87,TRAIL
2017-04-06,2017-04-19,CRUDE,3.0,-7.31,TRAIL
2017-04-07,2017-04-19,SILVER,2.5,0.08,TRAIL
2017-04-10,2017-04-20,WHEAT,1.5,-7.87,STOP
2017-04-10,2017-04-20,CORN,2.0,-5.04,TRAIL
2017-04-11,2017-04-24,PLATINUM,3.0,-2.7,TRAIL
2017-04-17,2017-04-24,DXY,1.5,-1.81,TRAIL
2017-04-19,2017-04-25,SILVER,1.5,-4.59,TRAIL
2017-04-11,2017-04-26,GOLD,3.0,-2.15,TRAIL
2017-04-11,2017-05-04,RUSSELL2000,3.0,2.59,TRAIL
2017-04-19,2017-05-08,COTTON,3.0,-3.44,TRAIL
2017-05-01,2017-05-08,WHEAT,1.5,-8.39,STOP
2017-05-11,2017-05-16,COTTON,2.0,5.41,TRAIL
2017-04-20,2017-05-17,NASDAQ,3.0,4.79,TRAIL
2017-04-20,2017-05-17,SP500,3.0,0.15,TRAIL
2017-04-20,2017-05-17,XLK,3.0,7.43,TRAIL
2017-04-24,2017-05-17,XLV,3.0,0.32,TRAIL
2017-04-24,2017-05-17,DOW,3.0,-2.27,TRAIL
2017-04-24,2017-05-17,XLF,1.5,-3.93,TRAIL
2017-04-27,2017-05-17,NATGAS,2.5,-3.63,TRAIL
2017-05-04,2017-05-17,RUSSELL2000,1.5,-3.56,TRAIL
2017-04-24,2017-05-18,DAX,3.0,3.25,TRAIL
2017-04-25,2017-05-18,NIKKEI,3.0,7.46,TRAIL
2017-04-26,2017-05-18,USDJPY,3.0,0.22,TRAIL
2017-05-17,2017-05-18,SOYBEANS,1.5,-4.77,TRAIL
2017-05-16,2017-05-23,COTTON,1.5,-7.56,STOP
2017-04-03,2017-05-29,GBPUSD,3.0,6.54,TRAIL
2017-05-25,2017-05-30,PLATINUM,1.5,-1.66,TRAIL
2017-05-19,2017-05-31,NATGAS,1.5,-8.52,STOP
2017-05-19,2017-05-31,CRUDE,2.5,-9.98,TRAIL
2017-05-31,2017-06-01,PLATINUM,1.5,-3.35,TRAIL
2017-05-19,2017-06-07,COPPER,1.5,-1.46,MOM_REV
2017-05-05,2017-06-08,FTSE,3.0,6.27,TRAIL
2017-06-02,2017-06-08,PLATINUM,2.0,-3.11,TRAIL
2017-05-18,2017-06-09,XLK,3.0,6.01,TRAIL
2017-05-19,2017-06-09,NASDAQ,3.0,6.13,TRAIL
2017-05-30,2017-06-09,SILVER,2.5,-2.8,TRAIL
2017-05-31,2017-06-09,GOLD,2.5,-0.69,TRAIL
2017-06-08,2017-06-09,GBPUSD,1.5,-2.77,TRAIL
2017-04-07,2017-06-14,BTC,2.0,225.93,TRAIL
2017-06-09,2017-06-14,COPPER,1.5,-4.28,TRAIL
2017-04-25,2017-06-15,HANGSENG,3.0,13.61,TRAIL
2017-05-18,2017-06-15,NIKKEI,3.0,4.26,TRAIL
2017-06-14,2017-06-15,PLATINUM,1.5,-4.8,TRAIL
2017-06-09,2017-06-19,GOLD,1.5,-2.87,TRAIL
2017-04-25,2017-06-20,CORN,3.0,4.11,TRAIL
2017-05-05,2017-06-21,EURUSD,3.0,4.25,TRAIL
2017-06-08,2017-06-22,XLF,3.0,2.92,TRAIL
2017-06-17,2017-06-26,BTC,2.5,-16.7,STOP
2017-05-22,2017-06-27,SP500,3.0,3.18,TRAIL
2017-05-23,2017-06-27,DOW,3.0,5.34,TRAIL
2017-05-24,2017-06-27,TNOTE10,1.5,0.26,TRAIL
2017-05-24,2017-06-28,TBOND,3.0,2.87,TRAIL
2017-06-09,2017-06-28,FTSE,1.5,-2.78,TRAIL
2017-05-18,2017-06-29,DAX,3.0,-4.14,TRAIL
2017-06-23,2017-06-29,XLK,1.5,-4.08,TRAIL
2017-06-09,2017-07-03,NASDAQ,1.5,-2.36,TRAIL
2017-06-19,2017-07-04,HANGSENG,1.5,-3.1,TRAIL
2017-05-23,2017-07-06,XLV,3.0,14.52,TRAIL
2017-06-16,2017-07-07,NIKKEI,3.0,-0.21,TRAIL
2017-06-21,2017-07-07,COPPER,3.0,4.09,TRAIL
2017-07-05,2017-07-10,BTC,1.5,-13.23,STOP
2017-05-16,2017-07-13,WHEAT,3.0,50.38,TRAIL
2017-07-03,2017-07-13,CORN,3.0,-13.49,TRAIL
2017-07-10,2017-07-13,SOYBEANS,1.5,-7.02,TRAIL
2017-07-20,2017-07-21,BTC,1.5,-7.98,STOP
2017-07-14,2017-07-24,USDJPY,1.5,-3.27,TRAIL
2017-07-13,2017-07-25,WHEAT,3.0,-13.02,TRAIL
2017-07-21,2017-07-26,BTC,1.5,-7.78,STOP
2017-07-06,2017-07-27,XLV,3.0,2.82,TRAIL
2017-06-02,2017-07-31,RUSSELL2000,3.0,4.22,TRAIL
2017-07-10,2017-07-31,NIKKEI,1.5,-1.16,TRAIL
2017-07-19,2017-08-01,CORN,1.0,-5.23,STOP
2017-06-29,2017-08-09,GBPUSD,3.0,1.04,TRAIL
2017-08-01,2017-08-09,RUSSELL2000,1.5,-3.3,TRAIL
2017-08-02,2017-08-09,NIKKEI,1.5,-2.55,TRAIL
2017-06-22,2017-08-10,XLF,3.0,10.63,TRAIL
2017-06-27,2017-08-10,DOW,3.0,7.51,TRAIL
2017-06-28,2017-08-10,SP500,3.0,-0.3,TRAIL
2017-07-12,2017-08-10,NASDAQ,3.0,-2.12,TRAIL
2017-07-12,2017-08-10,XLK,3.0,2.45,TRAIL
2017-07-20,2017-08-10,FTSE,1.5,-1.96,TRAIL
2017-07-31,2017-08-10,XLV,1.5,-2.84,TRAIL
2017-07-11,2017-08-11,HANGSENG,3.0,11.66,TRAIL
2017-08-08,2017-08-14,COFFEE,1.5,-6.09,MOM_REV
2017-07-07,2017-08-15,COPPER,3.0,28.09,TRAIL
2017-08-10,2017-08-17,DOW,1.5,-0.64,TRAIL
2017-08-14,2017-08-21,XLF,1.5,-3.11,TRAIL
2017-08-22,2017-08-29,DAX,1.5,-3.48,TRAIL
2017-07-27,2017-09-04,BTC,2.0,117.12,TRAIL
2017-08-14,2017-09-07,HANGSENG,3.0,3.0,TRAIL
2017-08-15,2017-09-08,COPPER,3.0,14.25,TRAIL
2017-08-22,2017-09-08,NATGAS,3.0,-5.0,TRAIL
2017-09-05,2017-09-10,BTC,1.0,-5.79,STOP
2017-08-30,2017-09-11,PLATINUM,3.0,1.33,TRAIL
2017-07-31,2017-09-13,TNOTE10,3.0,1.97,TRAIL
2017-08-01,2017-09-13,TBOND,3.0,4.02,TRAIL
2017-09-11,2017-09-13,PLATINUM,1.5,-2.34,TRAIL
2017-08-16,2017-09-14,FTSE,1.5,-2.78,TRAIL
2017-09-08,2017-09-14,COPPER,1.5,-4.22,TRAIL
2017-07-20,2017-09-15,GOLD,3.0,18.22,TRAIL
2017-09-05,2017-09-18,SILVER,2.0,-8.67,TRAIL
2017-08-30,2017-09-21,XLV,3.0,7.32,TRAIL
2017-09-12,2017-09-21,NATGAS,3.0,-5.5,TRAIL
2017-09-15,2017-09-21,GOLD,1.5,-3.39,TRAIL
2017-08-14,2017-09-25,XLK,3.0,0.14,TRAIL
2017-08-30,2017-09-25,NASDAQ,3.0,0.11,TRAIL
2017-09-11,2017-09-25,HANGSENG,1.5,-2.44,TRAIL
2017-06-28,2017-09-27,EURUSD,3.0,11.82,TRAIL
2017-09-22,2017-09-28,SOYBEANS,1.5,-3.77,TRAIL
2017-09-06,2017-10-03,GBPUSD,3.0,5.39,TRAIL
2017-09-13,2017-10-04,CRUDE,3.0,4.14,TRAIL
2017-09-15,2017-10-05,WHEAT,3.0,-5.51,TRAIL
2017-10-11,2017-10-19,COPPER,3.0,7.11,TRAIL
2017-10-06,2017-10-20,WHEAT,1.5,-5.92,TRAIL
2017-09-25,2017-10-23,XLE,1.5,-1.65,TRAIL
2017-09-29,2017-10-24,SOYBEANS,3.0,2.25,TRAIL
2017-10-03,2017-10-24,HANGSENG,3.0,-0.19,TRAIL
2017-10-02,2017-10-25,FTSE,3.0,0.34,TRAIL
2017-09-21,2017-10-26,XLV,3.0,2.13,TRAIL
2017-10-19,2017-10-27,COPPER,2.0,-3.77,TRAIL
2017-10-26,2017-10-30,EURUSD,1.5,-2.74,TRAIL
2017-11-01,2017-11-03,PLATINUM,1.5,-2.33,TRAIL
2017-09-01,2017-11-07,RUSSELL2000,3.0,13.91,TRAIL
2017-09-12,2017-11-08,XLF,3.0,18.74,TRAIL
2017-09-07,2017-11-09,DAX,3.0,21.61,TRAIL
2017-11-01,2017-11-10,TBOND,2.5,-0.72,TRAIL
2017-11-01,2017-11-10,COPPER,1.5,-3.04,TRAIL
2017-11-02,2017-11-10,FTSE,1.5,-2.43,TRAIL
2017-09-30,2017-11-11,BTC,2.5,116.33,TRAIL
2017-10-24,2017-11-13,SOYBEANS,3.0,-3.69,TRAIL
2017-11-06,2017-11-13,TNOTE10,1.5,-0.88,TRAIL
2017-11-01,2017-11-14,XLE,3.0,-2.36,TRAIL
2017-09-01,2017-11-15,SP500,3.0,10.67,TRAIL
2017-09-11,2017-11-15,DOW,3.0,16.51,TRAIL
2017-09-12,2017-11-15,NIKKEI,3.0,34.16,TRAIL
2017-10-17,2017-11-16,CRUDE,3.0,18.85,TRAIL
2017-09-19,2017-11-20,USDJPY,3.0,1.46,TRAIL
2017-11-01,2017-11-20,SILVER,2.0,-3.56,TRAIL
2017-11-08,2017-11-20,PLATINUM,2.0,-3.04,TRAIL
2017-11-17,2017-11-20,GOLD,1.5,-2.45,TRAIL
2017-11-10,2017-11-24,WHEAT,1.5,-5.48,TRAIL
2017-09-27,2017-11-29,XLK,3.0,23.79,TRAIL
2017-10-25,2017-11-30,HANGSENG,3.0,9.27,TRAIL
2017-11-21,2017-11-30,GOLD,2.0,-1.23,TRAIL
2017-11-09,2017-12-01,DAX,1.5,-3.65,TRAIL
2017-09-27,2017-12-04,NASDAQ,3.0,14.97,TRAIL
2017-11-27,2017-12-04,PLATINUM,1.5,-3.66,TRAIL
2017-11-28,2017-12-05,NATGAS,1.0,-5.2,STOP
2017-11-16,2017-12-06,NIKKEI,3.0,-2.34,TRAIL
2017-11-16,2017-12-06,CRUDE,3.0,4.46,TRAIL
2017-11-21,2017-12-06,RUSSELL2000,3.0,-1.98,TRAIL
2017-11-24,2017-12-06,SUGAR,1.5,-9.71,STOP
2017-11-29,2017-12-06,COFFEE,1.5,-5.5,TRAIL
2017-11-17,2017-12-11,SOYBEANS,2.5,-2.02,TRAIL
2017-11-17,2017-12-13,EURUSD,3.0,-0.89,TRAIL
2017-11-20,2017-12-19,TBOND,2.5,-1.83,TRAIL
2017-11-15,2017-12-22,BTC,1.5,133.61,TRAIL
2017-12-12,2017-12-28,DAX,1.5,-2.32,TRAIL
2017-11-30,2017-12-29,XLK,3.0,1.64,TRAIL
2017-12-07,2017-12-29,NASDAQ,3.0,3.99,TRAIL
2017-12-12,2018-01-03,USDJPY,1.5,-1.71,TRAIL
2017-12-15,2018-01-05,COPPER,3.0,9.36,TRAIL
2017-12-28,2018-01-09,SILVER,3.0,1.85,TRAIL
2017-12-20,2018-01-10,COFFEE,3.0,1.95,TRAIL
2018-01-03,2018-01-10,SUGAR,1.5,-6.47,TRAIL
2018-01-10,2018-01-16,SUGAR,1.5,-10.85,STOP
2018-01-05,2018-01-23,COPPER,1.5,-5.5,TRAIL
2018-01-10,2018-01-23,SILVER,1.5,-0.96,TRAIL
2017-12-11,2018-01-24,FTSE,3.0,7.64,TRAIL
2017-12-11,2018-01-25,NIKKEI,3.0,9.56,TRAIL
2018-01-09,2018-01-25,DAX,2.0,-1.3,TRAIL
2017-12-13,2018-01-29,COTTON,3.0,17.12,TRAIL
2017-11-16,2018-01-30,SP500,3.0,27.47,TRAIL
2017-11-16,2018-01-30,DOW,3.0,33.49,TRAIL
2017-11-28,2018-01-30,XLV,3.0,26.52,TRAIL
2017-11-30,2018-01-30,XLE,3.0,26.91,TRAIL
2017-12-29,2018-01-30,GOLD,3.0,6.68,TRAIL
2018-01-23,2018-01-30,PLATINUM,1.5,-1.18,TRAIL
2018-01-24,2018-01-30,SILVER,1.5,-3.55,TRAIL
2017-12-06,2018-01-31,RUSSELL2000,3.0,13.14,TRAIL
2018-01-16,2018-01-31,NATGAS,2.5,-10.71,TRAIL
2018-01-25,2018-01-31,NIKKEI,1.5,-3.62,TRAIL
2018-01-25,2018-02-01,DAX,1.5,-3.32,TRAIL
2017-11-28,2018-02-02,XLF,3.0,29.2,TRAIL
2017-12-29,2018-02-02,NASDAQ,3.0,14.67,TRAIL
2017-12-29,2018-02-02,XLK,3.0,11.87,TRAIL
2018-01-30,2018-02-02,XLV,1.5,-4.16,TRAIL
2018-01-30,2018-02-02,SP500,1.5,-3.2,TRAIL
2018-01-30,2018-02-02,DOW,1.5,-3.2,TRAIL
2018-01-31,2018-02-02,SILVER,1.5,-4.6,TRAIL
2018-01-24,2018-02-05,SOYBEANS,1.5,-3.4,TRAIL
2017-12-13,2018-02-06,HANGSENG,3.0,14.1,TRAIL
2017-12-08,2018-02-07,CRUDE,3.0,23.17,TRAIL
2018-01-30,2018-02-07,GOLD,1.5,-2.67,TRAIL
2018-01-30,2018-02-07,PLATINUM,1.5,-2.81,TRAIL
2017-11-01,2018-02-08,GBPUSD,3.0,13.25,TRAIL
2017-12-14,2018-02-08,EURUSD,3.0,10.96,TRAIL
2018-02-20,2018-02-21,BTC,1.5,-9.38,STOP
2018-02-21,2018-02-22,BTC,1.5,-9.62,STOP
2018-02-14,2018-02-26,EURUSD,1.5,-0.81,TRAIL
2018-02-14,2018-02-27,GOLD,1.5,-4.43,TRAIL
2018-02-14,2018-02-27,PLATINUM,1.5,-1.96,TRAIL
2018-02-15,2018-02-27,SUGAR,1.5,-6.72,TRAIL
2018-02-14,2018-02-28,COPPER,1.5,-5.62,TRAIL
2018-02-16,2018-03-01,GBPUSD,1.5,-3.72,TRAIL
2018-02-22,2018-03-07,BTC,2.5,-0.99,TRAIL
2018-02-06,2018-03-09,SOYBEANS,3.0,13.08,TRAIL
2018-02-07,2018-03-15,WHEAT,3.0,11.89,TRAIL
2018-02-27,2018-03-16,COTTON,3.0,4.0,TRAIL
2018-02-09,2018-03-19,CORN,3.0,10.77,TRAIL
2018-02-23,2018-03-19,XLK,3.0,0.67,TRAIL
2018-02-26,2018-03-19,NASDAQ,3.0,-3.12,TRAIL
2018-03-15,2018-03-19,WHEAT,1.5,-8.77,STOP
2018-03-07,2018-03-21,XLV,3.0,-2.29,TRAIL
2018-03-07,2018-03-21,SP500,2.5,-1.36,TRAIL
2018-03-06,2018-03-22,RUSSELL2000,3.0,-3.52,TRAIL
2018-03-07,2018-03-22,XLF,2.5,-9.94,TRAIL
2018-03-09,2018-03-22,DOW,1.5,-8.16,STOP
2018-03-09,2018-03-23,HANGSENG,3.0,-6.65,TRAIL
2018-03-09,2018-03-23,DAX,1.5,-5.59,TRAIL
2018-03-13,2018-03-23,NIKKEI,1.5,-9.22,STOP
2018-03-13,2018-03-28,SOYBEANS,1.5,-3.24,TRAIL
2018-03-23,2018-03-28,GOLD,1.5,-2.79,TRAIL
2018-03-16,2018-04-04,COTTON,1.5,-5.81,TRAIL
2018-03-07,2018-04-06,EURUSD,1.5,-1.99,TRAIL
2018-03-09,2018-04-06,CRUDE,3.0,0.1,TRAIL
2018-03-14,2018-04-06,GBPUSD,3.0,0.78,TRAIL
2018-04-10,2018-04-16,WHEAT,1.5,-9.07,STOP
2018-04-15,2018-04-17,ETH,1.5,-8.13,STOP
2018-03-29,2018-04-20,CORN,1.5,-4.35,TRAIL
2018-04-09,2018-04-20,GBPUSD,3.0,-0.11,TRAIL
2018-04-02,2018-04-23,GOLD,2.0,-2.92,TRAIL
2018-04-10,2018-04-23,SOYBEANS,1.5,-4.18,TRAIL
2018-04-11,2018-04-23,SILVER,3.0,-2.99,TRAIL
2018-04-11,2018-04-24,EURUSD,1.5,-1.87,TRAIL
2018-04-11,2018-04-24,COTTON,2.0,-3.75,TRAIL
2018-04-09,2018-04-27,COPPER,3.0,-2.49,TRAIL
2018-04-18,2018-04-30,RUSSELL2000,1.5,-3.95,TRAIL
2018-04-18,2018-05-01,DOW,1.5,-3.93,TRAIL
2018-04-26,2018-05-02,XLV,1.5,-3.8,TRAIL
2018-05-01,2018-05-02,NATGAS,1.5,-2.57,MOM_REV
2018-04-23,2018-05-03,XLF,1.5,-5.01,TRAIL
2018-04-11,2018-05-04,HANGSENG,1.5,-4.71,TRAIL
2018-04-27,2018-05-07,SOYBEANS,1.5,-6.14,TRAIL
2018-05-03,2018-05-08,ETH,1.5,-5.13,MOM_REV
2018-04-18,2018-05-10,WHEAT,3.0,20.52,TRAIL
2018-04-25,2018-05-11,CORN,3.0,2.52,TRAIL
2018-04-25,2018-05-14,COTTON,3.0,-3.75,TRAIL
2018-05-10,2018-05-14,WHEAT,1.5,-8.05,STOP
2018-05-09,2018-05-23,HANGSENG,3.0,1.27,TRAIL
2018-04-05,2018-05-24,NIKKEI,3.0,10.97,TRAIL
2018-04-27,2018-05-24,FTSE,3.0,8.58,TRAIL
2018-05-17,2018-05-24,DAX,1.5,-2.97,TRAIL
2018-03-12,2018-05-25,XLE,3.0,29.29,TRAIL
2018-04-09,2018-05-25,CRUDE,3.0,21.1,TRAIL
2018-05-07,2018-05-29,DOW,3.0,0.05,TRAIL
2018-05-08,2018-05-29,XLF,3.0,-7.81,TRAIL
2018-05-11,2018-05-30,CORN,3.0,2.89,TRAIL
2018-05-29,2018-06-01,NATGAS,1.5,4.54,MOM_REV
2018-05-18,2018-06-04,WHEAT,3.0,-7.53,TRAIL
2018-05-22,2018-06-04,SOYBEANS,2.0,-5.58,TRAIL
2018-05-25,2018-06-06,DXY,1.5,-0.84,TRAIL
2018-05-24,2018-06-13,HANGSENG,3.0,-0.34,TRAIL
2018-05-11,2018-06-15,COPPER,3.0,4.46,TRAIL
2018-05-30,2018-06-15,XLE,1.5,-3.78,TRAIL
2018-06-05,2018-06-15,SILVER,3.0,-0.71,TRAIL
2018-06-14,2018-06-15,GOLD,1.5,-3.38,TRAIL
2018-06-14,2018-06-15,PLATINUM,1.5,-3.81,TRAIL
2018-05-17,2018-06-18,COTTON,3.0,8.08,TRAIL
2018-06-06,2018-06-18,WHEAT,1.0,-5.72,STOP
2018-05-24,2018-06-19,FTSE,1.5,-2.19,TRAIL
2018-05-30,2018-06-19,DOW,3.0,0.39,TRAIL
2018-06-06,2018-06-19,NIKKEI,2.5,-3.84,TRAIL
2018-04-23,2018-06-21,SP500,3.0,8.93,TRAIL
2018-06-06,2018-06-21,XLF,1.5,-3.39,TRAIL
2018-04-26,2018-06-25,NASDAQ,3.0,17.42,TRAIL
2018-04-26,2018-06-25,XLK,3.0,16.2,TRAIL
2018-05-02,2018-06-25,RUSSELL2000,3.0,19.8,TRAIL
2018-05-11,2018-06-26,XLV,3.0,4.23,TRAIL
2018-06-07,2018-07-02,NATGAS,3.0,-6.96,TRAIL
2018-06-06,2018-07-06,DXY,3.0,1.22,TRAIL
2018-06-26,2018-07-16,CRUDE,2.0,-7.0,TRAIL
2018-06-27,2018-07-20,XLE,2.5,-2.25,TRAIL
2018-07-11,2018-07-23,USDJPY,3.0,0.6,TRAIL
2018-07-05,2018-07-27,RUSSELL2000,3.0,-2.88,TRAIL
2018-07-09,2018-07-27,NASDAQ,3.0,-0.73,TRAIL
2018-07-09,2018-07-27,XLK,3.0,1.05,TRAIL
2018-07-09,2018-07-30,SP500,3.0,1.99,TRAIL
2018-07-25,2018-08-02,FTSE,2.0,-2.15,TRAIL
2018-07-26,2018-08-03,XLE,1.5,-3.35,TRAIL
2018-07-18,2018-08-08,COTTON,2.5,-4.05,TRAIL
2018-07-20,2018-08-10,CORN,3.0,2.11,TRAIL
2018-08-06,2018-08-13,DOW,1.5,-1.85,TRAIL
2018-08-06,2018-08-13,XLF,1.5,-3.02,TRAIL
2018-08-07,2018-08-13,DAX,1.5,-3.43,TRAIL
2018-08-08,2018-08-13,NIKKEI,1.5,-5.21,TRAIL
2018-08-06,2018-08-14,FTSE,2.0,-1.36,TRAIL
2018-07-18,2018-08-15,WHEAT,2.0,15.27,TRAIL
2018-07-11,2018-08-21,DXY,3.0,1.71,TRAIL
2018-07-24,2018-08-21,USDJPY,1.5,-2.03,TRAIL
2018-08-17,2018-08-21,WHEAT,1.5,-8.9,STOP
2018-08-03,2018-08-27,NATGAS,3.0,2.42,TRAIL
2018-08-20,2018-09-04,TBOND,1.5,-1.64,TRAIL
2018-08-02,2018-09-06,NASDAQ,3.0,4.62,TRAIL
2018-08-02,2018-09-06,SP500,3.0,5.39,TRAIL
2018-08-02,2018-09-06,XLK,3.0,5.67,TRAIL
2018-08-24,2018-09-06,NIKKEI,3.0,-1.51,TRAIL
2018-08-15,2018-09-07,TNOTE10,1.5,-0.8,TRAIL
2018-08-27,2018-09-10,CRUDE,3.0,-5.79,TRAIL
2018-08-29,2018-09-12,XLF,1.5,-2.68,TRAIL
2018-08-23,2018-09-13,DXY,1.5,-1.69,TRAIL
2018-08-09,2018-09-17,RUSSELL2000,3.0,2.25,TRAIL
2018-09-19,2018-09-26,XLF,1.5,-3.32,TRAIL
2018-09-06,2018-10-05,SP500,3.0,0.78,TRAIL
2018-09-11,2018-10-05,NASDAQ,1.5,-3.46,TRAIL
2018-09-11,2018-10-05,XLK,3.0,-2.3,TRAIL
2018-09-21,2018-10-05,DAX,1.5,-3.85,TRAIL
2018-10-01,2018-10-05,FTSE,1.5,-3.55,TRAIL
2018-08-24,2018-10-09,USDJPY,3.0,4.66,TRAIL
2018-09-11,2018-10-09,NIKKEI,3.0,10.65,TRAIL
2018-07-05,2018-10-10,XLV,3.0,27.42,TRAIL
2018-08-16,2018-10-10,DOW,3.0,0.47,TRAIL
2018-09-14,2018-10-10,XLE,3.0,6.5,TRAIL
2018-09-11,2018-10-11,CRUDE,3.0,7.45,TRAIL
2018-09-24,2018-10-22,WHEAT,1.5,-5.41,TRAIL
2018-10-12,2018-10-29,COFFEE,3.0,-5.92,MOM_REV
2018-10-16,2018-10-29,BTC,1.5,-5.99,TRAIL
2018-10-05,2018-10-31,SUGAR,3.0,13.3,TRAIL
2018-11-02,2018-11-06,COFFEE,1.5,-8.5,STOP
2018-09-27,2018-11-07,DXY,3.0,3.16,TRAIL
2018-11-08,2018-11-12,XLK,1.5,-7.79,STOP
2018-11-08,2018-11-13,DOW,1.5,-5.18,TRAIL
2018-11-08,2018-11-14,NASDAQ,1.5,-7.86,STOP
2018-11-08,2018-11-14,SP500,1.5,-5.62,TRAIL
2018-09-21,2018-11-15,NATGAS,3.0,106.92,TRAIL
2018-11-08,2018-11-19,DXY,1.5,-0.7,TRAIL
2018-11-12,2018-11-19,WHEAT,1.5,-6.13,TRAIL
2018-10-09,2018-11-20,USDJPY,1.5,-0.87,TRAIL
2018-11-08,2018-11-20,XLV,1.5,-5.15,TRAIL
2018-11-16,2018-11-20,DOW,1.5,-5.59,TRAIL
2018-11-28,2018-12-04,NIKKEI,2.0,-1.27,TRAIL
2018-11-28,2018-12-04,XLF,1.5,-6.1,TRAIL
2018-11-27,2018-12-07,XLV,3.0,-2.92,TRAIL
2018-11-28,2018-12-07,SP500,2.0,-8.07,TRAIL
2018-11-28,2018-12-07,DOW,2.0,-7.71,TRAIL
2018-11-15,2018-12-14,NATGAS,1.0,-5.23,STOP
2018-12-13,2018-12-17,XLV,1.5,-7.94,STOP
2018-11-27,2018-12-21,USDJPY,1.5,-3.08,TRAIL
2018-11-30,2018-12-21,WHEAT,3.0,-1.02,TRAIL
2018-12-18,2018-12-24,SOYBEANS,1.5,-3.92,TRAIL
2018-11-20,2018-12-31,DXY,1.5,-0.99,TRAIL
2018-12-12,2018-12-31,SUGAR,1.5,-8.36,STOP
2018-11-14,2019-01-08,TNOTE10,3.0,7.58,TRAIL
2018-12-10,2019-01-09,TBOND,3.0,3.12,TRAIL
2018-12-10,2019-01-15,CORN,3.0,-2.4,TRAIL
2019-01-16,2019-01-18,SILVER,1.5,-2.26,TRAIL
2019-01-18,2019-01-24,COPPER,1.5,-3.69,TRAIL
2019-01-08,2019-01-25,SUGAR,3.0,-7.52,TRAIL
2018-12-24,2019-01-30,WHEAT,2.0,0.1,MOM_REV
2019-01-25,2019-02-06,SILVER,3.0,0.33,TRAIL
2019-01-28,2019-02-06,GBPUSD,1.5,-2.85,TRAIL
2019-02-01,2019-02-07,PLATINUM,1.5,-5.34,TRAIL
2019-01-17,2019-02-11,CORN,1.5,-2.86,TRAIL
2019-02-05,2019-02-12,EURUSD,1.5,-2.06,TRAIL
2019-01-03,2019-02-14,SOYBEANS,3.0,1.08,TRAIL
2019-02-07,2019-02-14,SILVER,1.5,-1.67,TRAIL
2018-12-24,2019-02-21,GOLD,3.0,13.25,TRAIL
2019-02-15,2019-02-21,SILVER,2.5,1.08,TRAIL
2019-01-28,2019-02-26,SUGAR,3.0,2.11,TRAIL
2019-02-06,2019-02-26,DXY,1.5,-0.65,TRAIL
2019-02-13,2019-02-26,CORN,1.5,-4.95,TRAIL
2019-02-21,2019-02-28,SILVER,1.5,-2.4,TRAIL
2019-01-08,2019-03-01,TNOTE10,1.5,-0.39,TRAIL
2019-01-09,2019-03-01,TBOND,1.5,-1.13,TRAIL
2019-02-21,2019-03-01,GOLD,1.5,-3.07,TRAIL
2019-02-19,2019-03-04,PLATINUM,3.0,7.16,TRAIL
2019-01-17,2019-03-06,XLV,3.0,4.31,TRAIL
2019-02-27,2019-03-06,SUGAR,1.5,-8.71,STOP
2019-02-12,2019-03-07,DOW,3.0,0.56,TRAIL
2019-02-04,2019-03-08,HANGSENG,3.0,2.55,TRAIL
2019-02-20,2019-03-11,GBPUSD,3.0,-1.68,TRAIL
2019-03-04,2019-03-11,PLATINUM,1.5,-3.87,TRAIL
2019-03-01,2019-03-13,DXY,2.0,0.04,TRAIL
2019-02-01,2019-03-14,COPPER,3.0,12.27,TRAIL
2019-03-14,2019-03-20,DXY,1.5,-1.6,TRAIL
2019-02-13,2019-03-21,USDJPY,3.0,0.39,TRAIL
2019-03-01,2019-03-22,NATGAS,1.5,-5.56,TRAIL
2019-03-12,2019-03-25,HANGSENG,3.0,-4.12,TRAIL
2019-03-20,2019-03-25,XLK,1.5,-0.51,TRAIL
2019-03-13,2019-03-27,XLV,1.5,-2.11,TRAIL
2019-03-18,2019-03-27,SOYBEANS,1.5,-3.02,TRAIL
2019-03-12,2019-03-28,PLATINUM,3.0,2.6,TRAIL
2019-03-20,2019-03-29,CORN,2.5,-10.09,TRAIL
2019-03-07,2019-04-01,TNOTE10,3.0,2.91,TRAIL
2019-03-07,2019-04-03,TBOND,3.0,2.11,TRAIL
2019-03-12,2019-04-08,GBPUSD,1.5,-2.38,TRAIL
2019-04-03,2019-04-11,COPPER,1.5,-3.08,TRAIL
2019-04-09,2019-04-15,GOLD,1.5,-1.92,TRAIL
2019-04-01,2019-04-16,TNOTE10,1.5,-0.95,TRAIL
2019-04-02,2019-04-16,PLATINUM,3.0,11.32,TRAIL
2019-04-04,2019-04-16,SOYBEANS,1.5,-3.06,TRAIL
2019-04-05,2019-04-16,TBOND,1.5,-1.62,TRAIL
2019-03-18,2019-04-17,SUGAR,1.5,-5.72,TRAIL
2019-04-12,2019-04-22,COPPER,2.0,-2.68,TRAIL
2019-03-27,2019-04-24,ETH,3.0,52.85,TRAIL
2019-04-02,2019-04-24,COTTON,3.0,-5.82,TRAIL
2019-03-30,2019-04-25,BTC,3.0,80.64,TRAIL
2019-04-04,2019-04-30,FTSE,2.0,0.44,TRAIL
2019-04-16,2019-05-01,PLATINUM,3.0,-2.04,TRAIL
2019-04-24,2019-05-01,COPPER,1.5,-5.89,TRAIL
2019-03-29,2019-05-06,HANGSENG,3.0,1.64,TRAIL
2019-04-23,2019-05-06,USDJPY,1.5,-1.75,TRAIL
2019-04-01,2019-05-07,XLK,3.0,6.16,TRAIL
2019-04-08,2019-05-07,NASDAQ,3.0,0.37,TRAIL
2019-04-10,2019-05-07,SP500,3.0,-0.43,TRAIL
2019-04-11,2019-05-07,DAX,3.0,3.96,TRAIL
2019-04-12,2019-05-07,DOW,1.5,-2.54,TRAIL
2019-04-12,2019-05-08,XLF,3.0,2.43,TRAIL
2019-03-22,2019-05-09,DXY,3.0,2.23,TRAIL
2019-04-12,2019-05-09,RUSSELL2000,2.5,-2.33,TRAIL
2019-05-02,2019-05-09,CORN,1.5,-7.25,TRAIL
2019-05-08,2019-05-13,DAX,1.5,-3.73,TRAIL
2019-05-06,2019-05-15,GBPUSD,1.5,-2.78,TRAIL
2019-05-13,2019-05-16,GOLD,1.5,-1.74,TRAIL
2019-05-16,2019-05-29,DAX,1.5,-5.76,TRAIL
2019-05-16,2019-06-03,DXY,1.5,-1.07,TRAIL
2019-05-24,2019-06-03,XLV,1.5,-3.47,MOM_REV
2019-04-26,2019-06-04,BTC,2.5,115.0,TRAIL
2019-05-03,2019-06-04,ETH,2.5,109.24,TRAIL
2019-05-30,2019-06-07,SOYBEANS,1.5,-5.53,MOM_REV
2019-06-03,2019-06-10,SILVER,2.5,-1.67,TRAIL
2019-06-14,2019-06-21,SUGAR,1.5,-6.24,TRAIL
2019-06-18,2019-06-25,RUSSELL2000,1.5,-2.82,TRAIL
2019-06-11,2019-06-26,XLV,3.0,3.13,TRAIL
2019-06-12,2019-06-27,ETH,3.0,38.36,TRAIL
2019-06-14,2019-06-27,BTC,3.0,85.89,TRAIL
2019-05-16,2019-06-28,CORN,3.0,32.65,TRAIL
2019-05-28,2019-07-01,WHEAT,3.0,5.5,TRAIL
2019-06-12,2019-07-01,SILVER,3.0,7.83,TRAIL
2019-06-27,2019-07-01,BTC,1.0,-5.36,STOP
2019-06-17,2019-07-02,SOYBEANS,1.5,-6.0,TRAIL
2019-06-12,2019-07-08,EURUSD,1.5,-1.35,TRAIL
2019-06-27,2019-07-08,COFFEE,3.0,-2.27,TRAIL
2019-07-01,2019-07-08,GBPUSD,1.5,-2.0,TRAIL
2019-06-28,2019-07-09,COPPER,1.5,-4.49,TRAIL
2019-06-07,2019-07-10,DAX,3.0,8.17,TRAIL
2019-05-06,2019-07-11,TNOTE10,3.0,8.15,TRAIL
2019-05-06,2019-07-11,TBOND,3.0,11.61,TRAIL
2019-06-07,2019-07-12,FTSE,3.0,7.12,TRAIL
2019-06-26,2019-07-12,XLV,3.0,2.45,TRAIL
2019-07-01,2019-07-14,BTC,1.5,-4.64,TRAIL
2019-07-11,2019-07-15,WHEAT,1.5,-7.97,STOP
2019-06-21,2019-07-17,XLE,2.0,-3.46,TRAIL
2019-07-11,2019-07-17,CRUDE,1.5,-8.52,STOP
2019-07-01,2019-07-18,NIKKEI,1.5,-4.72,TRAIL
2019-07-02,2019-07-19,USDJPY,1.5,-1.34,TRAIL
2019-06-25,2019-07-22,RUSSELL2000,3.0,4.68,TRAIL
2019-07-08,2019-07-22,CORN,2.0,-7.41,TRAIL
2019-07-08,2019-07-23,COFFEE,3.0,-7.02,TRAIL
2019-07-10,2019-07-26,COPPER,2.0,-1.23,TRAIL
2019-07-08,2019-07-29,HANGSENG,2.5,-1.99,TRAIL
2019-07-12,2019-07-30,SOYBEANS,1.5,-4.63,TRAIL
2019-07-16,2019-07-30,DAX,1.5,-3.42,TRAIL
2019-06-07,2019-07-31,DOW,3.0,10.16,TRAIL
2019-06-10,2019-07-31,SP500,3.0,9.73,TRAIL
2019-06-10,2019-07-31,XLK,3.0,15.92,TRAIL
2019-06-10,2019-08-01,XLF,3.0,4.39,TRAIL
2019-06-12,2019-08-01,NASDAQ,3.0,12.26,TRAIL
2019-07-12,2019-08-01,PLATINUM,3.0,7.28,TRAIL
2019-07-24,2019-08-01,XLE,1.5,-5.22,TRAIL
2019-07-15,2019-08-02,FTSE,2.5,-4.14,TRAIL
2019-07-23,2019-08-02,NIKKEI,1.5,-3.7,TRAIL
2019-07-24,2019-08-02,RUSSELL2000,1.5,-4.44,TRAIL
2019-07-30,2019-08-02,USDJPY,1.5,-1.98,TRAIL
2019-07-09,2019-08-05,DXY,2.0,0.02,TRAIL
2019-08-05,2019-08-08,ETH,1.5,-8.5,STOP
2019-08-04,2019-08-13,BTC,3.0,-2.03,TRAIL
2019-08-01,2019-08-14,PLATINUM,3.0,-1.13,TRAIL
2019-08-13,2019-08-14,BTC,1.5,-11.62,STOP
2019-05-16,2019-09-06,GOLD,3.0,51.64,TRAIL
2019-07-17,2019-09-06,SILVER,3.0,39.17,TRAIL
2019-08-28,2019-09-09,PLATINUM,3.0,14.9,TRAIL
2019-07-18,2019-09-10,TNOTE10,3.0,4.52,TRAIL
2019-07-31,2019-09-10,TBOND,3.0,12.83,TRAIL
2019-08-19,2019-09-12,CRUDE,2.5,-4.98,MOM_REV
2019-09-10,2019-09-17,COFFEE,2.5,-3.81,TRAIL
2019-09-16,2019-09-17,CRUDE,1.5,-8.49,STOP
2019-09-15,2019-09-18,ETH,1.5,17.07,MOM_REV
2019-09-04,2019-09-21,BTC,1.5,-8.14,STOP
2019-09-04,2019-09-24,NASDAQ,3.0,0.63,TRAIL
2019-09-11,2019-09-24,RUSSELL2000,1.5,-4.01,TRAIL
2019-09-02,2019-09-25,DAX,3.0,7.04,TRAIL
2019-09-09,2019-09-25,PLATINUM,1.5,-3.91,TRAIL
2019-09-05,2019-09-26,XLV,2.0,-2.02,TRAIL
2019-09-06,2019-09-26,SILVER,2.5,-2.32,TRAIL
2019-09-17,2019-09-27,CRUDE,1.5,-8.67,STOP
2019-09-23,2019-09-27,GOLD,1.5,-2.42,TRAIL
2019-09-04,2019-10-01,SP500,3.0,0.25,TRAIL
2019-09-04,2019-10-01,DOW,3.0,2.48,TRAIL
2019-09-04,2019-10-01,XLF,3.0,7.25,TRAIL
2019-09-24,2019-10-01,RUSSELL2000,1.5,-3.93,TRAIL
2019-09-04,2019-10-02,XLK,3.0,-5.17,TRAIL
2019-09-04,2019-10-02,FTSE,2.5,-6.46,TRAIL
2019-09-25,2019-10-02,DAX,2.0,-5.05,TRAIL
2019-09-11,2019-10-03,NIKKEI,3.0,-3.56,TRAIL
2019-09-17,2019-10-08,COFFEE,3.0,-3.56,TRAIL
2019-09-16,2019-10-10,CORN,3.0,5.01,TRAIL
2019-08-06,2019-10-11,DXY,3.0,2.06,TRAIL
2019-10-03,2019-10-11,TNOTE10,1.5,-2.13,TRAIL
2019-10-04,2019-10-11,TBOND,1.5,-4.15,TRAIL
2019-10-01,2019-10-17,SUGAR,1.5,-7.45,TRAIL
2019-09-11,2019-10-30,WHEAT,3.0,19.95,TRAIL
2019-09-25,2019-10-30,SOYBEANS,3.0,9.02,TRAIL
2019-10-10,2019-11-04,CORN,3.0,2.37,TRAIL
2019-10-09,2019-11-05,GOLD,1.5,-2.52,TRAIL
2019-10-25,2019-11-05,SILVER,1.5,-2.9,TRAIL
2019-10-29,2019-11-05,PLATINUM,2.5,1.66,TRAIL
2019-10-21,2019-11-08,EURUSD,1.5,-1.83,TRAIL
2019-10-22,2019-11-08,GBPUSD,1.5,-2.22,TRAIL
2019-11-05,2019-11-08,PLATINUM,1.5,-6.05,TRAIL
2019-10-30,2019-11-12,NATGAS,2.5,-6.5,TRAIL
2019-10-31,2019-11-19,COFFEE,3.0,2.21,TRAIL
2019-11-01,2019-11-20,FTSE,3.0,-1.64,TRAIL
2019-10-11,2019-11-21,NIKKEI,3.0,17.06,TRAIL
2019-11-20,2019-11-22,PLATINUM,1.5,-4.48,TRAIL
2019-11-12,2019-11-26,NATGAS,1.5,-8.64,STOP
2019-10-11,2019-12-02,DAX,3.0,10.86,TRAIL
2019-10-21,2019-12-02,NASDAQ,3.0,14.88,TRAIL
2019-10-21,2019-12-02,SP500,3.0,10.69,TRAIL
2019-10-23,2019-12-02,DOW,3.0,10.61,TRAIL
2019-11-13,2019-12-02,DXY,1.5,-0.78,TRAIL
2019-11-20,2019-12-02,TBOND,1.5,-1.99,TRAIL
2019-10-11,2019-12-03,XLK,3.0,16.77,TRAIL
2019-10-21,2019-12-03,XLF,3.0,10.95,TRAIL
2019-10-29,2019-12-03,RUSSELL2000,3.0,4.86,TRAIL
2019-11-25,2019-12-03,XLE,1.5,-4.71,TRAIL
2019-11-25,2019-12-03,FTSE,1.5,-4.82,TRAIL
2019-11-26,2019-12-03,COPPER,1.5,-3.73,TRAIL
2019-11-26,2019-12-09,USDJPY,1.5,-0.5,TRAIL
2019-11-26,2019-12-12,TNOTE10,1.5,-1.45,TRAIL
2019-12-03,2019-12-12,TBOND,1.5,-3.09,TRAIL
2019-11-20,2019-12-13,COFFEE,3.0,54.01,TRAIL
2019-11-15,2019-12-18,GBPUSD,3.0,5.6,TRAIL
2019-12-13,2019-12-19,COFFEE,3.0,-5.21,TRAIL
2019-12-10,2019-12-20,PLATINUM,2.5,-2.28,TRAIL
2019-11-25,2019-12-30,NIKKEI,3.0,4.69,TRAIL
2019-12-06,2019-12-31,COPPER,3.0,9.18,TRAIL
2019-10-28,2020-01-02,SUGAR,3.0,14.11,TRAIL
2019-12-13,2020-01-06,USDJPY,1.5,-1.99,TRAIL
2019-12-19,2020-01-06,COFFEE,3.0,-11.91,TRAIL
2019-12-05,2020-01-07,XLF,3.0,7.26,TRAIL
2019-12-04,2020-01-08,CRUDE,3.0,6.06,TRAIL
2019-12-30,2020-01-09,SILVER,3.0,-0.8,TRAIL
2019-12-18,2020-01-16,SOYBEANS,3.0,-1.45,TRAIL
2019-12-12,2020-01-17,XLE,3.0,3.52,TRAIL
2020-01-02,2020-01-20,EURUSD,1.5,-1.69,TRAIL
2019-12-12,2020-01-21,COTTON,3.0,9.25,TRAIL
2019-12-13,2020-01-21,HANGSENG,3.0,3.22,TRAIL
2019-12-31,2020-01-21,COPPER,3.0,0.48,TRAIL
2020-01-20,2020-01-23,FTSE,1.5,-2.82,TRAIL
2019-10-15,2020-01-24,XLV,3.0,39.37,TRAIL
2019-12-03,2020-01-24,RUSSELL2000,3.0,11.16,TRAIL
2020-01-08,2020-01-24,XLF,1.5,-1.66,TRAIL
2019-12-02,2020-01-27,NASDAQ,3.0,20.0,TRAIL
2019-12-02,2020-01-27,SP500,3.0,12.5,TRAIL
2019-12-06,2020-01-27,XLK,3.0,26.19,TRAIL
2019-12-06,2020-01-27,DOW,3.0,5.58,TRAIL
2019-12-20,2020-01-27,DAX,3.0,-2.57,TRAIL
2020-01-06,2020-01-27,PLATINUM,3.0,7.97,TRAIL
2020-01-09,2020-01-27,NIKKEI,3.0,-5.01,TRAIL
2020-01-17,2020-01-27,USDJPY,1.5,-1.87,TRAIL
2020-01-24,2020-01-28,SILVER,1.5,-5.44,TRAIL
2019-11-01,2020-01-31,WHEAT,3.0,21.95,TRAIL
2020-01-21,2020-01-31,DXY,1.5,-0.22,TRAIL
2020-01-22,2020-01-31,COTTON,1.5,-7.65,STOP
2019-12-11,2020-02-04,GOLD,3.0,16.54,TRAIL
2020-01-30,2020-02-04,SILVER,1.5,-3.54,TRAIL
2020-01-07,2020-02-07,GBPUSD,1.5,-2.73,TRAIL
2020-01-27,2020-02-10,PLATINUM,1.5,-3.29,TRAIL
2020-01-28,2020-02-17,BTC,3.0,10.63,TRAIL
2020-02-06,2020-02-18,NIKKEI,1.5,-4.27,TRAIL
2020-02-18,2020-02-19,BTC,1.5,-7.52,STOP
2020-01-27,2020-02-21,XLK,3.0,13.66,TRAIL
2020-01-28,2020-02-21,NASDAQ,3.0,9.93,TRAIL
2020-01-28,2020-02-24,SP500,3.0,-4.61,TRAIL
2020-02-05,2020-02-24,XLV,1.5,-5.19,TRAIL
2020-02-05,2020-02-24,RUSSELL2000,1.5,-4.8,TRAIL
2020-02-05,2020-02-24,DOW,1.5,-6.81,TRAIL
2020-02-05,2020-02-24,XLF,1.5,-6.28,TRAIL
2020-02-05,2020-02-24,DAX,3.0,-9.86,TRAIL
2020-02-18,2020-02-24,WHEAT,1.5,-8.07,STOP
2020-02-18,2020-02-24,CORN,1.5,-4.21,TRAIL
2020-02-21,2020-02-24,NASDAQ,1.5,-5.57,TRAIL
2020-02-21,2020-02-24,XLK,1.5,-6.2,TRAIL
2020-02-04,2020-02-25,DXY,3.0,3.09,TRAIL
2020-02-18,2020-02-25,SILVER,2.5,0.72,TRAIL
2020-02-23,2020-02-25,BTC,1.5,-8.81,STOP
2020-01-06,2020-02-26,SUGAR,3.0,23.16,TRAIL
2020-01-28,2020-02-26,ETH,1.0,27.96,TRAIL
2020-02-05,2020-02-26,USDJPY,3.0,2.3,TRAIL
2020-02-25,2020-02-27,SILVER,1.5,-4.33,TRAIL
2020-02-07,2020-02-28,GOLD,3.0,-0.86,TRAIL
2020-02-25,2020-02-28,DXY,1.5,-1.27,TRAIL
2020-02-14,2020-03-02,GBPUSD,1.5,-2.76,TRAIL
2020-02-26,2020-03-02,USDJPY,1.5,-3.52,TRAIL
2020-02-26,2020-03-05,COFFEE,3.0,2.06,TRAIL
2020-03-02,2020-03-09,SOYBEANS,1.5,-4.55,TRAIL
2020-03-02,2020-03-12,COPPER,1.5,-6.92,TRAIL
2020-03-03,2020-03-12,CORN,1.5,-4.72,TRAIL
2020-03-03,2020-03-12,GOLD,3.0,-9.65,TRAIL
2020-01-16,2020-03-13,TNOTE10,3.0,15.42,TRAIL
2020-03-09,2020-03-13,GBPUSD,1.5,-6.06,TRAIL
2020-03-05,2020-03-16,COFFEE,2.0,-10.83,STOP
2020-01-21,2020-03-17,TBOND,3.0,31.03,TRAIL
2020-03-02,2020-03-18,EURUSD,3.0,-0.97,TRAIL
2020-03-17,2020-03-26,DXY,3.0,-0.48,TRAIL
2020-03-19,2020-03-27,COFFEE,3.0,-2.06,TRAIL
2020-03-20,2020-04-02,USDJPY,1.5,-5.44,TRAIL
2020-04-06,2020-04-10,ETH,1.5,-9.51,STOP
2020-04-08,2020-04-10,BTC,1.5,-9.58,STOP
2020-03-17,2020-04-14,TBOND,3.0,4.61,TRAIL
2020-03-23,2020-04-15,WHEAT,1.0,-3.96,TRAIL
2020-03-30,2020-04-17,EURUSD,1.5,-3.78,TRAIL
2020-04-18,2020-04-20,BTC,1.5,-7.77,STOP
2020-03-27,2020-04-21,COFFEE,2.5,-13.38,STOP
2020-04-03,2020-04-24,USDJPY,2.0,-0.62,TRAIL
2020-03-26,2020-04-30,GOLD,3.0,6.2,TRAIL
2020-03-26,2020-04-30,DXY,3.0,-1.21,TRAIL
2020-04-10,2020-05-10,ETH,3.0,57.17,TRAIL
2020-04-23,2020-05-10,BTC,3.0,53.57,TRAIL
2020-04-16,2020-05-11,TBOND,1.5,-2.4,TRAIL
2020-05-11,2020-05-20,DXY,1.5,-1.68,TRAIL
2020-05-20,2020-05-21,PLATINUM,1.5,-10.97,STOP
2020-05-10,2020-05-24,BTC,1.5,0.58,TRAIL
2020-05-07,2020-05-26,GOLD,3.0,-2.96,TRAIL
2020-05-14,2020-06-03,TBOND,1.5,-3.72,TRAIL
2020-03-13,2020-06-04,TNOTE10,3.0,5.32,TRAIL
2020-06-01,2020-06-04,PLATINUM,1.5,-5.72,MOM_REV
2020-05-15,2020-06-05,SILVER,3.0,6.99,TRAIL
2020-05-29,2020-06-05,GOLD,1.5,-5.24,TRAIL
2020-06-03,2020-06-10,USDJPY,1.5,-1.4,TRAIL
2020-04-07,2020-06-11,XLK,3.0,54.94,TRAIL
2020-04-09,2020-06-11,XLV,3.0,6.77,TRAIL
2020-04-09,2020-06-11,NASDAQ,3.0,49.27,TRAIL
2020-05-30,2020-06-11,BTC,1.5,-5.85,TRAIL
2020-06-03,2020-06-11,SP500,3.0,-11.6,TRAIL
2020-05-17,2020-06-17,ETH,1.5,18.73,MOM_REV
2020-07-02,2020-07-15,DXY,1.5,-1.91,TRAIL
2020-07-06,2020-07-17,ETH,1.0,-3.62,TRAIL
2020-07-24,2020-08-04,SOYBEANS,1.5,-3.48,TRAIL
2020-07-08,2020-08-07,COPPER,3.0,-2.56,TRAIL
2020-06-05,2020-08-11,SILVER,3.0,147.81,TRAIL
2020-06-10,2020-08-11,TNOTE10,2.0,0.54,TRAIL
2020-06-11,2020-08-11,TBOND,3.0,-1.41,TRAIL
2020-06-11,2020-08-11,GOLD,3.0,34.75,TRAIL
2020-07-27,2020-08-11,COFFEE,2.0,1.72,TRAIL
2020-08-06,2020-08-12,PLATINUM,1.5,-8.2,STOP
2020-08-13,2020-08-20,PLATINUM,1.5,-8.43,STOP
2020-07-19,2020-08-21,ETH,3.0,189.49,TRAIL
2020-07-21,2020-08-25,BTC,3.0,63.72,TRAIL
2020-08-11,2020-08-25,GOLD,3.0,-3.23,TRAIL
2020-08-24,2020-08-25,ETH,1.5,-8.87,STOP
2020-06-11,2020-09-03,NASDAQ,3.0,62.11,TRAIL
2020-06-11,2020-09-03,XLK,3.0,67.19,TRAIL
2020-07-06,2020-09-03,XLV,3.0,11.2,TRAIL
2020-07-31,2020-09-03,SP500,3.0,16.87,TRAIL
2020-08-11,2020-09-03,SILVER,3.0,8.04,TRAIL
2020-08-24,2020-09-03,DOW,3.0,-0.17,TRAIL
2020-08-25,2020-09-03,RUSSELL2000,2.0,-3.38,TRAIL
2020-08-26,2020-09-03,COTTON,1.5,-3.28,TRAIL
2020-08-30,2020-09-03,BTC,1.5,-18.78,STOP
2020-08-30,2020-09-03,ETH,1.0,-9.97,STOP
2020-09-03,2020-09-08,NASDAQ,1.5,-7.99,STOP
2020-09-03,2020-09-08,SP500,1.5,-5.35,TRAIL
2020-09-03,2020-09-08,XLK,1.5,-8.78,STOP
2020-07-31,2020-09-09,GBPUSD,3.0,-3.42,TRAIL
2020-08-03,2020-09-10,NATGAS,1.5,15.85,TRAIL
2020-08-26,2020-09-11,WHEAT,3.0,0.99,TRAIL
2020-08-11,2020-09-14,COFFEE,3.0,32.87,TRAIL
2020-09-03,2020-09-17,USDJPY,1.5,-1.62,TRAIL
2020-09-15,2020-09-17,PLATINUM,1.5,-7.77,STOP
2020-08-24,2020-09-21,DAX,3.0,-12.03,TRAIL
2020-08-31,2020-09-21,GOLD,1.5,-5.06,TRAIL
2020-09-04,2020-09-21,XLF,1.5,-7.29,TRAIL
2020-09-10,2020-09-21,COTTON,3.0,-1.03,TRAIL
2020-09-15,2020-09-21,SILVER,1.5,-16.71,STOP
2020-09-15,2020-09-21,FTSE,1.5,-7.4,TRAIL
2020-09-17,2020-09-21,ETH,1.5,-18.21,STOP
2020-06-01,2020-09-23,EURUSD,3.0,15.92,TRAIL
2020-09-03,2020-09-23,DOW,1.5,-8.11,STOP
2020-09-11,2020-09-23,WHEAT,3.0,8.57,MOM_REV
2020-08-13,2020-09-24,SOYBEANS,3.0,30.67,TRAIL
2020-08-17,2020-09-24,COPPER,3.0,7.35,TRAIL
2020-08-25,2020-09-24,NIKKEI,2.0,-1.79,TRAIL
2020-09-28,2020-10-02,NIKKEI,1.5,-3.07,TRAIL
2020-09-10,2020-10-05,TNOTE10,1.5,-0.72,TRAIL
2020-10-06,2020-10-15,FTSE,2.0,-3.95,TRAIL
2020-10-06,2020-10-16,CRUDE,1.5,0.77,MOM_REV
2020-10-07,2020-10-19,SP500,3.0,0.66,TRAIL
2020-10-05,2020-10-21,XLV,3.0,-1.35,TRAIL
2020-10-07,2020-10-22,XLK,3.0,2.06,TRAIL
2020-10-07,2020-10-26,NASDAQ,3.0,-0.15,TRAIL
2020-10-07,2020-10-26,COPPER,3.0,5.34,TRAIL
2020-10-07,2020-10-26,DOW,3.0,-6.55,TRAIL
2020-10-05,2020-10-27,RUSSELL2000,3.0,1.66,TRAIL
2020-10-07,2020-10-27,XLF,3.0,-7.6,TRAIL
2020-09-14,2020-10-28,CORN,3.0,36.92,TRAIL
2020-10-19,2020-10-28,SP500,2.0,-9.1,TRAIL
2020-10-20,2020-10-28,GOLD,1.5,-2.69,TRAIL
2020-10-22,2020-10-28,XLV,1.5,-6.83,TRAIL
2020-10-27,2020-10-28,SILVER,1.5,-7.35,TRAIL
2020-09-30,2020-10-29,WHEAT,3.0,13.37,TRAIL
2020-09-30,2020-10-30,COTTON,3.0,20.61,TRAIL
2020-10-05,2020-10-30,NIKKEI,3.0,-4.31,TRAIL
2020-10-12,2020-10-30,HANGSENG,2.0,-4.4,TRAIL
2020-10-21,2020-10-30,EURUSD,1.5,-1.92,TRAIL
2020-09-24,2020-11-02,SOYBEANS,3.0,15.22,TRAIL
2020-10-05,2020-11-05,NATGAS,2.0,25.01,TRAIL
2020-11-05,2020-11-09,GOLD,1.5,-7.1,TRAIL
2020-11-05,2020-11-09,SILVER,1.5,-8.86,STOP
2020-11-04,2020-11-25,XLV,3.0,-3.34,TRAIL
2020-09-24,2020-11-26,BTC,3.0,178.17,TRAIL
2020-10-11,2020-11-26,ETH,2.5,95.74,TRAIL
2020-09-22,2020-11-30,SUGAR,3.0,37.7,TRAIL
2020-11-25,2020-11-30,XLE,1.5,-9.94,STOP
2020-11-04,2020-12-02,SOYBEANS,3.0,20.57,TRAIL
2020-11-03,2020-12-03,COTTON,3.0,-3.5,TRAIL
2020-10-27,2020-12-08,PLATINUM,3.0,52.0,TRAIL
2020-11-30,2020-12-09,COFFEE,1.5,-7.21,TRAIL
2020-11-03,2020-12-15,HANGSENG,3.0,15.25,TRAIL
2020-11-09,2020-12-21,DAX,3.0,3.44,TRAIL
2020-12-08,2020-12-21,PLATINUM,2.0,-3.86,TRAIL
2020-12-09,2020-12-21,XLE,1.0,-4.26,TRAIL
2020-11-26,2020-12-23,ETH,3.0,37.54,TRAIL
2020-12-21,2020-12-24,NATGAS,1.0,-6.91,STOP
2020-10-26,2020-12-31,COPPER,3.0,41.33,TRAIL
2020-11-05,2021-01-06,XLK,3.0,14.0,TRAIL
2020-12-21,2021-01-06,COFFEE,3.0,-8.21,TRAIL
2020-12-21,2021-01-06,GOLD,2.5,3.69,TRAIL
2020-12-24,2021-01-08,SILVER,3.0,-14.28,TRAIL
2021-01-06,2021-01-11,COPPER,1.5,-3.53,TRAIL
2020-11-09,2021-01-12,EURUSD,3.0,6.75,TRAIL
2021-01-06,2021-01-19,NATGAS,2.5,-15.65,STOP
2020-12-02,2021-01-20,SOYBEANS,3.0,56.33,TRAIL
2020-11-26,2021-01-21,BTC,1.0,79.74,TRAIL
2020-10-28,2021-01-22,CORN,3.0,73.97,TRAIL
2020-11-03,2021-01-25,XLF,3.0,65.57,TRAIL
2020-12-23,2021-01-25,DAX,3.0,1.25,TRAIL
2021-01-06,2021-01-26,XLE,2.0,-0.59,TRAIL
2020-11-04,2021-01-27,SP500,3.0,26.78,TRAIL
2020-11-05,2021-01-27,DOW,3.0,20.21,TRAIL
2020-11-30,2021-01-27,XLV,3.0,13.86,TRAIL
2021-01-25,2021-01-27,ETH,1.5,-8.07,STOP
2020-12-31,2021-01-28,HANGSENG,3.0,14.54,TRAIL
2021-01-11,2021-01-28,SUGAR,1.5,-0.77,TRAIL
2021-01-21,2021-01-28,PLATINUM,1.5,-7.41,TRAIL
2020-11-03,2021-01-29,RUSSELL2000,3.0,85.36,TRAIL
2020-11-04,2021-01-29,NASDAQ,3.0,38.3,TRAIL
2020-11-04,2021-01-29,NIKKEI,3.0,50.24,TRAIL
2021-01-08,2021-01-29,XLK,3.0,-4.2,TRAIL
2021-01-12,2021-02-01,COPPER,2.5,-2.98,TRAIL
2021-01-29,2021-02-02,SILVER,2.0,-3.84,TRAIL
2021-02-02,2021-02-09,SILVER,2.5,9.59,MOM_REV
2021-01-19,2021-02-10,COFFEE,1.5,-7.14,TRAIL
2020-12-15,2021-02-11,WHEAT,2.5,14.07,TRAIL
2021-02-01,2021-02-22,NASDAQ,3.0,2.9,TRAIL
2021-02-01,2021-02-22,XLK,3.0,2.02,TRAIL
2021-01-27,2021-02-23,ETH,2.5,63.24,TRAIL
2021-02-01,2021-02-23,PLATINUM,3.0,26.92,TRAIL
2021-02-02,2021-02-23,BTC,2.5,93.73,TRAIL
2021-02-01,2021-02-24,HANGSENG,3.0,8.57,TRAIL
2021-02-02,2021-02-24,NIKKEI,3.0,13.85,TRAIL
2021-01-25,2021-02-25,COTTON,3.0,21.54,TRAIL
2021-01-26,2021-02-25,NATGAS,1.5,6.83,TRAIL
2021-02-02,2021-02-25,SP500,3.0,0.24,TRAIL
2021-02-01,2021-02-26,SUGAR,2.5,21.36,TRAIL
2021-02-02,2021-02-26,DAX,3.0,-1.06,TRAIL
2021-02-10,2021-02-26,COPPER,3.0,24.49,TRAIL
2021-02-11,2021-02-26,DOW,2.0,-3.17,TRAIL
2021-02-23,2021-02-26,BTC,1.0,-5.09,STOP
2021-02-23,2021-02-26,XLF,1.5,-2.73,TRAIL
2021-02-23,2021-02-26,SILVER,1.5,-6.96,TRAIL
2021-02-24,2021-02-26,NIKKEI,1.5,-3.57,TRAIL
2021-02-26,2021-03-01,SUGAR,1.5,-11.29,STOP
2021-02-22,2021-03-03,COFFEE,3.0,-5.17,TRAIL
2021-02-25,2021-03-03,PLATINUM,1.5,-6.01,TRAIL
2021-02-25,2021-03-03,COTTON,2.5,-3.8,TRAIL
2021-02-01,2021-03-04,RUSSELL2000,3.0,2.93,TRAIL
2021-02-26,2021-03-04,COPPER,2.5,-6.32,TRAIL
2021-03-01,2021-03-04,SP500,1.5,-5.13,TRAIL
2020-10-15,2021-03-05,GBPUSD,3.0,20.33,TRAIL
2021-02-24,2021-03-05,EURUSD,1.5,-2.28,TRAIL
2021-02-22,2021-03-11,WHEAT,1.5,-6.27,TRAIL
2020-12-03,2021-03-18,CRUDE,3.0,94.39,TRAIL
2021-01-20,2021-03-18,SOYBEANS,3.0,4.98,TRAIL
2021-02-09,2021-03-18,XLE,3.0,38.64,TRAIL
2021-03-03,2021-03-18,COFFEE,2.5,-9.05,TRAIL
2021-03-01,2021-03-22,NIKKEI,2.0,-3.3,TRAIL
2021-03-08,2021-03-22,ETH,1.0,-7.82,STOP
2021-03-03,2021-03-23,HANGSENG,1.5,-6.94,TRAIL
2021-03-09,2021-03-23,RUSSELL2000,3.0,-7.93,TRAIL
2021-03-11,2021-03-23,COTTON,1.5,-8.18,STOP
2021-03-03,2021-03-24,BTC,1.5,6.64,TRAIL
2021-03-12,2021-03-24,GBPUSD,1.5,-2.78,TRAIL
2021-01-22,2021-03-30,CORN,3.0,23.23,TRAIL
2021-03-19,2021-03-30,SOYBEANS,2.0,-6.99,TRAIL
2021-02-25,2021-04-09,USDJPY,3.0,9.59,TRAIL
2021-04-01,2021-04-12,PLATINUM,3.0,-8.46,TRAIL
2021-03-29,2021-04-18,BTC,3.0,-7.97,TRAIL
2021-03-31,2021-04-19,ETH,2.0,25.84,TRAIL
2021-03-01,2021-04-20,DAX,3.0,23.91,TRAIL
2021-03-02,2021-04-20,FTSE,3.0,11.16,TRAIL
2021-03-29,2021-04-20,NIKKEI,3.0,-2.9,TRAIL
2021-04-01,2021-04-20,RUSSELL2000,1.5,-4.37,TRAIL
2021-04-12,2021-04-20,USDJPY,1.5,-2.18,TRAIL
2021-04-20,2021-04-24,ETH,2.0,-10.18,STOP
2021-03-04,2021-04-28,COPPER,3.0,41.04,TRAIL
2021-03-22,2021-04-30,XLV,3.0,14.68,TRAIL
2021-04-21,2021-04-30,SILVER,1.5,-4.02,TRAIL
2021-03-26,2021-05-03,XLK,3.0,15.01,TRAIL
2021-04-19,2021-05-03,HANGSENG,1.5,-3.86,TRAIL
2021-04-19,2021-05-03,SUGAR,3.0,8.1,TRAIL
2021-04-01,2021-05-04,NASDAQ,3.0,3.41,TRAIL
2021-04-20,2021-05-04,DAX,2.5,-4.51,TRAIL
2021-04-28,2021-05-10,RUSSELL2000,1.5,-5.95,TRAIL
2021-04-20,2021-05-11,FTSE,3.0,3.85,TRAIL
2021-03-01,2021-05-12,DOW,3.0,19.52,TRAIL
2021-03-11,2021-05-12,SP500,3.0,9.42,TRAIL
2021-04-14,2021-05-12,COFFEE,3.0,31.0,TRAIL
2021-04-30,2021-05-12,XLV,3.0,0.99,TRAIL
2021-05-04,2021-05-12,PLATINUM,2.5,-1.24,TRAIL
2021-05-10,2021-05-12,BTC,1.5,-18.02,STOP
2021-05-04,2021-05-13,COTTON,3.0,-4.14,TRAIL
2021-03-31,2021-05-14,CORN,2.5,53.5,TRAIL
2021-04-14,2021-05-14,WHEAT,2.5,30.57,TRAIL
2021-03-31,2021-05-17,SOYBEANS,3.0,31.48,TRAIL
2021-04-25,2021-05-17,ETH,1.5,62.59,TRAIL
2021-05-03,2021-05-19,SUGAR,2.0,2.63,TRAIL
2021-05-12,2021-05-19,PLATINUM,2.0,-3.87,TRAIL
2021-04-20,2021-05-20,CRUDE,3.0,-1.87,TRAIL
2021-05-11,2021-05-20,NATGAS,2.5,-2.54,TRAIL
2021-05-03,2021-05-21,COPPER,3.0,-3.1,TRAIL
2021-05-17,2021-05-24,SOYBEANS,1.5,-6.12,TRAIL
2021-04-30,2021-05-25,XLE,3.0,13.48,TRAIL
2021-05-13,2021-06-01,XLV,3.0,-3.08,TRAIL
2021-05-21,2021-06-03,GOLD,3.0,-0.88,TRAIL
2021-05-27,2021-06-03,COPPER,1.5,-6.27,TRAIL
2021-05-26,2021-06-08,HANGSENG,2.0,-2.64,TRAIL
2021-02-26,2021-06-10,XLF,3.0,48.05,TRAIL
2021-04-07,2021-06-14,EURUSD,3.0,5.96,TRAIL
2021-06-04,2021-06-14,SOYBEANS,1.5,-10.56,STOP
2021-05-12,2021-06-15,COFFEE,2.5,9.35,TRAIL
2021-05-14,2021-06-16,DOW,2.0,-2.03,TRAIL
2021-04-06,2021-06-17,GBPUSD,3.0,1.65,TRAIL
2021-05-03,2021-06-17,SILVER,3.0,-12.24,TRAIL
2021-05-28,2021-06-17,SUGAR,3.0,-14.0,TRAIL
2021-06-03,2021-06-17,GOLD,3.0,-15.62,STOP
2021-06-16,2021-06-17,CORN,1.5,-8.92,STOP
2021-05-12,2021-06-18,FTSE,3.0,0.55,TRAIL
2021-05-14,2021-06-18,SP500,3.0,-0.53,TRAIL
2021-06-01,2021-06-18,RUSSELL2000,3.0,-7.45,TRAIL
2021-06-01,2021-06-18,XLE,3.0,-10.13,TRAIL
2021-05-26,2021-06-21,NIKKEI,3.0,-6.61,TRAIL
2021-06-25,2021-07-02,COFFEE,3.0,-8.97,TRAIL
2021-06-25,2021-07-02,HANGSENG,1.5,-5.01,TRAIL
2021-06-21,2021-07-07,XLE,3.0,-11.21,TRAIL
2021-06-22,2021-07-07,RUSSELL2000,3.0,-5.63,TRAIL
2021-06-25,2021-07-07,NIKKEI,1.5,-3.61,TRAIL
2021-06-28,2021-07-07,CORN,2.0,-6.81,TRAIL
2021-05-13,2021-07-09,USDJPY,3.0,0.37,TRAIL
2021-06-28,2021-07-12,SUGAR,3.0,-4.18,TRAIL
2021-07-14,2021-07-15,CORN,1.5,-26.08,STOP
2021-06-08,2021-07-16,NASDAQ,3.0,10.82,TRAIL
2021-06-22,2021-07-16,FTSE,2.0,-2.31,TRAIL
2021-05-14,2021-07-19,DAX,3.0,-5.52,TRAIL
2021-05-24,2021-07-19,CRUDE,3.0,1.68,TRAIL
2021-06-03,2021-07-19,XLK,3.0,24.29,TRAIL
2021-06-15,2021-07-19,COTTON,3.0,6.44,TRAIL
2021-06-21,2021-07-19,SP500,3.0,2.39,TRAIL
2021-06-25,2021-07-19,DOW,3.0,-4.11,TRAIL
2021-06-16,2021-07-29,DXY,3.0,2.4,TRAIL
2021-07-14,2021-07-30,COFFEE,2.5,36.91,TRAIL
2021-07-22,2021-08-03,COPPER,3.0,2.41,TRAIL
2021-07-29,2021-08-04,CRUDE,1.5,-11.15,STOP
2021-07-28,2021-08-13,GBPUSD,1.5,-0.77,TRAIL
2021-07-16,2021-08-16,SOYBEANS,1.5,-8.12,STOP
2021-05-26,2021-08-17,NATGAS,1.5,42.88,TRAIL
2021-08-03,2021-08-17,COPPER,1.5,-6.26,TRAIL
2021-08-06,2021-08-17,RUSSELL2000,1.5,-4.71,TRAIL
2021-08-09,2021-08-17,USDJPY,1.5,-1.31,TRAIL
2021-07-20,2021-08-18,SP500,3.0,5.36,TRAIL
2021-07-20,2021-08-18,XLK,3.0,3.67,TRAIL
2021-07-21,2021-08-18,NASDAQ,3.0,-2.17,TRAIL
2021-07-21,2021-08-18,DOW,3.0,1.4,TRAIL
2021-07-21,2021-08-19,XLF,3.0,7.05,TRAIL
2021-07-29,2021-08-19,FTSE,3.0,-0.83,TRAIL
2021-07-15,2021-08-20,WHEAT,3.0,18.86,TRAIL
2021-08-13,2021-08-20,CORN,1.5,-7.79,STOP
2021-08-06,2021-08-25,DXY,1.5,0.05,TRAIL
2021-08-25,2021-09-02,DXY,1.5,-0.97,TRAIL
2021-07-26,2021-09-07,ETH,3.0,160.26,TRAIL
2021-08-16,2021-09-07,TBOND,1.5,-1.5,TRAIL
2021-08-19,2021-09-07,XLF,3.0,3.04,TRAIL
2021-08-24,2021-09-07,GOLD,2.0,-1.07,TRAIL
2021-07-23,2021-09-08,DAX,3.0,-1.13,TRAIL
2021-07-30,2021-09-08,COFFEE,3.0,13.7,TRAIL
2021-07-15,2021-09-09,SUGAR,3.0,33.06,TRAIL
2021-08-23,2021-09-09,DOW,1.5,-1.94,TRAIL
2021-08-24,2021-09-09,FTSE,1.5,-2.14,TRAIL
2021-06-10,2021-09-10,XLV,3.0,19.78,TRAIL
2021-08-20,2021-09-10,SP500,3.0,1.14,TRAIL
2021-08-25,2021-09-10,RUSSELL2000,3.0,-1.57,TRAIL
2021-08-23,2021-09-13,NASDAQ,3.0,3.27,TRAIL
2021-09-08,2021-09-14,COFFEE,1.5,-3.79,TRAIL
2021-07-19,2021-09-16,COTTON,3.0,21.7,TRAIL
2021-09-07,2021-09-16,GOLD,1.5,-3.45,TRAIL
2021-08-20,2021-09-17,XLK,3.0,-0.5,TRAIL
2021-09-09,2021-09-17,TNOTE10,1.5,-0.77,TRAIL
2021-09-10,2021-09-17,COPPER,1.5,-6.83,TRAIL
2021-09-13,2021-09-20,NASDAQ,1.5,-3.89,TRAIL
2021-08-26,2021-09-21,NATGAS,2.0,29.68,TRAIL
2021-09-06,2021-09-21,NIKKEI,3.0,1.82,TRAIL
2021-09-15,2021-09-21,COFFEE,1.5,-2.93,TRAIL
2021-09-16,2021-09-21,GBPUSD,1.5,-2.02,TRAIL
2021-08-26,2021-09-22,USDJPY,1.5,-1.13,TRAIL
2021-09-09,2021-09-23,TBOND,1.5,-2.7,TRAIL
2021-09-23,2021-09-30,RUSSELL2000,1.5,-3.63,TRAIL
2021-09-24,2021-09-30,NIKKEI,1.5,-3.95,TRAIL
2021-09-23,2021-10-05,COFFEE,3.0,2.05,TRAIL
2021-09-24,2021-10-12,COTTON,3.0,29.52,TRAIL
2021-09-24,2021-10-13,WHEAT,3.0,-2.07,TRAIL
2021-09-21,2021-10-18,NATGAS,1.0,3.83,TRAIL
2021-10-01,2021-10-18,SUGAR,2.5,-8.85,TRAIL
2021-09-17,2021-10-19,DXY,3.0,1.9,TRAIL
2021-09-27,2021-10-22,COPPER,3.0,16.25,TRAIL
2021-10-01,2021-10-27,BTC,1.0,21.54,TRAIL
2021-10-07,2021-10-27,RUSSELL2000,3.0,0.32,TRAIL
2021-10-25,2021-10-29,NATGAS,1.0,-8.0,STOP
2021-10-22,2021-11-02,COPPER,1.5,-5.04,TRAIL
2021-10-14,2021-11-03,GOLD,1.5,-2.76,TRAIL
2021-09-02,2021-11-04,CRUDE,3.0,37.81,TRAIL
2021-10-05,2021-11-08,COFFEE,3.0,12.12,TRAIL
2021-11-04,2021-11-08,NATGAS,1.5,-7.58,STOP
2021-09-27,2021-11-10,USDJPY,3.0,5.82,TRAIL
2021-10-19,2021-11-10,NASDAQ,3.0,9.79,TRAIL
2021-10-14,2021-11-11,DOW,3.0,8.67,TRAIL
2021-10-27,2021-11-15,TBOND,2.5,-1.12,TRAIL
2021-10-01,2021-11-16,ETH,2.5,68.7,TRAIL
2021-11-02,2021-11-16,BTC,2.5,-12.12,TRAIL
2021-09-27,2021-11-17,XLF,3.0,7.05,TRAIL
2021-10-29,2021-11-17,RUSSELL2000,3.0,10.42,TRAIL
2021-09-16,2021-11-18,XLE,3.0,47.64,TRAIL
2021-10-08,2021-11-18,FTSE,3.0,6.78,TRAIL
2021-11-15,2021-11-19,DOW,1.5,-2.02,TRAIL
2021-10-26,2021-11-22,XLV,3.0,-0.25,TRAIL
2021-11-09,2021-11-22,GOLD,3.0,-3.97,TRAIL
2021-10-19,2021-11-23,DAX,3.0,8.14,TRAIL
2021-10-18,2021-11-26,SP500,3.0,7.23,TRAIL
2021-10-18,2021-11-26,XLK,3.0,16.71,TRAIL
2021-10-27,2021-11-26,SUGAR,3.0,-5.33,TRAIL
2021-11-04,2021-11-26,NIKKEI,1.5,-5.25,TRAIL
2021-11-10,2021-11-26,NASDAQ,3.0,-2.52,TRAIL
2021-11-17,2021-11-26,RUSSELL2000,1.5,-8.27,STOP
2021-11-25,2021-11-26,FTSE,1.5,-5.47,TRAIL
2021-10-15,2021-11-29,WHEAT,3.0,30.04,TRAIL
2021-10-12,2021-11-30,COTTON,3.0,14.86,TRAIL
2021-11-11,2021-12-01,USDJPY,3.0,-1.6,TRAIL
2021-11-09,2021-12-10,COFFEE,3.0,39.05,TRAIL
2021-12-07,2021-12-10,ETH,1.0,-9.42,STOP
2021-11-29,2021-12-20,XLK,3.0,-7.51,TRAIL
2021-12-10,2021-12-20,SUGAR,1.5,-8.52,STOP
2021-11-18,2021-12-21,TBOND,3.0,1.86,TRAIL
2021-12-25,2021-12-28,BTC,1.5,-8.45,STOP
2021-12-23,2021-12-29,SOYBEANS,2.5,4.6,MOM_REV
2021-11-10,2021-12-31,DXY,3.0,2.59,TRAIL
2021-12-08,2022-01-04,XLV,3.0,9.71,TRAIL
2021-12-22,2022-01-05,XLK,3.0,-6.38,TRAIL
2021-12-27,2022-01-05,NASDAQ,1.5,-7.29,TRAIL
2021-12-23,2022-01-06,GOLD,1.5,-1.86,TRAIL
2021-12-28,2022-01-06,NIKKEI,1.5,-3.0,TRAIL
2021-12-10,2022-01-07,SP500,3.0,-2.23,TRAIL
2022-01-04,2022-01-07,XLV,1.5,-3.54,TRAIL
2022-01-04,2022-01-07,RUSSELL2000,1.5,-5.89,TRAIL
2021-12-22,2022-01-10,DOW,3.0,2.64,TRAIL
2021-12-28,2022-01-10,DAX,2.5,-3.06,TRAIL
2022-01-03,2022-01-12,DXY,1.5,-1.93,TRAIL
2021-12-28,2022-01-13,USDJPY,2.5,-0.25,TRAIL
2021-12-27,2022-01-18,COPPER,2.5,-4.98,TRAIL
2021-12-28,2022-01-18,XLF,3.0,5.2,TRAIL
2022-01-10,2022-01-18,DOW,1.5,-2.91,TRAIL
2022-01-11,2022-01-18,SP500,1.5,-4.33,TRAIL
2022-01-05,2022-01-19,NATGAS,1.5,5.76,TRAIL
2022-01-12,2022-01-19,NIKKEI,1.5,-6.77,TRAIL
2022-01-19,2022-01-20,NATGAS,1.5,-8.52,STOP
2022-01-18,2022-01-21,XLF,1.5,-6.46,TRAIL
2021-12-07,2022-01-24,FTSE,3.0,-1.75,TRAIL
2022-01-11,2022-01-24,DAX,1.5,-8.76,STOP
2022-01-13,2022-01-25,GBPUSD,1.5,-2.41,TRAIL
2022-01-13,2022-01-27,GOLD,3.0,-4.6,TRAIL
2022-01-19,2022-01-28,COPPER,1.5,-5.36,TRAIL
2022-01-25,2022-01-28,NATGAS,1.5,21.69,TRAIL
2022-01-19,2022-01-31,WHEAT,1.5,-6.64,TRAIL
2022-01-20,2022-02-02,SUGAR,1.5,-7.92,STOP
2022-01-26,2022-02-02,DXY,1.5,-0.86,TRAIL
2022-01-28,2022-02-07,NATGAS,2.0,-17.55,STOP
2021-12-30,2022-02-16,COTTON,3.0,19.86,TRAIL
2022-02-02,2022-02-17,XLF,3.0,-4.82,TRAIL
2022-02-02,2022-02-18,COPPER,3.0,1.9,TRAIL
2022-02-16,2022-02-18,NATGAS,1.5,-9.09,STOP
2022-01-27,2022-02-21,FTSE,3.0,-2.78,TRAIL
2022-01-28,2022-02-22,USDJPY,1.5,-0.97,TRAIL
2022-01-11,2022-02-24,COFFEE,3.0,2.91,TRAIL
2022-02-02,2022-02-24,PLATINUM,3.0,5.21,TRAIL
2022-02-08,2022-02-25,WHEAT,3.0,24.75,TRAIL
2022-03-01,2022-03-04,COTTON,1.5,-7.3,TRAIL
2022-03-01,2022-03-07,COPPER,2.0,5.91,TRAIL
2022-02-23,2022-03-09,NATGAS,2.5,-5.25,MOM_REV
2022-02-25,2022-03-09,WHEAT,2.5,105.72,TRAIL
2022-02-24,2022-03-10,PLATINUM,3.0,9.62,TRAIL
2022-03-09,2022-03-10,WHEAT,1.5,-15.73,STOP
2021-12-28,2022-03-14,CRUDE,1.5,53.36,TRAIL
2022-02-10,2022-03-14,SILVER,3.0,22.0,TRAIL
2022-02-07,2022-03-15,GOLD,3.0,17.78,TRAIL
2022-03-10,2022-03-15,PLATINUM,1.5,-12.69,STOP
2022-03-14,2022-03-15,CRUDE,1.5,-9.57,STOP
2021-12-28,2022-03-16,XLE,2.5,68.81,TRAIL
2022-01-20,2022-03-29,SOYBEANS,3.0,45.71,TRAIL
2022-03-10,2022-03-29,WHEAT,2.5,-13.85,STOP
2022-03-14,2022-03-29,SILVER,3.0,-6.27,TRAIL
2022-03-17,2022-03-29,GOLD,2.0,-3.1,TRAIL
2022-03-22,2022-03-29,NATGAS,2.5,7.18,MOM_REV
2022-02-11,2022-03-30,DXY,3.0,5.34,TRAIL
2022-03-17,2022-04-01,CRUDE,1.0,-3.6,TRAIL
2022-03-22,2022-04-04,XLF,1.5,-5.29,TRAIL
2022-03-21,2022-04-06,SP500,3.0,1.34,TRAIL
2022-03-21,2022-04-06,XLK,3.0,-0.31,TRAIL
2022-03-29,2022-04-06,NASDAQ,1.5,-7.5,TRAIL
2022-03-07,2022-04-11,COPPER,2.5,-4.95,TRAIL
2022-03-21,2022-04-11,DOW,3.0,-2.13,TRAIL
2022-03-15,2022-04-12,XLV,3.0,15.0,TRAIL
2022-04-01,2022-04-18,COFFEE,2.5,-5.36,TRAIL
2022-03-11,2022-04-20,SUGAR,3.0,5.93,TRAIL
2022-04-12,2022-04-20,SILVER,2.0,-3.54,TRAIL
2022-04-18,2022-04-20,COPPER,1.5,-4.58,TRAIL
2022-03-17,2022-04-22,XLE,3.0,12.08,TRAIL
2022-03-25,2022-04-22,FTSE,3.0,1.54,TRAIL
2022-03-30,2022-04-22,NATGAS,1.5,24.86,TRAIL
2022-04-06,2022-04-22,SP500,1.5,-7.01,TRAIL
2022-04-12,2022-04-22,XLV,2.0,-7.16,TRAIL
2022-04-12,2022-04-22,GOLD,1.5,-3.13,TRAIL
2022-04-14,2022-04-25,CRUDE,1.0,-7.86,STOP
2022-04-21,2022-04-25,SUGAR,1.5,-6.95,TRAIL
2022-04-21,2022-04-27,COFFEE,1.5,-8.02,STOP
2022-04-12,2022-04-29,WHEAT,1.5,-8.15,STOP
2022-04-13,2022-05-02,SOYBEANS,3.0,-0.36,TRAIL
2022-03-18,2022-05-06,COTTON,3.0,47.32,TRAIL
2022-04-22,2022-05-09,NATGAS,2.5,18.82,TRAIL
2022-05-03,2022-05-09,XLE,2.0,-6.19,TRAIL
2022-04-28,2022-05-10,CRUDE,2.5,-13.29,STOP
2022-01-19,2022-05-18,CORN,3.0,84.03,TRAIL
2022-02-25,2022-05-19,USDJPY,3.0,32.04,TRAIL
2022-04-01,2022-05-19,DXY,3.0,12.44,TRAIL
2022-05-16,2022-05-19,COFFEE,1.5,-4.72,MOM_REV
2022-05-05,2022-05-20,WHEAT,2.5,16.59,TRAIL
2022-05-06,2022-05-26,COTTON,1.0,-4.26,TRAIL
2022-05-20,2022-05-31,WHEAT,2.0,-13.9,STOP
2022-06-01,2022-06-07,COFFEE,1.5,-4.57,MOM_REV
2022-05-27,2022-06-09,XLV,1.5,-7.25,TRAIL
2022-05-31,2022-06-09,PLATINUM,3.0,2.29,TRAIL
2022-06-01,2022-06-09,COPPER,3.0,4.09,TRAIL
2022-05-25,2022-06-10,FTSE,3.0,-8.19,TRAIL
2022-05-13,2022-06-13,XLE,3.0,12.26,TRAIL
2022-05-27,2022-06-13,SUGAR,1.5,-6.88,TRAIL
2022-06-08,2022-06-13,NIKKEI,1.5,-6.62,TRAIL
2022-06-09,2022-06-13,PLATINUM,1.5,-6.7,TRAIL
2022-05-10,2022-06-14,NATGAS,2.0,-5.31,TRAIL
2022-06-09,2022-06-14,GOLD,1.5,-3.19,TRAIL
2022-06-10,2022-06-16,DXY,2.0,-1.0,TRAIL
2022-05-11,2022-06-17,CRUDE,3.0,10.93,TRAIL
2022-05-13,2022-06-21,SOYBEANS,2.5,-6.13,TRAIL
2022-06-09,2022-06-23,COTTON,1.5,-10.43,STOP
2022-06-16,2022-06-23,SILVER,1.5,-5.73,TRAIL
2022-06-22,2022-06-24,COFFEE,1.5,-7.54,STOP
2022-06-17,2022-06-27,CORN,1.5,-7.7,STOP
2022-06-16,2022-07-01,GOLD,1.5,-3.8,TRAIL
2022-06-29,2022-07-11,COFFEE,1.5,-10.15,STOP
2022-07-08,2022-07-12,CORN,1.5,-8.77,STOP
2022-07-08,2022-07-21,SUGAR,2.5,-8.81,TRAIL
2022-06-16,2022-07-25,DXY,3.0,8.25,TRAIL
2022-06-02,2022-07-28,USDJPY,3.0,13.81,TRAIL
2022-07-18,2022-08-02,NATGAS,1.5,4.55,TRAIL
2022-07-20,2022-08-04,XLE,2.5,-4.66,TRAIL
2022-07-26,2022-08-11,DXY,1.5,-2.94,TRAIL
2022-08-04,2022-08-15,SOYBEANS,3.0,-22.48,STOP
2022-08-11,2022-08-17,WHEAT,1.5,-8.79,STOP
2022-07-25,2022-08-22,XLV,3.0,1.54,TRAIL
2022-07-26,2022-08-23,NIKKEI,3.0,8.65,TRAIL
2022-08-25,2022-08-26,DOW,1.5,-4.54,TRAIL
2022-08-23,2022-08-29,NIKKEI,1.5,-3.02,TRAIL
2022-07-26,2022-08-30,FTSE,3.0,2.27,TRAIL
2022-08-26,2022-08-30,CORN,2.0,3.29,MOM_REV
2022-08-05,2022-09-01,XLE,3.0,22.33,TRAIL
2022-08-26,2022-09-02,SUGAR,1.5,-2.6,MOM_REV
2022-08-02,2022-09-06,NATGAS,2.0,11.39,TRAIL
2022-08-25,2022-09-07,COFFEE,1.5,-10.17,STOP
2022-09-09,2022-09-14,COFFEE,1.5,-9.01,STOP
2022-09-14,2022-09-15,NATGAS,1.5,-13.0,STOP
2022-09-12,2022-09-16,FTSE,1.5,-4.74,TRAIL
2022-09-02,2022-09-21,XLE,2.0,-7.91,TRAIL
2022-08-18,2022-10-04,DXY,3.0,7.23,TRAIL
2022-10-05,2022-10-26,DXY,3.0,-3.7,TRAIL
2022-08-23,2022-10-27,USDJPY,3.0,18.73,TRAIL
2022-10-21,2022-10-31,PLATINUM,2.5,-3.98,TRAIL
2022-10-28,2022-11-02,XLF,1.5,-2.41,MOM_REV
2022-11-03,2022-11-07,DXY,1.5,-3.73,TRAIL
2022-10-22,2022-11-08,ETH,3.0,4.23,TRAIL
2022-10-26,2022-11-08,BTC,2.5,-26.83,STOP
2022-10-31,2022-11-11,USDJPY,1.5,-6.17,TRAIL
2022-10-31,2022-11-17,PLATINUM,3.0,19.61,TRAIL
2022-11-08,2022-11-21,SILVER,1.0,-2.92,TRAIL
2022-11-08,2022-11-25,SUGAR,3.0,5.21,TRAIL
2022-11-10,2022-11-28,XLK,3.0,-0.37,MOM_REV
2022-10-25,2022-12-02,NIKKEI,3.0,5.81,TRAIL
2022-11-17,2022-12-02,PLATINUM,3.0,11.63,TRAIL
2022-10-04,2022-12-05,XLE,3.0,31.26,TRAIL
2022-11-07,2022-12-05,XLF,3.0,6.92,TRAIL
2022-11-07,2022-12-06,RUSSELL2000,3.0,0.46,TRAIL
2022-11-07,2022-12-06,DOW,3.0,7.03,TRAIL
2022-11-10,2022-12-06,SP500,3.0,-1.15,TRAIL
2022-12-02,2022-12-06,PLATINUM,1.5,-4.5,TRAIL
2022-11-10,2022-12-08,DAX,3.0,2.51,TRAIL
2022-11-07,2022-12-12,FTSE,3.0,6.0,TRAIL
2022-12-13,2022-12-15,DAX,1.5,-5.29,TRAIL
2022-10-26,2022-12-16,XLV,3.0,9.43,TRAIL
2022-12-08,2022-12-16,PLATINUM,2.5,-3.55,TRAIL
2022-12-12,2022-12-16,SP500,1.5,-5.19,TRAIL
2022-12-12,2022-12-16,XLK,1.5,-7.05,TRAIL
2022-12-12,2022-12-16,DOW,1.5,-4.78,TRAIL
2022-12-13,2022-12-16,FTSE,1.5,-3.41,TRAIL
2022-12-14,2022-12-16,NIKKEI,1.5,-3.35,TRAIL
2022-12-08,2022-12-22,GBPUSD,2.5,-2.76,TRAIL
2022-11-29,2023-01-03,SUGAR,3.0,2.61,TRAIL
2022-12-06,2023-01-04,EURUSD,3.0,1.43,TRAIL
2022-12-23,2023-01-17,PLATINUM,3.0,-1.47,TRAIL
2023-01-06,2023-01-18,DOW,3.0,-2.98,TRAIL
2023-01-06,2023-01-19,XLF,3.0,-4.92,TRAIL
2023-01-13,2023-01-23,SOYBEANS,1.5,-4.68,TRAIL
2022-12-21,2023-01-25,FTSE,3.0,9.91,TRAIL
2023-01-25,2023-01-30,XLK,1.5,0.11,MOM_REV
2023-01-10,2023-01-31,HANGSENG,3.0,7.18,TRAIL
2022-12-21,2023-02-01,COPPER,3.0,24.04,TRAIL
2023-01-06,2023-02-01,XLE,3.0,2.06,TRAIL
2022-12-01,2023-02-03,SILVER,3.0,-4.02,TRAIL
2022-12-13,2023-02-03,GOLD,3.0,8.1,TRAIL
2023-01-09,2023-02-06,EURUSD,3.0,3.79,TRAIL
2023-01-16,2023-02-06,GBPUSD,3.0,-4.46,TRAIL
2023-01-27,2023-02-06,SUGAR,3.0,-4.29,TRAIL
2023-01-10,2023-02-09,RUSSELL2000,3.0,15.26,TRAIL
2023-01-17,2023-02-09,BTC,3.0,9.32,TRAIL
2023-01-19,2023-02-09,ETH,3.0,-1.18,TRAIL
2023-01-31,2023-02-13,HANGSENG,1.5,-4.66,TRAIL
2023-02-10,2023-02-17,XLE,1.5,-9.51,STOP
2023-01-11,2023-02-21,SP500,3.0,2.1,TRAIL
2023-01-19,2023-02-21,XLF,3.0,7.24,TRAIL
2023-01-23,2023-02-21,NIKKEI,3.0,6.32,MOM_REV
2023-01-23,2023-02-21,DOW,3.0,-4.46,TRAIL
2023-01-13,2023-02-23,CORN,3.0,-6.56,TRAIL
2023-02-16,2023-02-23,WHEAT,1.5,-5.25,MOM_REV
2023-01-25,2023-02-24,FTSE,3.0,5.18,TRAIL
2023-02-16,2023-02-28,SOYBEANS,2.0,-4.72,TRAIL
2023-02-06,2023-03-01,SUGAR,3.0,-1.31,TRAIL
2023-02-15,2023-03-03,BTC,1.0,-8.0,STOP
2023-02-15,2023-03-03,ETH,1.0,-6.25,STOP
2023-02-27,2023-03-10,FTSE,1.5,-3.53,TRAIL
2023-03-06,2023-03-10,XLE,1.5,-8.02,STOP
2023-01-04,2023-03-13,DAX,3.0,9.7,TRAIL
2023-03-03,2023-03-13,SOYBEANS,1.5,-2.99,TRAIL
2023-03-06,2023-03-13,NIKKEI,2.0,-2.87,TRAIL
2023-03-06,2023-03-15,COPPER,1.5,-8.93,STOP
2023-03-13,2023-03-16,NIKKEI,1.5,-4.43,TRAIL
2023-03-13,2023-03-27,PLATINUM,1.5,-4.08,TRAIL
2023-03-24,2023-04-04,COPPER,1.5,-4.32,TRAIL
2023-03-29,2023-04-06,NIKKEI,2.5,-3.69,TRAIL
2023-03-23,2023-04-14,TBOND,3.0,-2.42,TRAIL
2023-03-17,2023-04-17,TNOTE10,2.5,-1.66,TRAIL
2023-03-14,2023-04-19,BTC,3.0,49.42,TRAIL
2023-03-14,2023-04-19,ETH,3.0,41.01,TRAIL
2023-03-13,2023-04-21,GOLD,3.0,10.64,TRAIL
2023-03-29,2023-04-21,HANGSENG,3.0,-1.73,TRAIL
2023-04-12,2023-04-24,SOYBEANS,1.5,-3.89,TRAIL
2023-04-17,2023-04-24,COPPER,1.5,-4.17,TRAIL
2023-03-03,2023-04-25,XLK,3.0,8.88,TRAIL
2023-03-17,2023-04-25,SILVER,3.0,33.9,TRAIL
2023-03-21,2023-04-25,NASDAQ,3.0,-1.54,TRAIL
2023-03-27,2023-04-25,SP500,3.0,7.1,TRAIL
2023-03-27,2023-04-25,PLATINUM,3.0,35.1,TRAIL
2023-03-29,2023-04-25,DOW,3.0,7.46,TRAIL
2023-04-11,2023-04-25,RUSSELL2000,1.5,-3.41,TRAIL
2023-04-19,2023-04-25,XLF,1.5,-3.9,TRAIL
2023-03-29,2023-04-26,XLV,3.0,10.15,TRAIL
2023-04-03,2023-04-26,XLE,1.5,-5.28,TRAIL
2023-04-19,2023-04-27,COFFEE,1.5,-7.74,STOP
2023-03-30,2023-05-02,SUGAR,2.5,36.2,TRAIL
2023-04-21,2023-05-02,FTSE,1.5,-2.67,TRAIL
2023-04-25,2023-05-03,XLF,2.5,-4.68,TRAIL
2023-04-25,2023-05-03,PLATINUM,1.5,-4.05,TRAIL
2023-04-27,2023-05-03,DOW,1.5,-1.83,TRAIL
2023-04-27,2023-05-04,SP500,1.5,-2.69,TRAIL
2023-04-27,2023-05-08,BTC,1.5,-9.06,STOP
2023-05-05,2023-05-09,COTTON,1.5,-2.08,MOM_REV
2023-04-25,2023-05-11,SILVER,3.0,-7.5,TRAIL
2023-05-08,2023-05-12,PLATINUM,2.0,-3.43,TRAIL
2023-03-14,2023-05-15,EURUSD,3.0,3.57,TRAIL
2023-04-28,2023-05-16,XLV,1.5,-3.0,TRAIL
2023-05-02,2023-05-16,GOLD,2.0,-2.57,TRAIL
2023-04-25,2023-05-17,TBOND,1.5,-4.07,TRAIL
2023-04-26,2023-05-17,TNOTE10,1.5,-1.26,TRAIL
2023-03-14,2023-05-19,GBPUSD,3.0,5.94,TRAIL
2023-03-30,2023-05-24,DAX,3.0,6.18,TRAIL
2023-05-02,2023-05-24,SUGAR,3.0,4.18,TRAIL
2023-05-05,2023-05-24,SP500,3.0,-1.52,TRAIL
2023-05-17,2023-05-24,COTTON,1.5,-9.01,STOP
2023-04-27,2023-05-25,COFFEE,1.5,-7.34,TRAIL
2023-05-28,2023-06-05,ETH,1.5,-7.78,STOP
2023-05-29,2023-06-05,BTC,1.5,-10.74,STOP
2023-06-06,2023-06-10,BTC,1.5,-7.64,STOP
2023-06-06,2023-06-10,ETH,1.5,-10.52,STOP
2023-06-08,2023-06-13,COFFEE,1.5,-9.31,STOP
2023-05-30,2023-06-14,COTTON,3.0,-7.86,TRAIL
2023-06-15,2023-06-20,SILVER,1.5,-4.38,TRAIL
2023-05-26,2023-06-21,DAX,3.0,0.73,TRAIL
2023-06-16,2023-06-21,HANGSENG,1.5,-6.15,TRAIL
2023-06-16,2023-06-22,SUGAR,1.5,-8.51,STOP
2023-04-27,2023-06-23,XLK,3.0,39.8,TRAIL
2023-06-07,2023-06-23,RUSSELL2000,1.5,-5.31,TRAIL
2023-06-08,2023-06-23,DOW,3.0,-0.94,TRAIL
2023-06-14,2023-06-23,COPPER,2.0,-3.1,TRAIL
2023-06-16,2023-06-23,CORN,2.5,-3.71,TRAIL
2023-04-27,2023-06-26,NASDAQ,3.0,29.49,TRAIL
2023-05-25,2023-06-26,SP500,3.0,12.83,TRAIL
2023-04-14,2023-06-27,NIKKEI,3.0,42.59,TRAIL
2023-06-23,2023-06-29,COPPER,1.5,-5.06,TRAIL
2023-06-28,2023-07-05,TNOTE10,1.5,-2.5,TRAIL
2023-06-28,2023-07-05,TBOND,1.5,-3.51,TRAIL
2023-06-27,2023-07-06,RUSSELL2000,3.0,-1.25,TRAIL
2023-06-30,2023-07-06,DAX,1.5,-5.75,TRAIL
2023-06-23,2023-07-07,DOW,3.0,0.07,TRAIL
2023-06-28,2023-07-07,NIKKEI,2.0,-4.85,TRAIL
2023-05-25,2023-07-10,USDJPY,3.0,6.3,TRAIL
2023-07-07,2023-07-17,CRUDE,3.0,1.18,MOM_REV
2023-06-20,2023-07-18,BTC,3.0,16.19,TRAIL
2023-06-21,2023-07-19,ETH,2.5,-0.26,TRAIL
2023-06-12,2023-07-21,GBPUSD,3.0,6.95,TRAIL
2023-07-13,2023-07-24,SILVER,2.5,-3.35,TRAIL
2023-06-16,2023-07-26,EURUSD,3.0,2.86,TRAIL
2023-07-13,2023-07-27,GOLD,1.5,-1.06,TRAIL
2023-07-24,2023-07-27,WHEAT,1.0,-5.91,STOP
2023-06-20,2023-07-28,SOYBEANS,3.0,1.93,TRAIL
2023-07-17,2023-07-28,COTTON,3.0,5.64,TRAIL
2023-07-28,2023-08-01,GOLD,1.5,-1.51,TRAIL
2023-06-23,2023-08-02,XLK,3.0,9.93,TRAIL
2023-06-26,2023-08-02,SP500,3.0,12.79,TRAIL
2023-07-20,2023-08-02,DAX,3.0,-3.41,TRAIL
2023-07-24,2023-08-02,SILVER,2.0,-5.58,TRAIL
2023-06-27,2023-08-03,NASDAQ,3.0,8.94,TRAIL
2023-07-20,2023-08-03,XLV,1.5,-2.24,TRAIL
2023-07-27,2023-08-03,NIKKEI,2.0,-4.45,TRAIL
2023-07-10,2023-08-08,RUSSELL2000,3.0,8.26,TRAIL
2023-07-25,2023-08-08,SUGAR,1.5,-7.53,STOP
2023-06-30,2023-08-09,XLF,3.0,9.88,MOM_REV
2023-07-21,2023-08-11,GBPUSD,1.5,-2.36,TRAIL
2023-07-11,2023-08-15,DOW,3.0,6.0,TRAIL
2023-07-26,2023-08-16,EURUSD,1.5,-1.99,TRAIL
2023-07-31,2023-08-16,CRUDE,3.0,-8.88,TRAIL
2023-08-01,2023-08-16,COTTON,2.0,-3.57,TRAIL
2023-08-07,2023-08-16,NATGAS,1.0,-4.88,TRAIL
2023-08-07,2023-08-17,XLV,3.0,-1.01,TRAIL
2023-08-31,2023-09-01,NATGAS,1.5,-0.16,MOM_REV
2023-08-25,2023-09-05,PLATINUM,3.0,-4.42,TRAIL
2023-08-29,2023-09-05,XLV,1.5,-3.04,TRAIL
2023-08-30,2023-09-05,SILVER,1.5,-7.13,TRAIL
2023-08-25,2023-09-06,COTTON,2.0,-3.45,TRAIL
2023-08-30,2023-09-06,GOLD,1.5,-2.02,TRAIL
2023-09-01,2023-09-11,NIKKEI,2.0,-1.48,TRAIL
2023-08-31,2023-09-12,XLK,1.5,-4.37,TRAIL
2023-08-31,2023-09-19,NASDAQ,1.5,-3.81,TRAIL
2023-09-01,2023-09-19,SP500,1.5,-2.39,TRAIL
2023-09-14,2023-09-20,XLK,1.5,-4.58,TRAIL
2023-08-03,2023-09-21,XLE,3.0,10.43,TRAIL
2023-09-08,2023-09-21,GOLD,2.0,0.08,TRAIL
2023-09-12,2023-09-21,NIKKEI,2.5,-1.57,TRAIL
2023-09-14,2023-09-21,XLF,1.5,-4.02,TRAIL
2023-09-14,2023-09-22,DAX,1.5,-2.35,TRAIL
2023-09-18,2023-09-22,DOW,1.5,-2.86,TRAIL
2023-09-14,2023-10-02,FTSE,1.5,-3.17,TRAIL
2023-09-25,2023-10-02,XLE,2.0,-4.07,TRAIL
2023-08-11,2023-10-03,SUGAR,3.0,16.52,TRAIL
2023-08-18,2023-10-04,CRUDE,3.0,10.97,TRAIL
2023-09-14,2023-10-05,COTTON,3.0,-0.76,TRAIL
2023-10-06,2023-10-17,COTTON,1.5,-6.25,TRAIL
2023-09-14,2023-10-18,NATGAS,2.0,25.7,TRAIL
2023-10-12,2023-10-19,NIKKEI,1.5,-4.91,TRAIL
2023-10-11,2023-10-20,XLK,1.5,-6.13,TRAIL
2023-10-18,2023-10-20,NATGAS,1.5,-7.71,STOP
2023-08-16,2023-10-23,DXY,3.0,6.15,TRAIL
2023-10-18,2023-10-24,XLE,1.5,-7.19,TRAIL
2023-10-23,2023-10-25,ETH,1.5,1.87,MOM_REV
2023-10-25,2023-11-03,DXY,1.5,-2.13,TRAIL
2023-11-01,2023-11-03,ETH,1.5,-1.16,MOM_REV
2023-10-20,2023-11-07,GOLD,1.5,-1.19,TRAIL
2023-10-26,2023-11-07,NATGAS,2.5,-5.76,TRAIL
2023-11-03,2023-11-09,RUSSELL2000,1.5,-6.26,TRAIL
2023-11-09,2023-11-14,ETH,1.5,-10.01,STOP
2023-11-15,2023-11-17,NATGAS,1.5,-10.82,STOP
2023-08-08,2023-11-21,USDJPY,3.0,12.29,TRAIL
2023-11-14,2023-11-24,SOYBEANS,1.5,-4.16,TRAIL
2023-10-06,2023-11-29,SUGAR,3.0,1.35,TRAIL
2023-11-16,2023-12-04,GOLD,3.0,6.08,TRAIL
2023-11-02,2023-12-05,NIKKEI,3.0,7.76,TRAIL
2023-11-14,2023-12-05,COPPER,3.0,7.33,TRAIL
2023-11-15,2023-12-05,EURUSD,2.0,-0.75,TRAIL
2023-11-16,2023-12-05,SILVER,3.0,3.88,TRAIL
2023-11-29,2023-12-06,SOYBEANS,1.5,-5.73,TRAIL
2023-11-28,2023-12-07,XLE,1.5,-5.85,TRAIL
2023-11-27,2023-12-08,COFFEE,3.0,9.1,TRAIL
2023-12-05,2023-12-08,SILVER,1.5,-7.62,STOP
2023-12-06,2023-12-08,NIKKEI,1.5,-5.1,TRAIL
2023-09-28,2023-12-11,BTC,3.0,157.9,TRAIL
2023-11-21,2023-12-20,XLV,3.0,8.12,TRAIL
2023-12-11,2023-12-20,COFFEE,3.0,-5.26,TRAIL
2023-11-01,2024-01-02,XLK,3.0,37.1,TRAIL
2023-11-02,2024-01-02,NASDAQ,3.0,33.21,TRAIL
2023-11-02,2024-01-03,SP500,3.0,26.89,TRAIL
2023-11-14,2024-01-03,RUSSELL2000,3.0,26.84,TRAIL
2023-12-04,2024-01-03,GOLD,3.0,1.5,TRAIL
2023-12-14,2024-01-03,SILVER,2.5,-11.93,TRAIL
2023-12-15,2024-01-03,EURUSD,2.0,-0.94,TRAIL
2023-12-19,2024-01-03,PLATINUM,3.0,3.55,TRAIL
2023-12-05,2024-01-04,COPPER,3.0,4.65,TRAIL
2024-01-03,2024-01-08,PLATINUM,1.5,-4.26,TRAIL
2023-12-18,2024-01-09,XLE,3.0,-6.49,TRAIL
2023-11-24,2024-01-11,FTSE,3.0,3.54,TRAIL
2023-12-11,2024-01-14,BTC,2.0,2.68,TRAIL
2024-01-03,2024-01-16,TBOND,1.5,-3.7,TRAIL
2024-01-08,2024-01-16,RUSSELL2000,1.5,-4.65,TRAIL
2023-11-17,2024-01-17,DAX,3.0,9.66,TRAIL
2024-01-04,2024-01-17,GOLD,1.5,-2.92,TRAIL
2024-01-04,2024-01-18,NATGAS,2.0,-8.79,TRAIL
2024-01-02,2024-01-19,TNOTE10,1.5,-1.57,TRAIL
2023-11-14,2024-01-22,ETH,2.0,33.53,TRAIL
2023-12-13,2024-01-24,COTTON,3.0,15.59,MOM_REV
2024-01-02,2024-01-31,NASDAQ,3.0,8.09,TRAIL
2024-01-03,2024-01-31,SP500,3.0,8.98,TRAIL
2024-01-10,2024-01-31,XLK,3.0,11.06,TRAIL
2024-01-31,2024-02-02,COPPER,1.5,-3.11,TRAIL
2024-02-01,2024-02-05,TNOTE10,1.5,-2.8,TRAIL
2024-02-01,2024-02-05,TBOND,1.5,-4.72,TRAIL
2023-11-15,2024-02-06,GBPUSD,3.0,0.96,TRAIL
2024-02-02,2024-02-13,GOLD,1.5,-3.18,TRAIL
2024-02-08,2024-02-13,RUSSELL2000,2.0,-1.57,TRAIL
2024-02-12,2024-02-13,SILVER,1.5,-4.05,TRAIL
2024-01-24,2024-02-15,SUGAR,1.5,-10.06,STOP
2024-01-31,2024-02-20,XLK,3.0,4.29,TRAIL
2024-01-31,2024-02-21,NASDAQ,3.0,8.25,TRAIL
2024-01-16,2024-02-23,DXY,3.0,1.68,TRAIL
2024-02-15,2024-02-23,SILVER,1.5,0.37,MOM_REV
2024-02-15,2024-02-26,PLATINUM,2.0,-4.96,TRAIL
2023-12-20,2024-02-29,XLV,3.0,27.33,TRAIL
2024-02-29,2024-03-07,DXY,1.5,-1.93,TRAIL
2024-01-08,2024-03-08,USDJPY,3.0,6.53,TRAIL
2024-01-31,2024-03-08,COTTON,3.0,35.61,TRAIL
2023-12-20,2024-03-11,NIKKEI,3.0,45.83,TRAIL
2024-02-14,2024-03-14,RUSSELL2000,3.0,2.84,TRAIL
2024-03-07,2024-03-14,TBOND,1.5,-3.7,TRAIL
2024-03-11,2024-03-14,TNOTE10,1.5,-1.73,TRAIL
2024-01-23,2024-03-15,COFFEE,3.0,-15.7,STOP
2024-02-10,2024-03-16,ETH,2.5,102.11,TRAIL
2024-02-02,2024-03-19,BTC,1.0,43.36,TRAIL
2024-03-14,2024-03-19,PLATINUM,1.5,-5.54,TRAIL
2024-02-16,2024-03-22,COPPER,3.0,12.35,TRAIL
2024-03-08,2024-03-22,GBPUSD,1.5,-1.8,TRAIL
2024-03-20,2024-03-22,BTC,1.5,-9.13,STOP
2024-02-27,2024-03-25,EURUSD,1.5,-0.6,TRAIL
2024-03-08,2024-03-26,SILVER,3.0,1.77,TRAIL
2024-02-29,2024-04-02,XLV,3.0,-0.23,TRAIL
2024-03-20,2024-04-02,TNOTE10,1.5,-0.98,TRAIL
2024-03-22,2024-04-02,TBOND,1.5,-2.58,TRAIL
2024-03-25,2024-04-02,BTC,2.5,-16.12,STOP
2023-11-02,2024-04-03,DOW,3.0,46.88,TRAIL
2024-03-18,2024-04-03,NIKKEI,3.0,-2.18,TRAIL
2023-11-02,2024-04-04,XLF,3.0,73.78,TRAIL
2024-01-31,2024-04-04,SP500,3.0,18.67,TRAIL
2024-02-23,2024-04-04,XLK,3.0,-1.23,TRAIL
2024-03-20,2024-04-04,RUSSELL2000,3.0,-3.04,TRAIL
2024-01-24,2024-04-05,DAX,3.0,22.83,TRAIL
2024-04-08,2024-04-09,ETH,1.5,-7.72,STOP
2024-04-05,2024-04-11,XLF,1.5,-3.5,TRAIL
2024-04-05,2024-04-11,DAX,1.5,-1.82,TRAIL
2024-04-09,2024-04-12,ETH,1.5,-11.22,STOP
2024-04-06,2024-04-13,BTC,2.0,-14.73,STOP
2024-02-22,2024-04-15,NASDAQ,3.0,-2.93,TRAIL
2024-04-05,2024-04-15,SP500,1.5,-4.11,TRAIL
2024-02-15,2024-04-16,XLE,3.0,33.44,TRAIL
2024-02-15,2024-04-16,FTSE,3.0,8.8,TRAIL
2024-04-05,2024-04-16,WHEAT,1.5,-4.63,MOM_REV
2024-04-02,2024-04-17,PLATINUM,3.0,6.67,TRAIL
2024-04-05,2024-04-17,CRUDE,1.5,-7.28,TRAIL
2024-03-26,2024-04-22,SILVER,3.0,33.45,TRAIL
2024-04-02,2024-04-23,COFFEE,2.5,33.82,TRAIL
2024-04-17,2024-04-23,PLATINUM,1.5,-4.61,TRAIL
2024-02-20,2024-04-30,GOLD,3.0,39.05,TRAIL
2024-04-23,2024-05-01,XLE,1.5,-6.38,TRAIL
2024-04-23,2024-05-02,COFFEE,1.5,-10.59,STOP
2024-03-20,2024-05-03,USDJPY,3.0,3.99,TRAIL
2024-04-12,2024-05-03,DXY,1.5,-1.43,TRAIL
2024-04-29,2024-05-21,PLATINUM,3.0,32.26,TRAIL
2024-03-22,2024-05-23,COPPER,3.0,61.6,TRAIL
2024-04-22,2024-05-23,SILVER,3.0,33.86,TRAIL
2024-04-26,2024-05-23,HANGSENG,3.0,20.69,TRAIL
2024-05-03,2024-05-23,DOW,3.0,3.02,TRAIL
2024-05-09,2024-05-23,TNOTE10,1.5,-0.52,TRAIL
2024-05-09,2024-05-23,RUSSELL2000,3.0,-3.65,TRAIL
2024-05-09,2024-05-23,XLF,3.0,-2.23,TRAIL
2024-05-10,2024-05-23,GOLD,3.0,-4.09,TRAIL
2024-04-22,2024-05-24,FTSE,3.0,10.98,TRAIL
2024-05-09,2024-05-28,XLV,3.0,-1.32,TRAIL
2024-05-09,2024-05-28,TBOND,2.0,-1.66,TRAIL
2024-05-07,2024-05-29,DAX,3.0,0.7,TRAIL
2024-05-09,2024-05-30,SP500,3.0,1.23,TRAIL
2024-05-09,2024-05-30,XLK,3.0,7.4,TRAIL
2024-05-21,2024-05-30,NIKKEI,1.5,-3.44,TRAIL
2024-05-23,2024-05-31,HANGSENG,1.5,-6.27,TRAIL
2024-05-23,2024-05-31,SILVER,3.0,0.13,TRAIL
2024-05-23,2024-05-31,COTTON,1.0,-6.82,STOP
2024-05-23,2024-06-03,PLATINUM,3.0,-2.11,TRAIL
2024-05-23,2024-06-04,COPPER,1.5,-8.36,STOP
2024-05-31,2024-06-04,XLE,1.5,-5.33,TRAIL
2024-04-24,2024-06-05,WHEAT,2.5,21.97,TRAIL
2024-05-09,2024-06-05,USDJPY,3.0,-0.57,TRAIL
2024-05-23,2024-06-10,ETH,2.0,-5.84,TRAIL
2024-06-03,2024-06-10,TBOND,2.0,-1.17,TRAIL
2024-06-05,2024-06-10,TNOTE10,1.5,-1.58,TRAIL
2024-05-04,2024-06-11,BTC,3.0,16.16,TRAIL
2024-05-29,2024-06-11,EURUSD,1.5,-1.21,TRAIL
2024-05-31,2024-06-11,SILVER,2.0,-7.68,TRAIL
2024-05-28,2024-06-13,GOLD,1.5,-3.5,TRAIL
2024-05-24,2024-06-14,RUSSELL2000,1.5,-4.6,TRAIL
2024-05-24,2024-06-14,XLF,1.5,-3.46,TRAIL
2024-06-03,2024-06-17,NIKKEI,1.5,-3.16,TRAIL
2024-06-05,2024-06-20,NATGAS,1.0,-0.58,TRAIL
2024-05-14,2024-06-24,GBPUSD,3.0,1.84,TRAIL
2024-05-30,2024-06-24,XLK,3.0,18.56,TRAIL
2024-06-13,2024-06-28,TBOND,1.5,-1.72,MOM_REV
2024-06-13,2024-07-01,TNOTE10,1.5,-1.7,TRAIL
2024-06-03,2024-07-02,XLV,3.0,0.53,TRAIL
2024-05-28,2024-07-03,COFFEE,2.0,-4.33,TRAIL
2024-06-13,2024-07-05,DXY,1.5,-0.46,TRAIL
2024-07-02,2024-07-09,SUGAR,1.5,-7.21,MOM_REV
2024-07-05,2024-07-09,PLATINUM,1.5,-6.61,TRAIL
2024-06-10,2024-07-12,USDJPY,3.0,2.62,TRAIL
2024-07-05,2024-07-16,COPPER,1.5,-6.91,TRAIL
2024-05-03,2024-07-17,NASDAQ,3.0,34.18,TRAIL
2024-06-24,2024-07-17,NIKKEI,3.0,17.73,TRAIL
2024-06-24,2024-07-17,XLK,3.0,2.62,TRAIL
2024-05-31,2024-07-18,SP500,3.0,15.18,TRAIL
2024-07-05,2024-07-18,SILVER,1.5,-6.66,TRAIL
2024-06-13,2024-07-19,CRUDE,3.0,5.76,TRAIL
2024-06-25,2024-07-19,DOW,3.0,9.02,TRAIL
2024-07-03,2024-07-19,GOLD,3.0,4.54,TRAIL
2024-07-08,2024-07-19,COFFEE,3.0,2.54,TRAIL
2024-07-10,2024-07-19,DAX,1.5,-1.92,TRAIL
2024-07-10,2024-07-19,PLATINUM,1.5,-5.26,TRAIL
2024-07-12,2024-07-19,HANGSENG,1.5,-7.18,TRAIL
2024-07-17,2024-07-22,NIKKEI,1.5,-5.47,TRAIL
2024-06-25,2024-07-23,XLE,2.5,-3.17,TRAIL
2024-06-25,2024-07-24,XLF,3.0,9.45,TRAIL
2024-07-18,2024-07-24,SP500,1.5,-3.18,TRAIL
2024-07-19,2024-07-24,COFFEE,2.0,-5.92,TRAIL
2024-07-23,2024-07-24,ETH,1.5,-6.27,MOM_REV
2024-07-15,2024-07-25,EURUSD,1.5,-0.63,TRAIL
2024-07-19,2024-07-25,GOLD,1.5,-2.73,TRAIL
2024-07-08,2024-07-26,GBPUSD,3.0,1.18,TRAIL
2024-07-20,2024-07-30,BTC,2.5,-3.58,MOM_REV
2024-07-22,2024-08-01,DAX,1.5,-2.64,TRAIL
2024-07-10,2024-08-02,RUSSELL2000,3.0,8.42,TRAIL
2024-07-11,2024-08-02,FTSE,2.0,-1.18,TRAIL
2024-07-24,2024-08-02,XLF,3.0,-3.66,TRAIL
2024-07-25,2024-08-02,XLE,2.5,-9.52,TRAIL
2024-07-26,2024-08-02,GBPUSD,1.5,-1.49,TRAIL
2024-07-19,2024-08-05,DOW,2.5,-9.83,TRAIL
2024-07-31,2024-08-05,PLATINUM,1.5,-10.87,STOP
2024-07-10,2024-08-07,XLV,3.0,-0.64,TRAIL
2024-07-29,2024-08-08,TBOND,3.0,5.88,TRAIL
2024-08-14,2024-08-22,NATGAS,1.5,-11.22,STOP
2024-08-23,2024-08-26,BTC,1.5,-2.84,MOM_REV
2024-08-20,2024-08-28,PLATINUM,2.0,-3.76,TRAIL
2024-07-29,2024-08-30,TNOTE10,3.0,4.59,TRAIL
2024-08-08,2024-08-30,TBOND,3.0,2.38,TRAIL
2024-08-19,2024-08-30,SILVER,3.0,-5.22,TRAIL
2024-08-16,2024-09-03,COFFEE,3.0,1.59,TRAIL
2024-08-19,2024-09-03,NASDAQ,1.5,-6.21,TRAIL
2024-08-19,2024-09-03,XLK,1.5,-9.89,STOP
2024-08-21,2024-09-03,COPPER,2.0,-7.15,TRAIL
2024-07-26,2024-09-04,EURUSD,3.0,5.46,TRAIL
2024-08-16,2024-09-04,SP500,3.0,-1.85,TRAIL
2024-08-19,2024-09-04,DAX,3.0,2.77,TRAIL
2024-08-30,2024-09-04,RUSSELL2000,1.5,-4.9,TRAIL
2024-08-30,2024-09-04,XLE,1.5,-5.75,TRAIL
2024-08-13,2024-09-05,FTSE,3.0,0.24,TRAIL
2024-08-19,2024-09-05,HANGSENG,3.0,-2.14,TRAIL
2024-08-19,2024-09-05,DOW,2.5,-0.86,TRAIL
2024-08-08,2024-09-06,XLV,3.0,9.47,TRAIL
2024-08-16,2024-09-06,XLF,3.0,3.56,TRAIL
2024-08-20,2024-09-10,GBPUSD,3.0,1.87,TRAIL
2024-09-09,2024-09-18,PLATINUM,3.0,10.28,TRAIL
2024-09-05,2024-09-19,TBOND,2.5,-1.06,TRAIL
2024-09-03,2024-09-20,COFFEE,3.0,4.86,TRAIL
2024-09-18,2024-09-23,PLATINUM,1.5,-2.05,TRAIL
2024-09-09,2024-09-25,XLV,2.0,-2.41,TRAIL
2024-09-23,2024-10-02,COFFEE,3.0,-8.14,TRAIL
2024-09-04,2024-10-03,RUSSELL2000,3.0,4.88,TRAIL
2024-09-04,2024-10-03,DAX,3.0,6.83,TRAIL
2024-09-05,2024-10-03,TNOTE10,1.5,-0.43,TRAIL
2024-09-05,2024-10-04,EURUSD,1.5,-0.61,TRAIL
2024-09-13,2024-10-04,GBPUSD,3.0,-0.05,TRAIL
2024-07-30,2024-10-08,GOLD,3.0,26.2,TRAIL
2024-08-30,2024-10-08,SILVER,3.0,16.96,TRAIL
2024-09-12,2024-10-08,COPPER,3.0,20.25,TRAIL
2024-09-17,2024-10-08,HANGSENG,3.0,55.49,TRAIL
2024-09-23,2024-10-08,PLATINUM,3.0,-3.06,TRAIL
2024-08-29,2024-10-09,NATGAS,2.0,48.95,TRAIL
2024-10-01,2024-10-11,CORN,1.5,-4.63,TRAIL
2024-10-09,2024-10-14,NATGAS,1.5,-9.36,STOP
2024-09-04,2024-10-15,WHEAT,3.0,7.56,TRAIL
2024-10-08,2024-10-17,COPPER,1.5,-4.27,TRAIL
2024-09-19,2024-10-21,SUGAR,1.0,-0.46,TRAIL
2024-10-04,2024-10-22,RUSSELL2000,3.0,2.54,TRAIL
2024-10-09,2024-10-22,NIKKEI,2.0,-4.41,TRAIL
2024-09-05,2024-10-24,DOW,3.0,11.91,TRAIL
2024-10-03,2024-10-29,FTSE,2.0,-1.52,TRAIL
2024-10-03,2024-10-30,DAX,3.0,3.82,TRAIL
2024-10-16,2024-10-30,PLATINUM,3.0,5.83,TRAIL
2024-09-04,2024-10-31,SP500,3.0,10.07,TRAIL
2024-09-06,2024-10-31,XLF,3.0,15.98,TRAIL
2024-09-11,2024-10-31,XLK,3.0,7.03,TRAIL
2024-09-12,2024-10-31,NASDAQ,3.0,8.97,TRAIL
2024-10-11,2024-10-31,GOLD,3.0,9.11,TRAIL
2024-10-11,2024-10-31,SILVER,3.0,10.78,TRAIL
2024-10-30,2024-11-01,NIKKEI,1.5,-4.67,TRAIL
2024-10-17,2024-11-04,BTC,2.5,1.53,TRAIL
2024-10-30,2024-11-04,PLATINUM,1.5,-4.55,TRAIL
2024-10-31,2024-11-06,GOLD,1.5,-3.87,TRAIL
2024-10-31,2024-11-08,SILVER,1.5,-5.94,TRAIL
2024-10-31,2024-11-11,SUGAR,1.5,-9.1,STOP
2024-10-08,2024-11-12,HANGSENG,1.0,-5.16,STOP
2024-10-22,2024-11-14,RUSSELL2000,3.0,14.17,TRAIL
2024-11-05,2024-11-15,NASDAQ,3.0,3.92,TRAIL
2024-11-06,2024-11-15,SP500,2.0,-1.97,TRAIL
2024-11-06,2024-11-15,XLK,2.5,-4.97,TRAIL
2024-11-09,2024-11-17,ETH,1.0,-1.77,MOM_REV
2024-11-06,2024-11-18,NIKKEI,1.5,-4.79,TRAIL
2024-11-06,2024-11-19,DOW,2.0,-2.11,TRAIL
2024-11-11,2024-11-29,DXY,3.0,0.57,TRAIL
2024-11-18,2024-11-29,SUGAR,1.5,-7.57,STOP
2024-11-06,2024-12-02,XLE,3.0,3.08,TRAIL
2024-11-07,2024-12-02,COFFEE,3.0,44.7,TRAIL
2024-12-02,2024-12-06,XLV,1.5,-2.93,TRAIL
2024-12-02,2024-12-06,XLE,1.5,-5.55,TRAIL
2024-11-06,2024-12-09,XLF,3.0,0.97,TRAIL
2024-11-19,2024-12-11,DOW,3.0,6.1,TRAIL
2024-11-14,2024-12-12,RUSSELL2000,3.0,3.1,TRAIL
2024-11-26,2024-12-12,TBOND,3.0,-1.83,TRAIL
2024-11-29,2024-12-12,TNOTE10,1.5,-0.95,TRAIL
2024-12-09,2024-12-13,SILVER,1.5,-7.27,TRAIL
2024-12-10,2024-12-13,GOLD,1.5,-2.31,TRAIL
2024-11-25,2024-12-17,FTSE,1.5,-1.75,TRAIL
2024-11-15,2024-12-18,SP500,3.0,0.08,TRAIL
2024-11-18,2024-12-18,NASDAQ,3.0,9.59,TRAIL
2024-11-21,2024-12-18,XLK,3.0,-1.59,TRAIL
2024-11-05,2024-12-19,BTC,2.5,101.4,TRAIL
2024-11-11,2024-12-19,DAX,3.0,8.04,TRAIL
2024-11-27,2024-12-19,ETH,2.5,-16.36,STOP
2024-12-03,2024-12-19,NIKKEI,2.0,-2.22,TRAIL
2024-12-12,2024-12-19,GBPUSD,1.5,-2.33,TRAIL
