date,ticker,category,mom_12m,rsi,fwd_6m,fwd_12m,max_dd_6m
2000-03-20 00:00:00-05:00,MSTR,bubble,8.253333333333334,43.5326842837274,-0.6959654178674352,-0.9510086455331412,-0.8004322766570605
2000-03-21 00:00:00-05:00,MSTR,bubble,7.034722222222221,36.269685039370074,-0.6153846153846154,-0.9474935177182369,-0.7605877268798618
2000-03-22 00:00:00-05:00,MSTR,bubble,8.34046052631579,38.41886269070735,-0.6957210776545166,-0.9573868638844867,-0.8048952280331044
2000-03-23 00:00:00-05:00,MSTR,bubble,10.212797619047619,41.54158672836023,-0.7717319177173192,-0.9678832116788321,-0.8529528865295288
2000-03-24 00:00:00-05:00,MSTR,bubble,11.285714285714286,37.680461982675645,-0.7955426356589147,-0.969234496124031,-0.8657945736434108
2000-03-27 00:00:00-05:00,MSTR,bubble,10.024390243902438,32.71043223919402,-0.769358407079646,-0.9662610619469026,-0.8467920353982301
2000-03-28 00:00:00-05:00,MSTR,bubble,9.102564102564102,31.69080604534004,-0.7601522842639594,-0.9657360406091371,-0.824238578680203
2000-03-29 00:00:00-05:00,MSTR,bubble,9.0,24.031949991317944,-0.7480519480519481,-0.9655844155844155,-0.8201298701298702
2000-03-30 00:00:00-05:00,MSTR,bubble,9.666666666666666,17.1585319712448,-0.7109375,-0.9700520833333334,-0.8196614583333334
2000-03-31 00:00:00-05:00,MSTR,bubble,8.412162162162161,17.67772742776397,-0.6862885857860732,-0.9705671213208902,-0.801148600143575
2000-04-03 00:00:00-04:00,MSTR,bubble,7.226666666666667,17.26961157654226,-0.646677471636953,-0.9615072933549432,-0.7755267423014587
2000-04-04 00:00:00-04:00,MSTR,bubble,7.085106382978724,18.24215607401449,-0.6359649122807017,-0.9596491228070175,-0.7570175438596491
2000-04-05 00:00:00-04:00,MSTR,bubble,6.835205992509363,19.11083017277707,-0.5793499043977055,-0.9588910133843213,-0.7351816443594646
2000-04-06 00:00:00-04:00,MSTR,bubble,6.229629629629629,20.3090013434841,-0.540983606557377,-0.9569672131147541,-0.7161885245901639
2000-04-07 00:00:00-04:00,MSTR,bubble,6.923076923076923,42.14912280701755,-0.6048543689320388,-0.961786407174416,-0.7310679611650486
2000-04-10 00:00:00-04:00,MSTR,bubble,6.231372549019608,44.552619378766806,-0.5563991323210412,-0.9566160520607375,-0.6995661605206074
2000-04-11 00:00:00-04:00,MSTR,bubble,5.283464566929134,34.59680416202154,-0.5175438596491229,-0.9488721814071923,-0.6528822055137845
2000-04-12 00:00:00-04:00,MSTR,bubble,3.9635036496350367,14.008072955598735,-0.49411764705882355,-0.9416470583747415,-0.5926470588235294
2000-04-13 00:00:00-04:00,MSTR,bubble,3.512635379061372,3.4906270200387866,-0.49119999999999997,-0.9359999999999999,-0.5568
2000-04-14 00:00:00-04:00,MSTR,bubble,3.330645161290323,3.915881073241465,-0.34636871508379885,-0.926108006880492,-0.48417132216014896
2000-04-17 00:00:00-04:00,MSTR,bubble,2.6296296296296298,4.522613065326624,-0.2979591836734694,-0.9030204072290537,-0.4346938775510204
2000-04-18 00:00:00-04:00,MSTR,bubble,2.992957746478873,10.6072874493927,-0.32098765432098764,-0.8521340452594521,-0.5114638447971781
2000-04-19 00:00:00-04:00,MSTR,bubble,2.7733333333333334,10.633116883116884,-0.3816254416961131,-0.8405653747989937,-0.5106007067137809
2000-04-20 00:00:00-04:00,MSTR,bubble,2.7430555555555554,11.738351254480293,-0.24489795918367352,-0.8616697633421266,-0.48608534322820035
2000-04-24 00:00:00-04:00,MSTR,bubble,2.2551724137931033,12.79296875,-0.18008474576271183,-0.8538983070244224,-0.413135593220339
2000-04-25 00:00:00-04:00,MSTR,bubble,2.585714285714286,16.770833333333343,-0.2171314741035857,-0.869322712202946,-0.448207171314741
2000-04-26 00:00:00-04:00,MSTR,bubble,2.5580524344569286,18.029115341545364,-0.1663157894736842,-0.8608842066714638,-0.4168421052631579
2000-04-27 00:00:00-04:00,MSTR,bubble,1.8550724637681157,17.809734513274336,-0.0025380710659898,-0.830659895378926,-0.2969543147208122
2000-04-28 00:00:00-04:00,MSTR,bubble,2.0,14.59770114942529,-0.11111111111111116,-0.8245410642762115,-0.3309178743961353
2000-05-01 00:00:00-04:00,MSTR,bubble,2.1555555555555554,17.95865633074935,-0.08450704225352113,-0.7896713650842228,-0.34976525821596244
2000-05-02 00:00:00-04:00,MSTR,bubble,1.9637681159420288,20.839580209895047,-0.0806845965770171,-0.7856234711364896,-0.32273838630806845
2000-05-03 00:00:00-04:00,MSTR,bubble,1.8185053380782916,24.733096085409244,-0.03282828282828287,-0.779797987504439,-0.3005050505050505
2000-05-04 00:00:00-04:00,MSTR,bubble,2.028985507246377,30.434782608695656,-0.11901913875598091,-0.799043062200957,-0.3373205741626794
2000-05-05 00:00:00-04:00,MSTR,bubble,1.8673835125448028,35.076252723311555,-0.04249999999999998,-0.7879999923706055,-0.3075
2000-05-08 00:00:00-04:00,MSTR,bubble,1.6666666666666665,36.26126126126126,0.05434782608695654,-0.7730434873829717,-0.24728260869565216
2000-05-09 00:00:00-04:00,MSTR,bubble,1.4571428571428573,21.483375959079297,0.08139534883720922,-0.7697674507318542,-0.19476744186046513
2000-05-10 00:00:00-04:00,MSTR,bubble,1.2535211267605635,20.289855072463766,0.19999999999999996,-0.7549999952316284,-0.134375
2000-05-11 00:00:00-04:00,MSTR,bubble,1.1283333333333334,21.663442940038692,0.1276429130775254,-0.7614408655846221,-0.13234142521534847
2000-05-12 00:00:00-04:00,MSTR,bubble,1.4805194805194803,38.26597131681878,-0.07853403141361259,-0.8274345597671589,-0.27486910994764396
2000-05-15 00:00:00-04:00,MSTR,bubble,1.4,32.11829436038515,-0.08064516129032262,-0.8279569892473118,-0.2553763440860215
2000-05-16 00:00:00-04:00,MSTR,bubble,1.4,36.94404591104734,-0.11197916666666663,-0.8300000031789144,-0.2786458333333333
2000-05-17 00:00:00-04:00,MSTR,bubble,1.292134831460674,52.40137221269296,-0.10049019607843135,-0.8313725415398092,-0.32107843137254904
2000-05-18 00:00:00-04:00,MSTR,bubble,1.1043956043956045,44.77234401349073,-0.09138381201044388,-0.8249608331187276,-0.27676240208877284
2000-05-19 00:00:00-04:00,MSTR,bubble,0.8324607329842932,38.031496062992126,-0.08571428571428574,-0.8111999947684152,-0.20857142857142857
2000-05-22 00:00:00-04:00,MSTR,bubble,0.7409326424870466,38.39427662957075,-0.059523809523809534,-0.804761909303211,-0.17559523809523808
2000-05-23 00:00:00-04:00,MSTR,bubble,0.7616580310880829,40.83469721767594,-0.1470588235294118,-0.8098823547363281,-0.18529411764705883
2000-05-24 00:00:00-04:00,MSTR,bubble,0.5087719298245614,31.860465116279073,-0.11627906976744184,-0.7804651101958315,-0.11627906976744186
2000-05-30 00:00:00-04:00,MSTR,bubble,0.5751295336787565,43.32220367278798,-0.17763157894736847,-0.8221052571346885,-0.18421052631578946
2000-05-31 00:00:00-04:00,MSTR,bubble,0.605263157894737,47.2875226039783,-0.27213114754098355,-0.8022295091972976,-0.2721311475409836
2000-06-01 00:00:00-04:00,MSTR,bubble,0.6479999999999999,48.16800714924039,-0.3406148867313916,-0.8078964381542021,-0.34061488673139156
2000-06-02 00:00:00-04:00,MSTR,bubble,0.9052631578947368,46.2962962962963,-0.5911602209944751,-0.8408839821156876,-0.5911602209944752
2000-06-05 00:00:00-04:00,MSTR,bubble,1.1032608695652173,52.631578947368425,-0.5012919896640826,-0.8548837213245165,-0.6175710594315246
2000-06-06 00:00:00-04:00,MSTR,bubble,1.4216216216216218,59.58083832335329,-0.6071428571428572,-0.871785717351096,-0.6696428571428571
2000-06-07 00:00:00-04:00,MSTR,bubble,2.236559139784946,70.90517241379311,-0.6411960132890365,-0.9027242502104801,-0.7541528239202658
2000-06-08 00:00:00-04:00,MSTR,bubble,2.795698924731183,79.74217311233886,-0.703257790368272,-0.9138810209106791,-0.7903682719546742
2000-06-09 00:00:00-04:00,MSTR,bubble,4.383783783783784,90.375,-0.820281124497992,-0.9410441754812218,-0.8514056224899599
2000-06-12 00:00:00-04:00,MSTR,bubble,2.3138297872340425,62.381363244176015,-0.6597110754414125,-0.9065168512384161,-0.7624398073836276
2000-06-13 00:00:00-04:00,MSTR,bubble,2.5492227979274613,64.17419884963024,-0.6335766423357665,-0.9159124109866845,-0.7839416058394161
2000-06-14 00:00:00-04:00,MSTR,bubble,2.38,65.79612468407751,-0.6272189349112426,-0.9155029601599338,-0.7810650887573964
2000-06-15 00:00:00-04:00,MSTR,bubble,2.1528822055137846,64.54545454545453,-0.6279809220985691,-0.904610492845787,-0.7647058823529411
2000-06-16 00:00:00-04:00,MSTR,bubble,1.9806763285024154,63.613861386138616,-0.6012965964343597,-0.9110534828717743,-0.7601296596434359
2000-06-19 00:00:00-04:00,MSTR,bubble,2.03125,64.9164677804296,-0.6701030927835052,-0.9253019127824696,-0.7820324005891016
2000-06-20 00:00:00-04:00,MSTR,bubble,1.8459869848156183,63.72165754495699,-0.7057926829268293,-0.924390246228474,-0.774390243902439
2000-06-21 00:00:00-04:00,MSTR,bubble,1.6166666666666667,62.240982348426705,-0.7197452229299364,-0.9192356668460141,-0.7643312101910829
2000-06-22 00:00:00-04:00,MSTR,bubble,1.2619047619047619,57.95107033639144,-0.7192982456140351,-0.9073684223911218,-0.7403508771929824
2000-06-23 00:00:00-04:00,MSTR,bubble,1.0074626865671643,55.741444866920155,-0.70817843866171,-0.9060223022801283,-0.724907063197026
2000-06-26 00:00:00-04:00,MSTR,bubble,1.409448818897638,56.174698795180724,-0.7254901960784313,-0.9247058793610218,-0.7581699346405228
2000-06-27 00:00:00-04:00,MSTR,bubble,1.0459770114942528,47.284345047923324,-0.7078651685393258,-0.9158052451601636,-0.7228464419475655
2000-06-28 00:00:00-04:00,MSTR,bubble,0.7623762376237624,42.508710801393725,-0.7097378277153559,-0.9188014969843603,-0.7228464419475655
2000-06-29 00:00:00-04:00,MSTR,bubble,0.6893203883495145,22.758620689655174,-0.6934865900383143,-0.9141762466722978,-0.7164750957854407
2000-06-30 00:00:00-04:00,MSTR,bubble,0.6161616161616161,36.73469387755102,-0.6833333333333333,-0.8766666650772095,-0.6916666666666667
2000-07-03 00:00:00-04:00,MSTR,bubble,0.6460176991150441,27.642276422764226,-0.6731182795698925,-0.883010749406712,-0.6817204301075269
2000-07-05 00:00:00-04:00,MSTR,bubble,0.5234782608695652,26.666666666666657,-0.6004566210045662,-0.8852967998208521,-0.6621004566210046
2000-07-06 00:00:00-04:00,MSTR,bubble,0.6733333333333333,37.9506641366224,-0.6633466135458168,-0.9027888461413136,-0.7051792828685259
2000-07-07 00:00:00-04:00,MSTR,bubble,0.6199376947040498,40.90056285178236,-0.7057692307692307,-0.9058461556067834,-0.7153846153846154
2000-07-12 00:00:00-04:00,MSTR,bubble,0.5476190476190477,39.96282527881041,-0.6423076923076922,-0.8975384638859676,-0.7153846153846154
2000-07-14 00:00:00-04:00,MSTR,bubble,0.6386292834890965,48.734177215189874,-0.5437262357414449,-0.9011406844106464,-0.7186311787072244
2000-07-17 00:00:00-04:00,MSTR,bubble,0.8877887788778878,45.515695067264566,-0.6136363636363636,-0.9093706291038673,-0.7412587412587412
2000-07-18 00:00:00-04:00,MSTR,bubble,0.8471760797342194,52.86458333333333,-0.5719424460431655,-0.9151079122968715,-0.7338129496402878
2000-07-19 00:00:00-04:00,MSTR,bubble,0.743089430894309,50.24752475247525,-0.5615671641791045,-0.9083582109479762,-0.7238805970149254
2000-07-20 00:00:00-04:00,MSTR,bubble,0.5889570552147239,49.512195121951216,-0.5501930501930502,-0.9054826272500528,-0.7142857142857143
2000-07-24 00:00:00-04:00,MSTR,bubble,0.508361204013378,48.333333333333336,-0.43237250554323725,-0.8903769431780288,-0.6718403547671841
2000-07-25 00:00:00-04:00,MSTR,bubble,0.5484140233722872,53.17313616759088,-0.4544474393530997,-0.9002911015019583,-0.6808625336927224
2000-07-26 00:00:00-04:00,MSTR,bubble,0.6551724137931034,46.92737430167598,-0.4916666666666667,-0.9043333371480307,-0.6916666666666667
2000-08-07 00:00:00-04:00,MSTR,bubble,0.6784869976359338,20.17804154302671,-0.23661971830985917,-0.8400000021491252,-0.5830985915492958
2000-08-08 00:00:00-04:00,MSTR,bubble,0.6261682242990654,20.98765432098766,-0.38505747126436785,-0.8390804597701149,-0.5747126436781609
2000-08-09 00:00:00-04:00,MSTR,bubble,0.5206971677559913,22.4755700325733,-0.4584527220630372,-0.8427507132718761,-0.5759312320916905
2000-08-21 00:00:00-04:00,MSTR,bubble,0.8053435114503817,79.13385826771653,-0.678646934460888,-0.8985200845665962,-0.6871035940803383
2000-08-28 00:00:00-04:00,MSTR,bubble,0.5357766143106457,64.81481481481481,-0.6738636363636363,-0.9130909052762118,-0.6738636363636363
2000-09-01 00:00:00-04:00,MSTR,bubble,0.5166163141993958,74.39024390243902,-0.7121513944223108,-0.9260557790201499,-0.7231075697211156
2000-09-05 00:00:00-04:00,MSTR,bubble,0.7192307692307693,77.75700934579439,-0.7422818791946308,-0.9335659974373427,-0.7512304250559284
2000-09-06 00:00:00-04:00,MSTR,bubble,0.6304347826086956,72.22222222222223,-0.7552380952380953,-0.9308190482003348,-0.7552380952380953
2000-09-07 00:00:00-04:00,MSTR,bubble,0.6677115987460815,74.18604651162791,-0.7913533834586466,-0.9383458660957509,-0.7913533834586466
2000-09-08 00:00:00-04:00,MSTR,bubble,0.7197452229299364,73.94366197183098,-0.8300925925925926,-0.9440000004238552,-0.8300925925925926
2000-09-11 00:00:00-04:00,MSTR,bubble,0.590625,55.62499999999999,-0.81237721021611,-0.935559922913437,-0.8197445972495089
2000-09-13 00:00:00-04:00,MSTR,bubble,0.5771065182829889,62.6829268292683,-0.8205645161290323,-0.9409677405511179,-0.8306451612903226
2000-09-14 00:00:00-04:00,MSTR,bubble,0.5,55.81583198707593,-0.8417721518987342,-0.9439662458524423,-0.8417721518987342
2021-03-05 00:00:00-05:00,MSTR,bubble,3.5312682280134453,25.368515886978074,0.12167872269879632,-0.3383851339969035,-0.2736360215087822
2021-03-08 00:00:00-05:00,MSTR,bubble,3.5802023429820897,28.38323377772744,0.14109484912269732,-0.37693651550110785,-0.2782326044386383
2021-03-24 00:00:00-04:00,MSTR,bubble,4.815043572004106,47.90335746340068,-0.035329937213412155,-0.27491675660216575,-0.2751902914462518
2021-03-25 00:00:00-04:00,MSTR,bubble,4.96283481862787,50.06094022819762,-0.0069897104360241435,-0.22062781079037552,-0.2744198285373713
2021-03-26 00:00:00-04:00,MSTR,bubble,4.6450155677368885,49.982694270024155,-0.03943913925759879,-0.24291667588755594,-0.27801286800059616
2021-03-29 00:00:00-04:00,MSTR,bubble,4.938670064286676,40.88628528344588,-0.05795610070912138,-0.19219436575958992,-0.28640670725469825
2021-04-22 00:00:00-04:00,MSTR,bubble,3.785217003430435,40.57939219402902,0.2674356599840806,-0.28475427087309635,-0.24687398247636985
2021-04-23 00:00:00-04:00,MSTR,bubble,3.8661694660695414,40.3500551883258,0.19964436647676154,-0.3327025907633352,-0.26510509085107375
2021-05-03 00:00:00-04:00,MSTR,bubble,4.184925457581252,24.50914905407575,0.12498027744747642,-0.4243258637997882,-0.2912117626293504
2021-05-04 00:00:00-04:00,MSTR,bubble,4.203542986700526,31.657076047953282,0.19329528983703614,-0.44332770870375926,-0.2696797053070906
2021-05-05 00:00:00-04:00,MSTR,bubble,4.1605826941231605,32.06051300311101,0.27378298035019455,-0.41223834646567337,-0.2773759362207349
2021-05-06 00:00:00-04:00,MSTR,bubble,3.992459171990241,35.578307797689135,0.3302850244199369,-0.48361464543601995,-0.260327092686282
2021-05-07 00:00:00-04:00,MSTR,bubble,4.024781631126053,46.56575236114748,0.28936592448552223,-0.5257712164172035,-0.2738936096290763
2021-05-10 00:00:00-04:00,MSTR,bubble,3.567738759176925,36.74643839171545,0.40046712055933353,-0.6153373192965834,-0.2088645591534649
2021-05-11 00:00:00-04:00,MSTR,bubble,3.659667201397962,37.497456350454684,0.4905712921811134,-0.6091236761685883,-0.2191486618542169
2021-05-12 00:00:00-04:00,MSTR,bubble,3.5115311939882075,39.82512441935681,0.5852403006562661,-0.6895991773071832,-0.16859824376653415
2021-05-13 00:00:00-04:00,MSTR,bubble,3.246019934157893,30.210318140199362,0.6725537807615076,-0.6492787964789237,-0.07695461035345506
2021-05-14 00:00:00-04:00,MSTR,bubble,3.60480523470404,27.321309058294744,0.569814462042515,-0.6075847283029812,-0.13579256699319156
2021-05-17 00:00:00-04:00,MSTR,bubble,3.233864251659792,20.40007360763208,0.6587921578214311,-0.5882088790496613,-0.07935022225181024
2021-05-18 00:00:00-04:00,MSTR,bubble,3.0556066851040002,19.2939764400693,0.631773358129909,-0.5384441923584538,-0.07528741770057071
2021-05-19 00:00:00-04:00,MSTR,bubble,2.8204266366856543,18.902473429539384,0.6532999907244972,-0.5659323867847736,-0.009541439608342316
2021-05-20 00:00:00-04:00,MSTR,bubble,2.8985483682564253,22.66342795428696,0.593111431033684,-0.5540769224933493,-0.04684129725859283
2021-05-21 00:00:00-04:00,MSTR,bubble,2.731941668182787,22.62320580290637,0.614489990822271,-0.5499644753550581,0.0
2021-05-24 00:00:00-04:00,MSTR,bubble,2.8608316691248246,28.838098806729434,0.5203937539569057,-0.5674251087586404,-0.027664286931772992
2021-05-25 00:00:00-04:00,MSTR,bubble,2.7660973552303467,27.215078191332367,0.4691592030842462,-0.589051866547402,-0.021908986082572152
2021-05-26 00:00:00-04:00,MSTR,bubble,2.8341009608768593,31.218584576353777,0.44321553723318097,-0.5896352337419652,-0.048488983529616274
2021-05-27 00:00:00-04:00,MSTR,bubble,2.940082715684541,31.153053960656678,0.4192568334527913,-0.5624177109482857,-0.06979849576482462
2021-05-28 00:00:00-04:00,MSTR,bubble,2.7757069547588484,33.89259738202597,0.41063836280335764,-0.5332127834888214,-0.02259575052464262
2021-06-01 00:00:00-04:00,MSTR,bubble,2.8969004962995726,33.948223820252466,0.4557098773318071,-0.4459770738104303,-0.03847122433127822
2021-06-02 00:00:00-04:00,MSTR,bubble,3.11677245239839,42.63897151016884,0.447201603810504,-0.5222868624883091,-0.07847540358120883
2021-06-03 00:00:00-04:00,MSTR,bubble,2.7694975924929066,50.11167788567897,0.44374180094561777,-0.49971349174403434,-0.05988045969976433
2021-06-04 00:00:00-04:00,MSTR,bubble,2.8680766230521124,41.72762098996803,0.40994903478720324,-0.5311861562384866,-0.05217982086734759
2021-06-07 00:00:00-04:00,MSTR,bubble,2.752176290746899,45.21921445896662,0.3430748680534992,-0.49886121771998815,-0.022200448903508967
2021-06-08 00:00:00-04:00,MSTR,bubble,2.6354859837193088,43.45842268051779,0.29842395654477016,-0.4775567037421451,0.0
2021-06-09 00:00:00-04:00,MSTR,bubble,3.0817155028913374,62.42572134911573,0.2245268251693131,-0.5460145489292798,-0.027817270207414264
2021-06-10 00:00:00-04:00,MSTR,bubble,3.104664369290518,58.16285724618759,0.25143020206682865,-0.5718863982966794,-0.019522264774404892
2021-06-11 00:00:00-04:00,MSTR,bubble,3.401227211560867,65.99224918403209,0.14607696094707068,-0.6062272471933974,-0.0343118140456997
2021-06-14 00:00:00-04:00,MSTR,bubble,4.07108954340802,73.67215973531248,0.003926558742603836,-0.745776865096281,-0.16670282775458256
2021-06-15 00:00:00-04:00,MSTR,bubble,4.140132048167743,77.22089761145331,-0.09341198512114424,-0.7512132448048996,-0.2090588864767308
2021-06-16 00:00:00-04:00,MSTR,bubble,4.082157915672702,73.37678150587966,-0.06363138238805277,-0.723564886443792,-0.19537925687686564
2021-06-17 00:00:00-04:00,MSTR,bubble,4.182042186984402,73.37042493741004,-0.05107718737183509,-0.7442335972737805,-0.2093974313247469
2021-06-21 00:00:00-04:00,MSTR,bubble,3.938404211368889,65.58187174379964,-0.02071375300732481,-0.6933883918881656,-0.145544551672916
2021-06-22 00:00:00-04:00,MSTR,bubble,3.6644764801312633,57.909818150026226,-0.01323776795436693,-0.6913422109618739,-0.09932817735158939
2021-06-23 00:00:00-04:00,MSTR,bubble,3.704781402165784,59.46693232179689,0.026220628986332928,-0.6594755943184603,-0.09815547312835463
2021-06-24 00:00:00-04:00,MSTR,bubble,4.087253114407903,63.32264093296787,-0.020433752348210765,-0.6469375004711991,-0.14291603280136178
2021-06-25 00:00:00-04:00,MSTR,bubble,3.6697512309960416,60.50811996810762,0.08573765133522038,-0.6423416061508411,-0.0933187768473922
2021-06-28 00:00:00-04:00,MSTR,bubble,4.380775669335475,68.49536167860694,-0.025457819289068095,-0.7018120132925549,-0.20098688187107855
2021-07-02 00:00:00-04:00,MSTR,bubble,4.416361540991459,54.93748374390616,-0.14335833913241014,-0.7047246046199962,-0.21536789853161076
2021-07-06 00:00:00-04:00,MSTR,bubble,4.29678487130932,50.54321037864256,-0.11986631569856554,-0.7031326416933072,-0.21373502694206212
2021-07-08 00:00:00-04:00,MSTR,bubble,4.231264094467164,48.23512725488356,-0.17679971556931107,-0.6421965004514547,-0.1935838525875285
2021-07-09 00:00:00-04:00,MSTR,bubble,4.356223791122176,47.420435838692114,-0.20685269277294316,-0.6804313970708034,-0.2068526927729431
2021-07-12 00:00:00-04:00,MSTR,bubble,4.003314678892762,50.7790175082995,-0.17961917826771434,-0.6729687785017711,-0.1796191782677144
2021-07-13 00:00:00-04:00,MSTR,bubble,4.00803148747655,54.344644041870694,-0.1688797586191516,-0.6627750456115127,-0.16887975861915167
2021-07-14 00:00:00-04:00,MSTR,bubble,3.8039600127134774,51.16169990992595,-0.09612263990150383,-0.6349410291889043,-0.14003532422102388
2021-07-15 00:00:00-04:00,MSTR,bubble,3.491822312067571,43.41927200378445,-0.04879490213627702,-0.6045024271596517,-0.10921559194753677
2021-07-16 00:00:00-04:00,MSTR,bubble,3.4157520981278244,45.4523939533668,-0.06404248973016569,-0.5686593025774312,-0.07864800630665911
2021-07-19 00:00:00-04:00,MSTR,bubble,3.214298055709926,24.57129309995537,0.0016843044396337437,-0.4642886154329099,-0.03362612082352544
2021-07-20 00:00:00-04:00,MSTR,bubble,3.163804074091103,9.199153621496194,-0.06676236986521522,-0.42450874883741363,-0.06676236986521525
2021-07-21 00:00:00-04:00,MSTR,bubble,3.6012888155056224,28.957663979949473,-0.17330413302933012,-0.479818283039659,-0.17330413302933018
2021-07-22 00:00:00-04:00,MSTR,bubble,3.5865853015667453,30.464311667821306,-0.17701556111536765,-0.49289494301833026,-0.17701556111536765
2021-07-23 00:00:00-04:00,MSTR,bubble,3.5065966456082167,30.34191061764423,-0.3035333746955614,-0.5074021212914119,-0.3035333746955614
2021-07-27 00:00:00-04:00,MSTR,bubble,4.359595608364549,48.9286797042012,-0.42111605285153164,-0.5838949679158563,-0.4211160528515317
2021-07-29 00:00:00-04:00,MSTR,bubble,4.092145885284651,49.58309343512134,-0.48888817817976793,-0.542311304592175,-0.4888881781797679
2021-07-30 00:00:00-04:00,MSTR,bubble,4.124928445149401,54.67927480380777,-0.45855498289294094,-0.5595278248158173,-0.48970465636068955
2021-08-03 00:00:00-04:00,MSTR,bubble,4.054665989958425,58.18039407760514,-0.4032573044592337,-0.4981601803000725,-0.48892907193419477
2021-09-10 00:00:00-04:00,MSTR,bubble,3.4057399562505664,25.710698628256793,-0.3651087409038646,-0.5727861871977328,-0.4810500819307523
2021-09-14 00:00:00-04:00,MSTR,bubble,3.33655863194611,30.922587766738673,-0.35949426518659433,-0.6346041733459438,-0.4834917876810837
2021-09-15 00:00:00-04:00,MSTR,bubble,3.064205458250158,31.81023803547245,-0.32262245072908624,-0.6572827724231735,-0.4953396511872115
2021-09-16 00:00:00-04:00,MSTR,bubble,2.6192109814426643,36.492383259156746,-0.31423379273417673,-0.6740284197962904,-0.4953396511872115
2021-09-17 00:00:00-04:00,MSTR,bubble,2.7545993903385875,29.77666129830982,-0.2604795654838242,-0.6643279143009942,-0.47996875660581184
2021-09-20 00:00:00-04:00,MSTR,bubble,2.686885271764021,27.207620536676885,-0.2581791279741804,-0.6658678833276681,-0.45707780020488464
2021-09-21 00:00:00-04:00,MSTR,bubble,2.818480724571881,27.351235025801245,-0.20837496145220324,-0.6627999268076069,-0.4501910598525083
2021-09-22 00:00:00-04:00,MSTR,bubble,2.8872607969996817,30.24914836717896,-0.24836141249856225,-0.6792581707978718,-0.4672370294818511
2021-09-23 00:00:00-04:00,MSTR,bubble,3.1581468309848963,35.37909704212788,-0.2151418797967929,-0.6894918663989196,-0.481891773520197
2021-09-24 00:00:00-04:00,MSTR,bubble,3.1037244553736762,29.19599666834337,-0.2118320087211265,-0.6660271288437742,-0.4670414899486395
2021-09-27 00:00:00-04:00,MSTR,bubble,3.0700060778546225,37.418487536716874,-0.14249682541494735,-0.6535182702035929,-0.46288355587391555
2021-09-28 00:00:00-04:00,MSTR,bubble,2.78654443986336,35.43465234110525,-0.0933026726160271,-0.6155777542447993,-0.44299142602732794
2021-09-29 00:00:00-04:00,MSTR,bubble,2.783285489280354,33.75601373825296,-0.11588853879217464,-0.6259711961795906,-0.43591962650023686
2021-09-30 00:00:00-04:00,MSTR,bubble,2.84165788326864,41.38506455350807,-0.1591977897443605,-0.6330221338838703,-0.44770055998357516
2021-10-01 00:00:00-04:00,MSTR,bubble,3.1115734934877928,43.209379915389974,-0.19834763299853364,-0.633412790104882,-0.4784149081008972
2021-10-04 00:00:00-04:00,MSTR,bubble,3.146183179961457,47.24281557468097,-0.17454095166349703,-0.5903828542718391,-0.4739398847669287
2021-12-03 00:00:00-05:00,MSTR,bubble,0.9028648767729686,21.875376192865275,-0.6268720425047445,-0.6899000025633237,-0.7334347619591145
2021-12-06 00:00:00-05:00,MSTR,bubble,0.8185061203213697,20.727772721285106,-0.5976327349595996,-0.6722048006462992,-0.7180076135338838
2021-12-07 00:00:00-05:00,MSTR,bubble,0.8683302083118236,31.11062730338763,-0.6292564264503161,-0.6919782778995694,-0.7322380989973948
2021-12-09 00:00:00-05:00,MSTR,bubble,1.0679920032771664,30.877362447549785,-0.6564168321809688,-0.6566026752507883,-0.7158207783186393
2021-12-10 00:00:00-05:00,MSTR,bubble,1.0695070325471856,33.41521049618983,-0.7467711829218585,-0.6735237444018218,-0.7467711829218585
2021-12-13 00:00:00-05:00,MSTR,bubble,0.999300621022382,33.32957299778248,-0.7255790379841444,-0.6469631369618023,-0.7338359848383739
2021-12-14 00:00:00-05:00,MSTR,bubble,1.076270884591382,33.70114569204938,-0.704779604573667,-0.6506943494589601,-0.7378441602982665
2021-12-15 00:00:00-05:00,MSTR,bubble,1.0945099607725153,36.21642056600992,-0.7304665887230162,-0.6859286177042379,-0.7458193444958532
2021-12-16 00:00:00-05:00,MSTR,bubble,0.8953596884374899,36.83676127859717,-0.7043778855485859,-0.6935301808801942,-0.7316294477886948
2021-12-17 00:00:00-05:00,MSTR,bubble,0.9193418276741934,31.619398139350324,-0.6869029774967036,-0.7022114205058628,-0.7338080426054386
2021-12-20 00:00:00-05:00,MSTR,bubble,0.8140437721301037,23.974071219634595,-0.6872014564255716,-0.6909716457522387,-0.721535896162375
2021-12-21 00:00:00-05:00,MSTR,bubble,0.7868387780549453,29.79527577705622,-0.6681762224777155,-0.7025198243263009,-0.7318942704389799
2021-12-22 00:00:00-05:00,MSTR,bubble,0.7194267850883664,32.38557212043163,-0.639572616578858,-0.7083633216182149,-0.7330654922725595
2021-12-23 00:00:00-05:00,MSTR,bubble,0.7711905605301794,44.3066164795537,-0.6705848844706481,-0.727616750967168,-0.7452319957545915
2021-12-27 00:00:00-05:00,MSTR,bubble,0.8854962996456912,52.161340713730006,-0.694022493218389,-0.757118426007772,-0.7498684754725335
2021-12-28 00:00:00-05:00,MSTR,bubble,0.5350540779732369,39.31942118707193,-0.6836276637379035,-0.7568709650142222,-0.7321161343819559
2021-12-29 00:00:00-05:00,MSTR,bubble,0.5190811463370537,35.90229036944264,-0.7045442291257676,-0.7543023643316038,-0.7263932126940807
2000-04-04 00:00:00-04:00,VRTX,bubble,0.768041237113402,43.66715758468335,2.521865889212828,0.4460641399416909,-0.08163265306122448
2000-04-12 00:00:00-04:00,VRTX,bubble,0.8229166666666667,30.48048048048048,2.4057142857142857,0.9936000279017858,-0.1
2000-04-13 00:00:00-04:00,VRTX,bubble,0.7881136950904393,31.818181818181813,2.092485549132948,0.841849795655708,-0.08959537572254335
2000-04-14 00:00:00-04:00,VRTX,bubble,0.7427385892116183,29.2929292929293,2.5682539682539685,1.1409524584573414,0.0
2000-04-17 00:00:00-04:00,VRTX,bubble,0.8913043478260869,36.89986282578875,2.4022988505747125,1.0685058242973242,0.0
2001-01-08 00:00:00-05:00,VRTX,bubble,1.5797598627787308,25.974025974025977,-0.1274468442226978,-0.523404263435526,-0.37898936170212766
2001-01-09 00:00:00-05:00,VRTX,bubble,1.5557404326123128,18.279569892473134,-0.17708333333333337,-0.5331250031789143,-0.3919270833333333
2001-02-22 00:00:00-05:00,VRTX,bubble,0.5825996892801657,33.816892327530624,-0.24460733623404773,-0.543246084482882,-0.3887434554973822
2001-03-30 00:00:00-05:00,VRTX,bubble,0.5260416666666667,58.85167464114832,-0.4831399234081698,-0.2668941875366627,-0.5500341421914996
2001-04-10 00:00:00-04:00,VRTX,bubble,0.698138995689302,70.05988215011857,-0.4680167937117512,-0.24919737321973345,-0.5929859506278894
2001-04-11 00:00:00-04:00,VRTX,bubble,0.7419283948325586,69.47874319600328,-0.3957490160890068,-0.21710525871263042,-0.5829959678302876
2001-04-12 00:00:00-04:00,VRTX,bubble,0.9936000279017858,71.76983309786642,-0.49094243402349524,-0.275166242422652,-0.6221050375696504
2001-04-16 00:00:00-04:00,VRTX,bubble,0.841849795655708,58.6309031788566,-0.4363545134101495,-0.2465478571611911,-0.5862415570017074
2001-04-17 00:00:00-04:00,VRTX,bubble,1.1409524584573414,62.225834529286836,-0.4578885040504572,-0.31767498961479257,-0.6090154461295079
2001-04-18 00:00:00-04:00,VRTX,bubble,1.0685058242973242,67.94376807679038,-0.4605467981260417,-0.4796621699479364,-0.6336964008133386
2001-04-19 00:00:00-04:00,VRTX,bubble,0.7702970599183943,65.9557487543157,-0.44899331676998067,-0.5413870324361058,-0.6313199270479697
2001-04-20 00:00:00-04:00,VRTX,bubble,0.6425092070744927,57.88416824821935,-0.4061825794758315,-0.5154565172499186,-0.6050802846149957
2001-04-23 00:00:00-04:00,VRTX,bubble,0.6871562799879005,59.98719805250191,-0.3654090047910239,-0.49101039434926375,-0.582679188610352
2001-04-24 00:00:00-04:00,VRTX,bubble,0.6193406660478193,58.194238999214974,-0.3010314904086354,-0.4226384264477392,-0.5526601662872507
2001-04-25 00:00:00-04:00,VRTX,bubble,0.55,61.54992443375344,-0.3465806530367943,-0.46451612903225803,-0.5747096892326109
2001-04-26 00:00:00-04:00,VRTX,bubble,0.7193512787690033,57.52736540421095,-0.39512071799974,-0.5165995944485406,-0.5855130724864468
2001-04-27 00:00:00-04:00,VRTX,bubble,0.6311688311688313,55.68040987304052,-0.37579617834394907,-0.5365604959475767,-0.5801274001978005
2021-07-16 00:00:00-04:00,PENN,volatile,0.8944205333088553,21.043367275065776,-0.30931883137632044,-0.5192569043371167,-0.32563053702941264
2021-07-19 00:00:00-04:00,PENN,volatile,0.968842640119091,22.308595437967114,-0.33006779524981356,-0.501582510092706,-0.3300677952498135
2021-08-02 00:00:00-04:00,PENN,volatile,1.012407852799785,44.39728787477437,-0.33044628932226405,-0.4690252978482129,-0.3992954122275266
2021-08-03 00:00:00-04:00,PENN,volatile,0.8473685667663984,46.53025623621245,-0.2916479239902292,-0.45134204808680556,-0.3864148047543173
2021-08-04 00:00:00-04:00,PENN,volatile,0.7701764058006237,44.20581123967856,-0.3105374450211922,-0.46950482302372587,-0.3822463845318628
1986-09-12 00:00:00-04:00,AMGN,bubble,0.852462084823393,8.000437321931884,1.8849519413139646,1.2654853742159675,-0.01769789979400765
1986-09-15 00:00:00-04:00,AMGN,bubble,0.852462084823393,6.756855868107209,1.9911472211106993,1.2743345843357488,-0.01769789979400765
1986-09-16 00:00:00-04:00,AMGN,bubble,0.8500038051726404,6.579056314039775,2.207199649227364,1.31531072147643,0.0
1986-09-17 00:00:00-04:00,AMGN,bubble,0.9482737479656314,9.090884293055254,2.0088483179274013,1.2654853742159675,0.0
2019-08-20 00:00:00-04:00,CRON,bubble,0.7966360961064569,36.51832583272032,-0.3753191359499668,-0.5370212717259184,-0.4774468198735663
2022-02-24 00:00:00-05:00,NET,bubble,0.5111544256657423,57.16205917564308,-0.37036353946191436,-0.44399335810434526,-0.6336962375989779
2022-03-03 00:00:00-05:00,NET,bubble,0.5453193950083131,43.336306365289474,-0.42961538754976714,-0.42211539928729713,-0.6182692234332745
2022-03-04 00:00:00-05:00,NET,bubble,0.5054454050397028,47.548603687555854,-0.41819446086773227,-0.409374726873583,-0.606580127616759
2022-03-17 00:00:00-04:00,NET,bubble,0.5096563522132505,48.168770665893604,-0.4457718039503199,-0.49468533106592494,-0.6265638070299228
1987-10-21 00:00:00-04:00,NEM,bubble,0.611462228907458,13.936030589927157,0.09780627579654055,0.11845824897422141,-0.11450427868300463
1987-10-22 00:00:00-04:00,NEM,bubble,0.553440400213403,13.78032860698805,0.14646425772102134,0.18842525279924693,-0.0719996783533201
1987-10-23 00:00:00-04:00,NEM,bubble,0.6889888102098998,14.88973744237667,0.1009583965712213,0.13311073426390707,-0.12121219477324881
1987-10-26 00:00:00-05:00,NEM,bubble,0.5480902561775212,14.099246176998975,0.20025720651927603,0.22265971390112393,-0.04526716754617277
1987-10-28 00:00:00-05:00,NEM,bubble,0.6314094426943109,19.04371993368737,0.12794276900342183,0.11724079274623245,-0.030750655513902662
1987-10-29 00:00:00-05:00,NEM,bubble,0.683981943082123,21.782210001616363,0.06991572518301847,0.04808734168435258,-0.07083264066968434
1987-11-06 00:00:00-05:00,NEM,bubble,0.6285057216361305,46.212138392482125,0.061931200588105195,0.07823108082877162,-0.07776679394806016
1987-11-09 00:00:00-05:00,NEM,bubble,0.6313066611793154,61.80899484589159,0.08424693012544071,0.07422318515621562,-0.08119482949752876
1987-11-10 00:00:00-05:00,NEM,bubble,0.6070493712285114,50.920198172971354,0.0815697199294323,0.09043783527259053,-0.06732610596718785
1987-11-11 00:00:00-05:00,NEM,bubble,0.5735739876759081,53.2051404019193,0.1178964641588316,0.12314883025005852,-0.04938997530660154
1987-11-17 00:00:00-05:00,NEM,bubble,0.7564568747500264,55.00005691888385,0.08480713907405657,0.06702716598833547,-0.07431290738955182
1987-11-18 00:00:00-05:00,NEM,bubble,0.6731832534301916,45.83341765775975,0.16295743406737118,0.11287531679217566,-0.03453787375218304
1987-11-19 00:00:00-05:00,NEM,bubble,0.6241223073541726,32.74828817885427,0.18205952499811828,0.11878316916037623,-0.016000157383660472
1987-11-20 00:00:00-05:00,NEM,bubble,0.6978611430324351,29.37227839856648,0.17668185370527922,0.08803526894122649,-0.04651114070387461
1987-12-03 00:00:00-05:00,NEM,bubble,0.6697034479253403,48.23370549921555,0.2644932301832885,0.06261757895029563,-0.08208924187523034
1987-12-04 00:00:00-05:00,NEM,bubble,0.5978965723597518,43.53335117812674,0.33431418166655735,0.12392783122964324,-0.04280145018900685
1988-01-08 00:00:00-05:00,NEM,bubble,0.541251499211133,31.645653266790774,0.3710426032447187,0.06474999209887766,-0.03906341080105053
1988-01-11 00:00:00-05:00,NEM,bubble,0.5231655988791188,32.46758003051522,0.34477856805589635,0.07690349096466775,-0.03529460089206952
1988-01-12 00:00:00-05:00,NEM,bubble,0.5379230303792124,37.499976394958296,0.303400203017816,0.04445932642063899,-0.05384620499815324
2000-10-27 00:00:00-04:00,PLUG,bubble,0.65625,46.610169491525426,-0.13245285322081368,-0.6905660377358491,-0.6438679245283019
2000-10-30 00:00:00-05:00,PLUG,bubble,0.56640625,45.32967032967033,-0.02244389027431426,-0.658852867830424,-0.6234413965087282
2014-04-28 00:00:00-04:00,PLUG,bubble,28.124999697320156,25.47170872278768,-0.06866946465715607,-0.44849785034434597,-0.2188840720830458
2014-04-29 00:00:00-04:00,PLUG,bubble,29.062500314321376,19.387765652629852,-0.10602905574048005,-0.46777547334019276,-0.24324321243115476
2014-04-30 00:00:00-04:00,PLUG,bubble,28.062501245643972,18.905483554224304,-0.049462368678792945,-0.45376346026669856,-0.21720429456968626
2014-05-01 00:00:00-04:00,PLUG,bubble,28.31250101281332,20.25317510070616,-0.05330490340082494,-0.4690831600943629,-0.22388058411636128
2014-05-02 00:00:00-04:00,PLUG,bubble,27.125000628642752,14.138829927810079,-0.0022222730848524552,-0.4444444444444444,-0.19111108779907227
2014-05-05 00:00:00-04:00,PLUG,bubble,26.066665209664297,12.093030683021354,0.16009854791338518,-0.40394085950721115,-0.10344823738786252
2014-05-06 00:00:00-04:00,PLUG,bubble,24.333332008785725,12.29315289577913,0.3526315607852881,-0.3526315607852881,-0.0421052235315376
2014-05-07 00:00:00-04:00,PLUG,bubble,23.687500849831867,13.519820722594915,0.3544303392527335,-0.37721518773410667,-0.07848099722462669
2014-05-08 00:00:00-04:00,PLUG,bubble,14.16666744276883,7.79816797210853,0.36263733384632624,-0.3324175833173023,0.0
2014-05-09 00:00:00-04:00,PLUG,bubble,13.880000114440918,10.169492503872277,0.3763440446724633,-0.314516147122464,0.0
2014-05-12 00:00:00-04:00,PLUG,bubble,15.956521846170912,15.000003576278687,0.3589743746494789,-0.3256410127874273,-0.02051286158163458
2014-05-13 00:00:00-04:00,PLUG,bubble,15.360000610351562,20.256414896245744,0.2909535483678414,-0.3594132548133736,-0.06601472109340971
2014-05-14 00:00:00-04:00,PLUG,bubble,14.279999732971191,20.954908604436397,0.3298429352048817,-0.3115182826172693,0.0
2014-05-15 00:00:00-04:00,PLUG,bubble,16.521739724791107,29.940128394805114,0.05210906957243089,-0.35235737984739557,-0.007444220408558315
2014-05-16 00:00:00-04:00,PLUG,bubble,16.87500024059167,43.598618657365314,-0.05361305853581866,-0.39860141103785773,-0.06759905930809483
2014-05-19 00:00:00-04:00,PLUG,bubble,17.70833279782284,44.55782031576026,-0.1714921562938473,-0.4031179947945097,-0.17149215629384726
2014-05-20 00:00:00-04:00,PLUG,bubble,16.600000381469727,45.64459912946479,-0.15454546636786315,-0.404545493460883,-0.15454546636786318
2014-05-21 00:00:00-04:00,PLUG,bubble,12.843749772990117,45.45454090746457,-0.08803609065417428,-0.4085778810195446,-0.1602708413635907
2014-05-22 00:00:00-04:00,PLUG,bubble,14.925925999511904,46.42857386141473,-0.07906979942012171,-0.40000004435694303,-0.13488375265060457
2014-05-23 00:00:00-04:00,PLUG,bubble,13.607143339910067,50.583661847022796,-0.036674838574888846,-0.3691931962218643,-0.0904645746146363
2014-05-27 00:00:00-04:00,PLUG,bubble,11.121211639558446,54.166668736272925,-0.017499983310699463,-0.32249999046325684,-0.06999999284744263
2014-05-28 00:00:00-04:00,PLUG,bubble,8.688889442255482,57.85440952519889,-0.09403671405399827,-0.3738532258087448,-0.1467890103912219
2014-05-29 00:00:00-04:00,PLUG,bubble,9.139535025559995,65.65217810452418,-0.08256883543354943,-0.37614680153283453,-0.1467890103912219
2014-05-30 00:00:00-04:00,PLUG,bubble,10.756756347491853,64.12555914775292,-0.08965514368638539,-0.38390801712360634,-0.1448275608814187
2014-06-02 00:00:00-04:00,PLUG,bubble,10.526316235270201,61.53846242018708,-0.1278539193073973,-0.36073062119686994,-0.15068494716579106
2014-06-03 00:00:00-04:00,PLUG,bubble,10.307692331204988,58.333327124514874,-0.19727889244023855,-0.36054421069931797,-0.19727889244023858
2014-06-04 00:00:00-04:00,PLUG,bubble,11.428571367750362,65.49708132321527,-0.17241379688337033,-0.37011492652706557,-0.18620688747991118
2014-06-05 00:00:00-04:00,PLUG,bubble,11.685714665237745,62.89308345854064,-0.2117117218707696,-0.38288288868805886,-0.21171172187076961
2014-06-06 00:00:00-04:00,PLUG,bubble,10.864864351106794,53.62318590192564,-0.1571753621382812,-0.3758541929682918,-0.2027334609461123
2014-06-09 00:00:00-04:00,PLUG,bubble,10.342105254902403,42.85714826346091,-0.16473318969213024,-0.3758700480432804,-0.18793502402164022
2014-06-10 00:00:00-04:00,PLUG,bubble,7.914893761378384,41.86046339701759,-0.1957040955759186,-0.3556085893051686,-0.19570409557591856
2014-06-11 00:00:00-04:00,PLUG,bubble,7.0,37.22628423176507,-0.19607842335193149,-0.3406862481563465,-0.19607842335193154
2014-06-12 00:00:00-04:00,PLUG,bubble,7.220000267028809,42.51968829140361,-0.22384429352980728,-0.34549879079437473,-0.22384429352980725
2014-06-13 00:00:00-04:00,PLUG,bubble,8.021739174096028,52.72726799831287,-0.253012088338735,-0.3518072300231375,-0.253012088338735
2014-06-16 00:00:00-04:00,PLUG,bubble,8.318181651929192,54.716972644415186,-0.2853658207536516,-0.3512194761699462,-0.28536582075365163
2014-06-17 00:00:00-04:00,PLUG,bubble,9.46341463237345,46.06740971043153,-0.3543123530168898,-0.39627041090914505,-0.3543123530168898
2014-06-18 00:00:00-04:00,PLUG,bubble,10.744186294729992,70.90907934940958,-0.4594059572349791,-0.4871287492382409,-0.4594059572349791
2014-06-19 00:00:00-04:00,PLUG,bubble,9.444444297272478,58.79396214298636,-0.37446804754655094,-0.4468085084796868,-0.41914890853999154
2014-06-20 00:00:00-04:00,PLUG,bubble,10.428572239519001,60.19416981317255,-0.3916666749450892,-0.44999999999999996,-0.43125001862645074
2014-06-23 00:00:00-04:00,PLUG,bubble,10.428572239519001,59.605912024320084,-0.3645833685166292,-0.4520833312637277,-0.43125001862645074
2014-06-24 00:00:00-04:00,PLUG,bubble,10.410256339718366,52.15516842716021,-0.31460672291130853,-0.4202247113956371,-0.38651682335143456
2014-06-25 00:00:00-04:00,PLUG,bubble,9.785715122003971,51.948053288459775,-0.32450335517556184,-0.43267112269040564,-0.39735101707887466
2014-06-26 00:00:00-04:00,PLUG,bubble,11.153846012770066,57.085013443130634,-0.35654006337709365,-0.45780589507570046,-0.42405060107640463
2014-06-27 00:00:00-04:00,PLUG,bubble,11.128205621971434,58.74999602635954,-0.34883722805790474,-0.4820295903162337,-0.4228329792674632
2014-06-30 00:00:00-04:00,PLUG,bubble,11.315789176486533,60.51500828427167,-0.33119653221182865,-0.47649569710487494,-0.4166666411945953
2014-07-01 00:00:00-04:00,PLUG,bubble,12.111110007321438,64.15927868516259,-0.3389830457106021,-0.5021186421414758,-0.42161013974057027
2014-07-02 00:00:00-04:00,PLUG,bubble,14.166666699780357,59.16666385200411,-0.3406593682987352,-0.49010992615626714,-0.4000000209598742
2014-07-03 00:00:00-04:00,PLUG,bubble,15.142857006009745,57.74057917926593,-0.3407079575998929,-0.5066371618399036,-0.39601769234656314
2014-07-07 00:00:00-04:00,PLUG,bubble,12.5757570941039,57.98319209877176,-0.32812500498922803,-0.4330357252144995,-0.390624998336924
2014-07-08 00:00:00-04:00,PLUG,bubble,10.394736784316825,50.854699635525414,-0.2956120078390708,-0.45958430591229626,-0.3695149960333315
2014-07-09 00:00:00-04:00,PLUG,bubble,10.394736784316825,27.215194075633576,-0.2956120078390708,-0.4618937725726786,-0.3695149960333315
2014-07-10 00:00:00-04:00,PLUG,bubble,10.184210666659137,32.824440262515154,-0.2752941355985754,-0.4635294184965246,-0.35764705433565025
2014-07-11 00:00:00-04:00,PLUG,bubble,10.131579137244715,26.82926167388449,-0.28841608111326933,-0.44444446949499117,-0.35460992747904313
2014-07-14 00:00:00-04:00,PLUG,bubble,9.717948670923356,25.781239813661017,-0.296650675129576,-0.44019138510362943,-0.34688992076859765
2014-07-15 00:00:00-04:00,PLUG,bubble,12.108107681427676,62.500003725290526,-0.3999999705049174,-0.5278350501273843,-0.43711338706092023
2014-07-16 00:00:00-04:00,PLUG,bubble,11.891891674197794,57.49999552965004,-0.4234800815521499,-0.5157232804997094,-0.42767294968768166
2014-07-17 00:00:00-04:00,PLUG,bubble,11.052631529414422,44.936713444997736,-0.44323144218463884,-0.48034931133469017,-0.44323144218463884
2014-07-18 00:00:00-04:00,PLUG,bubble,11.897436908481192,57.425745612627026,-0.46918489762932314,-0.5288270801783163,-0.49304178012878397
2014-09-10 00:00:00-04:00,PLUG,bubble,6.4411763081707365,26.857150797939084,-0.45059288481677906,-0.6660078900530354,-0.49604743455480604
2014-09-11 00:00:00-04:00,PLUG,bubble,8.518517893037703,31.073449067339098,-0.44357977249300773,-0.6692606825209768,-0.5038910469739347
2014-09-12 00:00:00-04:00,PLUG,bubble,8.107142648070443,27.16763770529488,-0.4607843036424282,-0.6705882394190066,-0.5
2014-09-15 00:00:00-04:00,PLUG,bubble,7.535714624031465,18.134711697557734,-0.45397494131062577,-0.6464435181921847,-0.46652723004409147
2014-09-16 00:00:00-04:00,PLUG,bubble,6.53225812964087,19.66291894034981,-0.445396173050022,-0.6338329742589623,-0.45396147523407904
2014-09-17 00:00:00-04:00,PLUG,bubble,6.8305086286819385,18.68130399788724,-0.4134198906329569,-0.6147186113675918,-0.448051944700925
2014-09-18 00:00:00-04:00,PLUG,bubble,6.305084973496642,17.708320139594107,-0.3828305983421334,-0.5614849162907379,-0.4083526714221309
2014-09-19 00:00:00-04:00,PLUG,bubble,6.1451609584965174,21.39302892456601,-0.40180582436698253,-0.5101579773406544,-0.42437922096430253
2014-09-22 00:00:00-04:00,PLUG,bubble,6.333333124194226,20.476183231725386,-0.361243974654621,-0.478468862133025,-0.38995213946460766
2014-09-23 00:00:00-04:00,PLUG,bubble,6.896551819817209,35.77586348643645,-0.42576415758697905,-0.5524017496800611,-0.44323144218463884
2014-09-24 00:00:00-04:00,PLUG,bubble,6.55932243457304,33.74485241395442,-0.4125560844955437,-0.5358744583995934,-0.42825113665789327
2014-09-25 00:00:00-04:00,PLUG,bubble,5.825397179810942,26.55601799318775,-0.3860465144646882,-0.5511628228048802,-0.406976781579981
2014-09-26 00:00:00-04:00,PLUG,bubble,5.796875002910383,26.85949810703461,-0.38390801712360634,-0.5793103257389798,-0.41379310155831484
2014-09-29 00:00:00-04:00,PLUG,bubble,5.385714094736135,32.905972978403355,-0.42058164748632665,-0.6174496379397689,-0.4295301852336433
2014-09-30 00:00:00-04:00,PLUG,bubble,5.20270282896528,39.555558004497534,-0.450980414563666,-0.6013071934466994,-0.45098041456366594
2014-10-01 00:00:00-04:00,PLUG,bubble,5.211267578438665,34.46808407024969,-0.41950112667649897,-0.5736961314556833,-0.42857141312480806
2014-10-02 00:00:00-04:00,PLUG,bubble,5.528571784982882,39.271261626041564,-0.4485777054116842,-0.560175073312406,-0.4485777054116842
2014-10-03 00:00:00-04:00,PLUG,bubble,5.705882198257844,44.90740311489343,-0.44956139869306877,-0.5307017254917461,-0.4495613986930688
2014-10-06 00:00:00-04:00,PLUG,bubble,5.211267578438665,44.09090593826782,-0.4353741279610399,-0.5056689019986074,-0.4353741279610399
2014-10-07 00:00:00-04:00,PLUG,bubble,5.056338479844773,42.92036145096891,-0.39069772805955894,-0.5,-0.42093025602605705
2014-10-08 00:00:00-04:00,PLUG,bubble,6.3387099286147865,55.45455038054851,-0.4263736734757613,-0.5186813262821521,-0.4527472735919628
2014-10-09 00:00:00-04:00,PLUG,bubble,6.736841934649676,49.549550130066955,-0.4126984118402671,-0.47392289942952537,-0.4353741279610399
2014-10-10 00:00:00-04:00,PLUG,bubble,5.62686559197419,56.50000262260312,-0.39864863921523774,-0.46171169502183085,-0.43918919426871816
2014-10-13 00:00:00-04:00,PLUG,bubble,5.2205881979123125,40.331499135766016,-0.342789607835821,-0.4562647891382132,-0.41134751813023923
2014-10-14 00:00:00-04:00,PLUG,bubble,5.781250389991337,46.66667196485395,-0.3732719048435227,-0.49078341925191504,-0.42626729908016575
2014-10-15 00:00:00-04:00,PLUG,bubble,6.048386857983475,52.09579795365603,-0.38901598484770783,-0.46910755286072836,-0.43020593255274614
2014-10-16 00:00:00-04:00,PLUG,bubble,6.5862072792688355,51.51515589381742,-0.38181818871458684,-0.4750000243837178,-0.43409091918921644
2014-10-17 00:00:00-04:00,PLUG,bubble,6.180327888074596,47.09678768986174,-0.39041095741278176,-0.42922375920551525,-0.4315068619913547
2014-10-20 00:00:00-04:00,PLUG,bubble,6.063491814200779,45.33332485623369,-0.40449433506716337,-0.45168535689816236,-0.4404494120758319
2014-10-21 00:00:00-04:00,PLUG,bubble,6.11290292499217,50.0,-0.3945577848804771,-0.4671201845932935,-0.4353741279610399
2014-10-22 00:00:00-04:00,PLUG,bubble,6.396551871200525,39.39393282593531,-0.38228435456144205,-0.46853147047466526,-0.41958041219627196
2014-10-23 00:00:00-04:00,PLUG,bubble,6.5438600784083425,40.151525824521784,-0.397674465282597,-0.46279073481046384,-0.42093025602605705
2014-10-24 00:00:00-04:00,PLUG,bubble,6.750000239482946,47.10745071829014,-0.4078341375839959,-0.4447004605763357,-0.42626729908016575
2014-10-27 00:00:00-04:00,PLUG,bubble,6.413793645630851,50.0,-0.404651202505635,-0.4604651557361179,-0.42093025602605705
2014-10-28 00:00:00-04:00,PLUG,bubble,6.366666501098216,43.56435222867028,-0.42533938506563307,-0.45701356245682034,-0.4366515912767714
2014-10-29 00:00:00-04:00,PLUG,bubble,6.3999998013178585,51.68540529825097,-0.43918919426871816,-0.46171169502183085,-0.43918919426871816
2014-10-30 00:00:00-04:00,PLUG,bubble,6.360655189874011,52.74723892754533,-0.44320709856575025,-0.46325162390141594,-0.44543426804749087
2014-10-31 00:00:00-04:00,PLUG,bubble,7.120689954613116,76.08696891590508,-0.48619956333460423,-0.43949042812687233,-0.48619956333460423
2014-11-03 00:00:00-05:00,PLUG,bubble,7.86206899032298,82.25807133872493,-0.521400758356641,-0.4416342490060403,-0.5291828523045105
2014-11-05 00:00:00-05:00,PLUG,bubble,8.018181692076126,65.73034204508042,-0.5100806354701086,-0.4233871223589134,-0.5120967625641303
2014-11-06 00:00:00-05:00,PLUG,bubble,9.666666666666666,69.2708361790425,-0.5019531231810106,-0.4609374898136591,-0.5273437245341478
2014-11-11 00:00:00-05:00,PLUG,bubble,8.584906033834747,68.89951923866678,-0.48228343426386666,-0.6377952635801911,-0.523622025071122
2014-11-12 00:00:00-05:00,PLUG,bubble,7.0,48.97259558135266,-0.38443395377648304,-0.5801886633309057,-0.42924523421477734
2014-11-13 00:00:00-05:00,PLUG,bubble,6.381817917784389,45.424833087512866,-0.3645320295399449,-0.5467980149480229,-0.4039408595072111
2014-11-14 00:00:00-05:00,PLUG,bubble,4.5522387103690285,41.36904493700747,-0.27956988006840566,-0.4838709832478263,-0.349462350085507
2014-11-17 00:00:00-05:00,PLUG,bubble,4.4705882198257845,39.197530160134136,-0.29569896091159475,-0.5053763389173913,-0.349462350085507
2014-11-18 00:00:00-05:00,PLUG,bubble,4.94117635199768,44.35028107799682,-0.35148517071832686,-0.5346534621328738,-0.4009900744692177
2014-11-19 00:00:00-05:00,PLUG,bubble,4.999999819379871,42.57703490915318,-0.3484848740270896,-0.5202020308446207,-0.3888888755096197
2014-11-20 00:00:00-05:00,PLUG,bubble,5.156250227009883,38.575667550819944,-0.34517769384852237,-0.5177665105166191,-0.38578679158670465
2014-11-21 00:00:00-05:00,PLUG,bubble,5.140625241561798,29.491529149661147,-0.3104325719813281,-0.511450400898104,-0.38422390962176683
2014-11-24 00:00:00-05:00,PLUG,bubble,4.984848319280034,24.637683663291114,-0.3088607630082534,-0.5088607509364267,-0.38734176023288003
2014-11-25 00:00:00-05:00,PLUG,bubble,5.349206397262501,30.165289093355256,-0.3199999928474426,-0.48250001668930054,-0.39499998092651367
2014-11-26 00:00:00-05:00,PLUG,bubble,4.999999819379871,24.782614104012694,-0.32323231289379706,-0.4646464987027862,-0.3888888755096197
2014-11-28 00:00:00-05:00,PLUG,bubble,4.380281758719887,17.256631333244087,-0.2670157064795118,-0.4240837470863158,-0.36649211555362327
2014-12-01 00:00:00-05:00,PLUG,bubble,3.783783670582853,15.47618529513666,-0.20338984078218536,-0.3813559093729214,-0.3163841518723671
2014-12-02 00:00:00-05:00,PLUG,bubble,3.3902438244317548,18.907557890143522,-0.23888886607723414,-0.4138889025022958,-0.32777773877720673
2014-12-03 00:00:00-05:00,PLUG,bubble,3.4303796264991986,27.439022971929404,-0.21714285441807335,-0.4028571673801967,-0.3085714067731585
2014-12-04 00:00:00-05:00,PLUG,bubble,1.913385908072553,39.15662711167457,-0.25945946642567064,-0.43783786570268235,-0.3459459337550765
2014-12-05 00:00:00-05:00,PLUG,bubble,0.9889502864316113,45.77464303949471,-0.25277774208857595,-0.44166665452497944,-0.32777773877720673
2014-12-08 00:00:00-05:00,PLUG,bubble,0.6359223199841302,39.39393413953499,-0.19881301502305937,-0.4243323076853418,-0.28189906276733656
2014-12-09 00:00:00-05:00,PLUG,bubble,0.9523809963072793,23.239433900204347,-0.1798780241816046,-0.39329267472720153,-0.26219509225527043
2014-12-10 00:00:00-05:00,PLUG,bubble,0.7058823791904696,23.076920511903097,-0.1567398091007135,-0.3510972112500682,-0.24137930003594962
2014-12-11 00:00:00-05:00,PLUG,bubble,0.7514123943718127,21.999994913736984,-0.1322580193629732,-0.3548386898298783,-0.21935479008320194
2014-12-17 00:00:00-05:00,PLUG,bubble,0.6243094752288358,23.979592829731672,-0.11564630815325028,-0.25850339308556936,-0.17687073836934994
2014-12-18 00:00:00-05:00,PLUG,bubble,0.604395600076949,25.543481007302987,-0.0958903986554499,-0.23972603746372279,-0.1712328722383454
2014-12-19 00:00:00-05:00,PLUG,bubble,0.6944444628409403,35.50295674338807,-0.1377048670300478,-0.2655737558829785,-0.20655733963008535
2014-12-22 00:00:00-05:00,PLUG,bubble,0.6576086396671883,33.128834535299475,-0.15409837244531555,-0.2622950704339304,-0.20655733963008535
2014-12-23 00:00:00-05:00,PLUG,bubble,0.7288135456237528,35.71428350261053,-0.160130725065195,-0.2581699270018396,-0.2091502870762324
2014-12-24 00:00:00-05:00,PLUG,bubble,0.7428571156093053,25.925920693144676,-0.15737705789436374,-0.2459016431886899,-0.20655733963008535
2014-12-26 00:00:00-05:00,PLUG,bubble,0.7906976002754567,29.687496507539606,-0.20454541935971293,-0.2727272516158278,-0.21428567005221058
2014-12-29 00:00:00-05:00,PLUG,bubble,0.8855422755287237,39.09091854883702,-0.21725240955100222,-0.2843450710426402,-0.2268370645966552
2014-12-30 00:00:00-05:00,PLUG,bubble,0.9141103648382034,42.15686022433313,-0.246794874733957,-0.30769225478877493,-0.24679487473395695
2014-12-31 00:00:00-05:00,PLUG,bubble,0.935483930510365,40.952379871117756,-0.22666668891906738,-0.29666670163472497,-0.22666668891906738
2021-03-18 00:00:00-04:00,PLUG,bubble,11.848057099145063,35.07944145930561,-0.31325635604512003,-0.2942794439858508,-0.4480198196391019
2021-03-24 00:00:00-04:00,PLUG,bubble,7.900804448571067,39.350405356302524,-0.18915664284127842,-0.16746991703378344,-0.3954819507947726
2021-03-25 00:00:00-04:00,PLUG,bubble,7.880208134457154,41.92546293197457,-0.18563044866882716,-0.16539588393027937,-0.41143693275952525
2021-03-26 00:00:00-04:00,PLUG,bubble,7.931758343930758,43.436289266043765,-0.2074639940991575,-0.17866583116236734,-0.41022625874925456
2021-03-29 00:00:00-04:00,PLUG,bubble,7.2741936693330445,30.84329082051535,-0.07732296994872534,-0.0877193210756132,-0.3479532408349824
2021-03-30 00:00:00-04:00,PLUG,bubble,8.508380346636647,36.62914018650591,-0.21180965916286,-0.12896595707770886,-0.41039955478763546
2021-03-31 00:00:00-04:00,PLUG,bubble,9.124293937513857,29.004766812593388,-0.29715400594833064,-0.2078683239738076,-0.4400111716133732
2021-04-01 00:00:00-04:00,PLUG,bubble,9.65256765289366,29.334705362247718,-0.27566641714982376,-0.188598923078238,-0.43079975467362647
2021-04-05 00:00:00-04:00,PLUG,bubble,8.835293437865385,28.328889201559818,-0.23534686767597202,-0.15251192235539313,-0.39982055864099125
2021-04-06 00:00:00-04:00,PLUG,bubble,9.349253479381204,35.43105880282867,-0.2985289593522914,-0.0842226225313395,-0.4211133327142381
2021-04-07 00:00:00-04:00,PLUG,bubble,7.661246230046659,36.27559736963429,-0.23748430734238535,-0.04755940531780267,-0.3720275259777788
2021-04-08 00:00:00-04:00,PLUG,bubble,7.93698577522942,42.37978259639497,-0.2458613983146335,-0.13274059344388944,-0.38473328166768933
2021-04-09 00:00:00-04:00,PLUG,bubble,7.45549733024238,36.96599630636116,-0.19226003811626702,-0.15417955603300293,-0.3786377656691646
2021-04-12 00:00:00-04:00,PLUG,bubble,6.769633723522197,31.48816234670818,-0.0838948701319232,-0.12331535747234668,-0.32378707922977046
2021-04-13 00:00:00-04:00,PLUG,bubble,6.1092237206586,33.83620211258655,-0.055991848608228145,-0.10447255983760773,-0.31478323429533855
2021-04-14 00:00:00-04:00,PLUG,bubble,5.648711830553291,38.274006188329665,0.048960948463559806,-0.08700244334119656,-0.29306093250068393
2021-04-15 00:00:00-04:00,PLUG,bubble,5.241627087089519,31.720676011138707,0.28746646056481784,0.025297042681183823,-0.2307397632255875
2021-04-16 00:00:00-04:00,PLUG,bubble,5.066815403051673,35.232709433595346,0.16776797845900382,-0.05396473295543458,-0.26321586404329206
2021-04-19 00:00:00-04:00,PLUG,bubble,4.584070769386252,37.25850630197175,0.23771791023808686,0.01228207086979105,-0.2048336023445577
2021-04-20 00:00:00-04:00,PLUG,bubble,4.712669584651108,26.23038958606095,0.29069307535001543,0.11089105889348705,-0.2051485269376547
2021-04-21 00:00:00-04:00,PLUG,bubble,5.4312797959679235,26.587724187913906,0.2321296749720434,-0.01879146058773884,-0.26050109999342197
2021-04-22 00:00:00-04:00,PLUG,bubble,5.120092486587991,26.502144846790955,0.242264081846993,-0.13773583466151973,-0.24264152095002947
2021-04-23 00:00:00-04:00,PLUG,bubble,5.506976349099787,35.08196598289764,0.20335949677625353,-0.2122944504606744,-0.2827019291216148
2021-04-26 00:00:00-04:00,PLUG,bubble,5.656818245609928,35.364531944047215,0.11642197817769229,-0.22328442168331686,-0.31478323429533855
2021-04-27 00:00:00-04:00,PLUG,bubble,5.344444274902344,39.60999427446713,0.221716357275336,-0.21821365004273663,-0.297022758978869
2021-04-28 00:00:00-04:00,PLUG,bubble,5.500000053697877,38.29390410954023,0.18399159550568922,-0.23319477849113524,-0.30457382985551734
2021-04-29 00:00:00-04:00,PLUG,bubble,5.395927594975819,37.660752212430715,0.21719134383537786,-0.23098693246933433,-0.2900601567088946
2021-04-30 00:00:00-04:00,PLUG,bubble,5.820574497538527,45.80645214217086,0.3016485553289321,-0.26271482676210145,-0.29603649478429467
2021-05-03 00:00:00-04:00,PLUG,bubble,5.793367000631079,41.38600710635405,0.43710107637352213,-0.185129498805633,-0.24633870344266054
2021-05-04 00:00:00-04:00,PLUG,bubble,5.014669795526638,38.56367338044879,0.6930894666673386,-0.12439022026387314,-0.18414636652029445
2021-05-05 00:00:00-04:00,PLUG,bubble,4.8249401609399705,43.82716388544398,0.6974062572340258,-0.03664064485185503,-0.17373409063996767
2021-05-06 00:00:00-04:00,PLUG,bubble,4.410071715392486,34.56464652158071,0.7748227776323124,-0.057624081021060536,-0.11037233289287895
2021-05-07 00:00:00-04:00,PLUG,bubble,4.274599505878846,41.978022039442834,0.7453362635063872,-0.15791754924641932,-0.129284149278625
2021-05-10 00:00:00-04:00,PLUG,bubble,3.4109887590098635,34.41636748152443,0.9118086455068493,-0.17140012886720402,0.0
2021-05-11 00:00:00-04:00,PLUG,bubble,4.475638212247856,40.30668613289956,0.7347456764811875,-0.3343220430419075,-0.06949157925797189
2021-05-12 00:00:00-04:00,PLUG,bubble,4.196261374041855,38.77766320513469,0.83093532552927,-0.3952338153019276,-0.012589959061471256
2021-05-13 00:00:00-04:00,PLUG,bubble,4.343065297103766,33.07087095643308,0.8296904362617217,-0.38160289208262677,0.0
2021-05-14 00:00:00-04:00,PLUG,bubble,5.0541872586525685,37.66369946988913,0.7672904296803313,-0.38852726689898864,-0.033360443342938105
2021-05-17 00:00:00-04:00,PLUG,bubble,5.11274534324095,40.3527584831373,0.7297513418549142,-0.4186046636126146,-0.04731356374930281
2021-05-18 00:00:00-04:00,PLUG,bubble,5.47961629817942,45.507812863797824,0.5477423755116204,-0.3882309249963046,-0.12065137578282824
2021-05-19 00:00:00-04:00,PLUG,bubble,5.587529690831142,48.03342904771644,0.5693484414975472,-0.42191479754712324,-0.1350563952387522
2021-05-20 00:00:00-04:00,PLUG,bubble,5.509478833909361,47.4129333405452,0.5285767283602891,-0.3967965013101131,-0.1350563952387522
2021-05-21 00:00:00-04:00,PLUG,bubble,5.68824913174473,53.3798287049605,0.4492649355864622,-0.4101828209775802,-0.1480817228809076
2021-05-24 00:00:00-04:00,PLUG,bubble,5.618004836822501,57.51445147247857,0.6378675730686307,-0.3882353337165795,-0.12647060432236043
2021-05-25 00:00:00-04:00,PLUG,bubble,5.590047594452463,59.99999566511684,0.5393744047251219,-0.45415316085259105,-0.14563104332383728
2021-05-26 00:00:00-04:00,PLUG,bubble,5.856813177180357,70.08451005102883,0.42371167724552405,-0.4691815444461369,-0.19973055569242695
2021-05-27 00:00:00-04:00,PLUG,bubble,6.042353012982537,69.65714590890067,0.4336785636447755,-0.4300033647847239,-0.2061476783622675
2021-05-28 00:00:00-04:00,PLUG,bubble,6.292161635336238,84.76128329502004,0.3110748859846659,-0.37915312728749806,-0.22605864369995307
2021-06-01 00:00:00-04:00,PLUG,bubble,6.217289223224508,80.50209082140654,0.34736159774195596,-0.4017481415545392,-0.23081901267877458
2021-06-02 00:00:00-04:00,PLUG,bubble,6.395180681638127,89.15664056243996,0.29846848421844596,-0.416096456029462,-0.2258064576273093
2021-06-03 00:00:00-04:00,PLUG,bubble,6.201438881827176,86.12356447207662,0.22244416400555655,-0.3909423743815964,-0.20879121926067662
2021-06-04 00:00:00-04:00,PLUG,bubble,5.115999984741211,82.96705231462133,0.19097443622660082,-0.41465010911743216,-0.2230215733106414
2021-06-07 00:00:00-04:00,PLUG,bubble,5.731556906507283,85.92190398216897,0.018569273628189498,-0.4343987583943666,-0.2767122882030046
2021-06-08 00:00:00-04:00,PLUG,bubble,5.342803096154118,83.80357369922554,0.01672133563832623,-0.43714543336109213,-0.2905345166298125
2021-06-09 00:00:00-04:00,PLUG,bubble,5.3588237081569545,74.3615018293125,0.1230341605372336,-0.42830710018314777,-0.2673450507155939
2021-06-10 00:00:00-04:00,PLUG,bubble,4.563604349833359,68.07554336285493,0.16227369768639033,-0.46268656083597237,-0.24547474113753692
2021-06-11 00:00:00-04:00,PLUG,bubble,5.705263238204153,67.90235616202116,0.08069066740014241,-0.498901103705089,-0.25400314146604025
2021-06-14 00:00:00-04:00,PLUG,bubble,5.041501984292833,64.46351283473555,0.08668634453168078,-0.5354923143270647,-0.22276740379213605
2021-06-15 00:00:00-04:00,PLUG,bubble,4.60460663131299,55.600326754441575,0.10376707877153679,-0.5136986493751148,-0.18630138328496376
2021-06-16 00:00:00-04:00,PLUG,bubble,4.440367092880357,49.817846460860615,0.0303541190593406,-0.4866778933272967,-0.1986509094579341
2021-06-17 00:00:00-04:00,PLUG,bubble,4.642722230004253,49.63436965356169,0.050586271677879546,-0.5226130714274259,-0.2040201030070485
2021-06-18 00:00:00-04:00,PLUG,bubble,4.41187398865623,42.949305839387186,0.016455246519742728,-0.45731916755904034,-0.18546451262469282
2021-06-21 00:00:00-04:00,PLUG,bubble,4.44708034262316,45.414467287210826,-0.0033500964888364404,-0.4445561235570844,-0.2040201030070485
2021-06-22 00:00:00-04:00,PLUG,bubble,5.107719822137177,60.875242358429226,-0.19664904303465103,-0.5035273614820313,-0.30158730425708774
2021-06-23 00:00:00-04:00,PLUG,bubble,4.259720155165634,62.760935815617366,-0.1437019708517423,-0.4716143997491459,-0.2974571128539057
2021-06-24 00:00:00-04:00,PLUG,bubble,3.346103141323759,57.62155428830659,-0.12218851606891867,-0.44589669614766614,-0.2778115766896731
2021-06-25 00:00:00-04:00,PLUG,bubble,3.3333334414596747,46.42857970023304,-0.0769230999559064,-0.4317111408262251,-0.25400314146604025
2021-06-28 00:00:00-04:00,PLUG,bubble,3.9985358376290563,52.07666980129938,-0.1329818128103213,-0.49824254636745613,-0.304042160115384
2021-06-29 00:00:00-04:00,PLUG,bubble,3.265332015933881,55.631405404997224,-0.16872070417874985,-0.5202464934561379,-0.30281693215077726
2021-06-30 00:00:00-04:00,PLUG,bubble,3.1644334309194218,59.768451639375144,-0.18221701645139865,-0.515355356525816,-0.30505992444466806
2021-07-01 00:00:00-04:00,PLUG,bubble,2.7553553329264178,55.09066229864923,-0.1341939668692812,-0.4842389793789912,-0.28670071301968375
2021-07-02 00:00:00-04:00,PLUG,bubble,2.569230569305815,56.87545349334748,-0.13084975553873968,-0.4581280594359909,-0.26847288904715605
2021-07-06 00:00:00-04:00,PLUG,bubble,2.2925853825227995,64.1860526322015,-0.12385878329965971,-0.4650030554726161,-0.27693244712244597
2021-07-07 00:00:00-04:00,PLUG,bubble,2.230192674882833,51.717307165611075,-0.06695394274628741,-0.36559498371736243,-0.2124627057077392
2021-07-08 00:00:00-04:00,PLUG,bubble,2.1399999919690584,49.934553454336836,-0.11934292574748662,-0.33724436780664047,-0.20348641335397252
2021-07-09 00:00:00-04:00,PLUG,bubble,2.2837988844674153,50.73138092972876,-0.14188500043870966,-0.37189522055674074,-0.19156173112237507
2021-07-12 00:00:00-04:00,PLUG,bubble,2.1204300927514907,47.182619579349826,-0.13990355993274461,-0.37904892579204585,-0.18125431240214324
2021-07-13 00:00:00-04:00,PLUG,bubble,2.347773560775274,23.6394402253527,-0.11035225479874389,-0.3439971171748313,-0.14593815637955332
2021-07-14 00:00:00-04:00,PLUG,bubble,2.0682083336365245,21.65107858845424,-0.054257742440963486,-0.3311982144802683,-0.10474757312532933
2021-07-15 00:00:00-04:00,PLUG,bubble,1.9623894689880195,24.83551070774432,-0.07953700573194578,-0.42270352345971096,-0.11277073862323192
2021-07-16 00:00:00-04:00,PLUG,bubble,1.870860819450408,25.420861203704618,-0.08073819157978546,-0.368704347104889,-0.08650518955019351
2021-07-19 00:00:00-04:00,PLUG,bubble,1.8921024095605907,7.604146260342901,-0.09846151792086089,-0.3346154139592097,-0.09846151792086087
2021-07-20 00:00:00-04:00,PLUG,bubble,2.123255746386517,15.288448030423694,-0.1500372522364124,-0.32613551860850754,-0.15003725223641237
2021-07-21 00:00:00-04:00,PLUG,bubble,2.0892069903907857,23.257841313239496,-0.2516933924409698,-0.34688056352531893,-0.2516933924409698
2021-07-22 00:00:00-04:00,PLUG,bubble,2.0536313414681575,23.58656977381915,-0.20965969843512966,-0.3545554541203092,-0.23197951592705904
2021-07-23 00:00:00-04:00,PLUG,bubble,2.1430246547737997,24.250681387725166,-0.21447221613355172,-0.3476314763326914,-0.21708317086009474
2021-07-26 00:00:00-04:00,PLUG,bubble,2.1772298404229837,23.415972267955,-0.23531581099732002,-0.39490212983273676,-0.23531581099732
2021-07-27 00:00:00-04:00,PLUG,bubble,2.1796404819310133,29.24311281946177,-0.25687381886265126,-0.35291899062676413,-0.2568738188626512
2021-07-28 00:00:00-04:00,PLUG,bubble,2.4528534087879783,39.64803296277591,-0.30039527967193325,-0.2227811994227923,-0.3003952796719333
2021-07-29 00:00:00-04:00,PLUG,bubble,2.3211235844369194,38.883253979872336,-0.3286764810035795,-0.21544119286702124,-0.3286764810035795
2021-07-30 00:00:00-04:00,PLUG,bubble,2.4228358098851994,40.899582278655274,-0.31231672446161274,-0.22140765262092277,-0.33064516974808106
2021-08-02 00:00:00-04:00,PLUG,bubble,2.4526589763326734,43.348120574057056,-0.1784372595886361,-0.12734790346064828,-0.3140495998043069
2021-08-03 00:00:00-04:00,PLUG,bubble,1.8919214205666326,49.68233075554507,-0.1355228457382638,-0.11060778899554158,-0.31068326211196995
2021-08-04 00:00:00-04:00,PLUG,bubble,1.8357063598168235,44.59294568507061,-0.1564310286805125,-0.06875236853070643,-0.2947083561468639
2021-08-05 00:00:00-04:00,PLUG,bubble,1.786709561908796,49.93394830406003,-0.19538461245023286,-0.031153825613168595,-0.29769229888916016
2021-08-06 00:00:00-04:00,PLUG,bubble,1.4137931708739142,49.347256145159655,-0.1725868486174189,-0.01081076383864299,-0.29498067575963843
2021-08-09 00:00:00-04:00,PLUG,bubble,1.4982270365491464,57.26871932068154,-0.2384670386064145,-0.12455642976828352,-0.3520227100377977
2021-08-10 00:00:00-04:00,PLUG,bubble,1.4169435609359473,55.9591416198255,-0.24536086609619678,-0.010996552942589943,-0.37250859142567494
2021-08-11 00:00:00-04:00,PLUG,bubble,1.4226347128162944,50.35750592953295,-0.16058392991927672,0.012408764865746713,-0.33357662470430005
2021-08-12 00:00:00-04:00,PLUG,bubble,1.4844778516543915,48.050684888469405,-0.15675878127860388,0.11851575487312771,-0.30859521641871135
2021-08-13 00:00:00-04:00,PLUG,bubble,1.199823989997165,40.893173314297705,-0.14805917925085543,0.19887952616544236,-0.269307707237934
2021-08-16 00:00:00-04:00,PLUG,bubble,1.2017544931028432,43.41508481808214,-0.14462155430065693,0.1629482107740272,-0.27250996209695577
2021-08-17 00:00:00-04:00,PLUG,bubble,1.120491905220093,40.666674417159875,-0.08117511841302116,0.10050245031991034,-0.2941631373591045
2021-08-18 00:00:00-04:00,PLUG,bubble,0.9624117907299574,39.98127299019056,-0.04628890152166998,0.13447729094381566,-0.2713487383071192
2021-08-19 00:00:00-04:00,PLUG,bubble,0.7406594060725791,35.21008874777009,-0.025673426114283693,0.1287878550700834,-0.23148147925160328
2021-08-20 00:00:00-04:00,PLUG,bubble,0.7724944701540404,39.7950456191673,-0.0891456825513729,0.08873296158270727,-0.2463887505630339
2021-08-23 00:00:00-04:00,PLUG,bubble,0.9582365891119751,45.382795118453544,-0.18088467531230956,0.03159562219792256,-0.27883094593344526
2021-08-24 00:00:00-04:00,PLUG,bubble,1.0948136192728146,49.841273829929044,-0.23365573796498074,0.06460348362281132,-0.2936170228464946
2021-08-25 00:00:00-04:00,PLUG,bubble,1.055252845400418,51.57088027407351,-0.1719045450363219,0.13593336513932885,-0.30859521641871135
2021-08-26 00:00:00-04:00,PLUG,bubble,0.9846742712631187,50.0,-0.12779920906154096,0.11737455445182166,-0.29498067575963843
2021-08-27 00:00:00-04:00,PLUG,bubble,1.0477290877719567,43.35017033678663,-0.04924809951713249,0.07142855606324972,-0.3135338358264746
2021-08-30 00:00:00-04:00,PLUG,bubble,0.9992348715290487,37.00787335877132,-0.04898579488738575,0.07883664138742286,-0.3011863446096596
2021-08-31 00:00:00-04:00,PLUG,bubble,1.0077041899072747,43.16326665659794,-0.030314621042535128,0.0759785683101264,-0.2993092631200667
2021-09-01 00:00:00-04:00,PLUG,bubble,0.9058740330549049,52.68595163454586,-0.11919795601355221,0.00037134158070961654,-0.3219457845541734
2021-09-02 00:00:00-04:00,PLUG,bubble,1.0662099626448538,62.7358431152389,-0.15027624239528148,-0.04714544373043961,-0.3274401294496108
2021-09-03 00:00:00-04:00,PLUG,bubble,1.2857142149406826,57.1271866532483,-0.11969696564669996,-0.020833304735144775,-0.3083333146692524
2021-09-07 00:00:00-04:00,PLUG,bubble,1.278911455396183,55.31427540059217,-0.04552236373452612,0.025000003558486306,-0.318656688481137
2021-09-08 00:00:00-04:00,PLUG,bubble,1.152600254508286,51.00105657871491,0.03722774392307393,0.15326735996963947,-0.27683167410368964
2021-09-09 00:00:00-04:00,PLUG,bubble,1.082440230054861,59.14634061242633,0.0249405841274013,0.18448138579523632,-0.2771179705689917
2021-09-10 00:00:00-04:00,PLUG,bubble,0.9933993461665478,49.60362581931731,0.011589432467463467,0.24296361242991327,-0.24420528376626832
2021-09-13 00:00:00-04:00,PLUG,bubble,1.0674636213155573,42.875478306176674,-0.07104499704246714,0.1941346939560129,-0.2457661743327746
2021-09-14 00:00:00-04:00,PLUG,bubble,1.0147059075605962,42.28274720509141,-0.06366584365526584,0.19991891061155664,-0.25952958873200915
2021-09-15 00:00:00-04:00,PLUG,bubble,0.9656823372434489,37.604455862558304,-0.02557852952630768,0.18960618089394177,-0.2586276552551251
2021-09-16 00:00:00-04:00,PLUG,bubble,0.9296754345501181,43.36661896029124,0.027633181939600293,0.1313576602659854,-0.2687224376848102
2021-09-17 00:00:00-04:00,PLUG,bubble,1.0615264017749633,49.16772698299505,-0.01208914632131386,0.04684547802358896,-0.3101624215128179
2021-09-20 00:00:00-04:00,PLUG,bubble,0.8967550529088788,47.46600840742287,0.003499228421097289,0.010886496660990286,-0.2900466284460292
2021-09-21 00:00:00-04:00,PLUG,bubble,0.952095852837199,50.11933445831989,0.04486196624680372,-0.021472372223182323,-0.2998466149425115
2021-09-22 00:00:00-04:00,PLUG,bubble,1.0819798484860108,49.940118392664814,0.026745888236030524,-0.11069834820916469,-0.32169390129527536
2021-09-23 00:00:00-04:00,PLUG,bubble,1.2988411120158387,53.45211992845532,0.024846907286099063,-0.1850918693650967,-0.34245589024551565
2021-09-24 00:00:00-04:00,PLUG,bubble,1.3994661799420567,53.156143582967104,0.03633672504766072,-0.1957730409241214,-0.32295140178812703
2021-09-27 00:00:00-04:00,PLUG,bubble,1.4377682874218949,57.952285584980416,-0.01126759503952346,-0.23063377905071658,-0.35704223682567754
2021-09-28 00:00:00-04:00,PLUG,bubble,1.0325757811658423,57.83729830221436,0.10510621330015613,-0.1613865052560145,-0.31941855084584125
2021-09-29 00:00:00-04:00,PLUG,bubble,0.9141338013777551,49.70111153930978,0.12703448939051554,-0.1647478972030728,-0.27510917658799644
2021-09-30 00:00:00-04:00,PLUG,bubble,0.9045489340893698,56.29562364540867,0.12020358593479052,-0.17736885372981492,-0.2850430863618155
2021-10-01 00:00:00-04:00,PLUG,bubble,0.8264285496303014,56.21572352307787,0.10833009350111045,-0.14665623952897666,-0.28588187536904996
2021-10-04 00:00:00-04:00,PLUG,bubble,0.7199433595706173,48.55195867130279,0.30550988480304264,-0.0382401446071442,-0.24917761274610836
2021-10-05 00:00:00-04:00,PLUG,bubble,0.548284700991591,48.8945651602724,0.24907671258886843,-0.0984817990656418,-0.25071811243088016
2021-10-06 00:00:00-04:00,PLUG,bubble,0.5157117113559757,48.4120219595557,0.15000001938362395,-0.14268293392083808,-0.2577235794420385
2021-10-08 00:00:00-04:00,PLUG,bubble,0.5206936135500273,56.13011265604385,-0.04303052788941386,-0.26995218861411796,-0.32842957446765225
2021-10-11 00:00:00-04:00,PLUG,bubble,0.5002712512579393,56.49296805214745,-0.05135624216581547,-0.28426758811726616,-0.33960215259299736
2021-10-12 00:00:00-04:00,PLUG,bubble,0.6882087141182729,60.68759485067229,-0.12961721025354223,-0.36433848661176427,-0.3868368096757527
2021-10-13 00:00:00-04:00,PLUG,bubble,0.9643274504828325,67.80905642740296,-0.2036320369608844,-0.42750820318901417,-0.4563858247712743
2021-10-14 00:00:00-04:00,PLUG,bubble,0.8387283739179654,63.97228706081976,-0.18987736905325892,-0.4331970767258433,-0.42596666031283514
2021-10-15 00:00:00-04:00,PLUG,bubble,0.8344097775413348,58.62697542695179,-0.1821383026807224,-0.40396923893553094,-0.4154929461374877
2021-10-18 00:00:00-04:00,PLUG,bubble,1.0030730937709769,67.73399110240642,-0.13930656318720003,-0.4136237950022199,-0.43970542671409424
2021-10-19 00:00:00-04:00,PLUG,bubble,1.0402684485655902,76.6990249312089,-0.20364831775151881,-0.493121965938083,-0.4539473391515835
2021-10-20 00:00:00-04:00,PLUG,bubble,1.0208714744494918,73.6235523625848,-0.30589302392413253,-0.5039489419197245,-0.44532195490499177
2021-10-21 00:00:00-04:00,PLUG,bubble,1.2658141956158064,74.78579681297688,-0.34541128262206466,-0.5102464904103468,-0.45767742138686857
2021-10-22 00:00:00-04:00,PLUG,bubble,1.1858289224302605,76.08967105238155,-0.3042813617978959,-0.5189602698705768,-0.44159022009636134
2021-10-25 00:00:00-04:00,PLUG,bubble,1.3206920617303308,78.88950556460414,-0.3600917714642061,-0.5249426838472402,-0.47649083515729007
2021-10-26 00:00:00-04:00,PLUG,bubble,1.3630704065561088,75.62934587136665,-0.35235585757569665,-0.5194614879664547,-0.4656130755816939
2021-10-27 00:00:00-04:00,PLUG,bubble,1.3265720037974162,73.88059341966986,-0.36820692044399483,-0.5329846042986017,-0.46934029904521707
2021-12-02 00:00:00-05:00,PLUG,bubble,0.513086773190808,33.95795220505357,-0.5085117924636996,-0.56589782497305,-0.6306974056705551
1999-08-04 00:00:00-04:00,SCHW,largecap,2.1627963676099733,13.613835401328913,-0.03307468605617281,0.5122513310142058,-0.24971018023810382
1999-09-13 00:00:00-04:00,SCHW,largecap,2.2598448767281143,32.49998758928382,0.3806187921176494,0.5477744575786496,-0.24745741330596455
1999-09-14 00:00:00-04:00,SCHW,largecap,2.101613668155993,34.86592607475798,0.33769559079044,0.5484030585631137,-0.2371136561141137
1999-09-15 00:00:00-04:00,SCHW,largecap,1.94506870082824,30.04113846048243,0.3319692713242881,0.545747193503828,-0.23842218051525563
1999-09-16 00:00:00-04:00,SCHW,largecap,1.7370728523919987,29.46052293177999,0.3545772194304142,0.5044931801033017,-0.24873064374701864
1999-09-17 00:00:00-04:00,SCHW,largecap,1.7667612869567106,31.838453851587175,0.5278292471389219,0.463041143043212,-0.23316046175328142
1999-09-20 00:00:00-04:00,SCHW,largecap,1.795335873420632,46.3916777045034,0.44581831444429376,0.29599868903007254,-0.25752497583665196
1999-09-21 00:00:00-04:00,SCHW,largecap,1.7700416453720038,35.71421433538018,0.5132022054407672,0.3950424201273619,-0.22916642214786412
1999-09-22 00:00:00-04:00,SCHW,largecap,1.6537108126686948,36.45826854724835,0.6084451493560967,0.38858486388451996,-0.22513073013929552
1999-09-23 00:00:00-04:00,SCHW,largecap,1.4698921601613915,35.53299606347447,0.7295941654316311,0.271493520241584,-0.21693105715336358
1999-09-24 00:00:00-04:00,SCHW,largecap,1.6352516997179203,17.49984204457502,0.8518164094162923,0.4966065075459536,-0.2099644900272806
1999-09-27 00:00:00-04:00,SCHW,largecap,1.4839624572039751,16.470436510664967,0.7856247054500418,0.5187021093916708,-0.17472119264709354
1999-09-28 00:00:00-04:00,SCHW,largecap,1.408170820986728,19.310206292345754,0.8095249405978304,0.490658654771704,-0.16541373921381658
1999-09-29 00:00:00-04:00,SCHW,largecap,1.5617705785368319,31.446461156005412,0.717797094480864,0.43146307964317554,-0.19855601061408723
1999-09-30 00:00:00-04:00,SCHW,largecap,1.5524492893943904,28.901651138924294,0.7657087675556837,0.5721361401327503,-0.1700935610303145
1999-10-01 00:00:00-04:00,SCHW,largecap,1.6768587090728864,29.585665200703374,0.7516945253907013,0.6360039706329359,-0.14779232529842656
1999-10-04 00:00:00-04:00,SCHW,largecap,1.5845077455375587,38.33319936410834,0.6882085505842506,0.5575800001895455,-0.17777752297039778
1999-10-05 00:00:00-04:00,SCHW,largecap,1.7950312474486618,39.34413296528962,0.47160859319378345,0.48262569293861723,-0.18382324417803805
1999-10-06 00:00:00-04:00,SCHW,largecap,1.8330642213430215,41.26993651738166,0.5279404533033836,0.44811851275474135,-0.20430118606281925
1999-10-07 00:00:00-04:00,SCHW,largecap,2.0646215288535497,48.167529654918276,0.6270027645363492,0.4441848196600642,-0.22377600672289996
1999-10-08 00:00:00-04:00,SCHW,largecap,1.9029756391590187,35.265716334219206,0.6435969532485215,0.38727730177678543,-0.1731843936934908
1999-10-11 00:00:00-04:00,SCHW,largecap,1.5901095936877114,39.24731748941194,0.6672012760843109,0.30580145912300805,-0.1716415676071486
1999-10-12 00:00:00-04:00,SCHW,largecap,1.3894971387983697,34.59715966214189,0.70590653630234,0.386644942733702,-0.12598411437401957
1999-10-13 00:00:00-04:00,SCHW,largecap,1.0172706992594347,27.65151252256537,0.818632981700911,0.5420934488749274,-0.011135620843754582
1999-10-14 00:00:00-04:00,SCHW,largecap,1.1141343918929283,35.64014865857379,0.6378784288412938,0.3608498229821244,-0.07306896650196969
1999-10-15 00:00:00-04:00,SCHW,largecap,0.9425961431922798,35.640133075140895,0.4251643508674483,0.657099294411706,-0.0241755205123977
1999-10-18 00:00:00-04:00,SCHW,largecap,0.8256162099209283,35.034010681580426,0.5145633361361961,0.70491789281832,0.0
1999-10-19 00:00:00-04:00,SCHW,largecap,0.9463054601581644,36.75495895540928,0.515818882768057,0.5526500210106227,-0.002109793082856498
1999-10-20 00:00:00-04:00,SCHW,largecap,1.0347513919800666,40.89353383696988,0.46782163471038785,0.4489770812052907,-0.01867309757487515
1999-10-21 00:00:00-04:00,SCHW,largecap,1.1030914730080257,41.60843355128778,0.48940505490708097,0.5749855787138409,0.0
1999-10-22 00:00:00-04:00,SCHW,largecap,1.1688769065422142,44.702017617000784,0.39072850317852437,0.4901253220111843,-0.03149607523362815
1999-10-25 00:00:00-04:00,SCHW,largecap,1.0369124247067232,41.71978751660026,0.496972666157274,0.5202690364130191,0.0
1999-10-26 00:00:00-04:00,SCHW,largecap,1.1052485027972891,40.19605525341793,0.44678659162238077,0.5170317225454792,0.0
1999-10-27 00:00:00-04:00,SCHW,largecap,1.4134566251485565,45.53577892461553,0.34410493492916694,0.3772500790063813,-0.02549152110860495
1999-10-28 00:00:00-04:00,SCHW,largecap,1.540977958649774,58.30980039763497,0.1954598975033741,0.24490668011153494,-0.1137852905267213
1999-11-11 00:00:00-05:00,SCHW,largecap,1.233422366684779,63.83099524645774,0.13612006142856692,0.39516255379541554,-0.10659865494094928
1999-12-01 00:00:00-05:00,SCHW,largecap,1.086354477582029,49.06099513699443,0.14075963411495418,0.15646022692283612,-0.1199996210408639
1999-12-14 00:00:00-05:00,SCHW,largecap,0.8071276469059683,33.33334308018992,0.30086629005848087,0.22905227057050714,-0.1199996210408639
1999-12-16 00:00:00-05:00,SCHW,largecap,0.7783033290741461,35.51407027181935,0.3971243247330649,0.2290608379216208,-0.08650464886119373
1999-12-17 00:00:00-05:00,SCHW,largecap,0.6538216943240911,39.99998005490884,0.4334802583347803,0.19528090896882122,-0.08650464886119373
2021-11-05 00:00:00-04:00,BNTX,bubble,1.3547824660696408,37.70400684847141,-0.352289438447813,-0.2482977957805974,-0.4172359711866707
2022-01-05 00:00:00-05:00,BNTX,bubble,1.3193284992884782,17.73891007286541,-0.18467859979859813,-0.28071720179680704,-0.4093436801812807
2022-01-06 00:00:00-05:00,BNTX,bubble,1.292026888654008,20.573681844495127,-0.21451561482575432,-0.2980798223890788,-0.4184480701458309
2022-01-07 00:00:00-05:00,BNTX,bubble,1.1101703085525743,17.605635392435715,-0.22791711810207005,-0.26498589769929426,-0.4104868276957581
2022-01-11 00:00:00-05:00,BNTX,bubble,1.0464675742384997,29.07204650219694,-0.27476436824266526,-0.2984756332590045,-0.42130462431174664
2022-01-12 00:00:00-05:00,BNTX,bubble,1.1525190550879274,34.62664618599274,-0.2593910044009685,-0.33458042958845824,-0.4345883465858456
2022-01-13 00:00:00-05:00,BNTX,bubble,0.917713861710806,31.28935540029022,-0.19620246512101902,-0.2852027236277095,-0.3847851523018749
2022-01-14 00:00:00-05:00,BNTX,bubble,0.9293238190769393,29.890633456002448,-0.14840880971228143,-0.2602793452311226,-0.3628445521448244
2022-01-18 00:00:00-05:00,BNTX,bubble,0.6163323746692964,27.394598498095547,-0.017589861936398665,-0.16212533163768716,-0.26205480152900507
2022-01-19 00:00:00-05:00,BNTX,bubble,0.5660176650785165,26.27846912508015,0.03963233562782453,-0.10502743959530447,-0.22749931188216438
2022-01-26 00:00:00-05:00,BNTX,bubble,0.5164667926356716,30.519923551619996,0.03985312630935356,-0.0941953335421083,-0.22288443341881564
2022-02-01 00:00:00-05:00,BNTX,bubble,0.5650052717390865,35.267778997462656,0.0055159922540579664,-0.18534193668350918,-0.30466336185764875
2022-02-02 00:00:00-05:00,BNTX,bubble,0.5264362702483751,32.795333039723445,0.014876272509268373,-0.2009902524704389,-0.3067861954425249
2022-02-04 00:00:00-05:00,BNTX,bubble,0.5018287566309112,40.2995540035476,-0.02847371643809815,-0.1844745384739117,-0.29273117371180607
2022-03-02 00:00:00-05:00,BNTX,bubble,0.5110540228293421,33.863475072670354,-0.0026826939516287895,-0.09831866065205097,-0.15017036442784434
2022-03-16 00:00:00-04:00,BNTX,bubble,0.5368460602442882,55.52690246018736,-0.10902175041804874,-0.19865117093729212,-0.2381499255864307
2022-03-17 00:00:00-04:00,BNTX,bubble,0.5918958068535389,58.27959382241169,-0.10490544164416948,-0.18891262786744523,-0.24313660486463426
2022-03-18 00:00:00-04:00,BNTX,bubble,0.6215262384702522,62.30360604935515,-0.22627238876305134,-0.2256335169067082,-0.2841770964483812
2022-03-21 00:00:00-04:00,BNTX,bubble,0.5899064348601832,62.135511280092935,-0.20510396752085114,-0.20379371756183906,-0.26591539731373764
2022-03-22 00:00:00-04:00,BNTX,bubble,0.7443812754380432,63.74925045587028,-0.2559207659990319,-0.24924822591053752,-0.28487397331320397
2022-03-23 00:00:00-04:00,BNTX,bubble,0.768527324807567,61.54214109867904,-0.2080690753301463,-0.219034291339278,-0.24918856564954253
2022-03-24 00:00:00-04:00,BNTX,bubble,0.7913382262764339,66.6829407487961,-0.23684045784059915,-0.26508364814305063,-0.2671647129078728
2022-03-25 00:00:00-04:00,BNTX,bubble,0.6823309396610195,67.1421490124884,-0.19714006110267746,-0.22638643710199713,-0.2248140518115541
2022-03-28 00:00:00-04:00,BNTX,bubble,0.73443855644806,68.18743617175588,-0.20633698669554557,-0.25098434820367377,-0.24927886340172745
2022-03-29 00:00:00-04:00,BNTX,bubble,0.6506128140817893,66.25579783197713,-0.21363154140688123,-0.2795785442365504,-0.275581752109651
2022-03-30 00:00:00-04:00,BNTX,bubble,0.6006959171928206,69.05413242171228,-0.22548597258650205,-0.27783527132640107,-0.2854876533108057
2022-04-01 00:00:00-04:00,BNTX,bubble,0.5496228417047455,64.44706376218443,-0.2253588422818371,-0.28662503749989077,-0.3014740429841931
2022-04-04 00:00:00-04:00,BNTX,bubble,0.589756824486783,72.02266009510245,-0.2515456742207872,-0.3166689163992722,-0.3294541633999885
2022-04-05 00:00:00-04:00,BNTX,bubble,0.5956584520318313,60.5519465788645,-0.23124047802393333,-0.27769446805789055,-0.30935484075074854
2000-09-28 00:00:00-04:00,AMD,bubble,1.749090909090909,31.14285714285714,0.12338628213872349,-0.6190476190476191,-0.42063492063492064
2000-10-02 00:00:00-04:00,AMD,bubble,1.6013986013986012,32.634730538922156,0.018494636781754004,-0.6223656028829595,-0.4112903225806452
2000-10-03 00:00:00-04:00,AMD,bubble,1.5436241610738257,36.59305993690852,-0.12443272734065802,-0.6259630751798524,-0.42216358839050133
2000-10-05 00:00:00-04:00,AMD,bubble,1.523489932885906,39.57055214723926,-0.14680854310380653,-0.5531914893617021,-0.4175531914893617
2000-10-06 00:00:00-04:00,AMD,bubble,1.3703703703703702,39.090909090909086,-0.10454541986638854,-0.5272727446122603,-0.3778409090909091
2000-10-09 00:00:00-04:00,AMD,bubble,1.3552631578947367,26.642335766423358,-0.04715085162796784,-0.5427933165480971,-0.388268156424581
2000-10-10 00:00:00-04:00,AMD,bubble,1.4266666666666667,29.368029739776944,0.033406603467333484,-0.5336263887174837,-0.3983516483516483
2000-10-11 00:00:00-04:00,AMD,bubble,1.5753424657534247,48.14814814814815,0.05744682474339258,-0.5868085090150225,-0.4175531914893617
2000-10-12 00:00:00-04:00,AMD,bubble,1.5069444444444446,30.674846625766875,0.04155124653739617,-0.5789473684210527,-0.39335180055401664
2000-10-13 00:00:00-04:00,AMD,bubble,1.491103202846975,30.30303030303031,0.05142857142857138,-0.5798857334681919,-0.3742857142857143
2000-10-16 00:00:00-04:00,AMD,bubble,1.36231884057971,29.069767441860463,0.36687118436661237,-0.5298159546647335,-0.3282208588957055
2000-10-17 00:00:00-04:00,AMD,bubble,1.2357414448669202,26.31578947368422,0.578775522660236,-0.47428572258981716,-0.25510204081632654
2000-10-18 00:00:00-04:00,AMD,bubble,1.1323529411764706,26.59574468085107,0.6000000000000001,-0.45103449328192347,-0.24482758620689654
2000-10-19 00:00:00-04:00,AMD,bubble,1.3112582781456954,42.73858921161825,0.26532953038256624,-0.5296274966701737,-0.37249283667621774
2000-10-20 00:00:00-04:00,AMD,bubble,1.367892976588629,46.15384615384615,0.23615820933196496,-0.5326553603350106,-0.3813559322033898
2000-10-23 00:00:00-04:00,AMD,bubble,1.2950819672131146,43.72294372294372,0.22971426827566965,-0.5629714093889508,-0.3742857142857143
2000-10-24 00:00:00-04:00,AMD,bubble,1.1111111111111112,35.918367346938766,0.36272446954213433,-0.5328792418488777,-0.3219814241486068
2000-10-25 00:00:00-04:00,AMD,bubble,1.0813559322033899,35.918367346938766,0.5635179153094463,-0.4871661158260383,-0.28664495114006516
2000-10-26 00:00:00-04:00,AMD,bubble,1.138157894736842,44.35146443514645,0.5261538461538462,-0.4338461538461539,-0.3261538461538461
2000-10-27 00:00:00-04:00,AMD,bubble,1.0630914826498423,43.40425531914893,0.558899112433104,-0.40061162079510704,-0.3302752293577982
2000-10-30 00:00:00-05:00,AMD,bubble,0.9938461538461538,41.379310344827594,0.627160531503183,-0.35604938459985047,-0.32407407407407407
2000-10-31 00:00:00-05:00,AMD,bubble,1.2006079027355625,47.286821705426355,0.44132599382769344,-0.425414364640884,-0.39502762430939226
2000-11-07 00:00:00-05:00,AMD,bubble,1.142433234421365,65.50218340611353,0.27202219447931086,-0.395013867322758,-0.39335180055401664
2000-11-08 00:00:00-05:00,AMD,bubble,0.8858695652173914,49.45652173913044,0.2763112532645893,-0.35446685878962536,-0.3688760806916426
2000-11-10 00:00:00-05:00,AMD,bubble,0.5105882352941176,42.7860696517413,0.45246102876752325,-0.31962618723836644,-0.3177570093457944
2000-11-13 00:00:00-05:00,AMD,bubble,0.6674816625916871,54.63917525773196,0.4780058651026393,-0.3595308096877291,-0.35777126099706746
2000-11-14 00:00:00-05:00,AMD,bubble,0.6893203883495145,61.08108108108108,0.4505746775660022,-0.3935632376835264,-0.3706896551724138
2000-11-15 00:00:00-05:00,AMD,bubble,0.6440281030444965,57.647058823529406,0.4810257175369481,-0.3919088249532585,-0.37606837606837606
2000-11-16 00:00:00-05:00,AMD,bubble,0.5817307692307692,50.52631578947368,0.6729484024743542,-0.35027357292755035,-0.3343465045592705
2000-11-17 00:00:00-05:00,AMD,bubble,0.5161290322580645,51.33689839572192,0.6530092001685981,-0.31185412189518424,-0.3343465045592705
2000-11-20 00:00:00-05:00,AMD,bubble,0.5127610208816706,38.15789473684211,0.6029447777870973,-0.32269937714184715,-0.3282208588957055
2000-11-24 00:00:00-05:00,AMD,bubble,0.5033860045146727,35.582822085889575,0.41405406871715456,-0.3484684483067051,-0.34234234234234234
2004-08-03 00:00:00-04:00,NFLX,largecap,0.543088691149531,16.761587507625578,-0.4036363600896411,0.016621784370123516,-0.5101308928808106
2021-09-20 00:00:00-04:00,LCID,bubble,1.4337714179433947,62.97133948456595,0.054840037871211944,-0.36269216517908787,-0.10469462928020291
2021-09-21 00:00:00-04:00,LCID,bubble,1.7190670411002298,72.34181076914042,-0.005967945046960743,-0.41961953539293406,-0.19619546775842417
2021-09-22 00:00:00-04:00,LCID,bubble,1.5253035657225213,73.83488691226745,0.038076152304609145,-0.4264528813486348,-0.13627254509018036
2021-09-23 00:00:00-04:00,LCID,bubble,1.5807106289161643,73.11901239938409,0.03265146794414697,-0.4480723653182247,-0.15224231869728116
2021-09-24 00:00:00-04:00,LCID,bubble,1.6028660286087466,71.37654611927216,-0.010617368917973047,-0.447109695571261,-0.1525757081641121
2021-09-27 00:00:00-04:00,LCID,bubble,1.6391437097196544,71.64502069184184,-0.019698690478786474,-0.44341440903574947,-0.1676322708367345
2021-09-28 00:00:00-04:00,LCID,bubble,1.4964393314135926,69.68420520616978,0.11491447802939514,-0.3797880980696201,-0.12184186894925887
2021-09-29 00:00:00-04:00,LCID,bubble,1.687116355751947,71.3337699351456,0.008371431922456596,-0.46004566024458193,-0.17998474121022873
2021-09-30 00:00:00-04:00,LCID,bubble,1.5950919747665195,67.14915106777917,0.0007880100308801374,-0.4495666065072783,-0.15090623558403676
2021-10-01 00:00:00-04:00,LCID,bubble,1.5215164954000455,63.76285643075389,-0.0024380580602799684,-0.4274685477365717,-0.1243397210264372
2021-10-04 00:00:00-04:00,LCID,bubble,1.4784393235594053,66.33102450913078,0.04432482385073944,-0.3620546648976416,-0.10729078107429715
2021-10-05 00:00:00-04:00,LCID,bubble,1.4737384214507463,63.654483392606046,-0.012073247016357258,-0.3759367368818721,-0.1028309627895811
2021-10-06 00:00:00-04:00,LCID,bubble,1.5092973784991375,61.09530546936462,-0.05351996840946882,-0.4067517096565836,-0.11280360059688313
2021-10-07 00:00:00-04:00,LCID,bubble,1.5108136651179755,55.74433576054267,-0.08449551208226325,-0.45980313658862926,-0.11607876414074461
2021-10-08 00:00:00-04:00,LCID,bubble,1.3906556285806215,46.612905686901456,-0.06715456693317323,-0.46276366159172355,-0.07232028769287047
2021-10-11 00:00:00-04:00,LCID,bubble,1.3456409943409455,30.339316189986846,-0.05115871055691379,-0.4468736262002285,-0.057717521313432815
2021-10-12 00:00:00-04:00,LCID,bubble,1.3699897109031962,38.6826383853387,-0.07675633884886268,-0.43235043177872345,-0.0767563388488627
2021-10-13 00:00:00-04:00,LCID,bubble,1.3288659164586019,33.053893484900286,-0.023904356097321777,-0.4240814093906873,-0.05754758898292434
2021-10-14 00:00:00-04:00,LCID,bubble,1.4803718856820387,42.72541299169913,-0.12494793518275016,-0.5047896772038527,-0.12494793518275021
2021-10-15 00:00:00-04:00,LCID,bubble,1.4876032588863133,40.34152319147983,-0.15614620276991376,-0.484634564363162,-0.15614620276991376
2021-10-18 00:00:00-04:00,LCID,bubble,1.6177684494595979,54.310343977103926,-0.15509072115062106,-0.48658244184227417,-0.19810575437010164
2021-10-19 00:00:00-04:00,LCID,bubble,1.5547520170999318,40.49080868758524,-0.15608574859352897,-0.48887990308910567,-0.17832594241531757
2021-10-20 00:00:00-04:00,LCID,bubble,1.5067218360536954,42.63565677520444,-0.19348182787707813,-0.48019800671361557,-0.1934818278770781
2021-10-21 00:00:00-04:00,LCID,bubble,1.5320912004884075,48.95688535883169,-0.21872444262065394,-0.45584626826547503,-0.2187244426206539
2021-10-22 00:00:00-04:00,LCID,bubble,1.4984456591037887,49.78784468763529,-0.1982579918775904,-0.46909997196332065,-0.20738282345182785
2021-10-25 00:00:00-04:00,LCID,bubble,1.7881619054123066,64.60267877459219,-0.34301678250843803,-0.4815642571760067,-0.3430167825084381
2021-10-26 00:00:00-04:00,LCID,bubble,1.7336786299789506,60.56621955919558,-0.3150113521231235,-0.47270654836920667,-0.3313115918908845
2021-10-27 00:00:00-04:00,LCID,bubble,1.800000126497733,62.643674045007266,-0.30088828511322785,-0.489637351345405,-0.3471503111505262
1987-10-20 00:00:00-04:00,ADBE,quality,1.9041107661757555,28.181829195000304,0.2641505832556932,0.7358485735237008,-0.44339552059750303
1987-10-22 00:00:00-04:00,ADBE,quality,1.6666655832561945,13.207609362645172,0.35999992199441433,0.9700008393726043,-0.40999914600134835
1987-10-23 00:00:00-04:00,ADBE,quality,1.1234571046941295,10.169603219816238,0.5930239798213448,1.279069908068486,-0.3139524655331228
1987-10-26 00:00:00-05:00,ADBE,quality,0.60975351874366,9.302424752194824,1.1212126547100345,1.9545469011455658,-0.10605911842219387
1987-10-29 00:00:00-05:00,ADBE,quality,0.6421035417066887,22.142885665280204,0.7948719658242174,1.2564100427197284,0.0
1987-10-30 00:00:00-05:00,ADBE,quality,0.92513457189885,28.859065307089153,0.6111122597276106,0.9333337366030563,-0.02222211789373668
1987-11-02 00:00:00-05:00,ADBE,quality,1.2222193933195524,33.33334355417976,0.4600006451711982,0.7150004172486275,-0.12000013650977495
1987-11-03 00:00:00-05:00,ADBE,quality,1.1363642743226405,30.86422781134509,0.5638297210228826,0.9042554184656759,-0.06383006679227315
1987-11-04 00:00:00-05:00,ADBE,quality,1.160918552578834,29.999982733147718,0.5425536660026742,0.8404263889815744,-0.06383006679227315
1987-11-05 00:00:00-05:00,ADBE,quality,1.1573049710788452,32.05126802784699,0.5104171639352866,0.8124996825944979,-0.08333358725773496
1987-11-06 00:00:00-05:00,ADBE,quality,0.9777769230880349,38.167951005327154,0.573032439943099,0.96629146291483,-0.011236939850020146
1987-11-09 00:00:00-05:00,ADBE,quality,1.0,44.16664776338006,0.5326103036804031,0.8695653210731245,-0.043478314630509
1987-11-10 00:00:00-05:00,ADBE,quality,0.9565214204048396,39.99992651633888,0.5555560170084723,0.9666679517127241,-0.02222211789373668
1987-11-11 00:00:00-05:00,ADBE,quality,1.0,46.15383052768152,0.4999998675176742,0.9239139871748276,-0.043478314630509
1987-11-12 00:00:00-05:00,ADBE,quality,1.197800041056471,57.14288083267236,0.3500005809791018,0.8100009823828447,-0.12000013650977495
1987-11-13 00:00:00-05:00,ADBE,quality,1.0434787562382617,66.66674727790752,0.478724290749182,0.8723398664154536,-0.06383006679227315
1987-11-16 00:00:00-05:00,ADBE,quality,1.065932335042591,72.72729191406233,0.45744719842080195,0.8297868919515605,-0.06383006679227315
1987-11-17 00:00:00-05:00,ADBE,quality,1.0674168074569148,70.88606917911667,0.45652172953026615,0.8913044342276037,-0.043478314630509
1987-11-18 00:00:00-05:00,ADBE,quality,1.112361163164067,62.90325878232479,0.38297867190668655,0.7978728958635954,-0.06383006679227315
1987-11-19 00:00:00-05:00,ADBE,quality,1.0000029215593274,49.09099639075573,0.4494376965145208,0.9101112372959146,-0.011236939850020146
1987-11-20 00:00:00-05:00,ADBE,quality,0.9775290090299007,36.956488330499674,0.460227209770792,0.9659105934704291,0.0
1987-11-23 00:00:00-05:00,ADBE,quality,1.0898905373888836,48.888953893496094,0.43010724973467385,0.8494608680578641,0.0
1987-11-24 00:00:00-05:00,ADBE,quality,1.2022485963961653,53.99999122436519,0.336735547554345,0.7755100771722976,-0.04081620638977503
1987-11-25 00:00:00-05:00,ADBE,quality,1.243384407221769,58.92858075641065,0.28301856419154836,0.679245167311066,-0.11320757898945683
1987-11-27 00:00:00-05:00,ADBE,quality,1.1224463940288656,64.70579613002892,0.29807742491572053,0.7115385757293256,-0.09615375600316398
1987-11-30 00:00:00-05:00,ADBE,quality,0.989747256676109,54.545541845004536,0.4536082491498723,0.773194116280149,-0.03092861574226952
1987-12-01 00:00:00-05:00,ADBE,quality,0.959595550042569,56.60387743259414,0.5051538757564533,0.773194116280149,-0.03092861574226952
1987-12-02 00:00:00-05:00,ADBE,quality,1.0408137511203752,57.4074246840424,0.464999828143944,0.7800001966390806,-0.059999865115341416
1987-12-03 00:00:00-05:00,ADBE,quality,0.959595550042569,46.93885910143696,0.567009599402494,0.876287715019864,-0.03092861574226952
1987-12-04 00:00:00-05:00,ADBE,quality,0.9009912651561283,52.27272895156924,0.5885410688863044,0.9791670263929022,-0.02083331217296653
1987-12-07 00:00:00-05:00,ADBE,quality,0.7735825307608393,50.0,0.6276596149304605,1.0638300667922733,0.0
1987-12-08 00:00:00-05:00,ADBE,quality,0.9215654815657939,56.25002539250034,0.6224496555955616,0.9591838765243239,-0.020408061737838056
1987-12-09 00:00:00-05:00,ADBE,quality,1.0784283047642598,61.111139533987874,0.47169776029875154,0.8113206505799595,-0.09433967471002026
1988-01-08 00:00:00-05:00,ADBE,quality,0.8938068242531259,42.68287583284828,0.6168224043566457,0.8317745895140876,-0.10280418969925949
1988-01-11 00:00:00-05:00,ADBE,quality,0.7627093900878237,38.37212532334532,0.6682696980502667,0.8846153365350209,-0.07692300480253118
1988-01-28 00:00:00-05:00,ADBE,quality,0.5217390382732325,48.039205533181836,0.5809516041398346,0.9238087071982322,-0.08571470139006956
1988-01-29 00:00:00-05:00,ADBE,quality,0.5588238984369127,52.04083967794701,0.5660375883216093,0.7924530529261977,-0.09433967471002026
1988-02-01 00:00:00-05:00,ADBE,quality,0.5217390382732325,37.17940170263479,0.5904761735248731,0.7619043381218262,-0.08571470139006956
1990-11-02 00:00:00-05:00,ADBE,quality,0.5712055532257989,72.11535682351965,1.0935578619450768,1.0602153679495392,-0.029999970101925767
1990-11-06 00:00:00-05:00,ADBE,quality,0.5554934710314754,63.99999288911414,1.0944687745503145,1.070874516645751,-0.020201973207635723
1996-07-24 00:00:00-04:00,BIIB,bubble,1.4375,29.85075544636038,0.41025641025641035,0.9658120962289662,0.0
2000-04-12 00:00:00-04:00,BIIB,bubble,2.225563909774436,27.255755032010413,1.0421522447279283,0.8360838990111452,-0.2867132867132867
2000-04-13 00:00:00-04:00,BIIB,bubble,2.1552161296815364,28.441556187097632,1.062903376568376,0.888258110206757,-0.25967738291475273
2000-04-14 00:00:00-04:00,BIIB,bubble,2.3684210526315788,27.323768975490026,1.256944497426351,1.1045832633972168,-0.203125
2000-04-17 00:00:00-04:00,BIIB,bubble,1.3738532940874464,26.43331419032073,1.591304347826087,1.534492824388587,-0.11304347826086956
2000-04-18 00:00:00-04:00,BIIB,bubble,1.5323108440850968,37.06896447049366,1.5198963268185692,1.164982787926633,-0.20588231101289167
2000-04-19 00:00:00-04:00,BIIB,bubble,1.9232585984174024,44.762570278865006,1.4281097348949459,0.8715346589202309,-0.2584814582057351
2000-04-20 00:00:00-04:00,BIIB,bubble,1.3933649870030917,30.962064049937666,1.9881186313066461,1.1329108129574124,-0.09108916383714347
2000-04-24 00:00:00-04:00,BIIB,bubble,1.1857142857142855,30.426101716899964,2.3159042059206496,1.2530719034032884,0.0
2000-04-25 00:00:00-04:00,BIIB,bubble,1.1628961403582179,30.426101716899964,2.295240503080328,1.312635904566815,-0.02928882874755676
2000-04-26 00:00:00-04:00,BIIB,bubble,1.2983292719099726,19.18020308701898,2.3354100497712227,1.2479750018253504,-0.036344819351148756
2000-04-27 00:00:00-04:00,BIIB,bubble,1.225419517901304,19.359877094938525,2.2241380773174733,1.4843104450824636,0.0
2000-04-28 00:00:00-04:00,BIIB,bubble,1.522167432143016,26.770430222288596,1.9716798050212745,1.306250173226009,-0.06249994412064219
2000-05-01 00:00:00-04:00,BIIB,bubble,1.622727320489803,35.26786115704641,1.5632580966647676,0.9761523386644948,-0.1681109625428747
2000-05-02 00:00:00-04:00,BIIB,bubble,1.382647466866107,36.687308541824784,1.7600372912837008,1.0858263715642509,-0.10364145658263306
2000-05-03 00:00:00-04:00,BIIB,bubble,1.2935980992601408,39.63210817548785,2.0202119194794093,1.0835419190828866,-0.07603459442312521
2000-05-04 00:00:00-04:00,BIIB,bubble,1.5298013245033113,46.25796548608873,1.8778360576529778,1.1754973246789104,-0.16230366492146597
2000-05-05 00:00:00-04:00,BIIB,bubble,1.5487288959544845,52.08163182332915,1.9002493765586035,1.1131171704527745,-0.20199501246882792
2000-05-08 00:00:00-04:00,BIIB,bubble,1.6148796036427573,57.168452518363445,1.8619248323665518,1.2100084994651636,-0.1966526786339504
2000-05-09 00:00:00-04:00,BIIB,bubble,1.5635966250770972,50.636636427676784,1.86141986770983,1.225081093476355,-0.17878532944650619
2000-05-10 00:00:00-04:00,BIIB,bubble,1.5152176074224593,45.74132656106498,1.905790579580212,1.190907460843206,-0.17026797808368505
2000-05-11 00:00:00-04:00,BIIB,bubble,1.446521414403232,61.290317023336584,1.9915107770308658,1.1188453910661633,-0.18505946497455253
2000-05-12 00:00:00-04:00,BIIB,bubble,1.6386555058245138,73.15067943387825,1.667993500922452,0.9352865068332887,-0.2356688269514909
2000-05-15 00:00:00-04:00,BIIB,bubble,1.647577315933877,66.4879302608933,1.658069748555988,0.9890848124075429,-0.201331155363459
2000-05-16 00:00:00-04:00,BIIB,bubble,1.7626728545624744,65.9029625317504,1.2618847889453781,1.1289740489626134,-0.1993328180724325
2000-05-17 00:00:00-04:00,BIIB,bubble,1.6375144769741703,64.34210351959891,1.385689301016443,1.3078533392302027,-0.16230366492146597
2000-05-18 00:00:00-04:00,BIIB,bubble,1.6090909573263357,59.30931335486975,1.5339720438795963,1.3853656949370543,-0.16376311066188956
2000-05-19 00:00:00-04:00,BIIB,bubble,1.5409091415089993,46.81978935763006,1.5107333701182046,1.6812163443404606,-0.1413238393644308
2000-05-22 00:00:00-04:00,BIIB,bubble,1.3764986545919515,43.442621228517005,1.7527750827254298,1.9158427997881078,-0.031281474141385886
2000-05-23 00:00:00-04:00,BIIB,bubble,1.451456549615084,47.57120099324688,1.4148513392170012,1.7169898477994803,-0.04950500793426768
2000-05-24 00:00:00-04:00,BIIB,bubble,1.5104295418554967,37.77336577538394,1.5249266862170088,1.8349559258156156,-0.06158357771260997
2000-05-25 00:00:00-04:00,BIIB,bubble,1.3762375340135957,26.12967746113057,1.803125,2.026499938964844,0.0
2000-05-26 00:00:00-04:00,BIIB,bubble,1.5030980446967939,33.21235971335865,1.6851483525856938,1.8714452840101616,0.0
2000-05-30 00:00:00-04:00,BIIB,bubble,1.2543104022351494,39.03744031124645,1.976099136025824,1.7464624848250914,-0.023900688921156994
2000-05-31 00:00:00-04:00,BIIB,bubble,1.3552478407493513,38.15330954878257,1.9559257398779524,1.895984430474706,0.0
2000-06-01 00:00:00-04:00,BIIB,bubble,1.7256237211681547,51.6348760247287,1.4725456822986223,1.611247763165732,0.0
2021-08-17 00:00:00-04:00,QS,bubble,1.0434343759338063,29.25809945234998,-0.1344537506130764,-0.4078101921246017,-0.3025210095918048
2021-08-18 00:00:00-04:00,QS,bubble,1.0588235237222627,35.519804317405416,-0.16305416701196251,-0.4128078559465025,-0.3049260991637169
2021-08-19 00:00:00-04:00,QS,bubble,0.9653767654629264,29.51191800437239,-0.16269427532509428,-0.41139895825159567,-0.268911905986881
2021-08-20 00:00:00-04:00,QS,bubble,0.9848178525513345,30.61453475944718,-0.20397760475146698,-0.4553799095988752,-0.2804691882962524
2021-08-23 00:00:00-04:00,QS,bubble,1.1025221778208643,43.005786872680865,-0.28266146924203506,-0.48858670932803705,-0.31471590324860654
2021-08-24 00:00:00-04:00,QS,bubble,1.1734692676024676,46.35473320262081,-0.33755867783662596,-0.47183096699713645,-0.337558677836626
2021-08-25 00:00:00-04:00,QS,bubble,1.1661568900147192,46.40522970876159,-0.2767058877383961,-0.454117629107307,-0.3360000161563649
2021-08-26 00:00:00-04:00,QS,bubble,1.1637843970343154,45.81497667804145,-0.2783262787440661,-0.4837800044226813,-0.33662438396765454
2021-08-27 00:00:00-04:00,QS,bubble,1.180710528970688,32.69493247959254,-0.2486033643570521,-0.49534448865917824,-0.3431098716304617
2021-08-30 00:00:00-04:00,QS,bubble,1.1648962188189027,31.50684215669419,-0.23504667611962926,-0.499065399153262,-0.34065420989730355
2021-08-31 00:00:00-04:00,QS,bubble,1.2222223078495489,44.27480849343901,-0.28227272900668055,-0.49863637577403674,-0.35863637924194336
2021-09-01 00:00:00-04:00,QS,bubble,1.2311558983415747,47.54601478253595,-0.3144144259473637,-0.5265765825365571,-0.3644144517223443
2021-09-02 00:00:00-04:00,QS,bubble,1.2459999084472657,55.99999618530153,-0.3637577673931349,-0.5543187606003919,-0.37177202885854266
2021-09-23 00:00:00-04:00,QS,bubble,0.6158900601498465,67.97181961759208,-0.34306835641542544,-0.6654343642887917,-0.4861367833428172
2021-09-24 00:00:00-04:00,QS,bubble,0.6875,67.75956853698099,-0.35962959572120945,-0.6662962878191913,-0.4851851993136936
2021-09-27 00:00:00-04:00,QS,bubble,0.5638484134918393,68.2390005008292,-0.3109619779077537,-0.6603281222842328,-0.4817300605259617
2021-09-29 00:00:00-04:00,QS,bubble,0.5065088555716082,66.45110168349463,-0.20816965544562294,-0.6716417927219889,-0.4540455570162414
2021-10-05 00:00:00-04:00,QS,bubble,0.5130435537005722,57.03289517678089,-0.1096375489643443,-0.591069864862415,-0.38549959757643626
2021-10-06 00:00:00-04:00,QS,bubble,0.6408759018400416,54.160583799334574,-0.1419038563908992,-0.5929715389300215,-0.3816726022429674
2021-10-07 00:00:00-04:00,QS,bubble,0.6632652515076152,53.755526116642145,-0.17791408940567288,-0.6305871858934433,-0.3908851970018686
2021-10-08 00:00:00-04:00,QS,bubble,0.6496453616731965,59.49269790213584,-0.22828888278981962,-0.6560619122408075,-0.402407588918649
2021-10-11 00:00:00-04:00,QS,bubble,0.5735592599642478,45.3237308532437,-0.22619561426489743,-0.6523050403641335,-0.4011201996199437
2021-10-12 00:00:00-04:00,QS,bubble,0.553503164710551,53.74999495652895,-0.27142267722624114,-0.6646166252612731,-0.43009430232172585
2021-10-13 00:00:00-04:00,QS,bubble,0.6092714319981598,30.49645179006717,-0.2395061678005318,-0.6596707523697827,-0.427983536833572
2021-10-14 00:00:00-04:00,QS,bubble,0.697241421403556,33.65253802563622,-0.2600569429968608,-0.6863063958257509,-0.4351889770907362
2021-10-15 00:00:00-04:00,QS,bubble,0.645733872911209,32.2411618276347,-0.28784738110201236,-0.6623807491805758,-0.42347576662597236
2021-10-18 00:00:00-04:00,QS,bubble,0.7044199644611411,45.563909645043935,-0.27269041568143504,-0.6624797479455815,-0.4367909462458464
2021-10-19 00:00:00-04:00,QS,bubble,0.7420907833673689,49.08580088092113,-0.324911155429336,-0.6873272759514812,-0.45124359808933817
2021-10-20 00:00:00-04:00,QS,bubble,0.6649005797708125,54.702178800344406,-0.3631662443287862,-0.6889419108386567,-0.4470962626891037
2021-10-21 00:00:00-04:00,QS,bubble,0.755461633828973,53.039509052219294,-0.3729425940891028,-0.674829368483066,-0.4419911801013383
2021-10-22 00:00:00-04:00,QS,bubble,0.6800000277432527,51.023400985630474,-0.3216450295444996,-0.6502164592954882,-0.3982684247191388
2021-10-25 00:00:00-04:00,QS,bubble,0.8406633667839014,66.29338468577032,-0.4367410995816011,-0.6451233773622302,-0.45554252860630645
2021-10-26 00:00:00-04:00,QS,bubble,0.9837460533605873,67.71653070283747,-0.4229418475950253,-0.6609442112785704,-0.45766679384805253
2021-10-27 00:00:00-04:00,QS,bubble,0.8903226818676204,52.88640992759001,-0.34257681329734435,-0.6548634825825468,-0.40699661681602817
2021-10-28 00:00:00-04:00,QS,bubble,1.1915443730912116,58.727568036815256,-0.4118110313086777,-0.6775590667958757,-0.4527559123115226
2021-10-29 00:00:00-04:00,QS,bubble,1.4116667111714682,68.190482995228,-0.4498963447647928,-0.7121631040088263,-0.5196959446433921
2021-11-01 00:00:00-04:00,QS,bubble,1.5228813539459525,67.46753853154445,-0.467584812302674,-0.7218676652451357,-0.533087020329376
2021-11-02 00:00:00-04:00,QS,bubble,1.4238134933875672,65.0594932829548,-0.43318448457426095,-0.7244932913223043,-0.522500881927587
2021-11-03 00:00:00-04:00,QS,bubble,1.4338461068960338,69.32380644400908,-0.5211757297477428,-0.7436788933905425,-0.5606826837336194
2021-11-04 00:00:00-04:00,QS,bubble,1.4408351679086313,70.96229899442875,-0.5373890802113241,-0.7436628552127156,-0.559569079412365
2021-11-05 00:00:00-04:00,QS,bubble,1.3953668659956482,67.86922852130112,-0.5902643504002296,-0.7482269559146684,-0.5902643504002296
2021-11-08 00:00:00-05:00,QS,bubble,1.6593641047761225,75.94937493274985,-0.680042529362169,-0.7892638957414781,-0.680042529362169
2021-11-09 00:00:00-05:00,QS,bubble,1.5964666197130888,73.77050243953079,-0.7177463415404004,-0.8165487353510803,-0.7177463415404004
2021-11-10 00:00:00-05:00,QS,bubble,1.419674334734553,67.36526886265904,-0.6776835068617135,-0.7885346502054124,-0.6966949312054633
2021-11-11 00:00:00-05:00,QS,bubble,1.807637892433768,77.28468168940928,-0.6886650020365871,-0.8108312321270146,-0.7387909398923833
2021-11-12 00:00:00-05:00,QS,bubble,1.713986073820927,72.99169160760633,-0.7044576175943542,-0.8039165198599659,-0.7328008369333452
2021-11-15 00:00:00-05:00,QS,bubble,1.0810257349258814,74.46808856016037,-0.7013307210773954,-0.8001478735648824,-0.7444554110980048
2021-11-16 00:00:00-05:00,QS,bubble,0.8764616016395246,71.02715800865685,-0.6903278148895149,-0.7989704658095742,-0.7190463308472173
2021-11-17 00:00:00-05:00,QS,bubble,1.0802323948956691,66.63461058215142,-0.656232515081808,-0.8001676819646907,-0.7101732744731283
2021-11-18 00:00:00-05:00,QS,bubble,0.8696852274536866,58.316429098192394,-0.6426461853703996,-0.7867690590653924,-0.693738933885642
2021-11-19 00:00:00-05:00,QS,bubble,0.7329999923706054,58.27410978787962,-0.6595499064430633,-0.8020773178385745,-0.7008078496476577
2021-11-22 00:00:00-05:00,QS,bubble,0.6693147939798241,57.53424273426451,-0.678167756139853,-0.7968471106276993,-0.6915526408382985
2021-09-24 00:00:00-04:00,XPEV,bubble,1.0252148199124127,32.2891474713752,-0.23457840633088622,-0.5933786128038036,-0.4411431829449571
2021-09-28 00:00:00-04:00,XPEV,bubble,0.8189926096743008,27.389139715397008,-0.18661660651027034,-0.6155177205735756,-0.43034320614154187
2021-09-29 00:00:00-04:00,XPEV,bubble,0.8397230018010124,26.279501986197985,-0.1768451183191041,-0.6494934898960205,-0.42836467623377306
2021-09-30 00:00:00-04:00,XPEV,bubble,0.7708022648696218,35.46510510386186,-0.2236916307862591,-0.6637591586542642,-0.4442881403705516
2021-10-01 00:00:00-04:00,XPEV,bubble,0.8993036389698601,35.91754559482729,-0.1768189146164013,-0.669204742101285,-0.44303439058327004
2021-10-04 00:00:00-04:00,XPEV,bubble,0.8752061357275118,31.058620534291407,-0.07944886963733644,-0.6487833676965491,-0.4209909221166548
2021-10-05 00:00:00-04:00,XPEV,bubble,0.7724550316882548,39.680004785157706,-0.172015780732235,-0.6905968572780223,-0.4439752323909893
2021-10-06 00:00:00-04:00,XPEV,bubble,0.814720741902434,42.471356206329595,-0.19020976886882646,-0.7046153728778546,-0.44755244755244755
2018-01-16 00:00:00-05:00,RIOT,bubble,4.600668469813195,37.79342560096603,-0.6559081112919104,-0.9124726496859084,-0.75
2018-01-17 00:00:00-05:00,RIOT,bubble,4.641739281119192,15.27347525268928,-0.6773648679488646,-0.912725229034872,-0.742680173830769
2018-01-24 00:00:00-05:00,RIOT,bubble,5.959661969362739,30.664649064412345,-0.5852390793136837,-0.9085239079313684,-0.7624740007262597
2018-01-25 00:00:00-05:00,RIOT,bubble,5.23712505006639,28.038671231306864,-0.5589056302248414,-0.9050809568862528,-0.7448352757902611
2018-01-26 00:00:00-05:00,RIOT,bubble,5.1964139871439485,25.82781139076154,-0.5569176576510572,-0.8955049591623611,-0.733216556009635
2018-01-29 00:00:00-05:00,RIOT,bubble,4.491415049783513,24.3902418658856,-0.49967169306689396,-0.8791858116426167,-0.6999343198279353
2018-01-30 00:00:00-05:00,RIOT,bubble,4.135667008989247,20.195834754263387,-0.5455182148124724,-0.870448175179557,-0.6799719707900505
2018-01-31 00:00:00-05:00,RIOT,bubble,3.8948216892253065,20.89929983751901,-0.5323636488481002,-0.8683636405251243,-0.6676363511518999
2018-02-01 00:00:00-05:00,RIOT,bubble,3.243913341804717,21.782175101544297,-0.4479674913364893,-0.8439024449340318,-0.6284552763581427
2018-02-02 00:00:00-05:00,RIOT,bubble,3.3453561752761303,15.91865653105721,-0.4383223676471003,-0.8396381519611027,-0.6241776127461084
2018-02-05 00:00:00-05:00,RIOT,bubble,2.8334003850906275,18.729373943591426,-0.36448595215424784,-0.8233644841695854,-0.572897172605161
2018-02-06 00:00:00-05:00,RIOT,bubble,3.4958520159607183,32.63537922046463,-0.4648648702387993,-0.8525096529148302,-0.6471042286508955
2018-02-07 00:00:00-05:00,RIOT,bubble,3.7229010931980318,29.210930871358613,-0.5300279216132973,-0.8344972111685387,-0.680865902999066
2018-02-08 00:00:00-05:00,RIOT,bubble,4.2423986581487565,31.598245323448296,-0.543317660581234,-0.8576225764487795,-0.6930826013237307
2018-02-09 00:00:00-05:00,RIOT,bubble,4.293474899300361,38.06541369221394,-0.5663551171967749,-0.862305287028056,-0.7152647732774383
2018-02-12 00:00:00-05:00,RIOT,bubble,4.819124557008964,43.45616503726115,-0.617445855877526,-0.8797035470375637,-0.7394526834023271
2018-02-13 00:00:00-05:00,RIOT,bubble,4.5412394265025995,40.569395521034735,-0.5859277511515648,-0.8592777045070317,-0.7154420720030071
2018-02-14 00:00:00-05:00,RIOT,bubble,4.795435911769889,45.89041274849713,-0.6775165849653102,-0.8511151292409764,-0.7245328433014814
2018-02-15 00:00:00-05:00,RIOT,bubble,4.8094516487901275,50.220269314211684,-0.6866279286394372,-0.8063953618606141,-0.7343023273866198
2018-02-16 00:00:00-05:00,RIOT,bubble,2.9909242836769954,40.4460246314736,-0.5314136241113498,-0.6736474697131429,-0.6012216268368945
2018-02-20 00:00:00-05:00,RIOT,bubble,2.7333057286058606,41.304350723422516,-0.5137362723735748,-0.6776556816544328,-0.5815018187058151
2018-02-21 00:00:00-05:00,RIOT,bubble,2.714502556561842,41.75824466476484,-0.49905662719954624,-0.6273584994780883,-0.5688679238492885
2018-02-22 00:00:00-05:00,RIOT,bubble,2.5527504158397827,43.654267078290744,-0.43587170614445314,-0.640280553222865,-0.5420841301324021
2018-02-23 00:00:00-05:00,RIOT,bubble,2.621496616094659,44.872493837341,-0.4673807647149062,-0.6494644845014466,-0.5550146087669688
2018-02-26 00:00:00-05:00,RIOT,bubble,2.524271480443945,47.69319528343888,-0.4444444230376128,-0.6757575594105406,-0.5383838032571736
2018-02-27 00:00:00-05:00,RIOT,bubble,2.447141325286342,40.13201867765533,-0.4216867262227977,-0.678714855880757,-0.5411646431568076
2018-02-28 00:00:00-05:00,RIOT,bubble,2.851941715337765,37.01389621988858,-0.40359168352723207,-0.6918714542559925,-0.5680529107167935
2018-03-01 00:00:00-05:00,RIOT,bubble,2.6176333005187495,33.3333400117219,-0.3859822586453212,-0.703849953987333,-0.5488647462948624
2018-03-02 00:00:00-05:00,RIOT,bubble,2.8025578471924093,29.84526027634473,-0.42344045854247914,-0.679584108757092,-0.5680529107167935
2018-03-05 00:00:00-05:00,RIOT,bubble,2.879974450290902,22.78995166505426,-0.4182825267667235,-0.7017543821026943,-0.5780239885636573
2018-03-06 00:00:00-05:00,RIOT,bubble,2.722339441791131,24.889294836214304,-0.40423485537240333,-0.6641001064278473,-0.5601539922375135
2018-03-07 00:00:00-05:00,RIOT,bubble,2.622852843666265,20.596214250146886,-0.43353173795981437,-0.633928562981201,-0.546626963665576
2018-03-08 00:00:00-05:00,RIOT,bubble,2.439553657807175,15.223341420002399,-0.40647857790313613,-0.6290491049611794,-0.5224660065419868
2018-03-09 00:00:00-05:00,RIOT,bubble,2.1881103820192775,30.035977177005137,-0.5346320024622138,-0.6374458887862966,-0.5346320024622138
2018-03-12 00:00:00-04:00,RIOT,bubble,1.9240094537219172,31.569006424950274,-0.4983277741316541,-0.6276477352574661,-0.5206242962399398
2018-03-13 00:00:00-04:00,RIOT,bubble,1.7636897543413408,31.870232654556588,-0.5068965452982704,-0.6091953827692532,-0.5068965452982704
2018-03-14 00:00:00-04:00,RIOT,bubble,1.6490078418858096,32.3017483407549,-0.5411042718292551,-0.5423312645815639,-0.541104271829255
2018-03-15 00:00:00-04:00,RIOT,bubble,1.3655640488489746,25.0,-0.4940080111179882,-0.4833555264726521,-0.5019973507918798
2018-03-16 00:00:00-04:00,RIOT,bubble,1.6112550302330289,36.42495925172742,-0.5247285795716978,-0.5186972222078423,-0.5488540377869003
2018-03-19 00:00:00-04:00,RIOT,bubble,1.8268997343440874,37.16666494475444,-0.5475059491381253,-0.5296912111323919,-0.5558194803267864
2018-03-20 00:00:00-04:00,RIOT,bubble,1.7170095635597544,27.85467122318491,-0.5149626081207386,-0.5386533869705741,-0.5336658608396614
2018-03-21 00:00:00-04:00,RIOT,bubble,1.78237258964676,29.75970136769429,-0.4811083304952314,-0.5654911810049217,-0.5289672566015071
2018-03-22 00:00:00-04:00,RIOT,bubble,1.4515675725945387,22.01138437512158,-0.46395804832991383,-0.591087832403303,-0.5098296260234344
2018-03-23 00:00:00-04:00,RIOT,bubble,1.5255839854174655,17.66990125859094,-0.46799999872843423,-0.5826666514078775,-0.5013333320617676
2018-03-26 00:00:00-04:00,RIOT,bubble,1.4490221111945254,18.762883820737926,-0.4456521943352395,-0.5706521700398683,-0.4918478340093601
2018-03-27 00:00:00-04:00,RIOT,bubble,1.239496085930901,18.383836009626137,-0.43165465380043344,-0.5482014113556954,-0.4618704874565752
2018-03-28 00:00:00-04:00,RIOT,bubble,1.0063066334895203,17.80821905025408,-0.39171977617507514,-0.479299383490577,-0.40445861710395087
2018-03-29 00:00:00-04:00,RIOT,bubble,0.849837493025541,24.414058279943717,-0.42900301559891396,-0.4652567941012794,-0.4350453060134929
2018-04-02 00:00:00-04:00,RIOT,bubble,0.8055303600850683,24.46183412502934,-0.4261006259837109,-0.31761005322657176,-0.4261006259837109
2018-04-03 00:00:00-04:00,RIOT,bubble,0.8306189887377602,28.343312176415694,-0.4716692286622498,-0.2557427293471647,-0.4716692286622498
2018-04-04 00:00:00-04:00,RIOT,bubble,0.8602393837592177,31.072209860160413,-0.46728971407299436,-0.3457944300072877,-0.4672897140729944
2018-04-05 00:00:00-04:00,RIOT,bubble,1.0706426937079154,46.934455644911296,-0.5246537366301494,-0.3822714449097533,-0.5263157651417101
2018-04-06 00:00:00-04:00,RIOT,bubble,0.9542847647670181,31.788075427019322,-0.4939759092383539,-0.30722891609525804,-0.4939759092383539
2018-04-09 00:00:00-04:00,RIOT,bubble,0.7335022607462942,28.23275372598485,-0.5281250100117175,-0.30781253713648715,-0.5281250100117175
2018-04-10 00:00:00-04:00,RIOT,bubble,0.8103535662047869,32.33255137894071,-0.5608628651551492,-0.24653312188898646,-0.5608628651551492
2018-04-11 00:00:00-04:00,RIOT,bubble,0.7759325738592715,34.931500362037085,-0.5906344282484677,-0.3081570992626599,-0.5906344282484676
2018-04-12 00:00:00-04:00,RIOT,bubble,1.0282210696199168,48.37397999706338,-0.7095046670358378,-0.3828647572965822,-0.7095046670358378
2018-04-13 00:00:00-04:00,RIOT,bubble,1.1042454793899097,52.46548384687862,-0.7212903115057177,-0.392258059593939,-0.7212903115057177
2018-04-16 00:00:00-04:00,RIOT,bubble,1.0390885873772064,49.5344487832392,-0.6484268189658035,-0.3255814135527819,-0.7045143498305728
2018-04-17 00:00:00-04:00,RIOT,bubble,0.9725113587922403,53.52113176041621,-0.6301369894331582,-0.3287671277616546,-0.7041095850145108
2018-04-18 00:00:00-04:00,RIOT,bubble,0.9602385739983077,56.23678427408888,-0.5691411808653782,-0.21397377215123803,-0.685589501919634
2018-04-19 00:00:00-04:00,RIOT,bubble,0.8829841351864796,50.87719224863463,-0.5940298349189712,-0.17611938237772085,-0.6776119183102485
2018-04-20 00:00:00-04:00,RIOT,bubble,0.931875438214576,53.33333333333333,-0.6195488819387782,-0.09473685795580555,-0.6751879616760603
2018-04-23 00:00:00-04:00,RIOT,bubble,0.9277960601449922,50.233644677599536,-0.6213740539150658,-0.11450381345956195,-0.67022900413254
2018-04-24 00:00:00-04:00,RIOT,bubble,1.2077670804988432,61.15384714137895,-0.6846965529076625,-0.22295515491168694,-0.7150395636449282
2018-04-25 00:00:00-04:00,RIOT,bubble,1.1950010701225344,51.51515558106028,-0.6739130364361243,-0.2894021842121681,-0.7065217327925118
2018-04-26 00:00:00-04:00,RIOT,bubble,1.2278066896523772,60.00000229801114,-0.6827309301037775,-0.3065595751233984,-0.7108433538824408
2018-04-27 00:00:00-04:00,RIOT,bubble,1.2577904075657989,63.86768432400427,-0.6769025166561962,-0.29639517463699894,-0.7116154670445034
2018-04-30 00:00:00-04:00,RIOT,bubble,1.2181406025576953,58.880780593025435,-0.6509695215850384,-0.3476454051223804,-0.7008310043491909
2018-05-01 00:00:00-04:00,RIOT,bubble,1.2427184146881034,58.57843604169474,-0.6707650233177924,-0.39344262935819874,-0.704918027981351
2018-05-02 00:00:00-04:00,RIOT,bubble,1.1592129017670176,46.525679410127935,-0.685082866924229,-0.35497234476117967,-0.7016574372768118
2018-05-03 00:00:00-04:00,RIOT,bubble,1.284582522422351,48.396499431201356,-0.6910994847724485,-0.3965968306181389,-0.7172774707358353
2018-05-04 00:00:00-04:00,RIOT,bubble,1.285033910217427,54.07166164253177,-0.6613756663815105,-0.4457671840034504,-0.7142857007699217
2018-05-07 00:00:00-04:00,RIOT,bubble,1.2606124513911947,54.54545032316556,-0.6649076533748621,-0.46042213802712206,-0.7150395636449282
2018-05-08 00:00:00-04:00,RIOT,bubble,1.218732099778662,59.3639631342462,-0.6608108164708574,-0.5094594503163073,-0.7081081002711206
2018-05-09 00:00:00-04:00,RIOT,bubble,1.201296259366433,63.70371168369653,-0.6034946202963043,-0.4569892566153625,-0.7096774100513042
2018-05-10 00:00:00-04:00,RIOT,bubble,1.221212889865488,60.13986002326832,-0.5988934871760814,-0.38450901832288,-0.7012448021946909
2018-05-11 00:00:00-04:00,RIOT,bubble,1.3377490110775478,64.26116782178153,-0.6517615320609664,-0.4268292745963005,-0.7073170660791619
2018-05-14 00:00:00-04:00,RIOT,bubble,1.3635279856799296,51.17371333447058,-0.6644823192159122,-0.408912167596697,-0.7169069392616961
2018-05-15 00:00:00-04:00,RIOT,bubble,1.3730384609492847,61.137435081788865,-0.6985951573319042,-0.44955300322154357,-0.7241379173847644
2018-05-16 00:00:00-04:00,RIOT,bubble,1.723301071733681,69.28838944622072,-0.7058823529411764,-0.5211764503927792,-0.7458823428434485
2018-05-17 00:00:00-04:00,RIOT,bubble,2.1181655090887075,77.59562862887981,-0.7686645641708478,-0.5625657468673655,-0.7728706589016922
2018-05-18 00:00:00-04:00,RIOT,bubble,1.780229322465992,72.82050937198728,-0.7505555682712131,-0.5444444550408257,-0.7599999904632568
2018-05-21 00:00:00-04:00,RIOT,bubble,1.5578108941796769,60.619461977993964,-0.7355072309362745,-0.5108695264073924,-0.739130416003577
2018-05-22 00:00:00-04:00,RIOT,bubble,1.4116903081069667,56.262834580306475,-0.7592356676871387,-0.5171974512233546,-0.7592356676871387
2018-05-23 00:00:00-04:00,RIOT,bubble,1.4644914419524775,52.77161848461793,-0.7655259752664743,-0.5107731355621472,-0.7655259752664744
2018-05-24 00:00:00-04:00,RIOT,bubble,1.4816444024511397,52.538631439525,-0.7548138670122584,-0.5519897270055226,-0.7625160419895826
2018-05-25 00:00:00-04:00,RIOT,bubble,1.3446601090829118,50.106159541410214,-0.7562582362780216,-0.5454545483101998,-0.7562582362780216
2018-05-29 00:00:00-04:00,RIOT,bubble,1.1931556628183855,46.82539539872997,-0.7415254148820071,-0.5522598714048297,-0.7415254148820071
2018-05-30 00:00:00-04:00,RIOT,bubble,1.1095475718188852,45.40117210478696,-0.7460545144610622,-0.5351506302631245,-0.7460545144610622
2018-05-31 00:00:00-04:00,RIOT,bubble,1.0121046931837183,47.454175568111076,-0.7005730790174505,-0.5472779259031948,-0.7464183415344087
2018-06-01 00:00:00-04:00,RIOT,bubble,1.180748552864633,50.096709390472135,-0.7361298940576217,-0.572395109212165,-0.7604871430439878
2018-06-04 00:00:00-04:00,RIOT,bubble,1.2169069981969751,50.95056930813567,-0.7593790414339412,-0.6235446211319053,-0.771021995270491
2018-06-05 00:00:00-04:00,RIOT,bubble,1.2143296945591522,49.7076050026807,-0.7653846156197421,-0.6756410372406143,-0.7730769310712342
2018-06-06 00:00:00-04:00,RIOT,bubble,1.2198918152878764,41.9642898007002,-0.7737789276349374,-0.6529563014304562,-0.7737789276349374
2018-06-07 00:00:00-04:00,RIOT,bubble,1.171746405169833,24.166670971445555,-0.7660130797989155,-0.6718954301734945,-0.7699346446375798
2018-06-08 00:00:00-04:00,RIOT,bubble,1.1560296568316155,29.523813848862318,-0.7756160816454061,-0.6835278800067437,-0.7756160816454061
2018-06-11 00:00:00-04:00,RIOT,bubble,1.0857281689670155,34.444452097385664,-0.7728494564216666,-0.663978497207971,-0.7728494564216666
2018-06-12 00:00:00-04:00,RIOT,bubble,1.0736692830301533,39.574474647282585,-0.7907608785439415,-0.6480978441324314,-0.7907608785439415
2018-06-13 00:00:00-04:00,RIOT,bubble,1.0251414127152367,36.92946985805885,-0.7789256241771932,-0.6239669513765356,-0.7878787998206147
2018-06-14 00:00:00-04:00,RIOT,bubble,1.1514117932139176,45.17374545808031,-0.7957559721957137,-0.6273209606105944,-0.7957559721957137
2018-06-15 00:00:00-04:00,RIOT,bubble,1.0590714483598997,46.245058469088995,-0.8175675666967912,-0.6364864834387691,-0.8175675666967912
2018-06-18 00:00:00-04:00,RIOT,bubble,1.3051897885201504,57.35294598884107,-0.7574525834558701,-0.6449864708765571,-0.8170731703377312
2018-06-19 00:00:00-04:00,RIOT,bubble,1.0520874243892657,58.793980445361164,-0.7581967295876733,-0.644808764527329,-0.8155737715596998
2018-06-20 00:00:00-04:00,RIOT,bubble,1.0553589745384748,59.20398057160696,-0.742857141466947,-0.6258503352814024,-0.8163265249852618
2018-06-21 00:00:00-04:00,RIOT,bubble,1.0897927333339137,46.42857345594108,-0.764786789183864,-0.581843195346804,-0.8143053607450204
2018-06-22 00:00:00-04:00,RIOT,bubble,0.9581094705476894,25.433515496251303,-0.7819767478126135,-0.5203488521185223,-0.8037790695659659
2018-06-25 00:00:00-04:00,RIOT,bubble,0.8698807185522124,18.781706966691814,-0.7808219148255636,-0.4231354851099436,-0.7945205496850879
2018-06-26 00:00:00-04:00,RIOT,bubble,0.9020312083303128,27.522923739481413,-0.7808823576847985,-0.5485294342453498,-0.8014705902977385
2018-06-27 00:00:00-04:00,RIOT,bubble,0.8474393610266351,26.548661363362555,-0.7511380959451333,-0.5235204806981533,-0.795144158940313
2018-06-28 00:00:00-04:00,RIOT,bubble,0.8436382344364444,24.215233692001974,-0.7606707216239911,-0.5868902344839477,-0.7942073116436875
2018-06-29 00:00:00-04:00,RIOT,bubble,0.7818089618292459,24.770631365533276,-0.761829660233226,-0.5599369251254367,-0.787066247421018
2018-07-02 00:00:00-04:00,RIOT,bubble,0.7534980305660346,27.10279166015843,-0.7319749204586307,-0.5642633351843782,-0.7884012539770685
2018-07-03 00:00:00-04:00,RIOT,bubble,0.8109806869670171,26.728095915943015,-0.7536000061035156,-0.5520000076293945,-0.7839999961853027
2018-07-05 00:00:00-04:00,RIOT,bubble,0.7192268318616422,14.08449915960216,-0.7254575851380416,-0.5374376263697762,-0.775374380627432
2018-07-17 00:00:00-04:00,RIOT,bubble,0.7633373659058249,44.02809833703264,-0.7456279755889696,-0.6740858561607437,-0.7853736038109371
2018-07-18 00:00:00-04:00,RIOT,bubble,0.5983553674449451,40.692636135247994,-0.7294939010197574,-0.6544502596016322,-0.7643979023825298
2018-07-19 00:00:00-04:00,RIOT,bubble,0.6931967403964285,45.030426669772076,-0.7314662357273883,-0.6787479419213929,-0.7775947305332022
2018-07-20 00:00:00-04:00,RIOT,bubble,0.6749416781543798,45.49180147661264,-0.7338983004958217,-0.6576271274109674,-0.7711864403355091
2018-07-23 00:00:00-04:00,RIOT,bubble,0.9144450000058872,51.89873494125502,-0.7238239741561502,-0.7010622180582786,-0.795144158940313
2018-07-24 00:00:00-04:00,RIOT,bubble,1.409057942202141,64.90984865409536,-0.7749999914850504,-0.7607142759829146,-0.8392857041488695
2018-07-25 00:00:00-04:00,RIOT,bubble,1.3486736104966246,63.32882499484287,-0.7794486232761186,-0.753132829085011,-0.830827065085822
2018-07-26 00:00:00-04:00,RIOT,bubble,1.394253416408298,70.80182251407969,-0.7848101231441,-0.7544303754682133,-0.8291139230955833
2018-07-27 00:00:00-04:00,RIOT,bubble,1.3511372874036836,70.53505246791894,-0.7641633826261903,-0.7483531056359513,-0.8221343877863347
2018-07-30 00:00:00-04:00,RIOT,bubble,1.2665137909402695,73.02326337870682,-0.7585301757201274,-0.7112860786450916,-0.8228346398796819
2018-07-31 00:00:00-04:00,RIOT,bubble,0.9458879235353657,61.98675807037651,-0.7149460571516906,-0.6718027442897829,-0.7919876623340364
2018-08-01 00:00:00-04:00,RIOT,bubble,0.9434877991604831,62.40000086466493,-0.7185069998287688,-0.656298585202608,-0.790046646985577
2018-08-02 00:00:00-04:00,RIOT,bubble,1.063422476073005,63.70656700011316,-0.71723122711761,-0.67010308952558,-0.8011781986117367
2018-08-03 00:00:00-04:00,RIOT,bubble,1.0478297130967804,64.63730629954483,-0.7144948653783267,-0.695461208354243,-0.8023426004506705
2018-08-06 00:00:00-04:00,RIOT,bubble,0.9909250800453118,54.22885847533541,-0.7220588334291449,-0.6882353196919576,-0.8014705902977385
2018-08-07 00:00:00-04:00,RIOT,bubble,0.953008112906633,60.71428693070737,-0.7243867223761106,-0.7012987035327166,-0.8051947969289485
2018-08-08 00:00:00-04:00,RIOT,bubble,0.9551160224928275,56.04395671574714,-0.6478454860561267,-0.6760772569719367,-0.7994056433854645
2018-08-09 00:00:00-04:00,RIOT,bubble,1.0497964848128118,58.39552605609013,-0.6882353196919576,-0.6941176668582898,-0.8014705902977385
2018-08-10 00:00:00-04:00,RIOT,bubble,1.0702016152651823,53.83022813162685,-0.6824712606272683,-0.7155172401980847,-0.8060344803961694
2018-08-13 00:00:00-04:00,RIOT,bubble,1.044652288700418,24.159016367624986,-0.6855439816542057,-0.7287630339634548,-0.7988077472180354
2018-08-14 00:00:00-04:00,RIOT,bubble,1.004580358403774,27.147758946435275,-0.6601503822477186,-0.7278195613800915,-0.7969924805290899
2018-08-15 00:00:00-04:00,RIOT,bubble,0.6302368833629504,19.128320715426767,-0.5383177434318354,-0.6542055968561903,-0.7476635424473761
2018-08-16 00:00:00-04:00,RIOT,bubble,0.6559249167671926,21.5025809125504,-0.3821892381831743,-0.651205929164998,-0.7495361674800766
2018-08-17 00:00:00-04:00,RIOT,bubble,0.6274861287218769,20.77921643629442,-0.30353815842821685,-0.6443202965873909,-0.7486033421579288
2018-08-20 00:00:00-04:00,RIOT,bubble,0.644866747113789,28.77697582589333,-0.33709980812467666,-0.644067795468646,-0.7457627046347585
2018-08-21 00:00:00-04:00,RIOT,bubble,0.6964152473097902,29.41176161221489,-0.2561205103109526,-0.6346515860403271,-0.7457627046347585
2018-08-22 00:00:00-04:00,RIOT,bubble,0.7783810329777139,28.358206565195232,-0.36234461080009883,-0.6500888119776072,-0.7602131445114689
2018-08-23 00:00:00-04:00,RIOT,bubble,0.7475312894269326,25.714280848599927,-0.3418647088272674,-0.6489945099216566,-0.7531992549135804
2018-08-24 00:00:00-04:00,RIOT,bubble,0.713187700282577,26.785712461082426,-0.4163636294278231,-0.6545454588803379,-0.7545454502105713
2018-08-27 00:00:00-04:00,RIOT,bubble,0.8560429239646126,30.034141856901044,-0.44444445824181533,-0.6701389061356026,-0.7656250051740141
2018-08-28 00:00:00-04:00,RIOT,bubble,0.9931765520832401,43.59756115289897,-0.4833597432605944,-0.7020602199239494,-0.7860538770072975
2018-08-29 00:00:00-04:00,RIOT,bubble,0.9267553544615472,41.21211692102552,-0.5176848711907169,-0.7041800489639716,-0.7829581882027263
2018-08-30 00:00:00-04:00,RIOT,bubble,0.8948175975669554,36.80981675854069,-0.44426226919615497,-0.6852459037537795,-0.7786885172216778
2018-08-31 00:00:00-04:00,RIOT,bubble,0.7839806344702245,43.6137115150939,-0.48730159979618615,-0.6666666918961452,-0.7857142884174442
2018-09-04 00:00:00-04:00,RIOT,bubble,0.8029127298375474,42.944787250256624,-0.436187402701918,-0.6655896746191138,-0.781906298649041
2018-09-05 00:00:00-04:00,RIOT,bubble,0.6334084694934685,57.37704885995904,-0.35376531828921853,-0.6427320581043192,-0.7635726769136828
2018-09-06 00:00:00-04:00,RIOT,bubble,0.6084141890110544,55.96707431316843,-0.37499998950622415,-0.6426056280386302,-0.762323932281398
2021-04-20 00:00:00-04:00,RIOT,bubble,34.054545943205014,36.50761047517816,-0.22717847054585882,-0.6141078945928746,-0.42349588302571567
2021-04-22 00:00:00-04:00,RIOT,bubble,33.102803635236974,35.21689812138503,-0.1383941055664365,-0.649218975007932,-0.39079203837487003
2021-04-23 00:00:00-04:00,RIOT,bubble,32.46086986087446,31.461349350967765,-0.23492721194698163,-0.6920478034709185,-0.4222973023210074
2021-05-04 00:00:00-04:00,RIOT,bubble,32.544642441849014,32.85208148344046,-0.252328975758345,-0.711471912679274,-0.40830450564792486
2021-05-05 00:00:00-04:00,RIOT,bubble,30.8434779922543,33.866887514198,-0.1288913012295263,-0.6840524294840897,-0.3929546643738203
2021-05-06 00:00:00-04:00,RIOT,bubble,25.33858367347092,34.15462955350533,-0.02062787520682896,-0.6953662377289631,-0.3354260378114609
2021-05-07 00:00:00-04:00,RIOT,bubble,20.68181832256115,38.12835474492662,-0.020065833518793763,-0.7157831702728257,-0.3342318074696321
2021-05-10 00:00:00-04:00,RIOT,bubble,15.189189392950865,36.846926773187604,0.051418997293793955,-0.7439065148277089,-0.2577629724222232
2021-05-11 00:00:00-04:00,RIOT,bubble,17.78616365545757,30.971386911056058,0.2283226513511749,-0.7479075996570477,-0.25577506134389344
2021-05-12 00:00:00-04:00,RIOT,bubble,15.575000039115547,32.56382913996778,0.5030165883229702,-0.7420814466620609,-0.1617647376122671
2021-05-13 00:00:00-04:00,RIOT,bubble,10.761904608725779,23.69698879721321,0.6414755928868507,-0.671165088020323,0.0
2021-05-14 00:00:00-04:00,RIOT,bubble,10.412281045733181,26.960026772625483,0.519215914060531,-0.6936971694858823,-0.12221369136167537
2021-05-17 00:00:00-04:00,RIOT,bubble,10.687500171936481,25.885153559145763,0.817770448272445,-0.7042369306797622,-0.060468915904910624
2021-05-18 00:00:00-04:00,RIOT,bubble,10.671232327903704,20.794913705065937,0.6467136554001511,-0.7018779325206008,-0.10641625078978488
2021-05-19 00:00:00-04:00,RIOT,bubble,9.825111741334448,22.343696484119036,0.5285833661496335,-0.712924606315015,-0.053852496683077976
2021-05-20 00:00:00-04:00,RIOT,bubble,8.557312481665093,18.266813676283846,0.45905700306153907,-0.7051282041169071,-0.05541770619006405
2021-05-21 00:00:00-04:00,RIOT,bubble,8.802575493761823,18.601248136302132,0.47241684953775187,-0.7005253893655126,0.0
2021-05-24 00:00:00-04:00,RIOT,bubble,10.584821719847314,29.250004734311133,0.39421962394877164,-0.7356454746887127,-0.041618492946191306
2021-05-25 00:00:00-04:00,RIOT,bubble,11.892307064048888,29.396989018575482,0.33054898866515936,-0.7505966534148674,-0.010739799402151647
2021-05-26 00:00:00-04:00,RIOT,bubble,12.037736264952333,39.31592490533758,0.30716359862317577,-0.7673661371082827,-0.10021702646825824
2021-05-27 00:00:00-04:00,RIOT,bubble,11.895927379212402,41.26474021085363,0.29824561403508776,-0.7638596484535619,-0.12736839160584568
2021-05-28 00:00:00-04:00,RIOT,bubble,11.677569079830224,44.56018371176261,0.2871359841191603,-0.7331367491677583,-0.08330255773842579
2021-06-01 00:00:00-04:00,RIOT,bubble,11.876651888915847,48.85468663206362,0.2784809961384509,-0.7540198368176106,-0.14916177801176095
2021-06-02 00:00:00-04:00,RIOT,bubble,10.964143745316523,56.91216816633997,0.2444221803998623,-0.7828837884833619,-0.17182816281808436
2021-06-03 00:00:00-04:00,RIOT,bubble,10.73443970102509,63.23850989796731,0.2588400852101911,-0.757072145730065,-0.12057990681104873
2021-06-04 00:00:00-04:00,RIOT,bubble,10.083649562778419,57.852479212729406,0.1310463688563661,-0.7869639753202824,-0.14682671819234383
2021-06-07 00:00:00-04:00,RIOT,bubble,10.084615673821364,62.156331598897545,-0.006245673389375761,-0.7789729370919087,-0.13705756063211202
2021-06-08 00:00:00-04:00,RIOT,bubble,9.91828801354737,56.921371212182024,0.0028510308349489755,-0.7801140344360042,-0.11368491402078684
2021-06-09 00:00:00-04:00,RIOT,bubble,10.988550083737705,68.18408819409724,-0.055077986330485884,-0.8099331480676998,-0.20821391403851108
2021-06-10 00:00:00-04:00,RIOT,bubble,9.206451730003717,68.48364113346769,-0.07269277122088158,-0.8271175759889157,-0.2139696169725578
2021-06-11 00:00:00-04:00,RIOT,bubble,13.233944833223475,71.05398305823552,-0.14598777268461682,-0.8333870460235285,-0.1985175543377674
2021-06-14 00:00:00-04:00,RIOT,bubble,14.458516207674455,72.81506383400415,-0.2655367548220896,-0.8686440707645708,-0.2974576336938186
2021-06-15 00:00:00-04:00,RIOT,bubble,14.177490147945441,74.50593172182491,-0.30490587893134946,-0.8605248238749119,-0.30490587893134946
2021-06-16 00:00:00-04:00,RIOT,bubble,13.553192404612782,67.63441012379512,-0.27105263891716136,-0.8578947361082838,-0.28742689194200993
2021-06-17 00:00:00-04:00,RIOT,bubble,14.11013194945526,66.25560310384637,-0.24577255350835936,-0.8679300201000073,-0.2895043329067471
2021-06-18 00:00:00-04:00,RIOT,bubble,13.694063682362883,63.582575634998896,-0.2579242096238955,-0.8555003091588059,-0.2579242096238955
2021-06-21 00:00:00-04:00,RIOT,bubble,13.962085907303077,56.84210631986083,-0.26385809326034704,-0.8387709787205866,-0.263858093260347
2021-06-22 00:00:00-04:00,RIOT,bubble,11.84063731661123,56.48584676228078,-0.3012720826057732,-0.8572758309039247,-0.3012720826057732
2021-06-23 00:00:00-04:00,RIOT,bubble,11.492307974459868,63.58343991745843,-0.2595443480291181,-0.8479064000356101,-0.3066502224398395
2021-06-24 00:00:00-04:00,RIOT,bubble,13.354431266032895,65.0960976212535,-0.30570251259820014,-0.8474426811468178,-0.33803644459903576
2021-06-25 00:00:00-04:00,RIOT,bubble,13.150215579518841,62.31454570234129,-0.2214134326396454,-0.8516833580395812,-0.3169548188059362
2021-06-28 00:00:00-04:00,RIOT,bubble,15.445454327725187,71.03627451474523,-0.2855168556266784,-0.8684355945624221,-0.3775566537366214
2021-06-29 00:00:00-04:00,RIOT,bubble,16.6682240746825,68.20250923783945,-0.3745041322522502,-0.8809838710246967,-0.404390382443313
2021-06-30 00:00:00-04:00,RIOT,bubble,15.968467424988091,67.2384168113627,-0.38943453363475555,-0.8887708983040343,-0.4021767573026089
2021-07-01 00:00:00-04:00,RIOT,bubble,14.474359150704084,64.12213145041784,-0.3510079924283367,-0.8829052781463247,-0.3780723273362203
2021-07-02 00:00:00-04:00,RIOT,bubble,14.820960762339775,52.9663971292975,-0.38365994463582276,-0.869445208974973,-0.38365994463582276
2021-07-06 00:00:00-04:00,RIOT,bubble,13.886554034262552,51.280273053111934,-0.35817105347876055,-0.8721422475080649,-0.36974316310000194
2021-07-07 00:00:00-04:00,RIOT,bubble,14.475982190860634,54.55881618710868,-0.3120767464592149,-0.8510157896612013,-0.36992097096535204
2021-07-08 00:00:00-04:00,RIOT,bubble,12.27559123115226,48.09461854399347,-0.3641755706433941,-0.8380782965454139,-0.3641755706433942
2021-07-09 00:00:00-04:00,RIOT,bubble,12.911018343380757,52.32309372813502,-0.37618037161168216,-0.8516600787712283,-0.3761803716116822
2021-07-12 00:00:00-04:00,RIOT,bubble,12.476395127338037,49.42606319235566,-0.35159232937262863,-0.845859865879373,-0.3515923293726287
2021-07-13 00:00:00-04:00,RIOT,bubble,12.7889901584532,42.99548060568724,-0.3316699763967189,-0.8359946801088851,-0.33166997639671886
2021-07-14 00:00:00-04:00,RIOT,bubble,11.706666734483507,38.36026450395464,-0.270374239278786,-0.8139209463704804,-0.2973067490253442
2021-07-15 00:00:00-04:00,RIOT,bubble,11.486725412582825,31.338476465292445,-0.2512402666584299,-0.8026222428352259,-0.2880935279441789
2021-07-16 00:00:00-04:00,RIOT,bubble,11.288288439222862,31.56188877226687,-0.26136366893882135,-0.7716275710314302,-0.26356306279630587
2021-07-19 00:00:00-04:00,RIOT,bubble,10.641255095261586,12.259968501984815,-0.2033897906589287,-0.7311247971788872,-0.22611707006552875
2021-07-20 00:00:00-04:00,RIOT,bubble,10.43805331440332,0.24957390112029998,-0.27659572584206493,-0.7284332736041768,-0.2765957258420649
2021-07-21 00:00:00-04:00,RIOT,bubble,11.678261066069004,21.988146056495708,-0.40020576602745195,-0.7386831301291882,-0.40020576602745195
2021-07-22 00:00:00-04:00,RIOT,bubble,11.337607648794341,23.823106272145566,-0.3948736125558636,-0.7533772193077587,-0.3948736125558636
2021-07-23 00:00:00-04:00,RIOT,bubble,11.27074272906612,22.477988969399888,-0.4663701180784542,-0.7633451955483705,-0.4663701180784542
2021-07-26 00:00:00-04:00,RIOT,bubble,14.315315117939333,46.401608815850096,-0.5549999966340906,-0.8173529400545008,-0.5589705916012034
2021-07-27 00:00:00-04:00,RIOT,bubble,10.984847777419649,41.44914563303809,-0.537294544066506,-0.7740202201866453,-0.5372945440665059
2021-07-28 00:00:00-04:00,RIOT,bubble,10.898916718926527,48.258473540651,-0.5652305727624589,-0.7754854277634509,-0.5652305727624589
2021-07-29 00:00:00-04:00,RIOT,bubble,10.599999861283736,47.885397402900644,-0.5783699068932836,-0.7705329072352312,-0.5783699068932836
2021-07-30 00:00:00-04:00,RIOT,bubble,11.921569168269759,53.586305500781435,-0.5538695153598001,-0.7775417373601253,-0.5918057815527265
2021-08-02 00:00:00-04:00,RIOT,bubble,11.670454330968143,58.1608125507773,-0.5234678858948236,-0.7683109170931164,-0.597907339237884
2021-08-03 00:00:00-04:00,RIOT,bubble,7.994285583496094,56.793604436885595,-0.4698220846012132,-0.7420584496939214,-0.5727445995918953
2021-08-04 00:00:00-04:00,RIOT,bubble,8.620587696171151,60.14459995795731,-0.5239987731392126,-0.7499235544442799,-0.5888107555573179
2021-08-05 00:00:00-04:00,RIOT,bubble,7.3765581634279,64.29542140432184,-0.5596903871787106,-0.7537957600418015,-0.5995832167857581
2021-08-06 00:00:00-04:00,RIOT,bubble,7.228235581341911,70.35698531712234,-0.5261653097966048,-0.7509293756332376,-0.6153846342646853
2021-08-09 00:00:00-04:00,RIOT,bubble,9.03448329507885,74.07556273485856,-0.5321173696478781,-0.7846946850772438,-0.6444620893931858
2021-08-10 00:00:00-04:00,RIOT,bubble,8.319612738964107,70.98515614516234,-0.5248116363226955,-0.7633151660324861,-0.6505586068397152
2021-08-11 00:00:00-04:00,RIOT,bubble,9.430939092613107,69.60739845727772,-0.4796080378180375,-0.7478813326023177,-0.6438029553196492
2021-08-12 00:00:00-04:00,RIOT,bubble,9.4039554316198,69.11957954457067,-0.4767852430157795,-0.7303828451943517,-0.6348086032967766
2021-08-13 00:00:00-04:00,RIOT,bubble,8.91966825869962,55.04178526936431,-0.48701479657203495,-0.7274504369005315,-0.6244066100679668
2021-08-16 00:00:00-04:00,RIOT,bubble,8.478836534985813,63.42088806420419,-0.49986047556485835,-0.7440692266907423,-0.6246162678783982
2021-08-17 00:00:00-04:00,RIOT,bubble,6.893975317760253,49.423961209645206,-0.39774113085751395,-0.745115970412573,-0.5894383242252967
2021-08-18 00:00:00-04:00,RIOT,bubble,6.893564279892083,49.97087878743781,-0.38570083011833334,-0.7403574822375538,-0.5782376899752768
2021-08-19 00:00:00-04:00,RIOT,bubble,7.693767299076784,47.33292933271368,-0.4463840643646888,-0.7740025066650178,-0.5807356907241503
2021-08-20 00:00:00-04:00,RIOT,bubble,7.604010463408635,52.4363251092078,-0.5056802094894284,-0.7960967192938555,-0.6082144161991172
2021-08-23 00:00:00-04:00,RIOT,bubble,8.591946431408221,62.14979606970708,-0.5535964171952846,-0.801287433652506,-0.6235656316377521
2021-08-24 00:00:00-04:00,RIOT,bubble,9.366391152004384,63.54625539093594,-0.5995216777287478,-0.8062715983276968,-0.6425724308399866
2021-08-25 00:00:00-04:00,RIOT,bubble,9.536313414681576,61.88831176760091,-0.5691940754476708,-0.8030222802787035,-0.6434252551963618
2021-08-26 00:00:00-04:00,RIOT,bubble,9.639295561911675,53.757879983506854,-0.5529217238394614,-0.8128445372019215,-0.6292723191341352
2021-08-27 00:00:00-04:00,RIOT,bubble,10.795107009112547,52.19453589003902,-0.5532797594357136,-0.8192896073284914,-0.6512833830519833
2021-08-30 00:00:00-04:00,RIOT,bubble,9.501393221248263,47.68599713953696,-0.535809027961528,-0.8172413865503491,-0.6432360865497116
2021-08-31 00:00:00-04:00,RIOT,bubble,9.662857055664062,48.68421502930951,-0.5249196225289563,-0.8078778098894699,-0.63960343196009
2021-09-01 00:00:00-04:00,RIOT,bubble,8.733333333333333,49.00661749744041,-0.5624657461087998,-0.812328769736094,-0.6315068545406812
2021-09-02 00:00:00-04:00,RIOT,bubble,9.483964543612979,50.46496475604752,-0.5850945368144815,-0.8156284682080618,-0.6259732994522579
2021-09-03 00:00:00-04:00,RIOT,bubble,9.895569420886568,46.03174328568135,-0.5657856614361476,-0.8141155957409232,-0.609352318035175
2021-09-07 00:00:00-04:00,RIOT,bubble,9.32475938696525,48.075791628581804,-0.5297415106058323,-0.7960137008336498,-0.5811273885516791
2021-09-08 00:00:00-04:00,RIOT,bubble,9.774823031269104,45.759372313173124,-0.4457791665052885,-0.7544841210481209,-0.5573473849613299
2021-09-09 00:00:00-04:00,RIOT,bubble,9.627118601603126,48.02915400550886,-0.4733652303672531,-0.7365231219019654,-0.5709728980668489
2021-09-10 00:00:00-04:00,RIOT,bubble,9.540925780209967,36.91666529796756,-0.4888588820271419,-0.7140445635703763,-0.5459149416549024
2021-09-13 00:00:00-04:00,RIOT,bubble,9.068727963180308,30.99882357662466,-0.5167235421118503,-0.7395904329993976,-0.5409556259560341
2021-09-14 00:00:00-04:00,RIOT,bubble,8.549668985011051,21.608530331518793,-0.4830097167640204,-0.7378640810408885,-0.5336338509672917
2021-09-15 00:00:00-04:00,RIOT,bubble,9.109999974568685,28.110189590194693,-0.45961096502219423,-0.7566765534782386,-0.5565446804121961
2021-09-16 00:00:00-04:00,RIOT,bubble,8.62950862242759,28.932932619535237,-0.3724889418267775,-0.7737487303013656,-0.5420497301689488
2021-09-17 00:00:00-04:00,RIOT,bubble,8.766666412353516,17.3131161556461,-0.3334470581848108,-0.7774743975870282,-0.5409556259560341
2021-09-20 00:00:00-04:00,RIOT,bubble,8.026229874442521,16.279840425242625,-0.2873229077414866,-0.7740646699943998,-0.5114420823175069
2021-09-21 00:00:00-04:00,RIOT,bubble,8.337883954600873,16.509751849692194,-0.2415935841701221,-0.7671783719497063,-0.5084064506863946
2021-09-22 00:00:00-04:00,RIOT,bubble,8.805460371212023,24.805442994760355,-0.2746258097933225,-0.7793247388233551,-0.5318482414351547
2021-09-23 00:00:00-04:00,RIOT,bubble,10.303846333718166,28.861000899178805,-0.26709760589127374,-0.7846206173813135,-0.5423613443829328
2021-09-24 00:00:00-04:00,RIOT,bubble,9.382899520840708,28.991593115986788,-0.25671321152707804,-0.7601145815947756,-0.5184389666199652
2021-09-27 00:00:00-04:00,RIOT,bubble,9.36194021120505,33.69646525672832,-0.17680949825261594,-0.7540511411192077,-0.5156644008803063
2021-09-28 00:00:00-04:00,RIOT,bubble,8.40875934194036,33.03867190617444,-0.10783555518233934,-0.7152831669089078,-0.47827775597257943
2021-09-29 00:00:00-04:00,RIOT,bubble,8.010869900423097,26.03549870125326,-0.11379171002043631,-0.714917574855762,-0.4591878023563539
2021-09-30 00:00:00-04:00,RIOT,bubble,8.518518632985598,34.46909270789614,-0.17626461292475804,-0.7272373532770252,-0.4766537194558906
2021-10-01 00:00:00-04:00,RIOT,bubble,8.84905639327944,37.40157438925396,-0.20574715558417955,-0.724521074630897,-0.4846743443416092
2021-10-04 00:00:00-04:00,RIOT,bubble,8.711538817755583,36.287237750417894,-0.18059403825514386,-0.6994059345509747,-0.4673267402271233
2021-10-05 00:00:00-04:00,RIOT,bubble,8.902255376943796,34.27895664846443,-0.2699316844784835,-0.7247532286256387,-0.48936979000193054
2021-10-06 00:00:00-04:00,RIOT,bubble,9.354086109556958,38.49999721844947,-0.3363397428656132,-0.7309282343786645,-0.4945509394677372
2021-10-07 00:00:00-04:00,RIOT,bubble,8.819548870832616,37.198070229457805,-0.33307811957921785,-0.7486600365127272,-0.4850689365575119
2021-10-08 00:00:00-04:00,RIOT,bubble,7.81569943180704,42.230342886931176,-0.3542392429561201,-0.7526132448563799,-0.47928765586556965
2021-10-11 00:00:00-04:00,RIOT,bubble,7.927301746479628,51.07398010317893,-0.4241766076488479,-0.7759681416852886,-0.513210270800024
2021-10-12 00:00:00-04:00,RIOT,bubble,6.288571493966239,37.91291348268028,-0.3935711435426006,-0.75931008187393,-0.47275579425368425
2021-10-13 00:00:00-04:00,RIOT,bubble,6.608308682596519,35.340106137488405,-0.37558499961019864,-0.7507800304759207,-0.475429012112408
2021-10-14 00:00:00-04:00,RIOT,bubble,6.963414959472112,42.337004454733254,-0.426875965312252,-0.7794793245094365,-0.4850689365575119
2021-10-15 00:00:00-04:00,RIOT,bubble,7.191176353028904,50.29895339582919,-0.4689407626833032,-0.7831238822577611,-0.5170556687599104
2021-10-18 00:00:00-04:00,RIOT,bubble,8.581993647026264,65.067462815633,-0.5006711243154827,-0.8030201330254096,-0.5486577129660412
2021-10-19 00:00:00-04:00,RIOT,bubble,8.342424354299261,72.13967121048344,-0.547518655731861,-0.8160882228243497,-0.5637366252822125
2021-10-20 00:00:00-04:00,RIOT,bubble,7.8813561787724495,71.6767366704924,-0.5928753189151773,-0.8225190894109089,-0.5928753189151773
2021-10-21 00:00:00-04:00,RIOT,bubble,6.39698502335963,61.253369670637916,-0.5974864073877624,-0.8019701148795283,-0.5974864073877624
2021-10-22 00:00:00-04:00,RIOT,bubble,5.974106506493276,60.000002517952055,-0.5742574374286136,-0.7860678909533472,-0.5809759514233117
2021-10-25 00:00:00-04:00,RIOT,bubble,6.567774808961782,60.57254465144411,-0.6255491765268877,-0.7630956339056066,-0.6255491765268877
2021-10-26 00:00:00-04:00,RIOT,bubble,6.387013308711196,55.63076965693191,-0.6139240739785675,-0.7517580938746814,-0.6139240739785675
2021-10-27 00:00:00-04:00,RIOT,bubble,5.614427930036839,51.33446720037051,-0.5885671486422102,-0.7427604319918673,-0.5885671486422103
2021-10-28 00:00:00-04:00,RIOT,bubble,6.868571690150669,54.679806041315864,-0.631808278640771,-0.7440087161812693,-0.631808278640771
2021-10-29 00:00:00-04:00,RIOT,bubble,6.6676055433730745,48.77903566094227,-0.5969874892080993,-0.7468772946256002,-0.6274797722589238
2021-11-01 00:00:00-04:00,RIOT,bubble,7.5902141640468574,58.301156547758524,-0.6140975402739819,-0.7703809265137755,-0.6390174336688791
2021-11-02 00:00:00-04:00,RIOT,bubble,8.696048628694582,66.28511761203958,-0.6373040804645225,-0.8159874622020598,-0.6821316468783728
2021-11-03 00:00:00-04:00,RIOT,bubble,8.359999520438057,66.93876875782462,-0.6889499358220237,-0.8318070662030497,-0.6904761641377217
2021-11-04 00:00:00-04:00,RIOT,bubble,8.216901876112466,63.59576046722912,-0.7099633429990981,-0.8230440175476068,-0.7099633429990981
2021-11-05 00:00:00-04:00,RIOT,bubble,7.397333272298177,54.915650033603285,-0.7564306086998236,-0.8174023486251736,-0.7564306086998236
2021-11-08 00:00:00-05:00,RIOT,bubble,9.052054155635725,63.717226261299096,-0.7947669530756869,-0.8547288055817476,-0.7947669530756869
2021-11-10 00:00:00-05:00,RIOT,bubble,9.576811934529015,63.938318348943454,-0.7996711535616821,-0.85146615985243,-0.8125513883814299
2021-11-16 00:00:00-05:00,RIOT,bubble,8.000000581508743,64.80896757572494,-0.8121951343693458,-0.8737127464847412,-0.8146341498714892
2021-11-17 00:00:00-05:00,RIOT,bubble,4.797863362058495,60.90755185430005,-0.7979024840946148,-0.8687641645509945,-0.8061224379462915
2021-11-18 00:00:00-05:00,RIOT,bubble,5.405714489164806,58.7068774467866,-0.7966101714140911,-0.8673803182725581,-0.7966101714140911
2021-11-19 00:00:00-05:00,RIOT,bubble,5.03000005086263,60.50922603945324,-0.8103924799433173,-0.8899944724847302,-0.8109452710090391
2021-11-22 00:00:00-05:00,RIOT,bubble,4.57964994186484,52.07164066541757,-0.8125560586571559,-0.8807174912247709,-0.8125560586571559
2021-11-23 00:00:00-05:00,RIOT,bubble,3.9972338828216545,54.295186644531114,-0.8220315627387815,-0.8776639926480766,-0.8264600111938608
2021-11-24 00:00:00-05:00,RIOT,bubble,4.433186536107111,55.34198633012638,-0.8181081075926084,-0.880270274909767,-0.8305405410560401
2021-11-26 00:00:00-05:00,RIOT,bubble,3.9322031843562923,54.192127707616045,-0.792668953300325,-0.878293235313524,-0.8204467265263924
2021-11-29 00:00:00-05:00,RIOT,bubble,4.979199829101563,50.89098581744192,-0.807599671856404,-0.8865400082337033,-0.8322183526856664
2021-11-30 00:00:00-05:00,RIOT,bubble,3.422485180521523,46.4418375222147,-0.8255284943194491,-0.8755686318363802,-0.8322183526856664
2021-12-01 00:00:00-05:00,RIOT,bubble,3.0408622904095113,48.667260673413544,-0.8070224668533869,-0.8713483112355912,-0.8238763974811852
2021-12-02 00:00:00-05:00,RIOT,bubble,2.8742656091602936,40.054580945388054,-0.8116469575910275,-0.849560210661066,-0.8116469575910275
2021-12-03 00:00:00-05:00,RIOT,bubble,1.9648032962775899,26.186829514332345,-0.7775837981385769,-0.8372905046535578,-0.783170385108615
2021-12-06 00:00:00-05:00,RIOT,bubble,1.8139999389648436,27.536230103527572,-0.7807391538692201,-0.8443496727277066,-0.7807391538692201
2021-12-07 00:00:00-05:00,RIOT,bubble,1.7920978349619512,36.8248160244007,-0.7988544565765868,-0.8578167201212683,-0.7988544565765868
2021-12-08 00:00:00-05:00,RIOT,bubble,1.9726444268267525,38.62940492034628,-0.8135651069616925,-0.8510565827255583,-0.8135651069616925
2021-12-09 00:00:00-05:00,RIOT,bubble,1.9943501534176344,36.94617226367421,-0.8049056574983418,-0.8418867902935676,-0.8049056574983416
2021-12-10 00:00:00-05:00,RIOT,bubble,1.783725864586418,29.849565628946266,-0.821153842485868,-0.8396153816810021,-0.821153842485868
2021-12-13 00:00:00-05:00,RIOT,bubble,1.8140879063082145,31.20861079425039,-0.7993434674563836,-0.8329913815551019,-0.8091916317096973
2021-12-14 00:00:00-05:00,RIOT,bubble,1.7275710469079408,24.59165086728973,-0.805054148655369,-0.8335338931180903,-0.8134777361233312
2021-12-15 00:00:00-05:00,RIOT,bubble,1.5412573736447146,24.83039825107106,-0.8248936968359764,-0.844607659431153,-0.8248936968359764
2021-12-16 00:00:00-05:00,RIOT,bubble,1.2193307298143226,24.931885053586342,-0.8052763710726129,-0.8408710181799565,-0.8103014920850221
2021-12-17 00:00:00-05:00,RIOT,bubble,1.2356901152188984,15.042062178807356,-0.780981058402868,-0.8356282284481709,-0.8050774417201987
2021-12-20 00:00:00-05:00,RIOT,bubble,1.2407960229219652,14.524609991408283,-0.7957371309445627,-0.8299289588874906,-0.7988454654650483
2021-12-21 00:00:00-05:00,RIOT,bubble,1.1784419674059343,22.08796519166873,-0.7945945856992784,-0.8407484388688002,-0.8116423969432933
2021-12-22 00:00:00-05:00,RIOT,bubble,0.6128371526756669,24.716061392075673,-0.780270962200825,-0.8399661372953426,-0.808213376424445
2021-12-23 00:00:00-05:00,RIOT,bubble,0.8454349646214934,40.83898880147298,-0.8095052648246202,-0.8566419923716457,-0.8235294041159053
2021-12-27 00:00:00-05:00,RIOT,bubble,0.9702744365053158,42.794212174263755,-0.8158607288727939,-0.8676982581885944,-0.8247582149725758
2021-12-28 00:00:00-05:00,RIOT,bubble,0.5111821210862941,31.78247232759381,-0.8097251554932731,-0.8608879486291727,-0.8097251554932731
2023-09-20 00:00:00-04:00,RIOT,bubble,0.5368098906558274,30.956853669704174,0.19560868212875326,-0.28243515681184217,-0.1237525616909235
2023-09-21 00:00:00-04:00,RIOT,bubble,0.5401929657317361,32.544379699948195,0.18997909283073833,-0.2348643024967353,-0.08350732746408839
2023-10-17 00:00:00-04:00,RIOT,bubble,0.6788193909796321,56.249995415028,-0.142709421256779,-0.048603956910095225,-0.17580147597618476
2023-10-19 00:00:00-04:00,RIOT,bubble,0.5025553435737702,45.39711060829951,0.27437643537720957,0.1043084022818983,-0.096371874608042
2023-10-20 00:00:00-04:00,RIOT,bubble,0.5643738564738674,39.98015827963239,0.3359639835804591,0.11837657319977302,-0.1014656264914601
2023-10-23 00:00:00-04:00,RIOT,bubble,0.7329749477615486,59.38818784001049,0.2285418842513558,0.010341301001111525,-0.17580147597618476
2023-11-13 00:00:00-05:00,RIOT,bubble,0.8062730302666663,41.19999717712349,0.06026559294043321,0.2941777452158232,-0.18590400191553133
2023-11-14 00:00:00-05:00,RIOT,bubble,0.8220972404880813,41.616152430684735,0.027749277540214168,0.2194244942781498,-0.18088384736348734
2024-01-24 00:00:00-05:00,RIOT,bubble,0.5540122940098435,24.087592837797317,0.06554119835289929,0.13704073051265442,-0.20854021532015804
2018-12-11 00:00:00-05:00,CVNA,volatile,0.5922787221877541,29.924945995721174,0.8267297261020268,1.8015967136303805,-0.11768183258870411
2018-12-13 00:00:00-05:00,CVNA,volatile,0.5746479867083765,32.94215887627236,0.8974358274446648,1.7397136816149565,-0.11031606028449861
2018-12-18 00:00:00-05:00,CVNA,volatile,0.5889345526526317,25.999994805516934,0.9251799000252923,1.6869065538584755,-0.14129495963775854
2018-12-19 00:00:00-05:00,CVNA,volatile,0.5123084224278325,19.423864346178703,1.0592751911478406,1.9566951038901594,-0.08353811750555831
2018-12-20 00:00:00-05:00,CVNA,volatile,0.5483234001667143,18.65612101127499,0.9579617926477542,2.054458752461558,-0.04968151225778267
2018-12-26 00:00:00-05:00,CVNA,volatile,0.5877647848690257,39.360729830047376,0.8369886324514493,1.917605143577442,-0.10521638908734333
2018-12-27 00:00:00-05:00,CVNA,volatile,0.5694771744358857,38.121042725299745,0.8784514023363075,1.9357743274535246,-0.09393755070330333
2018-12-28 00:00:00-05:00,CVNA,volatile,0.5675542327008516,40.576925404678946,1.0638565184282633,1.9027995005254659,-0.05033030309502856
2018-12-31 00:00:00-05:00,CVNA,volatile,0.6663270750336214,43.575412743932894,0.9779883448225193,1.8141242931264308,-0.07704061818856103
2019-01-02 00:00:00-05:00,CVNA,volatile,0.6872383318800441,46.15384181304255,0.9891506976958684,2.0052697455823827,-0.06416608478537597
2019-01-03 00:00:00-05:00,CVNA,volatile,0.6488258555229725,36.3547295671364,1.1791984018453077,2.0722092864943105,0.0
2019-01-04 00:00:00-05:00,CVNA,volatile,0.675557935789947,42.65175535517671,1.1640675479013742,1.9999998140985777,0.0
2019-01-07 00:00:00-05:00,CVNA,volatile,0.7690665690104166,52.57835415249575,0.9933676935950344,1.7407298366154835,-0.03587575195657064
2019-01-09 00:00:00-05:00,CVNA,volatile,0.7441397781235,50.54348143623394,0.8470115551397726,1.475550376691797,-0.08550190374876625
2019-01-10 00:00:00-05:00,CVNA,volatile,0.693108646341347,54.213038060459425,0.9710100893432221,1.5654464625414617,-0.06354324704782659
2019-01-16 00:00:00-05:00,CVNA,volatile,0.7245245508128924,54.954401014593955,0.6861747580061459,1.4656489035360423,-0.09584392117672576
2019-02-01 00:00:00-05:00,CVNA,volatile,0.8480879254741245,44.378696722266625,0.7684240801691962,1.4447279757450988,-0.09353739657715247
2019-02-05 00:00:00-05:00,CVNA,volatile,0.8781420964368016,46.014727337300485,0.7393075541774154,1.6112889959021692,-0.06953737165907371
2019-02-06 00:00:00-05:00,CVNA,volatile,0.9015367346451377,43.75796348580786,0.7333133825769154,1.7255312174342055,-0.0428015657499785
2019-02-07 00:00:00-05:00,CVNA,volatile,0.7867966058276108,41.086255579453955,1.194730472926567,1.691096286446561,-0.03149609028193755
2019-02-08 00:00:00-05:00,CVNA,volatile,0.7404002543819246,34.63287556126754,1.426973204893339,1.7793661153887825,-0.006215064047320264
2019-02-11 00:00:00-05:00,CVNA,volatile,0.8108720169056325,37.19468774715341,1.4509067659585382,1.6829269630989465,0.0
2019-02-12 00:00:00-05:00,CVNA,volatile,0.9386740007205774,43.92523097933623,1.292106011838933,1.469364524054824,-0.05585634300227001
2019-02-13 00:00:00-05:00,CVNA,volatile,0.6868636505954735,34.17417062398604,1.3812253802060166,1.6380923244217418,0.0
2019-02-14 00:00:00-05:00,CVNA,volatile,0.6764418754588917,33.25212967927732,1.3008746333636543,1.5836736069320279,0.0
2019-02-15 00:00:00-05:00,CVNA,volatile,0.6913875176714941,37.4568432124058,1.247524763159627,1.6678925496315338,-0.016407299615077066
2019-02-21 00:00:00-05:00,CVNA,volatile,0.6187151396067345,43.26160507168974,1.3897036308303456,2.1662351132730286,0.0
2023-10-30 00:00:00-04:00,CVNA,volatile,0.8953167761815775,9.888590153674329,2.164607372429082,6.533066646447293,-0.055595954258564666
2023-10-31 00:00:00-04:00,CVNA,volatile,0.8633540667003381,10.357415633577673,3.314814814814815,8.159629539207176,-0.03740741588451244
2023-11-01 00:00:00-04:00,CVNA,volatile,0.9209165028867856,13.246283295634143,3.6814158999783135,7.814159440109876,0.0
2011-09-22 00:00:00-04:00,DDD,bubble,0.9832634155085991,33.93425413945586,0.6814346360847039,1.466244756299985,-0.05063286555002264
2011-09-30 00:00:00-04:00,DDD,bubble,0.756434450560113,36.57984343110167,0.7333810920334214,1.4203002151697817,-0.03502503497288623
2011-10-03 00:00:00-04:00,DDD,bubble,0.764705915352053,30.795460142625217,0.8451851738823786,1.5340741475423179,0.0
2021-03-03 00:00:00-05:00,DDD,bubble,1.8936841864334908,16.048680422864578,0.10731177837399675,-0.3812295245359346,-0.3535830991008818
2021-03-04 00:00:00-05:00,DDD,bubble,1.612639965796049,15.904625066844162,0.24268440984674156,-0.3831447156729514,-0.30667182834070117
2021-03-05 00:00:00-05:00,DDD,bubble,1.75,16.449082087709712,0.3107070152205651,-0.4096969835685961,-0.28202018352470015
2021-03-08 00:00:00-05:00,DDD,bubble,1.6905883340274586,15.611231029374494,0.397901099264941,-0.3677306730421759,-0.2229995712427214
2021-03-09 00:00:00-05:00,DDD,bubble,2.3346153324172354,24.01853560427108,0.2602844479369726,-0.4405997669089461,-0.3168012187085013
2021-03-10 00:00:00-05:00,DDD,bubble,2.2447980393296687,27.774460085679337,0.17163331564605055,-0.42361374571682964,-0.3296868991195331
2021-03-23 00:00:00-04:00,DDD,bubble,3.444067608395793,47.57541016725091,0.08123574080455342,-0.3829137784555582,-0.3222730387825383
2021-03-24 00:00:00-04:00,DDD,bubble,2.8098918729331377,48.10810938192933,0.17647060644170054,-0.3578093237857056,-0.2791074753443267
2021-03-25 00:00:00-04:00,DDD,bubble,2.888889095311906,54.02635463605675,0.09424856906392431,-0.39777368895086773,-0.34063079945436386
2021-03-26 00:00:00-04:00,DDD,bubble,2.5904255410215336,58.101212164974754,0.07962961550112113,-0.40592589201750584,-0.34185183489764176
2021-03-29 00:00:00-04:00,DDD,bubble,2.382749342774452,48.12371224512717,0.18685260807884485,-0.35378489773533894,-0.2920318650320613
2021-03-30 00:00:00-04:00,DDD,bubble,2.320610679150174,49.171717735300476,0.09310345860764868,-0.32681994490320276,-0.3191570805347621
2021-03-31 00:00:00-04:00,DDD,bubble,2.559014318844617,44.53263078789281,0.012026236052600225,-0.37827991494504243,-0.3524052437350306
2021-04-01 00:00:00-04:00,DDD,bubble,3.0861026744226416,40.64073616465797,0.019223677354165414,-0.38336411180659413,-0.3430683564154255
2021-04-05 00:00:00-04:00,DDD,bubble,3.2999998940361905,36.07688726850495,0.021410111496461104,-0.37910669619477966,-0.34403837734692244
2021-04-06 00:00:00-04:00,DDD,bubble,3.3710481626140005,40.10959569551786,-0.0068519338423759235,-0.3323182105105871,-0.3235629939811426
2021-04-07 00:00:00-04:00,DDD,bubble,2.4638297043433846,28.040542318375287,0.0757575911420918,-0.32964779737552885,-0.2723177558457853
2021-04-08 00:00:00-04:00,DDD,bubble,2.4985464090766505,31.63913796101569,0.07104283396351652,-0.3498130528894232,-0.26173657320050725
2021-04-09 00:00:00-04:00,DDD,bubble,2.2739724649410387,33.60324069009452,0.12092055828973236,-0.3564853405890259,-0.2564853246279493
2021-04-12 00:00:00-04:00,DDD,bubble,1.9945945353818,29.000616175225318,0.200361036310031,-0.3271660672347283,-0.19810466696194995
2021-04-13 00:00:00-04:00,DDD,bubble,2.0873654753620996,38.66015497305487,0.1406182649603771,-0.35872877742436515,-0.22638219464671908
2021-04-14 00:00:00-04:00,DDD,bubble,2.06408564275741,43.34898762029317,0.15991285203878536,-0.358605674174999,-0.2257080667962611
2021-04-15 00:00:00-04:00,DDD,bubble,1.9536518293067604,26.12903121606861,0.28435565130693274,-0.2862577394772269,-0.15501664871328344
2021-04-16 00:00:00-04:00,DDD,bubble,1.9666202717600392,27.58893182894535,0.2808251192003479,-0.3248945302373777,-0.16690105385259835
2021-04-19 00:00:00-04:00,DDD,bubble,1.5422820159677086,26.560121257445047,0.3780358841351197,-0.25554382344840365,-0.06177402551758482
2021-04-20 00:00:00-04:00,DDD,bubble,1.490347545555899,23.10756808627113,0.3875968915836445,-0.2620155322246791,-0.08165374121744828
2021-04-21 00:00:00-04:00,DDD,bubble,1.9073826042887694,28.624255523799334,0.3130194244879263,-0.3541089626189605,-0.1795936942314063
2021-04-22 00:00:00-04:00,DDD,bubble,1.8209149875402142,29.295986062635265,0.30398514778195596,-0.34105651912408685,-0.17655233917573018
2021-04-23 00:00:00-04:00,DDD,bubble,1.854568900852299,32.17138328103937,0.2614968060080278,-0.39720470236246364,-0.19882776315305192
2021-04-26 00:00:00-04:00,DDD,bubble,1.8937499523162842,38.793097424023586,0.15680350444626456,-0.4060475064114516,-0.23239737578484515
2021-04-27 00:00:00-04:00,DDD,bubble,1.7999999534793005,44.04567121189327,0.2504355500557749,-0.4499128650670413,-0.22604524536844894
2021-04-28 00:00:00-04:00,DDD,bubble,1.7439904760944103,44.8504972336305,0.25755581166958175,-0.46430137612321987,-0.2216381727048635
2021-04-29 00:00:00-04:00,DDD,bubble,1.4542410354348547,42.48622911782617,0.23010457110546345,-0.4661209689261766,-0.19190538232278984
2021-04-30 00:00:00-04:00,DDD,bubble,1.5371026497319265,47.285467432590565,0.29526455119220807,-0.4735376197494343,-0.17502322644034923
2021-05-03 00:00:00-04:00,DDD,bubble,1.6319177365687647,39.230770860982425,0.37701705607977853,-0.4215159177331186,-0.13105135477709204
2021-05-04 00:00:00-04:00,DDD,bubble,1.378806406321711,36.42856742789577,0.6185355606242391,-0.39170508465141085,-0.09011777608821658
2021-05-05 00:00:00-04:00,DDD,bubble,1.2845139088763609,41.05545336394646,0.646347808368299,-0.3536521415174456,-0.06621125504036653
2021-05-06 00:00:00-04:00,DDD,bubble,1.112385265163558,37.33681293106253,0.7035830092721786,-0.3767644139692059,-0.035287709871771704
2021-05-07 00:00:00-04:00,DDD,bubble,1.575066888236146,51.365008185786984,0.6559084321692781,-0.4263403965140695,-0.07496088991867407
2021-05-10 00:00:00-04:00,DDD,bubble,1.26369435333075,42.76556563822928,0.8199211772365835,-0.4243106764937158,0.0
2021-05-11 00:00:00-04:00,DDD,bubble,2.247297348237716,57.96906964851034,0.40990429047069443,-0.5776113471286308,-0.16271326407348222
2021-05-12 00:00:00-04:00,DDD,bubble,1.9275767354199895,48.42696755631635,0.38011415780759816,-0.5675547119586037,-0.042816346285942226
2021-05-13 00:00:00-04:00,DDD,bubble,1.8866573091647352,44.30939266109011,0.3936381583469013,-0.5228628240039626,0.0
2021-05-14 00:00:00-04:00,DDD,bubble,2.23623182827173,47.88004175259928,0.12897443665949715,-0.5360501705296099,0.0
2021-05-17 00:00:00-04:00,DDD,bubble,2.239657395574026,49.359958872357225,0.12945841711053885,-0.5557023091433476,0.0
2021-05-18 00:00:00-04:00,DDD,bubble,2.289854915858033,54.93998102865814,0.0428514870483232,-0.5690828784633903,-0.01041250444659733
2021-05-19 00:00:00-04:00,DDD,bubble,2.3482383064088332,56.45161246541233,0.047349256157162456,-0.5888304239640186,0.0
2021-05-20 00:00:00-04:00,DDD,bubble,2.39918259458656,58.16962151876869,0.02645289888697988,-0.5807615343369377,-0.005210463492583816
2021-05-21 00:00:00-04:00,DDD,bubble,2.652759087037159,65.225305909413,-0.09653644033920161,-0.6168017740451028,-0.09653644033920165
2021-05-25 00:00:00-04:00,DDD,bubble,2.591211516829748,67.83467930235247,-0.14497589718053983,-0.629588430646659,-0.14497589718053977
2021-07-15 00:00:00-04:00,DDD,bubble,2.981022020061827,20.817654226392293,-0.25999266716438185,-0.6373303932047751,-0.2790612571546556
2021-07-16 00:00:00-04:00,DDD,bubble,2.7874251328166406,13.880298058087305,-0.22608693619941245,-0.6142292283319535,-0.22608693619941247
2021-07-19 00:00:00-04:00,DDD,bubble,2.7755100749920256,13.163372918253856,-0.232432453530101,-0.6027026983239413,-0.24401543582659152
2021-07-20 00:00:00-04:00,DDD,bubble,2.889051059932445,17.868851980598834,-0.2897897706542092,-0.5923423458899499,-0.28978977065420913
2021-07-21 00:00:00-04:00,DDD,bubble,3.0321636415857762,14.9405812997191,-0.3277737140386462,-0.5949963702975609,-0.32777371403864614
2021-07-22 00:00:00-04:00,DDD,bubble,2.8220586826644594,14.83980257497386,-0.2920354066729315,-0.5898422492770385,-0.29203540667293154
2021-07-23 00:00:00-04:00,DDD,bubble,2.797058672145993,16.955688515950797,-0.34663047875189956,-0.5960495573798732,-0.3466304787518996
2021-07-26 00:00:00-04:00,DDD,bubble,2.766312461324817,16.038887193210684,-0.32111198272965724,-0.5962932884381473,-0.32111198272965724
2021-07-27 00:00:00-04:00,DDD,bubble,2.6676470344866856,18.865355945991936,-0.3275862029408195,-0.5745790124507648,-0.3275862029408195
2021-07-28 00:00:00-04:00,DDD,bubble,3.043872768883671,26.95384098933293,-0.38683128805331846,-0.5727646737049474,-0.3868312880533184
2021-07-30 00:00:00-04:00,DDD,bubble,3.1790592227395313,37.30385568692496,-0.3986928498391705,-0.5791575974112141,-0.41793753980568593
2021-08-02 00:00:00-04:00,DDD,bubble,3.174506766601313,42.14343843729611,-0.3493275365465952,-0.5670665304136131,-0.41730277887034906
2021-08-03 00:00:00-04:00,DDD,bubble,2.958333513684695,41.80655920464033,-0.3142857327241003,-0.5353383654352293,-0.39736840388121064
2021-08-04 00:00:00-04:00,DDD,bubble,2.843567299568058,45.71678613157768,-0.3122860671705917,-0.529478910050051,-0.3902624523235409
2021-08-06 00:00:00-04:00,DDD,bubble,3.4114832426721646,57.95660178059454,-0.35430221587573296,-0.5213304467043622,-0.4204627340898092
2021-08-17 00:00:00-04:00,DDD,bubble,3.7504304050415724,52.37316154913369,-0.2978261270685316,-0.5855072673091714,-0.4192028816996743
2021-08-19 00:00:00-04:00,DDD,bubble,4.005514569084281,49.16079746391785,-0.32904881509729156,-0.5919941298770653,-0.4113110188716145
2021-09-30 00:00:00-04:00,DDD,bubble,4.615071395441165,32.004314552942674,-0.3949945415375845,-0.7105549471380085,-0.5048966351242716
2021-10-01 00:00:00-04:00,DDD,bubble,4.670081849877986,34.340053286271186,-0.3921214438580858,-0.6917238991885944,-0.5066859565994435
2021-10-04 00:00:00-04:00,DDD,bubble,4.357289684944772,30.916424150447327,-0.32771173580129187,-0.6581065533106498,-0.4768110563933317
2021-10-05 00:00:00-04:00,DDD,bubble,4.264529391326418,30.637010002875485,-0.37685570788045,-0.6513132970005328,-0.4803959124219871
2021-10-06 00:00:00-04:00,DDD,bubble,3.800745109133554,25.38072412619249,-0.392940294736406,-0.6466253136526724,-0.47051981167707213
2021-10-07 00:00:00-04:00,DDD,bubble,3.2122642064668865,34.310860062929436,-0.425905203850637,-0.6849570999644303,-0.49048155460798043
2021-10-08 00:00:00-04:00,DDD,bubble,3.162754450275025,42.136861476406246,-0.4394736979854025,-0.6868421126223383,-0.48684212696330526
2021-10-11 00:00:00-04:00,DDD,bubble,2.9162930551341355,37.032576077070665,-0.43778629338544617,-0.6896946611566133,-0.47900766331890593
2021-10-12 00:00:00-04:00,DDD,bubble,2.9437038280345775,35.23574322554293,-0.4470323139383975,-0.6979714609924648,-0.4872276788807432
2021-10-13 00:00:00-04:00,DDD,bubble,3.0739064498733395,34.422119101897906,-0.4442798925698779,-0.6927064005775291,-0.4946316363250413
2021-10-14 00:00:00-04:00,DDD,bubble,3.177370008284134,38.46154216189368,-0.4729136244734894,-0.7090043961174983,-0.5003660405927358
2021-10-15 00:00:00-04:00,DDD,bubble,2.913043490693883,28.31962141708155,-0.4597701082226675,-0.6773946378072886,-0.4770115165124138
2021-10-18 00:00:00-04:00,DDD,bubble,2.96602665540852,39.49999809265137,-0.4681564420823473,-0.6797020387603072,-0.49162013316205794
2021-10-22 00:00:00-04:00,DDD,bubble,2.2539492316142473,54.00697234609899,-0.4865571453529959,-0.6803584690016327,-0.5007468430638856
2021-10-27 00:00:00-04:00,DDD,bubble,3.2800630541675684,51.235733861686,-0.5659889056472329,-0.6750462029658744,-0.5659889056472328
2021-11-11 00:00:00-05:00,DDD,bubble,2.4772412530307113,46.00508567973574,-0.5890519622010546,-0.6025386425366754,-0.6394287789488019
2021-11-12 00:00:00-05:00,DDD,bubble,2.4803256467872368,41.574893922145115,-0.606627668512767,-0.605068215785753,-0.6456140238684049
2021-11-15 00:00:00-05:00,DDD,bubble,2.6166668896321954,42.80324210075198,-0.5867895602697243,-0.5883256570610718,-0.6509216653994958
2021-11-16 00:00:00-05:00,DDD,bubble,2.639943554821618,46.56891649788598,-0.6074188494250647,-0.6074188494250647,-0.6487635066708931
2021-11-17 00:00:00-05:00,DDD,bubble,2.561891572536647,43.04797194033094,-0.5915658028559734,-0.6083561306547933,-0.6450605257340871
2021-11-18 00:00:00-05:00,DDD,bubble,2.458392091686166,39.479774725678176,-0.5758564671952376,-0.6011419432957397,-0.6292822192949935
2021-11-19 00:00:00-05:00,DDD,bubble,2.2185428639963196,24.022752068123353,-0.5781892871680645,-0.6082304215366198,-0.6259259079019023
2021-11-22 00:00:00-05:00,DDD,bubble,2.1078166076596756,22.48836682803615,-0.5667823069175467,-0.5858629483127533,-0.605810912267668
2021-11-23 00:00:00-05:00,DDD,bubble,1.9908853941111975,22.09689528850943,-0.5546364889837535,-0.5755332916213253,-0.6042664160071146
2021-11-24 00:00:00-05:00,DDD,bubble,1.8023811886370154,22.81395837317423,-0.5514018687802531,-0.5862362195282027,-0.6138487765906591
2021-11-26 00:00:00-05:00,DDD,bubble,1.6226850633084084,18.894618558687583,-0.5013239070244132,-0.5970873708772946,-0.5988525942719273
2021-11-29 00:00:00-05:00,DDD,bubble,1.6561772865008844,10.812745663649068,-0.5256691537799982,-0.5949978424113305,-0.6011408605782605
2021-11-30 00:00:00-05:00,DDD,bubble,1.4896176651758775,16.46935515661187,-0.5390693729805067,-0.5548726936927968,-0.6009657647676547
2021-12-01 00:00:00-05:00,DDD,bubble,1.3569060192444096,15.660214290497294,-0.4852320871303327,-0.5250820370054251,-0.5738396537692759
2021-12-02 00:00:00-05:00,DDD,bubble,1.276288696688007,29.64892172909279,-0.5140398741253558,-0.538949259947864,-0.5883152090581093
2021-12-03 00:00:00-05:00,DDD,bubble,1.0957551137607293,22.716075895446323,-0.499764478824836,-0.5412152623112034,-0.5718322963453834
2021-12-06 00:00:00-05:00,DDD,bubble,1.069789630934423,23.001244584999526,-0.49838337884393524,-0.564896062712567,-0.5801385536834955
2021-12-07 00:00:00-05:00,DDD,bubble,1.2282076312439396,32.74532915413239,-0.5178021860646678,-0.5951648334880452,-0.6004395537324004
2021-12-08 00:00:00-05:00,DDD,bubble,1.275362161263649,39.27083300219663,-0.5537154747613627,-0.5961783211476295,-0.6140127198695196
2021-12-09 00:00:00-05:00,DDD,bubble,1.1843629257440247,39.97879062038143,-0.5505965332104135,-0.5908086357804289,-0.5983207914409855
2021-12-10 00:00:00-05:00,DDD,bubble,1.151016406337272,39.189194815741686,-0.583708357972782,-0.5873087146864733,-0.5909090714001648
2021-12-13 00:00:00-05:00,DDD,bubble,1.1545455298585807,40.668830933682734,-0.5649320315909871,-0.5682137800708089,-0.5738396537692759
2021-12-14 00:00:00-05:00,DDD,bubble,1.0308881865615316,39.80993790746401,-0.5266159883673496,-0.5660646522261767,-0.5679657910147928
2021-12-15 00:00:00-05:00,DDD,bubble,1.009380898958831,38.57758253033209,-0.5592904039794666,-0.6139122115636082,-0.5756302464887466
2021-12-16 00:00:00-05:00,DDD,bubble,0.9231481565696547,39.55801354154417,-0.5296100027714867,-0.6018295486039622,-0.5623495449086465
2021-12-17 00:00:00-05:00,DDD,bubble,0.8900432522258799,45.19037465266848,-0.5538250203775257,-0.6536875873018286,-0.5836005412571393
2021-12-20 00:00:00-05:00,DDD,bubble,0.9650092842744282,43.11663038874,-0.5360824954197714,-0.6522961563618299,-0.5740393585945898
2021-12-21 00:00:00-05:00,DDD,bubble,1.0226654583909638,54.90981944777838,-0.5307036971017448,-0.6575526647524785,-0.5925593738151206
2021-12-22 00:00:00-05:00,DDD,bubble,0.8445379383676332,49.32221461801592,-0.5207289251886624,-0.6615034364425403,-0.5858770006087874
2021-12-23 00:00:00-05:00,DDD,bubble,0.8019639915374284,54.483549809979436,-0.5317892731477367,-0.6634877523447309,-0.5871934621425952
2021-12-27 00:00:00-05:00,DDD,bubble,0.90476187330697,52.08085984515765,-0.5400000052018599,-0.6745454614812678,-0.5868181748823686
2021-12-28 00:00:00-05:00,DDD,bubble,0.8992868947217527,40.999990224831265,-0.541529765245744,-0.6696386608031433,-0.5734396818209443
2021-12-29 00:00:00-05:00,DDD,bubble,1.086699615880642,33.833555206987825,-0.5420207899196896,-0.6562795040173193,-0.5708215287245979
2021-12-30 00:00:00-05:00,DDD,bubble,1.0355473417241807,43.77682637655297,-0.5569852829997826,-0.659926469782593,-0.5822610267934271
2021-12-31 00:00:00-05:00,DDD,bubble,1.0553436885867384,45.00000701231784,-0.5389972199110895,-0.6522748629170709,-0.5779944398221791
2022-01-03 00:00:00-05:00,DDD,bubble,1.112702987113738,56.08629922888969,-0.5718806551656077,-0.6415009255210566,-0.5890596831956125
2022-01-04 00:00:00-05:00,DDD,bubble,1.0036730033900536,55.99999413123153,-0.5449129035720741,-0.6329055755769861,-0.583409703037527
2022-01-05 00:00:00-05:00,DDD,bubble,0.8069394910603214,42.726074640103434,-0.5002461897869226,-0.5947809079937632,-0.5524372037610925
1987-10-16 00:00:00-04:00,TOL,bubble,0.5254231976329897,9.523752283632646,-0.21666656265669426,-0.35000017179175225,-0.400000056095266
2000-04-14 00:00:00-04:00,NVDA,bubble,2.6209259458287026,40.15177466676941,0.8932520353321989,1.0902058550209586,0.0
2000-04-17 00:00:00-04:00,NVDA,bubble,2.8825591588163304,45.403798271016115,0.7597221036996344,1.1368383702046767,0.0
2000-11-30 00:00:00-05:00,NVDA,bubble,1.0736047059335743,28.339365116863988,1.1962969715584402,2.053825851776578,-0.3117272615987269
2000-12-06 00:00:00-05:00,NVDA,bubble,1.0853048279936433,21.84799735213265,1.3454538147483586,2.1355172421944997,-0.32424143563993635
2000-12-07 00:00:00-05:00,NVDA,bubble,1.1107460766817607,23.561438132683207,1.3190110874726555,2.1017312383683824,-0.3117272615987269
2000-12-14 00:00:00-05:00,NVDA,bubble,1.32517872796274,33.96240575414505,1.1964525252259817,1.978646546258934,-0.3293220624512855
2000-12-15 00:00:00-05:00,NVDA,bubble,0.9900488310802915,32.530350049139074,1.3051668169108708,2.4500103566393143,-0.2554266601984557
2000-12-18 00:00:00-05:00,NVDA,bubble,0.898004712204963,36.981552660194396,1.3275305810505516,2.4231551562787152,-0.2791918234813165
2000-12-19 00:00:00-05:00,NVDA,bubble,0.6823429403535783,37.171205307584955,1.5653202395274395,2.7935731037247384,-0.2202769631489029
2000-12-22 00:00:00-05:00,NVDA,bubble,0.5714271728684939,40.14013484342491,1.6737923260082042,2.816037884356238,-0.14616603564268493
2000-12-26 00:00:00-05:00,NVDA,bubble,0.5112388201285634,35.454520625474046,1.7018653808920527,3.002977630533218,-0.10966115125998852
2000-12-27 00:00:00-05:00,NVDA,bubble,0.5597862079901499,44.0566478160933,1.5622328777549446,2.997773211120897,-0.16550135368757543
2000-12-28 00:00:00-05:00,NVDA,bubble,0.5552451472155058,45.03140277308036,1.5719286017301606,2.861087873712001,-0.1698388690983406
2001-01-03 00:00:00-05:00,NVDA,bubble,0.7174199525729219,40.626859935093925,1.1280513148799933,2.4561027892765397,-0.0519194477297654
2001-01-05 00:00:00-05:00,NVDA,bubble,0.8012163819385114,45.82840731811297,1.1044014857081925,2.40057641069667,0.0
2001-01-08 00:00:00-05:00,NVDA,bubble,0.9402907662697415,53.00879422888854,0.9372306372300034,1.9420272460747903,0.0
2001-01-09 00:00:00-05:00,NVDA,bubble,0.9161849054112507,52.63146759863086,0.89563128593222,2.1536700214230726,0.0
2001-02-12 00:00:00-05:00,NVDA,bubble,0.7249994675588067,18.402222913233558,1.0449778600272528,1.4834711569814742,0.0
2021-12-16 00:00:00-05:00,UPST,bubble,3.772310915050366,25.27859169333307,-0.7501422103089481,-0.8909271884303139,-0.8009101242781939
2021-12-17 00:00:00-05:00,UPST,bubble,2.8909698321117308,23.32484413998654,-0.7253197186804512,-0.8954591108175369,-0.7988216591933167
2021-12-20 00:00:00-05:00,UPST,bubble,1.9825357120639864,23.31466718006449,-0.7258555191098057,-0.8904942994788573,-0.7870722433460076
2021-12-21 00:00:00-05:00,UPST,bubble,2.6369829994436667,38.41842544976531,-0.7408348756640375,-0.9061412889083565,-0.8126839657459163
2021-12-22 00:00:00-05:00,UPST,bubble,2.0367892624565136,37.96661450738188,-0.7181304989880339,-0.9083149793037968,-0.8072687208475517
2021-12-23 00:00:00-05:00,UPST,bubble,2.1981865363915696,40.9284333784663,-0.7382206092947594,-0.9108951001508677,-0.8109896036495019
2021-12-27 00:00:00-05:00,UPST,bubble,2.640582270682107,44.09869169653795,-0.775993501761616,-0.9225193692906465,-0.8250437317256114
2021-12-28 00:00:00-05:00,UPST,bubble,2.4944873912312433,32.717610735764396,-0.7839162357324638,-0.9177686789311944,-0.8120426946998729
2021-12-29 00:00:00-05:00,UPST,bubble,2.6294477029812118,32.19676323280139,-0.786206882054611,-0.9110209574679033,-0.810682886034483
2021-12-30 00:00:00-05:00,UPST,bubble,2.9987135823737625,40.1963107074449,-0.7888438445513859,-0.9149456289648998,-0.8198545884357948
2021-12-31 00:00:00-05:00,UPST,bubble,2.7128835104725844,45.64716750837195,-0.7656312070770928,-0.9148050225820997,-0.8149372145721534
2022-01-03 00:00:00-05:00,UPST,bubble,2.288474611105113,46.96682665981684,-0.7712567446778302,-0.9041200087485409,-0.8064426981116274
2022-01-04 00:00:00-05:00,UPST,bubble,1.8236511235691433,46.10589122597382,-0.7529652860877674,-0.9048176905424221,-0.7949919488606015
2022-01-05 00:00:00-05:00,UPST,bubble,1.37476028278218,36.295627245368465,-0.7812146646797297,-0.894282020797525,-0.7812146646797297
2022-01-06 00:00:00-05:00,UPST,bubble,1.1381116015557962,39.19221214993416,-0.7717639059613832,-0.8861774929705273,-0.7717639059613832
2022-01-07 00:00:00-05:00,UPST,bubble,1.2179024836623813,39.184586258356,-0.7725523636119296,-0.8784950798721628,-0.7725523636119297
2022-01-10 00:00:00-05:00,UPST,bubble,1.0913909721014612,41.25178992260094,-0.7803705684065714,-0.8654081466092002,-0.7803705684065714
2022-01-11 00:00:00-05:00,UPST,bubble,0.937580000728993,33.53036416482962,-0.8002643251874136,-0.857839092751155,-0.8002643251874136
2022-01-12 00:00:00-05:00,UPST,bubble,1.0457844069968192,34.14374996398256,-0.7827041740860126,-0.8565155033725003,-0.7957942778705169
2022-01-13 00:00:00-05:00,UPST,bubble,0.8016161131203696,28.638906717539356,-0.7610983946776226,-0.8417391220546696,-0.7786727660853475
2022-01-14 00:00:00-05:00,UPST,bubble,0.984107153756278,19.792567862902615,-0.7453874470333528,-0.8516785217198445,-0.7823778222270745
2022-01-18 00:00:00-05:00,UPST,bubble,1.0248711520610891,22.539369909803213,-0.7390592361970507,-0.8583386482026671,-0.780001824224198
2022-01-19 00:00:00-05:00,UPST,bubble,0.9197754399267402,21.676810134726153,-0.7316290898062698,-0.8369021736900972,-0.7719083122543215
2022-01-20 00:00:00-05:00,UPST,bubble,0.6802571860862194,14.2687993289384,-0.7570695257492952,-0.8266915592125382,-0.774335044695862
2022-01-28 00:00:00-05:00,UPST,bubble,0.5275768145651634,31.814420274794713,-0.7479999943783409,-0.8033684178402549,-0.7614736858167146
2022-01-31 00:00:00-05:00,UPST,bubble,0.5517438026509676,46.23416725589207,-0.7666269146360983,-0.8146958960913019,-0.7921291679354912
2022-02-01 00:00:00-05:00,UPST,bubble,0.554657478909228,47.46293345666014,-0.7523225175792093,-0.7967271796704503,-0.8068695176529478
2022-02-16 00:00:00-05:00,UPST,bubble,0.7979834190419939,72.89556825739743,-0.7896763710822998,-0.8762245768884337,-0.8469022316843235
2022-02-17 00:00:00-05:00,UPST,bubble,0.5561127789930373,67.17727998876174,-0.7961756206457321,-0.867148903614026,-0.8377139650863007
2022-02-18 00:00:00-05:00,UPST,bubble,0.6887417146372719,58.38380734427184,-0.7936178429622489,-0.8572087715566323,-0.8257593285992174
2022-02-22 00:00:00-05:00,UPST,bubble,0.6494662765295338,51.254933138618156,-0.7788565335149211,-0.8463198064105273,-0.8119658165652
2022-02-23 00:00:00-05:00,UPST,bubble,0.5089249373475286,52.69393050787355,-0.7611847344250726,-0.8395445978247777,-0.7984523722680366
2022-02-24 00:00:00-05:00,UPST,bubble,0.919877546652937,62.498142993920936,-0.7863169900551671,-0.8612694825037776,-0.82774610929886
2022-02-25 00:00:00-05:00,UPST,bubble,1.0700793136241415,63.48367782888405,-0.8144686622125558,-0.8637768651477052,-0.833235214651671
2022-02-28 00:00:00-05:00,UPST,bubble,1.370442638802035,69.64795559087494,-0.8384707920092587,-0.8864801642992639,-0.8565732067881182
2022-03-01 00:00:00-05:00,UPST,bubble,1.4088799275384485,63.65822535461704,-0.8278541833745516,-0.8784731718154413,-0.8441540522790902
2022-03-02 00:00:00-05:00,UPST,bubble,1.7255122015983302,63.4858758845937,-0.8349635197919434,-0.8800777392703784,-0.8556090088257611
2022-03-03 00:00:00-05:00,UPST,bubble,1.7323379927467961,63.26229406699463,-0.8270691644333341,-0.8760495756092025,-0.848993734399042
2022-03-04 00:00:00-05:00,UPST,bubble,1.5072323036558686,57.76440378435068,-0.8099321871933477,-0.8644266094143882,-0.8233413963308246
2022-03-07 00:00:00-05:00,UPST,bubble,1.4002560820087493,52.04546662233867,-0.7819555494520399,-0.8433777703179254,-0.7985777791341145
2022-03-08 00:00:00-05:00,UPST,bubble,1.1036813762028674,50.764145768474066,-0.7620535748345512,-0.8551785775593349,-0.7976785727909633
2022-03-09 00:00:00-05:00,UPST,bubble,1.2106056931349345,40.06373348376674,-0.7715554006461213,-0.8675943289252532,-0.8065562577643777
2022-03-10 00:00:00-05:00,UPST,bubble,0.9024306845893897,41.106339632773214,-0.7557231461213904,-0.8645075344165585,-0.7989352221737966
2022-03-11 00:00:00-05:00,UPST,bubble,0.7255172729492188,40.29720351402639,-0.7201239037128957,-0.8538169479739033,-0.7735811407591248
2022-03-15 00:00:00-04:00,UPST,bubble,0.6233139816057265,45.19910266183991,-0.7403570107269377,-0.8379154734650403,-0.7675420694802393
2022-03-16 00:00:00-04:00,UPST,bubble,0.7593353403112777,41.57822560103742,-0.7572697538548239,-0.8575970081644154,-0.7881252875736099
2023-11-07 00:00:00-05:00,UPST,bubble,0.5183272366123481,60.13986635809202,-0.11016660278572776,0.8860932168819486,-0.29037739042797633
2023-12-01 00:00:00-05:00,UPST,bubble,0.6557544856841528,78.77877741229274,-0.2428173914847045,1.2483781643751573,-0.324374372540024
2023-12-04 00:00:00-05:00,UPST,bubble,0.8009453396382689,79.74199852223771,-0.22922135901117358,1.1764361405900021,-0.3622047169637102
2023-12-05 00:00:00-05:00,UPST,bubble,0.7696840268083112,70.46799501852662,-0.18674333853890168,1.2218523495140072,-0.33807505347387984
2023-12-06 00:00:00-05:00,UPST,bubble,0.972286400075413,71.31661470121392,-0.2801522171420391,1.2587823186994207,-0.3597774901368969
2023-12-07 00:00:00-05:00,UPST,bubble,0.9772329592086808,77.11863858848449,-0.2967227503393751,1.2553883022929746,-0.3542957918830853
2023-12-11 00:00:00-05:00,UPST,bubble,1.0787173363758975,73.79311090012304,-0.2992987805595759,1.19915843394753,-0.3865357670922506
2023-12-12 00:00:00-05:00,UPST,bubble,1.078454341836855,82.12719150334732,-0.3501408536669234,1.171267657212808,-0.38394363833145356
2024-01-03 00:00:00-05:00,UPST,bubble,1.633131669453026,48.99446429744808,-0.333524853557164,0.8408503103427605,-0.37833959965734576
2024-01-04 00:00:00-05:00,UPST,bubble,1.6338246593240897,34.33476857437438,-0.3160530547409607,0.8709867166513723,-0.3625920794301977
2024-01-05 00:00:00-05:00,UPST,bubble,1.3965394342270345,27.04667123146136,-0.27075816645276896,0.8125751190629618,-0.34897718721635795
2024-01-08 00:00:00-05:00,UPST,bubble,1.7338462242713342,33.80230811224624,-0.3016319905613616,0.6662914939551969,-0.3911086428758652
2024-01-09 00:00:00-05:00,UPST,bubble,1.6631016198620707,29.778598336566674,-0.22776822705217792,0.6563396634399683,-0.3792312389339858
2024-01-10 00:00:00-05:00,UPST,bubble,1.6387241025768735,27.697561709477426,-0.23784085344548567,0.6044419506455172,-0.391622165439679
2024-01-11 00:00:00-05:00,UPST,bubble,1.3384939798050572,29.183340062757736,-0.0984050708037899,0.715317507830576,-0.3487812311840887
2024-01-12 00:00:00-05:00,UPST,bubble,1.0746754256081377,23.322546608626922,0.0003129365037386478,0.9615022432687907,-0.32269174106719106
2024-01-16 00:00:00-05:00,UPST,bubble,0.769320301150527,22.851478758399523,0.015106701903026432,1.1182265479120326,-0.28932680303948055
2024-01-17 00:00:00-05:00,UPST,bubble,0.8281341897804058,22.204463121165347,-0.08531872711189281,1.027044435512916,-0.3032839741875422
2024-01-18 00:00:00-05:00,UPST,bubble,0.8010409335307238,15.962028116203811,-0.10757863005079893,1.0555556644457957,-0.3050738659666766
2024-01-19 00:00:00-05:00,UPST,bubble,0.9836164766223632,23.896211728435148,-0.15417556500173235,1.0052005446767116,-0.33802385136939933
2024-01-22 00:00:00-05:00,UPST,bubble,1.3147078755247352,39.055403202475226,-0.2333518740599534,0.923140837899715,-0.39955608102315177
2024-01-23 00:00:00-05:00,UPST,bubble,1.0289184484398133,41.1089904160264,-0.28677311425865903,0.9224629110966798,-0.38312433694083914
2024-01-24 00:00:00-05:00,UPST,bubble,0.8131394034610417,46.89203054836169,-0.2349271865229582,0.9307990992464867,-0.3572913404667912
2024-01-25 00:00:00-05:00,UPST,bubble,0.847137296554336,47.991067817320264,-0.2142641898876656,1.0018055239067185,-0.3487812311840887
2024-01-26 00:00:00-05:00,UPST,bubble,0.7982359442911182,48.2603738574639,-0.20141017504455838,1.025444569535022,-0.33660330784081693
2024-01-29 00:00:00-05:00,UPST,bubble,1.043602886301013,50.21597736063739,-0.26923072804067094,0.8899495146970267,-0.3924761359193169
2024-01-30 00:00:00-05:00,UPST,bubble,0.7438960880428165,46.75716200323588,-0.168007132586242,0.9286566379255683,-0.3553768368670892
2024-01-31 00:00:00-05:00,UPST,bubble,0.6929637442107242,40.9242508158936,-0.20025190694324746,0.9889797768798478,-0.3186398226165784
2024-02-01 00:00:00-05:00,UPST,bubble,0.7291219865832117,47.57686198090345,-0.26439626036832975,0.9597523446511742,-0.3300309628237075
2024-02-02 00:00:00-05:00,UPST,bubble,0.6188118578160406,52.04806101515108,-0.2717125388862881,0.9871560195979776,-0.3382263337995352
2024-02-06 00:00:00-05:00,UPST,bubble,0.5067872697858289,56.14708942521923,0.0,1.0675675691156146,-0.35015015359025453
2024-02-07 00:00:00-05:00,UPST,bubble,0.540874370638436,53.364875109807905,0.055212862943402774,1.1881556584836188,-0.3325107769322113
2024-02-08 00:00:00-05:00,UPST,bubble,0.6736586035751715,54.183889610274456,0.05654323955286111,0.962692907098283,-0.3692801363017629
2024-02-09 00:00:00-05:00,UPST,bubble,0.7879748503596398,43.48356079793589,0.00825955063993522,1.6185838539063284,-0.3616519641413972
2024-02-12 00:00:00-05:00,UPST,bubble,1.1457955080037676,51.14503594505225,0.06653511500231013,1.372709353417977,-0.38990700183518445
2024-02-13 00:00:00-05:00,UPST,bubble,1.0183935773687174,47.93615916163184,0.09599039604717619,1.5036452841208003,-0.3426488276642046
2024-02-14 00:00:00-05:00,UPST,bubble,0.6444996167521397,36.006616976265775,0.38284207931283554,2.283824731522289,-0.18216174835972337
2024-02-15 00:00:00-05:00,UPST,bubble,0.6089020769497999,38.62980460033776,0.35780156933067886,2.065658382118118,-0.2017706048525312
2024-03-07 00:00:00-05:00,UPST,bubble,0.5158137743260993,46.327129935101574,0.3050076149228176,0.7697268757861662,-0.17905922273953143
2024-03-08 00:00:00-05:00,UPST,bubble,0.5516457917363746,55.59883048125551,0.2871250340274063,0.81638623153817,-0.20848576192856805
2024-03-11 00:00:00-04:00,UPST,bubble,0.6196055221860992,53.41440428445155,0.28130945035687827,0.7628473759544547,-0.17624670679238275
2024-03-12 00:00:00-04:00,UPST,bubble,0.6312056004969191,53.71589402892173,0.3889328240837979,0.9185771691417217,-0.14466402995185793
2024-03-13 00:00:00-04:00,UPST,bubble,0.6470202268882939,53.165737618392384,0.43499008747487733,0.9896620944144412,-0.13956263547199826
2024-03-14 00:00:00-04:00,UPST,bubble,0.5892002609795259,46.011281484898056,0.6356988722278225,1.055483910345262,-0.0692473380796371
2024-03-15 00:00:00-04:00,UPST,bubble,0.5576795676944681,42.53858374571992,0.4862463046632375,1.15827345794732,-0.08421497426128578
2024-03-18 00:00:00-04:00,UPST,bubble,0.5278480441920601,40.81271938936525,0.5613090132417722,1.0588236130714854,-0.10356255439973351
2024-03-19 00:00:00-04:00,UPST,bubble,0.5876560099768238,43.714820957932766,0.5843672824557689,1.1488833097057696,-0.10504552867948687
2024-03-20 00:00:00-04:00,UPST,bubble,0.8743824504543649,53.16159055312964,0.5060241266680594,1.0760542356318155,-0.18524097045268437
2024-03-21 00:00:00-04:00,UPST,bubble,0.7317554297519173,50.08025866465992,0.5087320215737494,1.088078955253775,-0.1784358669594647
2024-03-22 00:00:00-04:00,UPST,bubble,0.8426648215895649,52.39294585275781,0.48192302997295666,1.0334614973801832,-0.1676923311673678
2024-03-25 00:00:00-04:00,UPST,bubble,0.9226804681178529,57.727276195179336,0.4415932022125535,0.8805054510284049,-0.1711988171662834
2024-03-26 00:00:00-04:00,UPST,bubble,1.0540958876073407,52.982811875627746,0.4879608484041742,0.7791573006495964,-0.1858540462090728
2024-03-27 00:00:00-04:00,UPST,bubble,1.145468380103928,58.14581312891223,0.45154417035514394,0.6340077619677662,-0.23180691050621385
2024-03-28 00:00:00-04:00,UPST,bubble,1.0700538770936237,48.02804220439355,0.5191520788894735,0.7106731515103024,-0.19523987055280626
2024-04-01 00:00:00-04:00,UPST,bubble,0.9235808402800942,50.74074008664308,0.5138099833354166,0.8021188239936516,-0.18123347938778944
2024-04-02 00:00:00-04:00,UPST,bubble,0.8139535258832526,52.091257579309534,0.4677544333814765,0.5031079631213324,-0.15928517552164764
2024-04-03 00:00:00-04:00,UPST,bubble,0.6544997072057865,55.2197861219428,0.4811714443003434,0.3236971481620241,-0.17687338774996134
2024-04-04 00:00:00-04:00,UPST,bubble,0.5361077201394302,59.059746335733294,0.5513943440198807,0.5051792113592259,-0.13784864299745836
2024-04-05 00:00:00-04:00,UPST,bubble,0.534536422882107,55.01460783565381,0.6747769461723936,0.4553933338087526,-0.12246555054543519
2024-04-08 00:00:00-04:00,UPST,bubble,0.5053572657157019,55.53417310496069,0.6219849336809851,0.7058124882534782,-0.1443258755929071
2024-04-09 00:00:00-04:00,UPST,bubble,0.5471143207288813,59.22330015366528,0.6326607781604738,0.4674533142487145,-0.17624670679238275
2024-04-23 00:00:00-04:00,UPST,bubble,0.52729692642587,34.12322266313208,1.2650391401399848,1.122057505312764,-0.056669621366361674
2024-04-24 00:00:00-04:00,UPST,bubble,0.560054069859927,39.622644904500625,1.1518165308877033,1.080449685473107,-0.06401390120511925
2024-04-25 00:00:00-04:00,UPST,bubble,0.5733976267115035,40.25559280651383,1.237844955029431,1.154621059618639,-0.05212442128928581
2024-04-26 00:00:00-04:00,UPST,bubble,0.6394128858523853,40.25558067089926,1.1560103923674832,1.037510703429553,-0.07757884764918052
2024-04-29 00:00:00-04:00,UPST,bubble,0.5922598818485201,31.710077758495487,1.256076279372257,1.0698783303680024,-0.06076395270172943
2024-04-30 00:00:00-04:00,UPST,bubble,0.5920863142517505,35.44303002867059,1.2783551776329447,1.2629915829296343,-0.022141879335759996
2024-05-01 00:00:00-04:00,UPST,bubble,0.7619415751761358,38.70193029604933,1.2356798947030172,1.2737209484834913,-0.05378230889589204
2024-05-02 00:00:00-04:00,UPST,bubble,0.9429751642723663,48.06974197114369,1.070608244629994,1.1863037441715734,-0.0795406559348357
2024-05-03 00:00:00-04:00,UPST,bubble,0.9778869404651822,66.27392331729176,1.0074534289034798,0.9229813399696956,-0.10393375853123886
2024-05-06 00:00:00-04:00,UPST,bubble,1.0666131557917309,70.60332931459838,0.834563171979293,0.8613592351524575,-0.15961167418841019
2024-05-07 00:00:00-04:00,UPST,bubble,0.8481872912666912,61.31548775384532,1.0678381648546336,0.9276665097085763,-0.11565181868074607
2024-05-08 00:00:00-04:00,UPST,bubble,0.7272048141022913,53.92157467728873,1.3357852927990534,1.291648536813561,-0.06360887848893754
2024-05-09 00:00:00-04:00,UPST,bubble,0.857345620502874,66.7706682504703,1.1196026388609202,1.0512036740038733,-0.17309899401754308
2024-05-13 00:00:00-04:00,UPST,bubble,0.635658888278507,65.42955126448028,1.8246446407189376,0.7276703923589236,-0.21108278713488843
2024-05-14 00:00:00-04:00,UPST,bubble,0.7443563890944807,67.61107234869033,1.4284714912424077,0.6817069455909959,-0.243092015594493
1983-08-24 00:00:00-04:00,AAPL,quality,0.7042308870725797,31.818445703706175,-0.11157044005231931,-0.07438293227055615,-0.4090934607568113
1983-08-25 00:00:00-04:00,AAPL,quality,0.8074063800814202,28.571882740622797,-0.11065580060140678,-0.07787108835605472,-0.41393649888821765
1983-08-26 00:00:00-04:00,AAPL,quality,0.8029184673539642,30.76931321415988,-0.12550497235278346,-0.0890698918896774,-0.421053952775958
1983-08-29 00:00:00-04:00,AAPL,quality,0.7361159390420402,30.76962856420171,-0.18400293103641663,-0.10800066629664118,-0.42800140198176573
1983-09-09 00:00:00-04:00,AAPL,quality,0.6780904581720335,43.24319286324947,-0.13877367553057363,-0.1346921072927455,-0.41632834874670654
1983-09-12 00:00:00-04:00,AAPL,quality,0.6225270036746176,43.478222184023224,-0.106122622494499,-0.13877367553057363,-0.41632834874670654
1983-09-15 00:00:00-04:00,AAPL,quality,0.6971882396779019,49.171303307415876,-0.11203283427693389,-0.08713807016670294,-0.40664143669618674
1983-09-16 00:00:00-04:00,AAPL,quality,0.6433537313245596,46.738886695498266,-0.09361125802213233,-0.051060531227617445,-0.3914882834178434
1987-10-26 00:00:00-05:00,AAPL,quality,0.6516948182291089,17.159751850964227,0.48830598615159304,0.44005908802478144,0.0
2018-04-09 00:00:00-04:00,ACB,bubble,1.883168411969383,25.86478301186078,0.7577719414231245,0.5686760430722972,-0.29601649172696726
2018-05-16 00:00:00-04:00,ACB,bubble,2.161621698137818,44.895524869602895,0.18787825884018994,0.5389228425460295,-0.2990254658139767
2018-05-17 00:00:00-04:00,ACB,bubble,2.057065085553304,40.45184954842283,0.13563028893042395,0.5651787140062987,-0.27111106464381396
2018-07-19 00:00:00-04:00,ACB,bubble,1.9471544778091983,13.709664923199853,0.15142759942188344,0.2032775826482074,-0.2931034137818051
2018-07-20 00:00:00-04:00,ACB,bubble,1.9298700942860187,12.089072845367028,0.1381259113397788,0.2245426187182551,-0.27304960194698463
2018-07-23 00:00:00-04:00,ACB,bubble,1.8212561802054426,12.089097430843424,0.09914890715379499,0.16307357999536687,-0.29794522063521955
2018-07-24 00:00:00-04:00,ACB,bubble,1.4862385426536737,10.575155077712552,0.26659409588063143,0.241721344530488,-0.24354244242670064
2018-07-25 00:00:00-04:00,ACB,bubble,1.4629630714908393,10.066532953635104,0.3098947280339539,0.24946801871162316,-0.22932332019776033
2018-07-26 00:00:00-04:00,ACB,bubble,1.4351852530151077,9.982425446154068,0.3997528226103637,0.22429086912684215,-0.22053231881972546
2018-07-27 00:00:00-04:00,ACB,bubble,1.4768519807287048,13.879177619508283,0.33550085480668934,0.2114485436540967,-0.2336448777800442
2018-07-30 00:00:00-04:00,ACB,bubble,1.4003705805438003,13.186372692728696,0.38733784614883326,0.25120660793489824,-0.20849416347959254
2018-07-31 00:00:00-04:00,ACB,bubble,1.5000000302434322,22.804996098462993,0.3490513046677859,0.11311004873595998,-0.24770643489261696
2018-08-01 00:00:00-04:00,ACB,bubble,1.457943926385373,21.62861216827949,0.4588973080727734,0.24794860314692424,-0.22053231881972546
2018-08-02 00:00:00-04:00,ACB,bubble,1.529411905388431,22.72553332603664,0.6157906335907934,0.24399800797342164,-0.20542636094728386
2018-08-03 00:00:00-04:00,ACB,bubble,1.6082475481091794,26.15866931517455,0.619031566359779,0.39974497073980686,-0.18972332984031015
2018-08-06 00:00:00-04:00,ACB,bubble,1.715789608102451,30.71078939922664,0.5213352711161665,0.3304147336369756,-0.20542636094728386
2018-08-07 00:00:00-04:00,ACB,bubble,1.3979592166250812,24.719120656133825,0.7143595566495498,0.46503822183996757,-0.127659587600498
2018-08-08 00:00:00-04:00,ACB,bubble,1.4248729897249204,29.515428458932675,0.6476512831157819,0.41971533180373766,-0.141720695693651
2018-08-09 00:00:00-04:00,ACB,bubble,1.4141413993421583,31.623945109636466,0.5555000646617265,0.42967154491209314,-0.14225938444684652
2018-08-10 00:00:00-04:00,ACB,bubble,1.4000001087516458,23.851594962990305,0.5969265426845094,0.4833376059889529,-0.11941581563787425
2018-08-13 00:00:00-04:00,ACB,bubble,1.3281250611661615,26.600991493319896,0.6819350522312595,0.41282542027490887,-0.08277406809120204
2018-08-14 00:00:00-04:00,ACB,bubble,1.0812183026523612,23.4782657551647,0.7957804491532603,0.4340951425424582,0.0
2018-08-15 00:00:00-04:00,ACB,bubble,1.463870583693459,43.63394692003168,0.49935405233587726,0.27391923701698206,-0.02584082720242841
2018-08-16 00:00:00-04:00,ACB,bubble,1.38693467170196,40.17037422360785,0.5129284106568417,0.2749642169877422,0.0
2018-08-17 00:00:00-04:00,ACB,bubble,1.542199516436368,46.61509024725667,0.475169045212265,0.2373057830628451,0.0
2018-08-20 00:00:00-04:00,ACB,bubble,2.0051282578380767,55.50778896281126,0.24935498188008753,0.03346074532006904,-0.13642323377544846
2021-10-01 00:00:00-04:00,ACB,bubble,0.516059997753658,58.62068259932382,-0.44209041952831807,-0.8262711912350761,-0.586158220704581
2021-10-04 00:00:00-04:00,ACB,bubble,0.5371179628516778,60.714280307972984,-0.41193180925343664,-0.818181819413319,-0.5838068380397702
2021-10-05 00:00:00-04:00,ACB,bubble,0.580086553993282,61.92306405694576,-0.46301368817891164,-0.8301369915269825,-0.5986301474375267
2021-10-06 00:00:00-04:00,ACB,bubble,0.6333333333333333,64.09266500253625,-0.4870748195518442,-0.8190476164525868,-0.6013605545978157
2021-10-07 00:00:00-04:00,ACB,bubble,0.6008677981450807,64.36781273202416,-0.5216802469194513,-0.8428184295150455,-0.6029810565656519
2021-10-14 00:00:00-04:00,ACB,bubble,0.5991188553757569,78.85461637092966,-0.5123966629490007,-0.8567493135383819,-0.5964187348088611
2021-10-15 00:00:00-04:00,ACB,bubble,0.638694651545646,65.61744334389871,-0.5220484066069903,-0.8421052645858715,-0.5832148226865843
2021-10-18 00:00:00-04:00,ACB,bubble,0.7213929262418808,53.142851413028644,-0.5158959324079715,-0.8381502846359643,-0.5765895877282287
2021-10-19 00:00:00-04:00,ACB,bubble,0.5817410278884345,66.06333498234021,-0.5664429632609322,-0.856375841486374,-0.6067114196367712
2021-10-20 00:00:00-04:00,ACB,bubble,0.6798245841519734,66.51784817175661,-0.592689276965453,-0.8577023520148923,-0.617493474925337
2021-10-21 00:00:00-04:00,ACB,bubble,0.5195875659431379,56.11812743206946,-0.5861600914119516,-0.8507462624764415,-0.6024423276755728
2021-10-25 00:00:00-04:00,ACB,bubble,0.5341881244070612,47.58065310030062,-0.5919220335417072,-0.827298062792677,-0.5919220335417071
2021-10-26 00:00:00-04:00,ACB,bubble,0.5977273420854048,43.798459927964366,-0.5817923422153373,-0.8207681389118422,-0.5832148226865843
2021-10-27 00:00:00-04:00,ACB,bubble,0.7100000381469727,40.14598865337093,-0.5540935771988188,-0.8216374336680489,-0.5716374476106555
2021-10-28 00:00:00-04:00,ACB,bubble,0.7963447629832925,43.67817301528421,-0.5595930538801568,-0.8139534938522386,-0.5741279369563641
2021-10-29 00:00:00-04:00,ACB,bubble,0.6210269090040843,42.85715514939408,-0.5263952010074944,-0.7843137325412879,-0.5580694134480327
2021-11-01 00:00:00-04:00,ACB,bubble,0.7259259636019484,49.50166896097579,-0.5665236255274951,-0.8068669570056887,-0.580829776860407
2021-11-04 00:00:00-04:00,ACB,bubble,0.5462754216639847,46.73912743013995,-0.5897810163289091,-0.8087591185186901,-0.5897810163289091
2013-09-12 00:00:00-04:00,MARA,bubble,0.5915119443914274,52.336446515690504,0.15000001589457201,1.6499999364217124,-0.23333334922790527
2018-05-22 00:00:00-04:00,MARA,bubble,0.8749999586078872,39.42307515962583,-0.5259259448947563,-0.4703703991506647,-0.5703703903203472
2018-05-31 00:00:00-04:00,MARA,bubble,0.5108695222603583,46.66667196485395,-0.5251798323608627,-0.5557553859658075,-0.5827338206620575
2018-06-01 00:00:00-04:00,MARA,bubble,0.5340909444965609,48.275864903905045,-0.5185185446824225,-0.5999999911696824,-0.5703703903203472
2018-06-05 00:00:00-04:00,MARA,bubble,0.5113636933205545,44.827594711715136,-0.5413533875021523,-0.620300767716763,-0.5639098010558358
2018-06-08 00:00:00-04:00,MARA,bubble,0.5357142882484969,32.69231650955507,-0.6124030893134506,-0.6007751930820906,-0.6124030893134506
2018-06-11 00:00:00-04:00,MARA,bubble,0.5000000372529025,32.07548867343759,-0.5833333498901785,-0.5687500310440846,-0.5833333498901785
2018-06-14 00:00:00-04:00,MARA,bubble,0.6805555417581846,40.81634440454045,-0.6280991951304288,-0.541322322598849,-0.6280991951304288
2018-06-15 00:00:00-04:00,MARA,bubble,0.8906251018634088,40.81634440454045,-0.6446281044659542,-0.5516528909335525,-0.6446281044659542
2018-06-18 00:00:00-04:00,MARA,bubble,0.8593751309672399,36.734704304011686,-0.6134453897262033,-0.5567227324290525,-0.6386554735493633
2018-06-19 00:00:00-04:00,MARA,bubble,0.8281249738065519,36.734704304011686,-0.641025639066251,-0.5256410021283444,-0.6410256390662509
2018-06-20 00:00:00-04:00,MARA,bubble,0.9166665507687508,21.42859170224493,-0.5999999844509619,-0.5282608431994571,-0.6347826125265746
2020-08-25 00:00:00-04:00,MARA,bubble,0.5061728703941155,31.742741811583443,11.553278050189455,14.709016775482597,-0.3278688740839206
2020-08-26 00:00:00-04:00,MARA,bubble,0.6282051634741501,18.362278415651048,10.870078768243246,13.25984321443818,-0.35433070459637234
2020-10-20 00:00:00-04:00,MARA,bubble,0.5092024818057737,68.65671761292457,11.626015847275651,20.57317027311914,-0.14634151541947907
2020-10-26 00:00:00-04:00,MARA,bubble,0.6493506654355599,65.02242123700225,13.818897620056898,19.811024174893358,-0.17322837158606177
2020-10-28 00:00:00-04:00,MARA,bubble,0.5878377529371397,54.05405032215506,14.651063945488785,20.442553801944563,-0.10638298304062632
2020-10-29 00:00:00-04:00,MARA,bubble,0.6402877660822124,52.27272522022563,14.885965647019407,21.912281725435278,-0.07894739869118655
2020-10-30 00:00:00-04:00,MARA,bubble,0.6000000353212704,44.799999694824194,14.717592321244299,24.69907227581673,-0.027777860562003345
2020-11-02 00:00:00-05:00,MARA,bubble,0.5217390665860766,44.799999694824194,14.97619083841373,29.1619062043102,0.0
2020-11-03 00:00:00-05:00,MARA,bubble,0.5633803490867855,49.402391005901286,13.144143790028412,28.126127400362247,-0.013513500451867638
2020-11-04 00:00:00-05:00,MARA,bubble,0.6319443133694207,50.390624636202105,12.33191540218578,26.357448308313586,-0.06808504421498092
2020-11-05 00:00:00-05:00,MARA,bubble,0.8115942091582278,56.24999825377029,10.127999877929687,24.527999877929688,-0.1239999771118164
2020-11-06 00:00:00-05:00,MARA,bubble,0.8257575682317371,51.40562579700259,9.767634787861388,30.244813431532766,-0.09128631567429965
2020-11-09 00:00:00-05:00,MARA,bubble,0.6616541104033944,45.136187095303036,9.339366509979273,33.42986200203422,-0.00904976496891065
2020-11-10 00:00:00-05:00,MARA,bubble,0.7661290648204353,35.29412272384454,7.9771686455408215,28.607303490295493,0.0
2020-11-11 00:00:00-05:00,MARA,bubble,0.8492063026519525,34.70319500483696,8.905579690747558,29.339057835232904,-0.012875524623216773
2020-11-12 00:00:00-05:00,MARA,bubble,0.8699186314231031,38.77550896283541,8.721739597356622,32.00869554040112,0.0
2020-11-13 00:00:00-05:00,MARA,bubble,1.0084033529263974,45.945950125672354,8.61924634394103,22.17991593899956,0.0
2020-11-16 00:00:00-05:00,MARA,bubble,1.1754386405205137,41.86046608336361,7.75403182157369,21.32661230082195,0.0
2021-05-10 00:00:00-04:00,MARA,bubble,29.91111159089172,39.236242276524244,1.2940330839290999,-0.5657800123573157,-0.2933141602057688
2021-05-11 00:00:00-04:00,MARA,bubble,33.14473827443297,33.50477748067425,1.9017341363356595,-0.545279389448533,-0.24238923817337307
2021-05-12 00:00:00-04:00,MARA,bubble,35.85483904150348,34.480153407072606,2.3299779023021823,-0.5632385393599539,-0.13960614795632814
2021-05-13 00:00:00-04:00,MARA,bubble,25.56756701897844,27.74648114344201,2.2980669807291814,-0.483723311428899,0.0
2021-05-14 00:00:00-04:00,MARA,bubble,25.83720876720547,31.554371362287753,2.0628250725771777,-0.5064991169422062,-0.09488737180662692
2021-05-17 00:00:00-04:00,MARA,bubble,26.950000346451993,30.83442274355312,2.3953486626381464,-0.5384615647082507,-0.06574244993636484
2021-05-18 00:00:00-04:00,MARA,bubble,27.382715683269748,23.64159744262905,1.4097434570432976,-0.5176163434973142,-0.09134408013817866
2021-05-19 00:00:00-04:00,MARA,bubble,25.80246792663036,25.57415354625057,1.5504376447204131,-0.532012884575444,-0.03777060015680497
2021-05-20 00:00:00-04:00,MARA,bubble,25.373493770847713,18.115630915027495,1.3275469247858087,-0.5271813307421042,-0.04568296152958734
2021-05-21 00:00:00-04:00,MARA,bubble,28.42253524082754,17.7805774672143,1.4633796356151394,-0.5323120754802428,0.0
2021-05-24 00:00:00-04:00,MARA,bubble,30.712327415980315,27.29184013338927,1.3619870931404905,-0.571058295084058,-0.03455720303425804
2021-05-25 00:00:00-04:00,MARA,bubble,30.416666583882442,27.14345600274416,1.1914234242134611,-0.6021220306769444,-0.011936359316811692
2021-05-26 00:00:00-04:00,MARA,bubble,34.0833322571384,37.41803285736642,1.0633411900088459,-0.6330166122815581,-0.11520189315298847
2021-05-27 00:00:00-04:00,MARA,bubble,34.39725955813527,38.98032873321029,1.0274767445928807,-0.6188080370238216,-0.13506190984943314
2021-05-28 00:00:00-04:00,MARA,bubble,34.38571554227753,43.21317403391125,0.9862737123009893,-0.5853855362144436,-0.09769883050347072
2021-06-01 00:00:00-04:00,MARA,bubble,33.52054808837295,48.2168329920724,1.0392856283252767,-0.5940476495032039,-0.11309524980892455
2021-06-02 00:00:00-04:00,MARA,bubble,29.780487794240695,56.64997143752969,1.023375600552224,-0.6347068006878849,-0.11450076924942884
2021-06-03 00:00:00-04:00,MARA,bubble,24.858696178221514,62.72335845753628,1.13493059945103,-0.6073980751092857,-0.0605296544195487
2021-06-04 00:00:00-04:00,MARA,bubble,21.339449207165288,54.749442489066624,1.0151950277654342,-0.6386036939271822,-0.08213552232721909
2021-06-07 00:00:00-04:00,MARA,bubble,23.389999389648438,57.99842241612021,0.7072570902695969,-0.633866316988682,-0.08364079783636746
2021-06-08 00:00:00-04:00,MARA,bubble,24.978020558623886,52.53707977827103,0.7686126249055201,-0.6324027155352421,-0.05456848737244807
2021-06-09 00:00:00-04:00,MARA,bubble,28.044444535691063,65.78760475806845,0.74827857039036,-0.6736801862226091,-0.1449884887786022
2021-06-10 00:00:00-04:00,MARA,bubble,20.20800018310547,66.24473383156013,0.7593360613718736,-0.7110524412947091,-0.15692190914732307
2021-06-11 00:00:00-04:00,MARA,bubble,27.548386056845782,71.342391373142,0.5581920949412802,-0.7160075262326897,-0.1581920518373551
2021-06-21 00:00:00-04:00,MARA,bubble,32.130953324523674,60.2017054866692,0.21631327944370948,-0.7405677394903067,-0.19690979364927608
2021-06-22 00:00:00-04:00,MARA,bubble,24.082568179235647,57.871066932932955,0.18763719968851755,-0.7531089991833423,-0.1825164500098158
2021-06-23 00:00:00-04:00,MARA,bubble,24.100000010837206,65.70723578437047,0.24701193567765656,-0.7446577314420025,-0.1905106886129424
2021-06-25 00:00:00-04:00,MARA,bubble,26.9108918814224,62.90761318501451,0.3526073198206807,-0.7570060384937995,-0.20716566307021958
2021-07-08 00:00:00-04:00,MARA,bubble,26.790000915527344,41.86380158644976,0.0658510206339562,-0.6937747409671019,-0.19575388106655583
2021-07-09 00:00:00-04:00,MARA,bubble,28.457447451371962,45.23625127722959,0.058143686238744996,-0.7179487254551133,-0.19284940590809665
2021-07-12 00:00:00-04:00,MARA,bubble,28.43010820293856,48.105439653446886,0.04092067583276471,-0.7197661731416749,-0.18341250653408003
2021-07-13 00:00:00-04:00,MARA,bubble,28.499999119476833,44.71668711298049,0.11440683071824753,-0.7010785630757864,-0.139060047392766
2021-07-14 00:00:00-04:00,MARA,bubble,26.076921625854844,39.475542540102325,0.2004870396276459,-0.6753246672822202,-0.09293827373797611
2021-07-15 00:00:00-04:00,MARA,bubble,25.608694671908506,29.838705956004844,0.24019612655507738,-0.6715686228677704,-0.08700977126619747
2021-07-16 00:00:00-04:00,MARA,bubble,24.637361814658775,30.179440147982888,0.20445779997267732,-0.5816545108958824,-0.04200598137338749
2021-07-19 00:00:00-04:00,MARA,bubble,23.833334415047286,15.724373915216304,0.2791946158663925,-0.422818818865632,0.0
2021-07-20 00:00:00-04:00,MARA,bubble,23.33333224378607,2.851312040558554,0.1520106346279284,-0.44896152322232863,0.0
2021-07-21 00:00:00-04:00,MARA,bubble,25.659573967557193,23.103147401794303,-0.008379851913327241,-0.4616919370069559,-0.016759779937934295
2021-07-22 00:00:00-04:00,MARA,bubble,23.057144167634153,25.866665310329864,-0.017022973130622843,-0.5083135406272428,-0.024544767759918724
2021-07-23 00:00:00-04:00,MARA,bubble,24.666666604578495,25.370527791746156,-0.10470779170513878,-0.5304383124422919,-0.10470779170513876
2021-07-27 00:00:00-04:00,MARA,bubble,18.02816991152404,45.454546458571656,-0.17912657552147493,-0.5440414697963372,-0.18356776120616716
2021-07-28 00:00:00-04:00,MARA,bubble,15.467835800709956,51.05053639710629,-0.23792616474588435,-0.5312500042332844,-0.2379261647458844
2021-07-29 00:00:00-04:00,MARA,bubble,14.098900412234881,49.42275704877496,-0.27983983823906466,-0.5272925768738556,-0.27983983823906466
2021-07-30 00:00:00-04:00,MARA,bubble,14.522471688128133,50.72141596816993,-0.20484980164056843,-0.5559174509427225,-0.2837494927025447
2021-08-02 00:00:00-04:00,MARA,bubble,12.906403911380165,56.59500458605989,-0.16613527108606718,-0.5409139125646509,-0.2989726802539078
2021-08-03 00:00:00-04:00,MARA,bubble,6.083550835822099,57.3278393309663,-0.07740503277117516,-0.5105049707419178,-0.27054915120874096
2021-12-13 00:00:00-05:00,MARA,bubble,6.755789505807977,30.564883931270217,-0.8116178059588595,-0.8735070622119756,-0.8194896832838289
2021-12-14 00:00:00-05:00,MARA,bubble,5.738267524927652,25.904206968652986,-0.8159657233168428,-0.8735601511204562,-0.8218591007451995
2021-12-16 00:00:00-05:00,MARA,bubble,3.3147023446715904,28.508629360642345,-0.8138552394831821,-0.8907349958367051,-0.8149816817175871
2021-12-17 00:00:00-05:00,MARA,bubble,2.5744453558227254,21.99872112638316,-0.7867060527133711,-0.8856720809450622,-0.8059084056773517
2021-12-20 00:00:00-05:00,MARA,bubble,2.4876476645787244,21.278566936632885,-0.7921158070146253,-0.8795811537161987,-0.7976593802074669
2021-12-21 00:00:00-05:00,MARA,bubble,1.9939130700152852,25.983555808823397,-0.7952367084447847,-0.8939877995058066,-0.809178039110452
2021-12-22 00:00:00-05:00,MARA,bubble,1.4430923704895626,27.11396958923862,-0.7825959612047647,-0.8924699689001031,-0.8075007334881342
2021-12-28 00:00:00-05:00,MARA,bubble,1.868571378746811,32.79008705791688,-0.8349459222687571,-0.9103585614661291,-0.8349459222687571
2021-12-29 00:00:00-05:00,MARA,bubble,1.8835033322645045,29.44785177836718,-0.8425243238980604,-0.8994396903221771,-0.8425243238980604
2021-12-30 00:00:00-05:00,MARA,bubble,2.160845498889557,36.66921222702434,-0.8389066571626461,-0.9005524822043649,-0.8447222958022135
2021-12-31 00:00:00-05:00,MARA,bubble,2.147509763515251,35.847648540678605,-0.815276930647737,-0.896530735477334,-0.8374923903408059
2022-01-03 00:00:00-05:00,MARA,bubble,1.9872841694744188,41.49073337364433,-0.828215256910413,-0.8716935278655,-0.8376406125970144
2022-01-04 00:00:00-05:00,MARA,bubble,1.511405495578011,43.3222007623346,-0.7946088482420036,-0.8854380321281774,-0.8435394085710534
2022-01-05 00:00:00-05:00,MARA,bubble,0.7464624079108189,33.17325554563246,-0.7126941260038775,-0.8619176219883677,-0.8197164077890655
2024-09-18 00:00:00-04:00,MARA,bubble,0.5669050267988329,38.20817541374889,-0.19295958335747565,0.19621904817087255,-0.21316821546524012
2024-09-19 00:00:00-04:00,MARA,bubble,0.6161086957237385,39.81481563243678,-0.05436894258627467,0.14627827204581778,-0.2187702366451799
2024-10-01 00:00:00-04:00,MARA,bubble,0.7729411405675553,44.26751703590901,-0.25481089783344424,0.24883875752750906,-0.2548108978334443
2024-10-02 00:00:00-04:00,MARA,bubble,0.783118465919223,45.39781735168513,-0.2570677079293724,0.35239971355912325,-0.26166998592562307
2024-10-03 00:00:00-04:00,MARA,bubble,1.1191780634010509,44.88188787168687,-0.2721396228492472,0.308985109920056,-0.27407890443474575
2024-10-09 00:00:00-04:00,MARA,bubble,0.8468899778065375,49.93026341621209,-0.18976680253437717,0.310880849817724,-0.3186528015758851
2024-10-10 00:00:00-04:00,MARA,bubble,0.8002363443927614,47.87379739279376,-0.1497045174983901,0.4602758003663412,-0.3092579925173822
2024-11-04 00:00:00-05:00,MARA,bubble,0.572008168327198,42.942345170587316,-0.07806451859012731,0.02967742181593369,-0.32129029304750506
2021-08-02 00:00:00-04:00,LMND,bubble,0.5293915931626043,45.81325446560911,-0.6411553259096646,-0.7643290793186912,-0.6901551061508712
2021-08-03 00:00:00-04:00,LMND,bubble,0.5288427606761206,49.415203663695884,-0.6075003012526934,-0.7455423816682492,-0.6828482733459428
2021-09-03 00:00:00-04:00,LMND,bubble,0.5211488669981794,59.58493743790888,-0.7462493414812215,-0.710941535570572,-0.7472840016470493
2021-09-07 00:00:00-04:00,LMND,bubble,0.6259784189980475,66.66666666666666,-0.7315899167715054,-0.69021598650969,-0.7457715227640047
2021-09-08 00:00:00-04:00,LMND,bubble,0.588596788118714,60.33625302646673,-0.7111407538351069,-0.6756504275413112,-0.7392928390774856
2021-09-09 00:00:00-04:00,LMND,bubble,0.5199281821287591,67.09802153403442,-0.7334469539988602,-0.6656614511295096,-0.7438048803519425
2021-09-15 00:00:00-04:00,LMND,bubble,0.5423117469209366,47.02460521734381,-0.7010451126762514,-0.6624037565325116,-0.76210122460593
1999-02-18 00:00:00-05:00,AMZN,quality,7.821349727592006,31.302514206544416,0.2639665073835171,0.5796089508996238,-0.04469269576030488
1999-06-14 00:00:00-04:00,AMZN,quality,3.5245927935244223,37.072225127971414,1.319293484880478,0.05298915226540668,-0.07065213391370637
1999-06-15 00:00:00-04:00,AMZN,quality,3.4030389048837737,42.250782958336295,1.1243524155830191,0.01554410136105644,-0.11398958251595699
1999-07-27 00:00:00-04:00,AMZN,quality,1.4131412138417359,39.41699487216183,0.3712871146896244,-0.2549505137471676,-0.15346535962301727
1999-07-29 00:00:00-04:00,AMZN,quality,1.8260859873439692,38.48468107451543,0.3181535798239221,-0.3821539527956068,-0.15815398547288434
1999-07-30 00:00:00-04:00,AMZN,quality,1.639010707642035,41.10470433981471,0.23297906772918386,-0.4003749029289625,-0.14553421761220306
1999-08-02 00:00:00-04:00,AMZN,quality,1.5434055397294304,33.02511076470353,0.3736703090939748,-0.35904251703475454,-0.0904254747117012
1999-08-03 00:00:00-04:00,AMZN,quality,1.6293313377084755,26.839851908431072,0.42160736965320433,-0.36231883329572245,-0.09881422726246976
1999-08-04 00:00:00-04:00,AMZN,quality,1.4146763515713623,21.115834939222964,0.5703176609607794,-0.3031803730821647,-0.033215734644215796
1999-08-05 00:00:00-04:00,AMZN,quality,1.7474981798239013,28.8335577321603,0.7313623607267812,-0.35218509577243307,-0.1208226369814586
1999-08-06 00:00:00-04:00,AMZN,quality,1.4537676339928711,28.314033684802553,0.7543610258461253,-0.2742499955544013,-0.04535958824066203
1999-08-09 00:00:00-04:00,AMZN,quality,1.2112061914488614,30.68340848516216,0.7543859257751393,-0.2090643674378787,0.0
1999-08-10 00:00:00-04:00,AMZN,quality,1.244603548231653,30.828106286546898,0.8269230003389212,-0.2760989209647159,-0.000686645479028493
1999-08-11 00:00:00-04:00,AMZN,quality,1.2001020970267846,38.85964881753723,0.7649479995259814,-0.32096232076170184,0.0
1999-08-12 00:00:00-04:00,AMZN,quality,1.1112183956979855,32.2643079044731,0.6607629290429944,-0.33651226497905296,0.0
1999-08-13 00:00:00-04:00,AMZN,quality,1.2926474178538605,43.07534986462868,0.56382273811733,-0.3085311983951554,0.0
1999-08-16 00:00:00-04:00,AMZN,quality,1.4027491448982325,47.65541137441184,0.5143035353723973,-0.2905278152726575,0.0
2000-04-14 00:00:00-04:00,FCEL,bubble,3.846153846153846,8.639308855291574,3.9194139194139197,2.0405859957943293,0.0
2000-04-17 00:00:00-04:00,FCEL,bubble,3.8,12.008733624454152,4.107638888888889,2.1716666264789093,0.0
2000-04-18 00:00:00-04:00,FCEL,bubble,3.833333333333333,18.963616317530324,3.5329153605015673,1.8092790331475674,-0.07993730407523511
2000-04-19 00:00:00-04:00,FCEL,bubble,3.5424528301886795,19.775280898876403,3.2928348909657323,1.8211838006230527,-0.08566978193146417
2000-04-20 00:00:00-04:00,FCEL,bubble,3.7625,12.606060606060595,3.226771653543307,1.7121890492855059,-0.07559055118110236
2000-04-24 00:00:00-04:00,FCEL,bubble,3.149532710280374,14.130434782608688,3.0743243243243246,1.927027027027027,-0.008445945945945946
2000-04-25 00:00:00-04:00,FCEL,bubble,3.5277777777777777,21.465968586387447,2.5973926380368098,1.680245434276301,-0.09969325153374232
2000-04-26 00:00:00-04:00,FCEL,bubble,3.622596153846154,20.338983050847446,2.5694227769110762,1.9244305049979777,-0.0842433697347894
2000-04-27 00:00:00-04:00,FCEL,bubble,3.730769230769231,21.867007672634273,2.0640243902439024,2.123414563572719,-0.10518292682926829
2000-04-28 00:00:00-04:00,FCEL,bubble,3.8899999999999997,22.20779220779221,2.223926380368098,2.38159509202454,-0.09969325153374232
2000-05-01 00:00:00-04:00,FCEL,bubble,3.8058252427184467,25.498575498575505,2.43030303030303,2.2848484848484847,-0.11060606060606061
2000-05-02 00:00:00-04:00,FCEL,bubble,3.903846153846154,29.745889387145,2.4,2.261646922657952,-0.13676470588235295
2000-05-03 00:00:00-04:00,FCEL,bubble,3.606132075471698,30.197268588770868,2.763440860215054,2.256037008590772,-0.09831029185867896
2000-05-04 00:00:00-04:00,FCEL,bubble,3.4708737864077666,35.15901060070671,2.758957654723127,2.5387622149837132,-0.043973941368078175
2000-05-05 00:00:00-04:00,FCEL,bubble,3.5357142857142856,62.67806267806267,2.615748031496063,2.3159055118110237,-0.07559055118110236
2000-05-08 00:00:00-04:00,FCEL,bubble,3.420289855072464,54.91329479768786,3.19672131147541,2.758688524590164,-0.03770491803278689
2000-05-09 00:00:00-04:00,FCEL,bubble,3.3269230769230766,43.537414965986386,3.213333333333333,2.8885331790123456,-0.021666666666666667
2000-05-10 00:00:00-04:00,FCEL,bubble,3.274271844660194,40.92409240924092,3.156729131175468,2.9888246103855134,0.0
2000-05-11 00:00:00-04:00,FCEL,bubble,3.4126213592233006,45.39682539682539,2.788778877887789,2.706930693069307,0.0
2000-05-12 00:00:00-04:00,FCEL,bubble,3.785,57.56578947368421,2.6300940438871474,2.638871473354232,-0.023510971786833857
2000-05-15 00:00:00-04:00,FCEL,bubble,4.109375,50.38461538461539,2.2660550458715596,2.5664833220070222,-0.047400611620795105
2000-05-16 00:00:00-04:00,FCEL,bubble,3.9897959183673466,52.191235059760956,1.996932515337423,2.9411042944785275,-0.04447852760736196
2000-05-17 00:00:00-04:00,FCEL,bubble,4.005102040816326,49.57983193277311,2.1559633027522938,3.1727216417487822,-0.047400611620795105
2000-05-18 00:00:00-04:00,FCEL,bubble,3.9438775510204085,48.760330578512395,2.1888544891640866,3.408668730650155,-0.03560371517027864
2000-05-19 00:00:00-04:00,FCEL,bubble,3.928571428571429,46.610169491525426,1.9968944099378882,3.3875776397515525,-0.03260869565217391
2000-05-22 00:00:00-04:00,FCEL,bubble,3.8903061224489797,40.72398190045249,1.7167449139280127,3.3337716628992062,-0.025039123630672927
2000-05-23 00:00:00-04:00,FCEL,bubble,3.8170103092783503,43.26923076923077,1.664526484751204,3.2067415730337077,0.0
2000-05-24 00:00:00-04:00,FCEL,bubble,3.824120603015075,56.91489361702127,1.796875,3.2125000000000004,-0.025
2000-05-25 00:00:00-04:00,FCEL,bubble,3.9393939393939394,54.74860335195531,1.647239263803681,3.2468710946375827,-0.04294478527607362
2000-05-26 00:00:00-04:00,FCEL,bubble,3.6799999999999997,53.846153846153854,2.051282051282051,3.0882052023979103,0.0
2000-05-30 00:00:00-04:00,FCEL,bubble,4.083333333333333,66.21004566210046,1.6766020864381521,2.4250969393387427,0.0
2000-05-31 00:00:00-04:00,FCEL,bubble,4.257575757575758,73.36244541484717,1.3832853025936598,2.4107205278044614,0.0
2001-01-05 00:00:00-05:00,FCEL,bubble,2.9166666666666665,38.86576482830385,-0.03702126120468874,-0.18638299411446024,-0.17154255319148937
2001-01-08 00:00:00-05:00,FCEL,bubble,2.344142259414226,37.912813738441216,-0.12678132856034008,-0.2953393806693776,-0.22051923678448546
2001-01-09 00:00:00-05:00,FCEL,bubble,1.9217081850533808,39.50168699714508,-0.18772231808544237,-0.37442143727162003,-0.24116930572472595
2001-02-21 00:00:00-05:00,FCEL,bubble,0.5639534883720929,22.467320261437905,-0.3461214661067511,-0.3655514250309789,-0.3627757268575887
2001-04-10 00:00:00-04:00,FCEL,bubble,0.5767331138409326,60.71914358150605,-0.3256519153474774,-0.30745907173156195,-0.5217303409856767
2001-04-11 00:00:00-04:00,FCEL,bubble,0.714069376290065,53.49772957539689,-0.3718099635959977,-0.34864548440484233,-0.5355319776331697
2001-04-16 00:00:00-04:00,FCEL,bubble,1.0497186404755139,49.937308392823525,-0.41425434816656337,-0.2629266923548996,-0.5276502083236605
2001-06-19 00:00:00-04:00,FCEL,bubble,0.8447058823529412,27.225544169985284,-0.4289795844553099,-0.6489795918367347,-0.5171428423800075
2001-06-25 00:00:00-04:00,FCEL,bubble,0.7153878164065532,20.86272473564233,-0.2882283825795642,-0.6476339481187992,-0.5373484345316318
2001-06-26 00:00:00-04:00,FCEL,bubble,0.7165516742496807,17.4893256302132,-0.2711932581830325,-0.6528726222599526,-0.524708690015835
2014-05-08 00:00:00-04:00,FCEL,bubble,0.8571428571428572,20.930241727530955,0.030769253954475273,-0.37948715630193497,-0.18974357815096748
2014-05-09 00:00:00-04:00,FCEL,bubble,0.7924527537368038,13.095240658232271,0.06315794232760719,-0.3473684448480141,-0.16842104073388767
2014-10-06 00:00:00-04:00,FCEL,bubble,0.5241935674995437,18.750008830315252,-0.30687826637666094,-0.5449735400690487,-0.42328043340583477
2014-10-08 00:00:00-04:00,FCEL,bubble,0.5630253074600997,25.64103567310086,-0.31182796156316595,-0.5053763682624488,-0.41397853317525607
2021-03-05 00:00:00-05:00,FCEL,bubble,5.62436565326531,22.19873389267741,-0.508045961421416,-0.5831417702471464,-0.561685808164711
2021-03-08 00:00:00-05:00,FCEL,bubble,5.748663393960049,24.204705728632575,-0.5150554592085339,-0.5309033194918735,-0.5467511797752129
2021-03-23 00:00:00-04:00,FCEL,bubble,9.890624885136887,44.09091095246959,-0.5695839436970402,-0.5086083357207877,-0.5997130822329759
2021-03-24 00:00:00-04:00,FCEL,bubble,7.928571428571429,44.788918387278706,-0.46719999186197914,-0.4743999837239583,-0.5536000162760417
2021-03-25 00:00:00-04:00,FCEL,bubble,7.405062891801185,50.771293824675716,-0.45481927641626196,-0.5015060011393535,-0.5798192859913054
2021-03-26 00:00:00-04:00,FCEL,bubble,7.036363389756945,52.206894601889054,-0.4743589428857907,-0.5309200305942949,-0.5791855227919058
2021-03-29 00:00:00-04:00,FCEL,bubble,6.974193285870296,38.78029577634948,-0.3810679407893123,-0.5056634059165586,-0.5485436909184853
2021-03-30 00:00:00-04:00,FCEL,bubble,7.416666673459218,37.41007153294524,-0.45239908532487194,-0.5247524756310666,-0.5750190492755465
2021-04-05 00:00:00-04:00,FCEL,bubble,8.762589895809368,34.581105864271294,-0.5261606705861002,-0.5770081199545452,-0.5887988420861909
2021-04-06 00:00:00-04:00,FCEL,bubble,9.41353343634609,42.06268806702965,-0.5667870036101084,-0.5480144330884289,-0.597111928046969
2021-04-07 00:00:00-04:00,FCEL,bubble,7.916083598954222,36.227823939877425,-0.5262745177823733,-0.5309804081137663,-0.5623529571333742
2021-04-08 00:00:00-04:00,FCEL,bubble,7.619048055672092,41.452991081433034,-0.5209155401751746,-0.5532754529724611,-0.5595896048186461
2021-04-09 00:00:00-04:00,FCEL,bubble,7.143790312996316,35.8511806494934,-0.48956658832896094,-0.552166935893,-0.552166935893
2021-04-12 00:00:00-04:00,FCEL,bubble,6.593333604600694,31.509623602076303,-0.4389815917475185,-0.5267779011659197,-0.5100966113075259
2021-04-13 00:00:00-04:00,FCEL,bubble,6.193548387096774,34.5172001503863,-0.39820626890356414,-0.507623327508992,-0.49955158775340996
2021-04-14 00:00:00-04:00,FCEL,bubble,5.684848361545139,40.44213055836325,-0.37262009690922127,-0.5095194740241361,-0.4941069900749161
2021-04-15 00:00:00-04:00,FCEL,bubble,5.272726904919002,28.140094852664845,-0.24948237004281515,-0.4296065907019738,-0.42236024517684295
2021-04-16 00:00:00-04:00,FCEL,bubble,5.124223446488208,29.90543638575663,-0.2677484278494474,-0.4665314078302042,-0.4340770763870075
2021-04-19 00:00:00-04:00,FCEL,bubble,4.6851851125076704,30.816077002928353,-0.1976112676691042,-0.4473398346196812,-0.3941368031405163
2021-04-20 00:00:00-04:00,FCEL,bubble,4.3354040637188715,21.836227097771484,0.0174621644813302,-0.38533183394175063,-0.35040750497909007
2021-04-21 00:00:00-04:00,FCEL,bubble,4.734568332454487,15.775400924068066,-0.07534983523574523,-0.47147471618215586,-0.3993541924492923
2021-04-22 00:00:00-04:00,FCEL,bubble,4.34482750808851,16.016145156904727,-0.1258064734893033,-0.5118279679274473,-0.4000000218764001
2021-04-23 00:00:00-04:00,FCEL,bubble,4.635359195201434,27.682114850933402,-0.20490195081124896,-0.5676470488504647,-0.4529411964167177
2021-04-26 00:00:00-04:00,FCEL,bubble,4.076554767461959,28.906243998142457,-0.31291233007997854,-0.5739867693877712,-0.4740810546139071
2021-04-27 00:00:00-04:00,FCEL,bubble,3.3613443591260648,32.599113809976274,-0.27360307841420317,-0.5818882482331607,-0.46242775472843617
2021-04-28 00:00:00-04:00,FCEL,bubble,3.8738319123090186,33.48081998376597,-0.31255989038249576,-0.5963566458440354,-0.4650048029343691
2021-04-29 00:00:00-04:00,FCEL,bubble,3.7323941576748663,32.8034651278512,-0.30555554153917786,-0.581349202945229,-0.44642858043909994
2021-04-30 00:00:00-04:00,FCEL,bubble,3.806930612669353,36.49516854013438,-0.22039129550215086,-0.579814601252677,-0.4253347033592804
2021-05-03 00:00:00-04:00,FCEL,bubble,3.6615386702056627,34.393937665823785,-0.12101215174767121,-0.5291529587501289,-0.3861386637218194
2021-05-04 00:00:00-04:00,FCEL,bubble,3.390863057528347,32.8034651278512,0.10173408052595145,-0.49710982658959535,-0.3549133183179793
2021-05-05 00:00:00-04:00,FCEL,bubble,3.1592040833329804,38.86986329705102,0.1279903925603305,-0.4294258199271873,-0.33253591762541607
2021-05-06 00:00:00-04:00,FCEL,bubble,2.9257425723876596,34.102138560572044,0.19546028244218117,-0.4552332516666331,-0.29634300886395204
2021-05-07 00:00:00-04:00,FCEL,bubble,3.1522842678911562,40.91710644466512,0.13447433097296724,-0.5207823903869875,-0.3178484186633773
2021-05-10 00:00:00-04:00,FCEL,bubble,2.4523809523809526,38.79598093280382,0.23448275862068968,-0.5172413793103448,-0.2303448556483477
2021-05-11 00:00:00-04:00,FCEL,bubble,2.834951503654301,38.2799267029035,0.3683543788732859,-0.577215202750033,-0.29367091182917987
2021-05-12 00:00:00-04:00,FCEL,bubble,2.8928570895663035,36.51049783427063,0.419397127827859,-0.6028833379218582,-0.2686762850147222
2021-05-13 00:00:00-04:00,FCEL,bubble,2.7925529806650315,23.488769196252633,0.4361852312894354,-0.556802217125655,-0.21739131055096428
2021-05-14 00:00:00-04:00,FCEL,bubble,3.1223403140036856,26.166670057508682,0.4348387359290995,-0.5458064581758233,-0.28000002625168013
2021-05-17 00:00:00-04:00,FCEL,bubble,3.3206521141957257,29.648243603534596,0.4125785907609407,-0.5735849184560076,-0.2981132331384303
2021-05-18 00:00:00-04:00,FCEL,bubble,3.329843096106872,32.692312081341086,0.3022974532645013,-0.5489721935791066,-0.32527210891466285
2021-05-19 00:00:00-04:00,FCEL,bubble,3.331632657364212,36.98854442059848,0.24734988619411458,-0.5842167145867735,-0.3427561998341842
2021-05-20 00:00:00-04:00,FCEL,bubble,3.156862593546567,39.30434959522192,0.2075472467661743,-0.5613207501902251,-0.3419811402802171
2021-05-21 00:00:00-04:00,FCEL,bubble,3.4108909987368694,48.38128782335959,0.06172839788073503,-0.5847362324386913,-0.37373736797122376
2021-05-24 00:00:00-04:00,FCEL,bubble,3.292929182651682,48.64376125209267,0.15411759918811274,-0.5611764646043964,-0.3435294357000613
2021-05-25 00:00:00-04:00,FCEL,bubble,2.8801845165008806,50.56391076284867,0.11757712182034563,-0.5950118741888105,-0.33729220169581564
2021-05-26 00:00:00-04:00,FCEL,bubble,3.3364054440829243,62.58503489626962,-0.004250732346234298,-0.6142401479459387,-0.4070138110694817
2021-05-27 00:00:00-04:00,FCEL,bubble,3.6635073580569513,63.69637559251611,-0.0315041257654981,-0.5955284668411848,-0.4329268733936145
2021-05-28 00:00:00-04:00,FCEL,bubble,3.610328623923512,74.95145828592739,-0.08961301204864203,-0.5702647798668519,-0.4317719265841974
2021-06-01 00:00:00-04:00,FCEL,bubble,3.4844446252893517,72.95597812885669,-0.11595640795517714,-0.5936571026106391,-0.4469772476190342
2021-06-02 00:00:00-04:00,FCEL,bubble,3.5347825202389043,78.92562348239659,-0.16778523817219504,-0.6279961527759341,-0.4650048029343691
2021-06-03 00:00:00-04:00,FCEL,bubble,3.148760585916495,80.76111375639869,-0.20617531071290562,-0.569721112712192,-0.44422315035823706
2021-06-04 00:00:00-04:00,FCEL,bubble,2.9330711838558,76.92309103068999,-0.18418421741304225,-0.5895896063059476,-0.44144148455741367
2021-06-07 00:00:00-04:00,FCEL,bubble,3.3969467278972507,82.51367269433793,-0.36718752000618826,-0.6310763954043141,-0.5156250262150054
2021-06-08 00:00:00-04:00,FCEL,bubble,3.4797047790412936,83.41970027056468,-0.40691929500207225,-0.6499176394109454,-0.5403624703852974
2021-06-09 00:00:00-04:00,FCEL,bubble,3.3180075724904503,71.58385705134275,-0.3300798701238331,-0.6388642523811789,-0.5048802399452434
2021-06-10 00:00:00-04:00,FCEL,bubble,1.9851631290600018,60.34031363071997,-0.24353872668686471,-0.6222663863121073,-0.445328029597805
2021-06-11 00:00:00-04:00,FCEL,bubble,3.149019528058619,60.80207145798358,-0.3374290891752687,-0.6446124599216407,-0.47258980114826477
2021-06-14 00:00:00-04:00,FCEL,bubble,2.54578740520198,57.17761415659181,-0.2840909150618228,-0.6590909019258127,-0.423553727910354
2021-06-15 00:00:00-04:00,FCEL,bubble,2.625984236989429,54.58768486438109,-0.2519000865714035,-0.6395222480112766,-0.3941368031405163
2021-06-16 00:00:00-04:00,FCEL,bubble,2.5405407581517188,48.43342447437859,-0.3097055991157335,-0.6259542012254289,-0.39149403786819803
2021-06-17 00:00:00-04:00,FCEL,bubble,2.826270935305539,44.50474499327468,-0.2768549342554021,-0.6400885854679773,-0.38205980927245486
2021-06-18 00:00:00-04:00,FCEL,bubble,2.8596490367053065,43.271766287415744,-0.2874999768806227,-0.6068181702584932,-0.36590911402846826
2021-06-21 00:00:00-04:00,FCEL,bubble,3.0136362711588545,41.416888861540414,-0.2853906854911781,-0.5832389427346677,-0.36806342863903696
2021-06-22 00:00:00-04:00,FCEL,bubble,3.3087558613615924,42.81915048317468,-0.3529411764705882,-0.596791449290121,-0.4032085779091466
2021-06-23 00:00:00-04:00,FCEL,bubble,3.2232142958511307,45.99446974305943,-0.3224101080933094,-0.5845665729489509,-0.4101479876785542
2021-06-24 00:00:00-04:00,FCEL,bubble,2.9110166943645286,44.878702227001696,-0.3066088687897306,-0.5774647794187421,-0.39544962951835677
2021-06-25 00:00:00-04:00,FCEL,bubble,2.9909908991402037,28.75399080670236,-0.27088031620713104,-0.5643340542891436,-0.37020315430987905
2021-06-28 00:00:00-04:00,FCEL,bubble,3.444976217157632,26.523892694787065,-0.32185148287829257,-0.6017222994682037,-0.3993541924492923
2021-06-29 00:00:00-04:00,FCEL,bubble,2.888889057947971,29.87013330157643,-0.3549450325878548,-0.6054945166731056,-0.3868132091703869
2021-06-30 00:00:00-04:00,FCEL,bubble,2.938052920088735,36.75799797292715,-0.42584268519940893,-0.5786516853932584,-0.42584268519940893
2021-07-01 00:00:00-04:00,FCEL,bubble,2.7719297404165495,26.201929013874008,-0.38023258179657216,-0.5604651103648104,-0.40581394165985346
2021-07-02 00:00:00-04:00,FCEL,bubble,2.325396811780916,31.321843448368597,-0.3794749252689559,-0.5417661107992049,-0.39021477019255574
2021-07-06 00:00:00-04:00,FCEL,bubble,1.923344964098869,36.42384931326202,-0.3110846404493953,-0.525625733120563,-0.3909415776302876
2021-07-07 00:00:00-04:00,FCEL,bubble,1.8515901266470483,33.33333847097116,-0.2713755082638851,-0.47583643813862697,-0.3667905857622707
2021-07-08 00:00:00-04:00,FCEL,bubble,1.7162160885023483,34.48276466856309,-0.3383084240346681,-0.4626865350610855,-0.36442784000261147
2021-07-09 00:00:00-04:00,FCEL,bubble,1.6480264043984132,37.37374256327001,-0.36149069586649196,-0.49937887566923844,-0.3652173786676695
2021-07-12 00:00:00-04:00,FCEL,bubble,1.612377959714311,36.36364881851467,-0.36408979169280087,-0.5087282046976014,-0.36408979169280087
2021-07-13 00:00:00-04:00,FCEL,bubble,1.6939501528141423,19.3103591005666,-0.34346102115226895,-0.47820344863405284,-0.343461021152269
2021-07-14 00:00:00-04:00,FCEL,bubble,1.4548611383992451,13.677836548911728,-0.26732678253370135,-0.46534654284482235,-0.29702969442279403
2021-07-15 00:00:00-04:00,FCEL,bubble,1.3133332994249134,14.106606413885402,-0.2694524095438523,-0.4971181629062643,-0.2838616316570774
2021-07-16 00:00:00-04:00,FCEL,bubble,1.1335505239472283,14.018716170822302,-0.25648851855717236,-0.46564885496183206,-0.2564885185571724
2021-07-19 00:00:00-04:00,FCEL,bubble,1.2749140797368708,3.1579078869172292,-0.27039280240022434,-0.4697885205659428,-0.27039280240022434
2021-07-20 00:00:00-04:00,FCEL,bubble,1.3936170644488155,7.885310801616811,-0.32148151162229943,-0.4666666666666667,-0.3214815116222994
2021-07-21 00:00:00-04:00,FCEL,bubble,1.5454545454545454,16.549300567297337,-0.3857142857142857,-0.49428572881789434,-0.38571428571428573
2021-07-22 00:00:00-04:00,FCEL,bubble,1.3807827957612062,16.49123226567636,-0.38266067060364206,-0.5022421372948911,-0.3826606706036421
2021-07-23 00:00:00-04:00,FCEL,bubble,1.4242425176540534,16.095896256963556,-0.390625,-0.4781250158945719,-0.390625
2021-07-26 00:00:00-04:00,FCEL,bubble,1.563492155599688,17.50842315924386,-0.3931888719180573,-0.49845203602869315,-0.39628483922803126
2021-07-27 00:00:00-04:00,FCEL,bubble,1.5772356244328352,18.772565695863946,-0.3895899035912467,-0.46529969200831744,-0.38958990359124673
2021-07-28 00:00:00-04:00,FCEL,bubble,1.7178422089322796,24.745768790247197,-0.41068700737018926,-0.45496183982635574,-0.41068700737018926
2021-07-29 00:00:00-04:00,FCEL,bubble,1.7956520854562954,23.52941372020838,-0.44634522327113324,-0.44167962490430623,-0.44634522327113324
2021-07-30 00:00:00-04:00,FCEL,bubble,1.7641921736845623,23.003195407349438,-0.4186413634849372,-0.4581358355284081,-0.43759870203063234
2021-08-02 00:00:00-04:00,FCEL,bubble,1.8385648664451137,26.865671075266036,-0.33017377021307504,-0.4154818137566304,-0.43759870203063234
2021-08-03 00:00:00-04:00,FCEL,bubble,1.4313725490196076,31.168831740738938,-0.2806451448830225,-0.3935483706894741,-0.4258064352056032
2021-08-04 00:00:00-04:00,FCEL,bubble,1.35433072285212,30.000002119275806,-0.29933109685180725,-0.34280933368421174,-0.40468223698278105
2021-08-05 00:00:00-04:00,FCEL,bubble,1.4179686141821297,41.89189220150118,-0.34248788109483663,-0.3295638015831508,-0.4248788109483662
2021-08-06 00:00:00-04:00,FCEL,bubble,1.4726560722726156,43.668114511527826,-0.32385467075646157,-0.2938388077220564,-0.43759870203063234
2021-08-09 00:00:00-04:00,FCEL,bubble,1.6940298755317444,57.704918798254866,-0.3947368309820757,-0.4099723017058424,-0.506925207561089
2021-08-10 00:00:00-04:00,FCEL,bubble,1.6202091765579274,58.38709730346112,-0.3989361594197115,-0.3497340736731651,-0.5265957439613141
2021-08-11 00:00:00-04:00,FCEL,bubble,1.5522387195750618,52.161382524954924,-0.2967836004005655,-0.3011696099944178,-0.4795321411301186
2021-08-12 00:00:00-04:00,FCEL,bubble,1.415162462496843,54.35435109772357,-0.27952163277408515,-0.23617336630407715,-0.4678624580183721
2021-08-13 00:00:00-04:00,FCEL,bubble,1.1696112324814862,45.811517000096394,-0.24429967831456811,-0.1579804089405239,-0.42019541356579265
2021-08-16 00:00:00-04:00,FCEL,bubble,1.2234432565422524,46.41910286701933,-0.23887972840194316,-0.18945633631878245,-0.41350906385446884
2021-08-17 00:00:00-04:00,FCEL,bubble,1.0845071885554778,41.509438101011796,-0.07263518418887083,-0.21452705402109462,-0.39864865213175416
2021-08-18 00:00:00-04:00,FCEL,bubble,0.9836601312621496,45.18717173887618,-0.09390447847538808,-0.2355848858724734,-0.41350906385446884
2021-08-19 00:00:00-04:00,FCEL,bubble,0.8044164969173153,42.3558956028687,-0.08041959534333076,-0.2552447639502763,-0.37762238197513814
2021-08-20 00:00:00-04:00,FCEL,bubble,0.9527025668615885,43.20987654320987,-0.13321794497015205,-0.30622833168279107,-0.3840830057034786
2021-08-23 00:00:00-04:00,FCEL,bubble,1.1027397278169908,49.29906428216019,-0.22801303309359688,-0.3517915119215297,-0.42019541356579265
2021-08-24 00:00:00-04:00,FCEL,bubble,1.2553957153723605,53.460625044611014,-0.2535885734144042,-0.29505581179756646,-0.43221690810055907
2021-08-25 00:00:00-04:00,FCEL,bubble,1.163194335598516,50.497511084445485,-0.1556981904496142,-0.2696628974979993,-0.42857139358222984
2021-08-26 00:00:00-04:00,FCEL,bubble,1.081632794287469,47.36842642001055,-0.13725496388504044,-0.31372551301027807,-0.41830065631074737
2021-08-27 00:00:00-04:00,FCEL,bubble,1.1288134903557556,35.58281404557667,-0.0445859563089992,-0.32006363984332364,-0.43312098454504916
2021-08-30 00:00:00-04:00,FCEL,bubble,1.0769231816056228,28.382831524967756,-0.017713381630171,-0.32528183097602925,-0.4267310719147618
2021-08-31 00:00:00-04:00,FCEL,bubble,1.1971831414731575,37.39495151805795,-0.02724354128134221,-0.3285256463813072,-0.42948715388448266
2021-09-01 00:00:00-04:00,FCEL,bubble,1.196551794293283,43.220342818570984,-0.10675043696347708,-0.3767661189418976,-0.44113030015338633
2021-09-02 00:00:00-04:00,FCEL,bubble,1.404494504026006,57.52689362896022,-0.1526480177756172,-0.38629287018446967,-0.4454828677712677
2021-09-03 00:00:00-04:00,FCEL,bubble,1.51851854952759,51.196172598127184,-0.032679737475701076,-0.3709150535927549,-0.41830065631074737
2021-09-07 00:00:00-04:00,FCEL,bubble,1.343749906867746,51.941743018238455,0.051666683620876785,-0.3350000169542101,-0.4066666497124566
2021-09-08 00:00:00-04:00,FCEL,bubble,1.2698413963891366,42.00913019304115,0.10489510116416723,-0.3339160898234017,-0.37762238197513814
2021-09-09 00:00:00-04:00,FCEL,bubble,1.2129277912149021,52.57732039849048,0.19243980338011002,-0.2714777061758592,-0.38831615510689627
2021-09-10 00:00:00-04:00,FCEL,bubble,1.5714285379442847,45.28301932060008,0.202509022648091,-0.2186379461122263,-0.3620071269668024
2021-09-13 00:00:00-04:00,FCEL,bubble,1.5898619056118477,35.55556811422613,0.03558718732380206,-0.26690395017996504,-0.3665480475357419
2021-09-14 00:00:00-04:00,FCEL,bubble,1.849557348850786,53.41364862990572,-0.08850927078072168,-0.32453415082112747,-0.44720494441638486
2021-09-15 00:00:00-04:00,FCEL,bubble,1.537190093935083,48.36363791053317,0.009772003700214915,-0.30781757810872357,-0.42019541356579265
2021-09-16 00:00:00-04:00,FCEL,bubble,1.46,50.56603389715998,0.04065040650406515,-0.34634147168498053,-0.42113819484142107
2021-09-17 00:00:00-04:00,FCEL,bubble,1.6626015159130763,54.67128313902286,0.02442749644660469,-0.38473281666219383,-0.4564885340877465
2021-09-20 00:00:00-04:00,FCEL,bubble,1.3358779855951979,48.61538639708121,0.0686273988336501,-0.3627451192238297,-0.41830065631074737
2021-09-21 00:00:00-04:00,FCEL,bubble,1.3166024075895688,46.40718813640135,0.1416666666666666,-0.34499999152289496,-0.4066666497124566
2021-09-22 00:00:00-04:00,FCEL,bubble,1.6963563720117563,53.7467680221577,-0.013513498033044358,-0.4414414576099315,-0.4654654583559167
2021-09-23 00:00:00-04:00,FCEL,bubble,2.2466366516333007,59.31817727312293,-0.08563531816788583,-0.5055248479056293,-0.5082872718584439
2021-09-24 00:00:00-04:00,FCEL,bubble,2.0570175648958626,59.7254000048884,-0.10760401407573994,-0.49354376645281983,-0.489239598592426
2021-09-27 00:00:00-04:00,FCEL,bubble,2.3406115021068015,66.73428060945196,-0.201307176245064,-0.542483660130719,-0.5346405095783974
2021-09-28 00:00:00-04:00,FCEL,bubble,1.958847632831262,64.38355837143635,-0.13212795736310856,-0.5048678508911395,-0.5048678508911395
2021-09-29 00:00:00-04:00,FCEL,bubble,1.5664062274930388,56.66074624425086,-0.10654489776611642,-0.48401829630167525,-0.4581430758775971
2021-09-30 00:00:00-04:00,FCEL,bubble,2.1261683253668346,60.07259787804025,-0.13901342461743738,-0.4902839830229814,-0.4678624580183721
2021-10-01 00:00:00-04:00,FCEL,bubble,2.0619046650235613,57.068060782365066,-0.10730947435566218,-0.4556764991068585,-0.44634522327113324
2021-10-04 00:00:00-04:00,FCEL,bubble,1.9702971044936253,45.88014990191797,0.04333335028754348,-0.375,-0.4066666497124566
2021-10-05 00:00:00-04:00,FCEL,bubble,2.195767098942952,49.0157477949843,-0.009933791843671824,-0.42715229139100286,-0.41059599972143446
2021-10-06 00:00:00-04:00,FCEL,bubble,2.1614585230471963,49.21568811268289,-0.0675453192723443,-0.4612850346728946,-0.41350906385446884
2021-10-07 00:00:00-04:00,FCEL,bubble,1.944444352870783,48.0961929771433,-0.12264155545598066,-0.5110062811348668,-0.4402515652854237
2021-10-08 00:00:00-04:00,FCEL,bubble,1.6848738494600815,52.94117386325041,-0.156494525183012,-0.5133020107613866,-0.44287947442903114
2021-10-11 00:00:00-04:00,FCEL,bubble,1.5610687908350975,57.41127627960691,-0.18181820938226767,-0.5320417510176505,-0.46944857708572596
2021-10-12 00:00:00-04:00,FCEL,bubble,1.724409638028268,52.99539364931849,-0.2182081007703336,-0.5751445358616079,-0.4855491333728376
2021-10-13 00:00:00-04:00,FCEL,bubble,1.9233870368180832,50.12225066578455,-0.23999998596892957,-0.5834482828776042,-0.5089655032103089
2021-10-14 00:00:00-04:00,FCEL,bubble,1.9711934371719373,53.246754104615334,-0.2714681504840615,-0.5983379614568354,-0.506925207561089
2021-10-15 00:00:00-04:00,FCEL,bubble,2.0286886091675727,46.107781604320586,-0.3112313980595528,-0.5818673963722074,-0.5182679092382161
2021-10-18 00:00:00-04:00,FCEL,bubble,2.75107305412515,68.32152209873436,-0.39588105826855235,-0.6453089409981878,-0.5926773528620994
2021-10-19 00:00:00-04:00,FCEL,bubble,2.702586463458762,76.86170774004864,-0.428405137468834,-0.6589057145435377,-0.5855646178008066
2021-10-20 00:00:00-04:00,FCEL,bubble,2.534782520238904,67.5609721906743,-0.4415744142820768,-0.6432964240379424,-0.5621155976859692
2021-10-21 00:00:00-04:00,FCEL,bubble,2.7201834461041035,71.76166141064206,-0.4562268746720348,-0.6251541479477869,-0.5610357512858807
2021-10-22 00:00:00-04:00,FCEL,bubble,2.2256635266120695,65.1764675751968,-0.37997252859767117,-0.5953360711708445,-0.5116597871876823
2021-10-25 00:00:00-04:00,FCEL,bubble,2.1680671164447536,66.8161411964668,-0.42440318874967176,-0.5862068977147771,-0.5278514390245762
2021-10-26 00:00:00-04:00,FCEL,bubble,2.1866667570891205,61.458333333333336,-0.4128312437565591,-0.5523012537460645,-0.5034867502497377
2021-10-27 00:00:00-04:00,FCEL,bubble,2.153153225395345,56.83760530492851,-0.3971428644089472,-0.5514285859607515,-0.49142855689639137
2021-10-28 00:00:00-04:00,FCEL,bubble,2.537383440790548,61.3026833736418,-0.461030390857466,-0.5957727847443828,-0.5297225883689464
2021-10-29 00:00:00-04:00,FCEL,bubble,2.6990738527710594,62.03007281577995,-0.4643304316594987,-0.6095118912565864,-0.554443035413059
2021-11-01 00:00:00-04:00,FCEL,bubble,3.7649998982747395,69.62405709096961,-0.5435466849039177,-0.6747114306211828,-0.6264427935230148
2021-11-02 00:00:00-04:00,FCEL,bubble,3.3860464169997577,66.97819102387105,-0.4941675178830962,-0.6861081478699129,-0.622481423273424
2021-11-03 00:00:00-04:00,FCEL,bubble,3.0862068984416853,67.54657958310969,-0.5443037662276206,-0.6793248983632642,-0.6244725550499457
2021-11-04 00:00:00-04:00,FCEL,bubble,3.1614347914295786,64.6058708675788,-0.5775862031166297,-0.664870671346175,-0.616379290972727
2021-11-05 00:00:00-04:00,FCEL,bubble,2.608870893727151,51.92660177155007,-0.6089385474860336,-0.6491620225391352,-0.6089385474860335
2021-11-08 00:00:00-05:00,FCEL,bubble,3.5230125745621717,65.5027884941336,-0.6910268247922067,-0.7067530001424718,-0.6910268247922067
2021-11-09 00:00:00-05:00,FCEL,bubble,3.2976190536260663,70.08928814712866,-0.7202215966958734,-0.7276084898044142,-0.7202215966958733
2021-11-10 00:00:00-05:00,FCEL,bubble,3.2139918487927295,64.6090578334707,-0.6914062523283063,-0.6572265661864851,-0.7041015692908935
2021-11-11 00:00:00-05:00,FCEL,bubble,3.1338292282399163,76.05442925369974,-0.6834532477755604,-0.6726618856405009,-0.7275179860228397
2021-11-12 00:00:00-05:00,FCEL,bubble,3.386718496214608,75.58946523891017,-0.6981300124941812,-0.6794300921442462,-0.7301869896922326
2021-11-15 00:00:00-05:00,FCEL,bubble,2.7789474398072005,74.65754111861587,-0.6536675969915393,-0.640668535187447,-0.7186629532382116
2021-11-16 00:00:00-05:00,FCEL,bubble,1.8240001085069446,74.55541454101157,-0.666666674671487,-0.6572238044016394,-0.713881026020725
2021-11-17 00:00:00-05:00,FCEL,bubble,1.4854370226497347,68.82934555337773,-0.6367187694025529,-0.6513672063204763,-0.7041015692908935
2021-11-18 00:00:00-05:00,FCEL,bubble,0.8549018809997957,59.86577178458845,-0.6088794757772359,-0.6226215536265272,-0.6797039977598935
2021-11-19 00:00:00-05:00,FCEL,bubble,0.8302237699475687,52.23642060902245,-0.6197757180860055,-0.6472986498226496,-0.6911314804748673
2021-11-22 00:00:00-05:00,FCEL,bubble,0.6985559144196754,49.84755939182547,-0.6376195271861581,-0.6344314509006416,-0.6780021060697228
2021-03-05 00:00:00-05:00,AMC,bubble,0.6462167175474978,67.08333046348037,4.51304332662073,1.0583850552576668,0.0
2021-03-08 00:00:00-05:00,AMC,bubble,1.0507726951543996,71.7183752305092,3.7384284712245766,0.6372443875702793,-0.07212060783196345
2021-03-10 00:00:00-05:00,AMC,bubble,1.3452380952380953,71.48514764727997,3.812182741116751,0.5949239198326459,-0.12487312742901333
2021-03-24 00:00:00-04:00,AMC,bubble,1.5337078880442023,53.46395882411858,3.4434589950479984,1.299334821657399,-0.044345899504799835
2021-04-01 00:00:00-04:00,AMC,bubble,2.572518921698682,43.37260692360235,3.0662394477361605,1.6324786101851276,-0.07905984665079764
2021-04-07 00:00:00-04:00,AMC,bubble,2.4201389794916306,33.36322596254904,2.762436610187976,1.1532995543504123,-0.12487312742901333
2021-04-08 00:00:00-04:00,AMC,bubble,2.1178344813770185,30.454969041448436,2.7620018595772162,1.0827373924257335,-0.11950974867496746
2021-04-09 00:00:00-04:00,AMC,bubble,1.8545453620679453,29.629629119114483,3.048832338137368,1.094479930399186,-0.0849256927725334
2021-04-12 00:00:00-04:00,AMC,bubble,2.315384498009315,31.44774658943058,3.3143852327487613,1.1160092848495617,0.0
2021-04-13 00:00:00-04:00,AMC,bubble,3.2500002292486423,39.68254284051488,3.213800832242649,1.1176469877485218,0.0
2021-04-14 00:00:00-04:00,AMC,bubble,3.2889909757908455,52.145645421897534,2.9379680449949865,0.8631015716389538,-0.0374331550802139
2021-04-15 00:00:00-04:00,AMC,bubble,3.1078837524052574,41.77215128750248,2.829292990944602,0.8717172025430082,-0.09090909090909091
2021-04-16 00:00:00-04:00,AMC,bubble,2.8237706766561708,42.64943598562223,3.2947481146891766,0.931403976999625,-0.03536980647178702
2021-04-19 00:00:00-04:00,AMC,bubble,2.018749952316284,44.61778339303345,3.217391307781706,0.809523869698469,-0.06832296664983092
2021-04-20 00:00:00-04:00,AMC,bubble,1.9182391596917485,42.12076737108794,3.636853164250171,1.012931001172197,-0.030172445686194135
2021-04-21 00:00:00-04:00,AMC,bubble,2.0092308631310094,46.99300987329122,3.1717790109278203,0.7730060172361903,-0.07975462994239262
2021-05-03 00:00:00-04:00,AMC,bubble,1.1247264081637525,56.850392943949764,2.642636640218884,0.5715757827142118,-0.07312047977027901
2021-05-04 00:00:00-04:00,AMC,bubble,1.183720965718114,50.32467665168076,2.94781689225922,0.6517572266574454,-0.041533561900998085
2021-05-05 00:00:00-04:00,AMC,bubble,1.357326307230018,43.73927566015869,3.2300982203459068,0.714285738057002,-0.018538680532363693
2021-05-06 00:00:00-04:00,AMC,bubble,1.2959183226620747,46.96132247364416,3.532222154405382,0.6322221544053819,0.0
2021-05-07 00:00:00-04:00,AMC,bubble,1.3834585172243612,48.66310138610209,3.2113565344481607,0.4468980894984953,0.0
2021-05-10 00:00:00-04:00,AMC,bubble,1.3756097933141196,54.21245293285252,3.281314101306295,0.2854208930887634,0.0
2021-08-04 00:00:00-04:00,AMC,bubble,6.27804863162157,40.21600786787477,-0.483243967485688,-0.37466484611173423,-0.5134048260114497
2021-12-01 00:00:00-05:00,AMC,bubble,5.8843376435429215,25.892855115487706,-0.5344767437264857,-0.7140357246850986,-0.6370318777827128
2021-12-02 00:00:00-05:00,AMC,bubble,6.009258852901126,27.826072726516813,-0.5888374999370096,-0.7301849397560005,-0.6575297188613355
2021-12-03 00:00:00-05:00,AMC,bubble,6.991735873298243,24.35836511715239,-0.5880730869155545,-0.7431920081607432,-0.6425370742279847
2021-12-06 00:00:00-05:00,AMC,bubble,7.202279384962093,13.389548762750593,-0.5460229256022981,-0.7655435865543301,-0.6398054909805662
2021-12-07 00:00:00-05:00,AMC,bubble,7.719101325864527,22.658457233440643,-0.5644329909576926,-0.80509020235298,-0.6659149517160583
2021-12-09 00:00:00-05:00,AMC,bubble,6.6321248121558005,26.34988577326817,-0.578071960364856,-0.7983706710956173,-0.6479973021052674
2021-12-10 00:00:00-05:00,AMC,bubble,5.709046055239426,22.824757554399042,-0.5816326326338572,-0.7831632604829941,-0.6220845508204992
2021-12-13 00:00:00-05:00,AMC,bubble,4.928571157483254,18.465307796654102,-0.4870912216919582,-0.7538726236437963,-0.5537865762835078
2021-12-14 00:00:00-05:00,AMC,bubble,6.680250875541793,23.556995709373552,-0.47877552266023593,-0.7653061224489796,-0.5767347063337054
2021-12-15 00:00:00-05:00,AMC,bubble,7.6223777207811025,24.23035125392883,-0.5218978158646603,-0.7729116033497063,-0.5794809635782738
2021-12-16 00:00:00-05:00,AMC,bubble,7.794964270144792,25.18825302935248,-0.48752554989056107,-0.7828220921303841,-0.5758691331360237
2021-12-17 00:00:00-05:00,AMC,bubble,9.217544287966009,37.31931944195338,-0.5707417762361557,-0.8320741776236156,-0.6438873880454519
2021-12-20 00:00:00-05:00,AMC,bubble,9.607142857142858,42.46088252891329,-0.5757575757575757,-0.8289562315250487,-0.6508417611170296
2021-12-21 00:00:00-05:00,AMC,bubble,10.305970471110856,53.704494174083244,-0.6023102310231023,-0.8250825082508251,-0.6577557856493658
2021-12-22 00:00:00-05:00,AMC,bubble,10.073358765139764,46.56061963006824,-0.5652022236546994,-0.8288005559136749,-0.6384239840934034
2021-12-23 00:00:00-05:00,AMC,bubble,10.140625310828904,48.893906722036434,-0.5045582152738974,-0.8457223067435926,-0.6363955381847435
2021-12-27 00:00:00-05:00,AMC,bubble,10.434262774429278,49.796473570411614,-0.533797898774363,-0.8595818841914267,-0.6386759688214558
2021-12-28 00:00:00-05:00,AMC,bubble,10.598327055708866,42.03455310417521,-0.5075757792605984,-0.8614718620675988,-0.6259019033852271
2021-12-29 00:00:00-05:00,AMC,bubble,11.205240377988197,38.86639538554393,-0.5152057245080501,-0.8518783487446193,-0.6289803329222104
2021-12-30 00:00:00-05:00,AMC,bubble,12.39814762895818,48.54422930631109,-0.5324809747571959,-0.859364196194498,-0.6416724286962677
2021-12-31 00:00:00-05:00,AMC,bubble,11.83018821751619,49.317407713380504,-0.5301470476038316,-0.8555147086872774,-0.6187500112196979
2022-01-03 00:00:00-05:00,AMC,bubble,12.194030207657121,61.664306943576534,-0.5260181328720561,-0.8457767735924918,-0.6089743884804664
2022-01-04 00:00:00-05:00,AMC,bubble,11.87373756153367,53.57917460407126,-0.43193406622613917,-0.844644961073625,-0.5931737958755893
2022-01-05 00:00:00-05:00,AMC,bubble,10.318407745391546,44.18037401061923,-0.3556043687757555,-0.8307692307692307,-0.5441758375901442
2022-01-06 00:00:00-05:00,AMC,bubble,9.956097858708079,43.96603941821516,-0.3343722353636218,-0.8250222699506624,-0.5382903199902496
2022-01-07 00:00:00-05:00,AMC,bubble,9.742990560495796,25.1821604237375,-0.3214440881184141,-0.8234014808525754,-0.5489343205683836
2022-01-10 00:00:00-05:00,AMC,bubble,9.354545593261719,21.11851082260344,-0.3353819496565801,-0.7840210706592446,-0.5447761388981158
2022-01-11 00:00:00-05:00,AMC,bubble,8.951964964753612,17.03245369040627,-0.33918380808768067,-0.779727941608717,-0.544975867812685
2022-01-12 00:00:00-05:00,AMC,bubble,9.422018573376667,19.71541705466265,-0.3235035254720705,-0.7772887361189176,-0.5435739509632749
2022-01-13 00:00:00-05:00,AMC,bubble,8.477064831832214,16.524671428868515,-0.1994192206673423,-0.7061955519375633,-0.4980639211777953
2022-01-14 00:00:00-05:00,AMC,bubble,7.82832633835711,15.107271976894637,-0.20466694929178675,-0.725328143713019,-0.4958677759517178
2022-01-18 00:00:00-05:00,AMC,bubble,5.15686246888326,14.193523379183546,-0.07006368033904964,-0.7070063558851871,-0.4495753699163083
2022-01-19 00:00:00-05:00,AMC,bubble,5.168349907143592,12.056720874068048,-0.07205238628891164,-0.698689947148118,-0.43395197229430305
2022-01-20 00:00:00-05:00,AMC,bubble,5.063758442098078,4.518812306479845,-0.14222466730646055,-0.6867736611510127,-0.42612064914453246
2022-01-21 00:00:00-05:00,AMC,bubble,4.119658255276944,5.237614661111934,-0.17028375828821007,-0.6939343298050178,-0.4229271079057936
2022-01-24 00:00:00-05:00,AMC,bubble,2.7647056792814904,4.926988905632726,-0.15685091227204662,-0.67968749283598,-0.37680288009654117
2022-01-25 00:00:00-05:00,AMC,bubble,2.2298387475117942,5.118465384590351,-0.09612980143476435,-0.6704119835026008,-0.3526841515374945
2022-01-27 00:00:00-05:00,AMC,bubble,0.6825028020121797,5.986674775368371,0.0027548840473876623,-0.6549586809428125,-0.2858126781834096
2022-02-01 00:00:00-05:00,AMC,bubble,1.1560103923674832,22.054672770181938,0.08007117147855491,-0.6393831729772829,-0.384934797187532
2022-02-02 00:00:00-05:00,AMC,bubble,0.7190635696143575,19.532558913818946,0.2101167950486318,-0.6057068713336726,-0.3274967639393048
2022-02-03 00:00:00-05:00,AMC,bubble,1.097320081071731,22.34957308192918,0.49159386418117723,-0.5427034203392171,-0.3026227365402239
2022-02-04 00:00:00-05:00,AMC,bubble,1.2474376741048978,25.96685696124507,0.5609120918795807,-0.5973941417781072,-0.3244299873078685
2022-02-07 00:00:00-05:00,AMC,bubble,1.4126214877702226,29.467093636336386,0.5057008102611105,-0.6163648663888905,-0.30449367737620064
2022-02-08 00:00:00-05:00,AMC,bubble,1.987272782759233,41.05960656869861,0.4406572888113516,-0.6737675138250849,-0.3688375226896703
2022-02-09 00:00:00-05:00,AMC,bubble,2.2655171361462823,53.390489766680865,0.34424505970504926,-0.7412882704379562,-0.4524815190600328
2022-02-10 00:00:00-05:00,AMC,bubble,2.313725471529914,52.37002935916938,0.31468532501714264,-0.7482517440903176,-0.4421732095053969
2022-02-11 00:00:00-05:00,AMC,bubble,2.36493740552824,59.06433166000821,0.2870813303976323,-0.7607655580019732,-0.44869753544200436
2022-02-14 00:00:00-05:00,AMC,bubble,2.1415929203539825,56.97018536413108,0.39774651325924304,-0.7087323900679467,-0.4157746650803257
2022-02-15 00:00:00-05:00,AMC,bubble,2.5099099648965373,62.588906037237734,0.0965092544005901,-0.7304928173638123,-0.4676591615828189
2022-02-16 00:00:00-05:00,AMC,bubble,2.5698730017320526,70.0701452260691,-0.019318775346792272,-0.7336044619275365,-0.4728012274675894
2022-02-17 00:00:00-05:00,AMC,bubble,2.3228069104646383,64.90014752505277,-0.04857443107031145,-0.6779302958513334,-0.4524815190600328
2022-02-18 00:00:00-05:00,AMC,bubble,1.732824427480916,57.04440774753879,-0.4156424666250218,-0.6502793381334018,-0.42067040811037887
2022-02-22 00:00:00-05:00,AMC,bubble,1.1389609993278205,48.57559938113298,-0.41955069674856227,-0.6217364882123304,-0.4195506967485623
2022-02-23 00:00:00-05:00,AMC,bubble,0.7304730518291032,51.193227963500135,-0.3909726561147243,-0.6058487044046681,-0.392244141008281
2022-02-24 00:00:00-05:00,AMC,bubble,1.1326899854949475,59.763727343772366,-0.4587104338441317,-0.5695701518068244,-0.45927603606356043
2022-02-25 00:00:00-05:00,AMC,bubble,1.2047441881109648,58.291460203803986,-0.48074748709526405,-0.5956964945741441,-0.4807474870952641
2022-02-28 00:00:00-05:00,AMC,bubble,1.0544662291261684,63.444520640291636,-0.4978791416567355,-0.6516437178046438,-0.5137858219478985
2022-03-01 00:00:00-05:00,AMC,bubble,1.0515116538356715,56.89277646064224,-0.4939956414167852,-0.6670305621389625,-0.49945415679155636
2022-03-02 00:00:00-05:00,AMC,bubble,1.1596736184260719,48.203334760250506,-0.5078251729830339,-0.6449001512785804,-0.5078251729830339
2022-03-03 00:00:00-05:00,AMC,bubble,1.2490659930250425,47.70165353369942,-0.5249169426795075,-0.6539313516735072,-0.5249169426795075
2022-03-04 00:00:00-05:00,AMC,bubble,1.0583850552576668,41.249997466802895,-0.4640917037584783,-0.6372963211767961,-0.48219671314442947
2022-03-07 00:00:00-05:00,AMC,bubble,0.6372443875702793,40.30534584103649,-0.4615384731139345,-0.6160420829560437,-0.4615384731139345
2022-03-09 00:00:00-05:00,AMC,bubble,0.5949239198326459,33.04794956761323,-0.4500318385159794,-0.6575429844247689,-0.4786760130873978
2022-03-22 00:00:00-04:00,AMC,bubble,0.7129456727698245,48.74418764418667,-0.5290252074184119,-0.7552026327009042,-0.5514786484757841
2022-03-23 00:00:00-04:00,AMC,bubble,1.299334821657399,60.5015621124764,-0.6215043283020528,-0.7844744354946813,-0.6215043283020528
2022-03-24 00:00:00-04:00,AMC,bubble,0.8491773329994252,65.53480895424177,-0.6050420152221315,-0.7750865085832007,-0.6119624378853024
2022-03-25 00:00:00-04:00,AMC,bubble,0.9765624109422801,74.11313215722143,-0.6625493818607069,-0.7455533520107752,-0.6625493818607069
2022-03-28 00:00:00-04:00,AMC,bubble,1.833816307178442,86.03929635362269,-0.7459938523673338,-0.829526075414318,-0.7671326086110558
2022-03-29 00:00:00-04:00,AMC,bubble,1.8444443854732788,85.88604196398575,-0.7394701136603586,-0.8311820591259429,-0.7680027022154995
2022-03-30 00:00:00-04:00,AMC,bubble,1.5151811129366362,73.02222174901135,-0.7235202360786717,-0.8049065387241703,-0.7340342433862534
2022-03-31 00:00:00-04:00,AMC,bubble,1.6324786101851276,72.9573717370615,-0.7171266287550153,-0.7926136374192086,-0.7228084223068144
2022-04-01 00:00:00-04:00,AMC,bubble,1.1960415018934345,71.064014189091,-0.7047210169452454,-0.8321888477505532,-0.7068669396920265
2022-04-04 00:00:00-04:00,AMC,bubble,1.2852941774854472,69.87843464466634,-0.6640926597960441,-0.8262548308041886,-0.7069927015727877
2022-04-05 00:00:00-04:00,AMC,bubble,1.1532995543504123,62.69100283861414,-0.6544082935293096,-0.7689769043378268,-0.67798207880096
2022-04-06 00:00:00-04:00,AMC,bubble,1.0827373924257335,60.682005198018835,-0.6508092247202867,-0.7430112648631012,-0.6650318533779248
2022-04-07 00:00:00-04:00,AMC,bubble,1.094479930399186,58.05658189706867,-0.6690319207211182,-0.7247846001157131,-0.6690319207211182
2022-04-08 00:00:00-04:00,AMC,bubble,1.1160092848495617,54.608828327027915,-0.6518640234383039,-0.7072368239431824,-0.6518640234383039
2022-04-11 00:00:00-04:00,AMC,bubble,1.1176469877485218,50.96234124234515,-0.6730769136718509,-0.7083333367296094,-0.6730769136718507
2022-04-12 00:00:00-04:00,AMC,bubble,0.8631015716389538,42.693662545293655,-0.6641790985944658,-0.7060849502876176,-0.6641790985944658
2022-04-13 00:00:00-04:00,AMC,bubble,0.8717172025430082,46.355060225102456,-0.6740420910354328,-0.7193739927490697,-0.6842957418427034
2022-04-14 00:00:00-04:00,AMC,bubble,0.931403976999625,45.340051555739706,-0.6670366203322775,-0.7197558221130003,-0.6753607048239706
2022-04-18 00:00:00-04:00,AMC,bubble,0.809523869698469,11.198440266248326,-0.6361556214888091,-0.70823799136377,-0.6653318136231479
2022-04-19 00:00:00-04:00,AMC,bubble,1.012931001172197,17.114921517510638,-0.6514989431981784,-0.7339400430889245,-0.686830840234028
2022-04-20 00:00:00-04:00,AMC,bubble,0.7730060172361903,20.08609064200742,-0.647635521195022,-0.7122260479682139,-0.662629745910354
2022-04-21 00:00:00-04:00,AMC,bubble,0.6866866609241282,20.91113529016536,-0.6231454005934718,-0.7056379912515068,-0.6528189910979229
2022-04-22 00:00:00-04:00,AMC,bubble,0.625984246351351,22.6171305867274,-0.6071428406490085,-0.6882566528367724,-0.6458837706980813
2022-04-28 00:00:00-04:00,AMC,bubble,0.5333332734949447,31.822225549767168,-0.5837595843053007,-0.6387467889711342,-0.6259590646869265
2022-04-29 00:00:00-04:00,AMC,bubble,0.5254236824005618,35.445551973685994,-0.5745098138946334,-0.6405228758169934,-0.6176470588235294
2022-05-02 00:00:00-04:00,AMC,bubble,0.5715757827142118,32.0911060076493,-0.563564902946706,-0.6238532160546453,-0.6166448383998311
2022-05-03 00:00:00-04:00,AMC,bubble,0.6517572266574454,38.908254293948005,-0.6034816403620632,-0.6183107773482055,-0.6228239993687918
2022-05-04 00:00:00-04:00,AMC,bubble,0.714285738057002,31.77691058429481,-0.6304071272135559,-0.6253180491773698,-0.6304071272135557
2022-05-05 00:00:00-04:00,AMC,bubble,0.6322221544053819,29.769136198685374,-0.6119809232928488,-0.5983662188469839,-0.6119809232928489
2010-02-26 00:00:00-05:00,AIG,bubble,1.3817310206139601,57.525493196169734,0.3722249130015933,0.8757740363591502,0.0
2010-03-02 00:00:00-05:00,AIG,bubble,1.9797614244844577,55.82972002457587,0.35837016200493466,0.7676660327200819,-0.0059928501882017555
2010-03-03 00:00:00-05:00,AIG,bubble,1.8930222128401994,41.89188732827882,0.3637459570786221,0.8073952133567219,0.0
2024-08-07 00:00:00-04:00,AFRM,bubble,0.540229953656056,19.139206183440407,2.118573739779929,2.025290160936094,0.0
2024-08-08 00:00:00-04:00,AFRM,bubble,0.5958860663415684,28.654978788364474,2.0834820356731303,2.0491771434052333,-0.0017846550077980792
2024-08-09 00:00:00-04:00,AFRM,bubble,0.6391752437952796,30.971853706907964,2.066823703034821,2.05463826466666,-0.010613225318223193
2024-08-12 00:00:00-04:00,AFRM,bubble,0.6791194436700392,31.028213304333775,2.0059596119496566,2.0599919113868714,0.0
1987-10-26 00:00:00-05:00,MSFT,quality,1.025796621579175,21.604892334875984,0.4203851685746818,0.3248433614324697,0.0
2020-03-10 00:00:00-04:00,SPCE,bubble,0.8185403463669825,16.742867601122384,-0.05639910108848789,0.6588937311364869,-0.4311279555423085
2020-03-11 00:00:00-04:00,SPCE,bubble,0.6183432311057182,15.67335290196921,0.07921998486581106,1.0463130731460386,-0.3607556512843325
2020-03-24 00:00:00-04:00,SPCE,bubble,0.6047197821578989,33.84013359331168,0.00919117664245861,0.764705915352053,-0.25306370217311525
2020-03-25 00:00:00-04:00,SPCE,bubble,0.5748031732574699,32.42068495329954,-0.016874980926513627,0.8487499237060547,-0.23812499046325683
2020-03-26 00:00:00-04:00,SPCE,bubble,0.67748290287893,39.353349343435006,-0.06682302900010573,0.7344664906807798,-0.2854630881319361
2020-03-27 00:00:00-04:00,SPCE,bubble,0.5093228729020007,40.379147697433936,0.0682704797896947,0.8992197679294984,-0.2074122294727374
2020-04-08 00:00:00-04:00,SPCE,bubble,0.5058824127795649,65.46031816462838,0.4205728403499587,0.906249844779577,-0.058593747671693654
2020-04-13 00:00:00-04:00,SPCE,bubble,0.5127202614478621,59.188193190865455,0.3842172804101436,0.7386803181171169,-0.06468305048645531
2020-04-16 00:00:00-04:00,SPCE,bubble,0.788856251621153,54.12782677396851,0.16557378716807558,0.2765027655929815,-0.2098360322212261
2020-04-21 00:00:00-04:00,SPCE,bubble,0.6490712797231284,56.72890836406461,0.3526971018159226,0.31950213473809463,-0.14285709117185422
2020-04-22 00:00:00-04:00,SPCE,bubble,0.6881719628186727,63.73702026430118,0.3335263875006218,0.2576722685949817,-0.16270985142604297
2020-04-23 00:00:00-04:00,SPCE,bubble,0.6269531603611536,62.567932437577625,0.22689067471871538,0.33013204072649427,-0.13205281629059767
2020-04-24 00:00:00-04:00,SPCE,bubble,0.6604877751048017,66.87630705351052,0.21797888818292832,0.3619271868861913,-0.1504112297517345
2020-04-27 00:00:00-04:00,SPCE,bubble,0.7453657941120426,63.73373777487416,0.06987143894053327,0.3141420577104652,-0.19172716021899647
2020-04-28 00:00:00-04:00,SPCE,bubble,0.7148437840514812,63.24981395747073,0.04328012859092034,0.33712981144968746,-0.17653757928530825
2020-04-29 00:00:00-04:00,SPCE,bubble,0.7820136619108866,61.43426312259058,0.003291227836985877,0.23642342360515367,-0.2068019545646336
2020-04-30 00:00:00-04:00,SPCE,bubble,0.7156767496014811,58.990054817236576,-0.007945481956481593,0.2570942328964083,-0.17934160835433438
2020-05-01 00:00:00-04:00,SPCE,bubble,0.7364341303044439,59.33232017113928,0.014508962878311715,0.12388391365126061,-0.1930803093412997
2020-05-04 00:00:00-04:00,SPCE,bubble,0.6178468042715435,39.17050386645167,0.044364470989776805,0.24700237526649138,-0.13309350444887916
2020-05-05 00:00:00-04:00,SPCE,bubble,0.6089060216674798,33.13252292189337,0.06257526682453673,0.19975931141912895,-0.12996384621747742
2020-05-06 00:00:00-04:00,SPCE,bubble,0.7891682521271364,50.9842522050157,-0.002702702702702675,0.036756773252744956,-0.21837834538640202
2020-05-12 00:00:00-04:00,SPCE,bubble,0.7054264070208174,51.47453247620467,0.16193181818181812,-0.08636361902410339,-0.17840905623002487
2020-05-13 00:00:00-04:00,SPCE,bubble,0.6058251834610133,49.484530811875125,0.23760583133004065,-0.0628778372446206,-0.12575567448924108
2020-05-14 00:00:00-04:00,SPCE,bubble,0.5357833724210672,45.226132965145815,0.3816120256935711,0.0188916872943774,-0.0894206339757687
2020-05-15 00:00:00-04:00,SPCE,bubble,0.5106382460656784,39.98234936592528,0.3841229268389894,0.06530087802512585,-0.0742637072430308
2020-05-18 00:00:00-04:00,SPCE,bubble,0.5533980582524272,43.145868368428104,0.3918749809265136,0.078125,-0.09624996185302734
2020-05-19 00:00:00-04:00,SPCE,bubble,0.5407766694004097,39.11439078031515,0.316320087672177,0.08821676288100933,-0.08884682492668906
2020-05-22 00:00:00-04:00,SPCE,bubble,0.5251937844089769,45.68014297260557,0.5279543159205402,0.7083863044704375,-0.08132139955092238
2020-05-26 00:00:00-04:00,SPCE,bubble,0.5838991801027755,48.729187668117476,0.42743418093896035,0.5670544342572796,-0.1145131451241629
2020-05-27 00:00:00-04:00,SPCE,bubble,0.694390661149006,45.42910292409365,0.42180371257143956,0.5410959172548602,-0.17465748503275633
2020-05-28 00:00:00-04:00,SPCE,bubble,0.5928432738661145,33.84468074678823,0.5154827609496173,0.8876745577244078,-0.12204001953347386
2020-05-29 00:00:00-04:00,SPCE,bubble,0.6511627803821056,35.272039469022715,0.5903756438197336,0.8327464728824265,-0.15140838448997765
2020-06-01 00:00:00-04:00,SPCE,bubble,0.694390661149006,40.92663865195951,0.5507991834457464,0.6484017855222133,-0.17465748503275633
2020-06-02 00:00:00-04:00,SPCE,bubble,0.5314616870725268,41.32553380112085,0.6820481114836858,0.967762286966515,-0.08596707400175255
2020-06-03 00:00:00-04:00,SPCE,bubble,0.5897186840174837,49.23234376605726,0.729713304193607,0.8920074292337556,-0.1177546583995494
2020-06-04 00:00:00-04:00,SPCE,bubble,0.538312400104695,49.89626712004064,0.7358132231929737,0.978562268075555,-0.08827237995730233
2020-06-05 00:00:00-04:00,SPCE,bubble,0.5281007908104236,50.791974809941834,0.7805960255352986,1.199746357701823,-0.08306906213210667
2020-06-08 00:00:00-04:00,SPCE,bubble,0.6753875873000148,56.07916911631888,0.6622325277151335,1.1683054200738598,-0.16367836201262112
2020-06-09 00:00:00-04:00,SPCE,bubble,0.6124030893134507,53.45911897951168,1.0312500745058086,1.1129808834142274,-0.13100954683045413
2020-06-10 00:00:00-04:00,SPCE,bubble,0.5674103636779246,56.13207723713345,1.0662127554784813,1.191212826295878,-0.1051980158287269
2020-06-22 00:00:00-04:00,SPCE,bubble,0.6673057412106524,58.16857618608554,0.37090283072921926,1.2668201612570646,-0.12305919866347394
2020-06-23 00:00:00-04:00,SPCE,bubble,0.5832531047559912,50.3006043889678,0.5075987841945289,1.4814590407722266,-0.0729483282674772
2020-06-30 00:00:00-04:00,SPCE,bubble,0.5711537874661958,50.97191591119712,0.45348842638549147,1.81517758373611,-0.03733164671102112
2020-07-01 00:00:00-04:00,SPCE,bubble,0.6057692307692308,64.14141355759133,0.43772458744620124,1.5862275083621817,-0.058083814061330466
2020-07-02 00:00:00-04:00,SPCE,bubble,0.5625,58.035718803850976,0.4603077110877405,1.7655384239783656,-0.03199998121995192
2020-07-06 00:00:00-04:00,SPCE,bubble,0.6251197990462891,59.9269213577536,0.36932156993224563,1.7321534283393252,-0.07197638317547013
2020-07-07 00:00:00-04:00,SPCE,bubble,0.5867688893342824,56.99300798792385,0.45740179424919747,1.7141994695288898,-0.04954680935493769
2020-07-08 00:00:00-04:00,SPCE,bubble,0.5706266744611623,60.710055688269925,0.43954738376737423,2.138177746086834,-0.0631327649199427
2020-07-13 00:00:00-04:00,SPCE,bubble,0.7027280790563151,53.67115057251221,0.3767955632499569,1.0861878790249482,-0.13093920965879663
2020-07-14 00:00:00-04:00,SPCE,bubble,0.7419659521332667,60.927151425593294,0.4465545398208437,0.7943570631095391,-0.14650026887095313
2020-07-15 00:00:00-04:00,SPCE,bubble,0.7649857535028974,68.52976501470071,0.48571431861733494,0.7110511800349562,-0.15202154689079347
2020-08-07 00:00:00-04:00,SPCE,bubble,0.7514395906427012,33.356785271839,2.0821917808219177,0.929315101937072,-0.1380821750588613
2020-08-11 00:00:00-04:00,SPCE,bubble,0.7560038975139973,23.269511955735567,1.8659738275044009,0.4967177326908949,-0.13949671539545846
2020-08-12 00:00:00-04:00,SPCE,bubble,0.7444765491390546,23.741545184825128,2.2714755265332354,0.42841401529811196,-0.13381058499472917
2020-08-14 00:00:00-04:00,SPCE,bubble,0.7836538461538463,24.901494219274724,1.714824830746715,0.3654986687426298,-0.15202154689079347
2020-08-17 00:00:00-04:00,SPCE,bubble,0.7521697424825446,26.31140154338661,1.729224007844882,0.3891029066356082,-0.1342872554006415
2020-08-18 00:00:00-04:00,SPCE,bubble,0.7113900160533952,27.33563799175286,1.7518329695350063,0.4241398514036665,-0.11280315654682507
2020-08-19 00:00:00-04:00,SPCE,bubble,0.6920849964640408,27.077974124123145,1.9201368225039022,0.3833428167619666,-0.10268111629573361
2020-08-20 00:00:00-04:00,SPCE,bubble,0.6676300675752653,27.574168915097204,1.7227034729919444,0.4170999098929311,-0.09127673307133938
2020-08-21 00:00:00-04:00,SPCE,bubble,0.626808118735454,15.39205786582545,1.6176645767160283,0.5080023621727467,-0.06757554299175202
2020-08-24 00:00:00-04:00,SPCE,bubble,0.6984585536461816,30.16688297976947,1.61599548623736,0.5019851571711504,-0.10777084328479573
2020-08-25 00:00:00-04:00,SPCE,bubble,0.6882239041748033,31.929345178243793,1.4150943890054357,0.5014294755146591,-0.10062888198351352
2020-08-26 00:00:00-04:00,SPCE,bubble,0.6753622598694142,35.07462686567165,1.147058828705743,0.46770478061222076,-0.09284885473720299
2020-08-27 00:00:00-04:00,SPCE,bubble,0.6711798887982561,41.44621034362956,1.2071758516245268,0.5075231215243319,-0.08969907248993145
2020-08-28 00:00:00-04:00,SPCE,bubble,0.6885880418465644,31.82751739486396,0.9341351683963748,0.4249713307813461,-0.09908363371706361
2020-08-31 00:00:00-04:00,SPCE,bubble,0.7294685990338163,45.6421974200742,0.78938540666463,0.514525173762657,-0.12122903323040328
2020-09-01 00:00:00-04:00,SPCE,bubble,0.6837524519759504,42.07187956070161,0.7403790314622021,0.5387707323640043,-0.09649628065934093
2020-09-02 00:00:00-04:00,SPCE,bubble,0.6537717357499477,31.151246277871834,0.5959063970554641,0.5198830052425987,-0.08011694121779057
2020-09-03 00:00:00-04:00,SPCE,bubble,0.5986460407390477,28.870297428255768,0.6049605740775426,0.4688445164500912,-0.048396853310977164
2020-09-04 00:00:00-04:00,SPCE,bubble,0.5411422288968959,27.544912915268952,0.8969849609870519,0.5458543393284465,-0.011934635256947181
2020-09-08 00:00:00-04:00,SPCE,bubble,0.679536704273838,47.272725438463084,0.7580459419338184,0.46264367816091956,-0.09597699395541487
2020-09-09 00:00:00-04:00,SPCE,bubble,0.7078111023658775,51.46104093143975,0.8961037618298691,0.45002811373630425,-0.11180125561477754
2020-09-10 00:00:00-04:00,SPCE,bubble,0.6811174842932233,51.129026780146056,0.9799426934097422,0.44183384586541896,-0.09856731775496956
2020-09-11 00:00:00-04:00,SPCE,bubble,0.5969142813588357,47.6691803508144,1.1014491979092513,0.46497582827302386,-0.05012078952804825
2020-09-14 00:00:00-04:00,SPCE,bubble,0.6689059403990509,48.21427882123124,0.8694653106027967,0.38010355620174585,-0.09545710999051481
2020-09-15 00:00:00-04:00,SPCE,bubble,0.69377990430622,51.52395231461898,0.9062146547823975,0.3508474921102578,-0.11129941778667903
2020-09-16 00:00:00-04:00,SPCE,bubble,0.6708254434018255,50.49787505589103,0.8357265646130376,0.40666275307809463,-0.09649628065934093
2020-09-17 00:00:00-04:00,SPCE,bubble,0.6207547457713001,49.30555555555555,0.9289871246198069,0.5378347352382542,-0.08440046415849956
2020-09-18 00:00:00-04:00,SPCE,bubble,0.6266540750412226,48.226950354609926,0.873329357714058,0.43811732261724834,-0.08599652833745879
2020-09-21 00:00:00-04:00,SPCE,bubble,0.5547170099222436,40.326978762221316,0.8768202795228628,0.5285193521347906,-0.04550970789511768
2020-09-22 00:00:00-04:00,SPCE,bubble,0.5552407419748173,43.14868350723379,0.748633912182193,0.550091121932365,-0.044930139851853554
2020-09-24 00:00:00-04:00,SPCE,bubble,0.5104363818168802,45.586103064609375,0.858668338999309,0.5728643134201339,0.0
2020-09-25 00:00:00-04:00,SPCE,bubble,0.5456255722942889,53.744497537755976,0.7778454088737796,0.5216067885357554,0.0
2020-10-26 00:00:00-04:00,SPCE,bubble,0.5538591567196036,37.99822841307547,0.2816594266543231,0.07041489830874803,-0.04912663837293997
2020-10-27 00:00:00-04:00,SPCE,bubble,0.551314601606159,33.23837046618121,0.23236742164165225,-0.0027337343722547702,-0.047566961391841876
2020-10-28 00:00:00-04:00,SPCE,bubble,0.5905368573684364,29.17796774758689,0.2671624492730382,0.06178491340506409,-0.0034325291363865983
2020-10-29 00:00:00-04:00,SPCE,bubble,0.7134779044893271,35.46931985896366,0.10781072890931975,0.031353118000880364,-0.041804213288994994
2020-10-30 00:00:00-04:00,SPCE,bubble,0.8512221017320185,35.694827646421956,0.19402987166412156,0.12227326879969125,0.0
2020-11-02 00:00:00-05:00,SPCE,bubble,0.831950241786114,29.27073685442845,0.12910524917878163,0.10985273627404579,0.0
2020-11-03 00:00:00-05:00,SPCE,bubble,0.9732620320855614,36.04651386294624,0.03956641220464929,0.08075877450669044,-0.02276421110158367
2020-11-04 00:00:00-05:00,SPCE,bubble,0.8626032785903275,32.69416144495858,0.08763174034568477,0.08818632072856958,0.0
2021-03-24 00:00:00-04:00,SPCE,bubble,0.764705915352053,46.71915975459913,-0.11354165607028532,-0.6677083439297147,-0.4618055555555556
2021-03-25 00:00:00-04:00,SPCE,bubble,0.8487499237060547,55.55016932599629,-0.12609867928417606,-0.6710615041679503,-0.47599727384544405
2021-03-26 00:00:00-04:00,SPCE,bubble,0.7344664906807798,57.696180251469194,-0.15376816809235017,-0.6813112369149048,-0.47617437243265326
2021-03-29 00:00:00-04:00,SPCE,bubble,0.8992197679294984,47.016275496398315,-0.14412874092373706,-0.6658678656804506,-0.469359819372717
2021-04-05 00:00:00-04:00,SPCE,bubble,1.2839505097212376,32.28881950132423,-0.19493242212243977,-0.6624999948450037,-0.47635135135135137
2021-04-07 00:00:00-04:00,SPCE,bubble,1.0447552020733175,33.6244497839115,-0.22948013763803754,-0.6713406276330414,-0.4699042297009309
2021-04-08 00:00:00-04:00,SPCE,bubble,1.0753376427393593,38.49999453226586,-0.21301368817891164,-0.6880137038557497,-0.4691780821917808
2021-04-09 00:00:00-04:00,SPCE,bubble,0.906249844779577,32.29357022446665,-0.20730868927621848,-0.6929644628624614,-0.47062839323068395
2021-04-12 00:00:00-04:00,SPCE,bubble,0.7531107895029521,28.137487726488217,-0.136346707487488,-0.6753829003987006,-0.4209936760102663
2021-04-13 00:00:00-04:00,SPCE,bubble,0.7386803181171169,32.095477188970065,-0.13616068640939105,-0.6755952347162899,-0.42336306905124615
2021-05-24 00:00:00-04:00,SPCE,bubble,0.7083863044704375,67.02068082006825,-0.35849756818363665,-0.756043138850444,-0.3584975681836366
2021-05-25 00:00:00-04:00,SPCE,bubble,0.5670544342572796,65.41189409783672,-0.332551750193284,-0.7584994110548529,-0.332551750193284
2021-05-26 00:00:00-04:00,SPCE,bubble,0.5410959172548602,70.60063110929384,-0.3766666553638599,-0.760370381673177,-0.37666665536385996
2021-06-01 00:00:00-04:00,SPCE,bubble,0.6484017855222133,73.09012830284861,-0.43732684602296135,-0.7572714631678812,-0.4373268460229613
2021-08-23 00:00:00-04:00,SPCE,bubble,0.5080023621727467,32.69454375257304,-0.6926100675141453,-0.7669025131298164,-0.6926100675141452
2021-08-24 00:00:00-04:00,SPCE,bubble,0.5019851571711504,37.8117930700887,-0.6944863849875635,-0.7677492340064488,-0.7046827773671119
2021-08-25 00:00:00-04:00,SPCE,bubble,0.5014294755146591,34.59965522807474,-0.6572734276155254,-0.762376237336106,-0.7022087009494732
2021-08-27 00:00:00-04:00,SPCE,bubble,0.5075231215243319,19.137462981497592,-0.6284068980738664,-0.7704414616619557,-0.6998080731353467
2021-08-31 00:00:00-04:00,SPCE,bubble,0.514525173762657,48.79692004482178,-0.6525267619792186,-0.7819992728013638,-0.711545572896879
2021-09-01 00:00:00-04:00,SPCE,bubble,0.5387707323640043,54.5748119259681,-0.6920492651004773,-0.7827547514412123,-0.7081000420684653
2021-09-02 00:00:00-04:00,SPCE,bubble,0.5198830052425987,53.25630102257933,-0.6983455045516282,-0.779915343954484,-0.6991150489238238
2021-09-07 00:00:00-04:00,SPCE,bubble,0.5458543393284465,47.24409953377252,-0.6984965659975162,-0.750914271772605,-0.7009345930566001
2021-09-17 00:00:00-04:00,SPCE,bubble,0.5378347352382542,51.553321983832596,-0.6430734341606962,-0.7997729027944721,-0.7429977350921869
2021-09-21 00:00:00-04:00,SPCE,bubble,0.5285193521347906,40.960444671650066,-0.6169114635244666,-0.8003175845342386,-0.7304485781219126
2021-09-22 00:00:00-04:00,SPCE,bubble,0.550091121932365,44.07895048192113,-0.6251469024509153,-0.805327065535273,-0.7340383834146946
2021-09-23 00:00:00-04:00,SPCE,bubble,0.6433566114740854,49.311026460188366,-0.6235976671111884,-0.8116054129093251,-0.7373307484492112
2021-09-24 00:00:00-04:00,SPCE,bubble,0.5728643134201339,54.103667168536965,-0.6234025345434252,-0.8051118193827332,-0.7288338531112392
2021-09-27 00:00:00-04:00,SPCE,bubble,0.5216067885357554,52.173910085057976,-0.6096000061035156,-0.8043999938964843,-0.7283999938964844
2021-11-05 00:00:00-04:00,MRNA,bubble,2.3154727806846966,24.784827306243514,-0.4269800417567612,-0.3078189396857729,-0.4663910031930846
2021-11-09 00:00:00-05:00,MRNA,bubble,2.046694270799547,26.853452430064607,-0.4788684943025481,-0.3109140700526897,-0.4788684943025481
2021-11-10 00:00:00-05:00,MRNA,bubble,2.0106508550439175,23.544602931658645,-0.43147277099961123,-0.2638015696372499,-0.46091021713050934
2021-11-11 00:00:00-05:00,MRNA,bubble,1.7392042774952485,24.71379423524772,-0.38929236033498793,-0.24187409708811336,-0.4534142400944907
2021-11-12 00:00:00-05:00,MRNA,bubble,1.632843740681556,17.392978720077394,-0.41061467594659407,-0.225615308236908,-0.46611013018844366
2021-11-15 00:00:00-05:00,MRNA,bubble,1.629712595696028,19.524151278597103,-0.39473350769476034,-0.21100099782234294,-0.4749223786132113
2021-11-16 00:00:00-05:00,MRNA,bubble,1.3918326296946484,19.971829266615316,-0.41219904630613946,-0.20927949050181405,-0.47315178014213316
2021-11-17 00:00:00-05:00,MRNA,bubble,1.6004293264583875,20.380016655438453,-0.4080831960873801,-0.24080420616720166,-0.4904429571802075
2021-12-28 00:00:00-05:00,MRNA,bubble,1.167324947345878,33.096433898954785,-0.40850730568870197,-0.268969523627992,-0.5148691349030134
2022-01-03 00:00:00-05:00,MRNA,bubble,1.1037321756884326,33.23348262920487,-0.3211657286238845,-0.24543714823395668,-0.5016805116670173
2022-01-04 00:00:00-05:00,MRNA,bubble,1.134640015636136,29.38866416394714,-0.2602763421331402,-0.25551361741856327,-0.4974255621710875
2022-01-05 00:00:00-05:00,MRNA,bubble,0.85128153941833,21.33287960211183,-0.18120150896332465,-0.16205914749995265,-0.45579148084129717
2022-01-06 00:00:00-05:00,MRNA,bubble,0.8773134454211566,22.112293662453226,-0.18883645058217302,-0.1486161296546511,-0.4578820763818011
2022-01-07 00:00:00-05:00,MRNA,bubble,0.8967627548589938,12.416417088770373,-0.18989058493618038,-0.11320493147279709,-0.45230526082889916
2022-01-10 00:00:00-05:00,MRNA,bubble,0.9930069306730347,30.43995805860635,-0.26726569221526864,-0.20136926903347874,-0.49880188796340086
2022-01-11 00:00:00-05:00,MRNA,bubble,0.7775190201934234,29.34522575983499,-0.27765482357003557,-0.15054881396152664,-0.470933657453659
2022-01-12 00:00:00-05:00,MRNA,bubble,0.7966306930191347,35.45816434976412,-0.2511552599077216,-0.13858853907414492,-0.47449415597756167
2022-01-13 00:00:00-05:00,MRNA,bubble,0.6201819009496161,31.7740704485671,-0.22253416129767878,-0.09268685301067592,-0.4426892597712118
2022-01-14 00:00:00-05:00,MRNA,bubble,0.5790976117669573,31.110508132619216,-0.18360766434986175,-0.0376593152736584,-0.42788062473611266
2022-03-29 00:00:00-04:00,MRNA,bubble,0.5245168591979728,68.44241774226623,-0.3237931690732795,-0.18379094918301198,-0.35158327253553956
1987-10-26 00:00:00-05:00,ORCL,bubble,0.9142964787003784,18.05524676038314,0.9104514211332806,0.9701534100699791,0.0
1987-10-27 00:00:00-05:00,ORCL,bubble,0.9444342675703732,20.737225689886287,0.7999913964136811,0.8714190583202701,0.0
2000-04-18 00:00:00-04:00,NVAX,bubble,0.5254237288135593,29.213483146067418,0.2711111111111111,0.400888943142361,-0.15555555555555556
2000-04-25 00:00:00-04:00,NVAX,bubble,0.5178571428571428,36.52173913043479,0.5058823529411764,0.5435294117647058,0.0
2000-04-26 00:00:00-04:00,NVAX,bubble,0.5714285714285714,35.39823008849558,0.44545454545454555,0.49090909090909096,0.0
2000-04-27 00:00:00-04:00,NVAX,bubble,0.5614035087719298,29.126213592233,0.3662921348314607,0.5191011235955056,0.0
2006-07-13 00:00:00-04:00,NVAX,bubble,3.6111111111111107,36.936934614865805,-0.043373475591820365,-0.2554216959390295,-0.31566265979445124
2006-07-14 00:00:00-04:00,NVAX,bubble,3.200000160618832,28.440363922259237,0.12781950574145373,-0.2305764514062083,-0.28822058815937135
2006-07-17 00:00:00-04:00,NVAX,bubble,2.917525850227707,15.458927583200506,0.10789469668739726,-0.20789472680342824,-0.25263158898604543
2006-07-18 00:00:00-04:00,NVAX,bubble,3.0729163458777924,23.369548090909248,0.015345327678605303,-0.23273654294754154,-0.2736572704132654
2006-07-19 00:00:00-04:00,NVAX,bubble,3.040000152587891,21.6666751437717,0.007425723409153262,-0.2549505137471676,-0.29702973896329754
2006-07-20 00:00:00-04:00,NVAX,bubble,2.6213590821690405,14.851484587584977,0.09651480864486106,-0.19839141474238364,-0.23860589277673253
2006-07-21 00:00:00-04:00,NVAX,bubble,2.380952380952381,14.354065937676253,0.185915449975242,-0.17746476724114213,-0.2000000107456261
2006-07-24 00:00:00-04:00,NVAX,bubble,2.5490197490060047,17.535546737358487,0.16574585286038546,-0.19337016167044963,-0.21546964033201355
2006-07-25 00:00:00-04:00,NVAX,bubble,2.5576924381876887,22.05882187945633,0.10540544664537577,-0.21891892922891154,-0.23243244274242505
2006-07-26 00:00:00-04:00,NVAX,bubble,2.7755101305998564,22.959185460864134,0.10270268208271749,-0.22972972972972971,-0.23243244274242505
2006-07-27 00:00:00-04:00,NVAX,bubble,2.468749782691408,19.91150240823839,0.22222227313576703,-0.17717716978095277,-0.14714713906290183
2006-07-28 00:00:00-04:00,NVAX,bubble,2.659574778925095,25.225230333779066,0.22383711065970524,-0.13662792309481941,-0.17441865236066542
2006-07-31 00:00:00-04:00,NVAX,bubble,2.8700000762939455,35.90734028609634,0.05943150366196148,-0.26873388425972156,-0.26614989512539855
2006-08-01 00:00:00-04:00,NVAX,bubble,2.585858724029954,34.06593667632079,0.166197226081096,-0.21126760563380287,-0.2000000107456261
2006-08-02 00:00:00-04:00,NVAX,bubble,2.6185566148769066,37.200000854491925,0.1652422593702989,-0.21082615478281552,-0.19088316657707743
2006-08-03 00:00:00-04:00,NVAX,bubble,2.882978880982861,43.14516116627551,0.14794524728435365,-0.24109586950850814,-0.22191781867040347
2006-08-04 00:00:00-04:00,NVAX,bubble,2.81052639609889,46.12069270273341,0.12983427248297685,-0.1850828901031054,-0.21546964033201355
2006-08-07 00:00:00-04:00,NVAX,bubble,2.5979383723846587,41.025651057714065,0.1805157295591806,-0.11747857047450683,-0.18624646484696505
2006-08-08 00:00:00-04:00,NVAX,bubble,2.648351579253162,34.87395234098126,0.24397585204765937,-0.06626508169828937,-0.14457834440074266
2006-08-09 00:00:00-04:00,NVAX,bubble,2.678161000178567,37.89954807170584,0.28125,-0.00625002384185791,-0.11250001192092896
2006-08-10 00:00:00-04:00,NVAX,bubble,3.3378375757341443,41.58415654607568,0.25856708555451324,0.04984431043223503,-0.11526476733554197
2006-08-11 00:00:00-04:00,NVAX,bubble,2.574712765895641,37.56097583668632,0.260450169842954,0.03536978675167912,-0.08681674372416379
2006-08-14 00:00:00-04:00,NVAX,bubble,2.0869565442739684,30.803573519295256,0.36267610150560325,0.03873240831848479,0.0
2006-08-15 00:00:00-04:00,NVAX,bubble,2.6896550779157415,40.6130247199669,0.19626178664266458,-0.10280371943696487,-0.02803731320757587
2006-08-16 00:00:00-04:00,NVAX,bubble,2.5454545553065526,45.49356535861839,0.21474360894561162,-0.04487184268091049,0.0
2006-08-17 00:00:00-04:00,NVAX,bubble,2.6153846315075957,46.86192438567008,0.20364731420975835,-0.05471127844761081,0.0
2006-08-18 00:00:00-04:00,NVAX,bubble,2.899999830457899,41.74311228266283,0.11680918709558497,-0.11396006457380703,0.0
2006-08-21 00:00:00-04:00,NVAX,bubble,2.9887642159093026,50.0,0.08450704225352124,-0.1577464896188655,0.0
2006-08-22 00:00:00-04:00,NVAX,bubble,2.765306204867729,54.50000848770304,0.0379403158072984,-0.17615180592309776,-0.027100269882066933
2006-08-23 00:00:00-04:00,NVAX,bubble,2.969387833548802,55.82524793223911,-0.0359897550376066,-0.1876606904386039,-0.07712081959699146
2006-08-24 00:00:00-04:00,NVAX,bubble,3.0631577341180103,55.82523759454802,-0.11139894836895992,-0.18911915869516793,-0.1113989483689599
2006-08-25 00:00:00-04:00,NVAX,bubble,2.1639343506224327,59.58548470079036,-0.1398963192913597,-0.2150258954705706,-0.13989631929135968
2006-08-28 00:00:00-04:00,NVAX,bubble,1.8656718372422358,64.60674747254811,-0.15885421995901183,-0.16145834678576998,-0.15885421995901186
2006-08-29 00:00:00-04:00,NVAX,bubble,0.7763158489132211,72.72728107250559,-0.23209875601309315,-0.20246915464048032,-0.23209875601309318
2006-09-01 00:00:00-04:00,NVAX,bubble,1.8344826533876617,80.38277848185422,-0.3260340196756709,-0.17031630802632758,-0.3260340196756709
2006-09-05 00:00:00-04:00,NVAX,bubble,2.0367645646049115,76.43678727907913,-0.24455202568279621,-0.16222762437552807,-0.32929778996017844
2006-09-06 00:00:00-04:00,NVAX,bubble,2.0153846740722656,71.50537810831199,-0.20663265877095716,-0.1250000364926389,-0.2933673412290429
2006-09-07 00:00:00-04:00,NVAX,bubble,1.6737588470199571,63.04347781017276,-0.1883289187741688,-0.10875337416037456,-0.26525198402198397
2006-09-08 00:00:00-04:00,NVAX,bubble,1.664285659790039,56.626507408439814,-0.21447721618319382,-0.08579090692741875,-0.2573726185115501
2006-09-11 00:00:00-04:00,NVAX,bubble,1.4736841411801906,56.36363173976089,-0.24734041527851247,-0.026595745760156553,-0.26329782215271896
2006-09-12 00:00:00-04:00,NVAX,bubble,1.4437086485879496,50.0,-0.2384824059759867,-0.016260223956835462,-0.24932250359088087
2006-09-13 00:00:00-04:00,NVAX,bubble,1.104651113791749,40.68965009219731,-0.2375690663043899,0.02762430881006428,-0.23756906630438987
2006-09-14 00:00:00-04:00,NVAX,bubble,1.2147239364307585,41.258738460537074,-0.2548476245002059,0.00831033419496885,-0.2548476245002059
2006-09-15 00:00:00-04:00,NVAX,bubble,1.3012820928211188,40.689660796940665,-0.2451253696483997,0.025069573062075357,-0.2506964213040739
2006-09-18 00:00:00-04:00,NVAX,bubble,1.5379309818662446,44.73683219866953,-0.2554347775383572,0.0,-0.2690217343417817
2006-09-19 00:00:00-04:00,NVAX,bubble,1.2108433686487734,35.60605600845476,-0.2534060204652787,0.010899119969108195,-0.26702999838369096
2006-09-20 00:00:00-04:00,NVAX,bubble,1.2874999046325684,13.99998245238588,-0.2595628002380538,0.016393505842428047,-0.2650273021855298
2006-09-21 00:00:00-04:00,NVAX,bubble,1.4322581137380292,26.041670805878766,-0.28912470305820326,-0.06366051663951688,-0.28912470305820326
2006-09-22 00:00:00-04:00,NVAX,bubble,1.198795130194351,26.041670805878766,-0.2493150789443761,-0.0273972602739726,-0.26575344555998504
2006-09-25 00:00:00-04:00,NVAX,bubble,1.2269939224614768,23.958329194121234,-0.26446277344050073,-0.02754820994538887,-0.26446277344050073
2006-09-26 00:00:00-04:00,NVAX,bubble,1.2130178917206056,39.534890941826326,-0.2994652488233087,-0.029411824704264067,-0.2994652488233087
2006-09-27 00:00:00-04:00,NVAX,bubble,1.566878963481137,62.99999237060547,-0.3573200965544385,-0.10918108671166749,-0.3573200965544385
2006-09-28 00:00:00-04:00,NVAX,bubble,1.6578948705810608,65.9793919844958,-0.24504953346443048,-0.09653468758858075,-0.35891092474490155
2006-09-29 00:00:00-04:00,NVAX,bubble,1.5436243286036633,51.26051686256257,-0.19788922441671875,-0.0237467411515635,-0.3166227288712583
2006-10-02 00:00:00-04:00,NVAX,bubble,1.1428571428571428,52.586198958719734,-0.22399998982747393,0.0,-0.3093333435058594
2006-10-03 00:00:00-04:00,NVAX,bubble,1.0852272708800212,52.13675130074605,-0.2016349147695824,0.03542232179933125,-0.2942779542205155
2006-10-04 00:00:00-04:00,NVAX,bubble,1.1929824072189241,55.645166748395525,-0.2720000203450521,0.032000020345052116,-0.3093333435058594
2006-10-05 00:00:00-04:00,NVAX,bubble,0.8544601603211652,62.67604687885332,-0.3012658131273487,-0.01772153830226464,-0.3443038071258159
2006-10-06 00:00:00-04:00,NVAX,bubble,0.7853880892782008,58.39415265740838,-0.30690533403968656,-0.028132954400219345,-0.3375958918343036
2006-10-09 00:00:00-04:00,NVAX,bubble,0.952606635927921,64.33119904831881,-0.32281555577962273,-0.07038838524701041,-0.3713592442010816
2009-11-20 00:00:00-05:00,NVAX,bubble,1.129870133087112,29.77098703147999,-0.298780471494267,-0.31097558209897447,-0.3749999854622814
2009-11-23 00:00:00-05:00,NVAX,bubble,0.7709498010336977,26.42856403272576,-0.2839116650912489,-0.3028391214644105,-0.35331231840326643
2009-11-24 00:00:00-05:00,NVAX,bubble,0.7582416845367062,30.075178265504817,-0.23750001192092896,-0.28437501192092896,-0.359375
2009-11-25 00:00:00-05:00,NVAX,bubble,0.6810811017010663,8.928544363175817,-0.22508038309127487,-0.2700964474436224,-0.3408360209469808
2009-12-01 00:00:00-05:00,NVAX,bubble,0.834285627092634,19.379824559328327,-0.26479746095639334,-0.29595011041231767,-0.36137068615355145
2009-12-03 00:00:00-05:00,NVAX,bubble,0.6875000124176338,29.19254422918904,-0.3148148235361159,-0.3086420196419224,-0.3672839804150626
2009-12-04 00:00:00-05:00,NVAX,bubble,0.7771739913520397,30.864187065297983,-0.33027525664920965,-0.31804285269821,-0.3730886996420601
2009-12-07 00:00:00-05:00,NVAX,bubble,0.5571428934733074,30.434778488038305,-0.3333333722191353,-0.3119266215583586,-0.3730886996420601
2010-01-11 00:00:00-05:00,NVAX,bubble,0.6871509165662821,64.16184850012999,-0.2682119263854392,-0.12582784928510427,-0.3211920701287865
2010-01-12 00:00:00-05:00,NVAX,bubble,0.612359662532149,46.527779065531966,-0.22648083021633592,-0.10104534664764542,-0.28571430470232534
2010-01-13 00:00:00-05:00,NVAX,bubble,0.5706213581226862,46.527779065531966,-0.20863307180701252,-0.08273378777631002,-0.2625899078201708
2010-01-14 00:00:00-05:00,NVAX,bubble,0.5857988072186262,45.27026730963187,-0.18656716949027818,-0.07089551017236029,-0.2350746050898596
2010-01-15 00:00:00-05:00,NVAX,bubble,0.5502959381260604,41.61074126197821,-0.1641221763051105,-0.041984746161752184,-0.21755727469299332
2010-01-19 00:00:00-05:00,NVAX,bubble,0.5057472032951968,45.25547882231146,-0.1793893368731393,-0.04580155450365042,-0.21755727469299332
2010-01-20 00:00:00-05:00,NVAX,bubble,0.5325443907189091,47.3282426076443,-0.1621621203648942,-0.0810810970038498,-0.20849419683646708
2010-02-11 00:00:00-05:00,NVAX,bubble,0.5096773947438886,48.63013832849638,-0.06410256514757218,-0.025641042361154165,-0.09829056728869327
2010-02-12 00:00:00-05:00,NVAX,bubble,0.5894039333569878,48.275862068965516,-0.09583330154418945,-0.04166666666666663,-0.1208333174387614
2010-02-16 00:00:00-05:00,NVAX,bubble,0.678082147935785,53.191487922628205,-0.11836733136858257,-0.07346935661471621,-0.13877549463388872
2010-02-17 00:00:00-05:00,NVAX,bubble,0.6308724737710754,50.36495791442438,-0.09053493517133726,-0.0699588028380721,-0.1316871998378675
2010-02-18 00:00:00-05:00,NVAX,bubble,0.602649016660753,54.761908366116515,-0.09917361364526622,-0.057851300898424274,-0.12809918527842165
2010-02-19 00:00:00-05:00,NVAX,bubble,0.8345864111737358,61.739127406099975,-0.13524587248576858,-0.03688523084429807,-0.13524587248576855
2010-02-22 00:00:00-05:00,NVAX,bubble,0.9426230437266716,53.211013348293484,-0.10970465391441853,-0.04219409146871156,-0.10970465391441847
2010-02-23 00:00:00-05:00,NVAX,bubble,0.9732143533777229,48.3333346578812,-0.06334839793505775,-0.022624433998618243,-0.0633483979350578
2010-02-24 00:00:00-05:00,NVAX,bubble,1.065420633216584,50.0,-0.085972831933676,0.018099529937821268,-0.08597283193367605
2010-02-25 00:00:00-05:00,NVAX,bubble,1.921052768620099,57.843140004828214,-0.07657660831153768,0.04954947911341634,-0.09009008699399632
2010-02-26 00:00:00-05:00,NVAX,bubble,1.2947367617958472,47.777769300672745,-0.07339442798699991,0.07339451548005949,-0.07339442798699992
2010-03-01 00:00:00-05:00,NVAX,bubble,1.7804877765117686,60.919539473900564,-0.08771930118089977,0.14035091535169752,-0.11403502461065408
2010-03-02 00:00:00-05:00,NVAX,bubble,2.2054793160457007,66.29213338668194,-0.11965808900455066,0.2649573018808822,-0.13675209007511122
2010-03-03 00:00:00-05:00,NVAX,bubble,2.4117647223819083,57.89474344649936,-0.13362070170367335,0.1810344274772635,-0.13362070170367335
2010-03-04 00:00:00-05:00,NVAX,bubble,2.4477613491161216,47.61905338578643,0.012986979744866067,0.16017310798656403,-0.12987012772547524
2010-03-05 00:00:00-05:00,NVAX,bubble,3.214285854174169,46.774196029330106,-0.016949136104436047,0.10593220167754547,-0.1483050823485636
2010-03-08 00:00:00-05:00,NVAX,bubble,3.3035715699804094,46.774196029330106,-0.041493775276820744,0.062240662915231226,-0.16597510110728314
2010-03-09 00:00:00-05:00,NVAX,bubble,3.0689654492027856,44.615391838482154,-0.03813557643994514,0.08474576134203637,-0.1483050823485636
2010-03-10 00:00:00-05:00,NVAX,bubble,2.287671146976232,48.529405989860756,-0.05416663487752282,0.09166669845581055,-0.16249998410542807
2010-03-11 00:00:00-05:00,NVAX,bubble,2.701492528815555,52.702700264528644,-0.08870963400285892,0.00806454714081517,-0.18951608871694037
2010-03-12 00:00:00-05:00,NVAX,bubble,2.148648504970544,47.56096653254751,-0.04291845634095204,0.06437768451142811,-0.13733901117477126
2010-03-15 00:00:00-04:00,NVAX,bubble,2.1333333333333333,60.29411310968179,-0.04680852687105219,0.07659571221534245,-0.14468083483107547
2010-03-16 00:00:00-04:00,NVAX,bubble,1.9615384380257819,56.94444370858471,-0.02597404205893572,0.13852808669898486,-0.12987012772547524
2010-03-17 00:00:00-04:00,NVAX,bubble,1.8875000476837158,56.33802514207731,-0.03030306283029227,0.13419914849683168,-0.12987012772547524
2010-03-18 00:00:00-04:00,NVAX,bubble,1.7682928403596843,56.33804027676441,0.0,0.14537441084355396,-0.11453745788918859
2010-03-19 00:00:00-04:00,NVAX,bubble,1.9729729346588116,44.117652008690776,0.004545471884987551,0.16363638097589672,-0.08636361902410333
2010-03-22 00:00:00-04:00,NVAX,bubble,2.2285714830671037,44.117652008690776,-0.02654868899744267,0.14601766289200135,-0.11061946715938151
2010-03-23 00:00:00-04:00,NVAX,bubble,1.9249999523162842,51.35134368851861,-0.0940170466433965,0.11965817051517735,-0.14102561072040803
2010-03-24 00:00:00-04:00,NVAX,bubble,2.4078947294121633,64.28571150532247,-0.1621621203648942,0.027027056882218403,-0.2239381977793896
2010-03-25 00:00:00-04:00,NVAX,bubble,2.0493826666286767,55.23809800613004,-0.12145748612693485,0.036437230393962405,-0.18623482750541817
2010-03-26 00:00:00-04:00,NVAX,bubble,1.3838385142254497,47.74774743813832,-0.07203392946867326,0.06355932100652728,-0.1483050823485636
2010-03-29 00:00:00-04:00,NVAX,bubble,1.6382978982437582,55.08474206417519,-0.12903221588849145,0.02016129094281638,-0.18951608871694037
2010-03-30 00:00:00-04:00,NVAX,bubble,1.7011494845061352,48.03149558996861,-0.059574451852352106,0.06808512261573307,-0.14468083483107547
2010-03-31 00:00:00-04:00,NVAX,bubble,1.2647059621007948,43.089434046118456,-0.05194808411787155,0.10822510643789607,-0.12987012772547524
2010-04-01 00:00:00-04:00,NVAX,bubble,1.4787234236828186,50.0,-0.06008582250524108,0.11158800285856718,-0.13733901117477126
2010-04-05 00:00:00-04:00,NVAX,bubble,1.9382713723702434,51.3274307902233,-0.07563022246898432,0.0630252121043875,-0.15546214177306814
2010-04-06 00:00:00-04:00,NVAX,bubble,1.8313252361406707,51.7857133733979,-0.08085104759703288,0.09787230796002322,-0.14468083483107547
2010-04-07 00:00:00-04:00,NVAX,bubble,1.9249999523162842,51.3274307902233,-0.05128200321168175,0.09829064879932004,-0.14102561072040803
2010-04-08 00:00:00-04:00,NVAX,bubble,2.168831197784008,57.14285485312208,-0.10245901799528745,0.06967216350480632,-0.17622947968388353
2010-04-09 00:00:00-04:00,NVAX,bubble,2.1358022743600786,63.93443033023253,-0.14566924847083573,0.0,-0.20866139041962797
2010-04-12 00:00:00-04:00,NVAX,bubble,2.234567843092561,64.51613548271088,-0.1641221763051105,-0.03816793781985395,-0.23282443526102212
2010-04-13 00:00:00-04:00,NVAX,bubble,2.1111110587833046,57.142863630439294,-0.13095242240080995,0.007936462283165913,-0.20238096139148043
2010-04-14 00:00:00-04:00,NVAX,bubble,2.3947367843168257,49.532708281230306,-0.13178293484777803,-0.038759691068654956,-0.2209301947343869
2010-04-15 00:00:00-04:00,NVAX,bubble,2.204819249421562,59.223301510231636,-0.07518796884654388,-0.10150378662476811,-0.24436089875126749
2010-04-16 00:00:00-04:00,NVAX,bubble,1.9425288439899497,59.80392450188267,-0.07421873399289347,-0.04687502910383001,-0.2148437467985787
2010-04-19 00:00:00-04:00,NVAX,bubble,1.822222179836697,53.260872044049805,-0.08661412947368063,-0.007873970810807207,-0.20866139041962797
2010-04-20 00:00:00-04:00,NVAX,bubble,2.0235295015222885,63.414637550294685,-0.06614788764484902,-0.011673195933978087,-0.21789884105938148
2010-04-21 00:00:00-04:00,NVAX,bubble,1.8850575783621597,61.904759742235505,-0.06772911303198592,0.023904397304817637,-0.1992031842235066
2010-04-22 00:00:00-04:00,NVAX,bubble,2.3647059272317326,72.64957237090391,-0.16433568881994276,-0.10489510349600328,-0.29720279323867593
2010-04-23 00:00:00-04:00,NVAX,bubble,2.419753019556445,66.11570573620017,-0.14079427503470754,-0.09025270509540251,-0.2743682372614936
2010-04-26 00:00:00-04:00,NVAX,bubble,0.9788732928809756,68.85245645344233,-0.1352313556164595,-0.11032029677529798,-0.28469750503190466
2010-05-03 00:00:00-04:00,NVAX,bubble,0.5355192105452411,60.58393815068246,-0.1352313556164595,-0.10676156438696427,-0.28469750503190466
2010-05-04 00:00:00-04:00,NVAX,bubble,0.6309524323123947,55.79710074819178,-0.16423357892883717,-0.10583940360966426,-0.266423333528941
2010-05-10 00:00:00-04:00,NVAX,bubble,0.5367231407069344,53.9267011001306,-0.14338240501789756,-0.15808827293372796,-0.26102941846765015
2010-05-11 00:00:00-04:00,NVAX,bubble,0.6071429301281397,55.080212158336025,-0.1037036754466869,-0.12962962962962965,-0.2555555414270472
2010-05-12 00:00:00-04:00,NVAX,bubble,0.5388889312744141,47.16981313145671,-0.14801445012793002,-0.16967511312229655,-0.2743682372614936
2010-05-13 00:00:00-04:00,NVAX,bubble,0.6645961864638195,47.16980747301342,-0.10447758644666494,-0.10447758644666494,-0.24999996441513644
2010-05-14 00:00:00-04:00,NVAX,bubble,0.5670732537030767,42.77108731368742,-0.07393001826750112,-0.09338527060823343,-0.21789884105938148
2010-05-17 00:00:00-04:00,NVAX,bubble,0.5116278399255514,46.8354436492063,-0.138461553133451,-0.12307695242074823,-0.22692306225116438
2015-10-01 00:00:00-04:00,NVAX,bubble,0.6432037789945921,25.641018854619375,-0.2141801601023443,-0.6927621835350671,-0.35598226824952384
2015-10-02 00:00:00-04:00,NVAX,bubble,0.7333332579812886,29.411758613737604,-0.23931618451137204,-0.7037037016910956,-0.3789173736536346
2015-10-06 00:00:00-04:00,NVAX,bubble,0.6190476190476191,25.196850393700785,-0.19264703638413372,-0.7044117590960335,-0.3588235518511604
2020-09-08 00:00:00-04:00,NVAX,bubble,14.6819846803793,7.541125240957626,1.0220373336843815,2.127417599674899,-0.0770132444361134
2020-10-26 00:00:00-04:00,NVAX,bubble,18.548098737085525,28.52239530030424,1.7954910957943069,0.5448616358005638,-0.09887845801357557
2020-10-28 00:00:00-04:00,NVAX,bubble,17.073333740234375,22.247144824041058,1.9131930080113801,0.8519610442167165,-0.03184561550441525
2020-10-29 00:00:00-04:00,NVAX,bubble,18.825790891590536,30.206398323708996,1.226634728207491,0.6983910361271823,-0.10144927157693923
2020-10-30 00:00:00-04:00,NVAX,bubble,18.354915493479567,27.476709722899486,1.238508242081041,1.1366621100782401,-0.024408391067397776
2020-11-02 00:00:00-05:00,NVAX,bubble,18.118330074208476,21.000988624789045,1.084223329039947,1.3701456242136238,-0.04441751934870897
2020-11-03 00:00:00-05:00,NVAX,bubble,17.103896420232676,24.829919476120168,1.0626495161573684,1.3338115539537028,-0.058584428044428545
2020-11-04 00:00:00-05:00,NVAX,bubble,18.567263653953933,29.585787520935696,1.0167297670451232,1.0558039482446056,-0.09774262756287826
2020-11-10 00:00:00-05:00,NVAX,bubble,17.1011493310413,39.64999121983511,0.5367031150971808,1.0852172580125843,0.0
2020-11-11 00:00:00-05:00,NVAX,bubble,19.533817603331133,43.280078540710726,0.5491118589830173,0.9924714813131892,0.0
2020-11-19 00:00:00-05:00,NVAX,bubble,22.414634196770404,54.72513141415365,0.6888888378692761,1.226157325706529,0.0
2020-11-20 00:00:00-05:00,NVAX,bubble,21.71653657522532,53.536732738248276,0.7047948913822841,1.40311956278943,0.0
2021-03-04 00:00:00-05:00,NVAX,bubble,12.966432011107104,18.919634601100512,0.5943073233884508,-0.490638863564812,-0.23466163612431792
2021-03-08 00:00:00-05:00,NVAX,bubble,11.6498398163321,26.56172492363781,0.5930196571329598,-0.5583074332448497,-0.23354656525971743
2021-05-11 00:00:00-04:00,NVAX,bubble,4.639999701052296,29.704746486002705,0.2521349938006334,-0.6102185304299008,-0.12433053688236576
2021-05-12 00:00:00-04:00,NVAX,bubble,2.2099447683179716,28.94458041991257,0.3245188816771154,-0.6642153162930788,-0.05335628001179207
2021-05-13 00:00:00-04:00,NVAX,bubble,1.975166103951115,27.820744214653047,0.35694216893724184,-0.6034710781633361,0.0
2021-05-14 00:00:00-04:00,NVAX,bubble,2.438381333281541,26.618071076314592,0.2862024583694265,-0.6059685744729466,0.0
2021-05-17 00:00:00-04:00,NVAX,bubble,2.2124684902778555,14.250074413866628,0.21211469000251038,-0.6575342555233092,-0.039954380402385234
2021-05-18 00:00:00-04:00,NVAX,bubble,1.5377458808836648,17.902663972067018,0.19301275204051338,-0.6406087881967173,-0.0691110707869513
2021-05-19 00:00:00-04:00,NVAX,bubble,1.6371056654127,18.415997993652567,0.1994512890477771,-0.6333896100034277,-0.05332771819053991
2021-05-20 00:00:00-04:00,NVAX,bubble,1.7720127927072178,20.729341757732527,0.2568481881295397,-0.600860710780852,-0.08081154368726101
2021-05-21 00:00:00-04:00,NVAX,bubble,1.8562012258533929,27.583239040761313,0.3359206376490389,-0.6264596865893046,-0.05908675807856404
2021-05-24 00:00:00-04:00,NVAX,bubble,2.164606294457231,33.40338179882593,0.31811950898738717,-0.6477521781053732,-0.07785088235266438
2021-05-25 00:00:00-04:00,NVAX,bubble,2.063109999179567,37.580861072498905,0.40962386439399134,-0.6845814981162557,-0.08803798864448284
2021-05-26 00:00:00-04:00,NVAX,bubble,2.318671428312553,39.185669805993875,0.3300862480587765,-0.69430084205464,-0.10828361165540981
2021-05-27 00:00:00-04:00,NVAX,bubble,2.3619536014051423,36.93470002892901,0.3271642276896767,-0.687761196054234,-0.10739636777052239
2021-05-28 00:00:00-04:00,NVAX,bubble,2.2063421412183666,42.35698825656493,0.47656149864839503,-0.6254572365238489,-0.08847038335305543
2021-06-01 00:00:00-04:00,NVAX,bubble,1.7527450726345228,55.626559233635916,0.3339753428872527,-0.6194635202636518,-0.074552935302102
2021-10-21 00:00:00-04:00,NVAX,bubble,0.5224877984929353,22.756766488068052,-0.6638806557926397,-0.8606527769425273,-0.6638806557926397
2021-10-26 00:00:00-04:00,NVAX,bubble,0.5448616358005638,29.0628907333721,-0.6558263782956479,-0.8310245311672538,-0.6558263782956479
2021-10-27 00:00:00-04:00,NVAX,bubble,0.5799755423350939,31.99523085950868,-0.6872483256565078,-0.8425291385731939,-0.687248325656508
2021-10-28 00:00:00-04:00,NVAX,bubble,0.8519610442167165,40.98051814299812,-0.7007701423721451,-0.8471650431282159,-0.7060815171098624
2021-10-29 00:00:00-04:00,NVAX,bubble,0.6983910361271823,38.94526107606864,-0.638849698725297,-0.8503661883775047,-0.7025465301813472
2021-11-05 00:00:00-04:00,NVAX,bubble,0.7096982214358207,47.417703546357366,-0.6654312613561468,-0.8779445944645459,-0.721904643640807
2024-10-16 00:00:00-04:00,NVAX,bubble,0.5309199763695907,39.69072246034583,-0.4078817285953664,-0.13399011899413005,-0.4650246273482234
2024-10-17 00:00:00-04:00,NVAX,bubble,0.6046512693849095,33.14286007005309,-0.3961352879571117,-0.17004832502546352,-0.4753623547627784
2024-10-18 00:00:00-04:00,NVAX,bubble,0.5734158632599022,35.15151802392231,-0.26620829408092406,-0.16895876379829922,-0.4666012116347514
2024-10-21 00:00:00-04:00,NVAX,bubble,0.6595744880107455,36.340857042436234,-0.30276134790103715,-0.17554246808459406,-0.4644970764804453
2024-10-22 00:00:00-04:00,NVAX,bubble,0.5738724970034528,9.57446682591673,-0.34090907591690556,-0.15810271204435078,-0.4634387460728078
2024-10-23 00:00:00-04:00,NVAX,bubble,0.6233766635888995,9.8181811246005,-0.32899999618530273,-0.13000001907348635,-0.4570000171661377
2024-10-24 00:00:00-04:00,NVAX,bubble,0.5872000122070313,11.320755094210838,-0.3528225779316304,-0.1411289927180429,-0.452620989256359
2024-10-25 00:00:00-04:00,NVAX,bubble,0.5534289953345248,12.385318492179877,-0.31519504794318687,-0.13963035817619085,-0.44250513799393526
2024-10-28 00:00:00-04:00,NVAX,bubble,0.5965731897493975,21.237121713388504,-0.3746341612280869,-0.17756094583650917,-0.4702439191864758
2024-10-29 00:00:00-04:00,NVAX,bubble,0.5858267474110934,22.05567985309746,-0.36345580519662546,-0.16583913871936784,-0.4607745786596661
2024-10-30 00:00:00-04:00,NVAX,bubble,0.5092024818057737,17.130638214101623,-0.3628048898680635,-0.19613823935441677,-0.4481707577097395
2024-11-21 00:00:00-05:00,NVAX,bubble,0.502803757975993,34.6604251285673,-0.13930346901406565,-0.16791043669624917,-0.3246268838181514
2024-11-22 00:00:00-05:00,NVAX,bubble,0.5685185402672637,42.729314291432054,-0.1511216256734973,-0.17945695511729576,-0.3589138539374081
2024-11-25 00:00:00-05:00,NVAX,bubble,0.6732494448100386,48.800001602172244,-0.2124463097714374,-0.24356218652560468,-0.4173819735901787
2024-11-26 00:00:00-05:00,NVAX,bubble,0.6025640913675883,47.937132090771776,-0.19199998038155697,-0.23542856488909036,-0.3794285910470145
2024-11-27 00:00:00-05:00,NVAX,bubble,0.5043629767653814,44.39999794006426,-0.1577725840757408,-0.23433874799819665,-0.3700696171196712
2024-11-29 00:00:00-05:00,NVAX,bubble,0.5683453879083187,48.033131383494606,-0.180045885732103,-0.21559633679707402,-0.3772936167364588
2024-12-02 00:00:00-05:00,NVAX,bubble,0.5945455377752131,47.489543004611754,-0.20296471992424547,-0.21778793894570825,-0.38084383752435297
2024-12-03 00:00:00-05:00,NVAX,bubble,0.5098742528231626,49.45533585734867,-0.11414982824790176,-0.17835909954999274,-0.3543400800406054
2024-12-06 00:00:00-05:00,NVAX,bubble,0.6021504843400864,70.2499901950371,-0.20693506875042733,-0.24608500140117595,-0.39261744035721613
2024-12-09 00:00:00-05:00,NVAX,bubble,0.6401445480484986,67.12706469124406,-0.2116868427848384,-0.26240349698819754,-0.40132304178166134
2024-12-10 00:00:00-05:00,NVAX,bubble,0.5745063173216785,60.266672770182296,-0.20866594127976346,-0.25085520767045544,-0.38084383752435297
2024-12-11 00:00:00-05:00,NVAX,bubble,0.5834828407542862,60.16042133038629,-0.20294779443884592,-0.2539682368053423,-0.38435373965771524
2024-12-12 00:00:00-05:00,NVAX,bubble,0.6986818370928487,62.50000912316196,-0.28048786676811,-0.2749446086531032,-0.39800448417217904
2024-12-13 00:00:00-05:00,NVAX,bubble,0.6996267592821999,58.938543914329095,-0.30845220327563583,-0.28320521889129446,-0.40395169780729223
2024-12-16 00:00:00-05:00,NVAX,bubble,0.6221440157146754,48.421049109234254,-0.3055254425441676,-0.27627300545671185,-0.411700964502649
2024-12-17 00:00:00-05:00,NVAX,bubble,0.6666666372322747,54.98008301151553,-0.2988888952467177,-0.26000001695421004,-0.396666685740153
2024-12-18 00:00:00-05:00,NVAX,bubble,0.6724806917909338,50.18182246941478,-0.2479722265289206,-0.20162227403029942,-0.37079956473553327
2024-12-19 00:00:00-05:00,NVAX,bubble,0.6596558840383093,49.25925939007888,-0.25345624524810917,-0.2165898673206147,-0.3744240049046106
2024-12-20 00:00:00-05:00,NVAX,bubble,0.7718941099052385,48.68912506540891,-0.25287354683872854,-0.20229882650920883,-0.3758620750133925
2024-12-23 00:00:00-05:00,NVAX,bubble,0.7489879034908631,54.85233918187485,-0.2627315240233752,-0.2094907809830726,-0.3715278226192333
2024-12-24 00:00:00-05:00,NVAX,bubble,0.6818182460704048,54.39331261848623,-0.2596944745837396,-0.19858989562477547,-0.36192718186893713
2024-12-26 00:00:00-05:00,NVAX,bubble,0.6772277123015862,53.497949008569734,-0.21959859207500043,-0.20661162003139355,-0.3589138539374081
2024-12-27 00:00:00-05:00,NVAX,bubble,0.6761132868549029,33.33331727819099,-0.1835748252547249,-0.18840579626682563,-0.3442028981334128
1987-10-23 00:00:00-04:00,AMAT,bubble,0.7714284295662168,11.82831019221868,0.7580601103571336,0.5806447612637695,-0.2580636777172157
1987-10-30 00:00:00-05:00,AMAT,bubble,0.512200933169878,24.528432836362185,0.8548352847925478,0.37096340466128264,-0.13710044293022278
1987-11-02 00:00:00-05:00,AMAT,bubble,0.5999998156860153,23.809444758043185,0.7656240061751776,0.390624325021951,-0.16406423244365895
1987-11-18 00:00:00-05:00,AMAT,bubble,0.5640990689458101,53.94715070281416,0.7377074796216372,0.34426524586249374,-0.09835863760195872
1987-11-24 00:00:00-05:00,AMAT,bubble,0.653842552224744,58.227694024031436,0.6589167932303699,0.0697674760375353,-0.13178224827103993
1987-11-25 00:00:00-05:00,AMAT,bubble,0.666662008188794,56.578847078616334,0.6615406253217904,0.0769266728418001,-0.1384603144781117
1987-11-27 00:00:00-05:00,AMAT,bubble,0.5897443272060847,58.108328525001,0.7137061032095029,0.12096382934700656,-0.09677585393257282
1987-11-30 00:00:00-05:00,AMAT,bubble,0.5263138566263441,55.12819595315084,0.9655153722568024,0.20689687107170207,-0.03448435535851046
1987-12-01 00:00:00-05:00,AMAT,bubble,0.5128200298345127,56.962346467744894,1.0169484748014992,0.20338955215061572,-0.05084845911028496
1987-12-08 00:00:00-05:00,AMAT,bubble,0.536589634201595,57.3173386731642,1.0039657977113827,0.3174594988185946,0.0
1994-02-04 00:00:00-05:00,MTCH,bubble,0.5918388576263427,28.84612480335008,0.15384659222805586,-0.038462312936232035,-0.1538464972453104
1994-02-07 00:00:00-05:00,MTCH,bubble,0.7674395725588459,35.71424539508058,0.18421171919194546,0.026316433370275893,-0.13157875496904106
1994-02-08 00:00:00-05:00,MTCH,bubble,0.5454568721426127,16.66674016523065,0.27941115586325194,0.08823553765469927,-0.029412245371116884
1994-02-09 00:00:00-05:00,MTCH,bubble,0.627904556612159,20.454501446457826,0.3000001481732044,0.05714405462426342,-0.05714246705421721
1994-02-18 00:00:00-05:00,MTCH,bubble,0.5384601027608775,43.478241262537935,0.1500005602799659,-0.024999136427986457,-0.17499960409969353
1994-03-01 00:00:00-05:00,MTCH,bubble,0.5510215035717321,58.33324715659198,0.26315789986749216,0.0,-0.13157875496904106
1994-03-02 00:00:00-05:00,MTCH,bubble,0.5102065686727213,54.166736122558476,0.2972960823649857,0.013512379757080417,-0.10810874939754646
1994-03-04 00:00:00-05:00,MTCH,bubble,0.5652174823369964,52.173932650357116,0.2777777034625488,0.027778449473115918,-0.08333339335717206
1994-03-08 00:00:00-05:00,MTCH,bubble,0.7142847819042601,33.33342937055626,0.2777777034625488,0.11111050515616783,-0.08333339335717206
1994-03-09 00:00:00-05:00,MTCH,bubble,0.6666649615005837,31.579026379624366,0.3142862676672733,0.157142975076632,-0.05714246705421721
1994-03-10 00:00:00-05:00,MTCH,bubble,0.6666649615005837,33.33344309020471,0.2857158279251877,0.11428662751648377,-0.05714246705421721
1994-03-11 00:00:00-05:00,MTCH,bubble,0.5348820741185387,31.579124887652384,0.33333367009047654,0.24242428324329013,0.0
1994-03-14 00:00:00-05:00,MTCH,bubble,0.8139522783060795,43.47826857229368,0.1282049552878224,0.025640117216306546,-0.07692339109677336
1994-03-15 00:00:00-05:00,MTCH,bubble,0.82500169241593,44.44446822522226,0.15068511780064053,0.12328720549839844,-0.013699006895325464
1994-03-16 00:00:00-05:00,MTCH,bubble,0.8500022179677988,45.65221662817403,0.20270261611509932,0.05405372393881569,-0.027027662904740155
1994-03-17 00:00:00-05:00,MTCH,bubble,0.9999968805695847,54.76186696272996,0.15789528582166956,0.026316433370275893,-0.052631307022911376
1994-03-18 00:00:00-05:00,MTCH,bubble,0.9999968805695847,47.22216105520446,0.15789528582166956,0.026316433370275893,-0.052631307022911376
1994-03-21 00:00:00-05:00,MTCH,bubble,0.8947344307034617,44.736871863019424,0.22222245088446502,0.11111050515616783,0.0
1994-03-22 00:00:00-05:00,MTCH,bubble,1.0555568989462318,50.0,0.1351350106654552,0.05405372393881569,-0.027027662904740155
1994-03-23 00:00:00-05:00,MTCH,bubble,0.9999968805695847,55.263128136980576,0.10526407628111056,0.05263130702291141,-0.052631307022911376
1994-03-24 00:00:00-05:00,MTCH,bubble,1.1764748693677793,52.50006436280545,0.10810734776071507,0.05405372393881569,-0.027027662904740155
1994-03-25 00:00:00-05:00,MTCH,bubble,1.0571438429482574,52.50004491503464,0.16666730120439044,0.08333370205119972,0.0
1994-04-22 00:00:00-04:00,MTCH,bubble,1.2857141345171383,48.05190131837338,0.07500028013998294,-0.024999136427986457,-0.07499889101610059
1994-04-25 00:00:00-04:00,MTCH,bubble,1.5333339095624816,29.032290443593595,0.15789528582166956,0.0,-0.02631487365263548
1994-05-02 00:00:00-04:00,MTCH,bubble,1.4666695478124079,34.328324705737685,0.1351350106654552,0.027026061034075566,0.0
1994-05-03 00:00:00-04:00,MTCH,bubble,1.6666665843482171,40.277693744152806,0.05000114371199649,-0.04999975458811412,-0.07499889101610059
1994-05-04 00:00:00-04:00,MTCH,bubble,1.4999963535551273,40.277693744152806,0.05000114371199649,-0.024999136427986457,-0.07499889101610059
1994-05-05 00:00:00-04:00,MTCH,bubble,1.4666695478124079,29.999965073344384,0.1351350106654552,0.05405372393881569,0.0
1994-05-12 00:00:00-04:00,MTCH,bubble,1.7586229536591724,48.33329258555983,0.07500028013998294,0.10000080569185177,-0.07499889101610059
1994-05-13 00:00:00-04:00,MTCH,bubble,1.6666665843482171,50.0,0.07500028013998294,0.12500142385197943,-0.07499889101610059
1994-05-17 00:00:00-04:00,MTCH,bubble,1.580643179995484,48.07687649865575,0.07500028013998294,0.20000031486808,-0.07499889101610059
1994-05-18 00:00:00-04:00,MTCH,bubble,1.0526296652178537,44.23071607662535,0.10256341333033436,0.25641010054113567,-0.051281754156539926
1994-05-19 00:00:00-04:00,MTCH,bubble,0.7333348150654289,43.13729506440402,0.07692329611402782,0.25641010054113567,-0.051281754156539926
1994-05-20 00:00:00-04:00,MTCH,bubble,0.6086967970845323,50.0,0.18918863448735435,0.2702699212139936,0.0
1994-05-23 00:00:00-04:00,MTCH,bubble,0.6086967970845323,42.1053719278154,0.18918863448735435,0.2972960823649857,0.0
1994-05-24 00:00:00-04:00,MTCH,bubble,0.7931015454606458,47.61912657767207,0.1282049552878224,0.2307684636009022,-0.02564163694023344
1994-05-25 00:00:00-04:00,MTCH,bubble,0.8139522783060795,55.555523542851454,0.1282049552878224,0.2820516424986237,-0.02564163694023344
1994-06-06 00:00:00-04:00,MTCH,bubble,0.6595744043619631,42.85715041704383,0.15384659222805586,0.4358967150027526,-0.02564163694023344
1994-06-07 00:00:00-04:00,MTCH,bubble,0.6956528496553969,46.15394917448358,0.07692329611402782,0.4871783741765472,-0.02564163694023344
1994-06-08 00:00:00-04:00,MTCH,bubble,0.666664300014524,53.846050825516414,0.07500028013998294,0.4250012478962877,-0.04999975458811412
1994-06-09 00:00:00-04:00,MTCH,bubble,0.6458331822020145,51.851939252682655,0.08860643277212032,0.44303732178209,-0.03797571275441448
1994-06-10 00:00:00-04:00,MTCH,bubble,0.5686267189446701,62.500019293702316,0.05000114371199649,0.47500090987614296,-0.04999975458811412
2020-03-20 00:00:00-04:00,SEDG,bubble,0.7922245194871216,19.014142433156536,1.6750467616886686,3.154144675940895,-0.0018675082930345087
2020-03-23 00:00:00-04:00,SEDG,bubble,0.8717673856734067,18.996211280941978,1.74050078385766,3.006476420087971,0.0
2024-08-09 00:00:00-04:00,SMCI,bubble,0.9116972076798211,17.884103738959894,-0.24109597792220316,-0.0944649698826664,-0.6460020358648729
2024-08-12 00:00:00-04:00,SMCI,bubble,0.9521506849475352,23.73922407554292,-0.26651631079607707,-0.15911859888110302,-0.6670856524988319
2024-08-13 00:00:00-04:00,SMCI,bubble,1.2302007727449236,32.6771083504341,-0.2548860871551063,-0.200430028241654,-0.6826040177784806
2024-08-14 00:00:00-04:00,SMCI,bubble,1.141653732049857,35.53647255899317,-0.16980020184996525,-0.20532324418425407,-0.6879169567455673
2024-08-26 00:00:00-04:00,SMCI,bubble,1.1428952171688986,42.67567347255568,-0.2364579975046559,-0.21832497822100871,-0.6798279069748516
2024-08-27 00:00:00-04:00,SMCI,bubble,1.156402588454457,60.47673231523709,-0.24293332972974324,-0.24147248261952758,-0.6711343172713059
2024-08-28 00:00:00-04:00,SMCI,bubble,0.7380858176792735,40.4829435719725,-0.18667838081842625,-0.08047532802836166,-0.5939028923885309
2024-08-29 00:00:00-04:00,SMCI,bubble,0.7154760457994043,41.51616634996314,-0.12793548825226742,-0.10654608748747507,-0.5987255416174021
2024-08-30 00:00:00-04:00,SMCI,bubble,0.6336966541095277,34.45328024731214,-0.11126339686891529,-0.07013935715597375,-0.5885309563507823
2024-09-03 00:00:00-04:00,SMCI,bubble,0.6060056105505753,29.720140264187947,-0.16134732084402392,-0.08529135399211707,-0.592331032265095
2024-09-04 00:00:00-04:00,SMCI,bubble,0.5008151657742588,25.87929440819501,-0.09698440106181305,-0.0544784565587354,-0.5747042251643364
2024-09-09 00:00:00-04:00,SMCI,bubble,0.5323388945321317,16.80592001281478,0.036182246240307636,0.07229124567592571,-0.5605923721317407
2024-09-11 00:00:00-04:00,SMCI,bubble,0.6060868437857967,23.12907837021723,-0.05321065778774625,0.018859455216020393,-0.595644367788882
2024-09-12 00:00:00-04:00,SMCI,bubble,0.6517110666053589,24.276645634348412,-0.05141027661968467,0.015764561926728815,-0.5926537507248597
2024-09-13 00:00:00-04:00,SMCI,bubble,0.6871862441141514,25.827035570357666,-0.17096854810614837,-0.017849288749538506,-0.6060460148487484
2024-09-16 00:00:00-04:00,SMCI,bubble,0.6586032575320091,29.760504781203977,-0.10710312602168015,0.02293473130252588,-0.5989757227772593
2024-09-17 00:00:00-04:00,SMCI,bubble,0.7627376504994527,30.317796624862936,-0.11010972919712425,0.04260552732603151,-0.5901042300181376
2024-09-18 00:00:00-04:00,SMCI,bubble,0.7882930486941493,48.093674714634844,-0.03520413406729528,0.07283462796529028,-0.5877586444307978
2024-09-19 00:00:00-04:00,SMCI,bubble,0.7647534077861922,46.549065732372604,-0.04574565288559329,0.07479415293829406,-0.5880603905300579
2024-09-20 00:00:00-04:00,SMCI,bubble,0.8812277402747737,55.51858446376522,-0.1112472208570926,0.010343988462891529,-0.6061407973381961
2024-09-23 00:00:00-04:00,SMCI,bubble,1.0123522121916766,56.641011660095636,-0.20504787078923148,-0.0075975464245381374,-0.6134695552063485
2024-09-24 00:00:00-04:00,SMCI,bubble,0.9665322825319234,62.09618866010621,-0.2510946447446438,-0.011669298882653556,-0.6115269255371687
2024-09-25 00:00:00-04:00,SMCI,bubble,0.8409949054338743,63.3991713345898,-0.25220998912001513,0.011895711011215893,-0.6068972875973752
2024-09-26 00:00:00-04:00,SMCI,bubble,0.6147025577728573,54.19209363303545,-0.1491053615738469,0.19135180484752823,-0.5524354006545846
2024-09-27 00:00:00-04:00,SMCI,bubble,0.6298050592508224,52.68133544466461,-0.1649592592431024,0.24815363340516683,-0.5709248428098217
2024-09-30 00:00:00-04:00,SMCI,bubble,0.5457717653206375,50.99707396531962,-0.15730065641376678,0.2608069349071922,-0.5674831774046792
2024-10-03 00:00:00-04:00,SMCI,bubble,0.5390598820717776,37.25682064389175,-0.20577615870169186,0.3253911120581803,-0.5665463162555776
2024-10-07 00:00:00-04:00,SMCI,bubble,0.6599444123273879,58.884011325360234,-0.2310431966107207,0.21449512994860864,-0.6227482279916786
2024-10-08 00:00:00-04:00,SMCI,bubble,0.5655746178487593,53.53045784945319,-0.25733183156786166,0.16560093470600745,-0.6028665747550308
2024-10-09 00:00:00-04:00,SMCI,bubble,0.6306896867423222,57.01485251969937,-0.2990061136794283,0.15775003045143143,-0.61915838696953
2024-10-11 00:00:00-04:00,SMCI,bubble,0.5476267478136909,52.43911753700396,-0.2995815883553731,0.1284518721265573,-0.6232217465200663
2024-10-14 00:00:00-04:00,SMCI,bubble,0.6162477668128483,52.06634652566735,-0.3270732264112609,0.13610468128320652,-0.6199620075788432
2024-10-15 00:00:00-04:00,SMCI,bubble,0.6746142200194827,53.93358356274802,-0.34024285309333535,0.09254610843756583,-0.622906179610107
2024-10-16 00:00:00-04:00,SMCI,bubble,0.6712948319935772,71.12919977943031,-0.3946666619716547,0.12902565980568914,-0.6305640978690905
2024-10-17 00:00:00-04:00,SMCI,bubble,0.5940912442769639,64.35289096197451,-0.3574280347624006,0.15192266272441213,-0.6215591474861033
2024-10-18 00:00:00-04:00,SMCI,bubble,0.6580710062600623,64.36604382726294,-0.30385097980656106,0.11087604453170874,-0.6189166130233252
2024-10-21 00:00:00-04:00,SMCI,bubble,0.8034333427867211,69.06890130353818,-0.250836779396293,0.002510437945608235,-0.6232217465200663
2024-10-22 00:00:00-04:00,SMCI,bubble,0.8493041108511932,60.23723513045709,-0.20665650963092785,0.05046768834496751,-0.6082227593944283
2024-10-23 00:00:00-04:00,SMCI,bubble,0.7795911977758649,59.74424561412409,-0.17835097098172614,0.1369047398790264,-0.6029541449174541
2024-10-24 00:00:00-04:00,SMCI,bubble,0.7603381720086884,62.43780716844028,-0.22128487223734594,0.1325979045817378,-0.6104261214100237
2024-10-25 00:00:00-04:00,SMCI,bubble,0.8610968993025212,48.393707915794046,-0.32599957051367356,0.11466042133399479,-0.6189972486889651
2024-10-28 00:00:00-04:00,SMCI,bubble,0.9928172940595479,59.338070491022684,-0.31412408413693516,0.0555322222001946,-0.6225901138269823
2024-10-29 00:00:00-04:00,SMCI,bubble,1.0347970245992673,57.53085745305645,-0.31372150208678384,0.05781759394022279,-0.6333468929049347
2024-12-02 00:00:00-05:00,SMCI,bubble,0.5358174502695829,69.98083880130959,-0.02928570338657921,-0.1850000108991351,-0.36071427663167316
2024-12-04 00:00:00-05:00,SMCI,bubble,0.5697391032102965,72.6295820419246,0.031332157750910694,-0.15403018966462512,-0.3578091485397082
2024-12-05 00:00:00-05:00,SMCI,bubble,0.5644965063009746,75.2455747415951,0.0430238328639605,-0.1487603068225778,-0.3473504914969525
2024-12-06 00:00:00-05:00,SMCI,bubble,0.7334859894693158,76.38975223017385,-0.016389738577313295,-0.20555426170195068,-0.388800359778138
2024-12-09 00:00:00-05:00,SMCI,bubble,0.723989859145113,74.9668824538689,-0.018115924814873563,-0.22961955218943841,-0.39198368491291546
2000-06-15 00:00:00-04:00,SSYS,bubble,0.5862075769378601,49.20639534038824,-0.45652166341339384,-0.4730435706356595,-0.45652166341339384
2000-09-13 00:00:00-04:00,SSYS,bubble,0.5083335876464843,18.644151958760972,-0.46961334909456387,-0.2662986601436619,-0.6243096242140249
2000-09-26 00:00:00-04:00,SSYS,bubble,0.6071424192313006,33.673449368891994,-0.47777760823567705,-0.4400000254313151,-0.6222223917643229
2000-09-27 00:00:00-04:00,SSYS,bubble,0.6071424192313006,34.37497019762077,-0.4888890584309896,-0.4435557047526042,-0.6222223917643229
2000-09-28 00:00:00-04:00,SSYS,bubble,0.6071424192313006,34.736823845396955,-0.47777760823567705,-0.4346666971842448,-0.6222223917643229
2000-09-29 00:00:00-04:00,SSYS,bubble,0.5925928751627605,32.99998901364506,-0.46511655140072994,-0.4195350080028786,-0.6046514103642999
2000-10-02 00:00:00-04:00,SSYS,bubble,0.5925928751627605,33.673449368891994,-0.46511655140072994,-0.44186056414571995,-0.6046514103642999
2000-10-03 00:00:00-04:00,SSYS,bubble,0.5401781517633297,44.3708247893978,-0.45507228685461953,-0.434202708368716,-0.6057972783627718
2002-09-27 00:00:00-04:00,SSYS,bubble,0.746477823271076,44.17171641599476,1.6411297236271376,7.872985981416901,-0.17338668334828017
2002-09-30 00:00:00-04:00,SSYS,bubble,0.5109725642172027,30.000011920926113,1.9232361604724844,7.84232176113135,-0.14937756442122915
2002-10-01 00:00:00-04:00,SSYS,bubble,0.6262285832277745,37.82045580215623,1.9798397336479305,7.834679413219053,-0.17338668334828017
2002-10-02 00:00:00-04:00,SSYS,bubble,0.5396829577710722,27.999919891032732,2.043298328086405,8.134018985685008,-0.15463914028934375
2004-02-19 00:00:00-05:00,SSYS,bubble,1.9934926460919686,31.893006403221506,0.41141303542205643,0.7239130419008222,-0.09293473477850239
2004-02-23 00:00:00-05:00,SSYS,bubble,1.4438681761982712,24.147166637663076,0.47886509777397945,0.7504342061928859,-0.03358424483685046
2004-02-24 00:00:00-05:00,SSYS,bubble,1.3706580417555014,26.75019547855949,0.4488142227085894,0.7362636708020129,-0.034702160190801044
2004-02-25 00:00:00-05:00,SSYS,bubble,1.4244347440076774,31.81819101338553,0.4423291908484861,0.6774914927554929,-0.06550952051008438
2004-02-26 00:00:00-05:00,SSYS,bubble,1.472935934143445,30.28660453626769,0.42181414654105964,0.6410684973817737,-0.07122976228194053
2004-02-27 00:00:00-05:00,SSYS,bubble,1.4239334411348126,21.334442967934237,0.45866818232632367,0.6567164456919707,-0.04190582887710489
2004-03-01 00:00:00-05:00,SSYS,bubble,1.35993073743245,21.977125532507046,0.38313125671357295,0.543550217315782,-0.07993378745195878
2004-03-02 00:00:00-05:00,SSYS,bubble,1.3518519604787773,22.04918332652211,0.4021371958607747,0.5905511582958773,-0.06130484310985351
2004-03-03 00:00:00-05:00,SSYS,bubble,1.3191394124328641,21.172640359028847,0.46791592762776535,0.6348665484204425,-0.05224304624686658
2004-03-04 00:00:00-05:00,SSYS,bubble,1.4100528374680983,26.268406422614476,0.44456644822882985,0.5697037024862637,-0.08397359149050299
2004-03-08 00:00:00-05:00,SSYS,bubble,1.3952879001133485,25.07885488670152,0.4989071829918692,0.4972678011396148,-0.0879780748702117
2004-03-09 00:00:00-05:00,SSYS,bubble,1.4769648242790487,34.79212185334276,0.49398240919617464,0.49179427972810896,-0.08698031142577957
2004-03-10 00:00:00-05:00,SSYS,bubble,1.5309087986591687,51.183431785708635,0.5070043167123721,0.44989227487813155,-0.10075425569468445
2004-03-11 00:00:00-05:00,SSYS,bubble,1.658373441272846,48.77300595549788,0.5269978395054735,0.4595032407417896,-0.09881208847048975
2004-03-15 00:00:00-05:00,SSYS,bubble,1.6973684724201297,58.50440760255507,0.5382112730192159,0.4433603284319816,-0.09539296239039466
2004-03-22 00:00:00-05:00,SSYS,bubble,1.1115385284085293,54.06249133869438,0.6284153267455106,0.4693989350115222,-0.0879780748702117
2004-03-23 00:00:00-05:00,SSYS,bubble,1.0261718766152623,47.79005553971951,0.7050316935357543,0.6356274834692783,-0.034702160190801044
2004-03-24 00:00:00-05:00,SSYS,bubble,0.9512859048028721,39.41908932622803,0.7381665249011842,0.7112042272055561,0.0
2004-03-25 00:00:00-05:00,SSYS,bubble,1.0569767150445664,40.48912642076192,0.6144713738678149,0.6325606720681254,-0.0067835407354774925
2004-03-26 00:00:00-05:00,SSYS,bubble,1.0210888539573992,44.544094855457644,0.6391576401418191,0.594194690688187,0.0
2004-03-29 00:00:00-05:00,SSYS,bubble,1.0770991062688724,49.03313967411192,0.6025358695112728,0.5700110529490092,0.0
2021-03-03 00:00:00-05:00,SSYS,bubble,0.704834528105637,15.068884880218917,-0.2141791020344721,-0.10559701508470831,-0.30410447203520796
2021-03-04 00:00:00-05:00,SSYS,bubble,0.5077114074280467,13.928563175618791,-0.09492633568445519,-0.061374794076199835,-0.23690674259433278
2021-03-05 00:00:00-05:00,SSYS,bubble,0.5483660286751788,13.871401665765532,-0.020261774536260324,-0.07555934466755176,-0.2127480287846196
2021-03-09 00:00:00-05:00,SSYS,bubble,0.7350852583488836,19.386714294000512,-0.028243983849293386,-0.04297998900093036,-0.23659437635868336
2021-03-10 00:00:00-05:00,SSYS,bubble,0.7395475596526875,25.974016846772244,-0.09495665591422009,-0.054373491189860235,-0.26516941547578243
2021-03-18 00:00:00-04:00,SSYS,bubble,0.7562091832851687,36.743211706105015,-0.13993301494028199,-0.06624490625420809,-0.30591741585288473
2021-03-23 00:00:00-04:00,SSYS,bubble,0.5542823025540411,47.522850113202395,-0.15211486250140815,-0.024447072445644258,-0.27629028765066904
2021-03-24 00:00:00-04:00,SSYS,bubble,0.5493140864295512,48.24218448047752,-0.04384481611654967,0.0320404827522045,-0.21374366954428117
2021-03-25 00:00:00-04:00,SSYS,bubble,0.60514461596885,53.02813207439224,-0.08774033281400873,0.010817326428975482,-0.2528044750557609
2021-03-29 00:00:00-04:00,SSYS,bubble,0.5198463473143902,48.05852394388208,-0.027801173284553227,0.06192078043500571,-0.21440607420646784
2021-03-30 00:00:00-04:00,SSYS,bubble,0.5974522438468719,49.1740109042366,-0.13636363982048105,0.08333333967088197,-0.2563795982749598
2021-03-31 00:00:00-04:00,SSYS,bubble,0.6238244469122387,43.09494492618784,-0.16640924824024994,0.012741309983261617,-0.2799227840456397
2021-04-01 00:00:00-04:00,SSYS,bubble,0.7965860224042915,40.75630160703873,-0.14806016378582276,0.005146443372473275,-0.26167856494291736
2021-04-05 00:00:00-04:00,SSYS,bubble,0.7980225535896275,36.07512286897908,-0.12725844020529242,0.002749473868423724,-0.2674783861282859
2021-04-06 00:00:00-04:00,SSYS,bubble,0.8353879286408177,41.8168131402042,-0.14223628832209012,0.014223651440055773,-0.26313709948409647
2021-04-08 00:00:00-04:00,SSYS,bubble,0.6216216007229882,38.62013480316714,-0.02833334604899085,-0.04083331425984704,-0.22291668256123862
2021-04-09 00:00:00-04:00,SSYS,bubble,0.5269577042378031,33.08080755374574,0.058007528695213306,-0.041614192533327654,-0.21605721308073914
2021-04-26 00:00:00-04:00,SSYS,bubble,0.5257923557640218,46.43526900698115,0.1405295670124238,-0.15112013033678884,-0.24032585751056423
2021-06-23 00:00:00-04:00,SSYS,bubble,0.5709894742962798,65.88845494561332,-0.061815334769914076,-0.24608760327087909,-0.2410015640109871
2021-06-24 00:00:00-04:00,SSYS,bubble,0.6575603895789934,69.60298265874067,-0.09122273109220969,-0.24568799578087763,-0.25642010329363796
2021-06-25 00:00:00-04:00,SSYS,bubble,0.6787072382370949,70.15834716219648,-0.09588520310022997,-0.2827482006732386,-0.26764817719319356
2021-06-29 00:00:00-04:00,SSYS,bubble,0.6431297382279313,65.25423500508896,-0.07239647095458035,-0.283004238774057,-0.2489353590463818
2021-06-30 00:00:00-04:00,SSYS,bubble,0.6305170977392927,64.89058245442871,-0.07579276664969281,-0.2753287189167086,-0.24980668365627956
2021-07-01 00:00:00-04:00,SSYS,bubble,0.5941660532591713,60.448426933944006,-0.014717539413987235,-0.256960988118902,-0.22832139659803044
2021-07-06 00:00:00-04:00,SSYS,bubble,0.5006227386605686,60.45015865179324,0.0406638807769415,-0.3278008088582651,-0.1950207754582959
2021-07-08 00:00:00-04:00,SSYS,bubble,0.5016633463613835,51.574212486265026,0.006202897276978758,-0.2091271323515741,-0.14045193261659164
2021-07-09 00:00:00-04:00,SSYS,bubble,0.5342282681619597,54.69107877753415,0.01837270625897358,-0.24190728517047322,-0.15135611983555752
2021-08-10 00:00:00-04:00,SSYS,bubble,0.5188802373158985,63.647343245556144,0.05786542588446242,-0.17231035023188634,-0.1585941180899796
2021-08-11 00:00:00-04:00,SSYS,bubble,0.5276482315472917,64.90147676217737,0.14827734728650754,-0.1657218095872175,-0.14391631489269105
2021-08-12 00:00:00-04:00,SSYS,bubble,0.574270549816013,72.12336540454342,0.09014319335638499,-0.17607415103100066,-0.1731255539164641
2021-08-23 00:00:00-04:00,SSYS,bubble,0.5256975669051203,55.04425301567824,0.18719919447107558,-0.1405197295383399,-0.023580353942580363
2021-08-24 00:00:00-04:00,SSYS,bubble,0.5552304396654844,56.65528821390297,0.06255879159865874,-0.14722488402719347,-0.04562555516987918
2021-09-02 00:00:00-04:00,SSYS,bubble,0.5391246155105136,56.623675672944074,-0.05644116835914759,-0.2757432085730599,-0.0922016145653398
2021-09-03 00:00:00-04:00,SSYS,bubble,0.6006967737099047,63.38581878938443,-0.020461442203058344,-0.2829778055857831,-0.0827165727177726
2021-09-07 00:00:00-04:00,SSYS,bubble,0.6908831791752306,72.63293983243537,-0.01516430555275472,-0.30328554865237467,-0.1124684120486909
2021-09-08 00:00:00-04:00,SSYS,bubble,0.6608820997881228,66.35071122178553,0.04484112831673781,-0.27731820297362053,-0.0827165727177726
2021-09-09 00:00:00-04:00,SSYS,bubble,0.6734550777197701,74.08256981070005,-0.002098163542619602,-0.2819974542538477,-0.11582040443635046
2021-09-10 00:00:00-04:00,SSYS,bubble,0.6237006105101648,68.44602904962002,-0.010670080953638528,-0.25522831687353087,-0.10072559025234963
2021-09-13 00:00:00-04:00,SSYS,bubble,0.5932913045764436,61.744177097756264,-0.047807025836042016,-0.28815789099435274,-0.07587717544412363
2021-09-14 00:00:00-04:00,SSYS,bubble,0.5665024749559824,55.77367215715848,0.025606455029800745,-0.2690925296283815,-0.053459142938984294
2021-09-15 00:00:00-04:00,SSYS,bubble,0.5882353451877012,61.188811732906274,0.09523808722873683,-0.2993827103390069,-0.0709876802772417
2021-09-16 00:00:00-04:00,SSYS,bubble,0.6037474569787651,66.5105350849373,0.08567717394820984,-0.3219385693449549,-0.0882735119709852
2021-09-17 00:00:00-04:00,SSYS,bubble,0.7026637173482417,66.744180424527,0.07526430086074254,-0.34503171158694557,-0.10909090762456378
2021-09-20 00:00:00-04:00,SSYS,bubble,0.5811966398331423,58.75128580110509,0.11396390506077991,-0.3121621651808536,-0.050900947264905114
2021-09-21 00:00:00-04:00,SSYS,bubble,0.6403904566123999,54.13613077821827,0.15057203435881172,-0.3038901705902908,-0.035697971305620704
2021-09-22 00:00:00-04:00,SSYS,bubble,0.7220956851776998,53.00428969358192,0.07936504465785976,-0.35714286915689475,-0.0709876802772417
2021-09-23 00:00:00-04:00,SSYS,bubble,0.7929134487980136,47.355777386730544,0.10803684826602167,-0.37505492946160834,-0.0746596718824316
2021-09-24 00:00:00-04:00,SSYS,bubble,0.847555907281679,46.08187142330352,0.1044843050861548,-0.36950668606973436,-0.0551569320321851
2021-09-27 00:00:00-04:00,SSYS,bubble,0.9105960322411395,46.144861322853025,0.09228765891713997,-0.3687175154684901,-0.08708839841967736
2021-09-28 00:00:00-04:00,SSYS,bubble,0.7841844509770173,42.888168703208095,0.25438597727137835,-0.31855954141914133,-0.027239157744425497
2021-09-29 00:00:00-04:00,SSYS,bubble,0.7094220076769648,36.698338771844185,0.2149142823925485,-0.33811950621315057,-0.02408524567339301
2021-09-30 00:00:00-04:00,SSYS,bubble,0.7257417800273376,38.19530400873278,0.17983266029572054,-0.33039035590663846,-0.02091081567691642
2021-10-01 00:00:00-04:00,SSYS,bubble,0.7761789693700551,46.446078001696506,0.1489649628972609,-0.3429342559567521,-0.051755159949042374
2021-10-04 00:00:00-04:00,SSYS,bubble,0.756472466626992,46.617458787306205,0.1824044753025138,-0.311837853044009,-0.02947947566272241
2021-10-05 00:00:00-04:00,SSYS,bubble,0.7521367084364166,49.23975976774515,0.0700665178342601,-0.3454545131591835,-0.06563191096716196
2021-10-06 00:00:00-04:00,SSYS,bubble,0.7428998128075608,51.181097294096446,-0.012864461448819475,-0.36706687727111076,-0.09648370623689925
2021-10-07 00:00:00-04:00,SSYS,bubble,0.7813163391676199,57.45098207877798,-0.09415974700236707,-0.4481525506070666,-0.16289234680341783
2021-10-08 00:00:00-04:00,SSYS,bubble,0.8834882639432435,70.896267340686,-0.17495258230028266,-0.4819734565116194,-0.2003795297991189
2021-10-11 00:00:00-04:00,SSYS,bubble,0.8142664675202971,75.0735938919924,-0.19918394340664358,-0.5085311405803716,-0.21847179486889243
2021-10-12 00:00:00-04:00,SSYS,bubble,0.8255578140391822,72.97871805090104,-0.19851854112413192,-0.5103703604804145,-0.21962964093243634
2021-10-13 00:00:00-04:00,SSYS,bubble,0.8492497198175086,73.03608937728522,-0.1825894744188743,-0.5105127200662358,-0.22279604498500294
2021-11-26 00:00:00-05:00,SSYS,bubble,0.6811955727182628,21.230318396968855,-0.25074075769495086,-0.4959259386415835,-0.3900000254313151
2021-11-29 00:00:00-05:00,SSYS,bubble,0.6699629139759848,3.934128940254098,-0.26202812005029974,-0.49481867552640213,-0.39045155313377655
2021-11-30 00:00:00-05:00,SSYS,bubble,0.5783625245041313,4.2786095145371235,-0.28380881483404197,-0.4801778491311953,-0.3897740106326737
2021-12-01 00:00:00-05:00,SSYS,bubble,0.526920672877492,4.550266493868321,-0.1885895511904342,-0.4449286705258486,-0.3474643636011075
2021-12-08 00:00:00-05:00,SSYS,bubble,0.5173196131320894,32.146038685373284,-0.30875749296433175,-0.5235778492002449,-0.3836077942890183
2021-02-02 00:00:00-05:00,GME,bubble,21.784809851528,54.086120515852166,0.6972222222222222,0.251111094156901,-0.548999998304579
2021-02-03 00:00:00-05:00,GME,bubble,21.705159647299855,53.59673652661221,0.5885726353666385,0.08256678877880486,-0.5607618380689352
2021-02-04 00:00:00-05:00,GME,bubble,11.799043587823313,50.77345109879132,1.868037428811332,0.8547664178866092,-0.24130840836284317
2021-02-05 00:00:00-05:00,GME,bubble,14.403382249839874,51.59827677085785,1.3799592783911248,0.6048297883527967,-0.363493808041109
2021-02-08 00:00:00-05:00,GME,bubble,14.748031732574699,51.16702470667597,1.6855000813802081,0.7056666056315104,-0.32349999745686847
2021-02-09 00:00:00-05:00,GME,bubble,11.76903569610176,50.62601411190836,2.161399298553698,1.2977538326105424,-0.19320216568038812
2021-02-10 00:00:00-05:00,GME,bubble,11.736318658175486,50.458612702383654,2.1011718049470813,1.4275390442082427,-0.20722657133301242
2021-02-11 00:00:00-05:00,GME,bubble,11.195703526557837,49.19951640431317,2.1771039325125536,1.3966732852785975,-0.20567512006592037
2021-02-12 00:00:00-05:00,GME,bubble,11.749391684586733,48.57928405710602,2.1015267087768463,1.3711831370584289,-0.2253816990340808
2021-02-16 00:00:00-05:00,GME,bubble,11.315920038915605,43.768274069643155,2.3110482373917547,1.3649767785785825,-0.18016559223080744
2021-02-17 00:00:00-05:00,GME,bubble,10.315270757185708,24.62001943915392,2.560078535933428,1.7461908453075443,-0.11645621754569811
2021-02-18 00:00:00-05:00,GME,bubble,8.804818720879181,32.83645699899395,2.8596708860213607,2.1538463052888543,-0.002457568874319268
2021-02-19 00:00:00-05:00,GME,bubble,8.804348179132752,4.733409500989168,2.766937504845906,2.0404041191963667,0.0
2021-02-22 00:00:00-05:00,GME,bubble,10.386138721372951,9.236657508104244,2.4630435446034307,1.641956495202106,-0.022391277810801632
2021-02-23 00:00:00-05:00,GME,bubble,11.154054227338555,23.694361094674903,2.6666665535632004,1.6253056338420047,0.0
2021-02-24 00:00:00-05:00,GME,bubble,24.761236111950115,49.73060169858549,1.2929887186285756,0.25253520764706416,0.0
2021-02-25 00:00:00-05:00,GME,bubble,31.07374631040227,75.56234383065359,0.8361996480500697,0.14577391690212216,-0.06428773362783417
2021-02-26 00:00:00-05:00,GME,bubble,28.319883868853292,68.12410179366499,1.0171024722793285,0.1655199952906823,0.0
2021-03-01 00:00:00-05:00,GME,bubble,32.444445754274945,75.2423913952888,0.7022424779968961,0.02441856125209263,-0.01843854811103101
2021-03-02 00:00:00-05:00,GME,bubble,29.856397561183314,80.253182000141,0.7701810493148231,0.007107770652576617,0.0
2021-03-03 00:00:00-05:00,GME,bubble,33.20936539675609,81.11356942060033,0.7574489044679757,-0.017796739241758064,-0.030922885793591887
2021-03-04 00:00:00-05:00,GME,bubble,34.10610259233724,82.40925160856338,0.6091423604025508,-0.10532679862895722,-0.09074430836241554
2021-03-05 00:00:00-05:00,GME,bubble,33.78282933492536,82.96507737079689,0.5501669504656568,-0.18934224474347805,-0.12632502149955982
2021-03-24 00:00:00-04:00,GME,bubble,27.927884796138354,47.926376960961754,0.5800233104193668,0.17168027497774063,0.0
2021-04-08 00:00:00-04:00,GME,bubble,51.067276911296766,41.646770498315334,0.004757505247953597,-0.0799952752062415,-0.17191348501128187
2021-04-09 00:00:00-04:00,GME,bubble,45.439881708030654,39.46508398509148,0.08689059392398413,-0.052791112516610395,-0.10968675833695388
2021-04-12 00:00:00-04:00,GME,bubble,35.2699209596464,37.30988430806943,0.22389961838426187,0.036147184321288384,-0.0007087025821951156
2021-04-13 00:00:00-04:00,GME,bubble,28.74472833358483,39.694580390619144,0.26321015082271804,0.04213055501232099,0.0
2021-04-14 00:00:00-04:00,GME,bubble,26.988235986156173,64.26586168668403,0.055785796030863866,-0.13006667760092583,-0.1399747656846297
2021-04-15 00:00:00-04:00,GME,bubble,28.68501005836867,37.42285926466028,0.17655327720627212,-0.03669141781887886,-0.08450524811040325
2021-04-16 00:00:00-04:00,GME,bubble,29.753478327846864,37.770752425703996,0.18837674658830084,-0.025340992352948843,-0.07414830331422195
2021-04-19 00:00:00-04:00,GME,bubble,32.68237525871835,42.76185857453513,0.11504535026984386,-0.1393805991597593,-0.12867308222163965
2021-04-20 00:00:00-04:00,GME,bubble,27.258466133045385,33.61305238667286,0.17340570052886495,-0.038226188136356365,-0.09657476614194707
2021-04-21 00:00:00-04:00,GME,bubble,32.16108526137309,35.09188479457734,0.1784114551721674,-0.060942456236749876,-0.09646075210401583
2021-04-22 00:00:00-04:00,GME,bubble,29.914110899064298,31.809966836380312,0.22061259844856362,-0.06357081912253226,-0.052589780012813066
2021-04-23 00:00:00-04:00,GME,bubble,31.165957193819295,33.16388214861861,0.20194480432050432,-0.08572557271432046,-0.052652413286915715
2021-04-26 00:00:00-04:00,GME,bubble,34.41509294575902,43.59416959169764,0.005150123800966133,-0.19522877616431256,-0.1521931721409709
2021-04-30 00:00:00-04:00,GME,bubble,29.294938178021035,67.51833078416968,0.05334414402314125,-0.279509174875624,-0.17495244978329688
2021-05-03 00:00:00-04:00,GME,bubble,25.80991600572835,60.192212370692566,0.1313809985174892,-0.262823662487621,-0.11701600545402942
2021-05-04 00:00:00-04:00,GME,bubble,28.33029108907083,46.374091421862424,0.24488273288498408,-0.25073101781622453,-0.10894042787457014
2021-05-05 00:00:00-04:00,GME,bubble,28.58812609981078,52.136627292813245,0.297905762718935,-0.20316023805165884,-0.10195632645121872
2021-05-06 00:00:00-04:00,GME,bubble,31.659229231879145,54.455719281304994,0.35600279038445115,-0.26010805963750205,-0.11048999374618021
2021-05-07 00:00:00-04:00,GME,bubble,32.0821364263453,47.342685123479505,0.35211964193794487,-0.28806407725336114,-0.11104214090915333
2021-05-10 00:00:00-04:00,GME,bubble,27.759036279551815,39.56942737242,0.4889680085352053,-0.3102220355151988,0.0
2021-05-11 00:00:00-04:00,GME,bubble,29.865544349660265,42.480864644832764,0.4881568344306084,-0.36359922974894765,-0.014497719230592274
2021-05-12 00:00:00-04:00,GME,bubble,30.892069273726587,45.56081027422072,0.4268942308411767,-0.4382898984577547,0.0
2021-05-13 00:00:00-04:00,GME,bubble,38.07363385022783,57.27392051099929,0.21088147380794076,-0.45550152161201085,-0.10759876564280965
2021-05-14 00:00:00-04:00,GME,bubble,37.72154812048809,44.2530992031135,0.27763887983770275,-0.38475487421088106,-0.0820409909167649
2021-05-19 00:00:00-04:00,GME,bubble,37.024774697130546,46.28057444225774,0.2271515158964621,-0.4581531578227661,-0.1304862793364293
2021-05-20 00:00:00-04:00,GME,bubble,37.485330045058426,48.41837226425915,0.23174375760355126,-0.41820635083865165,-0.1389524410705478
2021-07-14 00:00:00-04:00,GME,bubble,40.0833329048032,11.494938653582338,-0.2226464213850997,-0.18744779312861082,-0.2281947328136982
2021-07-15 00:00:00-04:00,GME,bubble,38.813843686408674,12.670280893980333,-0.23234628979660676,-0.15094117509317906,-0.23234628979660682
2021-07-16 00:00:00-04:00,GME,bubble,39.53716791208449,16.47057365990611,-0.2754377175724768,-0.13251298382725363,-0.27543771757247676
2021-07-19 00:00:00-04:00,GME,bubble,42.81060702573789,17.441855525265098,-0.3276269650560637,-0.1255980624531161,-0.32762696505606365
2021-07-28 00:00:00-04:00,GME,bubble,41.92385600534639,36.28633740059035,-0.38942759509495606,-0.199621543765081,-0.40994557830740036
2021-07-29 00:00:00-04:00,GME,bubble,39.60591205267007,34.53734727782498,-0.43273082435501165,-0.17481503832051515,-0.43273082435501165
2021-07-30 00:00:00-04:00,GME,bubble,38.297560698754864,33.83889742541372,-0.39231624485281025,-0.13654419480337454,-0.4195630618344641
2021-08-02 00:00:00-04:00,GME,bubble,38.31421069779942,36.21939936908044,-0.3090389817794662,-0.09064379219396523,-0.4067871851332059
2021-08-03 00:00:00-04:00,GME,bubble,35.807228069828724,39.92137489275198,-0.26284780049675227,-0.006743036198342933,-0.38775779611740485
2021-08-04 00:00:00-04:00,GME,bubble,32.13769948989186,37.31626173435582,-0.3185286182844569,0.045231602531420556,-0.36294281540243756
2021-08-05 00:00:00-04:00,GME,bubble,32.14038847706043,40.640752107970876,-0.3532976943556404,0.0432742393378418,-0.3905109804806041
2021-08-06 00:00:00-04:00,GME,bubble,33.259595971447034,36.51935817597543,-0.32569023221368865,0.1451538390929219,-0.3838044803953672
2021-08-09 00:00:00-04:00,GME,bubble,37.733175671400495,29.198396844389464,-0.3648607134821289,0.0021721022411753665,-0.4195991199089075
2021-08-10 00:00:00-04:00,GME,bubble,35.73210296863623,30.591819348652763,-0.273184556705084,0.01930205599826773,-0.4120088346516204
2021-08-11 00:00:00-04:00,GME,bubble,35.50114994490065,33.87951218938254,-0.21721878151485818,-0.006172035111936536,-0.41100895980570845
2021-08-12 00:00:00-04:00,GME,bubble,34.91814309482297,35.99751911263196,-0.24564215203900086,0.003757318062326487,-0.42396062132922047
2021-08-13 00:00:00-04:00,GME,bubble,34.0258639976117,32.413797250562055,-0.2354787304109479,-0.02338175579534929,-0.42456316647467995
2021-08-16 00:00:00-04:00,GME,bubble,33.51157740542763,37.16393991612624,-0.28573170518301794,0.029463808008626025,-0.42951259182918944
2021-08-17 00:00:00-04:00,GME,bubble,34.323973868088515,44.18216585644492,-0.2286150944174291,-0.008988084336739033,-0.42818712994171804
2021-08-18 00:00:00-04:00,GME,bubble,31.65072867360655,42.20714444057384,-0.18287170113099638,-0.03393824723007566,-0.4045208861775971
2021-08-19 00:00:00-04:00,GME,bubble,31.39406794343862,41.86460509870795,-0.19287110144909603,-0.045389061214192505,-0.38835840172511144
2021-08-20 00:00:00-04:00,GME,bubble,33.55531419482118,51.543507249281234,-0.2370998339541096,-0.13370999776338532,-0.4129316079631145
2021-08-23 00:00:00-04:00,GME,bubble,31.781310638539914,61.21167300194836,-0.2840075323209359,-0.1866092812563418,-0.43283402881171057
2021-10-04 00:00:00-04:00,GME,bubble,17.24920067571733,25.213362620952523,-0.0036764990696109834,-0.3557422903089682,-0.5441760017965763
2021-10-05 00:00:00-04:00,GME,bubble,17.200844818337647,18.77170539860137,-0.10796838848109369,-0.38692065252107677,-0.5463468234812019
2021-10-06 00:00:00-04:00,GME,bubble,17.737130906892038,15.419276068205392,-0.08435147785562425,-0.3922955828987399,-0.5434033011858452
2021-10-07 00:00:00-04:00,GME,bubble,17.388889041721317,17.597135235269647,-0.12851496481932356,-0.41087610735265856,-0.5461886891341674
2021-10-08 00:00:00-04:00,GME,bubble,11.80059270612338,24.63614615300122,-0.15340509241340894,-0.42089411488592665,-0.5476603896028155
2021-10-22 00:00:00-04:00,GME,bubble,10.388330301105238,48.08635976346601,-0.19935221139658987,-0.4179034478122914,-0.5399882261100881
2021-10-27 00:00:00-04:00,GME,bubble,12.672970862430484,51.38584245438107,-0.2547403512625943,-0.4022246296790888,-0.5498241998545266
2021-12-03 00:00:00-05:00,GME,bubble,9.694168139872541,38.79290606192363,-0.25691741657255507,-0.4069261661015542,-0.5468994669824109
2021-12-06 00:00:00-05:00,GME,bubble,8.888757330736631,33.934852514917225,-0.12338436883467108,-0.4401627555518547,-0.5326112799633613
2021-12-08 00:00:00-05:00,GME,bubble,9.250884794682483,37.09620002543673,-0.2572415763836642,-0.4289662703862789,-0.5501871387515612
2021-12-09 00:00:00-05:00,GME,bubble,10.402635157155196,32.86470903592107,-0.17122495576214747,-0.4188495131264678,-0.4985233476820423
2021-12-10 00:00:00-05:00,GME,bubble,10.261331146996673,25.630278875971044,-0.2563360538012196,-0.42972137954965217,-0.5087730123341803
2021-12-13 00:00:00-05:00,GME,bubble,9.283997037376079,12.246706638442888,-0.07824376338265315,-0.38632380915010067,-0.429354194739954
2021-12-14 00:00:00-05:00,GME,bubble,10.610849004793637,23.24415990197278,-0.12458533990866005,-0.4298869554041259,-0.47112194922374306
2021-12-15 00:00:00-05:00,GME,bubble,9.72851929568847,24.21026318457497,-0.15384611040015017,-0.44599231628197755,-0.47432530765576564
2021-12-16 00:00:00-05:00,GME,bubble,9.439710639383181,25.9152408462583,-0.06535719750734759,-0.4245798529947181,-0.4597828163172697
2021-12-17 00:00:00-05:00,GME,bubble,9.494942696584559,31.182534561698347,-0.09868928726925419,-0.4880493406730554,-0.4981367198877885
2021-12-20 00:00:00-05:00,GME,bubble,9.053742689641004,33.57160620596785,-0.11887484248655145,-0.4842815245621934,-0.5029273201365619
2021-12-21 00:00:00-05:00,GME,bubble,9.181583891562378,39.50927186737116,-0.10182134671073306,-0.47988868958148534,-0.5060080760028997
2021-12-22 00:00:00-05:00,GME,bubble,6.9136694370596485,36.99018032226706,-0.12201294341644686,-0.4854545593261719,-0.49279220382888594
2021-12-23 00:00:00-05:00,GME,bubble,6.396208150062812,39.732277148300405,-0.14756143708627933,-0.4720652029903375,-0.48659129141769836
2021-12-27 00:00:00-05:00,GME,bubble,6.360297784929258,40.321086309140576,-0.16135122850178463,-0.5091362399692828,-0.47333287103930966
2021-12-28 00:00:00-05:00,GME,bubble,5.97760878089162,32.25404674169555,-0.16113618067505608,-0.5105831147118953,-0.46668034255281843
2021-12-29 00:00:00-05:00,GME,bubble,6.942724424230178,39.240500216793464,-0.2054829541286659,-0.5236795739394581,-0.4925615258432927
2021-12-30 00:00:00-05:00,GME,bubble,7.064901349176806,49.71391025594169,-0.20543361415019112,-0.5246250211327301,-0.49713513365365036
2021-12-31 00:00:00-05:00,GME,bubble,6.876326867718489,43.26484035939844,-0.18977017419328368,-0.5363568748922224,-0.47361681426221197
2022-01-03 00:00:00-05:00,GME,bubble,7.860289642776268,63.04774236685977,-0.2316801680263868,-0.5467155166234348,-0.4889426689224064
2022-01-04 00:00:00-05:00,GME,bubble,7.572826509355616,51.12380428708129,-0.09260632735066399,-0.5643006134051497,-0.47545498160358385
2022-01-05 00:00:00-05:00,GME,bubble,6.0462957961040225,36.82116996353123,-0.006415721282998055,-0.4910721278280127,-0.3962278460349557
2022-01-06 00:00:00-05:00,GME,bubble,6.247234476339435,40.39387918789846,-0.007173948333690894,-0.49996186176093627,-0.40387696452689603
2022-01-07 00:00:00-05:00,GME,bubble,6.9491232827528355,39.13483170623643,-0.024889774722885116,-0.49452421917793954,-0.44453133748683765
2022-01-10 00:00:00-05:00,GME,bubble,5.577231212831692,33.14307181727294,0.07723984257908567,-0.41929083334748873,-0.40442238470858677
2022-01-11 00:00:00-05:00,GME,bubble,5.531328223997485,31.925675240287347,0.045280074891024924,-0.36669228925276554,-0.4005372311516779
2022-01-12 00:00:00-05:00,GME,bubble,3.0783439208394423,32.725088518470486,0.10604405817547491,-0.35998750080428576,-0.39005152194687187
2022-01-13 00:00:00-05:00,GME,bubble,2.0689051321776835,31.180200825465846,0.19725665717290441,-0.28804707251581085,-0.3622632391450718
2022-01-14 00:00:00-05:00,GME,bubble,2.285915535940251,30.408413486846598,0.30047145275508136,-0.28709813481090907,-0.330390059248968
2022-01-18 00:00:00-05:00,GME,bubble,1.7670224078570356,28.34236439979125,0.4576255133781648,-0.30070699567329073,-0.28280233234877183
2022-01-19 00:00:00-05:00,GME,bubble,1.724182070668829,20.96616603211548,0.4400863438132927,-0.2639579368862863,-0.26705451033096766
2022-01-20 00:00:00-05:00,GME,bubble,1.3860097857670208,18.677132291490437,0.3939806922143019,-0.1561312853334158,-0.239212993051581
2022-01-21 00:00:00-05:00,GME,bubble,0.6360559470136748,23.994555098939486,0.2779240070417677,-0.1951861791754257,-0.2656073696679779
2022-02-03 00:00:00-05:00,GME,bubble,0.8547664178866092,34.64941461305385,0.6132217717986126,-0.03819410246208077,-0.21283887969460893
2022-02-04 00:00:00-05:00,GME,bubble,0.6048297883527967,40.19996934030558,0.6982607902186297,-0.17060777515396708,-0.2367597869315937
2022-02-07 00:00:00-05:00,GME,bubble,0.7056666056315104,44.967054623749426,0.5778776774076577,-0.17529798176638756,-0.2367597869315937
2022-02-08 00:00:00-05:00,GME,bubble,1.2977538326105424,55.925973546359565,0.40242212160133084,-0.3193771510058492,-0.3243079442787559
2022-02-09 00:00:00-05:00,GME,bubble,1.4275390442082427,63.34897619804242,0.2696114079120915,-0.379837466704651,-0.3715504060263193
2022-02-10 00:00:00-05:00,GME,bubble,1.3966732852785975,60.1820253356461,0.33061161990353094,-0.3569037204931752,-0.36221115512533086
2022-02-11 00:00:00-05:00,GME,bubble,1.3711831370584289,66.13551042825237,0.27742455710827474,-0.360321904571963,-0.3713480836189009
2022-02-14 00:00:00-05:00,GME,bubble,1.3649767785785825,60.6160988645143,0.4412844801859881,-0.25527372384053915,-0.33290628530769745
2022-02-15 00:00:00-05:00,GME,bubble,1.7461908453075443,63.148828110933906,0.28471779586459744,-0.3151553660597419,-0.38086558066729864
2022-02-16 00:00:00-05:00,GME,bubble,2.1538463052888543,71.89033093493424,0.18226446704521337,-0.3145796163840844,-0.3913348437944956
2022-02-17 00:00:00-05:00,GME,bubble,2.0404041191963667,65.92953656857563,0.18272427179808393,-0.3303622320933337,-0.36706913303225425
2022-02-18 00:00:00-05:00,GME,bubble,1.641956495202106,58.8857533166075,0.13552210471599913,-0.32461118525875154,-0.35727802686641746
2022-02-22 00:00:00-05:00,GME,bubble,1.6253056338420047,53.86138524112607,0.13603250796801936,-0.3176351073646988,-0.33838724186331454
2024-10-16 00:00:00-04:00,GME,bubble,0.5010394587201124,43.584505324265066,0.23591877406970974,0.07894741476766898,-0.051708168964672487
2024-10-17 00:00:00-04:00,GME,bubble,0.5162889533241932,39.23540992666106,0.2984586377949374,0.06492290516370325,-0.04063516758922
2024-10-18 00:00:00-04:00,GME,bubble,0.532129872122262,31.84711234938112,0.27803966620139464,0.05984922237789214,-0.03204516587327133
2024-10-21 00:00:00-04:00,GME,bubble,0.5729484044796604,35.128804260673675,0.3082125084840155,0.1415458111032013,-0.007729460942753559
2024-10-22 00:00:00-04:00,GME,bubble,0.5572917379941518,43.03482339209589,0.3119922925983938,0.11323453881167356,-0.0186335109394143
2024-10-23 00:00:00-04:00,GME,bubble,0.5282739253583784,41.990283621226034,0.343232664207481,0.14556960262148055,0.0
2024-10-25 00:00:00-04:00,GME,bubble,0.5003646708672391,45.378144525980325,0.35439966084985586,0.13660668486297678,0.0
2024-10-28 00:00:00-04:00,GME,bubble,0.6837036697952836,68.23107315689305,0.20677522470715526,-0.006599191445276875,-0.07171135915501349
2024-10-29 00:00:00-04:00,GME,bubble,0.7286585749241659,70.2602505932996,0.2116401751531345,-0.017195740052941555,-0.06966489869691424
2024-10-30 00:00:00-04:00,GME,bubble,0.818750026542693,71.27471637147246,0.14261166653352908,-0.05025773375363829,-0.09364262203077729
2024-10-31 00:00:00-04:00,GME,bubble,0.6107479715202524,60.24280366014434,0.17403068337428373,-0.00901716682541176,-0.04869251167025606
2024-11-01 00:00:00-04:00,GME,bubble,0.7225210955540597,58.5443113423673,0.16064258839722623,-0.017849157574914676,-0.05845602297465703
2024-11-04 00:00:00-05:00,GME,bubble,0.6370967273939514,58.35962458291754,0.19928350999299504,-0.04388712698542996,-0.055082827874555054
2024-11-05 00:00:00-05:00,GME,bubble,0.6575342437496687,60.06052157513069,0.1979121874600993,-0.06481077798835033,-0.08220963064222396
2024-11-06 00:00:00-05:00,GME,bubble,0.7073171350607972,63.06029142066913,0.21428566120551196,-0.06969699496815018,-0.08658008515031682
2024-11-07 00:00:00-05:00,GME,bubble,0.7192082238047031,66.81751896633713,0.21066091539392162,-0.08528784370705922,-0.10021323262315981
2020-03-16 00:00:00-04:00,ENPH,bubble,2.033149191647752,24.326687473349537,1.5315116915256608,5.058651837384671,-0.12604739146283284
2020-03-17 00:00:00-04:00,ENPH,bubble,2.0279214535298276,25.725338745016984,1.4644809415944198,4.59494547412823,-0.1806694259382341
2020-03-18 00:00:00-04:00,ENPH,bubble,1.607608724834789,24.574009458115995,2.035848375402469,5.189245399922672,0.0
2020-03-19 00:00:00-04:00,ENPH,bubble,1.8594770291238412,27.620169740519387,1.5474286760602678,4.902857026599702,-0.009523809523809525
2020-03-20 00:00:00-04:00,ENPH,bubble,1.7718549768428966,23.857549858444713,1.6257691016564002,5.196538485013521,0.0
2020-03-23 00:00:00-04:00,ENPH,bubble,1.9934713258968872,24.69462519451598,1.5707015860529343,4.66957469731154,0.0
2020-04-03 00:00:00-04:00,ENPH,bubble,2.0136553733734943,52.10597756105733,2.15196927925558,4.504356752502672,0.0
2021-05-13 00:00:00-04:00,NIO,bubble,8.07558104478069,19.64282044045467,0.2668161469222987,-0.5803971598466325,0.0
2019-07-22 00:00:00-04:00,TLRY,bubble,0.8847700379800061,20.067447463952718,-0.5002369812879517,-0.8246445497630331,-0.6367298505882516
2019-07-25 00:00:00-04:00,TLRY,bubble,0.6494478616937616,26.090982660793983,-0.5278508109884296,-0.8297872363709426,-0.6335165968791964
2019-07-26 00:00:00-04:00,TLRY,bubble,0.588901485822459,32.31578058047022,-0.5590401311596078,-0.824899030608283,-0.635780457888388
2019-07-29 00:00:00-04:00,TLRY,bubble,0.539393916274562,28.82628214698245,-0.5194389616514035,-0.8001968549022052,-0.622785419896425
2019-07-30 00:00:00-04:00,TLRY,bubble,0.6773662802613811,24.124131707643414,-0.535574091714605,-0.8152600541604645,-0.6238959745922448
2019-07-31 00:00:00-04:00,TLRY,bubble,0.7872155127641378,26.530623617325986,-0.5291523978427467,-0.8155316001961139,-0.6244488033625855
2019-08-01 00:00:00-04:00,TLRY,bubble,0.8257918552036199,31.147549185049996,-0.5653036086828145,-0.8171003641839956,-0.6200743418791628
2019-08-02 00:00:00-04:00,TLRY,bubble,0.8857391545646105,45.070413021980336,-0.6008325426923209,-0.8281683531439987,-0.6454671479748968
2019-08-05 00:00:00-04:00,TLRY,bubble,0.7716799300512043,40.093452239705016,-0.5708205187526516,-0.7942776040301966,-0.6375029433334967
2019-08-06 00:00:00-04:00,TLRY,bubble,0.7610765540081521,42.02225688556474,-0.5864095957084521,-0.8093110726502074,-0.6395485364406299
2019-08-07 00:00:00-04:00,TLRY,bubble,0.6880032129457436,42.97911804194111,-0.5759599135987875,-0.8149296428970171,-0.6343906331629793
2019-08-08 00:00:00-04:00,TLRY,bubble,0.7783630002810016,51.21753234689566,-0.6144907739776628,-0.830029620616227,-0.6507176915388293
2019-08-09 00:00:00-04:00,TLRY,bubble,0.7206953221880439,51.51020906409438,-0.6239135505928668,-0.8127789648512352,-0.6398872476959122
2019-08-12 00:00:00-04:00,TLRY,bubble,0.6585937738418579,47.799824688485025,-0.6029203869996844,-0.8367875599256049,-0.6389543079413336
2019-08-13 00:00:00-04:00,TLRY,bubble,0.7823392348952769,60.03963656271341,-0.6451542835285853,-0.8500651930253343,-0.6668839656988267
2021-02-12 00:00:00-05:00,TLRY,bubble,0.797892092456719,56.87849219989336,-0.5413793103448277,-0.7544827691439925,-0.5610344722353179
2021-02-17 00:00:00-05:00,TLRY,bubble,0.8426900941726061,57.017545164220714,-0.5836242640213063,-0.7730879129957521,-0.5960012675787203
2021-02-19 00:00:00-05:00,TLRY,bubble,0.5181913480759888,55.662013007625426,-0.5659020869488722,-0.7702841592877546,-0.5659020869488722
2021-02-24 00:00:00-05:00,TLRY,bubble,0.6885938017269044,50.85632159140348,-0.5064331232004935,-0.7887776945942875,-0.5468191258622198
2021-02-25 00:00:00-05:00,TLRY,bubble,0.5418502794884033,48.86589781710643,-0.4473469636878189,-0.7481632621920838,-0.4824489671356824
2021-02-26 00:00:00-05:00,TLRY,bubble,0.6753783791555277,49.31726870714689,-0.4560755472900304,-0.7512315395904807,-0.4794745489543408
2021-03-01 00:00:00-05:00,TLRY,bubble,0.7713097761462728,47.65114636349309,-0.4749609008464091,-0.7613458585940113,-0.5039123629738687
2021-03-02 00:00:00-05:00,TLRY,bubble,0.6872964169381108,40.26742298942007,-0.49305018126734435,-0.7741312741312741,-0.5104246986418617
2021-03-03 00:00:00-05:00,TLRY,bubble,0.9423963120138825,19.619256209350596,-0.4586793309591003,-0.7694740978881811,-0.4986160296086884
2021-03-04 00:00:00-05:00,TLRY,bubble,0.8105515808367902,36.19738540958446,-0.4008830156810499,-0.7607063983976183,-0.4401765869679567
2021-03-05 00:00:00-05:00,TLRY,bubble,0.9312500272478377,38.594861343588725,-0.3596856308556837,-0.7577438706122428,-0.41377715551203115
2021-03-08 00:00:00-05:00,TLRY,bubble,1.237524987790684,27.775754320023665,-0.39384480041782677,-0.7716324644966018,-0.434433520170697
2021-03-09 00:00:00-05:00,TLRY,bubble,2.1825295412754238,36.52239908025532,-0.45514134914196347,-0.7828758759738652,-0.48054076246935584
2021-03-10 00:00:00-05:00,TLRY,bubble,2.073979532008667,43.25539549835522,-0.46887966804979253,-0.7717842323651453,-0.47385890849893025
2021-03-11 00:00:00-05:00,TLRY,bubble,2.9774329186307336,47.9158054865142,-0.5439716095620013,-0.8078014157342572,-0.5503545991072418
2021-03-12 00:00:00-05:00,TLRY,bubble,3.63361365053834,52.917051150195746,-0.5498730758817277,-0.8117519070441475,-0.5498730758817277
2021-03-15 00:00:00-04:00,TLRY,bubble,6.560794490706195,62.167957845463874,-0.5986216010760776,-0.8398424769215207,-0.5986216010760776
2021-03-16 00:00:00-04:00,TLRY,bubble,7.8426233510502055,47.86469833208833,-0.5647015342522175,-0.8146088330110336,-0.5647015342522176
2021-03-17 00:00:00-04:00,TLRY,bubble,8.47241421403556,57.18432869811588,-0.562067718580616,-0.8059701606533227,-0.572624694907553
2021-03-18 00:00:00-04:00,TLRY,bubble,9.25101170556036,52.11640006956609,-0.5256714063125707,-0.7863349165632891,-0.536334901497344
2021-03-19 00:00:00-04:00,TLRY,bubble,5.584415584415584,49.51185354627442,-0.5199211165749815,-0.7826430040468596,-0.5368836231720753
2021-03-22 00:00:00-04:00,TLRY,bubble,5.5479452054794525,45.57913374874294,-0.5301255102436911,-0.7774058545483705,-0.5301255102436911
2021-03-23 00:00:00-04:00,TLRY,bubble,5.031168751902395,45.438520027983635,-0.516795872425219,-0.7553832903377626,-0.516795872425219
2021-03-24 00:00:00-04:00,TLRY,bubble,4.519900240923749,48.908917053143,-0.47589001238994455,-0.7422262175021822,-0.49436683175131985
2021-03-25 00:00:00-04:00,TLRY,bubble,3.5297618281724166,52.89855029731046,-0.47349980139513315,-0.6946999736463406,-0.5085414128408691
2021-03-26 00:00:00-04:00,TLRY,bubble,1.7949367474906053,49.17715554360719,-0.4714674124307575,-0.6123188528486769,-0.49184784693168077
2021-03-29 00:00:00-04:00,TLRY,bubble,1.3769231104588773,42.7301257692739,-0.43504394256064205,-0.6306056384716746,-0.4812760269753941
2021-03-30 00:00:00-04:00,TLRY,bubble,2.3343418908364044,44.640997711975686,-0.4723230205424569,-0.622504540597588,-0.49092558958536386
2021-03-31 00:00:00-04:00,TLRY,bubble,2.303778967578845,32.70082556697106,-0.5112186670370487,-0.6418829721381766,-0.5112186670370487
2021-04-01 00:00:00-04:00,TLRY,bubble,2.7864405745166843,33.20487991032499,-0.49462844847617693,-0.6521933792699851,-0.5026857586862742
2021-04-05 00:00:00-04:00,TLRY,bubble,2.618032736856429,17.542507919179386,-0.49478929976537966,-0.6610783684364996,-0.4966017217473008
2021-04-06 00:00:00-04:00,TLRY,bubble,2.8158842612618606,21.89007025514391,-0.49195835086698647,-0.6475875016511108,-0.4919583508669865
2021-04-07 00:00:00-04:00,TLRY,bubble,2.315436428900506,15.73333991608618,-0.4382591266629261,-0.6442307647757353,-0.45647774185990736
2021-04-08 00:00:00-04:00,TLRY,bubble,2.1036105899587945,19.538970207676968,-0.45422355492434785,-0.6332827459831449,-0.45675263943480887
2021-04-09 00:00:00-04:00,TLRY,bubble,1.8309455224091047,19.251926485197302,-0.4423077249779419,-0.6720647720131578,-0.45647774185990736
2021-04-12 00:00:00-04:00,TLRY,bubble,1.5353980259448914,17.14005774128688,-0.38976145869412815,-0.6276905045235788,-0.3897614586941281
2021-04-13 00:00:00-04:00,TLRY,bubble,1.7884323509568096,27.016886869397652,-0.4454148462522889,-0.6522925664625637,-0.44541484625228894
2021-04-14 00:00:00-04:00,TLRY,bubble,1.47159085552062,27.298581091713572,-0.4091953847600126,-0.6419540273732153,-0.4160919627924075
2021-04-15 00:00:00-04:00,TLRY,bubble,1.494845214869701,21.600766206063113,-0.39256195257741133,-0.6210153526482827,-0.40023611490679256
2021-04-16 00:00:00-04:00,TLRY,bubble,1.7001569535312986,25.303642943111427,-0.39593022368675057,-0.6499999955643054,-0.40930233445278436
2021-04-19 00:00:00-04:00,TLRY,bubble,1.6830768291766827,28.335051459360415,-0.4128440073991131,-0.6708715393651399,-0.41743118102156546
2021-04-20 00:00:00-04:00,TLRY,bubble,1.3505916787456012,21.554118164846287,-0.3662680880035568,-0.6331025709476101,-0.36626808800355687
2021-04-21 00:00:00-04:00,TLRY,bubble,1.4881656914923331,23.257915790264434,-0.3067776421541746,-0.6783590995499927,-0.40130797398748363
2021-04-22 00:00:00-04:00,TLRY,bubble,1.4205883250517002,23.32123522548811,-0.2958687896220956,-0.6816524934213857,-0.3882138929878729
2021-04-23 00:00:00-04:00,TLRY,bubble,1.5029326185716476,27.992953016888904,-0.3227885146994345,-0.6930286909040364,-0.41007616433188715
2021-04-26 00:00:00-04:00,TLRY,bubble,1.2118959944259093,35.325601667387176,-0.37927169158679097,-0.7030812324929971,-0.4358543588333771
2021-04-27 00:00:00-04:00,TLRY,bubble,1.1095237731933594,39.75903060720334,-0.37923249495241484,-0.7138826092770856,-0.4317155830558206
2021-04-28 00:00:00-04:00,TLRY,bubble,1.3999999620899652,48.05194805194805,-0.4456521730545735,-0.7406832336154603,-0.4787784754716147
2021-04-29 00:00:00-04:00,TLRY,bubble,1.2996301295802355,45.45454318237089,-0.44772117962466484,-0.7260053701119513,-0.46005363566626173
2021-04-30 00:00:00-04:00,TLRY,bubble,1.2782607937451473,55.77889447236181,-0.42748089697721214,-0.728462372440596,-0.4509269340266182
2021-05-03 00:00:00-04:00,TLRY,bubble,1.3508286375851153,43.58974320389445,-0.39482960136995593,-0.6927144525568647,-0.40834313305619474
2021-05-04 00:00:00-04:00,TLRY,bubble,1.1045751633986929,43.58974320389445,-0.33229813664596275,-0.6782608743039718,-0.3745341804457007
2021-05-05 00:00:00-04:00,TLRY,bubble,1.1515561125437879,44.73684454380849,-0.3446541072437598,-0.6666666666666667,-0.36666668586011203
2021-05-06 00:00:00-04:00,TLRY,bubble,0.9095816857461594,36.58750883386062,-0.23250884470585798,-0.6544169503471455,-0.288339244182034
2021-05-07 00:00:00-04:00,TLRY,bubble,1.1261498856242453,45.21276910285155,-0.3318912457650496,-0.7070457315707452,-0.3776267302292355
2021-05-10 00:00:00-04:00,TLRY,bubble,0.9331617994465649,46.666666666666664,-0.28856380091581146,-0.7081116801368097,-0.33045212077900177
2021-05-11 00:00:00-04:00,TLRY,bubble,0.938118814218396,45.33762460168002,-0.21008945001908808,-0.7260536407800573,-0.35696045323473646
2021-05-12 00:00:00-04:00,TLRY,bubble,0.9451139088055474,42.69492811101651,-0.14796971471735898,-0.7205781306167018,-0.3069511711409153
2021-05-13 00:00:00-04:00,TLRY,bubble,0.9026425611760176,37.39777464509426,-0.15789477793610385,-0.6754385925775139,-0.2638889276183518
2021-05-14 00:00:00-04:00,TLRY,bubble,0.942817419536486,34.82972576820369,-0.14860017318122742,-0.6740847054467742,-0.27709982238244135
2021-05-17 00:00:00-04:00,TLRY,bubble,0.9510941062777645,40.87019050300555,-0.1464380693485765,-0.678100281844719,-0.33575202576520913
2021-05-18 00:00:00-04:00,TLRY,bubble,0.9572865080193469,35.43614221759124,-0.1636713703499013,-0.6700898554616621,-0.3536585688333461
2021-05-19 00:00:00-04:00,TLRY,bubble,0.8406862715307175,35.742343488076756,-0.1364846898569788,-0.6810918608581271,-0.32956059258148546
2021-05-20 00:00:00-04:00,TLRY,bubble,0.8559005452979425,36.40000332031168,-0.1740294071807006,-0.6746987921044036,-0.3259705417523995
2021-05-21 00:00:00-04:00,TLRY,bubble,0.5782383735933452,42.197041312590606,-0.28430730258779235,-0.6900853590469138,-0.33880502343771995
2021-05-26 00:00:00-04:00,TLRY,bubble,0.5652581873074385,62.06895946936851,-0.37012596327400715,-0.7348530199633845,-0.39592082308490983
2021-05-27 00:00:00-04:00,TLRY,bubble,0.6525504757136695,55.55554984706967,-0.365171800015481,-0.7285963931136915,-0.4135119467789069
2021-05-28 00:00:00-04:00,TLRY,bubble,0.6923857558197177,59.854895790992664,-0.36592682133605303,-0.727054584085403,-0.39592082308490983
2021-06-01 00:00:00-04:00,TLRY,bubble,0.6912350644535648,58.29145314431609,-0.39634865631447413,-0.7355712560724004,-0.40694938081039267
2021-06-02 00:00:00-04:00,TLRY,bubble,0.8962076425824999,75.25423120975279,-0.4673684371145148,-0.7800000040154709,-0.47000001606188324
2021-06-03 00:00:00-04:00,TLRY,bubble,0.9563491168446279,84.63301917497559,-0.5299188722980936,-0.7748478589605035,-0.5299188722980936
2021-06-04 00:00:00-04:00,TLRY,bubble,0.8632308935276043,75.93183823215165,-0.4925531833729846,-0.7765957446808511,-0.5069149098497756
2021-06-07 00:00:00-04:00,TLRY,bubble,1.0801686772159407,75.11012627319718,-0.5461460376011542,-0.7991886456037083,-0.5461460376011543
2021-06-08 00:00:00-04:00,TLRY,bubble,0.9367815516565907,75.3275058977881,-0.5474777379773079,-0.8006923845435256,-0.5573689349614104
2021-06-09 00:00:00-04:00,TLRY,bubble,1.115498485644312,82.67074521681323,-0.5594960327505016,-0.8180121351161124,-0.5823611818690272
2021-06-10 00:00:00-04:00,TLRY,bubble,1.069143414269739,72.9973012134239,-0.5206982619744585,-0.8189526222590496,-0.5536159600997507
2021-06-11 00:00:00-04:00,TLRY,bubble,1.376344099743262,71.22039596973423,-0.5505278820048316,-0.8300653580982439,-0.5505278820048316
2021-06-14 00:00:00-04:00,TLRY,bubble,1.2755345967683622,67.94092369106824,-0.5501044143930196,-0.8371607527711505,-0.5501044143930196
2021-06-15 00:00:00-04:00,TLRY,bubble,1.1303317511982174,60.27732415582236,-0.5389321461690129,-0.8242491666011083,-0.5389321461690129
2021-06-16 00:00:00-04:00,TLRY,bubble,1.202916115783613,56.51785986764091,-0.5559845634585084,-0.8234969693251214,-0.5559845634585084
2021-06-17 00:00:00-04:00,TLRY,bubble,1.1594560402122838,51.32042246426744,-0.5340583689306244,-0.8219805327719403,-0.5392100663639423
2021-06-18 00:00:00-04:00,TLRY,bubble,0.9754673962364446,51.050792127586995,-0.5340035469690054,-0.8107628690420567,-0.5340035469690054
2021-06-21 00:00:00-04:00,TLRY,bubble,1.0927710475691832,51.685390887507765,-0.5405871937030833,-0.8117443791741508,-0.5463442461934064
2021-06-22 00:00:00-04:00,TLRY,bubble,1.072532773058167,41.83142640793305,-0.5720023111418485,-0.8158347796208064,-0.5720023111418485
2021-06-23 00:00:00-04:00,TLRY,bubble,1.057243098628732,38.368251623664754,-0.554230566273485,-0.7967064281870809,-0.5763770818368428
2021-06-24 00:00:00-04:00,TLRY,bubble,1.2404908724357746,46.931821649724796,-0.5761226783201695,-0.8023001244936647,-0.5914567580472562
2021-06-25 00:00:00-04:00,TLRY,bubble,1.128654970760234,40.42821461234513,-0.5692307608468192,-0.79999999161605,-0.5901098984938401
2021-06-28 00:00:00-04:00,TLRY,bubble,1.343396264801985,39.898353602120636,-0.5915190701688877,-0.8153515783017894,-0.5995705998276568
2021-06-29 00:00:00-04:00,TLRY,bubble,1.3164722391461967,25.975776930067312,-0.592385215207869,-0.8146696677326175,-0.5923852152078689
2021-06-30 00:00:00-04:00,TLRY,bubble,1.5428974252026912,34.29027280136536,-0.6100663782631801,-0.8274336270115671,-0.6100663782631802
2021-07-01 00:00:00-04:00,TLRY,bubble,1.5449357743188044,33.85826771653544,-0.5919282200536418,-0.8234304872326526,-0.6048206142826034
2021-07-02 00:00:00-04:00,TLRY,bubble,1.4755748107641553,34.51043169634865,-0.5919907033858836,-0.8119558853626593,-0.5919907033858837
2021-07-06 00:00:00-04:00,TLRY,bubble,1.1299362668565882,38.6690605032875,-0.5580143368737314,-0.790669852638607,-0.5795454286191188
2021-07-07 00:00:00-04:00,TLRY,bubble,1.1077922474254263,33.89830508474576,-0.5619223836277616,-0.7794208344799363,-0.5668514988915989
2021-07-08 00:00:00-04:00,TLRY,bubble,1.1437993859847424,38.40304270750144,-0.5919999812199519,-0.7895384568434496,-0.5919999812199519
2021-07-09 00:00:00-04:00,TLRY,bubble,1.170469757694526,42.259405143488465,-0.6017315847786169,-0.8051948015182543,-0.6017315847786169
2021-07-12 00:00:00-04:00,TLRY,bubble,1.0274656303389689,37.12983975494181,-0.6046798068898697,-0.8017241257812848,-0.6046798068898697
2021-07-13 00:00:00-04:00,TLRY,bubble,1.1847390042240495,37.41496080809982,-0.5533088058267632,-0.8026960700670143,-0.6066176584022682
2021-07-14 00:00:00-04:00,TLRY,bubble,0.9828271090439069,26.53429344362263,-0.5083277811403815,-0.7541638905701907,-0.5722851809615049
2021-07-15 00:00:00-04:00,TLRY,bubble,0.8367346581296597,14.909085360440343,-0.5034722222222222,-0.7708333333333334,-0.5541666878594292
2021-07-16 00:00:00-04:00,TLRY,bubble,0.8111979241689871,13.827990954855593,-0.5061107553286739,-0.7555715419976485,-0.5384615806525145
2021-07-19 00:00:00-04:00,TLRY,bubble,0.8553887358499717,6.712555096449478,-0.4955882465138155,-0.7382353053373449,-0.5279411989099839
2021-07-20 00:00:00-04:00,TLRY,bubble,0.9859747551585085,16.964285714285722,-0.5557909688231487,-0.7217514136470035,-0.5557909688231487
2021-07-21 00:00:00-04:00,TLRY,bubble,0.972972972972973,20.103088594054583,-0.5910958851853463,-0.7431506849315068,-0.5910958851853462
2021-07-22 00:00:00-04:00,TLRY,bubble,0.9144828007139008,18.5714282254242,-0.5734870355812307,-0.747838622258901,-0.5734870355812307
2021-07-23 00:00:00-04:00,TLRY,bubble,0.8489795087957057,19.56521128956409,-0.5739514045160179,-0.739514325859034,-0.5739514045160179
2021-07-26 00:00:00-04:00,TLRY,bubble,0.9241573858435721,22.93907231489763,-0.573722616599424,-0.7532846771017478,-0.5773722516359204
2021-07-27 00:00:00-04:00,TLRY,bubble,0.7272728402032049,21.122115119746226,-0.5506677188398574,-0.7439120369787695,-0.5506677188398574
2021-07-28 00:00:00-04:00,TLRY,bubble,0.9716750261156439,48.71244979498869,-0.6527170746129023,-0.7720174977607418,-0.6527170746129024
2021-07-29 00:00:00-04:00,TLRY,bubble,1.047808641418674,46.18514821823013,-0.6614785875744176,-0.7632944181428787,-0.6614785875744176
2021-07-30 00:00:00-04:00,TLRY,bubble,0.9402390462466927,42.28950524573143,-0.6249144630546193,-0.7659137622574234,-0.6427104819834545
2021-08-02 00:00:00-04:00,TLRY,bubble,0.9796747975884499,41.84938543741446,-0.5920602602035967,-0.7330595594064008,-0.6427104819834545
2021-08-03 00:00:00-04:00,TLRY,bubble,0.9179003249937105,46.016769308920985,-0.5635087665758635,-0.727719303599575,-0.6336842051723547
2021-08-04 00:00:00-04:00,TLRY,bubble,0.6045977713047772,47.613886489188104,-0.5716332620163505,-0.7113180696627086,-0.6260745094507207
2021-08-05 00:00:00-04:00,TLRY,bubble,0.784217011969683,53.030297775899605,-0.6095369648127256,-0.730476842968076,-0.63925361531548
2021-08-06 00:00:00-04:00,TLRY,bubble,0.8582474198930763,54.56569970466258,-0.5873786320442407,-0.7018030450067623,-0.6380027609731806
2021-08-09 00:00:00-04:00,TLRY,bubble,0.9718499881008034,53.1572902494768,-0.5900748012571333,-0.7389530935922839,-0.6451393705163694
2021-08-10 00:00:00-04:00,TLRY,bubble,0.8557089028815372,51.13772089609843,-0.577417156326971,-0.7254901950669643,-0.6470588038058042
2021-08-11 00:00:00-04:00,TLRY,bubble,1.0634919726222547,52.58620511458844,-0.5160839374248798,-0.7307692307692308,-0.6349650296297941
2021-08-12 00:00:00-04:00,TLRY,bubble,1.0434782608695654,53.175595814948664,-0.5035460992907801,-0.7141844025740387,-0.629787228631635
2021-08-13 00:00:00-04:00,TLRY,bubble,0.8865248226950355,47.70642153673536,-0.4646616770808858,-0.6774435975497827,-0.6075187912560943
2021-08-16 00:00:00-04:00,TLRY,bubble,0.8096551303205819,52.45901292359983,-0.48780488939529254,-0.6798780413343393,-0.6021341312718771
2021-08-17 00:00:00-04:00,TLRY,bubble,0.8583569374485813,18.924711141183877,-0.45503047512869665,-0.6905487849200361,-0.6021341312718771
2021-08-18 00:00:00-04:00,TLRY,bubble,0.8997134714333839,24.28571584273415,-0.4570135996540421,-0.6960784511156062,-0.6063348539954896
2021-08-19 00:00:00-04:00,TLRY,bubble,0.8011363679466168,25.692689502067623,-0.4708202140442228,-0.705047313677013,-0.5883280796008166
2021-08-20 00:00:00-04:00,TLRY,bubble,0.8594203340834465,28.398052948742688,-0.5019485580206817,-0.724084172378405,-0.5931410793351164
2021-08-23 00:00:00-04:00,TLRY,bubble,1.0135541246355788,39.767434680826824,-0.5445025959914236,-0.7322363496319345,-0.6095736577829013
2021-08-24 00:00:00-04:00,TLRY,bubble,1.048961468502204,48.31460674157304,-0.5720492696443366,-0.7277335495123928,-0.6220130452144086
2021-08-25 00:00:00-04:00,TLRY,bubble,1.045317222632888,38.954871338753286,-0.5443131200573749,-0.6957163765130037,-0.6144756047563248
2021-08-26 00:00:00-04:00,TLRY,bubble,1.0416024173306924,36.853940520917725,-0.5426415209500295,-0.7109434019844487,-0.606037730091023
2021-08-27 00:00:00-04:00,TLRY,bubble,1.0838508349151885,35.10391657495536,-0.5454545351180129,-0.7101341102050716,-0.6110283014158951
2021-08-30 00:00:00-04:00,TLRY,bubble,0.9924127467614148,31.718075443605514,-0.5544554559001831,-0.7159177580341939,-0.6024371702233512
2021-08-31 00:00:00-04:00,TLRY,bubble,1.0402384055088096,43.383942195345575,-0.5741416958634524,-0.7224251154552035,-0.6186997582891787
2021-09-01 00:00:00-04:00,TLRY,bubble,1.1038759216781733,44.15010740098377,-0.6005895211360095,-0.7361827557688513,-0.6153279149825682
2021-09-02 00:00:00-04:00,TLRY,bubble,1.1606864788915119,56.857854317780024,-0.6216606388023184,-0.7574007330388368,-0.6231046876322062
2021-09-03 00:00:00-04:00,TLRY,bubble,1.242574213174605,55.745716254486695,-0.6232523689299153,-0.7667402340938625,-0.6232523689299153
2021-09-07 00:00:00-04:00,TLRY,bubble,1.2466215926683066,52.05479786112203,-0.6015037593984962,-0.7578947311057184,-0.6150375882485756
2021-09-08 00:00:00-04:00,TLRY,bubble,1.261484159907261,45.14767226177132,-0.5703125,-0.7421875,-0.5999999940395355
2021-09-09 00:00:00-04:00,TLRY,bubble,1.276106302717091,52.13270519185759,-0.5785381167143059,-0.7356143204796433,-0.6018662649072786
2021-09-10 00:00:00-04:00,TLRY,bubble,1.2042628802103055,45.35397770765412,-0.5817888624978367,-0.7187751655520229,-0.5874294811243183
2021-09-13 00:00:00-04:00,TLRY,bubble,1.303201630247921,36.298086269366,-0.6009812099807699,-0.728536386471805,-0.60098120998077
2021-09-14 00:00:00-04:00,TLRY,bubble,1.2109228794628906,25.415670631958534,-0.5741056273412541,-0.7120954105813202,-0.5843270987836965
2021-09-15 00:00:00-04:00,TLRY,bubble,1.2741020714887226,32.15130590742565,-0.5569409984625787,-0.7182044832426664,-0.5943474813041787
2021-09-16 00:00:00-04:00,TLRY,bubble,1.1294325394479592,34.34343181353604,-0.5495420552750594,-0.7343880097933222,-0.593671941240067
2021-09-17 00:00:00-04:00,TLRY,bubble,1.2412522773145853,34.17721518987341,-0.5472473306835448,-0.7354149419031308,-0.5990139649895414
2021-09-20 00:00:00-04:00,TLRY,bubble,1.1029962517385803,29.347826086956516,-0.5262689286088428,-0.7257346536057958,-0.5654497069375041
2021-09-21 00:00:00-04:00,TLRY,bubble,1.2439999389648437,19.506188095963807,-0.49376113385045484,-0.7344028516256799,-0.5650623835616326
2021-09-22 00:00:00-04:00,TLRY,bubble,1.1657355940304037,27.649789189751715,-0.5081685360104132,-0.7592433425170336,-0.5803955463754997
2021-09-23 00:00:00-04:00,TLRY,bubble,1.557446743579621,29.43820586876828,-0.4201331221476251,-0.7737104704366032,-0.5940099794006343
2021-09-24 00:00:00-04:00,TLRY,bubble,1.456842041015625,28.85463317576003,-0.26649528095458563,-0.7686375260834427,-0.5818337573847245
2021-09-27 00:00:00-04:00,TLRY,bubble,1.5511480804905875,38.750000397364175,-0.3461538173383052,-0.7708674247196634,-0.6006546607547807
2021-09-28 00:00:00-04:00,TLRY,bubble,1.412863095661605,38.03681517615785,-0.2846088154338645,-0.7411865899257619,-0.5803955463754997
2021-09-29 00:00:00-04:00,TLRY,bubble,1.300207044079499,33.64485501514257,-0.267326708876241,-0.7425742504566134,-0.560756076442002
2021-09-30 00:00:00-04:00,TLRY,bubble,1.3278350830078125,38.97638161868708,-0.3117803729131765,-0.7564216153380967,-0.567759091430352
2021-10-01 00:00:00-04:00,TLRY,bubble,1.266260127458958,39.285713204451085,-0.32914795469275504,-0.7426008900184802,-0.5623318454075287
2021-10-04 00:00:00-04:00,TLRY,bubble,1.2282157640225142,39.9193560791808,-0.30633148099119334,-0.7206703950300107,-0.54562384968587
2021-10-05 00:00:00-04:00,TLRY,bubble,1.0555555555555554,40.75546472413901,-0.36666663917335307,-0.73153153840486,-0.5603603672336888
2021-10-06 00:00:00-04:00,TLRY,bubble,1.2020408474669164,38.53383679691612,-0.32808156649922304,-0.6385542219788924,-0.5477293925213126
2021-10-07 00:00:00-04:00,TLRY,bubble,1.119230710543119,39.33209526694391,-0.41197817743867515,-0.7123411829328086,-0.557168778688982
2021-10-08 00:00:00-04:00,TLRY,bubble,0.7056910817216082,42.57027890954801,-0.3898951471014883,-0.7073403211022286,-0.5347950569379014
2021-10-11 00:00:00-04:00,TLRY,bubble,0.6821191375399169,40.0,-0.37303147913762313,-0.7145669248470836,-0.5196850396657183
2021-10-12 00:00:00-04:00,TLRY,bubble,0.6317460801866319,36.52694364571826,-0.39396889700777826,-0.7003891213743122,-0.5252918503077214
2021-10-13 00:00:00-04:00,TLRY,bubble,0.7352445674496704,31.317497696763013,-0.3760933333699109,-0.68318758026527,-0.5257531728530873
2021-10-14 00:00:00-04:00,TLRY,bubble,0.7374582416631161,35.388131552374674,-0.42059672878883325,-0.6977863411223404,-0.5303176273302972
2021-10-15 00:00:00-04:00,TLRY,bubble,0.8384201099331359,25.125631030553038,-0.43945311845163826,-0.6708984349534148,-0.523437514551915
2021-10-18 00:00:00-04:00,TLRY,bubble,0.8111510739539463,28.089882824521382,-0.4210526216100523,-0.6643495505324287,-0.5153922471105656
2021-10-19 00:00:00-04:00,TLRY,bubble,0.7993826077598944,55.93952444652289,-0.5360205902049958,-0.7212692930934022,-0.5814751297111593
2021-10-20 00:00:00-04:00,TLRY,bubble,0.8514377691844848,53.318584294856535,-0.5478861015012265,-0.7169974218702944,-0.5789473805471507
2021-10-21 00:00:00-04:00,TLRY,bubble,0.7922480383584665,54.64852450791701,-0.5467127835852914,-0.709342569916703,-0.5778546723079309
2021-10-22 00:00:00-04:00,TLRY,bubble,0.6222547306153625,53.79464494786722,-0.5216606629943665,-0.7148014484556604,-0.5595668060201705
2021-10-25 00:00:00-04:00,TLRY,bubble,0.6344724370280233,48.80952380952381,-0.5390909021550958,-0.6745454614812678,-0.5563636432994495
2021-10-26 00:00:00-04:00,TLRY,bubble,0.8276450727454976,49.04305862039384,-0.532212892736624,-0.6573295865003455,-0.5443510743947186
2021-10-27 00:00:00-04:00,TLRY,bubble,0.842575978326515,41.74312392164823,-0.5038835099599894,-0.6572815608052374,-0.5262135996401889
2021-10-28 00:00:00-04:00,TLRY,bubble,0.8584070796460177,50.12406755287518,-0.5257142929803758,-0.6542857215518043,-0.5352381025041852
2021-10-29 00:00:00-04:00,TLRY,bubble,0.7252931102798295,51.79487340000379,-0.49223301711591705,-0.6048543615248596,-0.5262135996401889
2021-11-01 00:00:00-04:00,TLRY,bubble,0.8826620468076061,55.55555154746836,-0.5181395419808321,-0.6446511556935866,-0.5460465187250182
2021-11-02 00:00:00-04:00,TLRY,bubble,0.5645645545882618,51.42856615866086,-0.49136274901883203,-0.6564299396779927,-0.5316698592486496
2021-11-03 00:00:00-04:00,TLRY,bubble,0.6404834362610157,54.80572195121494,-0.5497237365290427,-0.6482504484376918,-0.5506445679307318
2021-11-04 00:00:00-04:00,TLRY,bubble,0.8016666412353515,55.949891293094524,-0.5615170934787167,-0.6475485752828928,-0.5615170934787167
2021-11-12 00:00:00-05:00,TLRY,bubble,0.7486485661687077,65.0621049212194,-0.6228747949084226,-0.6792890111478784,-0.6862442010113252
2021-11-15 00:00:00-05:00,TLRY,bubble,0.7032680137484681,68.58974225735872,-0.6055257074287115,-0.6784343780158211,-0.6884113774119104
2021-11-16 00:00:00-05:00,TLRY,bubble,0.7718579556765512,72.66552281926347,-0.6306861784661892,-0.6854279090434974,-0.6869699350083806
2021-11-17 00:00:00-05:00,TLRY,bubble,0.7115118465664179,64.55695866354296,-0.606158850298483,-0.6701782799054178,-0.6709886712148326
2021-11-18 00:00:00-05:00,TLRY,bubble,0.528751687722582,53.9682528469441,-0.5669724700647756,-0.6458715736319165,-0.6275229497787056
2021-11-19 00:00:00-05:00,TLRY,bubble,0.6240712941379725,51.260505907756595,-0.5892040231269069,-0.6578225024552968,-0.6285453125294479
2021-11-23 00:00:00-05:00,TLRY,bubble,0.571856215614903,47.36070569865265,-0.5790476117815291,-0.6400000072660901,-0.6133333478655134
2000-05-19 00:00:00-04:00,QCOM,bubble,2.5563863372038593,33.919918370971544,-0.012614134517211162,-0.20392464137289468,-0.40574616747133374
2000-05-22 00:00:00-04:00,QCOM,bubble,2.81401447325168,29.218113420077273,0.004240511022731264,-0.20949808178466622,-0.40070628761705746
2000-05-23 00:00:00-04:00,QCOM,bubble,2.467574448623682,26.467884735607555,0.06614232826916666,-0.14192119003961867,-0.332283166940613
2000-05-24 00:00:00-04:00,QCOM,bubble,2.106896165329179,27.1251641235052,0.14006542178904402,-0.08794807979956232,-0.30944612130215166
2000-05-25 00:00:00-04:00,QCOM,bubble,1.863815597527454,20.94481506593864,0.1440209977351341,-0.02144978012228327,-0.2318840851336817
2000-05-26 00:00:00-04:00,QCOM,bubble,1.7172239676520475,22.1489893328841,0.27909171686106826,0.0017787722612201406,-0.19772915232674076
2000-05-30 00:00:00-04:00,QCOM,bubble,2.25216321658598,30.820823156036354,0.17103078598333288,-0.19057307009583357,-0.306055723020891
2000-05-31 00:00:00-04:00,QCOM,bubble,1.6852081154619678,29.894436258468247,0.257531959142991,-0.08489640967081202,-0.2015064243010377
2000-06-01 00:00:00-04:00,QCOM,bubble,1.70422609655486,30.459323945325934,0.19746333593850474,-0.10739187713087006,-0.2318840851336817
2000-06-02 00:00:00-04:00,QCOM,bubble,1.6446853420504892,34.16733862409774,0.1040406634239377,-0.14785910166982774,-0.2708511159422856
2000-06-05 00:00:00-04:00,QCOM,bubble,1.4552176273731945,26.561269828016208,0.23420129496471387,-0.05546418774607498,-0.21189525854790625
2000-06-06 00:00:00-04:00,QCOM,bubble,1.626935205580288,23.914846345972393,0.3067156733318557,-0.09284875292921013,-0.230489374910198
2000-06-07 00:00:00-04:00,QCOM,bubble,1.7283123918102543,31.41579721918309,0.3338904642796363,-0.12970745554495766,-0.2903766162321754
2000-06-08 00:00:00-04:00,QCOM,bubble,1.7968400788111993,36.666710738723744,0.28329237166658783,-0.20916868028945268,-0.3155768716154934
2000-06-09 00:00:00-04:00,QCOM,bubble,1.9080449811608289,42.44404237728615,0.3209488978663009,-0.24388950170898138,-0.32964405425433624
2000-06-12 00:00:00-04:00,QCOM,bubble,2.1800485689108506,45.09984531064878,0.26396346328627773,-0.29034443068717275,-0.3511856550186869
2000-06-13 00:00:00-04:00,QCOM,bubble,1.863111308425177,51.66321946471102,0.22273413932718555,-0.33370212957885637,-0.3486942266940575
2000-06-14 00:00:00-04:00,QCOM,bubble,1.3810021674663333,45.42961808003557,0.2739354407483019,-0.26950391903993387,-0.2482267099875509
2000-06-15 00:00:00-04:00,QCOM,bubble,1.0489833372817476,44.57398523792851,0.48626649849963743,-0.1967446990148637,-0.1373344135956688
2000-06-16 00:00:00-04:00,QCOM,bubble,1.0269746266394133,49.78010880993756,0.33935379031785984,-0.23893526898085815,-0.19391582274776092
2000-06-19 00:00:00-04:00,QCOM,bubble,0.9980837482427989,40.87662266572469,0.22051804099047256,-0.2282261554519739,-0.18696016535020013
2000-06-20 00:00:00-04:00,QCOM,bubble,0.927273779866943,46.791137208128816,0.3574975758720256,-0.23018853893819768,-0.1578946338465994
2000-06-21 00:00:00-04:00,QCOM,bubble,0.927169946298505,45.71425387612811,0.293604432734909,-0.18604654715366153,-0.17829422578706394
2000-06-22 00:00:00-04:00,QCOM,bubble,1.1369859738411678,45.778814869020366,0.13003659169732829,-0.20835170256870938,-0.22344286781314757
2000-06-23 00:00:00-04:00,QCOM,bubble,1.0946745539131295,49.10718381440211,0.14218419462458654,-0.18116754377818323,-0.2015064243010377
2000-06-26 00:00:00-04:00,QCOM,bubble,0.9256514290800417,45.79084349777796,0.31274159512413924,-0.1745172282217724,-0.18146687448143
2000-06-27 00:00:00-04:00,QCOM,bubble,0.8594889584057592,37.57054425820674,0.31599641305764603,-0.1276152209504663,-0.167811195483717
2000-06-28 00:00:00-04:00,QCOM,bubble,0.771777494678441,33.333288950039204,0.41396291041973,-0.09380546286212321,-0.1661747399327957
2000-06-29 00:00:00-04:00,QCOM,bubble,0.7602860809871261,29.123259898324363,0.4532521843477557,-0.04910494261687559,-0.13821075038145603
2000-06-30 00:00:00-04:00,QCOM,bubble,0.6637784251242691,23.511393930678196,0.3697912935415806,-0.03550009144878896,-0.11666628007058902
2000-07-03 00:00:00-04:00,QCOM,bubble,0.6941989692205153,24.158901708953593,0.17634863932541212,0.06008340360291298,-0.12033116136450747
2000-07-05 00:00:00-04:00,QCOM,bubble,0.6763779366202682,31.04115985592395,0.43850362334762183,0.05086639038028529,-0.09304764280337627
2000-07-06 00:00:00-04:00,QCOM,bubble,0.7346221626766949,50.48080077327932,0.2796345641112057,-0.056859270286232055,-0.1408307401238751
2000-07-07 00:00:00-04:00,QCOM,bubble,0.5226890892677158,32.94392141470112,0.2902871375272891,0.08997753805121977,-0.06401731529794219
2000-07-12 00:00:00-04:00,QCOM,bubble,0.6314254616921566,44.85297273976526,0.18749977285456598,0.03868821795624022,-0.07479545806047277
2000-07-13 00:00:00-04:00,QCOM,bubble,0.6212456192601106,39.99996452888846,0.13810537778974985,0.0577420696691513,-0.08971756651418246
2000-07-14 00:00:00-04:00,QCOM,bubble,0.593997472290575,44.55851350093675,0.13875099641451905,0.01661027763675227,-0.10505468158825179
2000-07-17 00:00:00-04:00,QCOM,bubble,0.759747705620959,57.11775813896303,0.016114484706177823,-0.07337483265442435,-0.19158465112598863
2000-07-18 00:00:00-04:00,QCOM,bubble,0.5987730339592634,51.834150180435515,0.12092085888479942,-0.039539636749025164,-0.13339746967203472
2000-07-19 00:00:00-04:00,QCOM,bubble,0.6089385343068447,49.317132626862445,0.15972255008765623,0.04285752686989608,-0.10416658724584726
2000-07-20 00:00:00-04:00,QCOM,bubble,0.676079645178336,51.9936607163202,0.11595613754724265,0.022477490528508115,-0.10505468158825179
2000-07-21 00:00:00-04:00,QCOM,bubble,0.624242219641272,53.70676742013169,0.20099422835781233,-0.031243535456824456,-0.1014926660829991
2000-07-24 00:00:00-04:00,QCOM,bubble,0.6674849847693092,54.383150872996055,0.22003953422668454,-0.09233796179119491,-0.11296658948429834
2000-07-25 00:00:00-04:00,QCOM,bubble,0.7716593918863395,61.99094558628169,0.08592344147691544,-0.12848239326893118,-0.17458862988307813
2000-07-26 00:00:00-04:00,QCOM,bubble,0.7198739856277867,59.09087201102904,0.07643318897406592,-0.13142828709458632,-0.17834386852652687
2000-07-27 00:00:00-04:00,QCOM,bubble,0.6770582510721805,62.22224842224404,0.23546264138069928,-0.036339780313254244,-0.139180337600428
2000-07-28 00:00:00-04:00,QCOM,bubble,0.6009608316997088,59.967070913435585,0.3903908216344989,0.02678683531359627,-0.09609602471571825
2000-07-31 00:00:00-04:00,QCOM,bubble,0.7032781553574874,65.47808626242573,0.31953824669239395,-0.02629432245120833,-0.13089503228942645
2000-08-01 00:00:00-04:00,QCOM,bubble,0.7982148000469429,52.975043156857964,0.3356507768461776,0.03864916141316632,-0.103277342744788
2000-08-02 00:00:00-04:00,QCOM,bubble,0.7393596360858057,49.904050856166684,0.3763875948382651,0.10337021655174228,-0.08879920928880834
2000-08-03 00:00:00-04:00,QCOM,bubble,0.7948500307548279,51.75599507237361,0.35116754537562844,0.040622433997147045,-0.12159538416372424
2000-08-04 00:00:00-04:00,QCOM,bubble,0.7326556446814367,39.35924018279336,0.35058650308259676,0.051562928936939256,-0.11816381865769421
2000-08-07 00:00:00-04:00,QCOM,bubble,0.7244594638394533,46.612456138523896,0.30481805298934983,0.06289066515373154,-0.11209448016060208
2000-08-08 00:00:00-04:00,QCOM,bubble,0.6545301535100985,45.86671445188403,0.4186282032042934,0.0659569434157723,-0.07574233820802896
2000-08-09 00:00:00-04:00,QCOM,bubble,0.6410689445955624,46.578930992101974,0.37945023093564334,0.06970498634352884,-0.08138362720966054
2000-08-10 00:00:00-04:00,QCOM,bubble,0.6274839646992554,47.074458676389774,0.28789378814743194,0.03796518028356188,-0.08138362720966054
2000-08-11 00:00:00-04:00,QCOM,bubble,0.5406251986971164,45.62843545450972,0.34482734499732537,0.08073039002453974,-0.08417866347451299
2000-08-14 00:00:00-04:00,QCOM,bubble,0.5486858228804434,34.967335098516344,0.2854290749829169,0.052774675613355804,-0.09880255743123283
2000-09-07 00:00:00-04:00,QCOM,bubble,0.5440181035422917,58.71568451387324,-0.19005850761221255,-0.2330607478879294,-0.19005850761221257
2000-09-11 00:00:00-04:00,QCOM,bubble,0.5158918613684214,48.24122954253104,-0.0913975931390435,-0.21221480664041725,-0.173118148674116
2000-09-19 00:00:00-04:00,QCOM,bubble,0.7003781525435042,73.23239083956905,-0.2500002979757435,-0.37006445890743656,-0.37983885789632144
2000-09-20 00:00:00-04:00,QCOM,bubble,0.5788945691739809,72.2290454123431,-0.24214023352615233,-0.38265218119833344,-0.3595667866185021
2000-09-21 00:00:00-04:00,QCOM,bubble,0.5418620423990774,65.39068907378676,-0.181581252154556,-0.33887032652347393,-0.3318852633803761
2000-09-22 00:00:00-04:00,QCOM,bubble,0.5408971988031248,67.35012819080251,-0.2243148467632453,-0.34876709661652483,-0.3416093640610779
2000-09-26 00:00:00-04:00,QCOM,bubble,0.5158171028552974,63.30935659771837,-0.25298126608047355,-0.3748553932363984,-0.3449744575609782
2000-09-27 00:00:00-04:00,QCOM,bubble,0.5525960342907779,60.510441803252135,-0.24957078718015646,-0.3851110283167649,-0.34047995106927376
2000-09-28 00:00:00-04:00,QCOM,bubble,0.5817645242116634,66.1585432252636,-0.24310783337731678,-0.43859662697507895,-0.3575605864821852
2000-09-29 00:00:00-04:00,QCOM,bubble,0.5255939101782676,65.95744617130843,-0.2771933833719302,-0.4602106378201145,-0.3254386213589246
2000-10-02 00:00:00-04:00,QCOM,bubble,0.5025516120721831,63.03629665447988,-0.358457890575002,-0.42198085327212054,-0.358457890575002
2000-10-04 00:00:00-04:00,QCOM,bubble,0.5356383262817639,69.25415766158054,-0.3888449884487539,-0.42756980876575723,-0.44063760240317423
2000-10-05 00:00:00-04:00,QCOM,bubble,0.6528512271567117,69.8507057502235,-0.4615387044642052,-0.40054312251755253,-0.4705881828423308
2000-10-10 00:00:00-04:00,QCOM,bubble,0.5030949605615986,56.60885685164439,-0.3588709300372941,-0.3744314685385479,-0.44941193435587273
2000-10-16 00:00:00-04:00,QCOM,bubble,0.573937374519722,53.45233943718193,-0.23701275980778513,-0.37233730135403753,-0.43019454618087505
2021-03-08 00:00:00-05:00,RUN,bubble,1.3516320896042608,23.168750812839434,-0.0422712587546501,-0.4128285904464736,-0.17034697379780275
2021-04-15 00:00:00-04:00,RUN,bubble,3.118673700333728,41.50058701842381,0.052118623828586896,-0.44703389916122727,-0.16419491260019542
2021-04-20 00:00:00-04:00,RUN,bubble,2.9052630002021633,32.52795025843784,0.008086240791002064,-0.49201741172432145,-0.18204434714140916
2021-05-03 00:00:00-04:00,RUN,bubble,2.6689814118132724,44.0051828465185,0.21303893229550042,-0.542376433690412,-0.17034697379780275
2021-05-04 00:00:00-04:00,RUN,bubble,2.2327747418455166,40.61004821531688,0.34078333135566785,-0.47142857770687485,-0.09101383926413262
2021-05-05 00:00:00-04:00,RUN,bubble,2.157735860572671,41.75891580005072,0.37954113313101945,-0.41826003671554934,-0.05712235614082834
2021-05-06 00:00:00-04:00,RUN,bubble,2.369142027959916,41.63328071519291,0.247806589867142,-0.4652257646925234,-0.15578854805502274
2021-05-07 00:00:00-04:00,RUN,bubble,2.3048514122286456,45.153740468993604,0.2653374402344584,-0.4870727396915411,-0.13562661501947634
2021-05-10 00:00:00-04:00,RUN,bubble,1.7623559900172192,39.21625404446531,0.377205874446904,-0.4830882218882284,-0.0330881985138575
2021-05-11 00:00:00-04:00,RUN,bubble,1.9491756448616506,35.766864855434065,0.3546809508457496,-0.5235211984439517,-0.081276152198075
2021-05-12 00:00:00-04:00,RUN,bubble,1.8367931503657653,30.773623548021803,0.4128185760639351,-0.5420136480103943,-0.004542021204248781
2021-05-13 00:00:00-04:00,RUN,bubble,1.913589429400596,25.10729568562587,0.36780730141745255,-0.54524714354604,0.0
2021-05-14 00:00:00-04:00,RUN,bubble,1.9659862310327054,26.921920900757144,0.4031869024914707,-0.4913085314759509,-0.03428291240268469
2021-05-17 00:00:00-04:00,RUN,bubble,1.8429282777251497,26.385218520353433,0.4664999961853027,-0.4844999790191651,0.0
2021-05-18 00:00:00-04:00,RUN,bubble,1.6492734280578412,28.819989935279253,0.445026133196178,-0.4525056407302763,0.0
2021-05-19 00:00:00-04:00,RUN,bubble,1.7008380897147424,34.299206903222014,0.3363571343491045,-0.4655049005519609,-0.02363327472413792
2021-05-20 00:00:00-04:00,RUN,bubble,1.8089251448973567,43.19974345581817,0.23383309653301287,-0.4772879541690016,-0.08480638212785681
2021-05-21 00:00:00-04:00,RUN,bubble,1.8606099622708157,47.49365739871716,0.13965625404538806,-0.4981509879874796,-0.11028930955392025
2021-05-24 00:00:00-04:00,RUN,bubble,1.8278688174648678,52.54474737972188,0.22318846102093715,-0.48026755275382027,-0.08807128389360762
2021-05-25 00:00:00-04:00,RUN,bubble,1.6919779111974447,53.81020712767102,0.21041856671164583,-0.4938580422341492,-0.06960868112653323
2021-05-26 00:00:00-04:00,RUN,bubble,1.6854598798562823,46.94467444106883,0.11933705029566655,-0.48928175446736877,-0.09613256296400208
2021-05-27 00:00:00-04:00,RUN,bubble,1.7583687676833155,49.31034539457458,0.089364502743434,-0.47285967452517874,-0.0975286451612686
2021-05-28 00:00:00-04:00,RUN,bubble,1.6778442621359333,60.33756055280128,0.06015202489448157,-0.4087656571481215,-0.08542038440409858
2021-06-01 00:00:00-04:00,RUN,bubble,1.4917939212896485,53.11250787285183,0.08698618980783568,-0.40676807714300567,-0.07108783420838315
2021-06-02 00:00:00-04:00,RUN,bubble,1.3957635597971323,60.983601554495394,0.07119593778226929,-0.41368075776325963,-0.04839455650327342
2021-06-03 00:00:00-04:00,RUN,bubble,1.2204300209695544,55.52238350483909,0.03486688784521963,-0.34673123388278826,-0.009685174783797641
2021-06-04 00:00:00-04:00,RUN,bubble,1.3139186068562743,52.81824869451145,0.0,-0.3670527105312058,-0.033325450287085036
2021-06-07 00:00:00-04:00,RUN,bubble,1.3279827222181004,61.27166836984572,-0.08182021824698393,-0.34796594038954454,-0.0818202182469839
2021-06-08 00:00:00-04:00,RUN,bubble,1.2785133090984804,63.89220993346896,-0.09832405644422137,-0.3626815540164543,-0.1072625527834759
2021-06-09 00:00:00-04:00,RUN,bubble,1.2395241120739509,54.273507657338754,0.012242983785818673,-0.3617463946309084,-0.07715407904715227
2021-06-10 00:00:00-04:00,RUN,bubble,1.4189043440119242,51.14155955616151,-0.007992908593113635,-0.40430729621818173,-0.1130106582842705
2021-06-11 00:00:00-04:00,RUN,bubble,1.6192832325340656,46.42603755410227,-0.06272241441833415,-0.42526688881735386,-0.11143234927830441
2021-06-14 00:00:00-04:00,RUN,bubble,1.5738985354371113,54.57747405872375,-0.08342366547180824,-0.5163597192449032,-0.13434454080056235
2021-06-15 00:00:00-04:00,RUN,bubble,1.2733016687342165,47.57519797074136,-0.024554032975527607,-0.5001158017368228,-0.07458877791480173
2021-06-16 00:00:00-04:00,RUN,bubble,1.3746267978302535,56.339464214704165,-0.25623297002997014,-0.5112088802125105,-0.2562329700299701
2018-12-19 00:00:00-05:00,CGC,bubble,0.7530726294210295,27.71903734115419,0.4291815163826178,-0.2857651354155082,-0.06690387114935498
2018-12-20 00:00:00-05:00,CGC,bubble,0.6235294117647059,28.405579519778087,0.46992758046025807,-0.2739130655924479,-0.04999995577162591
2018-12-21 00:00:00-05:00,CGC,bubble,0.5929526274873633,23.689880037208226,0.5167810590832855,-0.2471396464290827,0.0
2018-12-24 00:00:00-05:00,CGC,bubble,0.5595369692997538,27.20279873994386,0.48190965590492363,-0.2555016726614754,0.0
2018-12-26 00:00:00-05:00,CGC,bubble,0.5082691031381459,34.232845153974964,0.48611110026686144,-0.29751464670829,-0.020102338732840137
2021-04-20 00:00:00-04:00,CGC,bubble,0.6849044907411739,15.478837178163545,-0.4835680874493359,-0.7679968786344841,-0.494131455539197
2021-05-03 00:00:00-04:00,CGC,bubble,0.6756224555770272,39.328977158881,-0.5060617733314914,-0.7633946002265843,-0.5060617733314914
2021-05-04 00:00:00-04:00,CGC,bubble,0.6302415251189342,40.0930261210671,-0.48363212451932736,-0.763834773839895,-0.5077942320827271
2021-05-05 00:00:00-04:00,CGC,bubble,0.6148476531963967,40.698766127273,-0.48644401984973595,-0.7379174972564158,-0.5037327974390655
2021-05-06 00:00:00-04:00,CGC,bubble,0.5852863953397116,34.74801143316313,-0.4439425301992428,-0.7507186826984006,-0.48131415584493714
2021-05-07 00:00:00-04:00,CGC,bubble,0.636010466897222,40.74074216786258,-0.4750593709440527,-0.7636579599349876,-0.5
2021-05-10 00:00:00-04:00,CGC,bubble,0.5762712690518523,43.761301814512485,-0.5124069477342308,-0.7704714669167307,-0.5124069477342308
2021-05-11 00:00:00-04:00,CGC,bubble,0.5971944621093273,33.230451641261524,-0.45713090866437545,-0.7724801332613641,-0.5069008844992022
2021-05-12 00:00:00-04:00,CGC,bubble,0.5504401132807564,31.948566866243368,-0.38995634520418254,-0.7825327544233164,-0.48515283176472096
2021-05-13 00:00:00-04:00,CGC,bubble,0.6312683406472741,23.6291089004377,-0.40687161501660773,-0.757233266257664,-0.46699817743005706
2021-05-14 00:00:00-04:00,CGC,bubble,0.6529581242038953,28.411229666956345,-0.4098647169518015,-0.7415975592065642,-0.48537757143224414
2021-06-02 00:00:00-04:00,CGC,bubble,0.5848823588916483,63.92931595734708,-0.5813135371524965,-0.8158717829859016,-0.5813135371524965
2021-06-03 00:00:00-04:00,CGC,bubble,0.5250452721925831,67.21311475409837,-0.6066481886573274,-0.8136129836053457,-0.6066481886573274
2021-06-07 00:00:00-04:00,CGC,bubble,0.5536038190039663,61.85958322946065,-0.6105263098406281,-0.840545803018016,-0.6124756275794194
2021-06-11 00:00:00-04:00,CGC,bubble,0.6260213845542697,64.15280136381645,-0.6057209308580476,-0.8589099409443013,-0.6157711757418414
2021-06-14 00:00:00-04:00,CGC,bubble,0.5236363266453599,61.56014839462163,-0.6197295115548609,-0.8695306283477231,-0.6197295115548609
2021-06-28 00:00:00-04:00,CGC,bubble,0.559874627283748,44.32432001456047,-0.6201768535334737,-0.8549035448901855,-0.648311901419883
2024-07-02 00:00:00-04:00,CGC,bubble,0.6134020732584076,27.155165946580652,-0.5623003339688115,-0.8083067086567726,-0.567092661491638
2024-07-16 00:00:00-04:00,CGC,bubble,0.916666744276883,69.13044361626787,-0.6997282611336453,-0.8519021720644826,-0.6997282611336454
2024-07-17 00:00:00-04:00,CGC,bubble,0.9919785535476333,68.30357427956041,-0.6979865694490617,-0.8496644250412608,-0.7033556919829015
2024-07-18 00:00:00-04:00,CGC,bubble,0.8512819522152937,61.316871781960906,-0.6980609238079583,-0.8268698010631356,-0.6980609238079583
2024-07-19 00:00:00-04:00,CGC,bubble,0.7057417242227013,64.78262636297784,-0.6872370289929026,-0.8359046369838103,-0.6942496449134852
2024-07-22 00:00:00-04:00,CGC,bubble,1.1410256864834887,78.32371826189203,-0.73293414165318,-0.8670658726233809,-0.7389221596210886
2024-07-23 00:00:00-04:00,CGC,bubble,1.118863062467641,77.87356085593926,-0.7317073050175016,-0.8609756082668678,-0.7341463271384432
2024-07-24 00:00:00-04:00,CGC,bubble,0.8531645780495201,60.04843188103501,-0.6967213146790994,-0.851092895106967,-0.7021857902139338
2024-07-25 00:00:00-04:00,CGC,bubble,0.8406168777181786,59.903377135544986,-0.7081005644260292,-0.8575418990692885,-0.7081005644260292
2024-07-26 00:00:00-04:00,CGC,bubble,0.8159204540723377,62.380949677794376,-0.7109589260321074,-0.8561643938518055,-0.7136986493751147
2024-07-29 00:00:00-04:00,CGC,bubble,0.7951220255391662,63.96181297333764,-0.7241847914993931,-0.8600543542520366,-0.7241847914993931
2024-07-30 00:00:00-04:00,CGC,bubble,0.5999999799226459,64.80186306594257,-0.723684219607356,-0.8618421098036779,-0.7328947372548799
2024-07-31 00:00:00-04:00,CGC,bubble,0.5415821844346225,63.52656754443857,-0.7381578901963219,-0.8552631529414422,-0.738157890196322
2024-08-13 00:00:00-04:00,CGC,bubble,0.6873448726341986,43.61179561241984,-0.7220588334291449,-0.8088235417864311,-0.7367647188757527
2024-08-14 00:00:00-04:00,CGC,bubble,0.7185929949267162,45.9493717339679,-0.7236842187818066,-0.799707606110208,-0.7383041049822511
2024-08-15 00:00:00-04:00,CGC,bubble,0.8129870628502354,45.949365209070145,-0.7550143218518278,-0.820916905933487,-0.7550143218518278
2024-08-16 00:00:00-04:00,CGC,bubble,0.8333333643774199,45.949365209070145,-0.7627840957196415,-0.8281249936500733,-0.7627840957196415
2024-08-19 00:00:00-04:00,CGC,bubble,0.6165048622345655,38.50855852615603,-0.758258250571775,-0.8138138081161409,-0.758258250571775
2024-08-21 00:00:00-04:00,CGC,bubble,0.5421686622397028,44.832405099439164,-0.7468750030267983,-0.7749999944120647,-0.7484375015133992
2024-08-22 00:00:00-04:00,CGC,bubble,0.5273631581138647,44.09340450605714,-0.7557003204205983,-0.7605863093525398,-0.7557003204205983
2024-08-26 00:00:00-04:00,CGC,bubble,0.5820512629276358,45.84775668842187,-0.7714748866796894,-0.6952998424659884,-0.7714748866796894
2000-03-16 00:00:00-05:00,REGN,bubble,2.6949154129166857,27.843867404227538,0.13532097193640036,-0.1582569147952685,-0.36009173391786586
2000-03-20 00:00:00-05:00,REGN,bubble,2.7758617907406715,10.13686277297505,0.1712329563710282,-0.11415516412482063,-0.36301362089092426
2000-03-21 00:00:00-05:00,REGN,bubble,2.688679475379643,10.171667172406828,0.3401533964828025,-0.063938641406879,-0.2864450067660146
2000-04-04 00:00:00-04:00,REGN,bubble,3.0,41.887067474213524,0.3370786206925087,-0.03651698274676085,-0.2162921551705412
2000-04-05 00:00:00-04:00,REGN,bubble,2.7500000416940664,43.279173129257344,0.3710144808939777,0.06086960079632786,-0.19130429445768227
2000-04-06 00:00:00-04:00,REGN,bubble,3.1372549801231306,45.14285899659175,0.07819899130493724,-0.15402840655281658,-0.3388625380467628
2000-04-07 00:00:00-04:00,REGN,bubble,3.364532039810343,50.373695787070695,0.06997733469288225,-0.16893903919047726,-0.37020315651807684
2000-04-10 00:00:00-04:00,REGN,bubble,2.759999515148056,48.91146193651998,0.2367023371208452,0.07021286788802983,-0.2579785977274929
2000-04-11 00:00:00-04:00,REGN,bubble,2.514851515230695,37.52094619434121,0.30140848235896156,0.07763379458667008,-0.21408447782249698
2000-04-12 00:00:00-04:00,REGN,bubble,1.8651163773207453,24.460444638720702,0.4090909543784431,0.3345455628732361,-0.09415577234275439
2000-04-13 00:00:00-04:00,REGN,bubble,1.9428573182104727,25.276773032921056,0.34951446283248777,0.2711973008300539,-0.09708737285572046
2000-04-14 00:00:00-04:00,REGN,bubble,1.9368423781294615,20.62044394429647,0.48745513563359166,0.40788517361926857,0.0
2000-04-17 00:00:00-04:00,REGN,bubble,1.9479166958018417,23.828927252908386,0.5759716475369157,0.5853003357009181,0.0
2000-04-18 00:00:00-04:00,REGN,bubble,3.0612239865497735,42.883547955859974,0.040201142182517025,0.19798999686269525,-0.21105518688089983
2000-04-19 00:00:00-04:00,REGN,bubble,3.1666665734341066,44.40227997893498,0.05500000882246425,0.12799999263516026,-0.2149999996164146
2000-04-20 00:00:00-04:00,REGN,bubble,2.850000003835854,41.666669088291414,0.15064938915669246,0.08051937741917836,-0.18441558482964185
2000-04-24 00:00:00-04:00,REGN,bubble,2.4672898100865175,41.904764799483196,0.11051195971638084,0.111805852119091,-0.15363886663197648
2000-04-25 00:00:00-04:00,REGN,bubble,2.7090910511126176,55.62770207658835,0.03431374503078266,0.050980305145948535,-0.23039214838286787
2000-04-26 00:00:00-04:00,REGN,bubble,2.9433961103426136,57.91756891057751,-0.016746348431965208,0.06679437185849957,-0.2488037824385711
2000-04-27 00:00:00-04:00,REGN,bubble,3.0,49.222792366610655,-0.014422959889798803,0.11692325827500749,-0.24519223605375567
2000-05-02 00:00:00-04:00,REGN,bubble,3.323529467068253,61.375661461568356,-0.22448976183608849,0.11020406743170352,-0.28798186067273746
2000-05-03 00:00:00-04:00,REGN,bubble,3.297029696953861,68.63905529585739,-0.013824842107763913,0.09861743801153855,-0.2764976906391162
2000-05-08 00:00:00-04:00,REGN,bubble,3.404938625572272,70.84399001068937,-0.06502243957428966,-0.011659207449937314,-0.29596411044204796
2000-05-09 00:00:00-04:00,REGN,bubble,3.2549019770066874,56.25000732541563,-0.052995381278232445,-0.0012904025023485755,-0.2764976906391162
2000-05-10 00:00:00-04:00,REGN,bubble,3.159999607208552,52.631572571987626,-0.021634513601128114,0.04769228363310285,-0.24519223605375567
2000-05-11 00:00:00-04:00,REGN,bubble,2.761467883451134,54.23729060393985,0.0,0.031804804809300036,-0.23414635971851944
2000-05-12 00:00:00-04:00,REGN,bubble,3.0380952186115344,58.983046510219964,-0.04009430121630586,-0.001886733597254553,-0.2594339393910444
2000-05-15 00:00:00-04:00,REGN,bubble,3.114285655834604,54.51127637395117,-0.05092586508633268,-0.01074067573116888,-0.27314811887937085
2000-05-16 00:00:00-04:00,REGN,bubble,2.801801773159763,50.751885163860784,-0.10426541869673023,0.05819895785483631,-0.2559241764748786
2000-05-17 00:00:00-04:00,REGN,bubble,2.6053810943378597,47.535215034215284,-0.017412945767281918,0.19402994531102524,-0.21890544035567414
2000-05-18 00:00:00-04:00,REGN,bubble,2.6792453007711297,36.86274113387994,0.06666659322809276,0.23158974946482958,-0.19487177388934518
2000-05-19 00:00:00-04:00,REGN,bubble,2.2869567212905655,29.387748660488043,0.04497350094621799,0.33417992728844403,-0.16931216115100625
2000-05-22 00:00:00-04:00,REGN,bubble,2.1052629666333194,31.16882185253658,0.12711873516152883,0.4174011857947353,-0.1129942964098485
2000-05-23 00:00:00-04:00,REGN,bubble,1.9561403071940298,29.87551201504445,-0.0148368557779891,0.4813056637056454,-0.06824924519043092
2000-05-24 00:00:00-04:00,REGN,bubble,2.1052629666333194,24.88888294852262,-0.05649714820492424,0.40971751469240525,-0.1129942964098485
2000-05-25 00:00:00-04:00,REGN,bubble,1.9090908837298897,16.115689903623036,0.01562496853400841,0.558000081511902,-0.018749943061539088
2000-05-26 00:00:00-04:00,REGN,bubble,1.7543859625510287,18.571416254939308,0.1751591659514551,0.5811465382224037,0.0
2000-05-30 00:00:00-04:00,REGN,bubble,1.9473684493876564,27.72726537257455,0.2440475309795438,0.4776190708429253,-0.03273819146062194
2000-05-31 00:00:00-04:00,REGN,bubble,1.910713923656643,28.773577121973545,0.3343559454519851,0.5661351192192967,-0.0030674598303676924
2000-06-01 00:00:00-04:00,REGN,bubble,2.6181815861284914,47.8417164141129,-0.0075376274187953785,0.35236189555511976,-0.18341706547344735
2000-06-02 00:00:00-04:00,REGN,bubble,2.551339343203168,45.033115659021526,-0.019484652572609562,0.4018855408589659,-0.18290392857787618
2000-06-05 00:00:00-04:00,REGN,bubble,2.4774776281595083,41.41791527569207,0.15284966967137903,0.5253884229243022,-0.1580312124811765
2000-06-06 00:00:00-04:00,REGN,bubble,2.636363813890772,45.95588044496822,0.10250000249330515,0.4643998610807121,-0.18750007192226228
2000-06-07 00:00:00-04:00,REGN,bubble,2.9351854305167344,54.151630667787785,0.09176467258342469,0.3756234932314597,-0.23529420259330439
2000-06-08 00:00:00-04:00,REGN,bubble,2.448597801833481,46.72896955034032,0.2791328449663737,0.5557725718086461,-0.11924121855503933
2000-06-09 00:00:00-04:00,REGN,bubble,3.09433971959617,57.48663174001654,0.08755759260812201,0.3658986143834697,-0.2511521349903846
2000-06-12 00:00:00-04:00,REGN,bubble,2.7087381432066686,53.48258941930126,0.3769633146149012,0.47057598702348646,-0.14921472235325267
2000-06-13 00:00:00-04:00,REGN,bubble,2.892156543459286,57.49999712310906,0.4534003795582704,0.3763226257665524,-0.18136019820139593
2000-06-14 00:00:00-04:00,REGN,bubble,2.522935766902268,53.78788342565861,0.45833331668466193,0.4083331208962857,-0.15364592719021863
2000-06-15 00:00:00-04:00,REGN,bubble,2.5904763268621136,57.72358210380152,0.511936119296075,0.4849867322187311,-0.13793112149380565
2000-06-16 00:00:00-04:00,REGN,bubble,2.7036199076173606,62.049337292407714,0.37080033733395656,0.30775799865315356,-0.20586444300793494
2000-06-19 00:00:00-04:00,REGN,bubble,2.688073147833316,58.67279790487532,0.38557219608031423,0.3508456932441868,-0.19154232710469501
2000-06-20 00:00:00-04:00,REGN,bubble,2.651785562612918,60.99338383587946,0.5647921338468114,0.33907089573739624,-0.20537901914978415
2000-06-21 00:00:00-04:00,REGN,bubble,2.982142729933415,57.007306424722366,0.4304932578070295,0.2835874090687571,-0.27130049764272146
2000-06-22 00:00:00-04:00,REGN,bubble,2.575221440809307,50.81327102421596,0.438118787815444,0.3524753335597879,-0.1955446213882966
2000-06-23 00:00:00-04:00,REGN,bubble,2.543103491605961,53.29380513269852,0.5206812446788025,0.31347942604723666,-0.20924581548463506
2000-06-26 00:00:00-04:00,REGN,bubble,2.6386550916285554,54.25806162945904,0.43879918521849937,0.25930714657378306,-0.24942265521761925
2000-06-27 00:00:00-04:00,REGN,bubble,2.0937497696240044,46.370457925929436,0.5454545243203621,0.37535383818289936,-0.17929294279532415
2000-07-14 00:00:00-04:00,REGN,bubble,2.3893130647197003,55.789474137570885,0.252252181892461,-0.06486484282294802,-0.2680180944486762
2000-07-19 00:00:00-04:00,REGN,bubble,2.2028984379291012,45.59999882162553,0.2692308546796587,0.04542977255919567,-0.26470593544434673
2000-07-25 00:00:00-04:00,REGN,bubble,2.063868818941078,38.45429002093878,0.415127938679853,0.05205473463256882,-0.2257296959185455
2000-07-26 00:00:00-04:00,REGN,bubble,2.28467155737133,47.65765380218851,0.30444447626782645,-0.022222244953209347,-0.27777782323975214
2000-07-27 00:00:00-04:00,REGN,bubble,2.269231055217535,41.59520000926395,0.24705895604555494,0.007058837630488535,-0.23529420259330439
2000-07-28 00:00:00-04:00,REGN,bubble,1.9402984203036002,37.207474452845474,0.28934017229178166,0.08548230748177765,-0.17512688694829703
2000-07-31 00:00:00-04:00,REGN,bubble,2.2536228806351195,42.41772963568179,0.09576841541526115,-0.042494362575676514,-0.2761692743185643
2000-08-10 00:00:00-04:00,REGN,bubble,1.9866664702709573,47.847364338115234,0.1473213820910555,-0.04428575577556304,-0.27455364359546647
2000-10-11 00:00:00-04:00,REGN,bubble,2.7413793149058905,33.027549280809936,-0.052903179367927655,-0.16645159958294187,-0.2511521349903846
2000-10-12 00:00:00-04:00,REGN,bubble,2.362903231793737,23.474181447477875,-0.0580335847887502,-0.13400483777556516,-0.22062353878793634
2000-10-13 00:00:00-04:00,REGN,bubble,2.5394455000903267,23.255818932418805,-0.05349402486712973,-0.1386987866352709,-0.21686753847832949
2000-10-16 00:00:00-04:00,REGN,bubble,3.168224059177976,38.5714321202444,0.005919324867666553,-0.19067270284460747,-0.27130049764272146
2000-10-17 00:00:00-04:00,REGN,bubble,2.746606466784767,32.916678760257554,0.15169071469111306,-0.1632850742143226,-0.21497592973871943
2000-10-18 00:00:00-04:00,REGN,bubble,2.701754411938685,30.60345374913628,0.06919429687415346,-0.18824640536853754,-0.22985789451830654
2000-10-19 00:00:00-04:00,REGN,bubble,2.754237480975139,33.74486090407677,-0.06094820229202225,-0.22889390253363773,-0.26636577871123623
2000-10-20 00:00:00-04:00,REGN,bubble,2.2187497021968836,36.444444989987915,0.001165131443555678,-0.12776694510996722,-0.21116504727820812
2000-10-23 00:00:00-04:00,REGN,bubble,2.3492065444299683,38.36206982071622,0.016113640754788383,-0.17004744169629238,-0.22985789451830654
2000-10-24 00:00:00-04:00,REGN,bubble,2.2109375060871708,37.083340046076266,0.08496354949431306,-0.1785888492415686,-0.20924581548463506
2000-10-25 00:00:00-04:00,REGN,bubble,2.1538464352934468,39.910322910729406,0.13326834211775052,-0.1375609807211854,-0.2073171626207452
2000-10-26 00:00:00-04:00,REGN,bubble,2.2480617637910845,37.08919984878451,0.18415279143264596,-0.15646777399022005,-0.2243436825841742
2000-10-27 00:00:00-04:00,REGN,bubble,2.0156251713772653,33.33333333333333,0.2882899692384404,-0.05823843603377965,-0.1580312124811765
2000-10-30 00:00:00-05:00,REGN,bubble,1.7804880391519085,28.41726586939771,0.43157886614135355,0.09707599369251052,-0.04970773037150984
2000-10-31 00:00:00-05:00,REGN,bubble,2.451613174649409,49.107145548112065,0.11401856883074069,-0.13831780672903404,-0.2406543005908434
2000-11-01 00:00:00-05:00,REGN,bubble,2.382113630473772,49.84893920911044,0.10153853167331328,-0.10692303845104656,-0.21874999538959813
2000-11-02 00:00:00-05:00,REGN,bubble,2.4274195763682678,51.479291068980984,0.04621176845031294,-0.12395292019135007,-0.23529420259330439
2000-11-03 00:00:00-05:00,REGN,bubble,2.283464611164293,45.396825891649414,0.057074345292367434,-0.13669063477590881,-0.22062353878793634
2000-11-06 00:00:00-05:00,REGN,bubble,2.2879999636667914,49.48096801307832,0.05459844414029713,-0.09683703881182382,-0.20924581548463506
2000-11-07 00:00:00-05:00,REGN,bubble,2.2559999813424065,47.368422186032106,0.07085981486265047,-0.030958187646280777,-0.20147427983585636
2000-11-08 00:00:00-05:00,REGN,bubble,2.388429935461913,43.820226268744825,0.031804804809300036,-0.025951254342935104,-0.2073171626207452
2000-11-09 00:00:00-05:00,REGN,bubble,2.4786327835056956,48.953983759608406,0.039803459514267336,-0.01916464261754003,-0.20147427983585636
2000-11-10 00:00:00-05:00,REGN,bubble,2.4166666187184935,47.413794813846685,0.04234146509410386,-0.0017561100474673408,-0.2073171626207452
2000-11-13 00:00:00-05:00,REGN,bubble,1.9076924692975274,43.47826086956522,0.18137557703218876,0.18052909131987227,-0.14021170829292157
2000-11-14 00:00:00-05:00,REGN,bubble,1.7430554260658853,47.21189060978492,0.2151899825745398,0.10825320444345343,-0.17721522035865528
2000-11-15 00:00:00-05:00,REGN,bubble,1.971428258297637,49.46619119923678,0.15461546961700923,0.038461595204946075,-0.21874999538959813
2000-11-16 00:00:00-05:00,REGN,bubble,1.821428395292421,51.67285384471648,0.27675957914755855,0.11392405358309565,-0.17721522035865528
2000-11-17 00:00:00-05:00,REGN,bubble,2.069231031612278,62.44540694738806,0.25754380756664963,0.1228070067495648,-0.1854637480080478
2000-11-20 00:00:00-05:00,REGN,bubble,1.6991868924810087,27.14286361422529,0.50361457632019,0.37349408058362665,-0.021084350712803398
2000-11-21 00:00:00-05:00,REGN,bubble,1.7833331383440965,29.500018181938145,0.4941316944727041,0.3221557003961817,-0.026946163075526268
2000-11-22 00:00:00-05:00,REGN,bubble,1.6639344483931384,25.0,0.5340308970158327,0.3380924364884026,0.0
2000-11-24 00:00:00-05:00,REGN,bubble,2.049586688305533,39.83050990709824,0.345474369799299,0.199783262802127,-0.08401073756428538
2000-11-27 00:00:00-05:00,REGN,bubble,2.3983739097052412,51.25447516182076,0.187751298923017,0.0315789543233822,-0.19138746848084096
2000-11-28 00:00:00-05:00,REGN,bubble,2.565574024600403,54.79451651702461,0.17370115864309454,-0.020137898866216752,-0.2229884446086092
2000-11-29 00:00:00-05:00,REGN,bubble,2.134920630088367,47.72036077257668,0.36263291477528314,0.09772156087995865,-0.1443037079794313
2000-11-30 00:00:00-05:00,REGN,bubble,2.0468749147796115,47.432022656703985,0.4297435981365696,0.1684102820088451,-0.1333332651403718
2000-12-01 00:00:00-05:00,REGN,bubble,2.517786841242814,54.569188215682075,0.32314599470641814,0.05384270164386251,-0.2404493958969568
2000-12-04 00:00:00-05:00,REGN,bubble,2.4054051236104583,58.87323851132759,0.3282538392462313,0.026757316913210927,-0.2335600517292308
2000-04-04 00:00:00-04:00,BB,bubble,5.762429799044311,34.99784104171037,0.3439543480966605,-0.7551633797439874,-0.6715686274509803
2000-04-12 00:00:00-04:00,BB,bubble,3.0666666666666664,24.96449080688383,1.0942622950819674,-0.38207645103579657,-0.45081967213114754
2000-04-13 00:00:00-04:00,BB,bubble,2.908045801623114,18.178385190547473,1.1352942134764823,-0.36870583337697793,-0.40882350288047803
2000-04-14 00:00:00-04:00,BB,bubble,2.6273296905573855,18.48578204196555,1.7260273306873963,-0.20657527383126417,-0.3116437996456094
2000-04-17 00:00:00-04:00,BB,bubble,2.662499492168523,20.09151997443226,1.9829347899278873,-0.026348203777628143,-0.313993209787143
2000-04-18 00:00:00-04:00,BB,bubble,3.051947248989502,23.479046970463244,1.9487181443434496,-0.025128144484299897,-0.3557692307692308
2000-04-19 00:00:00-04:00,BB,bubble,3.0975617380954903,27.648207092444665,1.7842260088239397,-0.13904755456106999,-0.4017857142857143
2000-04-20 00:00:00-04:00,BB,bubble,2.705202789342413,23.11583254195253,2.056162391991692,-0.23120123049166108,-0.37285488433861147
2000-04-24 00:00:00-04:00,BB,bubble,2.096774193548387,26.91401683610482,2.2604166666666665,-0.12333329518636071,-0.3020833333333333
2000-04-25 00:00:00-04:00,BB,bubble,2.591397685389365,33.192260572583194,1.9517216917356248,-0.2285030263799348,-0.39820356532130285
2000-04-26 00:00:00-04:00,BB,bubble,2.606740954668546,28.236041998770432,1.9595017477730723,-0.23289717914902164,-0.37383177570093457
2000-04-27 00:00:00-04:00,BB,bubble,2.446809070150346,23.477670950422095,1.6203703703703702,-0.2064196975142868,-0.37962962962962965
2000-04-28 00:00:00-04:00,BB,bubble,2.4871793306790866,16.16011670971818,1.4117646346042694,-0.20188233776686448,-0.40882350288047803
2000-05-01 00:00:00-04:00,BB,bubble,2.6666665077209473,21.530246979798207,1.2713069166403215,-0.22409086765336417,-0.4289772479741031
2000-05-02 00:00:00-04:00,BB,bubble,2.753846153846154,24.107142200275362,0.8210382930568008,-0.23497271928630892,-0.45081967213114754
2000-05-03 00:00:00-04:00,BB,bubble,2.5729165077209473,46.07508292474412,1.3323617977381135,-0.2130612393064466,-0.4139941430269978
2000-05-04 00:00:00-04:00,BB,bubble,2.5621625848161993,48.12834224598931,1.327769501601617,-0.14585733582642046,-0.3899847972440264
2000-05-05 00:00:00-04:00,BB,bubble,2.7555557250976563,59.54357358768529,1.5207099453757946,-0.19289950340769824,-0.40532547063317514
2000-05-08 00:00:00-04:00,BB,bubble,2.67977482145934,56.886227544910184,1.668701979370025,-0.1579847888283864,-0.38625957057995647
2000-05-09 00:00:00-04:00,BB,bubble,2.465909865277007,48.62205033057203,1.740983669544474,-0.18085251200428887,-0.3409836395271857
2000-05-10 00:00:00-04:00,BB,bubble,2.4790423691878396,40.695295145178456,2.098106875295557,-0.171359703148516,-0.3080894645173256
2000-05-11 00:00:00-04:00,BB,bubble,2.4678360788445723,44.89361768440179,1.9645869991096379,-0.23453627148150702,-0.3220910275073524
2000-05-12 00:00:00-04:00,BB,bubble,2.497076201857182,52.68292955243012,1.6204014081973375,-0.2505686450272553,-0.32775923163070264
2000-05-15 00:00:00-04:00,BB,bubble,2.371427809112059,38.0368187751489,1.4033899030984083,-0.18996611462433977,-0.31864403255367124
2000-05-16 00:00:00-04:00,BB,bubble,1.9952600856603708,48.53800840838912,1.0838608601177002,-0.15189874151199634,-0.36392401991851514
2000-05-17 00:00:00-04:00,BB,bubble,2.0871793306790867,43.71584754129814,1.5315615901281205,-0.08704315829575038,-0.332225879769354
2000-05-18 00:00:00-04:00,BB,bubble,1.7677719669039083,36.36364818603499,1.4178082932672522,-0.01041091032738417,-0.3116437996456094
2000-05-19 00:00:00-04:00,BB,bubble,1.402654542817709,28.18430221609556,1.4456721353267437,0.15270717894833385,-0.2596685082872928
2000-05-22 00:00:00-04:00,BB,bubble,1.008163515446069,19.387774167571294,1.9268292682926829,0.29723572149509336,-0.18292682926829268
2000-05-23 00:00:00-04:00,BB,bubble,1.0259740259740258,20.540561673226705,1.9123932276016626,0.2591451987242088,-0.14102564102564102
2000-05-24 00:00:00-04:00,BB,bubble,0.9356227020948289,21.111134281853097,2.035476580670032,0.3332148831850119,-0.10864751042554155
2000-05-25 00:00:00-04:00,BB,bubble,0.8772723281482588,15.485572881948926,1.7869250715075675,0.4353512399854491,-0.026634310642219203
2000-05-26 00:00:00-04:00,BB,bubble,0.7866666666666666,15.902974870388775,2.0671641791044775,0.3998011119330107,0.0
2000-05-30 00:00:00-04:00,BB,bubble,1.0869567986472486,33.91089338892063,1.583333396911621,0.06333341598510733,0.0
2000-05-31 00:00:00-04:00,BB,bubble,0.9216414583529049,41.951220710386586,1.0582526084086656,0.013437008959546581,0.0
2000-06-01 00:00:00-04:00,BB,bubble,1.0664450746002627,52.87129247773909,0.4983921603780097,-0.0819293898834822,0.0
2000-06-02 00:00:00-04:00,BB,bubble,1.2730377794116317,56.249996844460156,0.5615615157393721,-0.14954953580289276,-0.06606602024387669
2000-06-05 00:00:00-04:00,BB,bubble,1.0784313725490198,54.063607155283314,0.8773584905660377,-0.04402520521631781,-0.022012530632738798
2000-06-06 00:00:00-04:00,BB,bubble,1.1225805346501962,52.38095797025241,0.7659574112839436,-0.15623111637979914,-0.05471124366313883
2000-06-07 00:00:00-04:00,BB,bubble,1.0359278663198626,57.2490714543647,1.0073530312640484,-0.15317648284806562,-0.08529403171736916
2000-06-08 00:00:00-04:00,BB,bubble,1.156156247800535,62.00717392788138,0.9136489437326865,-0.268635156631038,-0.13370472969311345
2000-06-09 00:00:00-04:00,BB,bubble,1.493420701938358,69.29981878474834,0.8944591389138874,-0.3310816956001904,-0.1794194517681938
2000-06-12 00:00:00-04:00,BB,bubble,1.6285712510712487,73.10606750246698,1.0597825647527213,-0.3293478248700753,-0.15489129792539771
2000-06-13 00:00:00-04:00,BB,bubble,1.7426472543432858,77.04280661580917,1.1353888273014685,-0.34756027293515745,-0.16621976412529274
2000-06-14 00:00:00-04:00,BB,bubble,1.5154639175257731,77.49511285624729,1.0928961331727076,-0.39191255413117954,-0.15027318235303536
2000-06-15 00:00:00-04:00,BB,bubble,1.2572349481843856,78.72764942896006,1.0299145299145298,-0.372535640357906,-0.11396007048778045
2000-06-16 00:00:00-04:00,BB,bubble,1.2236840876846227,76.44789030069077,0.9600590379677028,-0.4030770114209322,-0.0798816531985287
2000-06-19 00:00:00-04:00,BB,bubble,1.1169229720437412,73.0088638077489,0.9956394020063088,-0.4118604699130183,-0.09593022830296768
2000-06-20 00:00:00-04:00,BB,bubble,1.3824450088123088,75.05114036555953,0.7736841794592535,-0.42021053032280653,-0.18157894007717174
2000-06-21 00:00:00-04:00,BB,bubble,1.8469053538661941,75.40323831040823,0.4782607830314449,-0.4617849053429608,-0.2883295093831598
2000-06-22 00:00:00-04:00,BB,bubble,2.2638889948527017,76.44789030069077,0.2765957032355222,-0.5210212863022408,-0.3382978613574134
2000-06-23 00:00:00-04:00,BB,bubble,2.125,75.00000866976951,0.17222218831380198,-0.4972444661458333,-0.30888885498046875
2000-06-26 00:00:00-04:00,BB,bubble,1.7092648140646047,67.02508972334985,0.5070755259343103,-0.4724528284775654,-0.26650937157790605
2000-06-27 00:00:00-04:00,BB,bubble,1.0987653379087097,50.0,0.8529412596283523,-0.30352943885037764,-0.08529403171736916
2000-06-28 00:00:00-04:00,BB,bubble,1.1141976250542536,47.54098315920574,0.8029195831557412,-0.28385402779220126,-0.09197079882229775
2000-06-29 00:00:00-04:00,BB,bubble,0.9746032714843751,40.20173264224645,1.051848872054177,-0.17041804713317055,0.0
2000-06-30 00:00:00-04:00,BB,bubble,1.2073169608402754,49.224806201550386,0.7679556844319009,-0.3060774068220188,0.0
2000-07-03 00:00:00-04:00,BB,bubble,1.2761629926249474,52.247875403741425,0.19284805940942285,-0.3365006136254789,0.0
2000-07-05 00:00:00-04:00,BB,bubble,1.2197180330760657,53.43980143629815,0.42131989072692755,-0.38274104249987306,0.0
2000-07-06 00:00:00-04:00,BB,bubble,1.325779151443538,57.282739598371506,0.12058465734464274,-0.43561506322435806,-0.013398258089286557
2000-07-07 00:00:00-04:00,BB,bubble,1.5070419520382345,62.44185603354833,-0.1438201953611976,-0.4703820207705387,-0.14382019536119767
2000-07-10 00:00:00-04:00,BB,bubble,1.26246727169968,59.93150684931507,-0.11484918386900356,-0.4906729327536693,-0.11600931203857875
2000-07-11 00:00:00-04:00,BB,bubble,1.2198950307240888,55.37896897302687,-0.07665091016700709,-0.4905660194024867,-0.10141506200160844
2000-07-12 00:00:00-04:00,BB,bubble,1.339805726000908,55.48780406110006,-0.12759335695659724,-0.5037344777044881,-0.20954359348839746
2000-07-13 00:00:00-04:00,BB,bubble,1.3516743964474038,52.78136711317078,-0.06510675580035019,-0.523906394171695,-0.2248219494846829
2000-07-14 00:00:00-04:00,BB,bubble,1.432038654805996,56.78191434317127,-0.09780436076090004,-0.5525748429898016,-0.23952095808383234
2000-07-17 00:00:00-04:00,BB,bubble,1.479713857261192,62.9579406524666,-0.1665063098688998,-0.5649663559131389,-0.26660252394755996
2000-07-18 00:00:00-04:00,BB,bubble,1.8282546930916745,79.04599877160263,-0.10479927310179848,-0.5721841280561777,-0.2536728920431889
2000-07-19 00:00:00-04:00,BB,bubble,1.3448274851209905,70.50691244239631,-0.023109275012961117,-0.5369747534687859,-0.19957985759126495
2000-07-20 00:00:00-04:00,BB,bubble,1.316741990534442,80.45454545454545,-0.06347662021289413,-0.5645312647661189,-0.25585939717711814
2000-07-21 00:00:00-04:00,BB,bubble,1.227272812394077,71.26245124665309,0.02142857209586535,-0.608163253104175,-0.22244895537859719
2000-07-24 00:00:00-04:00,BB,bubble,1.3666665884164662,61.66666234334376,0.20151679972893244,-0.5929794424924325,-0.1744311753040508
2000-07-25 00:00:00-04:00,BB,bubble,1.450261584355892,62.171052086716685,0.22970082209660458,-0.6059828782692933,-0.1858974358974359
2000-07-26 00:00:00-04:00,BB,bubble,1.4236844051709951,58.47457666569683,0.11943536317309644,-0.5724646850983561,-0.17263843648208468
2000-07-27 00:00:00-04:00,BB,bubble,1.262211052840053,49.11032590811496,0.3011362838351064,-0.5587272797072227,-0.1340909391198266
2000-07-28 00:00:00-04:00,BB,bubble,1.1657755777920467,45.695363234587276,0.4716049759476273,-0.5152592411747685,-0.05925925925925926
2000-07-31 00:00:00-04:00,BB,bubble,1.3559784562466213,51.46831731349531,0.29988462454719933,-0.5657669648167172,-0.12110726643598616
2000-08-01 00:00:00-04:00,BB,bubble,1.4927535347316576,40.33456901134641,0.22441864810033918,-0.5698604874672286,-0.11395345693023884
2000-08-02 00:00:00-04:00,BB,bubble,1.9513889948527017,37.42912020092446,0.2329411681072937,-0.4908235620539564,-0.10352944395071792
2000-08-03 00:00:00-04:00,BB,bubble,1.5030484545592837,33.209649417672125,0.14494526852440304,-0.5112302089688452,-0.07186354649881031
2000-08-04 00:00:00-04:00,BB,bubble,1.682539585658482,31.55893383906634,0.18579885939373875,-0.5368520354990594,-0.09822481950296506
2000-08-07 00:00:00-04:00,BB,bubble,2.1011906837930483,40.495873955944795,0.0452425617613148,-0.5818151780616467,-0.1642446405379314
2000-08-08 00:00:00-04:00,BB,bubble,2.1254358724067366,44.7166184923058,0.021181750855717052,-0.6049051954594743,-0.1505016722408027
2000-08-09 00:00:00-04:00,BB,bubble,1.9836069559673328,37.64897891491334,0.008791174960589565,-0.5954285809719017,-0.16263739071898775
2000-08-10 00:00:00-04:00,BB,bubble,1.7672956934515036,38.82682855772709,0.01022727237260046,-0.5965455021755738,-0.1340909391198266
2000-08-11 00:00:00-04:00,BB,bubble,1.4525136721721905,44.26752038067248,0.004555843572450424,-0.5799543977691163,-0.13211842085917552
2000-08-14 00:00:00-04:00,BB,bubble,1.3693469920208794,50.787404412941456,-0.10604456763664338,-0.6095864350502302,-0.19194064120892323
2000-08-15 00:00:00-04:00,BB,bubble,1.4479167461395264,52.196533615068574,-0.09255318848457539,-0.6221276669724594,-0.18936172844544338
2000-08-16 00:00:00-04:00,BB,bubble,1.348780662631945,60.012050936410326,-0.04361370716510904,-0.6328141637308946,-0.2087227414330218
2000-08-17 00:00:00-04:00,BB,bubble,1.3551403548438778,75.41718162590948,-0.1629463377453032,-0.6779364858354842,-0.24404761904761904
2000-08-18 00:00:00-04:00,BB,bubble,1.0716524597134476,67.59454819393633,-0.24160557757505663,-0.7001161455487479,-0.2416055775750566
2000-08-21 00:00:00-04:00,BB,bubble,0.9590164534156957,62.71522150893336,-0.24372382523042124,-0.7260251296941248,-0.2437238252304213
2000-08-22 00:00:00-04:00,BB,bubble,1.1921398174262445,68.53186561172156,-0.3047808857581419,-0.7192031501436621,-0.30478088575814194
2000-08-23 00:00:00-04:00,BB,bubble,1.1309011480044155,71.63520901532397,-0.3393756601385479,-0.7115810889852011,-0.339375660138548
2000-08-24 00:00:00-04:00,BB,bubble,1.1724139359845087,70.97811007482339,-0.2757936205182757,-0.6950793266296387,-0.34920637948172434
2000-08-25 00:00:00-04:00,BB,bubble,1.1229166030883788,66.11568133224782,-0.36113835181893006,-0.7098331682718644,-0.36113835181893006
2000-08-28 00:00:00-04:00,BB,bubble,1.1588981008433907,69.18237961610626,-0.39254165941537245,-0.7282041144464918,-0.39254165941537245
2000-08-29 00:00:00-04:00,BB,bubble,1.4369748820441033,78.02689515160597,-0.4224137515999038,-0.7725517476194118,-0.46637926999793927
2000-08-30 00:00:00-04:00,BB,bubble,1.3306120374648711,80.18432052059325,-0.4150613070636303,-0.765464095012821,-0.4579684351496771
2000-08-31 00:00:00-04:00,BB,bubble,1.5031055900621118,83.16633369483512,-0.47311825432789234,-0.7768734536750737,-0.488006591796875
2000-09-08 00:00:00-04:00,BB,bubble,1.030560114625883,65.21257225897193,-0.5026086406033785,-0.8028093370624998,-0.5026086406033785
2000-09-11 00:00:00-04:00,BB,bubble,0.9914384079731149,65.33333333333334,-0.4272743002651094,-0.7963886223958146,-0.4884952138701058
2000-09-12 00:00:00-04:00,BB,bubble,1.0808951179068491,65.23031361231295,-0.5054425412312926,-0.812605467386932,-0.5079569473455916
2000-09-22 00:00:00-04:00,BB,bubble,1.9127355674358175,45.48147983378366,-0.6774088914979977,-0.7916761030232937,-0.6840161820759313
2000-11-22 00:00:00-05:00,BB,bubble,0.526525096679805,32.12669126261788,-0.4849695620955443,-0.6970981481132381,-0.7511729050987874
2000-12-20 00:00:00-05:00,BB,bubble,0.7441859691448669,57.233274635281134,-0.6247999954223633,-0.6971999931335449,-0.7613333511352539
2000-12-27 00:00:00-05:00,BB,bubble,0.7950580155546492,43.78909655294574,-0.6027854049073601,-0.6556437295308282,-0.7680971775588601
2021-02-02 00:00:00-05:00,BB,bubble,0.8599034009315909,56.038200973023976,-0.11948052741574167,-0.29610389781961977,-0.3125541189523322
2021-02-03 00:00:00-05:00,BB,bubble,0.9512194819377577,56.96821511616647,-0.17750000953674316,-0.3566666841506958,-0.33833332856496173
2021-02-04 00:00:00-05:00,BB,bubble,0.9596774181143675,54.871794840444636,-0.14156373393882893,-0.4016460733184838,-0.34650203238599586
2021-02-11 00:00:00-05:00,BB,bubble,1.0527182348887205,47.2926663687769,-0.18378811836613695,-0.41974317841585507,-0.3627608320295575
2021-02-16 00:00:00-05:00,BB,bubble,1.09433965659218,36.95060282343238,-0.208026204252044,-0.43488942884437554,-0.34971334705864116
2021-02-17 00:00:00-05:00,BB,bubble,0.8587847965839355,16.258568474142592,-0.14575968754528268,-0.3648409672212356,-0.29858654847395255
2021-02-18 00:00:00-05:00,BB,bubble,0.7788616928028991,32.077293510840235,-0.07861057492354262,-0.34643506676287095,-0.2742230016664893
2021-02-19 00:00:00-05:00,BB,bubble,0.7694805013849952,33.739833773793876,-0.12293571062475472,-0.37339448048283574,-0.2715596022845488
2021-02-22 00:00:00-05:00,BB,bubble,0.7770382526529125,29.275971039121757,-0.09831462179135031,-0.37734083283268405,-0.25655432300198094
2021-02-23 00:00:00-05:00,BB,bubble,0.8055554175818462,41.4561627974369,-0.024999931225407335,-0.3826922777136391,-0.23653842803289077
2021-02-24 00:00:00-05:00,BB,bubble,1.0581817626953125,45.27777615888636,-0.01943456884147099,-0.4469964313034336,-0.29858654847395255
2021-02-25 00:00:00-05:00,BB,bubble,0.9341865319039375,39.92298132022789,0.015122859032693059,-0.37429112161655187,-0.2495273993878096
2021-02-26 00:00:00-05:00,BB,bubble,0.9552530061846893,28.038680710266007,0.07562191188637812,-0.3313433171487056,-0.2099502580566737
2021-03-01 00:00:00-05:00,BB,bubble,1.1102513900218,31.17569024858524,0.0357470530501669,-0.3703024764763245,-0.27222729896702474
2021-03-02 00:00:00-05:00,BB,bubble,1.0669291649004293,30.849670253064048,0.06761905125209267,-0.3542856943039667,-0.2438095183599563
2021-03-03 00:00:00-05:00,BB,bubble,1.0588235237222627,30.769225986990733,0.12413795824992202,-0.32610833402392514,-0.2177339551102194
2021-03-04 00:00:00-05:00,BB,bubble,1.0,32.15258738756485,0.18699188252593424,-0.31605691923657986,-0.1930894375919026
2021-03-05 00:00:00-05:00,BB,bubble,1.023554529952929,24.89510248864994,0.19047621450426644,-0.3142856984271841,-0.15978833677480256
2021-03-08 00:00:00-05:00,BB,bubble,1.1959459176457132,31.419938967723894,0.13538458408453535,-0.3538461342836038,-0.1856410197722606
2021-03-09 00:00:00-05:00,BB,bubble,1.7142857319791158,43.23483691055172,0.03636364797863467,-0.3913875359236345,-0.24019136821603307
2021-03-10 00:00:00-05:00,BB,bubble,1.461904910037854,45.129873899771596,0.004835608316925422,-0.34816250757682243,-0.23210832301262208
2021-03-11 00:00:00-05:00,BB,bubble,1.5721154331102896,48.456791259043165,0.002803713411771769,-0.39158875281055405,-0.2579439066582779
2021-03-12 00:00:00-05:00,BB,bubble,2.2027027645278263,57.894737519478895,-0.12067512735374464,-0.4734177577854025,-0.32995782264813056
2021-03-15 00:00:00-04:00,BB,bubble,1.6666666666666665,58.767128906995055,-0.10359589097020683,-0.4914383645531023,-0.3202054923147569
2021-03-16 00:00:00-04:00,BB,bubble,2.3805308800929708,51.06060875348832,-0.12390925580865464,-0.46858637588865015,-0.30715532017534625
2021-03-17 00:00:00-04:00,BB,bubble,3.0,58.50000381469727,-0.12672415678339477,-0.43362069348234333,-0.315517258955947
2021-03-18 00:00:00-04:00,BB,bubble,2.3836477996852126,55.62599041942775,-0.055762116050817045,-0.3661710012463353,-0.2620817947653917
2021-03-19 00:00:00-04:00,BB,bubble,2.358895656839896,50.354609569309545,-0.08401827327115607,-0.35799083723635805,-0.274885826892693
2021-03-22 00:00:00-04:00,BB,bubble,2.1686389572559235,51.91956149812987,-0.11951444709729941,-0.33426703183518014,-0.25863678534643353
2021-03-23 00:00:00-04:00,BB,bubble,1.927325443988754,49.30555624542411,-0.06951338932263551,-0.25719957837555263,-0.21151933487133445
2021-03-24 00:00:00-04:00,BB,bubble,1.646408902365613,47.811446081603044,-0.0020876309236564916,-0.21189976504570573,-0.17118996654972377
2021-03-25 00:00:00-04:00,BB,bubble,1.6276596115692108,53.67521604389837,0.07287452011022078,-0.22570850134040465,-0.19635627882077594
2021-03-26 00:00:00-04:00,BB,bubble,1.450381666885571,48.965518261958216,0.07788161901216584,-0.2326064611978842,-0.1754932541159761
2021-03-29 00:00:00-04:00,BB,bubble,1.4146981489331427,38.69801225324758,0.10217397321149524,-0.166304322249046,-0.13695649762685397
2021-03-30 00:00:00-04:00,BB,bubble,1.3887467896573167,41.00719646577991,0.04817985031193528,-0.1616702574103761,-0.14989294138068351
2021-03-31 00:00:00-04:00,BB,bubble,1.0411622449354239,31.423904066943862,0.1387900396131183,-0.09964414260722554,-0.05812576870898522
2021-04-01 00:00:00-04:00,BB,bubble,1.5595240029685953,18.323593339971254,0.13139524542363867,-0.13255817357625854,-0.07674422034577567
2021-04-05 00:00:00-04:00,BB,bubble,1.8792570079930013,28.975266982435045,0.043010710787809936,-0.2741935632727518,-0.14623657049698838
2021-04-06 00:00:00-04:00,BB,bubble,1.7919253699504778,28.521740370752013,0.0678532398088918,-0.21468296746114068,-0.1167964116385186
2021-04-07 00:00:00-04:00,BB,bubble,1.5603447697061519,26.362036190009448,0.0684624714700457,-0.20202017336964506,-0.10886642051664959
2021-04-08 00:00:00-04:00,BB,bubble,1.6149584085050845,37.73233624144906,-0.008474568565903118,-0.26694911187559967,-0.1588982616355091
2021-04-09 00:00:00-04:00,BB,bubble,1.3776042496125855,33.45454822887075,0.05147867044222809,-0.25848851083600677,-0.13033954461164093
2021-04-12 00:00:00-04:00,BB,bubble,1.401595679753881,34.328357146720634,0.03986717840501086,-0.24695455240092,-0.12070871627723556
2021-04-13 00:00:00-04:00,BB,bubble,1.357513116264947,39.87474814242596,0.01978014768746572,-0.2571428631313927,-0.12747255776069735
2021-04-14 00:00:00-04:00,BB,bubble,1.25,43.40909406173218,0.037777794731987946,-0.2555555767483182,-0.117777771419949
2021-04-15 00:00:00-04:00,BB,bubble,1.370270363443344,37.18245459861441,0.11858607840007163,-0.21892821583964872,-0.09464086171266414
2021-04-16 00:00:00-04:00,BB,bubble,1.1695758884510283,38.79518116588135,0.17931039699051077,-0.23218391094391722,-0.08735629525362859
2021-04-19 00:00:00-04:00,BB,bubble,1.0187353452139116,42.36842435482697,0.1995359965039316,-0.24593966516295163,-0.07888629203787038
2021-04-20 00:00:00-04:00,BB,bubble,1.007334897763319,36.1179369239439,0.23020710530341648,-0.19123022708483828,-0.032886721031910454
2021-04-21 00:00:00-04:00,BB,bubble,1.209183591547137,53.18558868905468,0.3302541178688616,-0.25981524707213166,-0.08314085483578962
2021-04-22 00:00:00-04:00,BB,bubble,1.2153846492428744,50.578034124451186,0.32060178171521625,-0.28703708302827347,-0.08101854841282219
2021-04-23 00:00:00-04:00,BB,bubble,1.2069825128008773,42.424246316393145,0.27683612470740515,-0.31525427326895183,-0.1028248909632412
2021-04-26 00:00:00-04:00,BB,bubble,1.2500000590145004,51.72414473489495,0.20132012024059875,-0.3311331329323355,-0.12651265963290778
2021-04-27 00:00:00-04:00,BB,bubble,1.180751047586555,56.29139365629635,0.1883745971136621,-0.3864370470752738,-0.14531753607922415
2021-04-28 00:00:00-04:00,BB,bubble,1.209026153555155,47.20001220703125,0.1645160969454018,-0.39784948496973416,-0.14623657049698838
2021-04-29 00:00:00-04:00,BB,bubble,1.07322669493791,48.559677242115505,0.16666657894828263,-0.3509933949109373,-0.12362034332484324
2021-04-30 00:00:00-04:00,BB,bubble,1.063083993190142,46.09375436557386,0.22197056116443736,-0.35220839868468545,-0.10079273773221646
2021-05-03 00:00:00-04:00,BB,bubble,1.1154789418995623,40.95939634879987,0.2543554728668569,-0.3193960084574633,-0.07781644903286233
2021-05-04 00:00:00-04:00,BB,bubble,0.9624411285235017,38.811181465904305,0.36004788905436236,-0.296650675129576,-0.05023918860108178
2021-05-05 00:00:00-04:00,BB,bubble,0.9250586191443531,40.072196945831635,0.38686122240856124,-0.25547449066309946,-0.03406328475820818
2021-05-06 00:00:00-04:00,BB,bubble,0.8151447737158,40.072196945831635,0.4392638148799879,-0.28588951606467383,-0.025766818544671864
2021-05-07 00:00:00-04:00,BB,bubble,0.8434781995748064,47.68211314052899,0.29009435978085274,-0.3384433447699283,-0.06367918799126038
2021-05-10 00:00:00-04:00,BB,bubble,0.7261146599989106,48.64864951942533,0.3591635959644446,-0.36777370305866697,-0.023370240411555623
2021-05-11 00:00:00-04:00,BB,bubble,0.8122271460691752,43.283586869609564,0.3590360811753772,-0.3746988026561783,-0.04337350906524867
2021-05-12 00:00:00-04:00,BB,bubble,0.7666666242811415,38.53819798023835,0.4075471507989452,-0.3849056624143987,-0.0012578304760490389
2021-05-13 00:00:00-04:00,BB,bubble,0.7802690558987857,33.80782308221096,0.3198991771676438,-0.35390427235881317,0.0
2021-05-14 00:00:00-04:00,BB,bubble,0.8923765713441398,39.41367041012349,0.24881522344511242,-0.30924168085784587,0.0
2021-05-17 00:00:00-04:00,BB,bubble,0.9208143946994696,36.30136695492451,0.269729095829107,-0.3297997396210689,0.0
2021-05-18 00:00:00-04:00,BB,bubble,0.9532296001831735,41.69279554481701,0.23375132611832172,-0.3147092457034636,-0.028506269891774825
2021-05-19 00:00:00-04:00,BB,bubble,0.9020045428034118,41.82389541015927,0.3138173673474196,-0.31147539335994767,-0.0023418623160059047
2021-05-20 00:00:00-04:00,BB,bubble,0.8881719468604479,49.2162980820686,0.24829161406341638,-0.31548970254375797,-0.029612674614459766
2021-05-21 00:00:00-04:00,BB,bubble,0.8766520989762705,48.60682334878503,0.2476525285576192,-0.3086854988231301,0.0
2021-05-24 00:00:00-04:00,BB,bubble,0.8986784048431531,54.220784347846006,0.21113685835115015,-0.30974479254540876,-0.003480247490658251
2021-05-25 00:00:00-04:00,BB,bubble,0.851293189603922,56.22895574243723,0.1746216499831026,-0.3317811793764769,0.0
2021-05-26 00:00:00-04:00,BB,bubble,1.0257510492464337,67.20000823975028,0.07097458750805807,-0.37394066630115885,-0.01694913713180618
2021-05-27 00:00:00-04:00,BB,bubble,1.1768559897619522,68.8607741326752,0.024072193048163992,-0.39117351965023395,-0.06920767458146182
2021-05-28 00:00:00-04:00,BB,bubble,1.170258617367458,76.2162186543909,-0.009930430072089047,-0.3475669939654291,-0.07845084268066778
2021-06-01 00:00:00-04:00,BB,bubble,1.3495935447879956,82.47012500923753,-0.1479238733629451,-0.476643601113687,-0.19723188614911027
2021-06-25 00:00:00-04:00,BB,bubble,1.4989690977070818,23.042829840682856,-0.217821812561921,-0.5214521249587194,-0.2904290047298942
2021-06-29 00:00:00-04:00,BB,bubble,1.549999850988394,30.1089917194046,-0.22875818979521712,-0.5473856155679544,-0.29738557661066944
2021-06-30 00:00:00-04:00,BB,bubble,1.4989776279505764,36.28899807511258,-0.2463175256225827,-0.558919824164936,-0.2962356633760741
2021-07-01 00:00:00-04:00,BB,bubble,1.5460250088110126,32.82051198450645,-0.22021366379415053,-0.5521775041003294,-0.29334426232077465
2021-07-02 00:00:00-04:00,BB,bubble,1.4721649498726155,32.5423710183899,-0.22018343953664954,-0.5296080088282087,-0.28273556750304196
2021-07-06 00:00:00-04:00,BB,bubble,1.404382418462983,33.78378334839559,-0.22369510170103268,-0.5161557332025317,-0.28748959412505004
2021-07-07 00:00:00-04:00,BB,bubble,1.3833331512080371,36.76470227307549,-0.18444053619506773,-0.47027970585148404,-0.24825168733252867
2021-07-08 00:00:00-04:00,BB,bubble,1.3863636005381559,30.08130459517794,-0.23982687549959525,-0.4857142892529659,-0.2554112346795939
2021-07-09 00:00:00-04:00,BB,bubble,1.4511434723718466,37.802202086303964,-0.2553011228686006,-0.5156912589803321,-0.27056824348640035
2021-07-12 00:00:00-04:00,BB,bubble,1.3784355083794804,34.46893822045163,-0.21244447496202257,-0.4995555453830295,-0.23555552164713542
2021-07-13 00:00:00-04:00,BB,bubble,1.419213997440488,24.395611673976774,-0.20216604571680585,-0.4774368229493291,-0.22382667502824444
2021-07-14 00:00:00-04:00,BB,bubble,1.3275109224862667,23.61702563698826,-0.13696060591421222,-0.4727955003748495,-0.19324573127854985
2021-07-15 00:00:00-04:00,BB,bubble,1.2441612758420932,25.63510718149493,-0.12961210265974987,-0.45600755288426487,-0.18637647778922228
2021-07-16 00:00:00-04:00,BB,bubble,1.1741934299634416,26.241140188272837,-0.11572701444368572,-0.43125616268420375,-0.14935700558706014
2021-07-19 00:00:00-04:00,BB,bubble,1.0583332753843755,11.375667382679154,-0.08502025737430108,-0.3957490160890068,-0.12955462734259524
2021-07-20 00:00:00-04:00,BB,bubble,1.1282565877110935,29.54545618745577,-0.14406777301868545,-0.41902070218627596,-0.19020711166260187
2021-07-21 00:00:00-04:00,BB,bubble,1.2309278159963042,33.09178193109818,-0.1746764734709304,-0.42606282686703345,-0.20517554306553593
2021-07-22 00:00:00-04:00,BB,bubble,1.1670146549281766,30.24282486349088,-0.14354525575055044,-0.4287090787129513,-0.17148359473472558
2021-07-23 00:00:00-04:00,BB,bubble,1.1476794929832503,30.10989264350181,-0.16110022535941715,-0.4243614972648846,-0.16110022535941718
2021-07-26 00:00:00-04:00,BB,bubble,1.1849461589332058,28.730512864408738,-0.19291339247866346,-0.43799211378911707,-0.1929133924786634
2021-07-27 00:00:00-04:00,BB,bubble,1.1130063382739697,31.386863007573467,-0.18466195276319197,-0.3985872724606183,-0.18466195276319197
2021-07-28 00:00:00-04:00,BB,bubble,1.3111589721928207,41.975310822300834,-0.26555250592305224,-0.43175490943016503,-0.2655525059230522
2021-07-29 00:00:00-04:00,BB,bubble,1.1252568017835864,35.714289769023495,-0.27053140942370246,-0.40772947937124204,-0.27053140942370246
2021-07-30 00:00:00-04:00,BB,bubble,1.143459986922187,38.379530613348756,-0.224409425906826,-0.399606299582148,-0.25688973384601466
2021-08-02 00:00:00-04:00,BB,bubble,1.1308018711332428,39.301314862868715,-0.18514859095097191,-0.37623762843679187,-0.2524752568735838
2021-08-03 00:00:00-04:00,BB,bubble,1.1455697399527187,44.20803990372172,-0.20058996524574513,-0.3539822888521006,-0.2576204391252903
2021-08-04 00:00:00-04:00,BB,bubble,1.0778947127492806,42.117118520034786,-0.21783182576456994,-0.3262411172773033,-0.23505569622332406
2021-08-05 00:00:00-04:00,BB,bubble,1.1549586728006576,53.52423624655632,-0.3029722178129899,-0.3528283986098849,-0.3029722178129899
2021-08-06 00:00:00-04:00,BB,bubble,1.074596750547065,54.60673906875112,-0.28377065958395886,-0.3294460523860996,-0.2934888233354931
2021-08-09 00:00:00-04:00,BB,bubble,1.1508263469467055,47.25848576971336,-0.3045149013217322,-0.36695482716782724,-0.30451490132173215
2021-08-10 00:00:00-04:00,BB,bubble,1.1425618922789424,43.86921412840818,-0.2970106034422585,-0.33172614225491837,-0.3018322226598722
2021-08-11 00:00:00-04:00,BB,bubble,1.1544884711923658,49.08535991447173,-0.28391472044404265,-0.3468992276716374,-0.2984496138358187
2021-08-12 00:00:00-04:00,BB,bubble,1.1099584469077954,49.84519776480099,-0.28908554918043083,-0.3333333177044525,-0.2890855491804309
2021-08-13 00:00:00-04:00,BB,bubble,1.0204499763190373,46.00000490460943,-0.2874494048271171,-0.30566801072323746,-0.2874494048271171
2021-08-16 00:00:00-04:00,BB,bubble,1.0145832691755583,46.53179620922837,-0.2864529430270826,-0.2740434409989221,-0.2864529430270826
2021-08-17 00:00:00-04:00,BB,bubble,1.0103950501724892,28.846149613872,-0.25646328847020583,-0.2998965948797453,-0.2864529430270826
2021-08-18 00:00:00-04:00,BB,bubble,1.1043841344429937,44.78763625759073,-0.2906745883447752,-0.33035713778872067,-0.3154761758340819
2021-08-19 00:00:00-04:00,BB,bubble,1.0,39.72603410823749,-0.2855648928956953,-0.3336820495856754,-0.28556489289569525
2021-08-20 00:00:00-04:00,BB,bubble,0.9937888750631341,41.9795158523165,-0.30944963485563715,-0.3665628419375453,-0.3094496348556372
2021-08-23 00:00:00-04:00,BB,bubble,1.1347369143837378,49.55490008916997,-0.366863919238272,-0.39349113539061753,-0.36686391923827194
2021-08-24 00:00:00-04:00,BB,bubble,1.3173278642732296,65.26055306961278,-0.43603603479759856,-0.4351351562659751,-0.4360360347975985
2021-08-25 00:00:00-04:00,BB,bubble,1.2468617781815485,54.0469904976188,-0.3836126604619229,-0.40223461702871666,-0.41713218228215154
2021-08-26 00:00:00-04:00,BB,bubble,1.1279528704658701,56.91489928337467,-0.37835342004270445,-0.43663275520910394,-0.4209065692983754
2021-08-27 00:00:00-04:00,BB,bubble,1.246520818965415,60.77482225982013,-0.39203541861955393,-0.45929203270950936,-0.446017688210788
2021-08-30 00:00:00-04:00,BB,bubble,1.143403441159617,60.047847981587246,-0.3951828557773054,-0.4611953665210293,-0.4415700082444762
2021-08-31 00:00:00-04:00,BB,bubble,1.1858238134130645,62.5866070645904,-0.40052583312354173,-0.4794040195743119,-0.4513584300965911
2021-09-01 00:00:00-04:00,BB,bubble,1.0931900474683705,66.96629179771651,-0.42380138328496375,-0.5068493083575181,-0.4640410902979318
2021-09-02 00:00:00-04:00,BB,bubble,1.0380434853030063,64.92374243319867,-0.423999998304579,-0.48977779812282984,-0.44355553521050345
2021-09-03 00:00:00-04:00,BB,bubble,1.1370656489721718,65.35086838712809,-0.4308942760241963,-0.4959349523455737,-0.43450764214485926
2021-09-07 00:00:00-04:00,BB,bubble,1.1193737066025706,62.083328862986036,-0.4127423658062229,-0.4746075625757413,-0.4219759674070573
2021-09-08 00:00:00-04:00,BB,bubble,1.1075052140162271,53.20911349176434,-0.3512993697397039,-0.4427334195831828,-0.3974975917200144
2021-09-09 00:00:00-04:00,BB,bubble,1.180894182082786,62.58063417898598,-0.3932897943511904,-0.43895617541919896,-0.4165889565753758
2021-09-10 00:00:00-04:00,BB,bubble,1.1708332629667417,58.07770865427202,-0.40115165782824747,-0.4049904257322928,-0.40115165782824747
2021-09-13 00:00:00-04:00,BB,bubble,1.2042105825323808,53.72460384845233,-0.43266476545123145,-0.4336198971252322,-0.4326647654512314
2021-09-14 00:00:00-04:00,BB,bubble,1.0829874697685749,36.410253024430936,-0.3934262773180437,-0.4063744959370529,-0.408366525917382
2021-09-15 00:00:00-04:00,BB,bubble,1.1060291548750256,41.59780113710552,-0.3514313822864177,-0.402764055045742,-0.41362290324630546
2021-09-16 00:00:00-04:00,BB,bubble,1.1479915024191167,40.94706521938366,-0.3287401305031984,-0.43700788621088293,-0.41535431629622926
2021-09-17 00:00:00-04:00,BB,bubble,1.1205073345720344,30.34054740323009,-0.2991026523461482,-0.4277168570354686,-0.4077766485183295
2021-09-20 00:00:00-04:00,BB,bubble,0.9403292275954487,26.203204601709515,-0.24390245135755484,-0.408271501259295,-0.37009545440203107
2021-09-21 00:00:00-04:00,BB,bubble,0.9684872762622059,21.666662693023042,-0.20170756558902825,-0.41835647002892673,-0.36606188583042487
2021-09-22 00:00:00-04:00,BB,bubble,0.935222734591572,19.886361019423802,-0.2102510607381778,-0.4518828931883815,-0.3786611091531083
2021-09-23 00:00:00-04:00,BB,bubble,1.2083333250549106,42.13075362454042,-0.2783019037677872,-0.5216981142260673,-0.4396226562779748
2021-09-24 00:00:00-04:00,BB,bubble,1.1852631819875619,41.72662199566798,-0.28805397061562243,-0.5211946305012789,-0.4277456655364983
2021-09-27 00:00:00-04:00,BB,bubble,1.1257862439976747,41.72662199566798,-0.2435897616764202,-0.4980276153600247,-0.41420119762303736
2021-09-28 00:00:00-04:00,BB,bubble,1.1236441818472755,42.64705401115892,-0.20020429476855572,-0.4902962420263719,-0.3932584187573224
2021-09-29 00:00:00-04:00,BB,bubble,1.0734341564112349,35.62342146286349,-0.2093750155220423,-0.5,-0.38125001862645075
2021-09-30 00:00:00-04:00,BB,bubble,1.11982553785983,40.79999287923177,-0.23329903503444793,-0.5169578591588612,-0.3895169232602843
2021-10-01 00:00:00-04:00,BB,bubble,1.1179039237660224,39.67827677933149,-0.3041236976569205,-0.5041237074886147,-0.3876288480390735
2021-10-04 00:00:00-04:00,BB,bubble,1.1621622202139217,43.52941539460954,-0.2645833685166292,-0.4802083778298546,-0.38125001862645075
2021-10-05 00:00:00-04:00,BB,bubble,1.115555657280816,41.00295076534509,-0.2531512823913663,-0.48424373830697176,-0.3760504441597669
2021-10-06 00:00:00-04:00,BB,bubble,1.057142695452399,38.63635932610979,-0.26068372541473883,-0.4861110983750755,-0.36538458599376383
2021-10-07 00:00:00-04:00,BB,bubble,1.1006564597085657,44.07714410543907,-0.2947916966759484,-0.5229166935715399,-0.38125001862645075
2021-10-08 00:00:00-04:00,BB,bubble,1.041304464781895,49.38271677615768,-0.2758253522780374,-0.528221547777812,-0.3674121576103665
2021-10-11 00:00:00-04:00,BB,bubble,0.961944967346736,48.63221690664082,-0.27155167851309014,-0.5495689710542366,-0.3599137685191894
2021-10-12 00:00:00-04:00,BB,bubble,0.9663158215974506,46.51898399909945,-0.2826552783932528,-0.5503212269111776,-0.36402570019502334
2021-10-13 00:00:00-04:00,BB,bubble,0.9085604424974727,34.749041999578026,-0.30173296517552906,-0.5718654811811679,-0.39449543291125067
2021-10-14 00:00:00-04:00,BB,bubble,1.0196851147581856,47.87234294391077,-0.3489279064990207,-0.6120857767751494,-0.4210526389171614
2021-10-15 00:00:00-04:00,BB,bubble,1.003876057820758,53.75939377881862,-0.37137331682019536,-0.5841392526808946,-0.42553191783717736
2021-10-18 00:00:00-04:00,BB,bubble,1.0281125186318372,56.078439145672434,-0.3425742954754859,-0.5663366387117352,-0.4118812046662433
2021-10-19 00:00:00-04:00,BB,bubble,1.2196532429198639,75.39682179261473,-0.44357642424465193,-0.6336805883243115,-0.4843750155220423
2021-10-20 00:00:00-04:00,BB,bubble,1.2460629958214797,72.34041689747602,-0.46012270553980306,-0.6196318833805907,-0.4794040195743119
2021-10-21 00:00:00-04:00,BB,bubble,1.2156863533410158,70.8333271245195,-0.46371682827507577,-0.6106194671593815,-0.47433628699486174
2021-10-22 00:00:00-04:00,BB,bubble,1.1286549381459494,66.01940309286559,-0.44322345410005726,-0.59523809107939,-0.45604395460440417
2021-10-25 00:00:00-04:00,BB,bubble,1.1562500407453635,68.26921291430072,-0.48369566766661376,-0.5860507076583071,-0.48369566766661376
2021-10-26 00:00:00-04:00,BB,bubble,1.2192622274040263,67.45842740763578,-0.4829178260311351,-0.581717429203991,-0.48291782603113503
2021-10-27 00:00:00-04:00,BB,bubble,1.1793814232301498,61.46570899461118,-0.4437085823833883,-0.5714285392054892,-0.4701986692227906
2021-10-28 00:00:00-04:00,BB,bubble,1.3610502311929746,66.50942292830082,-0.4698795356428044,-0.5708989684142889,-0.48100093378769126
2021-10-29 00:00:00-04:00,BB,bubble,1.3427331622443037,68.35748770013909,-0.45740740462749263,-0.5685185402672637,-0.48148149946916546
2021-11-01 00:00:00-04:00,BB,bubble,1.5322940902350117,71.82795143193668,-0.4828495889512677,-0.5901495255658951,-0.5074758169747152
2021-11-02 00:00:00-04:00,BB,bubble,1.5446427611596127,68.88360076611082,-0.46315788681157055,-0.613157895177135,-0.5087719217525255
2021-11-03 00:00:00-04:00,BB,bubble,1.511777162870008,67.9706510820589,-0.5038362831383545,-0.6359761170022658,-0.5225916348531309
2021-11-04 00:00:00-04:00,BB,bubble,1.3376068336880573,56.24999379118308,-0.48720289317251975,-0.5968921374256947,-0.488116990911588
2021-11-05 00:00:00-04:00,BB,bubble,1.2736625282239022,60.171301924440826,-0.53484164907116,-0.5701357540262533,-0.53484164907116
2021-11-08 00:00:00-05:00,BB,bubble,1.3354037083122887,46.55171421563725,-0.5398936010565494,-0.5771276512548216,-0.5443262421840765
2021-11-09 00:00:00-05:00,BB,bubble,1.2697768701858667,46.82080542480816,-0.5630026765096541,-0.5844503780394108,-0.5630026765096542
2021-11-10 00:00:00-05:00,BB,bubble,1.0876493191344778,39.901470889799185,-0.5104961509047712,-0.530534323358943,-0.5333969389237093
2021-11-11 00:00:00-05:00,BB,bubble,1.0308284866373967,44.91978555081693,-0.4468690754453202,-0.5284630163017686,-0.536053141918049
2021-11-12 00:00:00-05:00,BB,bubble,1.1603206868595906,46.63212192007717,-0.47217066807364594,-0.5575139054653944,-0.5463821903882543
2021-11-15 00:00:00-05:00,BB,bubble,1.1174167147003105,49.86449556321826,-0.4445470981152857,-0.5526801950925082,-0.5480591493154345
2021-11-16 00:00:00-05:00,BB,bubble,1.1618497385986077,58.48564521281748,-0.4759358311496713,-0.5730837925263724,-0.5641711452667794
2021-11-17 00:00:00-05:00,BB,bubble,1.0718336705446418,52.196382938351256,-0.4516423167916377,-0.5684306566961294,-0.5538321305232078
2021-11-18 00:00:00-05:00,BB,bubble,0.9540441181304442,47.97135973000323,-0.44590782661573103,-0.5522107076541469,-0.5399812028371945
2021-11-19 00:00:00-05:00,BB,bubble,0.9477610672255863,37.795275984737216,-0.4300766237150859,-0.560344795299372,-0.5316091893649232
2021-11-22 00:00:00-05:00,BB,bubble,0.751736067994327,34.140446402593625,-0.4311199520005988,-0.5391476684789944,-0.515361764862669
2021-11-23 00:00:00-05:00,BB,bubble,0.7862190687690187,28.795816615949676,-0.4154302623038376,-0.5242334217486615,-0.5163204715584784
2021-11-24 00:00:00-05:00,BB,bubble,0.7912281368064258,38.338669438922814,-0.4054848042132789,-0.5259549329574431,-0.5210578013501077
2021-11-26 00:00:00-05:00,BB,bubble,0.6869713239323527,33.43558515521195,-0.3410230696393629,-0.5185556607647588,-0.5095286122852953
2021-11-29 00:00:00-05:00,BB,bubble,0.6016260534515063,27.30160171842998,-0.385786806453693,-0.5086294451629544,-0.5035533322734801
2021-11-30 00:00:00-05:00,BB,bubble,0.6218059017656947,25.36874699866908,-0.3981092706355277,-0.48844541477017056,-0.4863445765385711
2021-05-05 00:00:00-04:00,PTON,bubble,1.2810601866947744,11.39188098397068,0.08169934368925258,-0.773541533981047,-0.003268025459755961
2020-03-16 00:00:00-04:00,TSLA,bubble,0.6159097103804976,20.056710559632904,3.714090038237825,6.604196981240555,-0.18839733602874303
2020-03-17 00:00:00-04:00,TSLA,bubble,0.5963487108144738,20.270181903430284,4.2273360032667,7.156787248164143,-0.16034404099868454
2020-03-19 00:00:00-04:00,TSLA,bubble,0.56301167843231,30.327239993714713,3.950776207372921,6.656790704766094,-0.0002571736151378117
2020-03-20 00:00:00-04:00,TSLA,bubble,0.5602146571204569,20.47818714966361,4.170981935196591,6.835707034952287,0.0
2020-03-23 00:00:00-04:00,TSLA,bubble,0.6417421038497433,21.195064774725807,4.173846684114719,6.62347729205952,0.0
2020-04-02 00:00:00-04:00,TSLA,bubble,0.5574174770741189,40.638396966781976,3.930578629562027,6.602812184015515,0.0
