date,ticker,category,mom_12m,rsi,fwd_6m,fwd_12m,max_dd_6m
2000-06-05 00:00:00-04:00,MSTR,bubble,1.1032608695652173,52.631578947368425,-0.5012919896640826,-0.8548837213245165,-0.6175710594315246
2000-06-06 00:00:00-04:00,MSTR,bubble,1.4216216216216218,59.58083832335329,-0.6071428571428572,-0.871785717351096,-0.6696428571428571
2000-06-07 00:00:00-04:00,MSTR,bubble,2.236559139784946,70.90517241379311,-0.6411960132890365,-0.9027242502104801,-0.7541528239202658
2000-06-08 00:00:00-04:00,MSTR,bubble,2.795698924731183,79.74217311233886,-0.703257790368272,-0.9138810209106791,-0.7903682719546742
2000-06-09 00:00:00-04:00,MSTR,bubble,4.383783783783784,90.375,-0.820281124497992,-0.9410441754812218,-0.8514056224899599
2000-06-12 00:00:00-04:00,MSTR,bubble,2.3138297872340425,62.381363244176015,-0.6597110754414125,-0.9065168512384161,-0.7624398073836276
2000-06-13 00:00:00-04:00,MSTR,bubble,2.5492227979274613,64.17419884963024,-0.6335766423357665,-0.9159124109866845,-0.7839416058394161
2000-06-14 00:00:00-04:00,MSTR,bubble,2.38,65.79612468407751,-0.6272189349112426,-0.9155029601599338,-0.7810650887573964
2000-06-15 00:00:00-04:00,MSTR,bubble,2.1528822055137846,64.54545454545453,-0.6279809220985691,-0.904610492845787,-0.7647058823529411
2000-06-16 00:00:00-04:00,MSTR,bubble,1.9806763285024154,63.613861386138616,-0.6012965964343597,-0.9110534828717743,-0.7601296596434359
2000-06-19 00:00:00-04:00,MSTR,bubble,2.03125,64.9164677804296,-0.6701030927835052,-0.9253019127824696,-0.7820324005891016
2000-06-20 00:00:00-04:00,MSTR,bubble,1.8459869848156183,63.72165754495699,-0.7057926829268293,-0.924390246228474,-0.774390243902439
2000-06-21 00:00:00-04:00,MSTR,bubble,1.6166666666666667,62.240982348426705,-0.7197452229299364,-0.9192356668460141,-0.7643312101910829
2000-06-22 00:00:00-04:00,MSTR,bubble,1.2619047619047619,57.95107033639144,-0.7192982456140351,-0.9073684223911218,-0.7403508771929824
2000-06-23 00:00:00-04:00,MSTR,bubble,1.0074626865671643,55.741444866920155,-0.70817843866171,-0.9060223022801283,-0.724907063197026
2000-06-26 00:00:00-04:00,MSTR,bubble,1.409448818897638,56.174698795180724,-0.7254901960784313,-0.9247058793610218,-0.7581699346405228
2000-06-27 00:00:00-04:00,MSTR,bubble,1.0459770114942528,47.284345047923324,-0.7078651685393258,-0.9158052451601636,-0.7228464419475655
2004-03-23 00:00:00-05:00,MSTR,bubble,1.014833034303197,22.329692153322583,-0.1421267308384836,0.19529651324763853,-0.38323106037372917
2021-07-19 00:00:00-04:00,MSTR,bubble,3.214298055709926,24.57129309995537,0.0016843044396337437,-0.4642886154329099,-0.03362612082352544
2021-07-20 00:00:00-04:00,MSTR,bubble,3.163804074091103,9.199153621496194,-0.06676236986521522,-0.42450874883741363,-0.06676236986521525
2021-09-20 00:00:00-04:00,MSTR,bubble,2.686885271764021,27.207620536676885,-0.2581791279741804,-0.6658678833276681,-0.45707780020488464
2021-09-21 00:00:00-04:00,MSTR,bubble,2.818480724571881,27.351235025801245,-0.20837496145220324,-0.6627999268076069,-0.4501910598525083
2021-09-22 00:00:00-04:00,MSTR,bubble,2.8872607969996817,30.24914836717896,-0.24836141249856225,-0.6792581707978718,-0.4672370294818511
2021-09-23 00:00:00-04:00,MSTR,bubble,3.1581468309848963,35.37909704212788,-0.2151418797967929,-0.6894918663989196,-0.481891773520197
2021-09-24 00:00:00-04:00,MSTR,bubble,3.1037244553736762,29.19599666834337,-0.2118320087211265,-0.6660271288437742,-0.4670414899486395
2021-09-27 00:00:00-04:00,MSTR,bubble,3.0700060778546225,37.418487536716874,-0.14249682541494735,-0.6535182702035929,-0.46288355587391555
2021-09-28 00:00:00-04:00,MSTR,bubble,2.78654443986336,35.43465234110525,-0.0933026726160271,-0.6155777542447993,-0.44299142602732794
2021-09-29 00:00:00-04:00,MSTR,bubble,2.783285489280354,33.75601373825296,-0.11588853879217464,-0.6259711961795906,-0.43591962650023686
2021-09-30 00:00:00-04:00,MSTR,bubble,2.84165788326864,41.38506455350807,-0.1591977897443605,-0.6330221338838703,-0.44770055998357516
2021-10-01 00:00:00-04:00,MSTR,bubble,3.1115734934877928,43.209379915389974,-0.19834763299853364,-0.633412790104882,-0.4784149081008972
2021-10-04 00:00:00-04:00,MSTR,bubble,3.146183179961457,47.24281557468097,-0.17454095166349703,-0.5903828542718391,-0.4739398847669287
2021-11-26 00:00:00-05:00,MSTR,bubble,1.4531025272386628,26.58658962810763,-0.6690950502838066,-0.7335294267919927,-0.7463046919968691
2021-12-08 00:00:00-05:00,MSTR,bubble,1.1991362929603184,32.62930624421628,-0.657900535726036,-0.6817639082674787,-0.7357589488133951
2021-12-09 00:00:00-05:00,MSTR,bubble,1.0679920032771664,30.877362447549785,-0.6564168321809688,-0.6566026752507883,-0.7158207783186393
2021-12-10 00:00:00-05:00,MSTR,bubble,1.0695070325471856,33.41521049618983,-0.7467711829218585,-0.6735237444018218,-0.7467711829218585
2021-12-14 00:00:00-05:00,MSTR,bubble,1.076270884591382,33.70114569204938,-0.704779604573667,-0.6506943494589601,-0.7378441602982665
2021-12-15 00:00:00-05:00,MSTR,bubble,1.0945099607725153,36.21642056600992,-0.7304665887230162,-0.6859286177042379,-0.7458193444958532
2024-09-06 00:00:00-04:00,MSTR,bubble,2.2591960093066867,37.865844380904576,1.2798774223994478,1.8560805204808855,0.0
2021-09-10 00:00:00-04:00,OXY,bubble,1.4577605326249596,65.41584950560046,1.3261483072146238,1.6918681386281427,0.0
2022-12-09 00:00:00-05:00,OXY,bubble,1.0874126058757354,25.514314372546508,-0.055623998900010796,-0.10204737215875892,-0.09001633653008617
2022-12-15 00:00:00-05:00,OXY,bubble,1.2331009262947905,22.856833578787757,-0.08852406343047514,-0.05521561840917544,-0.09808457747916881
2022-12-16 00:00:00-05:00,OXY,bubble,1.2217322466758924,25.686651479807296,-0.07547990227500534,-0.02417363894812663,-0.08899761611639188
2022-12-19 00:00:00-05:00,OXY,bubble,1.2443568876844506,19.285807079976962,-0.08901424562477289,-0.024405057625256465,-0.08901424562477284
2022-12-20 00:00:00-05:00,OXY,bubble,1.3310389034204282,16.250388757859497,-0.09568770421244577,-0.01939876822035247,-0.09568770421244574
2022-12-22 00:00:00-05:00,OXY,bubble,1.1547948264456398,24.61372117941754,-0.0700934515780548,0.006019662865405895,-0.08734693385059074
2022-12-28 00:00:00-05:00,OXY,bubble,1.123439875865429,43.24698104192379,-0.04722747336436939,-0.026717096574353838,-0.0914632756325141
2022-12-29 00:00:00-05:00,OXY,bubble,1.1462978284643586,44.937724006083506,-0.04366509710181843,-0.024318374156631628,-0.09438090892114448
2022-12-30 00:00:00-05:00,OXY,bubble,1.1924960350610077,51.551294837394636,-0.059554691331670684,-0.02631960151675361,-0.1045886775045128
2023-01-03 00:00:00-05:00,OXY,bubble,1.123504451626569,38.60857438412321,-0.050760394962645616,-0.020075816552757475,-0.07613504348186405
2023-01-06 00:00:00-05:00,OXY,bubble,1.0208413568689672,52.047199317600224,-0.04457294763259256,-0.0879280266434388,-0.11526347335552362
2001-01-05 00:00:00-05:00,VRTX,bubble,2.25,29.59309494451294,-0.19154997342763347,-0.5635361611227216,-0.46383467278989665
2001-01-08 00:00:00-05:00,VRTX,bubble,1.5797598627787308,25.974025974025977,-0.1274468442226978,-0.523404263435526,-0.37898936170212766
2001-01-09 00:00:00-05:00,VRTX,bubble,1.5557404326123128,18.279569892473134,-0.17708333333333337,-0.5331250031789143,-0.3919270833333333
2001-01-10 00:00:00-05:00,VRTX,bubble,1.69826224328594,26.438053097345133,-0.2487119723818062,-0.5983138073244474,-0.4531615925058548
2001-01-11 00:00:00-05:00,VRTX,bubble,1.817891373801917,32.5609756097561,-0.2429932055830144,-0.6063491925090349,-0.47052154195011336
2001-01-12 00:00:00-05:00,VRTX,bubble,1.990415335463259,43.55495251017639,-0.32273506099342286,-0.6422222170055423,-0.5010683760683761
2001-01-16 00:00:00-05:00,VRTX,bubble,1.6306818181818183,32.057416267942585,-0.31732184325644575,-0.6392224767038168,-0.4956803455723542
2001-01-17 00:00:00-05:00,VRTX,bubble,1.586156111929308,30.875576036866363,-0.2754442219310578,-0.6109339338228752,-0.46810933940774485
2001-01-18 00:00:00-05:00,VRTX,bubble,1.702962962962963,34.138309549945106,-0.24406689439743767,-0.632030701369382,-0.48807892573307754
2001-01-19 00:00:00-05:00,VRTX,bubble,1.591390261115032,34.40233236151603,-0.23276687655313866,-0.6266666653369247,-0.4912854030501089
2001-02-02 00:00:00-05:00,VRTX,bubble,1.6947960618846696,51.71874999999999,-0.33311064208474683,-0.6542797367358755,-0.5125260960334029
2001-02-05 00:00:00-05:00,VRTX,bubble,1.5736842105263156,54.0,-0.3613087784780803,-0.6440081762146121,-0.5224948875255624
2001-02-13 00:00:00-05:00,VRTX,bubble,1.358353510895884,40.37085230969421,-0.37018480242155416,-0.6330184779862359,-0.5205338809034907
2001-02-14 00:00:00-05:00,VRTX,bubble,1.383431952662722,44.03463758819756,-0.39447863975608244,-0.663634556881129,-0.5362462760675273
2001-02-15 00:00:00-05:00,VRTX,bubble,1.3449074074074074,40.847457627118644,-0.4100691257789363,-0.6626258541306762,-0.5389930898321816
2001-04-17 00:00:00-04:00,VRTX,bubble,1.1409524584573414,62.225834529286836,-0.4578885040504572,-0.31767498961479257,-0.6090154461295079
2001-04-18 00:00:00-04:00,VRTX,bubble,1.0685058242973242,67.94376807679038,-0.4605467981260417,-0.4796621699479364,-0.6336964008133386
2006-06-13 00:00:00-04:00,VRTX,bubble,1.2390977638775564,46.20203827931145,0.38146401749739334,-0.08260580708866294,-0.005372728130387835
2006-08-04 00:00:00-04:00,VRTX,bubble,1.0646193359876355,44.24862186181179,0.025410588261300715,0.16795779646917675,-0.06662533585471382
2010-03-01 00:00:00-05:00,C,bubble,1.2600001113901098,67.64701546222032,0.1091444072234169,0.38053043527977115,0.0
2010-03-02 00:00:00-05:00,C,bubble,1.8333340116706869,66.66670561425607,0.07941156991402609,0.3441174077939406,0.0
2010-03-03 00:00:00-05:00,C,bubble,1.7868865688224211,65.62497991761401,0.09117610413049637,0.3529408651594024,0.0
2010-03-04 00:00:00-05:00,C,bubble,2.035398858179133,66.66667964920657,0.12244910347701254,0.3644309830370529,0.0
2010-03-05 00:00:00-05:00,C,bubble,2.431372201882959,72.85721210447576,0.10857113101819649,0.2971430052899531,0.0
2010-03-08 00:00:00-05:00,C,bubble,2.4563110963644688,69.84131971079303,0.09831480835102258,0.2696625789773377,0.0
1996-01-30 00:00:00-05:00,PENN,volatile,1.0000075482077948,48.97967194554945,1.1973680164772316,2.7894723989168364,-0.035089820558687375
1996-02-02 00:00:00-05:00,PENN,volatile,1.0614119966108548,40.44980435870604,1.0425509596587497,2.6765932351316866,-0.0638321473834577
1996-02-05 00:00:00-05:00,PENN,volatile,1.01755047114692,39.13067518635207,1.0869559954730592,2.7043474146425734,-0.04347986837320082
1996-02-06 00:00:00-05:00,PENN,volatile,1.0000074570204456,40.000191217062856,1.129463560897022,2.7499973166124962,-0.017860062302043678
1996-02-07 00:00:00-05:00,PENN,volatile,1.0,46.66685788555774,1.2173919693567705,2.3913040703403405,-0.04347986837320082
1996-02-16 00:00:00-05:00,PENN,volatile,1.0344737117984342,58.82308497944424,1.3389852756234748,2.254243460798464,-0.025422533723501124
1997-03-04 00:00:00-05:00,PENN,volatile,1.6564859127222364,42.513310650415086,0.28448390844270954,-0.24999909092588402,-0.05172413542324382
2021-05-10 00:00:00-04:00,PENN,volatile,3.398806204688828,37.94466614041098,-0.23818923702948813,-0.6068829288367681,-0.2919698810663309
2021-05-12 00:00:00-04:00,PENN,volatile,3.287323857696963,30.914203316200997,-0.22470432085404302,-0.615111675390009,-0.24572926837313133
2021-05-13 00:00:00-04:00,PENN,volatile,3.6003622809028517,30.769227461952454,-0.2606124191187883,-0.6182152630411617,-0.26061241911878835
2021-05-14 00:00:00-04:00,PENN,volatile,3.559819762005506,38.0484179876714,-0.27982677686986723,-0.6125000212452192,-0.3037129183584943
2021-05-17 00:00:00-04:00,PENN,volatile,3.178294412414897,34.19924449780436,-0.27952998021830544,-0.6321583137612858,-0.30414348319943124
2021-05-18 00:00:00-04:00,PENN,volatile,2.5950560837649226,33.07894656532689,-0.29641204797696097,-0.6134516701831445,-0.29666208496030644
2021-05-19 00:00:00-04:00,PENN,volatile,2.2966710857998254,32.94889044787652,-0.2757254580586659,-0.6139588461328782,-0.28083860530031757
2021-05-20 00:00:00-04:00,PENN,volatile,1.9123462658118386,34.742950770583604,-0.29610658560956304,-0.6071977541361225,-0.296106585609563
2021-05-21 00:00:00-04:00,PENN,volatile,1.6161888935184177,31.74872654538939,-0.32267627791375353,-0.5901766012556978,-0.32267627791375353
2021-05-24 00:00:00-04:00,PENN,volatile,1.6392364226501361,37.23747769881564,-0.34622102806899724,-0.6111249664941314,-0.3462210280689972
2021-05-25 00:00:00-04:00,PENN,volatile,1.7224307057463224,33.714760372556256,-0.3338349591802505,-0.642713813213396,-0.34261349920649126
2021-05-26 00:00:00-04:00,PENN,volatile,1.5776474046631876,49.31463807204999,-0.3794466079897463,-0.6453467317286778,-0.37944660798974633
2021-05-27 00:00:00-04:00,PENN,volatile,1.63647885805503,44.33198265934341,-0.36115785176561466,-0.6216670767259946,-0.37773240398770097
2021-05-28 00:00:00-04:00,PENN,volatile,1.4983236144400411,51.77305284333255,-0.356227892254373,-0.6061974100453724,-0.3679394827164479
2021-06-01 00:00:00-04:00,PENN,volatile,1.4488686747661759,46.04555711794032,-0.35575266025558194,-0.6063069849183655,-0.3617886033687564
2021-06-02 00:00:00-04:00,PENN,volatile,1.5758643345157388,62.2272022241795,-0.3633652446241544,-0.6038275297979665,-0.3633652446241544
2021-06-03 00:00:00-04:00,PENN,volatile,1.4359523856727852,59.624674728052,-0.3993473841987082,-0.5773092347366868,-0.3993473841987082
2021-06-04 00:00:00-04:00,PENN,volatile,1.155204795759551,49.12161413294224,-0.37596228271405996,-0.5913831701848494,-0.40576111166737505
2021-06-07 00:00:00-04:00,PENN,volatile,1.3376802957766305,59.209105348057044,-0.43050445647197233,-0.5981008829631862,-0.43192877613826036
2021-06-08 00:00:00-04:00,PENN,volatile,1.4507288463076233,61.439009233754085,-0.3963834980711409,-0.5919581223738218,-0.4306447537428144
2021-06-09 00:00:00-04:00,PENN,volatile,1.5355491842900233,61.71652265166808,-0.3755765921129024,-0.5838795833672525,-0.4190337192762429
2021-06-10 00:00:00-04:00,PENN,volatile,1.6041400521167835,60.154082648528565,-0.35257428396631874,-0.5854224909185756,-0.41469973614815114
2021-06-11 00:00:00-04:00,PENN,volatile,2.009332178791817,65.88949715222168,-0.3914598916232812,-0.6161736437167238,-0.42915073114427454
2021-06-14 00:00:00-04:00,PENN,volatile,1.7204048802651428,51.18227454476369,-0.3930077254946621,-0.6466650296795351,-0.40664519665978954
2021-06-15 00:00:00-04:00,PENN,volatile,1.490332855619569,47.33485573664508,-0.3954435511709815,-0.6309023786096518,-0.39544355117098146
2021-06-16 00:00:00-04:00,PENN,volatile,1.4534848722166602,35.00264434823352,-0.4003856080205527,-0.6111825345318347,-0.4003856080205527
2021-06-17 00:00:00-04:00,PENN,volatile,1.3453481022997007,32.53306319574757,-0.3892026575908971,-0.6465256690101359,-0.38920265759089706
2021-06-18 00:00:00-04:00,PENN,volatile,1.3252442434197675,30.926870107699898,-0.3948224144128344,-0.6286256428318229,-0.39482241441283444
2021-06-21 00:00:00-04:00,PENN,volatile,1.3652768539737656,38.743446609213194,-0.3656931945536839,-0.6333859238367205,-0.41265451857986474
2021-06-22 00:00:00-04:00,PENN,volatile,1.4381163381916613,41.58631897756751,-0.38770716624484136,-0.6301709360778578,-0.4173299866079878
2021-06-23 00:00:00-04:00,PENN,volatile,1.0858230224959393,43.513521037020084,-0.34036461153171016,-0.6287760534375487,-0.4186197949004255
2021-06-24 00:00:00-04:00,PENN,volatile,1.2917914185770725,40.66543529313048,-0.33503269370085276,-0.580130732916539,-0.41633984933491625
2021-06-25 00:00:00-04:00,PENN,volatile,1.4003152841197286,27.753548248609945,-0.3244841109253256,-0.5752398311165408,-0.4131948524796486
2021-06-28 00:00:00-04:00,PENN,volatile,1.466884226799126,27.32153855730357,-0.3279989292007127,-0.5795529604694243,-0.4094696314581699
2021-06-29 00:00:00-04:00,PENN,volatile,1.560443191466863,32.575338627498695,-0.3529180307857326,-0.5916065653816598,-0.4144262094966701
2021-06-30 00:00:00-04:00,PENN,volatile,1.5045840069009295,34.66899417826731,-0.35847821852186434,-0.6023009422686523,-0.41626352761309265
2021-07-01 00:00:00-04:00,PENN,volatile,1.393606945116058,25.55701821705175,-0.32835819479209405,-0.5881120683980539,-0.41542284457360545
2021-07-02 00:00:00-04:00,PENN,volatile,1.4154541981032827,28.363631722949364,-0.3059831467071008,-0.5675277503783807,-0.4023557479181025
2021-07-06 00:00:00-04:00,PENN,volatile,1.4983210144532575,32.58146305894711,-0.31935486087276377,-0.5830645185272767,-0.3998655831969562
2021-07-07 00:00:00-04:00,PENN,volatile,1.4891608913240115,27.064542225855433,-0.30088497329765596,-0.5600505882746316,-0.3728051693406163
2021-07-08 00:00:00-04:00,PENN,volatile,1.492899173140938,34.61539546739364,-0.352369045160672,-0.5749617947236012,-0.3796026015206633
2021-07-09 00:00:00-04:00,PENN,volatile,1.456281365421348,48.162942460821654,-0.36088378606936233,-0.5999727216886976,-0.39102561767971716
2021-07-12 00:00:00-04:00,PENN,volatile,1.484199791105469,36.129663368352915,-0.3533032637862876,-0.5919846850680719,-0.3892764170000983
2021-07-13 00:00:00-04:00,PENN,volatile,1.4698081353712915,26.001646901766065,-0.3363482523069591,-0.5760316691025165,-0.36899377928343424
2021-07-14 00:00:00-04:00,PENN,volatile,1.342141435467731,20.65886167486508,-0.2965568011496966,-0.572893778483073,-0.3457875234303457
2021-07-15 00:00:00-04:00,PENN,volatile,1.000290675276804,24.175074418752814,-0.31076569279844146,-0.5438035917011521,-0.35130030018779196
2021-07-20 00:00:00-04:00,PENN,volatile,1.0658325619470705,31.91822950009457,-0.38644556347122827,-0.5049747283863979,-0.38644556347122827
2021-07-21 00:00:00-04:00,PENN,volatile,1.0324911372639582,42.72487791455145,-0.4124880644125606,-0.526574663614492,-0.41863645555791834
2021-07-22 00:00:00-04:00,PENN,volatile,1.0047313712079435,40.834391363770955,-0.41788142418756424,-0.530889886322761,-0.41788142418756424
2021-07-23 00:00:00-04:00,PENN,volatile,1.0783097374092727,40.78283489137587,-0.41817151850440004,-0.5194085261329265,-0.41817151850440004
2021-07-26 00:00:00-04:00,PENN,volatile,1.09689484947849,47.178500866617114,-0.4186205766014537,-0.5501165331688266,-0.4389140546042031
2021-07-27 00:00:00-04:00,PENN,volatile,1.1844186684733269,51.229671118788914,-0.3983003711172248,-0.5211758217276827,-0.42992478594541783
2021-07-28 00:00:00-04:00,PENN,volatile,1.1710843426099031,50.23394420386928,-0.3970588515475244,-0.5251110062057629,-0.43229748710528626
2021-08-02 00:00:00-04:00,PENN,volatile,1.012407852799785,44.39728787477437,-0.33044628932226405,-0.4690252978482129,-0.3992954122275266
1986-10-07 00:00:00-04:00,AMGN,bubble,1.1999982938541525,72.05912659797443,1.1118863583780931,1.0279707083201584,-0.013985001650333128
1986-10-08 00:00:00-04:00,AMGN,bubble,1.1666673880062945,66.07170076730947,1.160838916793952,0.9650349108026963,-0.013985001650333128
1986-10-09 00:00:00-04:00,AMGN,bubble,1.1666673880062945,62.000206344730806,1.174823918444285,0.9230769682704802,-0.013985001650333128
1986-10-10 00:00:00-04:00,AMGN,bubble,1.2121191676826948,56.818290310988296,1.1301384335842424,0.821918965414852,-0.03424436973381769
1986-10-13 00:00:00-04:00,AMGN,bubble,1.2923069883733915,53.65891243487196,1.0469788114716154,0.7650996274367248,-0.0536907468824031
1986-10-14 00:00:00-04:00,AMGN,bubble,1.2424261248506507,61.11162195201073,0.8445946820460641,0.8108102953074112,-0.04729680173896971
1986-10-15 00:00:00-04:00,AMGN,bubble,1.0869499996225431,59.45937967833811,0.895835336465532,0.8680560547179481,-0.020831835846155715
1987-09-11 00:00:00-04:00,AMGN,bubble,1.2654853742159675,50.0,0.046875353822231736,-0.039062762033565845,-0.4921870472101004
1987-09-14 00:00:00-04:00,AMGN,bubble,1.2743345843357488,64.51609581086944,0.019455876710928077,-0.03502000272508854,-0.4941628970044687
1987-09-15 00:00:00-04:00,AMGN,bubble,1.31531072147643,55.10209190414612,-0.011673617560240324,-0.027236893618768465,-0.4941628970044687
1987-09-16 00:00:00-04:00,AMGN,bubble,1.2654853742159675,50.0,0.015624264665100807,-0.00781311688136943,-0.4921870472101004
1987-09-17 00:00:00-04:00,AMGN,bubble,1.055999026772494,55.814045273779016,0.019455876710928077,-0.027236893618768465,-0.4941628970044687
2019-08-09 00:00:00-04:00,CRON,bubble,1.3154245582045867,40.567380510747164,-0.4977544752560412,-0.5658682380402563,-0.5404191598600183
2019-08-12 00:00:00-04:00,CRON,bubble,1.1721311815000939,33.64198225842652,-0.4807547083440816,-0.5811320610766141,-0.5366037836614644
2019-08-13 00:00:00-04:00,CRON,bubble,1.3355704676508395,39.35120035144704,-0.5165229897854082,-0.58405172915814,-0.5589080579861385
2019-08-14 00:00:00-04:00,CRON,bubble,1.2761579127651355,38.324179764948155,-0.4822909081710123,-0.5674453976555854,-0.5373022114032134
2019-08-15 00:00:00-04:00,CRON,bubble,1.1539822780308295,33.57401268903061,-0.3968775590325966,-0.5373870107521489,-0.49548070435547836
2016-11-16 00:00:00-05:00,NEM,bubble,1.0071308094351084,46.60961274269936,-0.0008471316372742344,0.07593023393633902,-0.0830498606611046
2017-01-10 00:00:00-05:00,NEM,bubble,1.0700911119009895,67.62823879302718,-0.051611436731627935,0.10065989321076674,-0.08820876533724174
2017-01-11 00:00:00-05:00,NEM,bubble,1.0281935694752806,63.61813340186486,-0.03873203788321844,0.1380472967446209,-0.06937337777235758
2017-01-13 00:00:00-05:00,NEM,bubble,1.0069589569319453,65.6219211219603,-0.020239050630621147,0.16660563307982068,-0.07368567875753476
2017-01-18 00:00:00-05:00,NEM,bubble,1.1700147080596577,64.09723046144657,-0.03625646118495529,0.1207462041536318,-0.09286347026108863
2017-01-19 00:00:00-05:00,NEM,bubble,1.117251515934763,61.186313024910994,-0.026002740363235022,0.1379656771757829,-0.08429324035647599
2017-01-20 00:00:00-05:00,NEM,bubble,1.107376183563162,48.40947705774607,-0.015607037838231586,0.13985382560118942,-0.087167962070203
2017-01-23 00:00:00-05:00,NEM,bubble,1.1591883475008027,63.173216115418896,-0.0523503558245243,0.1316931373189496,-0.10853842532328174
2017-01-24 00:00:00-05:00,NEM,bubble,1.0473037675100207,60.89640475493634,0.008564992677793537,0.16159836683487994,-0.11249611314334029
2010-02-08 00:00:00-05:00,BAC,bubble,1.3736529311754029,31.147370389053307,-0.03815739305806176,0.016137395180978675,-0.07618851501963698
2010-02-09 00:00:00-05:00,BAC,bubble,1.110369504541695,28.601454164636863,-0.05686829698640927,0.012680444057296736,-0.07555037885827312
2010-02-10 00:00:00-05:00,BAC,bubble,1.6513359156072012,39.743358535062775,-0.0997563192259211,0.0009258411001533684,-0.09975631922592107
2010-02-11 00:00:00-05:00,BAC,bubble,1.4219492705957357,45.99401028060026,-0.10619229086371218,-0.006621648266475599,-0.10619229086371218
2010-02-12 00:00:00-05:00,BAC,bubble,1.4736555173281158,42.3630861472061,-0.08327893766558558,0.025188023507778157,-0.09505826952425808
2014-09-17 00:00:00-04:00,PLUG,bubble,6.8305086286819385,18.68130399788724,-0.4134198906329569,-0.6147186113675918,-0.448051944700925
2014-09-18 00:00:00-04:00,PLUG,bubble,6.305084973496642,17.708320139594107,-0.3828305983421334,-0.5614849162907379,-0.4083526714221309
2014-09-19 00:00:00-04:00,PLUG,bubble,6.1451609584965174,21.39302892456601,-0.40180582436698253,-0.5101579773406544,-0.42437922096430253
2014-09-22 00:00:00-04:00,PLUG,bubble,6.333333124194226,20.476183231725386,-0.361243974654621,-0.478468862133025,-0.38995213946460766
2014-09-23 00:00:00-04:00,PLUG,bubble,6.896551819817209,35.77586348643645,-0.42576415758697905,-0.5524017496800611,-0.44323144218463884
2014-09-24 00:00:00-04:00,PLUG,bubble,6.55932243457304,33.74485241395442,-0.4125560844955437,-0.5358744583995934,-0.42825113665789327
2014-09-25 00:00:00-04:00,PLUG,bubble,5.825397179810942,26.55601799318775,-0.3860465144646882,-0.5511628228048802,-0.406976781579981
2014-09-26 00:00:00-04:00,PLUG,bubble,5.796875002910383,26.85949810703461,-0.38390801712360634,-0.5793103257389798,-0.41379310155831484
2014-09-29 00:00:00-04:00,PLUG,bubble,5.385714094736135,32.905972978403355,-0.42058164748632665,-0.6174496379397689,-0.4295301852336433
2014-09-30 00:00:00-04:00,PLUG,bubble,5.20270282896528,39.555558004497534,-0.450980414563666,-0.6013071934466994,-0.45098041456366594
2014-10-01 00:00:00-04:00,PLUG,bubble,5.211267578438665,34.46808407024969,-0.41950112667649897,-0.5736961314556833,-0.42857141312480806
2014-10-02 00:00:00-04:00,PLUG,bubble,5.528571784982882,39.271261626041564,-0.4485777054116842,-0.560175073312406,-0.4485777054116842
2014-10-03 00:00:00-04:00,PLUG,bubble,5.705882198257844,44.90740311489343,-0.44956139869306877,-0.5307017254917461,-0.4495613986930688
2014-10-06 00:00:00-04:00,PLUG,bubble,5.211267578438665,44.09090593826782,-0.4353741279610399,-0.5056689019986074,-0.4353741279610399
2014-10-07 00:00:00-04:00,PLUG,bubble,5.056338479844773,42.92036145096891,-0.39069772805955894,-0.5,-0.42093025602605705
2014-10-08 00:00:00-04:00,PLUG,bubble,6.3387099286147865,55.45455038054851,-0.4263736734757613,-0.5186813262821521,-0.4527472735919628
2014-10-09 00:00:00-04:00,PLUG,bubble,6.736841934649676,49.549550130066955,-0.4126984118402671,-0.47392289942952537,-0.4353741279610399
2014-10-10 00:00:00-04:00,PLUG,bubble,5.62686559197419,56.50000262260312,-0.39864863921523774,-0.46171169502183085,-0.43918919426871816
2014-10-13 00:00:00-04:00,PLUG,bubble,5.2205881979123125,40.331499135766016,-0.342789607835821,-0.4562647891382132,-0.41134751813023923
2014-10-14 00:00:00-04:00,PLUG,bubble,5.781250389991337,46.66667196485395,-0.3732719048435227,-0.49078341925191504,-0.42626729908016575
2014-10-15 00:00:00-04:00,PLUG,bubble,6.048386857983475,52.09579795365603,-0.38901598484770783,-0.46910755286072836,-0.43020593255274614
2014-10-16 00:00:00-04:00,PLUG,bubble,6.5862072792688355,51.51515589381742,-0.38181818871458684,-0.4750000243837178,-0.43409091918921644
2014-10-17 00:00:00-04:00,PLUG,bubble,6.180327888074596,47.09678768986174,-0.39041095741278176,-0.42922375920551525,-0.4315068619913547
2014-10-20 00:00:00-04:00,PLUG,bubble,6.063491814200779,45.33332485623369,-0.40449433506716337,-0.45168535689816236,-0.4404494120758319
2014-10-21 00:00:00-04:00,PLUG,bubble,6.11290292499217,50.0,-0.3945577848804771,-0.4671201845932935,-0.4353741279610399
2014-10-22 00:00:00-04:00,PLUG,bubble,6.396551871200525,39.39393282593531,-0.38228435456144205,-0.46853147047466526,-0.41958041219627196
2014-10-23 00:00:00-04:00,PLUG,bubble,6.5438600784083425,40.151525824521784,-0.397674465282597,-0.46279073481046384,-0.42093025602605705
2014-10-24 00:00:00-04:00,PLUG,bubble,6.750000239482946,47.10745071829014,-0.4078341375839959,-0.4447004605763357,-0.42626729908016575
2014-10-27 00:00:00-04:00,PLUG,bubble,6.413793645630851,50.0,-0.404651202505635,-0.4604651557361179,-0.42093025602605705
2014-10-28 00:00:00-04:00,PLUG,bubble,6.366666501098216,43.56435222867028,-0.42533938506563307,-0.45701356245682034,-0.4366515912767714
2014-10-29 00:00:00-04:00,PLUG,bubble,6.3999998013178585,51.68540529825097,-0.43918919426871816,-0.46171169502183085,-0.43918919426871816
2014-10-30 00:00:00-04:00,PLUG,bubble,6.360655189874011,52.74723892754533,-0.44320709856575025,-0.46325162390141594,-0.44543426804749087
2014-10-31 00:00:00-04:00,PLUG,bubble,7.120689954613116,76.08696891590508,-0.48619956333460423,-0.43949042812687233,-0.48619956333460423
2014-11-05 00:00:00-05:00,PLUG,bubble,8.018181692076126,65.73034204508042,-0.5100806354701086,-0.4233871223589134,-0.5120967625641303
2014-11-12 00:00:00-05:00,PLUG,bubble,7.0,48.97259558135266,-0.38443395377648304,-0.5801886633309057,-0.42924523421477734
2014-11-13 00:00:00-05:00,PLUG,bubble,6.381817917784389,45.424833087512866,-0.3645320295399449,-0.5467980149480229,-0.4039408595072111
2014-11-14 00:00:00-05:00,PLUG,bubble,4.5522387103690285,41.36904493700747,-0.27956988006840566,-0.4838709832478263,-0.349462350085507
2014-11-17 00:00:00-05:00,PLUG,bubble,4.4705882198257845,39.197530160134136,-0.29569896091159475,-0.5053763389173913,-0.349462350085507
2014-11-18 00:00:00-05:00,PLUG,bubble,4.94117635199768,44.35028107799682,-0.35148517071832686,-0.5346534621328738,-0.4009900744692177
2014-11-19 00:00:00-05:00,PLUG,bubble,4.999999819379871,42.57703490915318,-0.3484848740270896,-0.5202020308446207,-0.3888888755096197
2014-11-20 00:00:00-05:00,PLUG,bubble,5.156250227009883,38.575667550819944,-0.34517769384852237,-0.5177665105166191,-0.38578679158670465
2014-11-21 00:00:00-05:00,PLUG,bubble,5.140625241561798,29.491529149661147,-0.3104325719813281,-0.511450400898104,-0.38422390962176683
2014-11-24 00:00:00-05:00,PLUG,bubble,4.984848319280034,24.637683663291114,-0.3088607630082534,-0.5088607509364267,-0.38734176023288003
2014-11-25 00:00:00-05:00,PLUG,bubble,5.349206397262501,30.165289093355256,-0.3199999928474426,-0.48250001668930054,-0.39499998092651367
2014-11-26 00:00:00-05:00,PLUG,bubble,4.999999819379871,24.782614104012694,-0.32323231289379706,-0.4646464987027862,-0.3888888755096197
2014-11-28 00:00:00-05:00,PLUG,bubble,4.380281758719887,17.256631333244087,-0.2670157064795118,-0.4240837470863158,-0.36649211555362327
2014-12-01 00:00:00-05:00,PLUG,bubble,3.783783670582853,15.47618529513666,-0.20338984078218536,-0.3813559093729214,-0.3163841518723671
2014-12-02 00:00:00-05:00,PLUG,bubble,3.3902438244317548,18.907557890143522,-0.23888886607723414,-0.4138889025022958,-0.32777773877720673
2014-12-03 00:00:00-05:00,PLUG,bubble,3.4303796264991986,27.439022971929404,-0.21714285441807335,-0.4028571673801967,-0.3085714067731585
2014-12-04 00:00:00-05:00,PLUG,bubble,1.913385908072553,39.15662711167457,-0.25945946642567064,-0.43783786570268235,-0.3459459337550765
2018-02-02 00:00:00-05:00,PLUG,bubble,1.1086956761171773,9.803935776578413,0.0051546341073744895,-0.2886598172533935,-0.1237113414731564
2018-02-07 00:00:00-05:00,PLUG,bubble,1.2000000794728618,28.985519014564602,0.020202000741265103,-0.32323231289379706,-0.14141412560227784
2018-02-09 00:00:00-05:00,PLUG,bubble,1.0,21.05264280641171,0.12352936061608477,-0.1941176668582898,0.0
2018-03-09 00:00:00-05:00,PLUG,bubble,1.042105349015002,55.05618037727186,-0.010309329662834377,0.13402060968790508,-0.08762890272153571
2018-03-12 00:00:00-04:00,PLUG,bubble,1.0594058845010692,66.31578564313659,-0.12019225478877493,0.14423086622057935,-0.14903843949532286
2021-04-15 00:00:00-04:00,PLUG,bubble,5.241627087089519,31.720676011138707,0.28746646056481784,0.025297042681183823,-0.2307397632255875
2021-04-16 00:00:00-04:00,PLUG,bubble,5.066815403051673,35.232709433595346,0.16776797845900382,-0.05396473295543458,-0.26321586404329206
2021-04-19 00:00:00-04:00,PLUG,bubble,4.584070769386252,37.25850630197175,0.23771791023808686,0.01228207086979105,-0.2048336023445577
2021-04-20 00:00:00-04:00,PLUG,bubble,4.712669584651108,26.23038958606095,0.29069307535001543,0.11089105889348705,-0.2051485269376547
2021-04-21 00:00:00-04:00,PLUG,bubble,5.4312797959679235,26.587724187913906,0.2321296749720434,-0.01879146058773884,-0.26050109999342197
2021-04-22 00:00:00-04:00,PLUG,bubble,5.120092486587991,26.502144846790955,0.242264081846993,-0.13773583466151973,-0.24264152095002947
2021-04-23 00:00:00-04:00,PLUG,bubble,5.506976349099787,35.08196598289764,0.20335949677625353,-0.2122944504606744,-0.2827019291216148
2021-04-27 00:00:00-04:00,PLUG,bubble,5.344444274902344,39.60999427446713,0.221716357275336,-0.21821365004273663,-0.297022758978869
2021-04-28 00:00:00-04:00,PLUG,bubble,5.500000053697877,38.29390410954023,0.18399159550568922,-0.23319477849113524,-0.30457382985551734
2021-04-29 00:00:00-04:00,PLUG,bubble,5.395927594975819,37.660752212430715,0.21719134383537786,-0.23098693246933433,-0.2900601567088946
2021-04-30 00:00:00-04:00,PLUG,bubble,5.820574497538527,45.80645214217086,0.3016485553289321,-0.26271482676210145,-0.29603649478429467
2021-05-03 00:00:00-04:00,PLUG,bubble,5.793367000631079,41.38600710635405,0.43710107637352213,-0.185129498805633,-0.24633870344266054
2021-05-04 00:00:00-04:00,PLUG,bubble,5.014669795526638,38.56367338044879,0.6930894666673386,-0.12439022026387314,-0.18414636652029445
2021-05-05 00:00:00-04:00,PLUG,bubble,4.8249401609399705,43.82716388544398,0.6974062572340258,-0.03664064485185503,-0.17373409063996767
2021-05-06 00:00:00-04:00,PLUG,bubble,4.410071715392486,34.56464652158071,0.7748227776323124,-0.057624081021060536,-0.11037233289287895
2021-05-07 00:00:00-04:00,PLUG,bubble,4.274599505878846,41.978022039442834,0.7453362635063872,-0.15791754924641932,-0.129284149278625
2021-05-10 00:00:00-04:00,PLUG,bubble,3.4109887590098635,34.41636748152443,0.9118086455068493,-0.17140012886720402,0.0
2021-05-11 00:00:00-04:00,PLUG,bubble,4.475638212247856,40.30668613289956,0.7347456764811875,-0.3343220430419075,-0.06949157925797189
2021-05-12 00:00:00-04:00,PLUG,bubble,4.196261374041855,38.77766320513469,0.83093532552927,-0.3952338153019276,-0.012589959061471256
2021-05-13 00:00:00-04:00,PLUG,bubble,4.343065297103766,33.07087095643308,0.8296904362617217,-0.38160289208262677,0.0
2021-05-14 00:00:00-04:00,PLUG,bubble,5.0541872586525685,37.66369946988913,0.7672904296803313,-0.38852726689898864,-0.033360443342938105
2021-05-17 00:00:00-04:00,PLUG,bubble,5.11274534324095,40.3527584831373,0.7297513418549142,-0.4186046636126146,-0.04731356374930281
2021-05-18 00:00:00-04:00,PLUG,bubble,5.47961629817942,45.507812863797824,0.5477423755116204,-0.3882309249963046,-0.12065137578282824
2021-05-19 00:00:00-04:00,PLUG,bubble,5.587529690831142,48.03342904771644,0.5693484414975472,-0.42191479754712324,-0.1350563952387522
2021-05-20 00:00:00-04:00,PLUG,bubble,5.509478833909361,47.4129333405452,0.5285767283602891,-0.3967965013101131,-0.1350563952387522
2021-05-21 00:00:00-04:00,PLUG,bubble,5.68824913174473,53.3798287049605,0.4492649355864622,-0.4101828209775802,-0.1480817228809076
2021-05-24 00:00:00-04:00,PLUG,bubble,5.618004836822501,57.51445147247857,0.6378675730686307,-0.3882353337165795,-0.12647060432236043
2021-05-25 00:00:00-04:00,PLUG,bubble,5.590047594452463,59.99999566511684,0.5393744047251219,-0.45415316085259105,-0.14563104332383728
2021-05-26 00:00:00-04:00,PLUG,bubble,5.856813177180357,70.08451005102883,0.42371167724552405,-0.4691815444461369,-0.19973055569242695
2021-05-27 00:00:00-04:00,PLUG,bubble,6.042353012982537,69.65714590890067,0.4336785636447755,-0.4300033647847239,-0.2061476783622675
2021-05-28 00:00:00-04:00,PLUG,bubble,6.292161635336238,84.76128329502004,0.3110748859846659,-0.37915312728749806,-0.22605864369995307
2021-06-02 00:00:00-04:00,PLUG,bubble,6.395180681638127,89.15664056243996,0.29846848421844596,-0.416096456029462,-0.2258064576273093
2021-06-03 00:00:00-04:00,PLUG,bubble,6.201438881827176,86.12356447207662,0.22244416400555655,-0.3909423743815964,-0.20879121926067662
2021-06-04 00:00:00-04:00,PLUG,bubble,5.115999984741211,82.96705231462133,0.19097443622660082,-0.41465010911743216,-0.2230215733106414
2021-06-10 00:00:00-04:00,PLUG,bubble,4.563604349833359,68.07554336285493,0.16227369768639033,-0.46268656083597237,-0.24547474113753692
2021-06-14 00:00:00-04:00,PLUG,bubble,5.041501984292833,64.46351283473555,0.08668634453168078,-0.5354923143270647,-0.22276740379213605
2021-06-15 00:00:00-04:00,PLUG,bubble,4.60460663131299,55.600326754441575,0.10376707877153679,-0.5136986493751148,-0.18630138328496376
2021-06-16 00:00:00-04:00,PLUG,bubble,4.440367092880357,49.817846460860615,0.0303541190593406,-0.4866778933272967,-0.1986509094579341
2021-06-17 00:00:00-04:00,PLUG,bubble,4.642722230004253,49.63436965356169,0.050586271677879546,-0.5226130714274259,-0.2040201030070485
2021-06-18 00:00:00-04:00,PLUG,bubble,4.41187398865623,42.949305839387186,0.016455246519742728,-0.45731916755904034,-0.18546451262469282
2021-06-21 00:00:00-04:00,PLUG,bubble,4.44708034262316,45.414467287210826,-0.0033500964888364404,-0.4445561235570844,-0.2040201030070485
2021-06-25 00:00:00-04:00,PLUG,bubble,3.3333334414596747,46.42857970023304,-0.0769230999559064,-0.4317111408262251,-0.25400314146604025
2021-07-02 00:00:00-04:00,PLUG,bubble,2.569230569305815,56.87545349334748,-0.13084975553873968,-0.4581280594359909,-0.26847288904715605
2021-07-06 00:00:00-04:00,PLUG,bubble,2.2925853825227995,64.1860526322015,-0.12385878329965971,-0.4650030554726161,-0.27693244712244597
2021-07-07 00:00:00-04:00,PLUG,bubble,2.230192674882833,51.717307165611075,-0.06695394274628741,-0.36559498371736243,-0.2124627057077392
2021-07-08 00:00:00-04:00,PLUG,bubble,2.1399999919690584,49.934553454336836,-0.11934292574748662,-0.33724436780664047,-0.20348641335397252
2021-07-09 00:00:00-04:00,PLUG,bubble,2.2837988844674153,50.73138092972876,-0.14188500043870966,-0.37189522055674074,-0.19156173112237507
2021-07-12 00:00:00-04:00,PLUG,bubble,2.1204300927514907,47.182619579349826,-0.13990355993274461,-0.37904892579204585,-0.18125431240214324
2021-07-13 00:00:00-04:00,PLUG,bubble,2.347773560775274,23.6394402253527,-0.11035225479874389,-0.3439971171748313,-0.14593815637955332
2021-07-14 00:00:00-04:00,PLUG,bubble,2.0682083336365245,21.65107858845424,-0.054257742440963486,-0.3311982144802683,-0.10474757312532933
2021-07-15 00:00:00-04:00,PLUG,bubble,1.9623894689880195,24.83551070774432,-0.07953700573194578,-0.42270352345971096,-0.11277073862323192
2021-07-16 00:00:00-04:00,PLUG,bubble,1.870860819450408,25.420861203704618,-0.08073819157978546,-0.368704347104889,-0.08650518955019351
2021-07-19 00:00:00-04:00,PLUG,bubble,1.8921024095605907,7.604146260342901,-0.09846151792086089,-0.3346154139592097,-0.09846151792086087
2021-07-20 00:00:00-04:00,PLUG,bubble,2.123255746386517,15.288448030423694,-0.1500372522364124,-0.32613551860850754,-0.15003725223641237
2021-07-21 00:00:00-04:00,PLUG,bubble,2.0892069903907857,23.257841313239496,-0.2516933924409698,-0.34688056352531893,-0.2516933924409698
2021-07-22 00:00:00-04:00,PLUG,bubble,2.0536313414681575,23.58656977381915,-0.20965969843512966,-0.3545554541203092,-0.23197951592705904
2021-07-23 00:00:00-04:00,PLUG,bubble,2.1430246547737997,24.250681387725166,-0.21447221613355172,-0.3476314763326914,-0.21708317086009474
2021-07-26 00:00:00-04:00,PLUG,bubble,2.1772298404229837,23.415972267955,-0.23531581099732002,-0.39490212983273676,-0.23531581099732
2021-07-27 00:00:00-04:00,PLUG,bubble,2.1796404819310133,29.24311281946177,-0.25687381886265126,-0.35291899062676413,-0.2568738188626512
2021-07-28 00:00:00-04:00,PLUG,bubble,2.4528534087879783,39.64803296277591,-0.30039527967193325,-0.2227811994227923,-0.3003952796719333
2021-07-29 00:00:00-04:00,PLUG,bubble,2.3211235844369194,38.883253979872336,-0.3286764810035795,-0.21544119286702124,-0.3286764810035795
2021-07-30 00:00:00-04:00,PLUG,bubble,2.4228358098851994,40.899582278655274,-0.31231672446161274,-0.22140765262092277,-0.33064516974808106
2021-08-02 00:00:00-04:00,PLUG,bubble,2.4526589763326734,43.348120574057056,-0.1784372595886361,-0.12734790346064828,-0.3140495998043069
2021-08-03 00:00:00-04:00,PLUG,bubble,1.8919214205666326,49.68233075554507,-0.1355228457382638,-0.11060778899554158,-0.31068326211196995
2021-08-04 00:00:00-04:00,PLUG,bubble,1.8357063598168235,44.59294568507061,-0.1564310286805125,-0.06875236853070643,-0.2947083561468639
2021-08-05 00:00:00-04:00,PLUG,bubble,1.786709561908796,49.93394830406003,-0.19538461245023286,-0.031153825613168595,-0.29769229888916016
2021-08-06 00:00:00-04:00,PLUG,bubble,1.4137931708739142,49.347256145159655,-0.1725868486174189,-0.01081076383864299,-0.29498067575963843
2021-08-09 00:00:00-04:00,PLUG,bubble,1.4982270365491464,57.26871932068154,-0.2384670386064145,-0.12455642976828352,-0.3520227100377977
2021-08-10 00:00:00-04:00,PLUG,bubble,1.4169435609359473,55.9591416198255,-0.24536086609619678,-0.010996552942589943,-0.37250859142567494
2021-08-11 00:00:00-04:00,PLUG,bubble,1.4226347128162944,50.35750592953295,-0.16058392991927672,0.012408764865746713,-0.33357662470430005
2021-08-12 00:00:00-04:00,PLUG,bubble,1.4844778516543915,48.050684888469405,-0.15675878127860388,0.11851575487312771,-0.30859521641871135
2021-08-13 00:00:00-04:00,PLUG,bubble,1.199823989997165,40.893173314297705,-0.14805917925085543,0.19887952616544236,-0.269307707237934
2021-08-16 00:00:00-04:00,PLUG,bubble,1.2017544931028432,43.41508481808214,-0.14462155430065693,0.1629482107740272,-0.27250996209695577
2021-08-17 00:00:00-04:00,PLUG,bubble,1.120491905220093,40.666674417159875,-0.08117511841302116,0.10050245031991034,-0.2941631373591045
2021-08-24 00:00:00-04:00,PLUG,bubble,1.0948136192728146,49.841273829929044,-0.23365573796498074,0.06460348362281132,-0.2936170228464946
2021-08-25 00:00:00-04:00,PLUG,bubble,1.055252845400418,51.57088027407351,-0.1719045450363219,0.13593336513932885,-0.30859521641871135
2021-08-27 00:00:00-04:00,PLUG,bubble,1.0477290877719567,43.35017033678663,-0.04924809951713249,0.07142855606324972,-0.3135338358264746
2021-08-31 00:00:00-04:00,PLUG,bubble,1.0077041899072747,43.16326665659794,-0.030314621042535128,0.0759785683101264,-0.2993092631200667
2021-09-02 00:00:00-04:00,PLUG,bubble,1.0662099626448538,62.7358431152389,-0.15027624239528148,-0.04714544373043961,-0.3274401294496108
2021-09-03 00:00:00-04:00,PLUG,bubble,1.2857142149406826,57.1271866532483,-0.11969696564669996,-0.020833304735144775,-0.3083333146692524
2021-09-07 00:00:00-04:00,PLUG,bubble,1.278911455396183,55.31427540059217,-0.04552236373452612,0.025000003558486306,-0.318656688481137
2021-09-08 00:00:00-04:00,PLUG,bubble,1.152600254508286,51.00105657871491,0.03722774392307393,0.15326735996963947,-0.27683167410368964
2021-09-09 00:00:00-04:00,PLUG,bubble,1.082440230054861,59.14634061242633,0.0249405841274013,0.18448138579523632,-0.2771179705689917
2021-09-13 00:00:00-04:00,PLUG,bubble,1.0674636213155573,42.875478306176674,-0.07104499704246714,0.1941346939560129,-0.2457661743327746
2021-09-14 00:00:00-04:00,PLUG,bubble,1.0147059075605962,42.28274720509141,-0.06366584365526584,0.19991891061155664,-0.25952958873200915
2021-09-17 00:00:00-04:00,PLUG,bubble,1.0615264017749633,49.16772698299505,-0.01208914632131386,0.04684547802358896,-0.3101624215128179
2021-09-22 00:00:00-04:00,PLUG,bubble,1.0819798484860108,49.940118392664814,0.026745888236030524,-0.11069834820916469,-0.32169390129527536
2021-09-23 00:00:00-04:00,PLUG,bubble,1.2988411120158387,53.45211992845532,0.024846907286099063,-0.1850918693650967,-0.34245589024551565
2021-09-24 00:00:00-04:00,PLUG,bubble,1.3994661799420567,53.156143582967104,0.03633672504766072,-0.1957730409241214,-0.32295140178812703
2021-09-27 00:00:00-04:00,PLUG,bubble,1.4377682874218949,57.952285584980416,-0.01126759503952346,-0.23063377905071658,-0.35704223682567754
2021-09-28 00:00:00-04:00,PLUG,bubble,1.0325757811658423,57.83729830221436,0.10510621330015613,-0.1613865052560145,-0.31941855084584125
2021-10-18 00:00:00-04:00,PLUG,bubble,1.0030730937709769,67.73399110240642,-0.13930656318720003,-0.4136237950022199,-0.43970542671409424
2021-10-19 00:00:00-04:00,PLUG,bubble,1.0402684485655902,76.6990249312089,-0.20364831775151881,-0.493121965938083,-0.4539473391515835
2021-10-20 00:00:00-04:00,PLUG,bubble,1.0208714744494918,73.6235523625848,-0.30589302392413253,-0.5039489419197245,-0.44532195490499177
2021-10-21 00:00:00-04:00,PLUG,bubble,1.2658141956158064,74.78579681297688,-0.34541128262206466,-0.5102464904103468,-0.45767742138686857
2021-10-22 00:00:00-04:00,PLUG,bubble,1.1858289224302605,76.08967105238155,-0.3042813617978959,-0.5189602698705768,-0.44159022009636134
2021-10-25 00:00:00-04:00,PLUG,bubble,1.3206920617303308,78.88950556460414,-0.3600917714642061,-0.5249426838472402,-0.47649083515729007
2021-10-26 00:00:00-04:00,PLUG,bubble,1.3630704065561088,75.62934587136665,-0.35235585757569665,-0.5194614879664547,-0.4656130755816939
2021-10-27 00:00:00-04:00,PLUG,bubble,1.3265720037974162,73.88059341966986,-0.36820692044399483,-0.5329846042986017,-0.46934029904521707
1999-08-03 00:00:00-04:00,SCHW,largecap,2.06365868247779,20.33100028226127,-0.05559854182032198,0.5095606708396714,-0.26461685320170814
1999-08-04 00:00:00-04:00,SCHW,largecap,2.1627963676099733,13.613835401328913,-0.03307468605617281,0.5122513310142058,-0.24971018023810382
1999-08-09 00:00:00-04:00,SCHW,largecap,2.042100187712175,33.08080102726089,0.04256530993850394,0.48278083291339824,-0.28589809758488305
1999-08-10 00:00:00-04:00,SCHW,largecap,2.170686221662236,31.969498034240985,0.040194346473352516,0.5143028903608222,-0.2697366315356302
1999-08-11 00:00:00-04:00,SCHW,largecap,2.2442349500470073,30.09322726882951,-0.012387450981201864,0.5117672473644572,-0.2745100184951274
1999-08-30 00:00:00-04:00,SCHW,largecap,2.578756569193628,50.56502100969697,0.09880052672140693,0.43814301281134704,-0.2745100184951274
1999-08-31 00:00:00-04:00,SCHW,largecap,2.9740466176397264,52.702685857305845,0.17803192680508007,0.4354095020634057,-0.2974684290924214
1999-09-01 00:00:00-04:00,SCHW,largecap,2.8653384016273975,45.345333949845816,0.1560007193627151,0.4370670340713676,-0.2896001036788084
1999-09-02 00:00:00-04:00,SCHW,largecap,2.7510967239239115,36.23689475473181,0.23162380562026752,0.4802886842949392,-0.2884612347027051
1999-09-07 00:00:00-04:00,SCHW,largecap,3.0075822095360145,36.89649665604849,0.13729177132367076,0.40059328892775414,-0.31901829016813343
1999-09-08 00:00:00-04:00,SCHW,largecap,2.399874711294628,36.896536848976154,0.16022483369241503,0.5043701270636343,-0.28502399484940955
1999-09-09 00:00:00-04:00,SCHW,largecap,2.3745157059652087,39.19410969248953,0.18842624377239003,0.49950160567387236,-0.2756931267964433
1999-09-10 00:00:00-04:00,SCHW,largecap,2.5279093047268866,35.95506282685345,0.3957045709143283,0.4846594935893307,-0.2697366315356302
1999-09-13 00:00:00-04:00,SCHW,largecap,2.2598448767281143,32.49998758928382,0.3806187921176494,0.5477744575786496,-0.24745741330596455
1999-09-14 00:00:00-04:00,SCHW,largecap,2.101613668155993,34.86592607475798,0.33769559079044,0.5484030585631137,-0.2371136561141137
1999-09-15 00:00:00-04:00,SCHW,largecap,1.94506870082824,30.04113846048243,0.3319692713242881,0.545747193503828,-0.23842218051525563
1999-09-16 00:00:00-04:00,SCHW,largecap,1.7370728523919987,29.46052293177999,0.3545772194304142,0.5044931801033017,-0.24873064374701864
1999-09-17 00:00:00-04:00,SCHW,largecap,1.7667612869567106,31.838453851587175,0.5278292471389219,0.463041143043212,-0.23316046175328142
1999-09-20 00:00:00-04:00,SCHW,largecap,1.795335873420632,46.3916777045034,0.44581831444429376,0.29599868903007254,-0.25752497583665196
1999-09-21 00:00:00-04:00,SCHW,largecap,1.7700416453720038,35.71421433538018,0.5132022054407672,0.3950424201273619,-0.22916642214786412
1999-09-22 00:00:00-04:00,SCHW,largecap,1.6537108126686948,36.45826854724835,0.6084451493560967,0.38858486388451996,-0.22513073013929552
1999-09-23 00:00:00-04:00,SCHW,largecap,1.4698921601613915,35.53299606347447,0.7295941654316311,0.271493520241584,-0.21693105715336358
1999-09-24 00:00:00-04:00,SCHW,largecap,1.6352516997179203,17.49984204457502,0.8518164094162923,0.4966065075459536,-0.2099644900272806
1999-09-27 00:00:00-04:00,SCHW,largecap,1.4839624572039751,16.470436510664967,0.7856247054500418,0.5187021093916708,-0.17472119264709354
1999-09-28 00:00:00-04:00,SCHW,largecap,1.408170820986728,19.310206292345754,0.8095249405978304,0.490658654771704,-0.16541373921381658
1999-09-29 00:00:00-04:00,SCHW,largecap,1.5617705785368319,31.446461156005412,0.717797094480864,0.43146307964317554,-0.19855601061408723
1999-09-30 00:00:00-04:00,SCHW,largecap,1.5524492893943904,28.901651138924294,0.7657087675556837,0.5721361401327503,-0.1700935610303145
1999-10-01 00:00:00-04:00,SCHW,largecap,1.6768587090728864,29.585665200703374,0.7516945253907013,0.6360039706329359,-0.14779232529842656
1999-10-04 00:00:00-04:00,SCHW,largecap,1.5845077455375587,38.33319936410834,0.6882085505842506,0.5575800001895455,-0.17777752297039778
1999-10-05 00:00:00-04:00,SCHW,largecap,1.7950312474486618,39.34413296528962,0.47160859319378345,0.48262569293861723,-0.18382324417803805
1999-10-06 00:00:00-04:00,SCHW,largecap,1.8330642213430215,41.26993651738166,0.5279404533033836,0.44811851275474135,-0.20430118606281925
1999-10-07 00:00:00-04:00,SCHW,largecap,2.0646215288535497,48.167529654918276,0.6270027645363492,0.4441848196600642,-0.22377600672289996
1999-10-08 00:00:00-04:00,SCHW,largecap,1.9029756391590187,35.265716334219206,0.6435969532485215,0.38727730177678543,-0.1731843936934908
1999-10-11 00:00:00-04:00,SCHW,largecap,1.5901095936877114,39.24731748941194,0.6672012760843109,0.30580145912300805,-0.1716415676071486
1999-10-12 00:00:00-04:00,SCHW,largecap,1.3894971387983697,34.59715966214189,0.70590653630234,0.386644942733702,-0.12598411437401957
1999-10-13 00:00:00-04:00,SCHW,largecap,1.0172706992594347,27.65151252256537,0.818632981700911,0.5420934488749274,-0.011135620843754582
1999-10-14 00:00:00-04:00,SCHW,largecap,1.1141343918929283,35.64014865857379,0.6378784288412938,0.3608498229821244,-0.07306896650196969
1999-10-20 00:00:00-04:00,SCHW,largecap,1.0347513919800666,40.89353383696988,0.46782163471038785,0.4489770812052907,-0.01867309757487515
1999-10-21 00:00:00-04:00,SCHW,largecap,1.1030914730080257,41.60843355128778,0.48940505490708097,0.5749855787138409,0.0
1999-10-22 00:00:00-04:00,SCHW,largecap,1.1688769065422142,44.702017617000784,0.39072850317852437,0.4901253220111843,-0.03149607523362815
1999-10-25 00:00:00-04:00,SCHW,largecap,1.0369124247067232,41.71978751660026,0.496972666157274,0.5202690364130191,0.0
1999-10-26 00:00:00-04:00,SCHW,largecap,1.1052485027972891,40.19605525341793,0.44678659162238077,0.5170317225454792,0.0
1999-10-27 00:00:00-04:00,SCHW,largecap,1.4134566251485565,45.53577892461553,0.34410493492916694,0.3772500790063813,-0.02549152110860495
1999-10-28 00:00:00-04:00,SCHW,largecap,1.540977958649774,58.30980039763497,0.1954598975033741,0.24490668011153494,-0.1137852905267213
1999-10-29 00:00:00-04:00,SCHW,largecap,1.6188180052826833,60.695206950109856,0.185886543983238,0.2215540953999766,-0.14255922727861092
1999-11-01 00:00:00-05:00,SCHW,largecap,1.434294440158741,66.19313957098065,0.15192392178253988,0.2967011881126769,-0.1508299215661776
1999-11-02 00:00:00-05:00,SCHW,largecap,1.3908004539616408,79.7978869691895,0.1573516887611257,0.34839755371312275,-0.15625589806290205
1999-11-03 00:00:00-05:00,SCHW,largecap,1.3466447478077632,74.72923965396961,0.15664527717211474,0.35565722078524686,-0.14255922727861092
1999-11-04 00:00:00-05:00,SCHW,largecap,1.348629793052401,85.11328303393711,0.04238926164905288,0.25609648088580905,-0.21401222192010283
1999-11-05 00:00:00-05:00,SCHW,largecap,1.066007787724625,80.18286299212174,0.07429691268182359,0.30543524162474145,-0.17728359263307722
1999-11-08 00:00:00-05:00,SCHW,largecap,1.2377606856070984,78.3332703271139,0.058525903031776405,0.3200388548665172,-0.1798385586378938
1999-11-09 00:00:00-05:00,SCHW,largecap,1.1557716444153714,69.25197862341723,0.06156150400571425,0.3977118900337646,-0.1315790485159883
1999-11-10 00:00:00-05:00,SCHW,largecap,1.2249034616293564,71.20719293723661,0.0500403422971456,0.36109384084743024,-0.1315790485159883
1999-11-11 00:00:00-05:00,SCHW,largecap,1.233422366684779,63.83099524645774,0.13612006142856692,0.39516255379541554,-0.10659865494094928
1999-11-12 00:00:00-05:00,SCHW,largecap,1.5956986355076075,75.56937353815117,0.012335778674680276,0.11000196753013647,-0.2303206245494913
1999-11-17 00:00:00-05:00,SCHW,largecap,1.341369792610204,59.623951203757684,0.04987886205730341,0.13257749858596313,-0.21311458127330432
1999-11-22 00:00:00-05:00,SCHW,largecap,1.494178593253832,58.581403080708,-0.06756135900193849,-0.03358137617889734,-0.25000011214456563
1999-11-23 00:00:00-05:00,SCHW,largecap,1.131916380223343,55.8832585388941,-0.08272246712845399,0.01467394721623494,-0.21428562701128126
1999-11-24 00:00:00-05:00,SCHW,largecap,1.0854489207414537,46.49967693865342,-0.07438376207364872,-0.01203363104654509,-0.1749995904477817
1999-11-26 00:00:00-05:00,SCHW,largecap,1.1364261594408238,49.79036662701684,-0.07438376207364872,0.04898135974889217,-0.1749995904477817
1999-11-30 00:00:00-05:00,SCHW,largecap,1.0459222039258296,50.75894537624222,0.10451998169316057,0.0831741698762416,-0.1404151243449192
1999-12-01 00:00:00-05:00,SCHW,largecap,1.086354477582029,49.06099513699443,0.14075963411495418,0.15646022692283612,-0.1199996210408639
1999-12-02 00:00:00-05:00,SCHW,largecap,1.0305932431350286,52.38093734289934,0.31675240454564957,0.08893632482983782,-0.13584239598133735
1999-12-03 00:00:00-05:00,SCHW,largecap,1.1884393136790994,42.363115696557024,0.22356266972334993,0.03685381401593579,-0.1658766864574137
1999-12-06 00:00:00-05:00,SCHW,largecap,1.1003568610911887,36.00001243762725,0.23201978751822416,0.0020647704504184183,-0.15520005950160734
1999-12-07 00:00:00-05:00,SCHW,largecap,1.0987013442052604,32.46764858172571,0.23569462873041425,0.13837963494230276,-0.15923585071795512
1999-12-08 00:00:00-05:00,SCHW,largecap,1.0117246443125056,38.022892125266445,0.20474928615377785,0.15359388214024117,-0.1315790485159883
1999-12-09 00:00:00-05:00,SCHW,largecap,1.1473944583735673,30.63833206834792,0.10477224459132706,0.06578625400939853,-0.18012426989840977
1999-12-10 00:00:00-05:00,SCHW,largecap,1.1207184970446975,30.5085076892897,0.09034805536733947,0.15948284808342184,-0.16981126829015905
1988-12-02 00:00:00-05:00,DHR,largecap,1.0192346454889591,52.00008420340268,0.3142844175255779,0.2761887206583489,0.0
1988-12-05 00:00:00-05:00,DHR,largecap,1.0188676712605846,53.84594624277825,0.2897202364921143,0.2523365541492639,-0.009345670114576427
2021-09-14 00:00:00-04:00,GE,largecap,1.0485623894618858,43.758054258619175,-0.07764669305114569,-0.2997343275696206,-0.14725997268508595
1991-10-08 00:00:00-04:00,AMD,bubble,1.25,28.125,0.9583333333333333,0.4305555555555556,0.0
1991-10-09 00:00:00-04:00,AMD,bubble,1.3870967741935485,34.375,0.9054054054054055,0.33783783783783794,0.0
1991-10-10 00:00:00-04:00,AMD,bubble,1.3529411764705883,45.945945945945944,0.7,0.23750000000000004,0.0
1991-10-24 00:00:00-04:00,AMD,bubble,1.5757575757575757,72.41379310344828,0.41176470588235303,0.3529411764705883,-0.023529411764705882
1991-10-25 00:00:00-04:00,AMD,bubble,1.5151515151515151,67.74193548387098,0.4698795180722892,0.3855421686746987,0.0
1991-10-28 00:00:00-05:00,AMD,bubble,1.65625,69.69696969696969,0.45882352941176463,0.3764705882352941,0.0
1997-09-04 00:00:00-04:00,AMD,bubble,1.8775510204081631,41.851851851851855,-0.38120567375886527,-0.6028368794326241,-0.5141843971631206
1997-09-05 00:00:00-04:00,AMD,bubble,1.8535353535353534,43.346007604562736,-0.41769911504424784,-0.5964601769911504,-0.5150442477876106
1997-09-08 00:00:00-04:00,AMD,bubble,1.6407766990291264,16.666666666666657,-0.3602941176470589,-0.5551470588235294,-0.4963235294117647
1997-09-09 00:00:00-04:00,AMD,bubble,1.621359223300971,17.894736842105274,-0.3666666666666667,-0.5185185185185186,-0.4925925925925926
1997-09-10 00:00:00-04:00,AMD,bubble,1.5192307692307692,16.83168316831683,-0.3229961249664539,-0.5057251908396947,-0.4770992366412214
1997-09-11 00:00:00-04:00,AMD,bubble,1.625,20.379146919431278,-0.3571428571428571,-0.4945054945054945,-0.4981684981684982
1997-09-12 00:00:00-04:00,AMD,bubble,1.7307692307692308,28.138528138528144,-0.352112676056338,-0.5264084507042254,-0.5176056338028169
1997-09-15 00:00:00-04:00,AMD,bubble,1.542056074766355,26.748971193415642,-0.35110294117647056,-0.5018382352941176,-0.4963235294117647
1997-09-16 00:00:00-04:00,AMD,bubble,1.411504424778761,30.13698630136986,-0.344954128440367,-0.5082568807339449,-0.4972477064220184
1997-09-17 00:00:00-04:00,AMD,bubble,1.3616071428571428,28.82096069868996,-0.275992438563327,-0.46313799621928164,-0.4820415879017013
1997-09-18 00:00:00-04:00,AMD,bubble,1.2587719298245612,28.326180257510728,-0.3048543689320389,-0.4427184466019417,-0.4679611650485437
1997-09-19 00:00:00-04:00,AMD,bubble,1.2608695652173911,31.69642857142857,-0.29807692307692313,-0.4461538461538461,-0.47307692307692306
1997-09-22 00:00:00-04:00,AMD,bubble,1.3495575221238938,28.837209302325576,-0.30508474576271183,-0.4350282485875706,-0.4839924670433145
1997-09-23 00:00:00-04:00,AMD,bubble,1.1666666666666665,27.43362831858407,-0.2942307692307692,-0.3557692307692307,-0.47307692307692306
1997-09-25 00:00:00-04:00,AMD,bubble,1.139344262295082,39.71291866028708,-0.24329501915708818,-0.37356321839080464,-0.47509578544061304
1997-09-26 00:00:00-04:00,AMD,bubble,1.194915254237288,43.22916666666667,-0.1795366795366795,-0.39575289575289574,-0.47104247104247104
1997-09-29 00:00:00-04:00,AMD,bubble,1.2203389830508473,45.876288659793815,-0.11259541984732824,-0.4255725190839694,-0.4770992366412214
1997-09-30 00:00:00-04:00,AMD,bubble,1.2652173913043478,49.171270718232044,-0.08061420345489445,-0.4299424184261037,-0.4740882917466411
1997-10-02 00:00:00-04:00,AMD,bubble,1.0219298245614037,29.01960784313725,-0.008676789587852451,-0.3492407809110629,-0.40563991323210413
1997-10-03 00:00:00-04:00,AMD,bubble,1.0560344827586206,36.43724696356276,0.020964360587002018,-0.3836477987421384,-0.42557651991614254
2000-09-12 00:00:00-04:00,AMD,bubble,1.8045977011494254,35.616438356164394,-0.21508194970302896,-0.6885245901639344,-0.5512295081967213
2000-09-13 00:00:00-04:00,AMD,bubble,1.7537091988130564,30.672268907563023,-0.1875862253123316,-0.6858620808042328,-0.5280172413793104
2000-09-14 00:00:00-04:00,AMD,bubble,1.8375,28.57142857142857,-0.1753304099196379,-0.6831718142337211,-0.5176211453744494
2000-09-15 00:00:00-04:00,AMD,bubble,1.732307692307692,28.22580645161291,-0.14486488136085307,-0.6648648579915364,-0.5067567567567568
2000-09-18 00:00:00-04:00,AMD,bubble,1.7443365695792878,26.11940298507463,-0.1535848941443101,-0.6298113049201246,-0.4834905660377358
2000-09-19 00:00:00-04:00,AMD,bubble,2.2837837837837838,39.263803680981596,-0.23325099866576648,-0.7020576068893872,-0.5493827160493827
2000-09-20 00:00:00-04:00,AMD,bubble,2.1353135313531353,37.23723723723724,-0.10905260587993426,-0.7187368292557565,-0.5389473684210526
2000-09-21 00:00:00-04:00,AMD,bubble,1.7753623188405796,21.818181818181827,0.22986947400762903,-0.6657963446475196,-0.4281984334203655
2000-09-22 00:00:00-04:00,AMD,bubble,2.039426523297491,29.342723004694832,0.08452829324974198,-0.6924528445837632,-0.4834905660377358
2000-09-25 00:00:00-04:00,AMD,bubble,1.8719723183391004,31.969309462915604,0.14467471938535392,-0.6942650668592338,-0.472289156626506
2000-09-26 00:00:00-04:00,AMD,bubble,1.8945454545454545,34.34065934065934,0.1135678698669127,-0.6783919597989949,-0.44974874371859297
2000-09-27 00:00:00-04:00,AMD,bubble,1.762589928057554,30.110497237569064,0.1791666348775227,-0.6474999984105427,-0.4296875
2000-09-28 00:00:00-04:00,AMD,bubble,1.749090909090909,31.14285714285714,0.12338628213872349,-0.6190476190476191,-0.42063492063492064
2000-09-29 00:00:00-04:00,AMD,bubble,1.7826086956521738,31.14285714285714,0.0625,-0.6416666507720947,-0.4296875
2000-10-02 00:00:00-04:00,AMD,bubble,1.6013986013986012,32.634730538922156,0.018494636781754004,-0.6223656028829595,-0.4112903225806452
2000-10-03 00:00:00-04:00,AMD,bubble,1.5436241610738257,36.59305993690852,-0.12443272734065802,-0.6259630751798524,-0.42216358839050133
2000-10-04 00:00:00-04:00,AMD,bubble,1.5209003215434085,40.3125,-0.060408144581074574,-0.6085714223433514,-0.4413265306122449
2000-10-05 00:00:00-04:00,AMD,bubble,1.523489932885906,39.57055214723926,-0.14680854310380653,-0.5531914893617021,-0.4175531914893617
2000-10-06 00:00:00-04:00,AMD,bubble,1.3703703703703702,39.090909090909086,-0.10454541986638854,-0.5272727446122603,-0.3778409090909091
2000-10-09 00:00:00-04:00,AMD,bubble,1.3552631578947367,26.642335766423358,-0.04715085162796784,-0.5427933165480971,-0.388268156424581
2000-10-10 00:00:00-04:00,AMD,bubble,1.4266666666666667,29.368029739776944,0.033406603467333484,-0.5336263887174837,-0.3983516483516483
2000-10-11 00:00:00-04:00,AMD,bubble,1.5753424657534247,48.14814814814815,0.05744682474339258,-0.5868085090150225,-0.4175531914893617
2000-10-12 00:00:00-04:00,AMD,bubble,1.5069444444444446,30.674846625766875,0.04155124653739617,-0.5789473684210527,-0.39335180055401664
2000-10-13 00:00:00-04:00,AMD,bubble,1.491103202846975,30.30303030303031,0.05142857142857138,-0.5798857334681919,-0.3742857142857143
2000-10-16 00:00:00-04:00,AMD,bubble,1.36231884057971,29.069767441860463,0.36687118436661237,-0.5298159546647335,-0.3282208588957055
2000-10-17 00:00:00-04:00,AMD,bubble,1.2357414448669202,26.31578947368422,0.578775522660236,-0.47428572258981716,-0.25510204081632654
2000-10-18 00:00:00-04:00,AMD,bubble,1.1323529411764706,26.59574468085107,0.6000000000000001,-0.45103449328192347,-0.24482758620689654
2000-10-19 00:00:00-04:00,AMD,bubble,1.3112582781456954,42.73858921161825,0.26532953038256624,-0.5296274966701737,-0.37249283667621774
2000-10-20 00:00:00-04:00,AMD,bubble,1.367892976588629,46.15384615384615,0.23615820933196496,-0.5326553603350106,-0.3813559322033898
2000-10-23 00:00:00-04:00,AMD,bubble,1.2950819672131146,43.72294372294372,0.22971426827566965,-0.5629714093889508,-0.3742857142857143
2000-10-24 00:00:00-04:00,AMD,bubble,1.1111111111111112,35.918367346938766,0.36272446954213433,-0.5328792418488777,-0.3219814241486068
2000-10-25 00:00:00-04:00,AMD,bubble,1.0813559322033899,35.918367346938766,0.5635179153094463,-0.4871661158260383,-0.28664495114006516
2000-10-26 00:00:00-04:00,AMD,bubble,1.138157894736842,44.35146443514645,0.5261538461538462,-0.4338461538461539,-0.3261538461538461
2000-10-27 00:00:00-04:00,AMD,bubble,1.0630914826498423,43.40425531914893,0.558899112433104,-0.40061162079510704,-0.3302752293577982
2000-10-31 00:00:00-05:00,AMD,bubble,1.2006079027355625,47.286821705426355,0.44132599382769344,-0.425414364640884,-0.39502762430939226
2000-11-01 00:00:00-05:00,AMD,bubble,1.2346041055718473,53.81679389312978,0.30141731322280996,-0.43223095190493765,-0.4251968503937008
2000-11-02 00:00:00-05:00,AMD,bubble,1.3030303030303032,55.95238095238095,0.2635789570055509,-0.47789475290398853,-0.4236842105263158
2000-11-03 00:00:00-05:00,AMD,bubble,1.2352941176470589,61.84210526315789,0.2526315789473683,-0.4783157750179893,-0.4236842105263158
2000-11-06 00:00:00-05:00,AMD,bubble,1.2682215743440235,73.17073170731707,0.1578406012763094,-0.4735218430546072,-0.4370179948586118
2000-11-07 00:00:00-05:00,AMD,bubble,1.142433234421365,65.50218340611353,0.27202219447931086,-0.395013867322758,-0.39335180055401664
2004-05-20 00:00:00-04:00,AMD,bubble,1.0127658434721534,49.625926443854006,0.5475686916038283,0.12755464926996196,-0.23467230600271127
2004-05-21 00:00:00-04:00,AMD,bubble,1.019858068916427,50.24629940169834,0.46137639047927625,0.12008427427191593,-0.23735956241349793
2004-05-24 00:00:00-04:00,AMD,bubble,1.078147608361419,48.73095918369323,0.4596099989965168,0.12256275937567795,-0.24373259635647257
2004-06-03 00:00:00-04:00,AMD,bubble,1.0813123646523959,49.0099021587027,0.5503770118344511,0.1706648214583124,-0.2556545892324092
2004-06-17 00:00:00-04:00,AMD,bubble,1.2431611550184574,46.64179522732404,0.533875273616006,0.1781842222211023,-0.2642276769463194
2004-06-18 00:00:00-04:00,AMD,bubble,1.2044444613986545,47.03704069998262,0.5114247041767026,0.17204303762956563,-0.2701613190084787
2004-06-21 00:00:00-04:00,AMD,bubble,1.070484654910985,37.56432597728293,0.5907801204497394,0.24326242640982487,-0.22978727922947445
2004-06-22 00:00:00-04:00,AMD,bubble,1.1605302148323466,44.87804832662737,0.4887525588960522,0.21336054154659068,-0.259713728684534
2004-07-06 00:00:00-04:00,AMD,bubble,1.2071535522236174,44.199998550414485,0.44564478330826574,0.2180959084668439,-0.26671172525474407
2004-07-08 00:00:00-04:00,AMD,bubble,1.1267606456751307,53.49794626296782,0.3079469868250213,0.2403972893418751,-0.28079474289256867
2004-07-09 00:00:00-04:00,AMD,bubble,1.0800562721432931,49.304177551137265,0.33153266405274473,0.27886563115626206,-0.26671172525474407
2004-07-12 00:00:00-04:00,AMD,bubble,1.0468084985500767,53.56371619294635,0.38045735654967383,0.31739430539466396,-0.24740128711002454
2004-07-13 00:00:00-04:00,AMD,bubble,1.0138889422387267,47.94188632748782,0.3882758041908001,0.33586212684368255,-0.251034506436052
2010-06-29 00:00:00-04:00,AMD,bubble,1.0107526778347826,47.61904512382397,0.08155081978060763,-0.07085564284182966,-0.24999998406292925
2010-07-07 00:00:00-04:00,AMD,bubble,1.1545188695789923,18.143457199025633,0.1867389196495821,-0.0527740018310805,-0.24086600340057812
2010-07-08 00:00:00-04:00,AMD,bubble,1.193452415375416,17.647048216668466,0.2089552219492612,-0.02985071826428687,-0.238805940213548
2010-07-09 00:00:00-04:00,AMD,bubble,1.109195434585684,18.025741850480983,0.1839236239415385,-0.053133560656023926,-0.23569482058709956
2010-07-12 00:00:00-04:00,AMD,bubble,1.1088825539835336,18.965505547241733,0.19972822873981722,-0.08152172469405483,-0.23777173481712616
2010-07-13 00:00:00-04:00,AMD,bubble,1.1123595791563758,26.548661363362555,0.22207441538464368,-0.14494682916921964,-0.25398934205539514
2010-07-14 00:00:00-04:00,AMD,bubble,1.0957746921562772,25.86205301896601,0.12365585919101374,-0.12903226219942032,-0.24596772978920273
2010-07-22 00:00:00-04:00,AMD,bubble,1.1436620382344156,56.395359152782014,0.053876519981074456,-0.145860724578173,-0.26281208474517753
2010-07-23 00:00:00-04:00,AMD,bubble,1.1782730803966728,69.00585561757538,-0.035805652642186936,-0.00895142840470109,-0.2826086943265953
2010-07-26 00:00:00-04:00,AMD,bubble,1.1405834842579865,78.14208504590928,-0.048327122829475044,-0.054522874476129024,-0.3048326709216063
2010-07-28 00:00:00-04:00,AMD,bubble,1.1167108910998786,66.66667535222773,-0.06140353969726098,-0.05889721667522241,-0.2969924661521805
2010-07-29 00:00:00-04:00,AMD,bubble,1.0970350754212426,61.00000405311681,-0.0038560679947704513,-0.04627250948663819,-0.2789203107678837
2010-07-30 00:00:00-04:00,AMD,bubble,1.046447976904406,52.86342816511169,0.0,-0.020026651951136176,-0.25100129439965246
2010-08-02 00:00:00-04:00,AMD,bubble,1.0901639114664547,52.863438066637876,0.023529389031984982,-0.05620918951833398,-0.26666665835577946
2010-08-03 00:00:00-04:00,AMD,bubble,1.0080214464523665,51.502149348237396,0.094540614714826,-0.053262327986238645,-0.2529960103144128
2010-08-04 00:00:00-04:00,AMD,bubble,1.0,52.380955329852625,0.1023936147446165,-0.04787235830152892,-0.25398934205539514
2010-08-05 00:00:00-04:00,AMD,bubble,1.0,52.83843049359101,0.11066665649414054,-0.1333333333333333,-0.25199998219807945
2010-08-06 00:00:00-04:00,AMD,bubble,1.0080861813107083,50.220258857460344,0.1275167561861783,-0.11946307238541853,-0.2469798285715968
2010-08-09 00:00:00-04:00,AMD,bubble,1.0054054001807469,45.794396271757094,0.12264148760853177,-0.19946091696170165,-0.24393529975320144
2017-09-12 00:00:00-04:00,AMD,bubble,1.070707082870043,52.0249238768851,-0.07642280646187993,1.6186990719508492,-0.1951219947144734
2017-09-13 00:00:00-04:00,AMD,bubble,1.1289199920383144,45.63759677952558,-0.062193143393983186,1.4942715937965594,-0.18985274941099686
2017-09-14 00:00:00-04:00,AMD,bubble,1.0298013752173203,46.000003814697266,-0.06443718981276714,1.6688418115704495,-0.192495967886846
2021-08-19 00:00:00-04:00,FCX,bubble,1.179423779282378,27.60248112837219,0.34006776786579906,-0.04729161055802744,-0.05983949992705225
2021-08-20 00:00:00-04:00,FCX,bubble,1.240969711522232,33.506044420784704,0.31871835148498273,-0.07657513893285539,-0.07073176510719843
2021-09-16 00:00:00-04:00,FCX,bubble,1.0529646414563394,48.97959747088976,0.4243222633637982,-0.13263163250154253,-0.11137023927911598
2021-09-22 00:00:00-04:00,FCX,bubble,1.0214839171828514,34.32298354398334,0.5868470151832719,-0.08882507562510422,0.0
2021-09-23 00:00:00-04:00,FCX,bubble,1.1834296078443547,35.12163735033823,0.6110185923437179,-0.15718702306694776,-0.012457330971498034
2021-09-24 00:00:00-04:00,FCX,bubble,1.1053200378543244,36.05153840124709,0.6194920799240506,-0.1662486490215177,-0.016439390945039187
2021-09-27 00:00:00-04:00,FCX,bubble,1.2259517608323809,42.06093312043362,0.4905157480852098,-0.19624160428045567,-0.06487780983289822
2021-09-28 00:00:00-04:00,FCX,bubble,1.1204766324881894,47.097233906297646,0.5002212594118363,-0.15818715131091288,-0.05540654822684503
2021-09-29 00:00:00-04:00,FCX,bubble,1.1706000044829414,43.84061013020466,0.5420164578108413,-0.13699494589678385,-0.042283506699081465
2021-09-30 00:00:00-04:00,FCX,bubble,1.0889432948332876,39.241441941722975,0.5373659193832105,-0.14780056638846262,-0.025207592599523435
2021-10-01 00:00:00-04:00,FCX,bubble,1.121056417068707,41.14250400839474,0.5602049112410898,-0.09376138843752213,-0.034409594358144106
2021-10-04 00:00:00-04:00,FCX,bubble,1.0609697730525807,42.2734371148726,0.5645615051362245,-0.04550484118934928,-0.030571877646733032
2021-10-06 00:00:00-04:00,FCX,bubble,1.025923094249975,37.140032067227935,0.5238531166670197,-0.0461124826081456,0.0
2021-10-07 00:00:00-04:00,FCX,bubble,1.04199309115659,55.55556739071195,0.42026959689356724,-0.14436811247409476,-0.005536271869154834
2021-10-08 00:00:00-04:00,FCX,bubble,1.0403580617076966,65.19500216142455,0.44261128626728685,-0.13039166083528386,0.0
2021-10-12 00:00:00-04:00,FCX,bubble,1.0678228830065635,65.73784261058012,0.3944247301873671,-0.15476154321768643,0.0
2021-03-31 00:00:00-04:00,ZM,bubble,1.19880932987473,36.674006378154864,-0.19882350270435178,-0.6190668986442005,-0.19882350270435184
2021-04-01 00:00:00-04:00,ZM,bubble,1.3812409561045849,41.8234896732109,-0.19841832083634048,-0.6406523023357082,-0.21095547621798322
2021-04-05 00:00:00-04:00,ZM,bubble,1.6569342298388103,39.32261706306054,-0.17424985547105976,-0.6356957656623731,-0.20542656361378778
2021-04-06 00:00:00-04:00,ZM,bubble,1.572465026485664,47.65619126686444,-0.21289311426514212,-0.6231541418503337,-0.21947300708764
2021-04-07 00:00:00-04:00,ZM,bubble,1.6279484314004873,44.24951206554694,-0.20415994241823576,-0.622322639239762,-0.20415994241823573
2021-04-08 00:00:00-04:00,ZM,bubble,1.9123516376201923,57.065926972924245,-0.23433350992774737,-0.6495713693381431,-0.23433350992774737
2021-04-09 00:00:00-04:00,ZM,bubble,1.7387318613262157,48.273547044759376,-0.20573378626533978,-0.6456841721450599,-0.21385402543084267
2021-04-12 00:00:00-04:00,ZM,bubble,1.582202266881743,46.62156341928792,-0.20671209198841223,-0.6550651670014163,-0.2110665727596144
2021-04-13 00:00:00-04:00,ZM,bubble,1.5217039774674652,51.317988547371506,-0.2590226076711798,-0.6818380654945068,-0.2599562541313366
2021-04-14 00:00:00-04:00,ZM,bubble,1.3201072212496463,56.96810409066269,-0.2239064519460332,-0.676245449942367,-0.22949579437753506
2021-04-15 00:00:00-04:00,ZM,bubble,1.1930589221229893,58.32778797929618,-0.19898914999943074,-0.6543414233652374,-0.23686747045474663
2021-04-16 00:00:00-04:00,ZM,bubble,1.1958606699670846,54.87424368005397,-0.19075617552004742,-0.6656766374374965,-0.23124720559995457
2021-04-19 00:00:00-04:00,ZM,bubble,1.1613354114951582,58.24708426845477,-0.1788609800195622,-0.6739740318762999,-0.21792617273158824
2021-04-20 00:00:00-04:00,ZM,bubble,1.1597421767600427,54.55026603853315,-0.14777173215661066,-0.6544844280969988,-0.21172852613981658
2021-04-21 00:00:00-04:00,ZM,bubble,1.2528093818704886,50.8422140355601,-0.14363618312815563,-0.678708657173654,-0.21412199088519507
2021-04-22 00:00:00-04:00,ZM,bubble,1.1851581186304077,51.188983538433064,-0.16024005450629697,-0.6925256009495845,-0.22743059138030877
2021-04-26 00:00:00-04:00,ZM,bubble,1.1185138977490117,53.73269061202161,-0.17490049493773074,-0.6954996779244491,-0.2460317942678807
2021-04-27 00:00:00-04:00,ZM,bubble,1.026063049017421,56.12137116991469,-0.16102426837972872,-0.7050586119804535,-0.2394074745145409
2021-04-28 00:00:00-04:00,ZM,bubble,1.1136421479062686,49.98103023390899,-0.15864147258254713,-0.7052981049159788,-0.23426416936910377
2021-04-29 00:00:00-04:00,ZM,bubble,1.1921082432360217,49.03834939176877,-0.15038931057931604,-0.6805979582400548,-0.2100592056210888
2021-04-30 00:00:00-04:00,ZM,bubble,1.3642081205386782,48.8021715798296,-0.13452457917409544,-0.688425079285348,-0.20627722225776787
2021-05-03 00:00:00-04:00,ZM,bubble,1.2655890513781585,27.955349771479803,-0.125095622615632,-0.6661888492826202,-0.19199164421902778
2021-05-04 00:00:00-04:00,ZM,bubble,1.1252788686199562,30.01148855728671,-0.08499262963213228,-0.6603903667164699,-0.1679514882136681
2021-05-05 00:00:00-04:00,ZM,bubble,1.0548956034206998,23.234345717702865,-0.058133633542324925,-0.6337914422593858,-0.1476528209352701
2021-05-26 00:00:00-04:00,ZM,bubble,1.0130270132472705,68.41929905605998,-0.3662321511238388,-0.6861217599465967,-0.3662321511238388
2021-09-30 00:00:00-04:00,PLTR,bubble,1.5305264121607731,40.99678587237355,-0.42886859320507864,-0.661813652045671,-0.5661397708833246
2021-10-01 00:00:00-04:00,PLTR,bubble,1.571881588329446,43.89250753620235,-0.43156596929411717,-0.6613234773137224,-0.5713111246246548
2021-10-04 00:00:00-04:00,PLTR,bubble,1.5184783213756048,38.12451748178342,-0.368580057562909,-0.6348726797457933,-0.5498489309092801
2021-10-05 00:00:00-04:00,PLTR,bubble,1.570321126336926,34.17824371366309,-0.4015510171814235,-0.6372253163108967,-0.5506246998452755
2021-10-06 00:00:00-04:00,PLTR,bubble,1.3818182658886484,27.149323141474184,-0.44868532476412337,-0.6407972733488634,-0.5576759822339938
2021-10-07 00:00:00-04:00,PLTR,bubble,1.3729999542236326,27.607913576515728,-0.4589127517792677,-0.6565528960915348,-0.5604719550621259
2021-10-08 00:00:00-04:00,PLTR,bubble,1.35,33.40587762333118,-0.4595744762014835,-0.657021258739715,-0.556170199779754
2021-10-11 00:00:00-04:00,PLTR,bubble,1.364824234944717,33.11474904080143,-0.46196347309937336,-0.6583085538787874,-0.5567360815635103
2021-10-12 00:00:00-04:00,PLTR,bubble,1.3953488080566094,27.999996409695896,-0.47403968943630803,-0.6593499572436695,-0.5597298408591748
2021-10-13 00:00:00-04:00,PLTR,bubble,1.548046302044861,19.47366188766867,-0.4653957701123913,-0.6651471112836393,-0.5677579499408311
2021-10-14 00:00:00-04:00,PLTR,bubble,1.6070663794071698,22.339021963341807,-0.4899384032147479,-0.6907597498216609,-0.5716632385306664
2021-10-15 00:00:00-04:00,PLTR,bubble,1.4217962027786855,24.74526334610175,-0.4937500158945719,-0.669166664282481,-0.5654166539510092
2021-10-18 00:00:00-04:00,PLTR,bubble,1.498455214580158,39.19999664306513,-0.4678483212855624,-0.6636438676658574,-0.5700741876845189
2021-10-19 00:00:00-04:00,PLTR,bubble,1.5799374421517287,51.84381913364973,-0.4819765214581352,-0.6796273926158494,-0.5775617626743854
2021-10-20 00:00:00-04:00,PLTR,bubble,1.6127290309969857,51.95650416195877,-0.4909165865703595,-0.6680429318831603,-0.5693641370408768
2021-10-21 00:00:00-04:00,PLTR,bubble,1.693478391346276,54.620128430679856,-0.5173527156279507,-0.6654560237231675,-0.5790960445454411
2021-10-22 00:00:00-04:00,PLTR,bubble,1.5237602825398002,65.51723165951881,-0.5042980145148994,-0.6614817701819031,-0.5730658954201461
2021-10-08 00:00:00-04:00,LCID,bubble,1.3906556285806215,46.612905686901456,-0.06715456693317323,-0.46276366159172355,-0.07232028769287047
2021-10-11 00:00:00-04:00,LCID,bubble,1.3456409943409455,30.339316189986846,-0.05115871055691379,-0.4468736262002285,-0.057717521313432815
2021-10-12 00:00:00-04:00,LCID,bubble,1.3699897109031962,38.6826383853387,-0.07675633884886268,-0.43235043177872345,-0.0767563388488627
2021-10-13 00:00:00-04:00,LCID,bubble,1.3288659164586019,33.053893484900286,-0.023904356097321777,-0.4240814093906873,-0.05754758898292434
2021-10-22 00:00:00-04:00,LCID,bubble,1.4984456591037887,49.78784468763529,-0.1982579918775904,-0.46909997196332065,-0.20738282345182785
1987-11-02 00:00:00-05:00,ADBE,quality,1.2222193933195524,33.33334355417976,0.4600006451711982,0.7150004172486275,-0.12000013650977495
1987-11-03 00:00:00-05:00,ADBE,quality,1.1363642743226405,30.86422781134509,0.5638297210228826,0.9042554184656759,-0.06383006679227315
1987-11-04 00:00:00-05:00,ADBE,quality,1.160918552578834,29.999982733147718,0.5425536660026742,0.8404263889815744,-0.06383006679227315
1987-11-05 00:00:00-05:00,ADBE,quality,1.1573049710788452,32.05126802784699,0.5104171639352866,0.8124996825944979,-0.08333358725773496
1987-11-09 00:00:00-05:00,ADBE,quality,1.0,44.16664776338006,0.5326103036804031,0.8695653210731245,-0.043478314630509
1987-11-11 00:00:00-05:00,ADBE,quality,1.0,46.15383052768152,0.4999998675176742,0.9239139871748276,-0.043478314630509
1987-11-12 00:00:00-05:00,ADBE,quality,1.197800041056471,57.14288083267236,0.3500005809791018,0.8100009823828447,-0.12000013650977495
1987-11-13 00:00:00-05:00,ADBE,quality,1.0434787562382617,66.66674727790752,0.478724290749182,0.8723398664154536,-0.06383006679227315
1987-11-16 00:00:00-05:00,ADBE,quality,1.065932335042591,72.72729191406233,0.45744719842080195,0.8297868919515605,-0.06383006679227315
1987-11-17 00:00:00-05:00,ADBE,quality,1.0674168074569148,70.88606917911667,0.45652172953026615,0.8913044342276037,-0.043478314630509
1987-11-18 00:00:00-05:00,ADBE,quality,1.112361163164067,62.90325878232479,0.38297867190668655,0.7978728958635954,-0.06383006679227315
1987-11-19 00:00:00-05:00,ADBE,quality,1.0000029215593274,49.09099639075573,0.4494376965145208,0.9101112372959146,-0.011236939850020146
1987-11-23 00:00:00-05:00,ADBE,quality,1.0898905373888836,48.888953893496094,0.43010724973467385,0.8494608680578641,0.0
1987-11-24 00:00:00-05:00,ADBE,quality,1.2022485963961653,53.99999122436519,0.336735547554345,0.7755100771722976,-0.04081620638977503
1987-11-25 00:00:00-05:00,ADBE,quality,1.243384407221769,58.92858075641065,0.28301856419154836,0.679245167311066,-0.11320757898945683
1987-11-27 00:00:00-05:00,ADBE,quality,1.1224463940288656,64.70579613002892,0.29807742491572053,0.7115385757293256,-0.09615375600316398
1987-12-02 00:00:00-05:00,ADBE,quality,1.0408137511203752,57.4074246840424,0.464999828143944,0.7800001966390806,-0.059999865115341416
1987-12-09 00:00:00-05:00,ADBE,quality,1.0784283047642598,61.111139533987874,0.47169776029875154,0.8113206505799595,-0.09433967471002026
1987-12-10 00:00:00-05:00,ADBE,quality,1.2947356032366129,69.23075240263401,0.44036712704155145,0.6513749745609765,-0.11926634228960903
1987-12-11 00:00:00-05:00,ADBE,quality,1.2916672168362036,71.15394622133792,0.4272730032737957,0.5818175250565152,-0.12727293679178656
1987-12-14 00:00:00-05:00,ADBE,quality,1.484208759847554,72.7273251072581,0.32203345246029813,0.4406779322548393,-0.1864408040164602
1987-12-15 00:00:00-05:00,ADBE,quality,1.5106353772282972,70.00008775653347,0.2796617224810205,0.4406779322548393,-0.1864408040164602
1987-12-16 00:00:00-05:00,ADBE,quality,1.53763649237488,64.28578476296717,0.28813587566651266,0.4745757844920009,-0.1864408040164602
1987-12-17 00:00:00-05:00,ADBE,quality,1.404254029872189,60.00016251251572,0.33628308466079204,0.557520474470272,-0.1504431422272516
1987-12-18 00:00:00-05:00,ADBE,quality,1.4255285013449117,71.79490064327942,0.3684209250832071,0.5438593590127847,-0.1578946618136512
1987-12-21 00:00:00-05:00,ADBE,quality,1.4468060847381135,72.50006551284163,0.36521753691962444,0.6521736734234029,-0.16521766410258748
1987-12-22 00:00:00-05:00,ADBE,quality,1.2857113481898632,65.00001929828588,0.4107152340443314,0.7321433805381283,-0.1428570184859893
1987-12-23 00:00:00-05:00,ADBE,quality,1.1584178695952887,64.99995327788162,0.4587155771806928,0.7339447147586591,-0.11926634228960903
1987-12-24 00:00:00-05:00,ADBE,quality,1.117643731745353,65.00001929828588,0.47222273843069607,0.7222221929634423,-0.11111107767250553
1987-12-28 00:00:00-05:00,ADBE,quality,1.1818158389074895,68.42107514015046,0.4444442354531595,0.7592596451964988,-0.11111107767250553
1987-12-29 00:00:00-05:00,ADBE,quality,1.2200017535005614,67.56766846951943,0.4234232229384849,0.7747741291341335,-0.13513571284831358
1987-12-30 00:00:00-05:00,ADBE,quality,1.2745057583194668,64.70587110643226,0.3706904202670529,0.7586214360300532,-0.17241359020542243
1987-12-31 00:00:00-05:00,ADBE,quality,1.2692312981147715,63.63636811327775,0.36440683509983196,0.677966478678858,-0.1864408040164602
1988-01-04 00:00:00-05:00,ADBE,quality,1.224299332275034,63.63643974375358,0.36974729322731203,0.6470576265834971,-0.1932778135727979
1988-01-05 00:00:00-05:00,ADBE,quality,1.287037207713253,59.32203296459635,0.303643931401941,0.5870443111922339,-0.22267209354563094
1988-01-06 00:00:00-05:00,ADBE,quality,1.1284416896630742,47.29723141414239,0.4051730122215069,0.7586214360300532,-0.17241359020542243
1988-01-07 00:00:00-05:00,ADBE,quality,1.0530974507672348,47.29723141414239,0.5000001050721921,0.7241381435943193,-0.17241359020542243
1996-07-05 00:00:00-04:00,BIIB,bubble,2.152174626947362,24.528309220135043,0.1931036790628029,0.3586209378599956,-0.1931033633636857
1996-07-11 00:00:00-04:00,BIIB,bubble,1.939999102783477,37.209311403275315,0.1564626888352998,0.4013606480189733,-0.20408163265306123
1996-07-12 00:00:00-04:00,BIIB,bubble,2.1224499519347995,39.0977448784707,0.05882352941176472,0.33986918131510424,-0.23529411764705882
1996-07-15 00:00:00-04:00,BIIB,bubble,1.8799991210940181,35.25180116732966,0.13194433848063158,0.4305556615193684,-0.1875
1996-07-16 00:00:00-04:00,BIIB,bubble,1.7959195494109328,32.167839778941854,0.23357639356444504,0.49635008692496796,-0.14598549657830046
1996-07-17 00:00:00-04:00,BIIB,bubble,2.127658559057825,40.875918993882344,0.1428571428571428,0.4421769745495854,-0.20408163265306123
1996-07-18 00:00:00-04:00,BIIB,bubble,2.425287707098599,40.875918993882344,0.1879193414348279,0.5033556531503507,-0.21476518108545278
1996-07-19 00:00:00-04:00,BIIB,bubble,2.0,34.35114103697087,0.21527767181396484,0.5,-0.1875
1996-07-22 00:00:00-04:00,BIIB,bubble,1.699999176025642,29.629642188299485,0.25925937228732643,0.6000000000000001,-0.13333333333333333
1996-07-23 00:00:00-04:00,BIIB,bubble,1.4199989562991466,28.985510130834086,0.3553721978522937,0.8512400289790922,-0.03305772930274261
1996-07-24 00:00:00-04:00,BIIB,bubble,1.4375,29.85075544636038,0.41025641025641035,0.9658120962289662,0.0
1996-07-25 00:00:00-04:00,BIIB,bubble,1.4901957792394303,42.37288332848415,0.29133885797682124,0.7598427311265277,-0.047244100164470545
1996-07-26 00:00:00-04:00,BIIB,bubble,1.5098042207605697,35.84906067785279,0.3359373407438586,0.6484371842816847,-0.054687731899293435
1996-07-29 00:00:00-04:00,BIIB,bubble,1.2777777777777777,28.43137474895937,0.41463414634146334,0.6666665426114711,-0.016260286656821648
1996-07-30 00:00:00-04:00,BIIB,bubble,1.3773578061207306,33.68422117787874,0.38095238095238093,0.7142857142857142,-0.03968266078404018
1996-07-31 00:00:00-04:00,BIIB,bubble,1.4313722498276653,36.7816073810407,0.3951615850585919,0.7661292495886587,-0.0241935513642282
1996-08-01 00:00:00-04:00,BIIB,bubble,1.4693882126751996,30.952382249896317,0.4297523725213135,0.8016532458664125,0.0
1996-08-02 00:00:00-04:00,BIIB,bubble,1.7142862481210663,43.67815547645544,0.39849640104783157,0.6466167302659951,0.0
1996-08-05 00:00:00-04:00,BIIB,bubble,1.7999994506837615,51.72413611667384,0.30357117750209506,0.5499997220720867,-0.007143074347024716
1996-08-06 00:00:00-04:00,BIIB,bubble,1.959184283566933,48.78047963539716,0.23448299376210113,0.4965517763915781,-0.04137931469929817
1996-08-07 00:00:00-04:00,BIIB,bubble,1.8571440582723993,44.70588425368931,0.24999975476948832,0.5428569746990777,-0.007143074347024716
1996-08-08 00:00:00-04:00,BIIB,bubble,1.24193468600004,46.913572572172626,0.24460456294926303,0.5143887652268186,0.0
1996-08-09 00:00:00-04:00,BIIB,bubble,1.2786888444466125,52.77776541534079,0.25899283418645336,0.4748201960084979,0.0
1996-08-12 00:00:00-04:00,BIIB,bubble,1.5499999999999998,72.22221869009738,0.1241829068053002,0.34640532848881733,-0.0392156862745098
1996-08-13 00:00:00-04:00,BIIB,bubble,1.5737708854727535,77.77774952077897,0.07643312844762407,0.2802549014977038,-0.06369417651660472
1996-08-14 00:00:00-04:00,BIIB,bubble,1.540984492313696,71.87501341103868,0.10967721167019628,0.2903225520647059,-0.05161299658862732
1996-08-15 00:00:00-04:00,BIIB,bubble,1.5593211133740663,67.1641485121321,0.17880796508869556,0.28476844279999813,-0.02648996785043556
1996-08-16 00:00:00-04:00,BIIB,bubble,1.6065580290642485,75.7142745037517,0.12578625948923938,0.17610053296359074,-0.07547169811320754
1996-10-21 00:00:00-04:00,BIIB,bubble,1.1058829104942611,38.043488536753685,-0.24581012015656023,0.6871507794129117,-0.27374316391390463
1996-10-24 00:00:00-04:00,BIIB,bubble,1.4657539400605377,38.3720738362812,-0.19999999999999996,0.7388888041178385,-0.27777786254882814
1996-10-25 00:00:00-04:00,BIIB,bubble,1.17073192517014,39.28570260805686,-0.23595507640667834,0.7500000642926561,-0.26966294446477523
1998-04-21 00:00:00-04:00,BIIB,bubble,1.0642853803051127,25.378773560532167,-0.25951558463630986,0.5795849112849205,-0.5155708558803073
1998-04-22 00:00:00-04:00,BIIB,bubble,1.1259260389539931,23.28243301183862,-0.2682927218291533,0.4756097308110503,-0.5121950947195927
1998-04-29 00:00:00-04:00,BIIB,bubble,1.0144928641941235,31.751831890430736,-0.21942455816339956,0.4999999176684089,-0.49640285045141586
1998-04-30 00:00:00-04:00,BIIB,bubble,1.0281692320239895,32.974910276650135,-0.2534721692403158,0.4097221692403157,-0.5138888359069824
2000-04-13 00:00:00-04:00,BIIB,bubble,2.1552161296815364,28.441556187097632,1.062903376568376,0.888258110206757,-0.25967738291475273
2000-04-14 00:00:00-04:00,BIIB,bubble,2.3684210526315788,27.323768975490026,1.256944497426351,1.1045832633972168,-0.203125
2000-04-17 00:00:00-04:00,BIIB,bubble,1.3738532940874464,26.43331419032073,1.591304347826087,1.534492824388587,-0.11304347826086956
2000-04-18 00:00:00-04:00,BIIB,bubble,1.5323108440850968,37.06896447049366,1.5198963268185692,1.164982787926633,-0.20588231101289167
2000-04-19 00:00:00-04:00,BIIB,bubble,1.9232585984174024,44.762570278865006,1.4281097348949459,0.8715346589202309,-0.2584814582057351
2000-04-20 00:00:00-04:00,BIIB,bubble,1.3933649870030917,30.962064049937666,1.9881186313066461,1.1329108129574124,-0.09108916383714347
2000-04-24 00:00:00-04:00,BIIB,bubble,1.1857142857142855,30.426101716899964,2.3159042059206496,1.2530719034032884,0.0
2000-04-25 00:00:00-04:00,BIIB,bubble,1.1628961403582179,30.426101716899964,2.295240503080328,1.312635904566815,-0.02928882874755676
2000-04-26 00:00:00-04:00,BIIB,bubble,1.2983292719099726,19.18020308701898,2.3354100497712227,1.2479750018253504,-0.036344819351148756
2000-04-27 00:00:00-04:00,BIIB,bubble,1.225419517901304,19.359877094938525,2.2241380773174733,1.4843104450824636,0.0
2000-04-28 00:00:00-04:00,BIIB,bubble,1.522167432143016,26.770430222288596,1.9716798050212745,1.306250173226009,-0.06249994412064219
2000-05-01 00:00:00-04:00,BIIB,bubble,1.622727320489803,35.26786115704641,1.5632580966647676,0.9761523386644948,-0.1681109625428747
2000-05-02 00:00:00-04:00,BIIB,bubble,1.382647466866107,36.687308541824784,1.7600372912837008,1.0858263715642509,-0.10364145658263306
2000-05-03 00:00:00-04:00,BIIB,bubble,1.2935980992601408,39.63210817548785,2.0202119194794093,1.0835419190828866,-0.07603459442312521
2000-05-04 00:00:00-04:00,BIIB,bubble,1.5298013245033113,46.25796548608873,1.8778360576529778,1.1754973246789104,-0.16230366492146597
2000-05-05 00:00:00-04:00,BIIB,bubble,1.5487288959544845,52.08163182332915,1.9002493765586035,1.1131171704527745,-0.20199501246882792
2000-05-08 00:00:00-04:00,BIIB,bubble,1.6148796036427573,57.168452518363445,1.8619248323665518,1.2100084994651636,-0.1966526786339504
2000-05-09 00:00:00-04:00,BIIB,bubble,1.5635966250770972,50.636636427676784,1.86141986770983,1.225081093476355,-0.17878532944650619
2000-05-10 00:00:00-04:00,BIIB,bubble,1.5152176074224593,45.74132656106498,1.905790579580212,1.190907460843206,-0.17026797808368505
2000-05-11 00:00:00-04:00,BIIB,bubble,1.446521414403232,61.290317023336584,1.9915107770308658,1.1188453910661633,-0.18505946497455253
2000-05-12 00:00:00-04:00,BIIB,bubble,1.6386555058245138,73.15067943387825,1.667993500922452,0.9352865068332887,-0.2356688269514909
2000-05-15 00:00:00-04:00,BIIB,bubble,1.647577315933877,66.4879302608933,1.658069748555988,0.9890848124075429,-0.201331155363459
2000-05-16 00:00:00-04:00,BIIB,bubble,1.7626728545624744,65.9029625317504,1.2618847889453781,1.1289740489626134,-0.1993328180724325
2000-05-17 00:00:00-04:00,BIIB,bubble,1.6375144769741703,64.34210351959891,1.385689301016443,1.3078533392302027,-0.16230366492146597
2000-05-18 00:00:00-04:00,BIIB,bubble,1.6090909573263357,59.30931335486975,1.5339720438795963,1.3853656949370543,-0.16376311066188956
2000-05-19 00:00:00-04:00,BIIB,bubble,1.5409091415089993,46.81978935763006,1.5107333701182046,1.6812163443404606,-0.1413238393644308
2000-05-22 00:00:00-04:00,BIIB,bubble,1.3764986545919515,43.442621228517005,1.7527750827254298,1.9158427997881078,-0.031281474141385886
2000-05-23 00:00:00-04:00,BIIB,bubble,1.451456549615084,47.57120099324688,1.4148513392170012,1.7169898477994803,-0.04950500793426768
2000-05-24 00:00:00-04:00,BIIB,bubble,1.5104295418554967,37.77336577538394,1.5249266862170088,1.8349559258156156,-0.06158357771260997
2000-05-25 00:00:00-04:00,BIIB,bubble,1.3762375340135957,26.12967746113057,1.803125,2.026499938964844,0.0
2000-05-26 00:00:00-04:00,BIIB,bubble,1.5030980446967939,33.21235971335865,1.6851483525856938,1.8714452840101616,0.0
2000-05-30 00:00:00-04:00,BIIB,bubble,1.2543104022351494,39.03744031124645,1.976099136025824,1.7464624848250914,-0.023900688921156994
2000-05-31 00:00:00-04:00,BIIB,bubble,1.3552478407493513,38.15330954878257,1.9559257398779524,1.895984430474706,0.0
2000-06-01 00:00:00-04:00,BIIB,bubble,1.7256237211681547,51.6348760247287,1.4725456822986223,1.611247763165732,0.0
2001-04-17 00:00:00-04:00,BIIB,bubble,1.1045832633972168,70.830810716668,0.08889332464207667,0.21065142660695169,-0.14690157227310877
2001-04-19 00:00:00-04:00,BIIB,bubble,1.164982787926633,66.84560108373594,0.09551207519241034,0.08803222490062335,-0.17357114198312168
2001-04-23 00:00:00-04:00,BIIB,bubble,1.1329108129574124,58.14534653199061,0.333778947988457,0.1702317114042191,-0.03988415492260406
2001-04-24 00:00:00-04:00,BIIB,bubble,1.2530719034032884,60.05705900467859,0.40519839922590584,0.2752378874066743,0.0
2001-04-25 00:00:00-04:00,BIIB,bubble,1.312635904566815,62.98161500848099,0.23512804371381235,0.17781151503521553,-0.020842441826903684
2001-04-26 00:00:00-04:00,BIIB,bubble,1.2479750018253504,54.3373630402419,0.31286033453965745,0.1643015542819597,0.0
2001-04-27 00:00:00-04:00,BIIB,bubble,1.4843104450824636,59.122681663711475,0.24880285377168176,0.05912971527727917,-0.06100354735879663
2001-04-30 00:00:00-04:00,BIIB,bubble,1.306250173226009,58.153239841352345,0.24390243524221966,-0.03455286049954698,-0.08333337856178938
2001-05-02 00:00:00-04:00,BIIB,bubble,1.0858263715642509,51.803887696200114,0.3734421338960354,0.11839274200991423,-0.030941177762757965
2001-05-03 00:00:00-04:00,BIIB,bubble,1.0835419190828866,43.11896168080494,0.4525499856462496,0.08891357587365456,0.0
2001-05-04 00:00:00-04:00,BIIB,bubble,1.1754973246789104,54.34065758440669,0.2481710347546544,-0.11455520033807887,-0.1270696697848427
2001-05-07 00:00:00-04:00,BIIB,bubble,1.1131171704527745,53.432333720574654,0.19165411067491478,-0.1578549991478877,-0.1438821575455592
2001-05-10 00:00:00-04:00,BIIB,bubble,1.190907460843206,57.71059674335881,0.2800605324034362,-0.13633782570929642,-0.1414505022997618
2001-05-11 00:00:00-04:00,BIIB,bubble,1.1188453910661633,63.25390122210858,0.291923082791842,-0.07826922490046573,-0.12807692014254057
2001-05-16 00:00:00-04:00,BIIB,bubble,1.1289740489626134,65.13108697708296,0.3264385203221216,-0.17845057585573532,-0.1474238455734807
1984-01-04 00:00:00-05:00,HD,bubble,1.0,55.26287488810457,-0.09136933935829838,-0.30456848178566986,-0.4263947779860715
2021-04-09 00:00:00-04:00,DDOG,bubble,1.3903095398232814,56.341404141253946,0.6002252389641414,0.5454955042419605,-0.19639641714022466
2021-04-12 00:00:00-04:00,DDOG,bubble,1.4481731317094666,56.92549771198191,0.551182939911222,0.4845234871241948,-0.21114303191939324
2021-04-14 00:00:00-04:00,DDOG,bubble,1.3965561646282563,65.40734912140385,0.5612868239988271,0.4530831099195711,-0.23474530176566688
2021-04-16 00:00:00-04:00,DDOG,bubble,1.2790110426056653,62.307123254446424,0.6975869695273491,0.5058667124283973,-0.21009515714999455
2021-04-19 00:00:00-04:00,DDOG,bubble,1.1754949522303608,63.5523368385101,0.7576515735615479,0.49175106975587846,-0.18807599151313403
2021-04-20 00:00:00-04:00,DDOG,bubble,1.048304358293774,57.55214062010923,0.8749404464686108,0.6350643196312884,-0.15007144606378758
2021-04-21 00:00:00-04:00,DDOG,bubble,1.1194999694824217,51.871105251157395,0.8629394281139684,0.5524887592865697,-0.15829203069324002
2021-04-22 00:00:00-04:00,DDOG,bubble,1.1049887225470094,46.55122682447149,0.8730103841091248,0.43638725623899366,-0.15858975752180418
2021-04-23 00:00:00-04:00,DDOG,bubble,1.2308840919244144,58.92807105215924,0.7965836632490693,0.3218711837588699,-0.2033046683768708
2021-04-26 00:00:00-04:00,DDOG,bubble,1.2276966355028143,56.36799613706117,0.7435044068477461,0.30642045418243025,-0.23384151730751998
2021-04-27 00:00:00-04:00,DDOG,bubble,1.1697895916032537,61.342162983973225,0.7226012427941673,0.27238800203732483,-0.23923242762608551
2021-04-28 00:00:00-04:00,DDOG,bubble,1.100000017498612,55.02169505458706,0.7897553460758779,0.31542164321630484,-0.2206203307870909
1979-02-27 00:00:00-05:00,BA,largecap,1.0037223224751788,14.959091863359617,0.12687908372881496,0.5310356116541664,-0.07661412513285445
1979-03-01 00:00:00-05:00,BA,largecap,1.0008038438161235,26.66693936620821,0.09846750641284263,0.39716361725045446,-0.1071541044044107
1979-03-14 00:00:00-05:00,BA,largecap,1.0009214745777042,45.180843165341635,0.1295074033190402,0.40359336422034797,-0.11061451747698314
2018-03-08 00:00:00-05:00,RIOT,bubble,2.439553657807175,15.223341420002399,-0.40647857790313613,-0.6290491049611794,-0.5224660065419868
2018-03-09 00:00:00-05:00,RIOT,bubble,2.1881103820192775,30.035977177005137,-0.5346320024622138,-0.6374458887862966,-0.5346320024622138
2018-03-12 00:00:00-04:00,RIOT,bubble,1.9240094537219172,31.569006424950274,-0.4983277741316541,-0.6276477352574661,-0.5206242962399398
2018-03-13 00:00:00-04:00,RIOT,bubble,1.7636897543413408,31.870232654556588,-0.5068965452982704,-0.6091953827692532,-0.5068965452982704
2018-03-14 00:00:00-04:00,RIOT,bubble,1.6490078418858096,32.3017483407549,-0.5411042718292551,-0.5423312645815639,-0.541104271829255
2018-03-15 00:00:00-04:00,RIOT,bubble,1.3655640488489746,25.0,-0.4940080111179882,-0.4833555264726521,-0.5019973507918798
2018-03-16 00:00:00-04:00,RIOT,bubble,1.6112550302330289,36.42495925172742,-0.5247285795716978,-0.5186972222078423,-0.5488540377869003
2018-03-19 00:00:00-04:00,RIOT,bubble,1.8268997343440874,37.16666494475444,-0.5475059491381253,-0.5296912111323919,-0.5558194803267864
2018-03-20 00:00:00-04:00,RIOT,bubble,1.7170095635597544,27.85467122318491,-0.5149626081207386,-0.5386533869705741,-0.5336658608396614
2018-03-21 00:00:00-04:00,RIOT,bubble,1.78237258964676,29.75970136769429,-0.4811083304952314,-0.5654911810049217,-0.5289672566015071
2018-03-22 00:00:00-04:00,RIOT,bubble,1.4515675725945387,22.01138437512158,-0.46395804832991383,-0.591087832403303,-0.5098296260234344
2018-03-23 00:00:00-04:00,RIOT,bubble,1.5255839854174655,17.66990125859094,-0.46799999872843423,-0.5826666514078775,-0.5013333320617676
2018-03-26 00:00:00-04:00,RIOT,bubble,1.4490221111945254,18.762883820737926,-0.4456521943352395,-0.5706521700398683,-0.4918478340093601
2018-03-27 00:00:00-04:00,RIOT,bubble,1.239496085930901,18.383836009626137,-0.43165465380043344,-0.5482014113556954,-0.4618704874565752
2018-03-28 00:00:00-04:00,RIOT,bubble,1.0063066334895203,17.80821905025408,-0.39171977617507514,-0.479299383490577,-0.40445861710395087
2018-04-05 00:00:00-04:00,RIOT,bubble,1.0706426937079154,46.934455644911296,-0.5246537366301494,-0.3822714449097533,-0.5263157651417101
2018-04-12 00:00:00-04:00,RIOT,bubble,1.0282210696199168,48.37397999706338,-0.7095046670358378,-0.3828647572965822,-0.7095046670358378
2018-04-13 00:00:00-04:00,RIOT,bubble,1.1042454793899097,52.46548384687862,-0.7212903115057177,-0.392258059593939,-0.7212903115057177
2018-04-16 00:00:00-04:00,RIOT,bubble,1.0390885873772064,49.5344487832392,-0.6484268189658035,-0.3255814135527819,-0.7045143498305728
2018-04-24 00:00:00-04:00,RIOT,bubble,1.2077670804988432,61.15384714137895,-0.6846965529076625,-0.22295515491168694,-0.7150395636449282
2018-04-25 00:00:00-04:00,RIOT,bubble,1.1950010701225344,51.51515558106028,-0.6739130364361243,-0.2894021842121681,-0.7065217327925118
2018-04-26 00:00:00-04:00,RIOT,bubble,1.2278066896523772,60.00000229801114,-0.6827309301037775,-0.3065595751233984,-0.7108433538824408
2018-04-27 00:00:00-04:00,RIOT,bubble,1.2577904075657989,63.86768432400427,-0.6769025166561962,-0.29639517463699894,-0.7116154670445034
2018-04-30 00:00:00-04:00,RIOT,bubble,1.2181406025576953,58.880780593025435,-0.6509695215850384,-0.3476454051223804,-0.7008310043491909
2018-05-01 00:00:00-04:00,RIOT,bubble,1.2427184146881034,58.57843604169474,-0.6707650233177924,-0.39344262935819874,-0.704918027981351
2018-05-02 00:00:00-04:00,RIOT,bubble,1.1592129017670176,46.525679410127935,-0.685082866924229,-0.35497234476117967,-0.7016574372768118
2018-05-03 00:00:00-04:00,RIOT,bubble,1.284582522422351,48.396499431201356,-0.6910994847724485,-0.3965968306181389,-0.7172774707358353
2018-05-04 00:00:00-04:00,RIOT,bubble,1.285033910217427,54.07166164253177,-0.6613756663815105,-0.4457671840034504,-0.7142857007699217
2018-05-07 00:00:00-04:00,RIOT,bubble,1.2606124513911947,54.54545032316556,-0.6649076533748621,-0.46042213802712206,-0.7150395636449282
2018-05-08 00:00:00-04:00,RIOT,bubble,1.218732099778662,59.3639631342462,-0.6608108164708574,-0.5094594503163073,-0.7081081002711206
2018-05-09 00:00:00-04:00,RIOT,bubble,1.201296259366433,63.70371168369653,-0.6034946202963043,-0.4569892566153625,-0.7096774100513042
2018-05-10 00:00:00-04:00,RIOT,bubble,1.221212889865488,60.13986002326832,-0.5988934871760814,-0.38450901832288,-0.7012448021946909
2018-05-11 00:00:00-04:00,RIOT,bubble,1.3377490110775478,64.26116782178153,-0.6517615320609664,-0.4268292745963005,-0.7073170660791619
2018-05-14 00:00:00-04:00,RIOT,bubble,1.3635279856799296,51.17371333447058,-0.6644823192159122,-0.408912167596697,-0.7169069392616961
2018-05-15 00:00:00-04:00,RIOT,bubble,1.3730384609492847,61.137435081788865,-0.6985951573319042,-0.44955300322154357,-0.7241379173847644
2018-05-16 00:00:00-04:00,RIOT,bubble,1.723301071733681,69.28838944622072,-0.7058823529411764,-0.5211764503927792,-0.7458823428434485
2018-05-17 00:00:00-04:00,RIOT,bubble,2.1181655090887075,77.59562862887981,-0.7686645641708478,-0.5625657468673655,-0.7728706589016922
2018-05-18 00:00:00-04:00,RIOT,bubble,1.780229322465992,72.82050937198728,-0.7505555682712131,-0.5444444550408257,-0.7599999904632568
2018-05-21 00:00:00-04:00,RIOT,bubble,1.5578108941796769,60.619461977993964,-0.7355072309362745,-0.5108695264073924,-0.739130416003577
2018-05-22 00:00:00-04:00,RIOT,bubble,1.4116903081069667,56.262834580306475,-0.7592356676871387,-0.5171974512233546,-0.7592356676871387
2018-05-23 00:00:00-04:00,RIOT,bubble,1.4644914419524775,52.77161848461793,-0.7655259752664743,-0.5107731355621472,-0.7655259752664744
2018-05-24 00:00:00-04:00,RIOT,bubble,1.4816444024511397,52.538631439525,-0.7548138670122584,-0.5519897270055226,-0.7625160419895826
2018-05-25 00:00:00-04:00,RIOT,bubble,1.3446601090829118,50.106159541410214,-0.7562582362780216,-0.5454545483101998,-0.7562582362780216
2018-05-29 00:00:00-04:00,RIOT,bubble,1.1931556628183855,46.82539539872997,-0.7415254148820071,-0.5522598714048297,-0.7415254148820071
2018-05-30 00:00:00-04:00,RIOT,bubble,1.1095475718188852,45.40117210478696,-0.7460545144610622,-0.5351506302631245,-0.7460545144610622
2018-05-31 00:00:00-04:00,RIOT,bubble,1.0121046931837183,47.454175568111076,-0.7005730790174505,-0.5472779259031948,-0.7464183415344087
2018-06-01 00:00:00-04:00,RIOT,bubble,1.180748552864633,50.096709390472135,-0.7361298940576217,-0.572395109212165,-0.7604871430439878
2018-06-04 00:00:00-04:00,RIOT,bubble,1.2169069981969751,50.95056930813567,-0.7593790414339412,-0.6235446211319053,-0.771021995270491
2018-06-05 00:00:00-04:00,RIOT,bubble,1.2143296945591522,49.7076050026807,-0.7653846156197421,-0.6756410372406143,-0.7730769310712342
2018-06-06 00:00:00-04:00,RIOT,bubble,1.2198918152878764,41.9642898007002,-0.7737789276349374,-0.6529563014304562,-0.7737789276349374
2018-06-07 00:00:00-04:00,RIOT,bubble,1.171746405169833,24.166670971445555,-0.7660130797989155,-0.6718954301734945,-0.7699346446375798
2018-06-08 00:00:00-04:00,RIOT,bubble,1.1560296568316155,29.523813848862318,-0.7756160816454061,-0.6835278800067437,-0.7756160816454061
2018-06-11 00:00:00-04:00,RIOT,bubble,1.0857281689670155,34.444452097385664,-0.7728494564216666,-0.663978497207971,-0.7728494564216666
2018-06-12 00:00:00-04:00,RIOT,bubble,1.0736692830301533,39.574474647282585,-0.7907608785439415,-0.6480978441324314,-0.7907608785439415
2018-06-13 00:00:00-04:00,RIOT,bubble,1.0251414127152367,36.92946985805885,-0.7789256241771932,-0.6239669513765356,-0.7878787998206147
2018-06-14 00:00:00-04:00,RIOT,bubble,1.1514117932139176,45.17374545808031,-0.7957559721957137,-0.6273209606105944,-0.7957559721957137
2018-06-15 00:00:00-04:00,RIOT,bubble,1.0590714483598997,46.245058469088995,-0.8175675666967912,-0.6364864834387691,-0.8175675666967912
2018-06-18 00:00:00-04:00,RIOT,bubble,1.3051897885201504,57.35294598884107,-0.7574525834558701,-0.6449864708765571,-0.8170731703377312
2018-06-19 00:00:00-04:00,RIOT,bubble,1.0520874243892657,58.793980445361164,-0.7581967295876733,-0.644808764527329,-0.8155737715596998
2018-06-20 00:00:00-04:00,RIOT,bubble,1.0553589745384748,59.20398057160696,-0.742857141466947,-0.6258503352814024,-0.8163265249852618
2018-06-21 00:00:00-04:00,RIOT,bubble,1.0897927333339137,46.42857345594108,-0.764786789183864,-0.581843195346804,-0.8143053607450204
2018-07-24 00:00:00-04:00,RIOT,bubble,1.409057942202141,64.90984865409536,-0.7749999914850504,-0.7607142759829146,-0.8392857041488695
2018-07-25 00:00:00-04:00,RIOT,bubble,1.3486736104966246,63.32882499484287,-0.7794486232761186,-0.753132829085011,-0.830827065085822
2018-07-26 00:00:00-04:00,RIOT,bubble,1.394253416408298,70.80182251407969,-0.7848101231441,-0.7544303754682133,-0.8291139230955833
2018-07-27 00:00:00-04:00,RIOT,bubble,1.3511372874036836,70.53505246791894,-0.7641633826261903,-0.7483531056359513,-0.8221343877863347
2018-07-30 00:00:00-04:00,RIOT,bubble,1.2665137909402695,73.02326337870682,-0.7585301757201274,-0.7112860786450916,-0.8228346398796819
2018-08-02 00:00:00-04:00,RIOT,bubble,1.063422476073005,63.70656700011316,-0.71723122711761,-0.67010308952558,-0.8011781986117367
2018-08-03 00:00:00-04:00,RIOT,bubble,1.0478297130967804,64.63730629954483,-0.7144948653783267,-0.695461208354243,-0.8023426004506705
2018-08-09 00:00:00-04:00,RIOT,bubble,1.0497964848128118,58.39552605609013,-0.6882353196919576,-0.6941176668582898,-0.8014705902977385
2018-08-10 00:00:00-04:00,RIOT,bubble,1.0702016152651823,53.83022813162685,-0.6824712606272683,-0.7155172401980847,-0.8060344803961694
2018-08-13 00:00:00-04:00,RIOT,bubble,1.044652288700418,24.159016367624986,-0.6855439816542057,-0.7287630339634548,-0.7988077472180354
2018-08-14 00:00:00-04:00,RIOT,bubble,1.004580358403774,27.147758946435275,-0.6601503822477186,-0.7278195613800915,-0.7969924805290899
2021-07-16 00:00:00-04:00,RIOT,bubble,11.288288439222862,31.56188877226687,-0.26136366893882135,-0.7716275710314302,-0.26356306279630587
2021-07-19 00:00:00-04:00,RIOT,bubble,10.641255095261586,12.259968501984815,-0.2033897906589287,-0.7311247971788872,-0.22611707006552875
2021-07-20 00:00:00-04:00,RIOT,bubble,10.43805331440332,0.24957390112029998,-0.27659572584206493,-0.7284332736041768,-0.2765957258420649
2021-07-23 00:00:00-04:00,RIOT,bubble,11.27074272906612,22.477988969399888,-0.4663701180784542,-0.7633451955483705,-0.4663701180784542
2021-09-07 00:00:00-04:00,RIOT,bubble,9.32475938696525,48.075791628581804,-0.5297415106058323,-0.7960137008336498,-0.5811273885516791
2021-09-08 00:00:00-04:00,RIOT,bubble,9.774823031269104,45.759372313173124,-0.4457791665052885,-0.7544841210481209,-0.5573473849613299
2021-09-09 00:00:00-04:00,RIOT,bubble,9.627118601603126,48.02915400550886,-0.4733652303672531,-0.7365231219019654,-0.5709728980668489
2021-09-10 00:00:00-04:00,RIOT,bubble,9.540925780209967,36.91666529796756,-0.4888588820271419,-0.7140445635703763,-0.5459149416549024
2021-09-13 00:00:00-04:00,RIOT,bubble,9.068727963180308,30.99882357662466,-0.5167235421118503,-0.7395904329993976,-0.5409556259560341
2021-09-14 00:00:00-04:00,RIOT,bubble,8.549668985011051,21.608530331518793,-0.4830097167640204,-0.7378640810408885,-0.5336338509672917
2021-09-15 00:00:00-04:00,RIOT,bubble,9.109999974568685,28.110189590194693,-0.45961096502219423,-0.7566765534782386,-0.5565446804121961
2021-09-16 00:00:00-04:00,RIOT,bubble,8.62950862242759,28.932932619535237,-0.3724889418267775,-0.7737487303013656,-0.5420497301689488
2021-09-17 00:00:00-04:00,RIOT,bubble,8.766666412353516,17.3131161556461,-0.3334470581848108,-0.7774743975870282,-0.5409556259560341
2021-09-20 00:00:00-04:00,RIOT,bubble,8.026229874442521,16.279840425242625,-0.2873229077414866,-0.7740646699943998,-0.5114420823175069
2021-09-21 00:00:00-04:00,RIOT,bubble,8.337883954600873,16.509751849692194,-0.2415935841701221,-0.7671783719497063,-0.5084064506863946
2021-09-22 00:00:00-04:00,RIOT,bubble,8.805460371212023,24.805442994760355,-0.2746258097933225,-0.7793247388233551,-0.5318482414351547
2021-09-23 00:00:00-04:00,RIOT,bubble,10.303846333718166,28.861000899178805,-0.26709760589127374,-0.7846206173813135,-0.5423613443829328
2021-09-24 00:00:00-04:00,RIOT,bubble,9.382899520840708,28.991593115986788,-0.25671321152707804,-0.7601145815947756,-0.5184389666199652
2021-09-27 00:00:00-04:00,RIOT,bubble,9.36194021120505,33.69646525672832,-0.17680949825261594,-0.7540511411192077,-0.5156644008803063
2021-09-28 00:00:00-04:00,RIOT,bubble,8.40875934194036,33.03867190617444,-0.10783555518233934,-0.7152831669089078,-0.47827775597257943
2021-09-29 00:00:00-04:00,RIOT,bubble,8.010869900423097,26.03549870125326,-0.11379171002043631,-0.714917574855762,-0.4591878023563539
2021-09-30 00:00:00-04:00,RIOT,bubble,8.518518632985598,34.46909270789614,-0.17626461292475804,-0.7272373532770252,-0.4766537194558906
2021-10-01 00:00:00-04:00,RIOT,bubble,8.84905639327944,37.40157438925396,-0.20574715558417955,-0.724521074630897,-0.4846743443416092
2021-10-04 00:00:00-04:00,RIOT,bubble,8.711538817755583,36.287237750417894,-0.18059403825514386,-0.6994059345509747,-0.4673267402271233
2021-10-05 00:00:00-04:00,RIOT,bubble,8.902255376943796,34.27895664846443,-0.2699316844784835,-0.7247532286256387,-0.48936979000193054
2021-10-06 00:00:00-04:00,RIOT,bubble,9.354086109556958,38.49999721844947,-0.3363397428656132,-0.7309282343786645,-0.4945509394677372
2021-10-07 00:00:00-04:00,RIOT,bubble,8.819548870832616,37.198070229457805,-0.33307811957921785,-0.7486600365127272,-0.4850689365575119
2021-10-08 00:00:00-04:00,RIOT,bubble,7.81569943180704,42.230342886931176,-0.3542392429561201,-0.7526132448563799,-0.47928765586556965
2021-10-11 00:00:00-04:00,RIOT,bubble,7.927301746479628,51.07398010317893,-0.4241766076488479,-0.7759681416852886,-0.513210270800024
2021-10-12 00:00:00-04:00,RIOT,bubble,6.288571493966239,37.91291348268028,-0.3935711435426006,-0.75931008187393,-0.47275579425368425
2021-10-13 00:00:00-04:00,RIOT,bubble,6.608308682596519,35.340106137488405,-0.37558499961019864,-0.7507800304759207,-0.475429012112408
2021-10-14 00:00:00-04:00,RIOT,bubble,6.963414959472112,42.337004454733254,-0.426875965312252,-0.7794793245094365,-0.4850689365575119
2021-10-15 00:00:00-04:00,RIOT,bubble,7.191176353028904,50.29895339582919,-0.4689407626833032,-0.7831238822577611,-0.5170556687599104
2021-10-18 00:00:00-04:00,RIOT,bubble,8.581993647026264,65.067462815633,-0.5006711243154827,-0.8030201330254096,-0.5486577129660412
2021-10-19 00:00:00-04:00,RIOT,bubble,8.342424354299261,72.13967121048344,-0.547518655731861,-0.8160882228243497,-0.5637366252822125
2021-10-20 00:00:00-04:00,RIOT,bubble,7.8813561787724495,71.6767366704924,-0.5928753189151773,-0.8225190894109089,-0.5928753189151773
2021-10-21 00:00:00-04:00,RIOT,bubble,6.39698502335963,61.253369670637916,-0.5974864073877624,-0.8019701148795283,-0.5974864073877624
2021-10-22 00:00:00-04:00,RIOT,bubble,5.974106506493276,60.000002517952055,-0.5742574374286136,-0.7860678909533472,-0.5809759514233117
2021-10-25 00:00:00-04:00,RIOT,bubble,6.567774808961782,60.57254465144411,-0.6255491765268877,-0.7630956339056066,-0.6255491765268877
2021-10-26 00:00:00-04:00,RIOT,bubble,6.387013308711196,55.63076965693191,-0.6139240739785675,-0.7517580938746814,-0.6139240739785675
2021-10-27 00:00:00-04:00,RIOT,bubble,5.614427930036839,51.33446720037051,-0.5885671486422102,-0.7427604319918673,-0.5885671486422103
2021-10-28 00:00:00-04:00,RIOT,bubble,6.868571690150669,54.679806041315864,-0.631808278640771,-0.7440087161812693,-0.631808278640771
2021-10-29 00:00:00-04:00,RIOT,bubble,6.6676055433730745,48.77903566094227,-0.5969874892080993,-0.7468772946256002,-0.6274797722589238
2021-11-01 00:00:00-04:00,RIOT,bubble,7.5902141640468574,58.301156547758524,-0.6140975402739819,-0.7703809265137755,-0.6390174336688791
2021-11-02 00:00:00-04:00,RIOT,bubble,8.696048628694582,66.28511761203958,-0.6373040804645225,-0.8159874622020598,-0.6821316468783728
2021-11-03 00:00:00-04:00,RIOT,bubble,8.359999520438057,66.93876875782462,-0.6889499358220237,-0.8318070662030497,-0.6904761641377217
2021-11-04 00:00:00-04:00,RIOT,bubble,8.216901876112466,63.59576046722912,-0.7099633429990981,-0.8230440175476068,-0.7099633429990981
2021-11-05 00:00:00-04:00,RIOT,bubble,7.397333272298177,54.915650033603285,-0.7564306086998236,-0.8174023486251736,-0.7564306086998236
2021-11-17 00:00:00-05:00,RIOT,bubble,4.797863362058495,60.90755185430005,-0.7979024840946148,-0.8687641645509945,-0.8061224379462915
2021-11-18 00:00:00-05:00,RIOT,bubble,5.405714489164806,58.7068774467866,-0.7966101714140911,-0.8673803182725581,-0.7966101714140911
2021-11-19 00:00:00-05:00,RIOT,bubble,5.03000005086263,60.50922603945324,-0.8103924799433173,-0.8899944724847302,-0.8109452710090391
2021-11-22 00:00:00-05:00,RIOT,bubble,4.57964994186484,52.07164066541757,-0.8125560586571559,-0.8807174912247709,-0.8125560586571559
2021-11-23 00:00:00-05:00,RIOT,bubble,3.9972338828216545,54.295186644531114,-0.8220315627387815,-0.8776639926480766,-0.8264600111938608
2021-11-26 00:00:00-05:00,RIOT,bubble,3.9322031843562923,54.192127707616045,-0.792668953300325,-0.878293235313524,-0.8204467265263924
2021-12-01 00:00:00-05:00,RIOT,bubble,3.0408622904095113,48.667260673413544,-0.8070224668533869,-0.8713483112355912,-0.8238763974811852
2021-12-02 00:00:00-05:00,RIOT,bubble,2.8742656091602936,40.054580945388054,-0.8116469575910275,-0.849560210661066,-0.8116469575910275
2021-12-03 00:00:00-05:00,RIOT,bubble,1.9648032962775899,26.186829514332345,-0.7775837981385769,-0.8372905046535578,-0.783170385108615
2021-12-06 00:00:00-05:00,RIOT,bubble,1.8139999389648436,27.536230103527572,-0.7807391538692201,-0.8443496727277066,-0.7807391538692201
2021-12-07 00:00:00-05:00,RIOT,bubble,1.7920978349619512,36.8248160244007,-0.7988544565765868,-0.8578167201212683,-0.7988544565765868
2021-12-08 00:00:00-05:00,RIOT,bubble,1.9726444268267525,38.62940492034628,-0.8135651069616925,-0.8510565827255583,-0.8135651069616925
2021-12-09 00:00:00-05:00,RIOT,bubble,1.9943501534176344,36.94617226367421,-0.8049056574983418,-0.8418867902935676,-0.8049056574983416
2021-12-10 00:00:00-05:00,RIOT,bubble,1.783725864586418,29.849565628946266,-0.821153842485868,-0.8396153816810021,-0.821153842485868
2021-12-13 00:00:00-05:00,RIOT,bubble,1.8140879063082145,31.20861079425039,-0.7993434674563836,-0.8329913815551019,-0.8091916317096973
2021-12-14 00:00:00-05:00,RIOT,bubble,1.7275710469079408,24.59165086728973,-0.805054148655369,-0.8335338931180903,-0.8134777361233312
2021-12-15 00:00:00-05:00,RIOT,bubble,1.5412573736447146,24.83039825107106,-0.8248936968359764,-0.844607659431153,-0.8248936968359764
2021-12-16 00:00:00-05:00,RIOT,bubble,1.2193307298143226,24.931885053586342,-0.8052763710726129,-0.8408710181799565,-0.8103014920850221
2021-12-17 00:00:00-05:00,RIOT,bubble,1.2356901152188984,15.042062178807356,-0.780981058402868,-0.8356282284481709,-0.8050774417201987
2021-12-20 00:00:00-05:00,RIOT,bubble,1.2407960229219652,14.524609991408283,-0.7957371309445627,-0.8299289588874906,-0.7988454654650483
2021-12-21 00:00:00-05:00,RIOT,bubble,1.1784419674059343,22.08796519166873,-0.7945945856992784,-0.8407484388688002,-0.8116423969432933
2023-11-10 00:00:00-05:00,RIOT,bubble,1.1142856030700528,56.35358805514873,-0.05598455047556228,0.3947876725991777,-0.23069497545255116
2023-11-15 00:00:00-05:00,RIOT,bubble,1.0778211250184495,58.674467090336,-0.058052422082667476,0.1582396565629578,-0.2537453593208982
2023-11-17 00:00:00-05:00,RIOT,bubble,1.2489270140333386,57.69911325176746,0.012404591614435967,0.17080162153760692,-0.23950380359549792
2024-01-12 00:00:00-05:00,RIOT,bubble,1.1843575032059972,31.571220831715863,0.0826939731358145,0.14748512902165212,-0.32054560091890955
2024-03-11 00:00:00-04:00,RIOT,bubble,1.1301987859019347,32.190630564512205,-0.3853989868222122,-0.3794566970727946,-0.45840405271115126
2024-03-12 00:00:00-04:00,RIOT,bubble,1.1924527296947,34.436490618207046,-0.3898450755237022,-0.3270223538143239,-0.45094662846169625
2019-03-04 00:00:00-05:00,CVNA,volatile,1.1991636978795528,71.45895549330237,0.9291657772960316,0.9027811654965663,0.0
2021-05-11 00:00:00-04:00,CVNA,volatile,1.3759809952513895,35.2046550456658,0.22383882268673605,-0.8466491076935325,-0.0640495303643456
2021-05-12 00:00:00-04:00,CVNA,volatile,1.4172000675997563,32.098642358257635,0.3059504496843537,-0.8675730516063523,-0.011785990324335156
2021-05-13 00:00:00-04:00,CVNA,volatile,1.490211249359585,22.127256296136153,0.2831554742977289,-0.8329387486415881,0.0
2021-05-14 00:00:00-04:00,CVNA,volatile,1.6524845414244158,19.883464223794718,0.20523723424634244,-0.8387151030599419,-0.046183645337766366
2021-05-17 00:00:00-04:00,CVNA,volatile,1.4450678675209128,17.5238037109375,0.2995674251789957,-0.8305084660148455,0.0
2021-05-18 00:00:00-04:00,CVNA,volatile,1.3060149563687453,18.360126730300436,0.31154600690890577,-0.8170222240716367,0.0
2021-05-19 00:00:00-04:00,CVNA,volatile,1.5660778821192949,19.87669766774279,0.3183870988021833,-0.8463729994533187,0.0
2021-05-20 00:00:00-04:00,CVNA,volatile,1.6529470430758075,30.320831699776562,0.20905209597021135,-0.8639692186718686,0.0
2021-10-06 00:00:00-04:00,LYFT,volatile,1.0507383627538793,55.99999999999999,-0.33382566593971896,-0.7470457930601387,-0.36336780577218075
2021-10-07 00:00:00-04:00,LYFT,volatile,1.0822230608973498,58.35543605540214,-0.36727604885518284,-0.7712979880366353,-0.3696526679831905
2021-10-08 00:00:00-04:00,LYFT,volatile,1.0172731068179761,63.265305026728385,-0.38804881533807156,-0.7666241471660045,-0.38804881533807156
2021-10-13 00:00:00-04:00,LYFT,volatile,1.0220281744297495,40.566050467345214,-0.3463561581528726,-0.7747933998287686,-0.3741547963117238
2021-10-15 00:00:00-04:00,LYFT,volatile,1.0148437915020616,36.402983572058226,-0.3290035017115107,-0.7545560411401552,-0.3540132122530616
2021-10-19 00:00:00-04:00,LYFT,volatile,1.0316688031088779,39.110239084554486,-0.2865707412115216,-0.7398081490897099,-0.3341327121262088
2021-10-21 00:00:00-04:00,LYFT,volatile,1.0101378751641086,28.41492383848994,-0.3310470031962808,-0.7264474379040082,-0.3310470031962808
2021-10-27 00:00:00-04:00,LYFT,volatile,1.036617268222849,17.295106340866738,-0.2816780715660704,-0.6868578824446199,-0.31014557576778945
2021-10-28 00:00:00-04:00,LYFT,volatile,1.110661229650443,17.362830310111917,-0.30520034641224947,-0.6905370625659157,-0.31308608695623896
2021-10-29 00:00:00-04:00,LYFT,volatile,1.000436036694293,18.979423868312765,-0.3132766354153109,-0.6808371335464252,-0.3132766354153109
2021-11-01 00:00:00-04:00,LYFT,volatile,1.032413564649135,23.144134482472552,-0.3370689823851427,-0.6734913982690154,-0.33706898238514266
1990-07-02 00:00:00-04:00,DDD,bubble,1.0235294117647058,50.0,-0.6627906976744187,-0.7441860465116279,-0.6976744186046512
1990-07-03 00:00:00-04:00,DDD,bubble,1.1904761904761907,56.81818181818182,-0.6630434782608696,-0.7717391304347826,-0.717391304347826
1990-07-05 00:00:00-04:00,DDD,bubble,1.0952380952380953,52.08333333333334,-0.6818181818181819,-0.7386363636363636,-0.7045454545454546
1990-07-09 00:00:00-04:00,DDD,bubble,1.25,56.896551724137936,-0.7111111111111111,-0.75,-0.7111111111111111
1990-07-10 00:00:00-04:00,DDD,bubble,1.25,58.92857142857143,-0.6888888888888889,-0.7333333333333334,-0.7111111111111111
1990-07-11 00:00:00-04:00,DDD,bubble,1.1,62.264150943396224,-0.7023809523809523,-0.7380952380952381,-0.7023809523809523
1990-07-12 00:00:00-04:00,DDD,bubble,1.0987654320987654,57.4468085106383,-0.6941176470588235,-0.7294117647058824,-0.7058823529411765
1990-07-13 00:00:00-04:00,DDD,bubble,1.048780487804878,56.25,-0.7142857142857143,-0.7380952380952381,-0.7142857142857143
1990-07-16 00:00:00-04:00,DDD,bubble,1.0,58.69565217391305,-0.7195121951219512,-0.7560975609756098,-0.7195121951219512
1990-07-17 00:00:00-04:00,DDD,bubble,1.0,54.76190476190476,-0.7439024390243902,-0.7560975609756098,-0.7439024390243902
1990-07-18 00:00:00-04:00,DDD,bubble,1.0,54.76190476190476,-0.7682926829268293,-0.7804878048780488,-0.7682926829268293
2011-08-04 00:00:00-04:00,DDD,bubble,1.379177270240426,30.950631027227146,0.1415451285790994,1.0799568574437757,-0.2706645146910667
2011-08-05 00:00:00-04:00,DDD,bubble,1.2061458506194427,28.68853003643504,0.23969817951432848,1.2083575245858262,-0.2164828795672898
2011-08-09 00:00:00-04:00,DDD,bubble,1.2135050045366995,23.563217550821975,0.20801856123960594,1.285880361363323,-0.21557234340055434
2011-08-10 00:00:00-04:00,DDD,bubble,1.218181599921972,15.642809198142672,0.29697356611285897,1.506305299846856,-0.14880197363691686
2011-08-11 00:00:00-04:00,DDD,bubble,1.4645891696914757,22.422834458441116,0.1643678183599071,1.2988506087319402,-0.2241379565489553
2011-08-12 00:00:00-04:00,DDD,bubble,1.5843505318206677,26.038623307242048,0.15555556615193677,1.2222223281860352,-0.25
2011-08-16 00:00:00-04:00,DDD,bubble,1.5013926566549465,36.633663553313276,0.1347439057901465,1.2271715936742082,-0.2483296229773914
2011-08-17 00:00:00-04:00,DDD,bubble,1.4611034403498948,33.02571205433718,0.23793096417621196,1.3390803718869315,-0.2241379565489553
2011-08-18 00:00:00-04:00,DDD,bubble,1.4261796221577296,32.343451332222784,0.31179414491852553,1.5608530945533952,-0.15307405597912493
2011-08-19 00:00:00-04:00,DDD,bubble,1.3256880809197007,31.849969630050452,0.3806705646927395,1.7205784194419387,-0.1124260655546674
2011-08-22 00:00:00-04:00,DDD,bubble,1.4133546098234295,33.66935611794567,0.3787878516591625,1.7898551291422988,-0.11067192670202361
2011-08-23 00:00:00-04:00,DDD,bubble,1.7007178586490448,40.07285794143223,0.37765960369927565,1.49349890855861,-0.20212764068662184
2011-08-24 00:00:00-04:00,DDD,bubble,1.6494924141014708,44.81131561664642,0.42309971879531205,1.4702417766869438,-0.20447843691363882
2011-08-25 00:00:00-04:00,DDD,bubble,1.5887033750852249,46.63394345766548,0.5070681066737708,1.4830975011770726,-0.1702520452048634
2011-08-26 00:00:00-04:00,DDD,bubble,1.5595239121593583,55.94096325073104,0.37674414272112555,1.394767255793405,-0.2151163138848099
2011-08-29 00:00:00-04:00,DDD,bubble,1.8215117683807045,53.46843401978209,0.2375690725630506,1.379005560579909,-0.25414364247898313
2011-08-30 00:00:00-04:00,DDD,bubble,1.9531370635477656,61.403517577790524,0.22754166258828534,1.3830015531707027,-0.2738031259176358
2011-08-31 00:00:00-04:00,DDD,bubble,1.7180251282110541,53.5483821632403,0.24050638691518889,1.3346176707933948,-0.2570170252130612
2011-09-01 00:00:00-04:00,DDD,bubble,1.5765497813742484,46.64279149919728,0.28695653832477075,1.533912990404212,-0.21739130434782608
2011-09-02 00:00:00-04:00,DDD,bubble,1.3949890139453265,37.12736906744574,0.3360000415508575,1.6867693002192952,-0.1692307448528215
2011-09-06 00:00:00-04:00,DDD,bubble,1.4478527573711104,40.215262667625005,0.37030070049348174,1.6942356215451153,-0.1541353656395278
2011-09-07 00:00:00-04:00,DDD,bubble,1.6671684946259955,51.35845969103452,0.24788242311021458,1.412196325290052,-0.2377188456265769
2011-09-08 00:00:00-04:00,DDD,bubble,1.643572036770863,55.86272541810763,0.2754805168837011,1.3698311213310337,-0.21374490739583593
2011-09-09 00:00:00-04:00,DDD,bubble,1.503864205317103,54.61323387387926,0.3407406746768833,1.4074073648910637,-0.16666668138386265
2011-09-12 00:00:00-04:00,DDD,bubble,1.2395620147790147,55.432783855184766,0.33618575803423245,1.3936430029233673,-0.17481663265121428
2011-09-13 00:00:00-04:00,DDD,bubble,1.3477052326481336,49.792531243479964,0.35189574554183367,1.2671800575848677,-0.20023694965455435
2011-09-14 00:00:00-04:00,DDD,bubble,1.3839225180253867,51.16045390093036,0.34825575747575277,1.244185969144867,-0.2151163138848099
2011-09-15 00:00:00-04:00,DDD,bubble,1.4859157575782609,57.14285714285714,0.307082085012901,1.2373937298213806,-0.2351275242143433
2011-09-16 00:00:00-04:00,DDD,bubble,1.3188809999574849,46.83673108929922,0.39806993113182965,1.3763570446219497,-0.1857659793654327
2011-09-19 00:00:00-04:00,DDD,bubble,1.173114975045312,41.41414773888532,0.38080861449314396,1.2866625745579614,-0.1852746245231269
2011-09-20 00:00:00-04:00,DDD,bubble,1.1320878309190867,35.51609293018011,0.46745939804467507,1.2972466949409038,-0.15519394308157433
2011-09-21 00:00:00-04:00,DDD,bubble,1.0308723546101253,33.89831458792712,0.5274288982405277,1.3258425149695503,-0.10773301570243925
2011-09-26 00:00:00-04:00,DDD,bubble,1.124072904577936,48.91416535610473,0.4958730425153459,1.1676190694173179,-0.14285714285714285
2011-09-27 00:00:00-04:00,DDD,bubble,1.1069099394158792,40.69626902811461,0.4356437098476382,1.012995170784138,-0.16460390320747958
2013-03-15 00:00:00-04:00,DDD,bubble,1.0009149776847401,28.107241600077344,0.7355967378320509,1.1018518942470674,0.0
2014-03-17 00:00:00-04:00,DDD,bubble,1.1018518942470674,13.306450992667465,-0.18583780746465728,-0.5643661223020928,-0.26904880783399016
2014-03-19 00:00:00-04:00,DDD,bubble,1.1495199119741595,20.666002861957267,-0.19112953867115856,-0.5614231072547046,-0.28525847129963716
2014-03-20 00:00:00-04:00,DDD,bubble,1.055744370679656,13.696067087130217,-0.16798941673795575,-0.5434854361883705,-0.259259266267448
2021-09-29 00:00:00-04:00,DDD,bubble,4.644308948605096,29.08913200156472,-0.38566801639454384,-0.696795104879447,-0.5084623913027652
2021-09-30 00:00:00-04:00,DDD,bubble,4.615071395441165,32.004314552942674,-0.3949945415375845,-0.7105549471380085,-0.5048966351242716
2021-10-01 00:00:00-04:00,DDD,bubble,4.670081849877986,34.340053286271186,-0.3921214438580858,-0.6917238991885944,-0.5066859565994435
2021-10-04 00:00:00-04:00,DDD,bubble,4.357289684944772,30.916424150447327,-0.32771173580129187,-0.6581065533106498,-0.4768110563933317
2021-10-05 00:00:00-04:00,DDD,bubble,4.264529391326418,30.637010002875485,-0.37685570788045,-0.6513132970005328,-0.4803959124219871
2021-10-06 00:00:00-04:00,DDD,bubble,3.800745109133554,25.38072412619249,-0.392940294736406,-0.6466253136526724,-0.47051981167707213
2021-10-07 00:00:00-04:00,DDD,bubble,3.2122642064668865,34.310860062929436,-0.425905203850637,-0.6849570999644303,-0.49048155460798043
2021-10-08 00:00:00-04:00,DDD,bubble,3.162754450275025,42.136861476406246,-0.4394736979854025,-0.6868421126223383,-0.48684212696330526
2021-10-11 00:00:00-04:00,DDD,bubble,2.9162930551341355,37.032576077070665,-0.43778629338544617,-0.6896946611566133,-0.47900766331890593
2021-10-12 00:00:00-04:00,DDD,bubble,2.9437038280345775,35.23574322554293,-0.4470323139383975,-0.6979714609924648,-0.4872276788807432
2021-10-13 00:00:00-04:00,DDD,bubble,3.0739064498733395,34.422119101897906,-0.4442798925698779,-0.6927064005775291,-0.4946316363250413
2021-10-14 00:00:00-04:00,DDD,bubble,3.177370008284134,38.46154216189368,-0.4729136244734894,-0.7090043961174983,-0.5003660405927358
2021-10-15 00:00:00-04:00,DDD,bubble,2.913043490693883,28.31962141708155,-0.4597701082226675,-0.6773946378072886,-0.4770115165124138
2021-10-18 00:00:00-04:00,DDD,bubble,2.96602665540852,39.49999809265137,-0.4681564420823473,-0.6797020387603072,-0.49162013316205794
2021-10-19 00:00:00-04:00,DDD,bubble,3.0920865200807457,53.79388494950711,-0.508087218410394,-0.7067510549938095,-0.5200422165188058
2021-10-20 00:00:00-04:00,DDD,bubble,2.9411764588028384,53.19148754392455,-0.4946694891450577,-0.7093105727576927,-0.5149253761692847
2021-10-21 00:00:00-04:00,DDD,bubble,2.720744629415412,51.724135004643195,-0.5221586810472667,-0.694424577175976,-0.5221586810472667
2021-10-22 00:00:00-04:00,DDD,bubble,2.2539492316142473,54.00697234609899,-0.4865571453529959,-0.6803584690016327,-0.5007468430638856
2021-10-25 00:00:00-04:00,DDD,bubble,2.7480417305977074,61.77605879054176,-0.5600835765518484,-0.6830372458496066,-0.5600835765518484
2021-10-26 00:00:00-04:00,DDD,bubble,3.4999997757819044,64.84295481824046,-0.5740160246521663,-0.6840822018789411,-0.5740160246521663
2021-10-27 00:00:00-04:00,DDD,bubble,3.2800630541675684,51.235733861686,-0.5659889056472329,-0.6750462029658744,-0.5659889056472328
2021-10-28 00:00:00-04:00,DDD,bubble,3.665551760792966,55.813951901361044,-0.5935483760703627,-0.679928300097726,-0.5935483760703627
2021-10-29 00:00:00-04:00,DDD,bubble,3.616393489781262,58.87680977889608,-0.5799005686147678,-0.6864346601011246,-0.5973011287629666
2021-11-09 00:00:00-05:00,DDD,bubble,3.222707527239063,52.52760252497036,-0.6866597697045845,-0.7183729744283132,-0.6866597697045845
2021-11-10 00:00:00-05:00,DDD,bubble,2.835841468538434,50.166485493248594,-0.6576319519250208,-0.6701141334529077,-0.675820261918956
2021-11-11 00:00:00-05:00,DDD,bubble,2.4772412530307113,46.00508567973574,-0.5890519622010546,-0.6025386425366754,-0.6394287789488019
2021-11-12 00:00:00-05:00,DDD,bubble,2.4803256467872368,41.574893922145115,-0.606627668512767,-0.605068215785753,-0.6456140238684049
2021-11-15 00:00:00-05:00,DDD,bubble,2.6166668896321954,42.80324210075198,-0.5867895602697243,-0.5883256570610718,-0.6509216653994958
2021-11-16 00:00:00-05:00,DDD,bubble,2.639943554821618,46.56891649788598,-0.6074188494250647,-0.6074188494250647,-0.6487635066708931
2021-11-17 00:00:00-05:00,DDD,bubble,2.561891572536647,43.04797194033094,-0.5915658028559734,-0.6083561306547933,-0.6450605257340871
2021-11-18 00:00:00-05:00,DDD,bubble,2.458392091686166,39.479774725678176,-0.5758564671952376,-0.6011419432957397,-0.6292822192949935
2021-11-19 00:00:00-05:00,DDD,bubble,2.2185428639963196,24.022752068123353,-0.5781892871680645,-0.6082304215366198,-0.6259259079019023
2021-11-22 00:00:00-05:00,DDD,bubble,2.1078166076596756,22.48836682803615,-0.5667823069175467,-0.5858629483127533,-0.605810912267668
2021-11-23 00:00:00-05:00,DDD,bubble,1.9908853941111975,22.09689528850943,-0.5546364889837535,-0.5755332916213253,-0.6042664160071146
2021-11-24 00:00:00-05:00,DDD,bubble,1.8023811886370154,22.81395837317423,-0.5514018687802531,-0.5862362195282027,-0.6138487765906591
2021-11-26 00:00:00-05:00,DDD,bubble,1.6226850633084084,18.894618558687583,-0.5013239070244132,-0.5970873708772946,-0.5988525942719273
2021-11-29 00:00:00-05:00,DDD,bubble,1.6561772865008844,10.812745663649068,-0.5256691537799982,-0.5949978424113305,-0.6011408605782605
2021-11-30 00:00:00-05:00,DDD,bubble,1.4896176651758775,16.46935515661187,-0.5390693729805067,-0.5548726936927968,-0.6009657647676547
2021-12-01 00:00:00-05:00,DDD,bubble,1.3569060192444096,15.660214290497294,-0.4852320871303327,-0.5250820370054251,-0.5738396537692759
2021-12-02 00:00:00-05:00,DDD,bubble,1.276288696688007,29.64892172909279,-0.5140398741253558,-0.538949259947864,-0.5883152090581093
2021-12-03 00:00:00-05:00,DDD,bubble,1.0957551137607293,22.716075895446323,-0.499764478824836,-0.5412152623112034,-0.5718322963453834
2021-12-06 00:00:00-05:00,DDD,bubble,1.069789630934423,23.001244584999526,-0.49838337884393524,-0.564896062712567,-0.5801385536834955
2021-12-07 00:00:00-05:00,DDD,bubble,1.2282076312439396,32.74532915413239,-0.5178021860646678,-0.5951648334880452,-0.6004395537324004
2021-12-08 00:00:00-05:00,DDD,bubble,1.275362161263649,39.27083300219663,-0.5537154747613627,-0.5961783211476295,-0.6140127198695196
2021-12-09 00:00:00-05:00,DDD,bubble,1.1843629257440247,39.97879062038143,-0.5505965332104135,-0.5908086357804289,-0.5983207914409855
2021-12-10 00:00:00-05:00,DDD,bubble,1.151016406337272,39.189194815741686,-0.583708357972782,-0.5873087146864733,-0.5909090714001648
2021-12-13 00:00:00-05:00,DDD,bubble,1.1545455298585807,40.668830933682734,-0.5649320315909871,-0.5682137800708089,-0.5738396537692759
2021-12-14 00:00:00-05:00,DDD,bubble,1.0308881865615316,39.80993790746401,-0.5266159883673496,-0.5660646522261767,-0.5679657910147928
2021-12-15 00:00:00-05:00,DDD,bubble,1.009380898958831,38.57758253033209,-0.5592904039794666,-0.6139122115636082,-0.5756302464887466
2021-12-21 00:00:00-05:00,DDD,bubble,1.0226654583909638,54.90981944777838,-0.5307036971017448,-0.6575526647524785,-0.5925593738151206
2021-12-29 00:00:00-05:00,DDD,bubble,1.086699615880642,33.833555206987825,-0.5420207899196896,-0.6562795040173193,-0.5708215287245979
2021-12-30 00:00:00-05:00,DDD,bubble,1.0355473417241807,43.77682637655297,-0.5569852829997826,-0.659926469782593,-0.5822610267934271
2021-12-31 00:00:00-05:00,DDD,bubble,1.0553436885867384,45.00000701231784,-0.5389972199110895,-0.6522748629170709,-0.5779944398221791
2022-01-03 00:00:00-05:00,DDD,bubble,1.112702987113738,56.08629922888969,-0.5718806551656077,-0.6415009255210566,-0.5890596831956125
2022-01-04 00:00:00-05:00,DDD,bubble,1.0036730033900536,55.99999413123153,-0.5449129035720741,-0.6329055755769861,-0.583409703037527
1991-10-31 00:00:00-05:00,TOL,bubble,1.52380837423862,31.25,0.7358490685856753,0.3962265558816842,-0.09433967506232925
1991-11-01 00:00:00-05:00,TOL,bubble,1.5000002629465685,26.3158011278248,0.8200000084142893,0.4399997643998992,-0.040000185114364914
1991-11-04 00:00:00-05:00,TOL,bubble,1.6842103864661024,31.578932218041658,0.7647057658921808,0.450980450387243,-0.058823641019993426
1991-11-05 00:00:00-05:00,TOL,bubble,1.5000002629465685,26.31581161654151,0.7999997475713205,0.5599994783140625,-0.040000185114364914
1991-11-06 00:00:00-05:00,TOL,bubble,1.5789469605261321,21.052644398490656,0.8163268495212268,0.591836489379276,-0.0204081755310362
1991-11-07 00:00:00-05:00,TOL,bubble,1.5263153582704825,20.000012621423352,0.833333756969509,0.7291669387433484,0.0
1991-11-08 00:00:00-05:00,TOL,bubble,1.5999998948213725,36.363627671199026,0.711538702702484,0.6153853684387243,-0.038461398430815724
1991-11-11 00:00:00-05:00,TOL,bubble,1.84210497180438,41.66665498016684,0.592592682044925,0.5370371741010946,-0.0740739586517097
1991-11-14 00:00:00-05:00,TOL,bubble,1.894737238346043,44.82759120944676,0.39999958693493554,0.4727273408760544,-0.0909091952184506
1991-11-15 00:00:00-05:00,TOL,bubble,1.9444445288470518,44.82758470613171,0.4528301227787861,0.528302339109241,-0.05660364627720038
1991-11-18 00:00:00-05:00,TOL,bubble,1.7894733695487304,42.857140710640735,0.4528301227787861,0.490566310324112,-0.05660364627720038
1991-11-19 00:00:00-05:00,TOL,bubble,1.6315790056391242,40.00000841429049,0.639999680257006,0.5800000757286039,0.0
1991-11-20 00:00:00-05:00,TOL,bubble,1.8888889408289549,48.2758605681998,0.5576927853526619,0.5384616006974152,0.0
1991-11-21 00:00:00-05:00,TOL,bubble,1.84210497180438,57.142846410343324,0.5185184117528314,0.5000004285055277,-0.018518528617975403
1991-11-22 00:00:00-05:00,TOL,bubble,1.9444445288470518,53.571422668546866,0.490566310324112,0.5094340071962822,0.0
1991-11-26 00:00:00-05:00,TOL,bubble,2.0555564060741363,59.37502834893812,0.38181799267054295,0.41818118119932834,0.0
1991-11-27 00:00:00-05:00,TOL,bubble,2.111111292901342,62.5000164341735,0.28571421058669455,0.6428571052933474,0.0
2000-12-14 00:00:00-05:00,NVDA,bubble,1.32517872796274,33.96240575414505,1.1964525252259817,1.978646546258934,-0.3293220624512855
2001-01-10 00:00:00-05:00,NVDA,bubble,1.1355463100157492,58.15477740582883,0.865615227094733,1.833969312609819,-0.026793258657814217
2001-01-11 00:00:00-05:00,NVDA,bubble,1.3740293293920343,65.41205582461869,0.6866648582679713,1.7079156016319796,-0.1015599795409322
2001-01-12 00:00:00-05:00,NVDA,bubble,1.231461694610653,69.39148350838869,0.5840425045432631,1.7149005171232283,-0.08244260035077967
2001-01-18 00:00:00-05:00,NVDA,bubble,1.357449447473014,66.83617536406138,0.44172790019296837,1.4545423980710028,-0.19368914404387708
2001-01-19 00:00:00-05:00,NVDA,bubble,1.301100197171567,64.94459573713365,0.4384657491386468,1.5150533205085002,-0.17166578432252527
2001-01-22 00:00:00-05:00,NVDA,bubble,1.2346372844521567,66.47745033784608,0.3560016276785236,1.719602104997747,-0.13749616172434065
2001-01-23 00:00:00-05:00,NVDA,bubble,1.5723586814112482,72.99835935160452,0.31655306923754845,1.3519342162380394,-0.21568540512877193
2001-01-24 00:00:00-05:00,NVDA,bubble,1.584078453862054,67.17004136289313,0.30940459575050183,1.3905004342402152,-0.21232636625365756
2001-01-25 00:00:00-05:00,NVDA,bubble,1.424622309081529,56.04813984111984,0.6040651745207519,1.6696484557195057,-0.1243612276499474
2001-01-26 00:00:00-05:00,NVDA,bubble,1.639624130866458,66.51602549623254,0.5940936481745869,1.5241806256835062,-0.15128990819236907
2001-01-29 00:00:00-05:00,NVDA,bubble,1.7324217981527514,63.64343251299445,0.5484959556593041,1.393541857929308,-0.15544261479081461
2001-01-30 00:00:00-05:00,NVDA,bubble,1.8161738216538454,63.93827043609105,0.5501775906863551,1.3189452488511915,-0.17365057986049862
2001-01-31 00:00:00-05:00,NVDA,bubble,1.7215942483774107,60.08604758915461,0.6627634133107747,1.4027123224678588,-0.16464567769791544
2001-02-01 00:00:00-05:00,NVDA,bubble,1.661059353174935,55.925624875166356,0.6935627387295664,1.3129395681611271,-0.16892286692950018
2001-02-02 00:00:00-05:00,NVDA,bubble,1.365938857149101,49.83063052914885,0.8600503296826381,1.462713703725247,-0.07999958059984708
2001-02-05 00:00:00-05:00,NVDA,bubble,1.3081711351309768,55.26782475775186,0.9189351313899845,1.6022962052244356,-0.07876858005991948
2001-02-06 00:00:00-05:00,NVDA,bubble,1.4729055669303532,53.42805039791851,0.8804755754061926,1.6432894363432862,-0.08366373217023218
2001-02-07 00:00:00-05:00,NVDA,bubble,1.250780111206749,33.10888765696224,0.9220073448477195,1.7364940916907292,-0.038993459106179545
2001-02-08 00:00:00-05:00,NVDA,bubble,1.1834985445999804,34.705106982525805,0.8989290351386472,1.7858748578931847,-0.03361290549282722
2003-10-06 00:00:00-04:00,NVDA,bubble,1.0454638708221653,24.173440677304953,0.5699679160170412,-0.0834810242978481,-0.026429166320134662
2003-10-07 00:00:00-04:00,NVDA,bubble,1.1705415515502593,23.10291106775385,0.547621831057451,-0.08630668543483622,-0.03512124334286253
2003-10-08 00:00:00-04:00,NVDA,bubble,1.1584611130520122,18.984014916049347,0.6496007565562494,-0.10486870656915337,0.0
2003-10-09 00:00:00-04:00,NVDA,bubble,1.2306531290294198,22.491641434750804,0.5961094269060128,-0.11618262873136054,0.0
2003-10-10 00:00:00-04:00,NVDA,bubble,1.158724933828068,29.52574978131092,0.5319732814362685,-0.14405673066677738,-0.004188152817799382
2000-12-15 00:00:00-05:00,GILD,bubble,1.02459087340684,52.97940775339979,0.3463316974407533,0.6937976431395336,-0.29959512067668775
1983-07-08 00:00:00-04:00,LEN,bubble,1.0212770639322866,16.66681806768935,-0.22105302685106765,-0.5736841739885568,-0.3368421816602904
1983-07-11 00:00:00-04:00,LEN,bubble,1.02173751821952,17.187639055195646,-0.26881669410314935,-0.5698923417561776,-0.3225801876468459
1983-07-12 00:00:00-04:00,LEN,bubble,1.0666664312870653,13.114672890968365,-0.25268803929450145,-0.5645157474236192,-0.3225801876468459
1983-07-14 00:00:00-04:00,LEN,bubble,1.0674166901041975,22.8916860184072,-0.17391344015688437,-0.5597825739862726,-0.31521747489020063
1983-07-15 00:00:00-04:00,LEN,bubble,1.0568180052973108,22.891643025419,-0.1602210669462013,-0.5469614557193351,-0.3038672140849189
1983-07-21 00:00:00-04:00,LEN,bubble,1.010753636474404,38.57142196415348,-0.2406419804099944,-0.5775402399988252,-0.3262032884529028
2010-06-16 00:00:00-04:00,LEN,bubble,1.0377640661004124,36.06555482745022,0.1152300237174031,0.09647697130808353,-0.17965815940083582
2021-05-06 00:00:00-04:00,ETSY,bubble,1.015337384726564,15.425595775834907,0.5196601106513863,-0.42332569426138666,-0.006912711748610084
2021-05-07 00:00:00-04:00,ETSY,bubble,1.160987105635293,23.842444432427314,0.6389946106998863,-0.47809799939392617,-0.05389401525583941
2021-05-10 00:00:00-04:00,ETSY,bubble,1.0707472033036574,27.016095075825177,0.5563931521427126,-0.48303716267787766,-0.06306472947399405
2021-05-12 00:00:00-04:00,ETSY,bubble,1.0164515705768746,23.52941922739997,0.6233840804113495,-0.5116731558497548,-0.01725869250158918
2021-05-18 00:00:00-04:00,ETSY,bubble,1.1392939287175659,25.42901944194402,0.6306128623061473,-0.4734828247617713,-0.022660647450719357
2021-05-19 00:00:00-04:00,ETSY,bubble,1.1459427921594942,25.634691437253522,0.7334663473224017,-0.5233950114219537,-0.01184857621069711
2021-05-21 00:00:00-04:00,ETSY,bubble,1.2548782541201402,35.99854776689628,0.7323346457567708,-0.5324659973780672,-0.024468792697928062
2021-05-24 00:00:00-04:00,ETSY,bubble,1.131904820845616,35.94637179496867,0.7821771275933385,-0.5394720724795283,-0.010412798390723307
2021-05-25 00:00:00-04:00,ETSY,bubble,1.2549945858901106,39.15573495358237,0.6715952417424194,-0.5797066878070083,-0.021490549370288374
2021-05-26 00:00:00-04:00,ETSY,bubble,1.206453383187252,59.571379558997386,0.6616930017290634,-0.5744263713090503,-0.028296245822700166
2021-05-27 00:00:00-04:00,ETSY,bubble,1.1429123599136832,51.26258512777781,0.7806764656384875,-0.5307065046054106,-0.019671336639312677
2021-05-28 00:00:00-04:00,ETSY,bubble,1.0342058396992484,47.5559998868799,0.7688339248472431,-0.5013051438321301,-0.00770951888915494
2021-06-01 00:00:00-04:00,ETSY,bubble,1.079908567638629,43.306769732286156,0.7220114977668644,-0.5037318034093767,0.0
2021-06-03 00:00:00-04:00,ETSY,bubble,1.054797891994414,58.244736213263344,0.5643778821401744,-0.4733317363192219,-0.009412409591401607
2021-06-04 00:00:00-04:00,ETSY,bubble,1.0445826455318827,51.05876881868981,0.5200390345455728,-0.5067608297629116,0.0
2021-06-07 00:00:00-04:00,ETSY,bubble,1.138211441998188,52.984802720820056,0.37434643396530864,-0.5019605621239015,-0.01485266095066458
2021-06-08 00:00:00-04:00,ETSY,bubble,1.2258402510367077,52.8233547253172,0.3213088832935316,-0.521297220239782,-0.025791664511407245
2021-06-09 00:00:00-04:00,ETSY,bubble,1.1906507402770177,51.7570129069317,0.41930659065667797,-0.49264796350805484,-0.008846358042690497
2021-06-10 00:00:00-04:00,ETSY,bubble,1.0943490666538187,44.423033011029375,0.47173203100651784,-0.5030212220870958,-0.007956844874845062
2021-06-11 00:00:00-04:00,ETSY,bubble,1.1390610746246739,47.987986356023654,0.4135808921909825,-0.542636636183444,0.0
2021-06-14 00:00:00-04:00,ETSY,bubble,1.1351554474745948,55.64623849407165,0.32284201257958567,-0.5809160219163874,-0.024897271974067048
2022-01-18 00:00:00-05:00,UPST,bubble,1.0248711520610891,22.539369909803213,-0.7390592361970507,-0.8583386482026671,-0.780001824224198
2022-02-25 00:00:00-05:00,UPST,bubble,1.0700793136241415,63.48367782888405,-0.8144686622125558,-0.8637768651477052,-0.833235214651671
2022-02-28 00:00:00-05:00,UPST,bubble,1.370442638802035,69.64795559087494,-0.8384707920092587,-0.8864801642992639,-0.8565732067881182
2022-03-01 00:00:00-05:00,UPST,bubble,1.4088799275384485,63.65822535461704,-0.8278541833745516,-0.8784731718154413,-0.8441540522790902
2022-03-02 00:00:00-05:00,UPST,bubble,1.7255122015983302,63.4858758845937,-0.8349635197919434,-0.8800777392703784,-0.8556090088257611
2022-03-03 00:00:00-05:00,UPST,bubble,1.7323379927467961,63.26229406699463,-0.8270691644333341,-0.8760495756092025,-0.848993734399042
2022-03-04 00:00:00-05:00,UPST,bubble,1.5072323036558686,57.76440378435068,-0.8099321871933477,-0.8644266094143882,-0.8233413963308246
2022-03-07 00:00:00-05:00,UPST,bubble,1.4002560820087493,52.04546662233867,-0.7819555494520399,-0.8433777703179254,-0.7985777791341145
2022-03-08 00:00:00-05:00,UPST,bubble,1.1036813762028674,50.764145768474066,-0.7620535748345512,-0.8551785775593349,-0.7976785727909633
2022-03-09 00:00:00-05:00,UPST,bubble,1.2106056931349345,40.06373348376674,-0.7715554006461213,-0.8675943289252532,-0.8065562577643777
2024-02-13 00:00:00-05:00,UPST,bubble,1.0183935773687174,47.93615916163184,0.09599039604717619,1.5036452841208003,-0.3426488276642046
2024-03-26 00:00:00-04:00,UPST,bubble,1.0540958876073407,52.982811875627746,0.4879608484041742,0.7791573006495964,-0.1858540462090728
2024-03-27 00:00:00-04:00,UPST,bubble,1.145468380103928,58.14581312891223,0.45154417035514394,0.6340077619677662,-0.23180691050621385
2024-03-28 00:00:00-04:00,UPST,bubble,1.0700538770936237,48.02804220439355,0.5191520788894735,0.7106731515103024,-0.19523987055280626
2024-05-06 00:00:00-04:00,UPST,bubble,1.0666131557917309,70.60332931459838,0.834563171979293,0.8613592351524575,-0.15961167418841019
2020-02-21 00:00:00-05:00,ROKU,bubble,1.3189587862267493,48.483678449021234,0.2471938583947786,2.6629251871320267,-0.4652370445522013
2020-04-21 00:00:00-04:00,ROKU,bubble,1.123023985203694,76.89326589710755,0.7978310438562997,1.886209146678509,-0.16696339965234264
2020-04-23 00:00:00-04:00,ROKU,bubble,1.0183696095582033,81.5900404649521,0.8103364472538892,1.8999675133852292,-0.16357872300325113
2021-05-06 00:00:00-04:00,ROKU,bubble,1.2285131756332497,15.29093220403142,0.10373710938884306,-0.6394890576792766,0.0
2021-08-13 00:00:00-04:00,ROKU,bubble,1.384410171549201,11.433108997226299,-0.5415419779067376,-0.7640314379105662,-0.593724655982769
2021-08-16 00:00:00-04:00,ROKU,bubble,1.4281918403252214,13.006569413774216,-0.55404114010691,-0.7640921927357411,-0.5925738845417395
2021-08-17 00:00:00-04:00,ROKU,bubble,1.450346524559884,7.323090142976895,-0.5290443931430497,-0.7803607542792261,-0.5930988256151745
2021-08-18 00:00:00-04:00,ROKU,bubble,1.3004336815480162,7.702888312353238,-0.5316488849601865,-0.7739904752082303,-0.5785565146645408
2021-08-19 00:00:00-04:00,ROKU,bubble,1.3298501559322595,9.177436719190126,-0.5785350105098324,-0.7840396091225825,-0.5785350105098325
2021-08-20 00:00:00-04:00,ROKU,bubble,1.3587884589073913,16.576202299064434,-0.6797836128257938,-0.7978644778009827,-0.6797836128257938
2021-08-23 00:00:00-04:00,ROKU,bubble,1.4332222396454295,22.366013256240308,-0.6593016725678684,-0.8076815685080416,-0.6858659243450484
2021-08-24 00:00:00-04:00,ROKU,bubble,1.4015345465532216,20.288240485036795,-0.6683201725104381,-0.8065971618191083,-0.6848270927188013
2021-08-25 00:00:00-04:00,ROKU,bubble,1.3920280909579517,23.219460378160193,-0.6177893296830004,-0.7922595975568325,-0.6818400466911086
2021-08-26 00:00:00-04:00,ROKU,bubble,1.1426832396857813,26.17410447005075,-0.6033806800842285,-0.8059090917760676,-0.6805113662372936
2021-08-27 00:00:00-04:00,ROKU,bubble,1.2179909055835774,25.061278222202276,-0.609192506914386,-0.8123126841852478,-0.6850124654259336
2021-08-30 00:00:00-04:00,ROKU,bubble,1.0590105949047213,31.823839694007575,-0.616128133014455,-0.8117167651435231,-0.6840123601767121
2021-08-31 00:00:00-04:00,ROKU,bubble,1.0313580964686562,35.435807348541175,-0.6235811685755885,-0.8070374540926506,-0.6808740038812056
2021-09-03 00:00:00-04:00,ROKU,bubble,1.0507489606378084,41.67927141144513,-0.6714582038808246,-0.8138019645663686,-0.6714582038808246
2021-09-07 00:00:00-04:00,ROKU,bubble,1.155462352462275,42.97247484834047,-0.670825108809848,-0.8098526102233712,-0.6737553692186108
2021-09-08 00:00:00-04:00,ROKU,bubble,1.0576769636671384,44.11628172931985,-0.6487269964554232,-0.7930014534698149,-0.6639672722152529
2021-09-09 00:00:00-04:00,ROKU,bubble,1.0998883660201009,47.225050810685,-0.6724871439086071,-0.7886012974704745,-0.6724871439086071
2021-09-10 00:00:00-04:00,ROKU,bubble,1.0590816781605237,37.336856479603306,-0.6836734622737465,-0.7806579201530731,-0.6836734622737465
2021-09-13 00:00:00-04:00,ROKU,bubble,1.076546979175081,30.258135625497502,-0.6880924349268105,-0.7892014078811015,-0.6880924349268106
2021-09-14 00:00:00-04:00,ROKU,bubble,1.0082420487273231,28.686951540751593,-0.6785263332123266,-0.7842215040822413,-0.6821252704345219
2010-01-22 00:00:00-05:00,GS,bubble,1.1966514565356587,33.19644193123031,-0.039190096993943935,0.08861462154208266,-0.14545445125226814
2010-01-25 00:00:00-05:00,GS,bubble,1.0944988063630765,27.61059499377717,-0.03920641737666675,0.08322410631625332,-0.15019691516424488
2010-01-26 00:00:00-05:00,GS,bubble,1.0586011817931889,19.53744421435924,-0.019557889323876365,0.08375579699824254,-0.1271047426288872
1983-08-31 00:00:00-04:00,AAPL,quality,1.0411066578818877,62.962640436210975,-0.2751677299273767,-0.2617454198861878,-0.5201358905516125
1983-09-02 00:00:00-04:00,AAPL,quality,1.1870499630770261,62.18431694469719,-0.2960508675856013,-0.3026293747095291,-0.529606203954346
1983-09-06 00:00:00-04:00,AAPL,quality,1.1875009524832416,67.45929142440102,-0.34603302142281,-0.33332951821844525,-0.5460317939510635
1987-10-19 00:00:00-04:00,AAPL,quality,1.2267943417074414,20.00010131243016,0.1073236054189679,0.06327521994155827,-0.23287705779601167
1987-10-20 00:00:00-04:00,AAPL,quality,1.1128117208743924,13.333508941507503,0.15696395279639397,0.15048196154740934,-0.18840646832349017
1987-10-22 00:00:00-04:00,AAPL,quality,1.2251250316707463,21.192163847781103,0.09637566606410752,0.13833256536584781,-0.23809544063611338
1987-10-23 00:00:00-04:00,AAPL,quality,1.1575796119934805,18.95423007739717,0.1561942537950991,0.1642156529992338,-0.2112671163973114
1987-10-28 00:00:00-05:00,AAPL,quality,1.013137315132159,27.567534709387004,0.24021100436264664,0.18106178881145985,-0.08756782146530462
1987-10-29 00:00:00-05:00,AAPL,quality,1.3130646945618207,35.97125529251625,0.042287797048297326,-0.004720763113456816,-0.22616617007014642
1987-10-30 00:00:00-05:00,AAPL,quality,1.2373292973316654,35.97126128526794,0.06590062847027567,0.00477858639321993,-0.20863511211618793
1987-11-02 00:00:00-05:00,AAPL,quality,1.2205225353273503,34.558812574319035,0.08189911923514948,0.004789167278091089,-0.21118792324424093
1987-11-03 00:00:00-05:00,AAPL,quality,1.0336890223664992,33.73209878738693,0.16343632280281484,0.05670465638568656,-0.15678802215900584
1987-11-05 00:00:00-05:00,AAPL,quality,1.109737423956508,39.64642222795109,0.09004009465492202,-0.015171867697922337,-0.19561986747853868
1987-11-06 00:00:00-05:00,AAPL,quality,1.1178425199401398,51.644782321648,0.08395590219201976,0.008040630216469058,-0.1902934582163159
1987-11-09 00:00:00-05:00,AAPL,quality,1.1119392205768146,53.767030260017954,0.10187685247913403,0.014805495810488845,-0.17942302195909007
1987-11-10 00:00:00-05:00,AAPL,quality,1.0480085837899522,43.25404247993079,0.09418559664620463,0.07060769576283876,-0.15678802215900584
1987-11-11 00:00:00-05:00,AAPL,quality,1.0398633234384183,50.869483269711374,0.07155249466024416,0.06216345317730032,-0.17942302195909007
1987-11-12 00:00:00-05:00,AAPL,quality,1.1892481358491716,55.60348202817166,0.04950599001671341,0.027552754681598346,-0.21118792324424093
1987-11-13 00:00:00-05:00,AAPL,quality,1.1194270905935557,70.10861726685309,0.11418871380074513,0.04186853453601591,-0.17942302195909007
1987-11-16 00:00:00-05:00,AAPL,quality,1.0263163281392802,65.29423471512351,0.10881083188600993,0.06632746133579093,-0.16825978567799715
1987-11-18 00:00:00-05:00,AAPL,quality,1.081795548450604,39.37803592266377,0.08011460557795358,0.05440514069779856,-0.15862295224996661
1991-10-15 00:00:00-04:00,AAPL,quality,1.121638385703343,58.16295593794944,0.12383790384676985,-0.12793166498246067,-0.08571533949037594
1998-12-08 00:00:00-05:00,AAPL,quality,1.0602370465345259,41.72924160537084,0.5009778867183694,2.4327525601961923,-0.0019492649361410716
1998-12-09 00:00:00-05:00,AAPL,quality,1.0983540264062381,39.299651961550346,0.4511750323778183,2.289066392833722,0.0
1998-12-10 00:00:00-05:00,AAPL,quality,1.169495889642754,38.09539191969844,0.4199235204658307,2.2187543105988765,0.0
2000-05-19 00:00:00-04:00,AAPL,quality,1.1394030775115205,25.229862768980922,-0.5957444208407238,-0.4987237414950281,-0.6063831784545305
2000-05-22 00:00:00-04:00,AAPL,quality,1.1445595514107696,26.248702035462514,-0.5886031955279827,-0.47741460482209863,-0.5886031955279827
2000-05-23 00:00:00-04:00,AAPL,quality,1.0677687628523347,25.675690326934472,-0.5586302063266184,-0.45858756418901614,-0.5688275413180821
2000-05-25 00:00:00-04:00,AAPL,quality,1.006104239734595,26.74896525163973,-0.5760070512971758,-0.47837326781856804,-0.5760070512971758
2000-06-09 00:00:00-04:00,AAPL,quality,1.061909612704993,52.5830408113361,-0.7010448921067587,-0.5814102151637941,-0.7010448921067587
2000-06-12 00:00:00-04:00,AAPL,quality,1.0068774281998176,51.818223024750516,-0.6696369733206156,-0.5545438401439086,-0.6860867859157009
2000-06-13 00:00:00-04:00,AAPL,quality,1.0515616378873678,62.94216668336527,-0.6785718792324582,-0.5667719751331253,-0.6970903190800266
2000-06-19 00:00:00-04:00,AAPL,quality,1.0779546247567877,60.83697772072325,-0.7089263355038957,-0.5820953733839358,-0.7089263355038957
1983-07-28 00:00:00-04:00,PHM,bubble,3.972972206523699,22.222210020710847,-0.016304289004308026,-0.5326081997782522,-0.03260857800861597
1983-07-29 00:00:00-04:00,PHM,bubble,3.9795898092313644,20.68965262620027,-0.0382512228893479,-0.491803250873601,-0.03825122288934792
1983-08-01 00:00:00-04:00,PHM,bubble,3.9523784551627754,21.238925307878006,-0.06593435490594524,-0.4835160730083329,-0.06593435490594522
1983-08-02 00:00:00-04:00,PHM,bubble,3.653596168998015,23.52940188528288,-0.06741547892060262,-0.4213482470216674,-0.06741547892060262
1983-08-03 00:00:00-04:00,PHM,bubble,3.6842101778248937,23.52940188528288,-0.07303301444230725,-0.3707865776804994,-0.07303301444230723
1983-08-04 00:00:00-04:00,PHM,bubble,3.6797379107810295,25.510145330032273,-0.0837984275551511,-0.3575415007880288,-0.0837984275551511
1983-08-05 00:00:00-04:00,PHM,bubble,3.683540162431939,33.33331030789161,-0.1297297272270378,-0.3513510744910552,-0.1297297272270378
1983-08-08 00:00:00-04:00,PHM,bubble,3.769227612091651,36.78163918415409,-0.13440878226885022,-0.37634403774237,-0.13440878226885025
1983-08-09 00:00:00-04:00,PHM,bubble,3.84076515477876,28.57135308714625,-0.15263197400247908,-0.4315791122713051,-0.15263197400247902
1983-08-10 00:00:00-04:00,PHM,bubble,4.051278733998195,32.09863422779226,-0.18781708783445794,-0.44670032994417885,-0.18781708783445789
1983-08-26 00:00:00-04:00,PHM,bubble,3.47826193721213,66.12897877984085,-0.29611650939586365,-0.4563107956720721,-0.3009709636070819
1983-08-29 00:00:00-04:00,PHM,bubble,3.2279820915182356,61.66660540000764,-0.31372558384478544,-0.4558823143496763,-0.31372558384478544
1983-08-30 00:00:00-04:00,PHM,bubble,3.1230772879958506,53.571500951566655,-0.30845799500753157,-0.4328356809682461,-0.3084579950075315
1983-08-31 00:00:00-04:00,PHM,bubble,2.8999987151814164,38.46158280918115,-0.3230772930642505,-0.43076922992451083,-0.3230772930642505
1983-09-01 00:00:00-04:00,PHM,bubble,3.0399981155994107,36.00006509725187,-0.31188116397833443,-0.43564317391045315,-0.34653492110976997
1983-09-02 00:00:00-04:00,PHM,bubble,3.0394082870821375,31.914934330932738,-0.3560978560024869,-0.4439020813234097,-0.3560978560024869
1983-09-09 00:00:00-04:00,PHM,bubble,2.925230364265073,48.93598990731514,-0.3714286093030731,-0.46666657829282954,-0.37142860930307303
1983-09-12 00:00:00-04:00,PHM,bubble,2.9999991842416702,46.66658418444674,-0.3476185562216677,-0.46666657829282954,-0.37142860930307303
1983-09-13 00:00:00-04:00,PHM,bubble,2.902441877846254,35.849082522844014,-0.3000003747387535,-0.4349999571727139,-0.34000057816836265
1983-09-14 00:00:00-04:00,PHM,bubble,2.6837198629088475,35.18518298212868,-0.2929293961631495,-0.4090911548858057,-0.33333365778259694
1983-09-15 00:00:00-04:00,PHM,bubble,2.699531573686815,36.53836729937155,-0.28426407360731365,-0.38071073328392613,-0.3299495050837317
1983-09-16 00:00:00-04:00,PHM,bubble,2.7064190516922224,46.15383348302327,-0.27227708970221665,-0.3564357674155014,-0.34653492110976997
1983-09-19 00:00:00-04:00,PHM,bubble,2.5254244485485264,53.571455884782225,-0.29807721905884743,-0.365385001447995,-0.3653850014479951
1983-09-20 00:00:00-04:00,PHM,bubble,2.605150454410773,58.181682266860456,-0.2904759991614002,-0.3619045268886236,-0.37142860930307303
1983-09-21 00:00:00-04:00,PHM,bubble,2.713003035743882,61.53851222189918,-0.2801933766440796,-0.3719808692307669,-0.3623191749103187
1983-09-22 00:00:00-04:00,PHM,bubble,2.3142848552423985,51.02036356993741,-0.29064030107392136,-0.35960588742681776,-0.34975381149926094
1983-09-23 00:00:00-04:00,PHM,bubble,2.3632653075494314,51.020406379533746,-0.3155341183411987,-0.359223582543549,-0.35922358254354897
1983-09-26 00:00:00-04:00,PHM,bubble,2.3466117294242985,46.666571494512134,-0.32380916594404063,-0.3999998878332067,-0.37142860930307303
1983-09-28 00:00:00-04:00,PHM,bubble,2.7043457681105636,50.98041109245928,-0.35211268809204854,-0.4178404883921413,-0.38028194643068086
1983-09-29 00:00:00-04:00,PHM,bubble,2.5648518440237433,53.061309217118904,-0.34741782008007505,-0.3802819464306808,-0.38028194643068086
1983-09-30 00:00:00-04:00,PHM,bubble,2.400807355127801,50.0,-0.33809498365627855,-0.3714286093030731,-0.37142860930307303
1983-10-03 00:00:00-04:00,PHM,bubble,2.3124993569631296,63.636191088934,-0.34433954783855925,-0.39150938488771725,-0.3773586963932638
1983-10-04 00:00:00-04:00,PHM,bubble,2.1666669100037326,62.22209321193888,-0.38755953432973456,-0.40669847978381424,-0.3875595343297345
1983-10-05 00:00:00-04:00,PHM,bubble,2.162789331092592,57.1428696289453,-0.3676471005023496,-0.39705880346183164,-0.37254898976374967
1983-10-06 00:00:00-04:00,PHM,bubble,2.083635642155643,59.61536956880722,-0.4150944044201016,-0.4150944044201016,-0.41509440442010154
1983-10-12 00:00:00-04:00,PHM,bubble,1.730159127247414,58.571455229188345,-0.4697671111011955,-0.4186045191370318,-0.4697671111011955
1983-10-13 00:00:00-04:00,PHM,bubble,1.5874997825176296,50.66667770658301,-0.4154593212534827,-0.38647346243523273,-0.4492750444798764
1983-10-14 00:00:00-04:00,PHM,bubble,1.5000006691765249,43.589857626820844,-0.440000364031932,-0.37000039615239666,-0.44000036403193205
1983-10-17 00:00:00-04:00,PHM,bubble,1.438438246101943,41.33329602593397,-0.4532017690846062,-0.3842361299887098,-0.4532017690846062
1983-10-18 00:00:00-04:00,PHM,bubble,1.372091161578262,43.83562166218153,-0.4558823143496763,-0.39705880346183164,-0.4558823143496763
1983-10-19 00:00:00-04:00,PHM,bubble,1.2535216704913652,41.55848814919276,-0.44500018201596603,-0.38500022484325214,-0.44500018201596603
1983-10-20 00:00:00-04:00,PHM,bubble,1.0675323120857643,42.66671196850874,-0.44221101012499875,-0.32663319178443184,-0.4422110101249987
1983-10-21 00:00:00-04:00,PHM,bubble,1.0926444616583528,37.50003345894266,-0.44270869406118296,-0.2552086173847319,-0.442708694061183
1983-10-24 00:00:00-04:00,PHM,bubble,1.1612913215873686,45.348911908377104,-0.4825871921482455,-0.29353252567320076,-0.48258719214824547
1983-10-25 00:00:00-04:00,PHM,bubble,1.0,45.34881028295199,-0.47448972679890544,-0.255102131117559,-0.47448972679890544
1983-10-27 00:00:00-04:00,PHM,bubble,1.0210532223820858,31.08103220018954,-0.4531254827131128,-0.27083377248028073,-0.46354193677689226
1983-11-11 00:00:00-05:00,PHM,bubble,1.0337357379918433,56.756684023105656,-0.4644549248386187,-0.33175396718191685,-0.5118485444456409
1983-11-14 00:00:00-05:00,PHM,bubble,1.1703167646571218,66.6665873575443,-0.49327347499563323,-0.3766818473080409,-0.538116766969905
1983-11-15 00:00:00-05:00,PHM,bubble,1.0660384991250198,66.66646398817345,-0.48401813491438406,-0.3789955884954156,-0.5296804878556756
2013-06-20 00:00:00-04:00,PHM,bubble,1.022507854091129,32.38343604110473,-0.01593350601452448,0.0556056415506625,-0.1968430542609599
2017-06-02 00:00:00-04:00,ACB,bubble,3.164141432640484,27.06553659114755,2.638568706810204,2.8265615976512204,-0.09581563653537091
2017-06-05 00:00:00-04:00,ACB,bubble,3.120734827744843,14.102571905011132,2.7707006390825004,3.267515977062505,-0.05031846620199952
2017-06-06 00:00:00-04:00,ACB,bubble,2.6544117201484894,11.727085785232987,2.923541278091291,4.070422460474754,0.0
2017-06-07 00:00:00-04:00,ACB,bubble,2.8826404835346584,27.338131885071917,2.6649874270849394,3.6725441297569006,-0.031486136578983005
2017-06-09 00:00:00-04:00,ACB,bubble,3.198992423036513,37.74647400789162,2.119376146222947,3.0887823310511378,-0.07738450957181442
2017-06-12 00:00:00-04:00,ACB,bubble,3.1954316058656893,32.444444357622146,2.338173036416313,3.133091435927221,-0.06957047256226581
2017-06-13 00:00:00-04:00,ACB,bubble,3.244736779553299,31.97080415619395,2.5275883740945466,3.302541809782168,-0.04649719633136002
2017-06-14 00:00:00-04:00,ACB,bubble,3.086294566591917,31.831397577430224,2.4956520556900514,3.248447127645817,-0.04472049608048228
2017-06-15 00:00:00-04:00,ACB,bubble,3.047368420139464,28.815791026068993,2.5559166358375704,3.460338149816976,0.0
2017-06-16 00:00:00-04:00,ACB,bubble,3.2400000070326067,33.37438033667203,2.5094342251419333,3.3522015624660497,0.0
2017-06-19 00:00:00-04:00,ACB,bubble,3.3218996943790957,38.526569990608856,2.3449330014634358,3.395604395604396,-0.02319898742060243
2017-06-20 00:00:00-04:00,ACB,bubble,3.378378335034612,42.761393106724995,2.3703704246343085,3.6358026409716064,-0.012345642836386901
2017-06-21 00:00:00-04:00,ACB,bubble,3.1343670764988456,42.084436527348196,2.446874869168802,3.9187499938189987,0.0
2017-06-22 00:00:00-04:00,ACB,bubble,3.4122340700678366,50.67023953350049,2.2971669675739457,3.5388788763090258,-0.029535834460328127
2017-06-23 00:00:00-04:00,ACB,bubble,3.3351063895076223,54.3103430310202,2.3742331715159697,3.4723927993336066,-0.012269902916862538
2017-06-26 00:00:00-04:00,ACB,bubble,3.4931506601873963,61.88198384308873,2.4573168383343496,3.310975408257657,-0.018292708910813076
2017-06-27 00:00:00-04:00,ACB,bubble,3.5179064011337173,54.905666855419206,2.756097321726853,3.0975606853735593,-0.018292708910813076
2017-06-28 00:00:00-04:00,ACB,bubble,3.638888848190935,45.433786448920706,2.8143714050010673,3.2275450350009036,-0.03592811770814515
2017-06-29 00:00:00-04:00,ACB,bubble,3.6027778795226615,48.774512734809505,3.327097041371524,3.2667470302146357,-0.028364517976277367
2017-06-30 00:00:00-04:00,ACB,bubble,3.5353263510706885,51.97045134930611,3.571599495719167,3.3559014833652823,-0.035350538304856995
2017-07-03 00:00:00-04:00,ACB,bubble,4.029411873069467,61.91646852350487,4.54385975193869,3.163742827146323,-0.05847951502776222
2017-07-05 00:00:00-04:00,ACB,bubble,3.471544834563116,54.31034899235403,5.8545450854789305,3.3157576250633136,-0.02424243247619183
2017-07-06 00:00:00-04:00,ACB,bubble,3.435483858104055,64.28572629933157,5.333333066946735,3.2909088700503837,-0.02424243247619183
2017-07-07 00:00:00-04:00,ACB,bubble,3.4352616544514794,52.63158990538249,5.590062255764696,3.34782604422532,0.0
2017-07-10 00:00:00-04:00,ACB,bubble,3.8414986368307824,55.223879128297284,5.657738500530546,3.136904756765607,0.0
2017-07-11 00:00:00-04:00,ACB,bubble,3.9912281344353655,60.58395050479513,5.40949018702685,3.0128879617137,0.0
2018-07-16 00:00:00-04:00,ACB,bubble,2.2780746773927074,24.358974358974365,0.18417622220650487,0.2535351324301196,-0.33115820146765795
2018-07-17 00:00:00-04:00,ACB,bubble,2.0918891652396914,25.6398374712071,0.26203049428199376,0.19660466285261924,-0.31927610452229976
2018-07-18 00:00:00-04:00,ACB,bubble,2.1025642100644983,31.653894070108663,0.12613060770436557,0.1724098940052552,-0.32231403841895384
2018-07-19 00:00:00-04:00,ACB,bubble,1.9471544778091983,13.709664923199853,0.15142759942188344,0.2032775826482074,-0.2931034137818051
2018-07-20 00:00:00-04:00,ACB,bubble,1.9298700942860187,12.089072845367028,0.1381259113397788,0.2245426187182551,-0.27304960194698463
2018-07-23 00:00:00-04:00,ACB,bubble,1.8212561802054426,12.089097430843424,0.09914890715379499,0.16307357999536687,-0.29794522063521955
2018-07-24 00:00:00-04:00,ACB,bubble,1.4862385426536737,10.575155077712552,0.26659409588063143,0.241721344530488,-0.24354244242670064
2018-07-25 00:00:00-04:00,ACB,bubble,1.4629630714908393,10.066532953635104,0.3098947280339539,0.24946801871162316,-0.22932332019776033
2018-07-26 00:00:00-04:00,ACB,bubble,1.4351852530151077,9.982425446154068,0.3997528226103637,0.22429086912684215,-0.22053231881972546
2018-07-27 00:00:00-04:00,ACB,bubble,1.4768519807287048,13.879177619508283,0.33550085480668934,0.2114485436540967,-0.2336448777800442
2018-07-30 00:00:00-04:00,ACB,bubble,1.4003705805438003,13.186372692728696,0.38733784614883326,0.25120660793489824,-0.20849416347959254
2018-07-31 00:00:00-04:00,ACB,bubble,1.5000000302434322,22.804996098462993,0.3490513046677859,0.11311004873595998,-0.24770643489261696
2018-08-01 00:00:00-04:00,ACB,bubble,1.457943926385373,21.62861216827949,0.4588973080727734,0.24794860314692424,-0.22053231881972546
2018-08-02 00:00:00-04:00,ACB,bubble,1.529411905388431,22.72553332603664,0.6157906335907934,0.24399800797342164,-0.20542636094728386
2018-08-03 00:00:00-04:00,ACB,bubble,1.6082475481091794,26.15866931517455,0.619031566359779,0.39974497073980686,-0.18972332984031015
2018-08-06 00:00:00-04:00,ACB,bubble,1.715789608102451,30.71078939922664,0.5213352711161665,0.3304147336369756,-0.20542636094728386
2018-08-07 00:00:00-04:00,ACB,bubble,1.3979592166250812,24.719120656133825,0.7143595566495498,0.46503822183996757,-0.127659587600498
2018-08-08 00:00:00-04:00,ACB,bubble,1.4248729897249204,29.515428458932675,0.6476512831157819,0.41971533180373766,-0.141720695693651
2018-08-09 00:00:00-04:00,ACB,bubble,1.4141413993421583,31.623945109636466,0.5555000646617265,0.42967154491209314,-0.14225938444684652
2018-08-10 00:00:00-04:00,ACB,bubble,1.4000001087516458,23.851594962990305,0.5969265426845094,0.4833376059889529,-0.11941581563787425
2018-08-13 00:00:00-04:00,ACB,bubble,1.3281250611661615,26.600991493319896,0.6819350522312595,0.41282542027490887,-0.08277406809120204
2018-08-14 00:00:00-04:00,ACB,bubble,1.0812183026523612,23.4782657551647,0.7957804491532603,0.4340951425424582,0.0
2018-08-15 00:00:00-04:00,ACB,bubble,1.463870583693459,43.63394692003168,0.49935405233587726,0.27391923701698206,-0.02584082720242841
2018-08-16 00:00:00-04:00,ACB,bubble,1.38693467170196,40.17037422360785,0.5129284106568417,0.2749642169877422,0.0
2018-08-17 00:00:00-04:00,ACB,bubble,1.542199516436368,46.61509024725667,0.475169045212265,0.2373057830628451,0.0
2018-08-20 00:00:00-04:00,ACB,bubble,2.0051282578380767,55.50778896281126,0.24935498188008753,0.03346074532006904,-0.13642323377544846
2018-08-21 00:00:00-04:00,ACB,bubble,2.2590672796330074,62.998485690608284,0.14745950304572508,-0.04543242689576188,-0.19545947419973983
2018-08-22 00:00:00-04:00,ACB,bubble,2.191752601424334,63.03030428151318,0.22088661949527766,-0.05544574679788972,-0.1827261264904892
2018-08-23 00:00:00-04:00,ACB,bubble,2.243270226457095,66.11020163396611,0.2642741039506076,-0.05383357381760978,-0.20391517805654963
2018-08-24 00:00:00-04:00,ACB,bubble,2.5045282547815977,69.0128897251018,0.14415781709628095,-0.15477992573129695,-0.25948408620961255
2018-08-28 00:00:00-04:00,ACB,bubble,2.509846257753956,71.04149287639282,0.11212119670829379,-0.15909090909090906,-0.2606060914318971
2018-08-31 00:00:00-04:00,ACB,bubble,2.4635797921139653,72.58763306575291,0.1811377452960823,-0.1631736424360033,-0.26946108605119734
2018-09-05 00:00:00-04:00,ACB,bubble,2.379700468127353,71.53441555126892,0.17140268543315296,-0.0810157304372795,-0.26239421076241287
2018-09-06 00:00:00-04:00,ACB,bubble,2.169173051061674,68.02165414424132,0.2689545297820799,-0.04070228263207176,-0.22106945318652962
2018-09-07 00:00:00-04:00,ACB,bubble,2.0909614764141735,65.1144363868271,0.2901134261346858,0.017828134436274734,-0.209076234094712
2018-09-10 00:00:00-04:00,ACB,bubble,2.0914341049856597,58.69371521699047,0.4351265682710874,0.02689868502399806,-0.22784815831411634
2018-09-13 00:00:00-04:00,ACB,bubble,2.0492965670428083,52.7179960465512,0.5592157501021242,-0.14509803921568631,-0.23450983583537582
2018-09-14 00:00:00-04:00,ACB,bubble,2.1594579783089287,49.1650801419931,0.527607251887495,-0.19171778542866824,-0.25153379689054595
2018-10-26 00:00:00-04:00,ACB,bubble,2.2591427904384966,28.44555645871327,0.278409109381605,-0.488636356247358,-0.30681820070119625
2018-10-29 00:00:00-04:00,ACB,bubble,1.760662119865069,25.66140058051674,0.4856175372968947,-0.3891708900865465,-0.1742809285020319
2018-10-30 00:00:00-04:00,ACB,bubble,1.7104421532634388,27.61429861908158,0.44334984461842053,-0.41050903805568784,-0.1986863911226084
2018-10-31 00:00:00-04:00,ACB,bubble,1.9892328675237563,34.164854754062574,0.30588232302198226,-0.4735294042849073,-0.2823529710956648
2018-11-01 00:00:00-04:00,ACB,bubble,1.9213101666498136,27.679616410624092,0.2778603655247187,-0.46508170745476896,-0.27488856700241043
2018-11-02 00:00:00-04:00,ACB,bubble,2.033224998233607,19.42257158281852,0.2236467461466487,-0.464387465419571,-0.3048433539715816
2021-07-19 00:00:00-04:00,MARA,bubble,23.833334415047286,15.724373915216304,0.2791946158663925,-0.422818818865632,0.0
2021-07-20 00:00:00-04:00,MARA,bubble,23.33333224378607,2.851312040558554,0.1520106346279284,-0.44896152322232863,0.0
2021-12-13 00:00:00-05:00,MARA,bubble,6.755789505807977,30.564883931270217,-0.8116178059588595,-0.8735070622119756,-0.8194896832838289
2021-12-14 00:00:00-05:00,MARA,bubble,5.738267524927652,25.904206968652986,-0.8159657233168428,-0.8735601511204562,-0.8218591007451995
2021-12-16 00:00:00-05:00,MARA,bubble,3.3147023446715904,28.508629360642345,-0.8138552394831821,-0.8907349958367051,-0.8149816817175871
2021-12-17 00:00:00-05:00,MARA,bubble,2.5744453558227254,21.99872112638316,-0.7867060527133711,-0.8856720809450622,-0.8059084056773517
2021-12-20 00:00:00-05:00,MARA,bubble,2.4876476645787244,21.278566936632885,-0.7921158070146253,-0.8795811537161987,-0.7976593802074669
2021-12-21 00:00:00-05:00,MARA,bubble,1.9939130700152852,25.983555808823397,-0.7952367084447847,-0.8939877995058066,-0.809178039110452
2021-12-22 00:00:00-05:00,MARA,bubble,1.4430923704895626,27.11396958923862,-0.7825959612047647,-0.8924699689001031,-0.8075007334881342
2021-12-28 00:00:00-05:00,MARA,bubble,1.868571378746811,32.79008705791688,-0.8349459222687571,-0.9103585614661291,-0.8349459222687571
2021-12-29 00:00:00-05:00,MARA,bubble,1.8835033322645045,29.44785177836718,-0.8425243238980604,-0.8994396903221771,-0.8425243238980604
2021-12-30 00:00:00-05:00,MARA,bubble,2.160845498889557,36.66921222702434,-0.8389066571626461,-0.9005524822043649,-0.8447222958022135
2021-12-31 00:00:00-05:00,MARA,bubble,2.147509763515251,35.847648540678605,-0.815276930647737,-0.896530735477334,-0.8374923903408059
2022-01-03 00:00:00-05:00,MARA,bubble,1.9872841694744188,41.49073337364433,-0.828215256910413,-0.8716935278655,-0.8376406125970144
2022-01-04 00:00:00-05:00,MARA,bubble,1.511405495578011,43.3222007623346,-0.7946088482420036,-0.8854380321281774,-0.8435394085710534
2024-09-26 00:00:00-04:00,MARA,bubble,1.1236364191228692,81.67938353347141,-0.34360732308634256,0.04223742875476044,-0.34360732308634256
2024-09-27 00:00:00-04:00,MARA,bubble,1.1585518628556843,74.14105097637768,-0.31521113212001406,0.07634468623068669,-0.33487568588429706
2024-10-03 00:00:00-04:00,MARA,bubble,1.1191780634010509,44.88188787168687,-0.2721396228492472,0.308985109920056,-0.27407890443474575
2024-10-04 00:00:00-04:00,MARA,bubble,1.1631299135887585,53.17002511570856,-0.3549968852095341,0.23850407261630813,-0.3549968852095341
2024-10-07 00:00:00-04:00,MARA,bubble,1.1549864699064347,50.82644535821433,-0.2301438026377236,0.2632896217688243,-0.34208876745793604
2024-10-11 00:00:00-04:00,MARA,bubble,1.0354430037457067,50.065704504424126,-0.21766169257501677,0.4203980261788345,-0.3457711127066309
2024-10-14 00:00:00-04:00,MARA,bubble,1.1825191625097151,53.4883693784006,-0.27444051666908176,0.19375742074337166,-0.38044754173308126
2024-10-15 00:00:00-04:00,MARA,bubble,1.1945525282202865,54.899501190056,-0.2517730620374158,0.1566193620910854,-0.3782505667654873
2024-10-16 00:00:00-04:00,MARA,bubble,1.2320986508923446,53.61756771642309,-0.3202433620733217,0.14657077597968682,-0.41814156514624184
2024-10-17 00:00:00-04:00,MARA,bubble,1.1313610219416201,54.74933588787205,-0.2193225851785775,0.11438086839326367,-0.41588004863580097
2024-10-18 00:00:00-04:00,MARA,bubble,1.4392764494925934,68.02168589006018,-0.2515889437217971,0.014300872339271242,-0.442796561155328
2024-10-21 00:00:00-04:00,MARA,bubble,1.426718416588936,78.43750540167287,-0.2512025165993369,0.02725816428847838,-0.4377337801959503
2024-10-22 00:00:00-04:00,MARA,bubble,1.444587468277426,78.83436089828547,-0.24617813872729266,0.03004752887743023,-0.44544012448340964
2024-10-23 00:00:00-04:00,MARA,bubble,1.0651428222656252,68.15642822712003,-0.22468176726673028,0.08245709996026962,-0.417819555316489
2024-10-28 00:00:00-04:00,MARA,bubble,1.1067854300625735,67.220382230183,-0.2581837489671466,-0.06230202069181168,-0.4445617655159635
2024-10-29 00:00:00-04:00,MARA,bubble,1.1376976600426483,70.2546388151036,-0.23548051035169637,-0.03537487103493797,-0.4445617655159635
2024-10-30 00:00:00-04:00,MARA,bubble,1.0655367117181678,66.77668720126854,-0.28391686756604895,-0.025711225549706063,-0.4245076552185756
1987-10-19 00:00:00-04:00,INTC,bubble,1.2399995785522502,21.495379898903607,0.1071429335009546,-0.08035657398931662,-0.35714288768609614
1987-10-20 00:00:00-04:00,INTC,bubble,1.065790007599002,18.103370940792814,0.19426895731623128,0.022294469580023124,-0.3121016568564699
1987-10-21 00:00:00-04:00,INTC,bubble,1.0974002308267,13.24195966104979,0.1191949346947232,-0.020123328287854125,-0.33126926210184243
1999-08-05 00:00:00-04:00,AMZN,quality,1.7474981798239013,28.8335577321603,0.7313623607267812,-0.35218509577243307,-0.1208226369814586
1999-08-06 00:00:00-04:00,AMZN,quality,1.4537676339928711,28.314033684802553,0.7543610258461253,-0.2742499955544013,-0.04535958824066203
1999-08-09 00:00:00-04:00,AMZN,quality,1.2112061914488614,30.68340848516216,0.7543859257751393,-0.2090643674378787,0.0
1999-08-10 00:00:00-04:00,AMZN,quality,1.244603548231653,30.828106286546898,0.8269230003389212,-0.2760989209647159,-0.000686645479028493
1999-08-11 00:00:00-04:00,AMZN,quality,1.2001020970267846,38.85964881753723,0.7649479995259814,-0.32096232076170184,0.0
1999-08-12 00:00:00-04:00,AMZN,quality,1.1112183956979855,32.2643079044731,0.6607629290429944,-0.33651226497905296,0.0
1999-08-13 00:00:00-04:00,AMZN,quality,1.2926474178538605,43.07534986462868,0.56382273811733,-0.3085311983951554,0.0
1999-08-16 00:00:00-04:00,AMZN,quality,1.4027491448982325,47.65541137441184,0.5143035353723973,-0.2905278152726575,0.0
1999-08-17 00:00:00-04:00,AMZN,quality,1.7383808124622613,52.75591083332882,0.35125854018608904,-0.3123570088688654,-0.028604118493748044
1999-08-18 00:00:00-04:00,AMZN,quality,1.637202017361223,59.14934695064027,0.249723740045537,-0.3171270802534746,-0.061878436178133635
1999-08-19 00:00:00-04:00,AMZN,quality,1.4728148457603543,54.41308963133554,0.30035335149231046,-0.2791519474321247,0.0
1999-08-20 00:00:00-04:00,AMZN,quality,1.6355270788938565,63.896360715262645,0.14159758737988226,-0.31239679301502354,0.0
1999-08-30 00:00:00-04:00,AMZN,quality,2.378485744685565,70.28726122004349,0.15513621787887,-0.3438155401167393,-0.0015721830680386034
1999-09-01 00:00:00-04:00,AMZN,quality,3.4674625451412098,67.2454771287311,0.05091845079662072,-0.27874030506359426,0.0
1999-09-02 00:00:00-04:00,AMZN,quality,3.100993820437397,65.21374663152069,0.04058274284914942,-0.30905304287013224,0.0
1999-09-21 00:00:00-04:00,AMZN,quality,3.368421131884295,50.140447481728536,0.16265065086166586,-0.34538154671575627,-0.009036160036817191
1999-09-23 00:00:00-04:00,AMZN,quality,2.552911758194191,54.11764853718424,0.08734944488876906,-0.3564257082717115,-0.009036160036817191
1999-09-27 00:00:00-04:00,AMZN,quality,2.435925386383618,49.350650851907965,0.16883118664830032,-0.35464536005140734,-0.01398602944275618
1999-11-04 00:00:00-05:00,AMZN,quality,1.9147804856062884,32.15612755560031,-0.07234888940894124,-0.36967296816334616,-0.2566898031139876
1999-11-05 00:00:00-05:00,AMZN,quality,2.0321022469836234,36.77535748636764,-0.13739180890885638,-0.42155921471135227,-0.2781520798984843
2004-02-17 00:00:00-05:00,AMZN,quality,1.2696908664292623,22.39049771561848,-0.16033385094550012,-0.20623762283950509,-0.22424772994406458
2004-02-18 00:00:00-05:00,AMZN,quality,1.0977092644179152,26.93560221200157,-0.12279917121514627,-0.20525964033066801,-0.21283706845147796
2004-02-19 00:00:00-05:00,AMZN,quality,1.1071261165674473,32.217918527319966,-0.13482647613400733,-0.20067191853208066,-0.2089585791385192
2004-02-20 00:00:00-05:00,AMZN,quality,1.1147005485971535,28.548014222959367,-0.12530444948059904,-0.21828653003176657,-0.21806510742928517
2004-02-23 00:00:00-05:00,AMZN,quality,1.0188245591719234,30.905870933972963,-0.10279734354952741,-0.21037070430379978,-0.19672499508468388
2004-02-26 00:00:00-05:00,AMZN,quality,1.0170978289586903,37.81854734439374,-0.07926683524745504,-0.19839627584151653,-0.19083613973590757
2008-01-23 00:00:00-05:00,AMZN,quality,1.030469411052426,7.383314894047828,-0.04637014232206749,-0.32486142101086257,-0.1560091700744806
2008-01-24 00:00:00-05:00,AMZN,quality,1.0845410765577657,19.548617354421467,0.013518735212032063,-0.3481395554431387,-0.19621477133058868
2008-01-25 00:00:00-05:00,AMZN,quality,1.0927724769793934,25.077961286343168,0.00914943559933401,-0.36043818629830593,-0.19548971051806882
2008-01-28 00:00:00-05:00,AMZN,quality,1.0575305010801626,23.14049277374984,0.002110296928305777,-0.3611184378758897,-0.1766024515040496
2008-01-30 00:00:00-05:00,AMZN,quality,1.0029690031387597,25.78090205497284,0.05390110432041717,-0.3262363566325568,-0.15873871077908355
2008-01-31 00:00:00-05:00,AMZN,quality,1.0626493399374923,37.01504793384685,-0.017503237675216998,-0.24298584505517107,-0.19652509062514212
2021-07-30 00:00:00-04:00,PINS,bubble,1.3382294671349602,29.977816354963707,-0.5443124031024822,-0.6606112181111718,-0.5460102024043343
1998-07-17 00:00:00-04:00,FCEL,bubble,1.041666579563529,52.8301831225047,-0.34013606577270794,0.044985134397184545,-0.4557823023481585
2001-01-05 00:00:00-05:00,FCEL,bubble,2.9166666666666665,38.86576482830385,-0.03702126120468874,-0.18638299411446024,-0.17154255319148937
2001-04-16 00:00:00-04:00,FCEL,bubble,1.0497186404755139,49.937308392823525,-0.41425434816656337,-0.2629266923548996,-0.5276502083236605
2001-04-17 00:00:00-04:00,FCEL,bubble,2.0405859957943293,50.45204496777299,-0.4587509416972455,-0.30878948104481785,-0.5439475446573295
2001-04-18 00:00:00-04:00,FCEL,bubble,2.1716666264789093,62.37766638167079,-0.4955333619737101,-0.3869329051763838,-0.5855666312283713
2001-04-19 00:00:00-04:00,FCEL,bubble,1.8092790331475674,62.46786835559085,-0.4465274129685912,-0.3843956774160844,-0.5775754254989056
2001-04-20 00:00:00-04:00,FCEL,bubble,1.8211838006230527,60.35302206234423,-0.4717314487632509,-0.4155477287413296,-0.5819787858060136
2001-04-23 00:00:00-04:00,FCEL,bubble,1.7121890492855059,61.86500082934455,-0.41991823471719447,-0.4091415989377529,-0.5603864718066762
2001-04-24 00:00:00-04:00,FCEL,bubble,1.927027027027027,68.9707744371922,-0.37174512563694817,-0.368421052631579,-0.5630655452746144
2001-04-25 00:00:00-04:00,FCEL,bubble,1.680245434276301,68.84917345114656,-0.43270466685825215,-0.39278519897211484,-0.5667460097056854
2001-04-26 00:00:00-04:00,FCEL,bubble,1.9244305049979777,70.03218657731657,-0.4960737390343092,-0.42881526886742183,-0.5961078643271711
2001-06-14 00:00:00-04:00,FCEL,bubble,1.4515253676800288,29.525477842415654,-0.5341339912186192,-0.6981668704696606,-0.6261061747105882
2001-06-15 00:00:00-04:00,FCEL,bubble,1.4705541610887995,27.42810786373289,-0.5705368249119849,-0.7112983705105843,-0.6307740128345701
2001-06-18 00:00:00-04:00,FCEL,bubble,1.3275582254033176,28.58339755627415,-0.5377867633483253,-0.7179487171664898,-0.6008771710388955
2020-10-01 00:00:00-04:00,FCEL,bubble,5.56249973922969,47.95321767884054,5.461904858785962,2.0619046650235613,-0.09999998788984996
2020-10-02 00:00:00-04:00,FCEL,bubble,4.459459134369614,42.94117092673671,5.856435816206119,1.9702971044936253,-0.06435639949474774
2020-10-05 00:00:00-04:00,FCEL,bubble,4.249999977924206,34.1317371196657,5.746031655259018,2.195767098942952,0.0
2020-10-06 00:00:00-04:00,FCEL,bubble,4.999999602635717,32.09876049002699,5.598958614109851,2.1614585230471963,0.0
2020-10-07 00:00:00-04:00,FCEL,bubble,5.545455105924321,41.758241527913455,4.768518058469887,1.944444352870783,-0.07407411768057941
2020-10-21 00:00:00-04:00,FCEL,bubble,6.032258084363669,52.857145711679266,3.678898973403161,2.7201834461041035,-0.08256882874447817
2020-10-28 00:00:00-04:00,FCEL,bubble,7.559999593098958,39.4736742305519,3.537383203114694,2.537383440790548,-0.06542051632227039
2020-10-29 00:00:00-04:00,FCEL,bubble,8.000000662273848,25.000006910683837,3.2083333235218694,2.6990738527710594,-0.07407411768057941
2020-10-30 00:00:00-04:00,FCEL,bubble,7.333333554091283,23.000005086263016,3.325,3.7649998982747395,0.0
2020-11-02 00:00:00-05:00,FCEL,bubble,7.269230567021722,34.862385107050656,2.8883721403373306,3.3860464169997577,0.0
2021-04-20 00:00:00-04:00,FCEL,bubble,4.3354040637188715,21.836227097771484,0.0174621644813302,-0.38533183394175063,-0.35040750497909007
2021-05-04 00:00:00-04:00,FCEL,bubble,3.390863057528347,32.8034651278512,0.10173408052595145,-0.49710982658959535,-0.3549133183179793
2021-05-05 00:00:00-04:00,FCEL,bubble,3.1592040833329804,38.86986329705102,0.1279903925603305,-0.4294258199271873,-0.33253591762541607
2021-05-06 00:00:00-04:00,FCEL,bubble,2.9257425723876596,34.102138560572044,0.19546028244218117,-0.4552332516666331,-0.29634300886395204
2021-05-07 00:00:00-04:00,FCEL,bubble,3.1522842678911562,40.91710644466512,0.13447433097296724,-0.5207823903869875,-0.3178484186633773
2021-05-10 00:00:00-04:00,FCEL,bubble,2.4523809523809526,38.79598093280382,0.23448275862068968,-0.5172413793103448,-0.2303448556483477
2021-05-11 00:00:00-04:00,FCEL,bubble,2.834951503654301,38.2799267029035,0.3683543788732859,-0.577215202750033,-0.29367091182917987
2021-05-12 00:00:00-04:00,FCEL,bubble,2.8928570895663035,36.51049783427063,0.419397127827859,-0.6028833379218582,-0.2686762850147222
2021-05-13 00:00:00-04:00,FCEL,bubble,2.7925529806650315,23.488769196252633,0.4361852312894354,-0.556802217125655,-0.21739131055096428
2021-05-14 00:00:00-04:00,FCEL,bubble,3.1223403140036856,26.166670057508682,0.4348387359290995,-0.5458064581758233,-0.28000002625168013
2021-05-17 00:00:00-04:00,FCEL,bubble,3.3206521141957257,29.648243603534596,0.4125785907609407,-0.5735849184560076,-0.2981132331384303
2021-05-18 00:00:00-04:00,FCEL,bubble,3.329843096106872,32.692312081341086,0.3022974532645013,-0.5489721935791066,-0.32527210891466285
2021-05-19 00:00:00-04:00,FCEL,bubble,3.331632657364212,36.98854442059848,0.24734988619411458,-0.5842167145867735,-0.3427561998341842
2021-05-20 00:00:00-04:00,FCEL,bubble,3.156862593546567,39.30434959522192,0.2075472467661743,-0.5613207501902251,-0.3419811402802171
2021-05-21 00:00:00-04:00,FCEL,bubble,3.4108909987368694,48.38128782335959,0.06172839788073503,-0.5847362324386913,-0.37373736797122376
2021-05-24 00:00:00-04:00,FCEL,bubble,3.292929182651682,48.64376125209267,0.15411759918811274,-0.5611764646043964,-0.3435294357000613
2021-05-25 00:00:00-04:00,FCEL,bubble,2.8801845165008806,50.56391076284867,0.11757712182034563,-0.5950118741888105,-0.33729220169581564
2021-05-26 00:00:00-04:00,FCEL,bubble,3.3364054440829243,62.58503489626962,-0.004250732346234298,-0.6142401479459387,-0.4070138110694817
2021-06-14 00:00:00-04:00,FCEL,bubble,2.54578740520198,57.17761415659181,-0.2840909150618228,-0.6590909019258127,-0.423553727910354
2021-06-15 00:00:00-04:00,FCEL,bubble,2.625984236989429,54.58768486438109,-0.2519000865714035,-0.6395222480112766,-0.3941368031405163
2021-06-16 00:00:00-04:00,FCEL,bubble,2.5405407581517188,48.43342447437859,-0.3097055991157335,-0.6259542012254289,-0.39149403786819803
2021-06-17 00:00:00-04:00,FCEL,bubble,2.826270935305539,44.50474499327468,-0.2768549342554021,-0.6400885854679773,-0.38205980927245486
2021-06-18 00:00:00-04:00,FCEL,bubble,2.8596490367053065,43.271766287415744,-0.2874999768806227,-0.6068181702584932,-0.36590911402846826
2021-06-21 00:00:00-04:00,FCEL,bubble,3.0136362711588545,41.416888861540414,-0.2853906854911781,-0.5832389427346677,-0.36806342863903696
2021-06-22 00:00:00-04:00,FCEL,bubble,3.3087558613615924,42.81915048317468,-0.3529411764705882,-0.596791449290121,-0.4032085779091466
2021-06-23 00:00:00-04:00,FCEL,bubble,3.2232142958511307,45.99446974305943,-0.3224101080933094,-0.5845665729489509,-0.4101479876785542
2021-06-24 00:00:00-04:00,FCEL,bubble,2.9110166943645286,44.878702227001696,-0.3066088687897306,-0.5774647794187421,-0.39544962951835677
2021-06-25 00:00:00-04:00,FCEL,bubble,2.9909908991402037,28.75399080670236,-0.27088031620713104,-0.5643340542891436,-0.37020315430987905
2021-06-28 00:00:00-04:00,FCEL,bubble,3.444976217157632,26.523892694787065,-0.32185148287829257,-0.6017222994682037,-0.3993541924492923
2021-06-29 00:00:00-04:00,FCEL,bubble,2.888889057947971,29.87013330157643,-0.3549450325878548,-0.6054945166731056,-0.3868132091703869
2021-06-30 00:00:00-04:00,FCEL,bubble,2.938052920088735,36.75799797292715,-0.42584268519940893,-0.5786516853932584,-0.42584268519940893
2021-07-01 00:00:00-04:00,FCEL,bubble,2.7719297404165495,26.201929013874008,-0.38023258179657216,-0.5604651103648104,-0.40581394165985346
2021-07-02 00:00:00-04:00,FCEL,bubble,2.325396811780916,31.321843448368597,-0.3794749252689559,-0.5417661107992049,-0.39021477019255574
2021-07-06 00:00:00-04:00,FCEL,bubble,1.923344964098869,36.42384931326202,-0.3110846404493953,-0.525625733120563,-0.3909415776302876
2021-07-07 00:00:00-04:00,FCEL,bubble,1.8515901266470483,33.33333847097116,-0.2713755082638851,-0.47583643813862697,-0.3667905857622707
2021-07-08 00:00:00-04:00,FCEL,bubble,1.7162160885023483,34.48276466856309,-0.3383084240346681,-0.4626865350610855,-0.36442784000261147
2021-07-09 00:00:00-04:00,FCEL,bubble,1.6480264043984132,37.37374256327001,-0.36149069586649196,-0.49937887566923844,-0.3652173786676695
2021-07-12 00:00:00-04:00,FCEL,bubble,1.612377959714311,36.36364881851467,-0.36408979169280087,-0.5087282046976014,-0.36408979169280087
2021-07-13 00:00:00-04:00,FCEL,bubble,1.6939501528141423,19.3103591005666,-0.34346102115226895,-0.47820344863405284,-0.343461021152269
2021-07-14 00:00:00-04:00,FCEL,bubble,1.4548611383992451,13.677836548911728,-0.26732678253370135,-0.46534654284482235,-0.29702969442279403
2021-07-15 00:00:00-04:00,FCEL,bubble,1.3133332994249134,14.106606413885402,-0.2694524095438523,-0.4971181629062643,-0.2838616316570774
2021-07-16 00:00:00-04:00,FCEL,bubble,1.1335505239472283,14.018716170822302,-0.25648851855717236,-0.46564885496183206,-0.2564885185571724
2021-07-19 00:00:00-04:00,FCEL,bubble,1.2749140797368708,3.1579078869172292,-0.27039280240022434,-0.4697885205659428,-0.27039280240022434
2021-07-20 00:00:00-04:00,FCEL,bubble,1.3936170644488155,7.885310801616811,-0.32148151162229943,-0.4666666666666667,-0.3214815116222994
2021-07-21 00:00:00-04:00,FCEL,bubble,1.5454545454545454,16.549300567297337,-0.3857142857142857,-0.49428572881789434,-0.38571428571428573
2021-07-22 00:00:00-04:00,FCEL,bubble,1.3807827957612062,16.49123226567636,-0.38266067060364206,-0.5022421372948911,-0.3826606706036421
2021-07-23 00:00:00-04:00,FCEL,bubble,1.4242425176540534,16.095896256963556,-0.390625,-0.4781250158945719,-0.390625
2021-07-26 00:00:00-04:00,FCEL,bubble,1.563492155599688,17.50842315924386,-0.3931888719180573,-0.49845203602869315,-0.39628483922803126
2021-07-27 00:00:00-04:00,FCEL,bubble,1.5772356244328352,18.772565695863946,-0.3895899035912467,-0.46529969200831744,-0.38958990359124673
2021-07-28 00:00:00-04:00,FCEL,bubble,1.7178422089322796,24.745768790247197,-0.41068700737018926,-0.45496183982635574,-0.41068700737018926
2021-07-29 00:00:00-04:00,FCEL,bubble,1.7956520854562954,23.52941372020838,-0.44634522327113324,-0.44167962490430623,-0.44634522327113324
2021-07-30 00:00:00-04:00,FCEL,bubble,1.7641921736845623,23.003195407349438,-0.4186413634849372,-0.4581358355284081,-0.43759870203063234
2021-08-02 00:00:00-04:00,FCEL,bubble,1.8385648664451137,26.865671075266036,-0.33017377021307504,-0.4154818137566304,-0.43759870203063234
2021-08-03 00:00:00-04:00,FCEL,bubble,1.4313725490196076,31.168831740738938,-0.2806451448830225,-0.3935483706894741,-0.4258064352056032
2021-08-04 00:00:00-04:00,FCEL,bubble,1.35433072285212,30.000002119275806,-0.29933109685180725,-0.34280933368421174,-0.40468223698278105
2021-08-05 00:00:00-04:00,FCEL,bubble,1.4179686141821297,41.89189220150118,-0.34248788109483663,-0.3295638015831508,-0.4248788109483662
2021-08-06 00:00:00-04:00,FCEL,bubble,1.4726560722726156,43.668114511527826,-0.32385467075646157,-0.2938388077220564,-0.43759870203063234
2021-08-09 00:00:00-04:00,FCEL,bubble,1.6940298755317444,57.704918798254866,-0.3947368309820757,-0.4099723017058424,-0.506925207561089
2021-08-10 00:00:00-04:00,FCEL,bubble,1.6202091765579274,58.38709730346112,-0.3989361594197115,-0.3497340736731651,-0.5265957439613141
2021-08-11 00:00:00-04:00,FCEL,bubble,1.5522387195750618,52.161382524954924,-0.2967836004005655,-0.3011696099944178,-0.4795321411301186
2021-08-12 00:00:00-04:00,FCEL,bubble,1.415162462496843,54.35435109772357,-0.27952163277408515,-0.23617336630407715,-0.4678624580183721
2021-08-13 00:00:00-04:00,FCEL,bubble,1.1696112324814862,45.811517000096394,-0.24429967831456811,-0.1579804089405239,-0.42019541356579265
2021-08-16 00:00:00-04:00,FCEL,bubble,1.2234432565422524,46.41910286701933,-0.23887972840194316,-0.18945633631878245,-0.41350906385446884
2021-08-17 00:00:00-04:00,FCEL,bubble,1.0845071885554778,41.509438101011796,-0.07263518418887083,-0.21452705402109462,-0.39864865213175416
2021-08-23 00:00:00-04:00,FCEL,bubble,1.1027397278169908,49.29906428216019,-0.22801303309359688,-0.3517915119215297,-0.42019541356579265
2021-08-24 00:00:00-04:00,FCEL,bubble,1.2553957153723605,53.460625044611014,-0.2535885734144042,-0.29505581179756646,-0.43221690810055907
2021-08-25 00:00:00-04:00,FCEL,bubble,1.163194335598516,50.497511084445485,-0.1556981904496142,-0.2696628974979993,-0.42857139358222984
2021-08-26 00:00:00-04:00,FCEL,bubble,1.081632794287469,47.36842642001055,-0.13725496388504044,-0.31372551301027807,-0.41830065631074737
2021-08-27 00:00:00-04:00,FCEL,bubble,1.1288134903557556,35.58281404557667,-0.0445859563089992,-0.32006363984332364,-0.43312098454504916
2021-08-30 00:00:00-04:00,FCEL,bubble,1.0769231816056228,28.382831524967756,-0.017713381630171,-0.32528183097602925,-0.4267310719147618
2021-08-31 00:00:00-04:00,FCEL,bubble,1.1971831414731575,37.39495151805795,-0.02724354128134221,-0.3285256463813072,-0.42948715388448266
2021-09-01 00:00:00-04:00,FCEL,bubble,1.196551794293283,43.220342818570984,-0.10675043696347708,-0.3767661189418976,-0.44113030015338633
2021-09-02 00:00:00-04:00,FCEL,bubble,1.404494504026006,57.52689362896022,-0.1526480177756172,-0.38629287018446967,-0.4454828677712677
2021-09-03 00:00:00-04:00,FCEL,bubble,1.51851854952759,51.196172598127184,-0.032679737475701076,-0.3709150535927549,-0.41830065631074737
2021-09-07 00:00:00-04:00,FCEL,bubble,1.343749906867746,51.941743018238455,0.051666683620876785,-0.3350000169542101,-0.4066666497124566
2021-09-08 00:00:00-04:00,FCEL,bubble,1.2698413963891366,42.00913019304115,0.10489510116416723,-0.3339160898234017,-0.37762238197513814
2021-09-09 00:00:00-04:00,FCEL,bubble,1.2129277912149021,52.57732039849048,0.19243980338011002,-0.2714777061758592,-0.38831615510689627
2021-09-10 00:00:00-04:00,FCEL,bubble,1.5714285379442847,45.28301932060008,0.202509022648091,-0.2186379461122263,-0.3620071269668024
2021-09-13 00:00:00-04:00,FCEL,bubble,1.5898619056118477,35.55556811422613,0.03558718732380206,-0.26690395017996504,-0.3665480475357419
2021-09-14 00:00:00-04:00,FCEL,bubble,1.849557348850786,53.41364862990572,-0.08850927078072168,-0.32453415082112747,-0.44720494441638486
2021-09-15 00:00:00-04:00,FCEL,bubble,1.537190093935083,48.36363791053317,0.009772003700214915,-0.30781757810872357,-0.42019541356579265
2021-09-16 00:00:00-04:00,FCEL,bubble,1.46,50.56603389715998,0.04065040650406515,-0.34634147168498053,-0.42113819484142107
2021-09-17 00:00:00-04:00,FCEL,bubble,1.6626015159130763,54.67128313902286,0.02442749644660469,-0.38473281666219383,-0.4564885340877465
2021-09-20 00:00:00-04:00,FCEL,bubble,1.3358779855951979,48.61538639708121,0.0686273988336501,-0.3627451192238297,-0.41830065631074737
2021-09-21 00:00:00-04:00,FCEL,bubble,1.3166024075895688,46.40718813640135,0.1416666666666666,-0.34499999152289496,-0.4066666497124566
2021-09-22 00:00:00-04:00,FCEL,bubble,1.6963563720117563,53.7467680221577,-0.013513498033044358,-0.4414414576099315,-0.4654654583559167
2021-09-23 00:00:00-04:00,FCEL,bubble,2.2466366516333007,59.31817727312293,-0.08563531816788583,-0.5055248479056293,-0.5082872718584439
2021-09-24 00:00:00-04:00,FCEL,bubble,2.0570175648958626,59.7254000048884,-0.10760401407573994,-0.49354376645281983,-0.489239598592426
2021-09-27 00:00:00-04:00,FCEL,bubble,2.3406115021068015,66.73428060945196,-0.201307176245064,-0.542483660130719,-0.5346405095783974
2021-09-28 00:00:00-04:00,FCEL,bubble,1.958847632831262,64.38355837143635,-0.13212795736310856,-0.5048678508911395,-0.5048678508911395
2021-09-29 00:00:00-04:00,FCEL,bubble,1.5664062274930388,56.66074624425086,-0.10654489776611642,-0.48401829630167525,-0.4581430758775971
2021-09-30 00:00:00-04:00,FCEL,bubble,2.1261683253668346,60.07259787804025,-0.13901342461743738,-0.4902839830229814,-0.4678624580183721
2021-10-01 00:00:00-04:00,FCEL,bubble,2.0619046650235613,57.068060782365066,-0.10730947435566218,-0.4556764991068585,-0.44634522327113324
2021-10-04 00:00:00-04:00,FCEL,bubble,1.9702971044936253,45.88014990191797,0.04333335028754348,-0.375,-0.4066666497124566
2021-10-05 00:00:00-04:00,FCEL,bubble,2.195767098942952,49.0157477949843,-0.009933791843671824,-0.42715229139100286,-0.41059599972143446
2021-10-06 00:00:00-04:00,FCEL,bubble,2.1614585230471963,49.21568811268289,-0.0675453192723443,-0.4612850346728946,-0.41350906385446884
2021-10-07 00:00:00-04:00,FCEL,bubble,1.944444352870783,48.0961929771433,-0.12264155545598066,-0.5110062811348668,-0.4402515652854237
2021-10-08 00:00:00-04:00,FCEL,bubble,1.6848738494600815,52.94117386325041,-0.156494525183012,-0.5133020107613866,-0.44287947442903114
2021-10-11 00:00:00-04:00,FCEL,bubble,1.5610687908350975,57.41127627960691,-0.18181820938226767,-0.5320417510176505,-0.46944857708572596
2021-10-12 00:00:00-04:00,FCEL,bubble,1.724409638028268,52.99539364931849,-0.2182081007703336,-0.5751445358616079,-0.4855491333728376
2021-10-13 00:00:00-04:00,FCEL,bubble,1.9233870368180832,50.12225066578455,-0.23999998596892957,-0.5834482828776042,-0.5089655032103089
2021-10-14 00:00:00-04:00,FCEL,bubble,1.9711934371719373,53.246754104615334,-0.2714681504840615,-0.5983379614568354,-0.506925207561089
2021-10-15 00:00:00-04:00,FCEL,bubble,2.0286886091675727,46.107781604320586,-0.3112313980595528,-0.5818673963722074,-0.5182679092382161
2021-10-18 00:00:00-04:00,FCEL,bubble,2.75107305412515,68.32152209873436,-0.39588105826855235,-0.6453089409981878,-0.5926773528620994
2021-10-19 00:00:00-04:00,FCEL,bubble,2.702586463458762,76.86170774004864,-0.428405137468834,-0.6589057145435377,-0.5855646178008066
2021-10-20 00:00:00-04:00,FCEL,bubble,2.534782520238904,67.5609721906743,-0.4415744142820768,-0.6432964240379424,-0.5621155976859692
2021-10-21 00:00:00-04:00,FCEL,bubble,2.7201834461041035,71.76166141064206,-0.4562268746720348,-0.6251541479477869,-0.5610357512858807
2021-10-22 00:00:00-04:00,FCEL,bubble,2.2256635266120695,65.1764675751968,-0.37997252859767117,-0.5953360711708445,-0.5116597871876823
2021-10-25 00:00:00-04:00,FCEL,bubble,2.1680671164447536,66.8161411964668,-0.42440318874967176,-0.5862068977147771,-0.5278514390245762
2021-10-26 00:00:00-04:00,FCEL,bubble,2.1866667570891205,61.458333333333336,-0.4128312437565591,-0.5523012537460645,-0.5034867502497377
2021-10-27 00:00:00-04:00,FCEL,bubble,2.153153225395345,56.83760530492851,-0.3971428644089472,-0.5514285859607515,-0.49142855689639137
2021-10-28 00:00:00-04:00,FCEL,bubble,2.537383440790548,61.3026833736418,-0.461030390857466,-0.5957727847443828,-0.5297225883689464
2021-10-29 00:00:00-04:00,FCEL,bubble,2.6990738527710594,62.03007281577995,-0.4643304316594987,-0.6095118912565864,-0.554443035413059
2021-11-01 00:00:00-04:00,FCEL,bubble,3.7649998982747395,69.62405709096961,-0.5435466849039177,-0.6747114306211828,-0.6264427935230148
2021-11-02 00:00:00-04:00,FCEL,bubble,3.3860464169997577,66.97819102387105,-0.4941675178830962,-0.6861081478699129,-0.622481423273424
2021-11-03 00:00:00-04:00,FCEL,bubble,3.0862068984416853,67.54657958310969,-0.5443037662276206,-0.6793248983632642,-0.6244725550499457
2021-11-04 00:00:00-04:00,FCEL,bubble,3.1614347914295786,64.6058708675788,-0.5775862031166297,-0.664870671346175,-0.616379290972727
2021-11-05 00:00:00-04:00,FCEL,bubble,2.608870893727151,51.92660177155007,-0.6089385474860336,-0.6491620225391352,-0.6089385474860335
2021-11-10 00:00:00-05:00,FCEL,bubble,3.2139918487927295,64.6090578334707,-0.6914062523283063,-0.6572265661864851,-0.7041015692908935
2021-12-01 00:00:00-05:00,AMC,bubble,5.8843376435429215,25.892855115487706,-0.5344767437264857,-0.7140357246850986,-0.6370318777827128
2021-12-02 00:00:00-05:00,AMC,bubble,6.009258852901126,27.826072726516813,-0.5888374999370096,-0.7301849397560005,-0.6575297188613355
2021-12-03 00:00:00-05:00,AMC,bubble,6.991735873298243,24.35836511715239,-0.5880730869155545,-0.7431920081607432,-0.6425370742279847
2021-12-06 00:00:00-05:00,AMC,bubble,7.202279384962093,13.389548762750593,-0.5460229256022981,-0.7655435865543301,-0.6398054909805662
2021-12-07 00:00:00-05:00,AMC,bubble,7.719101325864527,22.658457233440643,-0.5644329909576926,-0.80509020235298,-0.6659149517160583
2021-12-09 00:00:00-05:00,AMC,bubble,6.6321248121558005,26.34988577326817,-0.578071960364856,-0.7983706710956173,-0.6479973021052674
2021-12-10 00:00:00-05:00,AMC,bubble,5.709046055239426,22.824757554399042,-0.5816326326338572,-0.7831632604829941,-0.6220845508204992
2021-12-13 00:00:00-05:00,AMC,bubble,4.928571157483254,18.465307796654102,-0.4870912216919582,-0.7538726236437963,-0.5537865762835078
2021-12-14 00:00:00-05:00,AMC,bubble,6.680250875541793,23.556995709373552,-0.47877552266023593,-0.7653061224489796,-0.5767347063337054
2021-12-15 00:00:00-05:00,AMC,bubble,7.6223777207811025,24.23035125392883,-0.5218978158646603,-0.7729116033497063,-0.5794809635782738
2021-12-16 00:00:00-05:00,AMC,bubble,7.794964270144792,25.18825302935248,-0.48752554989056107,-0.7828220921303841,-0.5758691331360237
2021-12-17 00:00:00-05:00,AMC,bubble,9.217544287966009,37.31931944195338,-0.5707417762361557,-0.8320741776236156,-0.6438873880454519
2021-12-20 00:00:00-05:00,AMC,bubble,9.607142857142858,42.46088252891329,-0.5757575757575757,-0.8289562315250487,-0.6508417611170296
2021-12-21 00:00:00-05:00,AMC,bubble,10.305970471110856,53.704494174083244,-0.6023102310231023,-0.8250825082508251,-0.6577557856493658
2021-12-22 00:00:00-05:00,AMC,bubble,10.073358765139764,46.56061963006824,-0.5652022236546994,-0.8288005559136749,-0.6384239840934034
2021-12-23 00:00:00-05:00,AMC,bubble,10.140625310828904,48.893906722036434,-0.5045582152738974,-0.8457223067435926,-0.6363955381847435
2021-12-27 00:00:00-05:00,AMC,bubble,10.434262774429278,49.796473570411614,-0.533797898774363,-0.8595818841914267,-0.6386759688214558
2021-12-28 00:00:00-05:00,AMC,bubble,10.598327055708866,42.03455310417521,-0.5075757792605984,-0.8614718620675988,-0.6259019033852271
2021-12-29 00:00:00-05:00,AMC,bubble,11.205240377988197,38.86639538554393,-0.5152057245080501,-0.8518783487446193,-0.6289803329222104
2021-12-30 00:00:00-05:00,AMC,bubble,12.39814762895818,48.54422930631109,-0.5324809747571959,-0.859364196194498,-0.6416724286962677
2021-12-31 00:00:00-05:00,AMC,bubble,11.83018821751619,49.317407713380504,-0.5301470476038316,-0.8555147086872774,-0.6187500112196979
2022-01-03 00:00:00-05:00,AMC,bubble,12.194030207657121,61.664306943576534,-0.5260181328720561,-0.8457767735924918,-0.6089743884804664
2022-01-04 00:00:00-05:00,AMC,bubble,11.87373756153367,53.57917460407126,-0.43193406622613917,-0.844644961073625,-0.5931737958755893
2022-01-05 00:00:00-05:00,AMC,bubble,10.318407745391546,44.18037401061923,-0.3556043687757555,-0.8307692307692307,-0.5441758375901442
2022-01-06 00:00:00-05:00,AMC,bubble,9.956097858708079,43.96603941821516,-0.3343722353636218,-0.8250222699506624,-0.5382903199902496
2022-01-07 00:00:00-05:00,AMC,bubble,9.742990560495796,25.1821604237375,-0.3214440881184141,-0.8234014808525754,-0.5489343205683836
2022-01-10 00:00:00-05:00,AMC,bubble,9.354545593261719,21.11851082260344,-0.3353819496565801,-0.7840210706592446,-0.5447761388981158
2022-01-11 00:00:00-05:00,AMC,bubble,8.951964964753612,17.03245369040627,-0.33918380808768067,-0.779727941608717,-0.544975867812685
2022-01-12 00:00:00-05:00,AMC,bubble,9.422018573376667,19.71541705466265,-0.3235035254720705,-0.7772887361189176,-0.5435739509632749
2022-01-13 00:00:00-05:00,AMC,bubble,8.477064831832214,16.524671428868515,-0.1994192206673423,-0.7061955519375633,-0.4980639211777953
2022-01-14 00:00:00-05:00,AMC,bubble,7.82832633835711,15.107271976894637,-0.20466694929178675,-0.725328143713019,-0.4958677759517178
2022-01-18 00:00:00-05:00,AMC,bubble,5.15686246888326,14.193523379183546,-0.07006368033904964,-0.7070063558851871,-0.4495753699163083
2022-01-19 00:00:00-05:00,AMC,bubble,5.168349907143592,12.056720874068048,-0.07205238628891164,-0.698689947148118,-0.43395197229430305
2022-01-20 00:00:00-05:00,AMC,bubble,5.063758442098078,4.518812306479845,-0.14222466730646055,-0.6867736611510127,-0.42612064914453246
2022-01-21 00:00:00-05:00,AMC,bubble,4.119658255276944,5.237614661111934,-0.17028375828821007,-0.6939343298050178,-0.4229271079057936
2022-01-24 00:00:00-05:00,AMC,bubble,2.7647056792814904,4.926988905632726,-0.15685091227204662,-0.67968749283598,-0.37680288009654117
2022-01-25 00:00:00-05:00,AMC,bubble,2.2298387475117942,5.118465384590351,-0.09612980143476435,-0.6704119835026008,-0.3526841515374945
2022-02-01 00:00:00-05:00,AMC,bubble,1.1560103923674832,22.054672770181938,0.08007117147855491,-0.6393831729772829,-0.384934797187532
2022-02-03 00:00:00-05:00,AMC,bubble,1.097320081071731,22.34957308192918,0.49159386418117723,-0.5427034203392171,-0.3026227365402239
2022-02-04 00:00:00-05:00,AMC,bubble,1.2474376741048978,25.96685696124507,0.5609120918795807,-0.5973941417781072,-0.3244299873078685
2022-02-07 00:00:00-05:00,AMC,bubble,1.4126214877702226,29.467093636336386,0.5057008102611105,-0.6163648663888905,-0.30449367737620064
2022-02-08 00:00:00-05:00,AMC,bubble,1.987272782759233,41.05960656869861,0.4406572888113516,-0.6737675138250849,-0.3688375226896703
2022-02-09 00:00:00-05:00,AMC,bubble,2.2655171361462823,53.390489766680865,0.34424505970504926,-0.7412882704379562,-0.4524815190600328
2022-02-10 00:00:00-05:00,AMC,bubble,2.313725471529914,52.37002935916938,0.31468532501714264,-0.7482517440903176,-0.4421732095053969
2022-02-11 00:00:00-05:00,AMC,bubble,2.36493740552824,59.06433166000821,0.2870813303976323,-0.7607655580019732,-0.44869753544200436
2022-02-14 00:00:00-05:00,AMC,bubble,2.1415929203539825,56.97018536413108,0.39774651325924304,-0.7087323900679467,-0.4157746650803257
2022-02-15 00:00:00-05:00,AMC,bubble,2.5099099648965373,62.588906037237734,0.0965092544005901,-0.7304928173638123,-0.4676591615828189
2022-02-16 00:00:00-05:00,AMC,bubble,2.5698730017320526,70.0701452260691,-0.019318775346792272,-0.7336044619275365,-0.4728012274675894
2022-02-17 00:00:00-05:00,AMC,bubble,2.3228069104646383,64.90014752505277,-0.04857443107031145,-0.6779302958513334,-0.4524815190600328
2022-02-18 00:00:00-05:00,AMC,bubble,1.732824427480916,57.04440774753879,-0.4156424666250218,-0.6502793381334018,-0.42067040811037887
2022-02-22 00:00:00-05:00,AMC,bubble,1.1389609993278205,48.57559938113298,-0.41955069674856227,-0.6217364882123304,-0.4195506967485623
2022-02-24 00:00:00-05:00,AMC,bubble,1.1326899854949475,59.763727343772366,-0.4587104338441317,-0.5695701518068244,-0.45927603606356043
2022-02-25 00:00:00-05:00,AMC,bubble,1.2047441881109648,58.291460203803986,-0.48074748709526405,-0.5956964945741441,-0.4807474870952641
2022-02-28 00:00:00-05:00,AMC,bubble,1.0544662291261684,63.444520640291636,-0.4978791416567355,-0.6516437178046438,-0.5137858219478985
2022-03-01 00:00:00-05:00,AMC,bubble,1.0515116538356715,56.89277646064224,-0.4939956414167852,-0.6670305621389625,-0.49945415679155636
2022-03-02 00:00:00-05:00,AMC,bubble,1.1596736184260719,48.203334760250506,-0.5078251729830339,-0.6449001512785804,-0.5078251729830339
2022-03-03 00:00:00-05:00,AMC,bubble,1.2490659930250425,47.70165353369942,-0.5249169426795075,-0.6539313516735072,-0.5249169426795075
2022-03-04 00:00:00-05:00,AMC,bubble,1.0583850552576668,41.249997466802895,-0.4640917037584783,-0.6372963211767961,-0.48219671314442947
2022-03-23 00:00:00-04:00,AMC,bubble,1.299334821657399,60.5015621124764,-0.6215043283020528,-0.7844744354946813,-0.6215043283020528
2022-03-28 00:00:00-04:00,AMC,bubble,1.833816307178442,86.03929635362269,-0.7459938523673338,-0.829526075414318,-0.7671326086110558
2022-03-29 00:00:00-04:00,AMC,bubble,1.8444443854732788,85.88604196398575,-0.7394701136603586,-0.8311820591259429,-0.7680027022154995
2022-03-30 00:00:00-04:00,AMC,bubble,1.5151811129366362,73.02222174901135,-0.7235202360786717,-0.8049065387241703,-0.7340342433862534
2022-03-31 00:00:00-04:00,AMC,bubble,1.6324786101851276,72.9573717370615,-0.7171266287550153,-0.7926136374192086,-0.7228084223068144
2022-04-01 00:00:00-04:00,AMC,bubble,1.1960415018934345,71.064014189091,-0.7047210169452454,-0.8321888477505532,-0.7068669396920265
2022-04-04 00:00:00-04:00,AMC,bubble,1.2852941774854472,69.87843464466634,-0.6640926597960441,-0.8262548308041886,-0.7069927015727877
2022-04-05 00:00:00-04:00,AMC,bubble,1.1532995543504123,62.69100283861414,-0.6544082935293096,-0.7689769043378268,-0.67798207880096
2022-04-06 00:00:00-04:00,AMC,bubble,1.0827373924257335,60.682005198018835,-0.6508092247202867,-0.7430112648631012,-0.6650318533779248
2022-04-07 00:00:00-04:00,AMC,bubble,1.094479930399186,58.05658189706867,-0.6690319207211182,-0.7247846001157131,-0.6690319207211182
2022-04-08 00:00:00-04:00,AMC,bubble,1.1160092848495617,54.608828327027915,-0.6518640234383039,-0.7072368239431824,-0.6518640234383039
2022-04-11 00:00:00-04:00,AMC,bubble,1.1176469877485218,50.96234124234515,-0.6730769136718509,-0.7083333367296094,-0.6730769136718507
2022-04-19 00:00:00-04:00,AMC,bubble,1.012931001172197,17.114921517510638,-0.6514989431981784,-0.7339400430889245,-0.686830840234028
1999-10-07 00:00:00-04:00,CCL,volatile,1.0065539320904673,46.842120997090795,-0.45778116541513747,-0.4457233830876237,-0.5083506876875232
1999-10-08 00:00:00-04:00,CCL,volatile,1.043930140967488,43.28363240565594,-0.4391695375776251,-0.43836094106770884,-0.49925894599809933
1975-12-05 00:00:00-05:00,DIS,largecap,1.4129012682403288,24.138072466758075,0.09625593651963404,-0.026738035772775337,-0.008021010010496037
1975-12-08 00:00:00-05:00,DIS,largecap,1.4379068954141547,16.24995762583343,0.09383322309467124,-0.029490548142853235,-0.0053618656629176595
1975-12-19 00:00:00-05:00,DIS,largecap,1.4934192579668717,39.39393447887708,0.19261190542746354,-0.02110802117609245,-0.021108021176092433
1975-12-22 00:00:00-05:00,DIS,largecap,1.4407881114688306,37.142986768565095,0.1913744598216991,0.008085866829277144,0.0
2021-03-18 00:00:00-04:00,FSLR,bubble,1.5698675049568958,45.157631182361165,0.33088519653677984,0.00785981968244176,-0.10359490854655366
2021-04-09 00:00:00-04:00,FSLR,bubble,1.0465294983957678,49.36530252307917,0.22497168566013093,-0.013440518610988272,-0.12611482023053594
1990-01-22 00:00:00-05:00,UNH,quality,1.2222211706290014,15.384524807730472,0.6875011226048704,1.451073531220822,-0.1875007213990061
1990-01-23 00:00:00-05:00,UNH,quality,1.1111098309106682,14.285696650270992,0.9342110657595017,1.5932411973959755,-0.14473748755693144
1990-01-24 00:00:00-05:00,UNH,quality,1.0526289595329676,20.689972817776933,0.9358944036764387,1.5652213108049833,-0.16666877688470536
2010-02-19 00:00:00-05:00,AIG,bubble,1.2483046681593413,62.105191202938336,0.3399928053727508,0.9112916186024007,-0.06633989638135414
2010-02-22 00:00:00-05:00,AIG,bubble,1.6324078670522706,70.0808231066184,0.23707288904828383,0.7602348656599165,-0.12873747432958044
2010-02-23 00:00:00-05:00,AIG,bubble,1.5245272718241942,60.906921173099974,0.3094168689891512,0.8052112450855764,-0.0743647678781824
2010-02-24 00:00:00-05:00,AIG,bubble,2.4134145212080593,65.17338741726391,0.2243659365885633,0.72286709045615,-0.11504118384667775
2010-02-25 00:00:00-05:00,AIG,bubble,1.9902159555022272,68.74986122521483,0.25045526601224255,0.7717729887964133,-0.09959976080954124
2010-02-26 00:00:00-05:00,AIG,bubble,1.3817310206139601,57.525493196169734,0.3722249130015933,0.8757740363591502,0.0
2010-03-01 00:00:00-05:00,AIG,bubble,2.0690481048084215,61.00971552980416,0.3653991502545175,0.7330745684325262,-0.03491113220728422
2010-03-02 00:00:00-05:00,AIG,bubble,1.9797614244844577,55.82972002457587,0.35837016200493466,0.7676660327200819,-0.0059928501882017555
2010-03-03 00:00:00-05:00,AIG,bubble,1.8930222128401994,41.89188732827882,0.3637459570786221,0.8073952133567219,0.0
2010-03-04 00:00:00-05:00,AIG,bubble,2.1058138949185436,51.48661819172461,0.3350802179743022,0.6930427388006415,0.0
2010-03-05 00:00:00-05:00,AIG,bubble,3.011428130489292,54.30326271794221,0.27920245254240106,0.6052890942568465,0.0
2010-03-08 00:00:00-05:00,AIG,bubble,3.157143947105122,55.54818594721545,0.26116825085640105,0.5370061160325563,0.0
2010-07-06 00:00:00-04:00,AIG,bubble,1.08214906388045,23.0271727225405,0.7220411181671327,0.06145148201209594,0.0
2024-05-22 00:00:00-04:00,AFRM,bubble,1.1066759238055557,41.362207905592385,1.0643579668972518,0.6720025901557134,-0.21202220325743487
2024-05-23 00:00:00-04:00,AFRM,bubble,1.0596808202261023,38.39009515145493,1.214959473983071,0.7075471625361773,-0.18733151646810448
2024-05-24 00:00:00-04:00,AFRM,bubble,1.1000000200071534,36.30544468118898,1.2161172670686264,0.73326666822913,-0.19680318722204745
2024-05-28 00:00:00-04:00,AFRM,bubble,1.1619255512164495,37.55912869023116,1.3397435864435643,0.7510122332865032,-0.18623477274236586
2024-05-29 00:00:00-04:00,AFRM,bubble,1.0397726895580113,42.36926421554458,1.3074511917641853,0.8419221027376895,-0.16016708161904947
2024-06-26 00:00:00-04:00,AFRM,bubble,1.1165767873617334,51.0772459052147,1.0980580021017876,1.2012097970559186,-0.23209166009529092
2024-06-27 00:00:00-04:00,AFRM,bubble,1.0039473333352156,48.15563075933186,1.194681565443601,1.2028890509168173,-0.20814177399207956
2024-07-08 00:00:00-04:00,AFRM,bubble,1.0413342782016675,36.791546396210364,1.3122556738879632,1.4349910869563303,-0.14316159267881665
2024-07-09 00:00:00-04:00,AFRM,bubble,1.0776557804332851,38.366577892544726,1.1611424399319703,1.2820874410376408,-0.14950633567936314
2024-08-19 00:00:00-04:00,AFRM,bubble,1.1336145979501637,62.244900276176246,1.4591298693183297,1.4551746041245752,-0.03460775318984254
2024-08-20 00:00:00-04:00,AFRM,bubble,1.020000063139817,54.173622863984384,1.3403892423717125,1.713895369720864,0.0
2024-08-21 00:00:00-04:00,AFRM,bubble,1.0307167764270972,65.75213160239153,1.2356303239069066,1.6013445172991072,0.0
2024-08-22 00:00:00-04:00,AFRM,bubble,1.1068915978812872,70.68114394253777,1.134846496628271,1.6018023808499136,0.0
2024-08-23 00:00:00-04:00,AFRM,bubble,1.1681597924342015,83.10941503866226,1.0514940493873568,1.4663063762193755,0.0
2024-08-26 00:00:00-04:00,AFRM,bubble,1.308471990738103,86.97318840645904,0.9356963835939056,1.5090966113389963,-0.009410264898304752
1987-12-14 00:00:00-05:00,MSFT,quality,1.2065280208686513,57.22908688684191,0.24137749163229327,-0.06650469177831164,0.0
1987-12-15 00:00:00-05:00,MSFT,quality,1.204305833636007,58.92858576613033,0.24877851583359445,-0.06829351645080517,-0.004877369055560814
1987-12-17 00:00:00-05:00,MSFT,quality,1.1952454149556946,64.06259673711874,0.21153807181352313,-0.05769204787568216,-0.01922991703223732
1987-12-18 00:00:00-05:00,MSFT,quality,1.1443279316669965,65.42546751246864,0.20673104853364177,-0.04327003230352067,-0.01922991703223732
1987-12-21 00:00:00-05:00,MSFT,quality,1.1020407826769865,66.84806613464573,0.24271639241077891,-0.01456223598329287,-0.009708134586144305
1987-12-28 00:00:00-05:00,MSFT,quality,1.169306254907108,70.00028804483945,0.24877851583359445,0.01463395777045573,-0.004877369055560814
1989-10-31 00:00:00-05:00,KBH,bubble,1.0952559591067557,3.571439563595419,-0.2134111143646098,-0.6056350094190299,-0.2393425127324615
1989-11-01 00:00:00-05:00,KBH,bubble,1.067374937140825,4.1666770246638976,-0.14835482488867713,-0.5862627779349127,-0.21932539667771367
1989-11-02 00:00:00-05:00,KBH,bubble,1.0773481882933615,10.000009943695488,-0.1543201628936831,-0.6022353877725729,-0.23278526824824713
1989-11-03 00:00:00-05:00,KBH,bubble,1.1420965909647345,7.692276311794998,-0.14560160196313632,-0.5845565884677171,-0.23278526824824713
1989-11-06 00:00:00-05:00,KBH,bubble,1.106339773930542,7.808858573082631,-0.07474905743812776,-0.5756351509777147,-0.20949457014880202
1989-11-07 00:00:00-05:00,KBH,bubble,1.153483266551024,7.821551363609387,-0.08293777928842994,-0.5885346657316394,-0.2164907576568976
1989-11-08 00:00:00-05:00,KBH,bubble,1.153233246173282,14.888736760933554,-0.11886810452415264,-0.5902684066588801,-0.23675335017974355
1989-11-09 00:00:00-05:00,KBH,bubble,1.153233246173282,16.523114808497255,-0.09269545065056983,-0.5902684066588801,-0.23675335017974355
1989-11-10 00:00:00-05:00,KBH,bubble,1.1806020058806261,24.788510385722134,-0.09005745489989314,-0.5919153983055365,-0.2559952348688076
1989-11-13 00:00:00-05:00,KBH,bubble,1.1806020058806261,26.227433384833546,-0.09005745489989314,-0.5745500795980407,-0.2559952348688076
1991-10-08 00:00:00-04:00,KBH,bubble,1.0601520649272134,54.347732652056266,0.34586825745967276,-0.021511358373809353,-0.039214932181548395
1991-10-10 00:00:00-04:00,KBH,bubble,1.167453764776778,55.319158596631894,0.4791224336568549,-0.021907465548122285,-0.02970277033129657
1991-10-11 00:00:00-04:00,KBH,bubble,1.2392982851156282,54.16666557700389,0.5141011737049568,-0.042679198839557175,-0.01999969998504319
1991-10-14 00:00:00-04:00,KBH,bubble,1.2392982851156282,60.46510881113835,0.44344350890965956,-0.0019420633459613645,-0.01999969998504319
1991-10-15 00:00:00-04:00,KBH,bubble,1.2354837214286412,69.99996704855302,0.4052451077097039,-0.03149604748749968,-0.039214932181548395
1991-10-25 00:00:00-04:00,KBH,bubble,1.3348406447082137,50.0,0.36566041780837844,0.1582107689151473,-0.039214932181548395
1991-10-28 00:00:00-05:00,KBH,bubble,1.411316318041984,51.612937187885635,0.30340109457895603,0.1271901283268997,-0.04854315627343963
1991-10-29 00:00:00-05:00,KBH,bubble,1.311951388274292,46.87505577718235,0.3092223114460435,0.13942733552466824,-0.02970277033129657
1991-10-30 00:00:00-05:00,KBH,bubble,1.3064766475808507,53.12494422281765,0.3916016387302017,0.1568531900073069,-0.04854315627343963
1991-10-31 00:00:00-05:00,KBH,bubble,1.3577317688787947,54.83867049031763,0.3916016387302017,0.14696574652672312,-0.04854315627343963
1991-11-01 00:00:00-05:00,KBH,bubble,1.279317887287268,56.25000245174283,0.3879264140193017,0.1457292800818064,-0.057692044238686416
1991-11-04 00:00:00-05:00,KBH,bubble,1.2549239968971726,50.0,0.4448293053391439,0.1582107689151473,-0.039214932181548395
1991-11-05 00:00:00-05:00,KBH,bubble,1.2598382863255262,39.99997070983256,0.4838186179867503,0.19155848292604216,-0.01999969998504319
1991-11-06 00:00:00-05:00,KBH,bubble,1.1664973052843042,37.50000735523861,0.5306488907026583,0.20548373169971135,0.0
1991-11-07 00:00:00-05:00,KBH,bubble,1.232818191209336,51.72415957406515,0.4450438501041458,0.15959354869099696,-0.0099010891589577
1991-11-08 00:00:00-05:00,KBH,bubble,1.206947304308089,43.99988451249838,0.4110048118346099,0.1482256490635574,-0.01960737378979572
1991-11-11 00:00:00-05:00,KBH,bubble,1.0753615233148857,38.46141961636518,0.4088178914860965,0.17733262727302912,0.0
1991-11-12 00:00:00-05:00,KBH,bubble,1.1075147888922765,45.98549240188174,0.31067209026910936,0.12630360770190951,-0.02912571667532427
1991-11-13 00:00:00-05:00,KBH,bubble,1.065805324661528,46.00764096366454,0.20894801400439267,0.20176649664637525,-0.047618892002613405
2021-03-16 00:00:00-04:00,BYND,volatile,1.261088544175775,37.52662825420319,-0.20636632606575522,-0.7205575921439766,-0.27053245686023303
2021-03-17 00:00:00-04:00,BYND,volatile,1.3075265773476041,44.740487985509255,-0.20389398940314996,-0.6841727256741865,-0.27063729533446557
2021-03-18 00:00:00-04:00,BYND,volatile,1.4753794906990803,37.51328136467784,-0.1904726367648264,-0.6500897361023722,-0.24080170717685703
2021-03-19 00:00:00-04:00,BYND,volatile,1.4313622002039295,42.45624829910861,-0.18968363983915604,-0.6392854652452862,-0.27168378586989494
2021-03-22 00:00:00-04:00,BYND,volatile,1.4073116410229862,49.93166568880708,-0.19577369817723056,-0.6532235119566161,-0.27277942546945366
2021-03-23 00:00:00-04:00,BYND,volatile,1.3822764191320296,47.42023428378462,-0.18140044959446788,-0.6261123556564251,-0.2595186570129325
2021-04-01 00:00:00-04:00,BYND,volatile,1.0470552237161237,37.62023414772658,-0.19881261817489182,-0.6322880226988706,-0.2272797010959197
2021-04-05 00:00:00-04:00,BYND,volatile,1.270750554019766,28.96077411712031,-0.20138308942538874,-0.6253514658479788,-0.22851280896468668
2021-04-06 00:00:00-04:00,BYND,volatile,1.2358537354265797,42.0134639637263,-0.24427020781457343,-0.6159761119921099,-0.24427020781457343
2021-04-08 00:00:00-04:00,BYND,volatile,1.0001482204773944,51.62290945377165,-0.24875803838512744,-0.6770222959121333,-0.2535775056455372
2000-10-03 00:00:00-04:00,ORCL,bubble,2.0054040539664606,32.18809696727715,-0.6138128669168906,-0.6057552876120389,-0.621295005099855
2000-10-04 00:00:00-04:00,ORCL,bubble,1.970028605187728,24.381002820966913,-0.5751926745666219,-0.5804770804997469,-0.6136515560371177
2000-10-05 00:00:00-04:00,ORCL,bubble,2.05734367840559,31.042746546339586,-0.6032937555217341,-0.5617200218643777,-0.6147119858626889
2000-10-06 00:00:00-04:00,ORCL,bubble,1.9889492536823727,32.46591978190472,-0.5844731840337376,-0.5581515782063713,-0.6107949305942718
2000-10-09 00:00:00-04:00,ORCL,bubble,1.8982359851751514,22.984038827813947,-0.5514605333415078,-0.5673407279034405,-0.6056929611382287
2000-10-10 00:00:00-04:00,ORCL,bubble,1.749999670952152,19.0657449292393,-0.5193812242974483,-0.5376403906971949,-0.5927275170552653
2000-10-11 00:00:00-04:00,ORCL,bubble,1.6245062278066458,18.062308065003805,-0.4917268682427306,-0.5611244524335247,-0.5771889377143493
2000-10-12 00:00:00-04:00,ORCL,bubble,1.693385443251327,14.641736745543227,-0.4933333987947298,-0.547301624588207,-0.5822223590197558
2000-10-13 00:00:00-04:00,ORCL,bubble,2.166665150984182,38.03585783482077,-0.5447018612537875,-0.5918596302069868,-0.6305965860461966
2000-10-16 00:00:00-04:00,ORCL,bubble,2.150998496355419,34.2707884848367,-0.481519075561048,-0.5674505020783025,-0.6192407485922815
2000-10-17 00:00:00-04:00,ORCL,bubble,2.075605302498107,31.668187536829578,-0.39680877241157975,-0.5544339995502429,-0.6093507040733533
2000-10-18 00:00:00-04:00,ORCL,bubble,1.9999994683196678,28.066790908086546,-0.411545674396922,-0.5632028372168926,-0.607895858407973
2000-10-19 00:00:00-04:00,ORCL,bubble,2.2199158684957148,41.57888796352385,-0.5285224667570931,-0.6164947454258973,-0.6382130870151087
2000-10-20 00:00:00-04:00,ORCL,bubble,2.195465191931634,39.10885889432427,-0.5185815282489259,-0.6147517398372755,-0.6266667211142735
2000-10-23 00:00:00-04:00,ORCL,bubble,2.145742046773802,47.78229158112144,-0.4935780499635103,-0.6066055650427539,-0.6136515560371177
2000-10-24 00:00:00-04:00,ORCL,bubble,2.2978416084002267,55.28301130574202,-0.5280977764578988,-0.623036583125635,-0.632530643171935
2000-10-25 00:00:00-04:00,ORCL,bubble,2.0683416308495155,50.61081528184244,-0.5010912109946836,-0.6055272081181031,-0.6171637927394722
2000-10-26 00:00:00-04:00,ORCL,bubble,1.970028605187728,50.699321037585655,-0.5255780656099368,-0.5840000061468105,-0.6136515560371177
2000-10-27 00:00:00-04:00,ORCL,bubble,1.8751632660146265,52.31318654447011,-0.5308226731017671,-0.577330816416535,-0.6150641075383416
2000-10-30 00:00:00-05:00,ORCL,bubble,1.471306160522035,48.19669913132867,-0.45707518861308916,-0.5269564688791882,-0.5838736814989407
2000-10-31 00:00:00-05:00,ORCL,bubble,1.4905663731545058,54.87013845783811,-0.5015151623300147,-0.5387880114502004,-0.6012122668522786
2000-11-01 00:00:00-05:00,ORCL,bubble,1.1897483913129863,49.6951161481084,-0.45529876542610703,-0.5034262248425834,-0.5805578783720136
2000-11-02 00:00:00-05:00,ORCL,bubble,1.0322233794918163,33.33329844818202,-0.4293448386040114,-0.47737848520285264,-0.5548415979679727
2000-11-03 00:00:00-05:00,ORCL,bubble,1.0660282323453787,38.111847854227356,-0.4378556738350743,-0.49261843602176225,-0.5658558691216047
2022-07-14 00:00:00-04:00,DVN,bubble,1.0187743642962839,42.7763277015508,0.30156003395787345,0.02711848316827581,0.0
1999-09-30 00:00:00-04:00,MS,bubble,1.0924935111583567,42.541416514943826,0.8976426296892759,1.0407346684616345,-0.009388614461996316
1999-10-01 00:00:00-04:00,MS,bubble,1.2464871792324428,45.42778417112553,0.8769908598204195,1.0806374678462758,-0.005206508657658125
2006-07-10 00:00:00-04:00,NVAX,bubble,3.58585891669144,48.70466290520297,-0.15859031984470995,-0.31057272720092477,-0.37444936863401407
2006-07-12 00:00:00-04:00,NVAX,bubble,3.6526316592567847,46.94835739608305,-0.09728504893298517,-0.3099547630421433,-0.35746608306977834
2006-07-13 00:00:00-04:00,NVAX,bubble,3.6111111111111107,36.936934614865805,-0.043373475591820365,-0.2554216959390295,-0.31566265979445124
2006-07-14 00:00:00-04:00,NVAX,bubble,3.200000160618832,28.440363922259237,0.12781950574145373,-0.2305764514062083,-0.28822058815937135
2006-07-17 00:00:00-04:00,NVAX,bubble,2.917525850227707,15.458927583200506,0.10789469668739726,-0.20789472680342824,-0.25263158898604543
2006-07-18 00:00:00-04:00,NVAX,bubble,3.0729163458777924,23.369548090909248,0.015345327678605303,-0.23273654294754154,-0.2736572704132654
2006-07-19 00:00:00-04:00,NVAX,bubble,3.040000152587891,21.6666751437717,0.007425723409153262,-0.2549505137471676,-0.29702973896329754
2006-07-20 00:00:00-04:00,NVAX,bubble,2.6213590821690405,14.851484587584977,0.09651480864486106,-0.19839141474238364,-0.23860589277673253
2006-07-21 00:00:00-04:00,NVAX,bubble,2.380952380952381,14.354065937676253,0.185915449975242,-0.17746476724114213,-0.2000000107456261
2006-07-24 00:00:00-04:00,NVAX,bubble,2.5490197490060047,17.535546737358487,0.16574585286038546,-0.19337016167044963,-0.21546964033201355
2006-07-25 00:00:00-04:00,NVAX,bubble,2.5576924381876887,22.05882187945633,0.10540544664537577,-0.21891892922891154,-0.23243244274242505
2006-07-26 00:00:00-04:00,NVAX,bubble,2.7755101305998564,22.959185460864134,0.10270268208271749,-0.22972972972972971,-0.23243244274242505
2006-07-27 00:00:00-04:00,NVAX,bubble,2.468749782691408,19.91150240823839,0.22222227313576703,-0.17717716978095277,-0.14714713906290183
2006-07-28 00:00:00-04:00,NVAX,bubble,2.659574778925095,25.225230333779066,0.22383711065970524,-0.13662792309481941,-0.17441865236066542
2006-07-31 00:00:00-04:00,NVAX,bubble,2.8700000762939455,35.90734028609634,0.05943150366196148,-0.26873388425972156,-0.26614989512539855
2006-08-01 00:00:00-04:00,NVAX,bubble,2.585858724029954,34.06593667632079,0.166197226081096,-0.21126760563380287,-0.2000000107456261
2006-08-02 00:00:00-04:00,NVAX,bubble,2.6185566148769066,37.200000854491925,0.1652422593702989,-0.21082615478281552,-0.19088316657707743
2006-08-03 00:00:00-04:00,NVAX,bubble,2.882978880982861,43.14516116627551,0.14794524728435365,-0.24109586950850814,-0.22191781867040347
2006-08-04 00:00:00-04:00,NVAX,bubble,2.81052639609889,46.12069270273341,0.12983427248297685,-0.1850828901031054,-0.21546964033201355
2006-08-07 00:00:00-04:00,NVAX,bubble,2.5979383723846587,41.025651057714065,0.1805157295591806,-0.11747857047450683,-0.18624646484696505
2006-08-08 00:00:00-04:00,NVAX,bubble,2.648351579253162,34.87395234098126,0.24397585204765937,-0.06626508169828937,-0.14457834440074266
2006-08-09 00:00:00-04:00,NVAX,bubble,2.678161000178567,37.89954807170584,0.28125,-0.00625002384185791,-0.11250001192092896
2006-08-10 00:00:00-04:00,NVAX,bubble,3.3378375757341443,41.58415654607568,0.25856708555451324,0.04984431043223503,-0.11526476733554197
2006-08-11 00:00:00-04:00,NVAX,bubble,2.574712765895641,37.56097583668632,0.260450169842954,0.03536978675167912,-0.08681674372416379
2006-08-14 00:00:00-04:00,NVAX,bubble,2.0869565442739684,30.803573519295256,0.36267610150560325,0.03873240831848479,0.0
2006-08-15 00:00:00-04:00,NVAX,bubble,2.6896550779157415,40.6130247199669,0.19626178664266458,-0.10280371943696487,-0.02803731320757587
2006-08-16 00:00:00-04:00,NVAX,bubble,2.5454545553065526,45.49356535861839,0.21474360894561162,-0.04487184268091049,0.0
2006-08-17 00:00:00-04:00,NVAX,bubble,2.6153846315075957,46.86192438567008,0.20364731420975835,-0.05471127844761081,0.0
2006-08-18 00:00:00-04:00,NVAX,bubble,2.899999830457899,41.74311228266283,0.11680918709558497,-0.11396006457380703,0.0
2006-08-21 00:00:00-04:00,NVAX,bubble,2.9887642159093026,50.0,0.08450704225352124,-0.1577464896188655,0.0
2006-08-22 00:00:00-04:00,NVAX,bubble,2.765306204867729,54.50000848770304,0.0379403158072984,-0.17615180592309776,-0.027100269882066933
2006-08-23 00:00:00-04:00,NVAX,bubble,2.969387833548802,55.82524793223911,-0.0359897550376066,-0.1876606904386039,-0.07712081959699146
2006-08-24 00:00:00-04:00,NVAX,bubble,3.0631577341180103,55.82523759454802,-0.11139894836895992,-0.18911915869516793,-0.1113989483689599
2006-08-25 00:00:00-04:00,NVAX,bubble,2.1639343506224327,59.58548470079036,-0.1398963192913597,-0.2150258954705706,-0.13989631929135968
2006-08-28 00:00:00-04:00,NVAX,bubble,1.8656718372422358,64.60674747254811,-0.15885421995901183,-0.16145834678576998,-0.15885421995901186
2006-08-30 00:00:00-04:00,NVAX,bubble,1.2121212588270267,76.71233795370524,-0.3652968100159668,-0.25114155688597717,-0.36529681001596687
2006-08-31 00:00:00-04:00,NVAX,bubble,1.8013243820159008,75.0000021287377,-0.30260046023466614,-0.20567378061125519,-0.3427896042914353
2006-09-01 00:00:00-04:00,NVAX,bubble,1.8344826533876617,80.38277848185422,-0.3260340196756709,-0.17031630802632758,-0.3260340196756709
2006-09-05 00:00:00-04:00,NVAX,bubble,2.0367645646049115,76.43678727907913,-0.24455202568279621,-0.16222762437552807,-0.32929778996017844
2006-09-06 00:00:00-04:00,NVAX,bubble,2.0153846740722656,71.50537810831199,-0.20663265877095716,-0.1250000364926389,-0.2933673412290429
2006-09-07 00:00:00-04:00,NVAX,bubble,1.6737588470199571,63.04347781017276,-0.1883289187741688,-0.10875337416037456,-0.26525198402198397
2006-09-08 00:00:00-04:00,NVAX,bubble,1.664285659790039,56.626507408439814,-0.21447721618319382,-0.08579090692741875,-0.2573726185115501
2006-09-11 00:00:00-04:00,NVAX,bubble,1.4736841411801906,56.36363173976089,-0.24734041527851247,-0.026595745760156553,-0.26329782215271896
2006-09-12 00:00:00-04:00,NVAX,bubble,1.4437086485879496,50.0,-0.2384824059759867,-0.016260223956835462,-0.24932250359088087
2006-09-13 00:00:00-04:00,NVAX,bubble,1.104651113791749,40.68965009219731,-0.2375690663043899,0.02762430881006428,-0.23756906630438987
2006-09-14 00:00:00-04:00,NVAX,bubble,1.2147239364307585,41.258738460537074,-0.2548476245002059,0.00831033419496885,-0.2548476245002059
2006-09-15 00:00:00-04:00,NVAX,bubble,1.3012820928211188,40.689660796940665,-0.2451253696483997,0.025069573062075357,-0.2506964213040739
2006-09-18 00:00:00-04:00,NVAX,bubble,1.5379309818662446,44.73683219866953,-0.2554347775383572,0.0,-0.2690217343417817
2006-09-19 00:00:00-04:00,NVAX,bubble,1.2108433686487734,35.60605600845476,-0.2534060204652787,0.010899119969108195,-0.26702999838369096
2006-09-20 00:00:00-04:00,NVAX,bubble,1.2874999046325684,13.99998245238588,-0.2595628002380538,0.016393505842428047,-0.2650273021855298
2006-09-21 00:00:00-04:00,NVAX,bubble,1.4322581137380292,26.041670805878766,-0.28912470305820326,-0.06366051663951688,-0.28912470305820326
2006-09-22 00:00:00-04:00,NVAX,bubble,1.198795130194351,26.041670805878766,-0.2493150789443761,-0.0273972602739726,-0.26575344555998504
2006-09-25 00:00:00-04:00,NVAX,bubble,1.2269939224614768,23.958329194121234,-0.26446277344050073,-0.02754820994538887,-0.26446277344050073
2006-09-26 00:00:00-04:00,NVAX,bubble,1.2130178917206056,39.534890941826326,-0.2994652488233087,-0.029411824704264067,-0.2994652488233087
2006-09-27 00:00:00-04:00,NVAX,bubble,1.566878963481137,62.99999237060547,-0.3573200965544385,-0.10918108671166749,-0.3573200965544385
2006-09-28 00:00:00-04:00,NVAX,bubble,1.6578948705810608,65.9793919844958,-0.24504953346443048,-0.09653468758858075,-0.35891092474490155
2006-09-29 00:00:00-04:00,NVAX,bubble,1.5436243286036633,51.26051686256257,-0.19788922441671875,-0.0237467411515635,-0.3166227288712583
2006-10-02 00:00:00-04:00,NVAX,bubble,1.1428571428571428,52.586198958719734,-0.22399998982747393,0.0,-0.3093333435058594
2006-10-03 00:00:00-04:00,NVAX,bubble,1.0852272708800212,52.13675130074605,-0.2016349147695824,0.03542232179933125,-0.2942779542205155
2006-10-04 00:00:00-04:00,NVAX,bubble,1.1929824072189241,55.645166748395525,-0.2720000203450521,0.032000020345052116,-0.3093333435058594
2006-10-12 00:00:00-04:00,NVAX,bubble,1.0422535942777391,71.60492199185445,-0.296551715368512,-0.06206898305607933,-0.4045977099188443
2010-02-24 00:00:00-05:00,NVAX,bubble,1.065420633216584,50.0,-0.085972831933676,0.018099529937821268,-0.08597283193367605
2010-02-25 00:00:00-05:00,NVAX,bubble,1.921052768620099,57.843140004828214,-0.07657660831153768,0.04954947911341634,-0.09009008699399632
2010-02-26 00:00:00-05:00,NVAX,bubble,1.2947367617958472,47.777769300672745,-0.07339442798699991,0.07339451548005949,-0.07339442798699992
2010-03-01 00:00:00-05:00,NVAX,bubble,1.7804877765117686,60.919539473900564,-0.08771930118089977,0.14035091535169752,-0.11403502461065408
2010-03-02 00:00:00-05:00,NVAX,bubble,2.2054793160457007,66.29213338668194,-0.11965808900455066,0.2649573018808822,-0.13675209007511122
2010-03-03 00:00:00-05:00,NVAX,bubble,2.4117647223819083,57.89474344649936,-0.13362070170367335,0.1810344274772635,-0.13362070170367335
2010-03-04 00:00:00-05:00,NVAX,bubble,2.4477613491161216,47.61905338578643,0.012986979744866067,0.16017310798656403,-0.12987012772547524
2010-03-05 00:00:00-05:00,NVAX,bubble,3.214285854174169,46.774196029330106,-0.016949136104436047,0.10593220167754547,-0.1483050823485636
2010-03-08 00:00:00-05:00,NVAX,bubble,3.3035715699804094,46.774196029330106,-0.041493775276820744,0.062240662915231226,-0.16597510110728314
2010-03-09 00:00:00-05:00,NVAX,bubble,3.0689654492027856,44.615391838482154,-0.03813557643994514,0.08474576134203637,-0.1483050823485636
2010-03-10 00:00:00-05:00,NVAX,bubble,2.287671146976232,48.529405989860756,-0.05416663487752282,0.09166669845581055,-0.16249998410542807
2010-03-11 00:00:00-05:00,NVAX,bubble,2.701492528815555,52.702700264528644,-0.08870963400285892,0.00806454714081517,-0.18951608871694037
2010-03-12 00:00:00-05:00,NVAX,bubble,2.148648504970544,47.56096653254751,-0.04291845634095204,0.06437768451142811,-0.13733901117477126
2010-03-15 00:00:00-04:00,NVAX,bubble,2.1333333333333333,60.29411310968179,-0.04680852687105219,0.07659571221534245,-0.14468083483107547
2010-03-16 00:00:00-04:00,NVAX,bubble,1.9615384380257819,56.94444370858471,-0.02597404205893572,0.13852808669898486,-0.12987012772547524
2010-03-17 00:00:00-04:00,NVAX,bubble,1.8875000476837158,56.33802514207731,-0.03030306283029227,0.13419914849683168,-0.12987012772547524
2010-03-18 00:00:00-04:00,NVAX,bubble,1.7682928403596843,56.33804027676441,0.0,0.14537441084355396,-0.11453745788918859
2010-03-19 00:00:00-04:00,NVAX,bubble,1.9729729346588116,44.117652008690776,0.004545471884987551,0.16363638097589672,-0.08636361902410333
2010-03-22 00:00:00-04:00,NVAX,bubble,2.2285714830671037,44.117652008690776,-0.02654868899744267,0.14601766289200135,-0.11061946715938151
2010-03-23 00:00:00-04:00,NVAX,bubble,1.9249999523162842,51.35134368851861,-0.0940170466433965,0.11965817051517735,-0.14102561072040803
2010-03-24 00:00:00-04:00,NVAX,bubble,2.4078947294121633,64.28571150532247,-0.1621621203648942,0.027027056882218403,-0.2239381977793896
2010-03-25 00:00:00-04:00,NVAX,bubble,2.0493826666286767,55.23809800613004,-0.12145748612693485,0.036437230393962405,-0.18623482750541817
2010-03-26 00:00:00-04:00,NVAX,bubble,1.3838385142254497,47.74774743813832,-0.07203392946867326,0.06355932100652728,-0.1483050823485636
2010-03-29 00:00:00-04:00,NVAX,bubble,1.6382978982437582,55.08474206417519,-0.12903221588849145,0.02016129094281638,-0.18951608871694037
2010-03-30 00:00:00-04:00,NVAX,bubble,1.7011494845061352,48.03149558996861,-0.059574451852352106,0.06808512261573307,-0.14468083483107547
2010-03-31 00:00:00-04:00,NVAX,bubble,1.2647059621007948,43.089434046118456,-0.05194808411787155,0.10822510643789607,-0.12987012772547524
2010-04-01 00:00:00-04:00,NVAX,bubble,1.4787234236828186,50.0,-0.06008582250524108,0.11158800285856718,-0.13733901117477126
2010-04-05 00:00:00-04:00,NVAX,bubble,1.9382713723702434,51.3274307902233,-0.07563022246898432,0.0630252121043875,-0.15546214177306814
2010-04-06 00:00:00-04:00,NVAX,bubble,1.8313252361406707,51.7857133733979,-0.08085104759703288,0.09787230796002322,-0.14468083483107547
2010-04-07 00:00:00-04:00,NVAX,bubble,1.9249999523162842,51.3274307902233,-0.05128200321168175,0.09829064879932004,-0.14102561072040803
2010-04-08 00:00:00-04:00,NVAX,bubble,2.168831197784008,57.14285485312208,-0.10245901799528745,0.06967216350480632,-0.17622947968388353
2010-04-09 00:00:00-04:00,NVAX,bubble,2.1358022743600786,63.93443033023253,-0.14566924847083573,0.0,-0.20866139041962797
2010-04-12 00:00:00-04:00,NVAX,bubble,2.234567843092561,64.51613548271088,-0.1641221763051105,-0.03816793781985395,-0.23282443526102212
2010-04-13 00:00:00-04:00,NVAX,bubble,2.1111110587833046,57.142863630439294,-0.13095242240080995,0.007936462283165913,-0.20238096139148043
2010-04-14 00:00:00-04:00,NVAX,bubble,2.3947367843168257,49.532708281230306,-0.13178293484777803,-0.038759691068654956,-0.2209301947343869
2010-04-15 00:00:00-04:00,NVAX,bubble,2.204819249421562,59.223301510231636,-0.07518796884654388,-0.10150378662476811,-0.24436089875126749
2010-04-16 00:00:00-04:00,NVAX,bubble,1.9425288439899497,59.80392450188267,-0.07421873399289347,-0.04687502910383001,-0.2148437467985787
2010-04-19 00:00:00-04:00,NVAX,bubble,1.822222179836697,53.260872044049805,-0.08661412947368063,-0.007873970810807207,-0.20866139041962797
2010-04-20 00:00:00-04:00,NVAX,bubble,2.0235295015222885,63.414637550294685,-0.06614788764484902,-0.011673195933978087,-0.21789884105938148
2010-04-21 00:00:00-04:00,NVAX,bubble,1.8850575783621597,61.904759742235505,-0.06772911303198592,0.023904397304817637,-0.1992031842235066
2010-04-22 00:00:00-04:00,NVAX,bubble,2.3647059272317326,72.64957237090391,-0.16433568881994276,-0.10489510349600328,-0.29720279323867593
2010-04-23 00:00:00-04:00,NVAX,bubble,2.419753019556445,66.11570573620017,-0.14079427503470754,-0.09025270509540251,-0.2743682372614936
2014-06-06 00:00:00-04:00,NVAX,bubble,1.1275510179256707,50.32258191540404,0.2829735976299479,1.1247001643430097,-0.028776996186674998
2015-09-25 00:00:00-04:00,NVAX,bubble,1.0795181458254897,31.767338571275204,-0.3962920436645351,-0.7276941000117225,-0.49478566706455035
2021-05-11 00:00:00-04:00,NVAX,bubble,4.639999701052296,29.704746486002705,0.2521349938006334,-0.6102185304299008,-0.12433053688236576
2021-05-12 00:00:00-04:00,NVAX,bubble,2.2099447683179716,28.94458041991257,0.3245188816771154,-0.6642153162930788,-0.05335628001179207
2021-05-13 00:00:00-04:00,NVAX,bubble,1.975166103951115,27.820744214653047,0.35694216893724184,-0.6034710781633361,0.0
2021-05-14 00:00:00-04:00,NVAX,bubble,2.438381333281541,26.618071076314592,0.2862024583694265,-0.6059685744729466,0.0
2021-05-17 00:00:00-04:00,NVAX,bubble,2.2124684902778555,14.250074413866628,0.21211469000251038,-0.6575342555233092,-0.039954380402385234
2021-05-18 00:00:00-04:00,NVAX,bubble,1.5377458808836648,17.902663972067018,0.19301275204051338,-0.6406087881967173,-0.0691110707869513
2021-05-19 00:00:00-04:00,NVAX,bubble,1.6371056654127,18.415997993652567,0.1994512890477771,-0.6333896100034277,-0.05332771819053991
2021-05-20 00:00:00-04:00,NVAX,bubble,1.7720127927072178,20.729341757732527,0.2568481881295397,-0.600860710780852,-0.08081154368726101
2021-05-21 00:00:00-04:00,NVAX,bubble,1.8562012258533929,27.583239040761313,0.3359206376490389,-0.6264596865893046,-0.05908675807856404
2021-05-24 00:00:00-04:00,NVAX,bubble,2.164606294457231,33.40338179882593,0.31811950898738717,-0.6477521781053732,-0.07785088235266438
2021-05-25 00:00:00-04:00,NVAX,bubble,2.063109999179567,37.580861072498905,0.40962386439399134,-0.6845814981162557,-0.08803798864448284
2021-05-27 00:00:00-04:00,NVAX,bubble,2.3619536014051423,36.93470002892901,0.3271642276896767,-0.687761196054234,-0.10739636777052239
2021-05-28 00:00:00-04:00,NVAX,bubble,2.2063421412183666,42.35698825656493,0.47656149864839503,-0.6254572365238489,-0.08847038335305543
2021-06-01 00:00:00-04:00,NVAX,bubble,1.7527450726345228,55.626559233635916,0.3339753428872527,-0.6194635202636518,-0.074552935302102
2021-11-01 00:00:00-04:00,NVAX,bubble,1.1366621100782401,54.78982698732879,-0.6585097104563984,-0.8724267881164248,-0.7432879023416247
2021-11-02 00:00:00-04:00,NVAX,bubble,1.3701456242136238,62.45798671303087,-0.6788018506809146,-0.8950332837702663,-0.7733230938760848
2021-11-03 00:00:00-04:00,NVAX,bubble,1.3338115539537028,61.28745864987181,-0.6994877010015221,-0.8966700799609024,-0.7732069613223305
2021-11-04 00:00:00-04:00,NVAX,bubble,1.0558039482446056,57.228021649341656,-0.6806198201468402,-0.8918677931969327,-0.7532467557319753
2021-11-10 00:00:00-05:00,NVAX,bubble,1.0852172580125843,59.91877947795251,-0.7077775818941306,-0.865156227173153,-0.7385955446083754
2021-11-18 00:00:00-05:00,NVAX,bubble,1.1249026278515402,65.51977820570895,-0.7203873472094466,-0.8970950037510025,-0.7753467810345036
2021-11-19 00:00:00-05:00,NVAX,bubble,1.226157325706529,58.747471911356484,-0.7327648824762236,-0.9014765460967915,-0.7768534938851397
1999-10-15 00:00:00-04:00,EBAY,bubble,11.333328260656309,45.27459629209941,0.040540319927311774,-0.16682206149443735,-0.06663571678550403
1999-10-18 00:00:00-04:00,EBAY,bubble,9.791670914579868,41.9526815267119,0.10617761619786537,-0.0791507124503914,-0.03330126761307728
1999-10-19 00:00:00-04:00,EBAY,bubble,7.834705460669241,45.19551960894804,0.21936417592546786,-0.2104768394748433,-0.06314286892369612
1999-10-28 00:00:00-04:00,EBAY,bubble,4.10703118473145,40.77219552522205,0.1688844903749145,-0.22900409828066348,-0.08077097002713018
1999-10-29 00:00:00-04:00,EBAY,bubble,4.075117605696904,40.930210702190315,0.15171143573503088,-0.239592938306733,-0.07354294955948455
1999-11-01 00:00:00-05:00,EBAY,bubble,3.944360222967096,45.00001839760053,0.0465326466931435,-0.2810220060623069,-0.08622280371469616
1999-11-02 00:00:00-05:00,EBAY,bubble,3.6875003978274528,46.192021736019115,0.06666708050821812,-0.21523808563105917,-0.046190304002830675
1999-11-03 00:00:00-05:00,EBAY,bubble,3.537947828680495,40.29976826098047,0.07771740689924034,-0.1497786107227721,-0.014756559962822055
1999-11-04 00:00:00-05:00,EBAY,bubble,3.7165544660293817,47.07446420468819,0.03076904757092369,-0.11634650894353038,-0.037019279657265855
1999-11-05 00:00:00-05:00,EBAY,bubble,3.923786040938472,52.712453737535654,-0.035647168703797694,-0.1772981925684971,-0.06050645991672119
1999-11-08 00:00:00-05:00,EBAY,bubble,3.892859383681163,52.454585909173595,-0.11541992904387643,-0.20620459077570397,-0.11541992904387646
1999-11-09 00:00:00-05:00,EBAY,bubble,2.9283997419297427,40.618382335824606,-0.17701622168393838,-0.15940719712114548,-0.17701622168393838
1999-11-10 00:00:00-05:00,EBAY,bubble,2.0558730707900033,36.8078531478479,-0.11673696769829678,-0.22550397260543975,-0.16737013535170403
1999-11-11 00:00:00-05:00,EBAY,bubble,2.4447447528960105,40.84339972581273,-0.08873252140326493,-0.2685446575435526,-0.1661973882542973
1999-11-12 00:00:00-05:00,EBAY,bubble,2.258928230974956,35.22430829720889,-0.0684929876023247,-0.32694040646898515,-0.18904124103393105
1999-12-15 00:00:00-05:00,EBAY,bubble,1.2548322990541991,28.628092787168683,-0.12130299476212769,-0.4616372932705578,-0.23874840891388188
2000-01-19 00:00:00-05:00,EBAY,bubble,1.0175434333408422,50.09487900723505,-0.20869558440638336,-0.3478260684744682,-0.3886956552542553
1981-04-06 00:00:00-05:00,AMAT,bubble,1.0077033076900737,71.99968993071047,-0.2758618957244878,-0.33333543170660573,-0.34482886777306626
1981-04-09 00:00:00-05:00,AMAT,bubble,1.0149135657848167,61.90418871262156,-0.255556693297633,-0.28888807621597645,-0.3666666276583669
1987-10-20 00:00:00-04:00,AMAT,bubble,1.303034524634493,24.691572327583756,0.42105313849723514,0.2828939741853649,-0.39473475790525303
1987-10-21 00:00:00-04:00,AMAT,bubble,1.5937512779584395,25.609911166432028,0.27710902386969893,0.18072458399936964,-0.4457815715778172
1987-10-22 00:00:00-04:00,AMAT,bubble,1.2121238161691577,20.00024090406191,0.4246589394671929,0.3287682577414468,-0.36986043054343026
1987-12-16 00:00:00-05:00,AMAT,bubble,1.0714231844271507,74.44478082802398,0.5172396093297065,-0.11494362175433614,-0.20689758699583202
1987-12-17 00:00:00-05:00,AMAT,bubble,1.0487844663750647,74.44435394516773,0.5714276758311243,-0.023808159516079286,-0.17857201070976922
1987-12-29 00:00:00-05:00,AMAT,bubble,1.0526284061602253,69.23083466763958,0.794868855408611,0.1282033364828694,-0.11538651357153008
1987-12-30 00:00:00-05:00,AMAT,bubble,1.131571223272824,68.420999386773,0.6913586411183308,0.09259288876648952,-0.14814820593817685
1987-12-31 00:00:00-05:00,AMAT,bubble,1.0,60.2651458505849,0.7692298084521667,0.15704937412674647,-0.11538651357153008
1988-01-04 00:00:00-05:00,AMAT,bubble,1.0,61.538494776631914,0.700000552941954,0.1124993318618055,-0.13750047065892512
1988-10-24 00:00:00-04:00,AMAT,bubble,1.0412379081604897,45.4544003855354,0.09090883945103068,-0.01009955185918221,-0.3181816827813242
1995-12-15 00:00:00-05:00,AMAT,bubble,1.0676911286819508,49.71755715561145,-0.19047605912189824,-0.1101190617993405,-0.2529762315244068
1995-12-19 00:00:00-05:00,AMAT,bubble,1.123456403251597,39.15339929007104,-0.2790698500363944,-0.1947670262177138,-0.27906985003639434
1995-12-21 00:00:00-05:00,AMAT,bubble,1.0548774006976318,40.39402457013878,-0.264094781326511,-0.13946517519444002,-0.26409478132651104
1995-12-22 00:00:00-05:00,AMAT,bubble,1.0802458039322258,39.195971707959416,-0.2462906233142962,-0.13056334621161592,-0.26409478132651104
1995-12-26 00:00:00-05:00,AMAT,bubble,1.0177514756023154,42.051307422815476,-0.2844573370701632,-0.16715520548342921,-0.2844573370701632
1996-01-02 00:00:00-05:00,AMAT,bubble,1.0559011237360432,37.113491052238125,-0.2386712268536918,-0.13595189619136394,-0.2809668490830571
1996-02-05 00:00:00-05:00,AMAT,bubble,1.0175949314855588,81.4815121101943,-0.4040698729990988,0.11627878780679168,-0.4767442608088052
1996-02-06 00:00:00-05:00,AMAT,bubble,1.076470801066506,82.14287433834969,-0.4305947928304704,0.053824222299359015,-0.4900849959783596
1997-10-24 00:00:00-04:00,AMAT,bubble,1.4906541734100816,20.05011965026476,0.07317104401609775,0.0,-0.21576002296618527
1997-10-27 00:00:00-05:00,AMAT,bubble,1.3619036441994283,15.739700491237457,0.15725789018911884,0.02822569240270445,-0.1572582299384196
1997-10-28 00:00:00-05:00,AMAT,bubble,1.6376812243111538,18.34860328696223,0.05860873184318871,0.0018315276925491286,-0.23443230396029574
1997-10-29 00:00:00-05:00,AMAT,bubble,1.5865378899392422,17.460282280868554,0.07249102333017965,0.05390340074325439,-0.22304841708817771
1997-10-30 00:00:00-05:00,AMAT,bubble,1.41607447192483,15.092314867554279,0.12328741034827839,0.08610596797642223,-0.1819963134318342
1997-10-31 00:00:00-05:00,AMAT,bubble,1.555024554206971,17.16100444950864,0.09176008200463559,0.0018726853259873888,-0.2172286576632292
1997-11-07 00:00:00-05:00,AMAT,bubble,1.5360362877802012,39.70590923016542,0.07815223435396246,0.028418443294850437,-0.25754939612388766
1997-11-10 00:00:00-05:00,AMAT,bubble,1.2620074932398304,34.606736360774704,0.22007755136332174,0.10038645553736214,-0.193050306723718
1997-11-11 00:00:00-05:00,AMAT,bubble,1.1465523737925385,33.62444571321659,0.23895587969064858,0.20682716824325809,-0.1606427112748142
1997-11-14 00:00:00-05:00,AMAT,bubble,1.058823369059482,53.56264234685644,0.13333370246292886,0.10666705826502021,-0.20380952977062286
1997-11-17 00:00:00-05:00,AMAT,bubble,1.2479999090015577,52.03046882092212,0.017793842402493265,0.06405708302423796,-0.25622795728458336
1997-11-18 00:00:00-05:00,AMAT,bubble,1.1904767079326661,51.76769057638088,-0.012681030283816064,0.0706518578466846,-0.24275386597603751
1997-11-19 00:00:00-05:00,AMAT,bubble,1.2909825684780194,56.382966565333206,-0.04830046373461461,0.08765640831315813,-0.252236223995003
2000-07-27 00:00:00-04:00,AMAT,bubble,1.0696261526328006,32.865193503673794,-0.3557612183183714,-0.37749378146868096,-0.523969717926243
2000-07-28 00:00:00-04:00,AMAT,bubble,1.0573406919944692,33.33331732996622,-0.32179034231594894,-0.3704054040013647,-0.5219593418950867
2000-07-31 00:00:00-04:00,AMAT,bubble,1.1113045947700213,37.39376784061781,-0.30889625169296453,-0.3955851955537967,-0.5337726029933875
2000-08-01 00:00:00-04:00,AMAT,bubble,1.0220335640331624,33.3813096865518,-0.32523045543021645,-0.35222114398555826,-0.5255656504874665
2000-08-14 00:00:00-04:00,AMAT,bubble,1.1223394834802805,35.514002059353345,-0.4486213039002016,-0.4165412771178949,-0.5271510842230618
2000-08-15 00:00:00-04:00,AMAT,bubble,1.1689905463144719,43.99263205011477,-0.39839341692789965,-0.4378795661636916,-0.5453815897044413
2000-09-06 00:00:00-04:00,AMAT,bubble,1.0783038201913602,47.18503631522606,-0.368132154844132,-0.49513371559740726,-0.5557300822082262
2000-09-07 00:00:00-04:00,AMAT,bubble,1.0348094070376734,41.36905232089413,-0.4183511081773018,-0.4988491860044193,-0.5598754477835635
2021-05-06 00:00:00-04:00,ZS,bubble,1.3070030878327987,23.30076634250925,0.9569763253992496,0.1377950207204044,-0.03842251389338452
2021-05-10 00:00:00-04:00,ZS,bubble,1.2395300160823357,28.01472560609004,1.0419254479720594,-0.07649157029476428,-0.02925744090314503
2021-05-12 00:00:00-04:00,ZS,bubble,1.1462394817639998,25.869448682996634,1.1490125634849035,-0.1676620806913548,-0.019258920202616034
2021-05-13 00:00:00-04:00,ZS,bubble,1.1410323353945016,24.12699292659744,1.0948918045452647,-0.14473026069563655,0.0
2021-05-14 00:00:00-04:00,ZS,bubble,1.1864584809918415,21.338448798659883,1.0782629897666256,-0.07324301970833136,-0.012459160543247604
2021-05-17 00:00:00-04:00,ZS,bubble,1.1374525472430213,20.843008044999678,1.1378614033189174,-0.1420871945228348,0.0
2021-05-18 00:00:00-04:00,ZS,bubble,1.2557919727313998,25.36626944423432,1.0768768035613738,-0.14846847580001876,-0.010150164813250751
2021-05-19 00:00:00-04:00,ZS,bubble,1.1904572333587882,28.49760648736543,1.1464110505446352,-0.2228020251480698,0.0
2024-05-02 00:00:00-04:00,ZS,bubble,1.0272413231860633,43.39274955171787,0.025060941720888907,0.32165341360152766,-0.11606283260994599
2024-05-03 00:00:00-04:00,ZS,bubble,1.0271259590555548,53.49627948896263,0.0309411987389423,0.3186155072063337,-0.11975612128492943
2024-05-06 00:00:00-04:00,ZS,bubble,1.0303168877008573,55.81961150053629,0.037947650892541596,0.3088020360127639,-0.12484565829888743
1991-11-26 00:00:00-05:00,JPM,quality,1.051076166443905,21.95107982214293,0.6607751995739237,0.7136432461154887,-0.1418826466144169
1991-11-27 00:00:00-05:00,JPM,quality,1.0730661934452712,14.285619076076145,0.72877658581381,0.8014637057443939,-0.12204172721844223
1991-12-26 00:00:00-05:00,JPM,quality,1.0767327679065257,65.68202162087724,0.6626738957567759,0.7970402629910136,-0.03409055397248135
2010-02-23 00:00:00-05:00,JPM,quality,1.055673813307254,45.77567181430109,-0.07292534797800199,0.15940289062859447,-0.09931971656304302
1994-01-18 00:00:00-05:00,MTCH,bubble,1.44444490176893,57.40750242977791,0.09090857811993414,-0.13636404582960482,-0.25000018942584523
1994-01-21 00:00:00-05:00,MTCH,bubble,1.3684197443178356,59.37505064522597,0.0,-0.15555640617848598,-0.26666724289510335
1994-01-24 00:00:00-05:00,MTCH,bubble,1.2750004097915455,59.999990881619716,-0.010987937399921988,-0.14285653806862275,-0.27472505732348423
1994-01-26 00:00:00-05:00,MTCH,bubble,1.0454582191725463,60.29419150938781,-0.04444540482517234,-0.17777783265667646,-0.26666724289510335
1994-01-27 00:00:00-05:00,MTCH,bubble,1.142857520849624,56.45167631247224,-0.02222274357176024,-0.17777783265667646,-0.26666724289510335
1994-01-28 00:00:00-05:00,MTCH,bubble,1.0975604467347835,50.0,0.023256296778465302,-0.13953407634140447,-0.23255797124733987
1994-02-01 00:00:00-05:00,MTCH,bubble,1.146341934994818,44.642840605678785,0.0,-0.15909051684547204,-0.25000018942584523
1994-03-22 00:00:00-05:00,MTCH,bubble,1.0555568989462318,50.0,0.1351350106654552,0.05405372393881569,-0.027027662904740155
1994-03-24 00:00:00-05:00,MTCH,bubble,1.1764748693677793,52.50006436280545,0.10810734776071507,0.05405372393881569,-0.027027662904740155
1994-03-25 00:00:00-05:00,MTCH,bubble,1.0571438429482574,52.50004491503464,0.16666730120439044,0.08333370205119972,0.0
1994-03-28 00:00:00-05:00,MTCH,bubble,1.6249990305087043,62.00005423140541,-0.07142876042481217,-0.07142876042481217,-0.11904752244954046
1994-03-29 00:00:00-05:00,MTCH,bubble,1.937498430002902,70.6897430457208,-0.10638283115402003,-0.15957412850783015,-0.2127657411235066
1994-03-30 00:00:00-05:00,MTCH,bubble,1.794123184331978,71.18654134724656,-0.13684271026884365,-0.15789575886663543,-0.2210526430715927
1994-03-31 00:00:00-05:00,MTCH,bubble,1.6470642069894232,70.00006544315947,-0.08888957487512306,-0.11111223612853516,-0.17777783265667652
1994-04-04 00:00:00-04:00,MTCH,bubble,1.4411806363608632,54.54546189288559,-0.012048613265149943,-0.06024101332531173,-0.1084335026463622
1994-04-05 00:00:00-04:00,MTCH,bubble,2.4000014817320956,71.01448543988295,-0.21568664052766495,-0.2254895288435369,-0.2745092726972023
1994-04-06 00:00:00-04:00,MTCH,bubble,2.31034841299332,64.86482644155811,-0.20833333654889707,-0.20833333654889707,-0.22916594477261631
1994-04-07 00:00:00-04:00,MTCH,bubble,2.703701559362579,65.78950882910912,-0.24000069048637207,-0.20999987257118458,-0.2599999762923134
1994-04-08 00:00:00-04:00,MTCH,bubble,3.00000493911194,62.49996758720246,-0.14583311949834732,-0.20833333654889707,-0.22916594477261631
1994-04-11 00:00:00-04:00,MTCH,bubble,3.5238100865983295,64.93508342856329,-0.052631529693174195,-0.18421082184095483,-0.2210526430715927
1994-04-12 00:00:00-04:00,MTCH,bubble,2.8367399580095065,63.15786959669567,-0.021277023360510183,-0.1901594161034973,-0.2127657411235066
1994-04-13 00:00:00-04:00,MTCH,bubble,2.9166740946279828,62.162173526766914,-0.0638299666649984,-0.17021279781901844,-0.2127657411235066
1994-04-14 00:00:00-04:00,MTCH,bubble,3.4347714467202923,67.49992244081308,-0.1323525384856138,-0.23529379720340626,-0.2745092726972023
1994-04-18 00:00:00-04:00,MTCH,bubble,1.8823573504865752,58.536560685050596,0.0,-0.2040815339121358,-0.244897629018704
1994-04-19 00:00:00-04:00,MTCH,bubble,1.44444490176893,46.34145658334167,0.06818202291480246,-0.11363622778550497,-0.15909051684547204
1994-04-20 00:00:00-04:00,MTCH,bubble,1.5142873895501059,45.6789876163055,0.011364035305946762,-0.13636404582960482,-0.15909051684547204
1994-04-21 00:00:00-04:00,MTCH,bubble,1.3428581891414018,45.12191607140743,0.054877999749370465,-0.07317096749740903,-0.09756035638530906
1994-04-22 00:00:00-04:00,MTCH,bubble,1.2857141345171383,48.05190131837338,0.07500028013998294,-0.024999136427986457,-0.07499889101610059
1994-04-25 00:00:00-04:00,MTCH,bubble,1.5333339095624816,29.032290443593595,0.15789528582166956,0.0,-0.02631487365263548
1994-04-26 00:00:00-04:00,MTCH,bubble,1.4848443825411022,38.70972059145812,0.02439083447949164,-0.04878013301791728,-0.09756035638530906
1994-04-28 00:00:00-04:00,MTCH,bubble,1.545451810582957,36.66667242894676,0.0,-0.07142876042481217,-0.11904752244954046
1994-04-29 00:00:00-04:00,MTCH,bubble,1.8333332921741086,40.35084595298225,0.011764953008609025,-0.10588213657752477,-0.1294107351840516
1994-05-02 00:00:00-04:00,MTCH,bubble,1.4666695478124079,34.328324705737685,0.1351350106654552,0.027026061034075566,0.0
1994-05-03 00:00:00-04:00,MTCH,bubble,1.6666665843482171,40.277693744152806,0.05000114371199649,-0.04999975458811412,-0.07499889101610059
1994-05-04 00:00:00-04:00,MTCH,bubble,1.4999963535551273,40.277693744152806,0.05000114371199649,-0.024999136427986457,-0.07499889101610059
1994-05-05 00:00:00-04:00,MTCH,bubble,1.4666695478124079,29.999965073344384,0.1351350106654552,0.05405372393881569,0.0
1994-05-06 00:00:00-04:00,MTCH,bubble,2.071421895145348,35.52623100511657,-0.023255004570539417,-0.09302268884520459,-0.13953407634140444
1994-05-09 00:00:00-04:00,MTCH,bubble,1.8275899773001005,38.57135403089574,0.02439083447949164,0.04878022336739174,-0.09756035638530906
1994-05-10 00:00:00-04:00,MTCH,bubble,1.999995964935688,46.77420106501164,0.0,0.07142876042481205,-0.11904752244954046
1994-05-11 00:00:00-04:00,MTCH,bubble,1.964281279967381,46.03174024516419,0.036143876055900526,0.036143876055900526,-0.1084335026463622
1994-05-12 00:00:00-04:00,MTCH,bubble,1.7586229536591724,48.33329258555983,0.07500028013998294,0.10000080569185177,-0.07499889101610059
1994-05-13 00:00:00-04:00,MTCH,bubble,1.6666665843482171,50.0,0.07500028013998294,0.12500142385197943,-0.07499889101610059
1994-05-16 00:00:00-04:00,MTCH,bubble,1.6451606157572174,55.357180656557695,0.07317096749740903,0.1707314142321925,-0.09756035638530906
1994-05-17 00:00:00-04:00,MTCH,bubble,1.580643179995484,48.07687649865575,0.07500028013998294,0.20000031486808,-0.07499889101610059
1994-05-18 00:00:00-04:00,MTCH,bubble,1.0526296652178537,44.23071607662535,0.10256341333033436,0.25641010054113567,-0.051281754156539926
1996-04-09 00:00:00-04:00,MTCH,bubble,2.0193549423229085,39.13040257100164,-0.17948724767991975,-0.21794911736333977,-0.20940187338901348
1996-04-10 00:00:00-04:00,MTCH,bubble,1.9950731609899925,36.00002370777793,-0.16666683996851972,-0.13157893368669582,-0.18859665141826987
1996-04-11 00:00:00-04:00,MTCH,bubble,1.93589614510628,37.999924134930765,-0.18340581092381625,-0.15283840223535694,-0.19213955037667038
1996-04-12 00:00:00-04:00,MTCH,bubble,1.923076893851463,38.000002963485414,-0.20175442130936916,-0.1535092000538102,-0.20175442130936916
1996-04-15 00:00:00-04:00,MTCH,bubble,2.0,26.19026619231947,-0.18803436501058546,-0.17094051028023582,-0.22222226443677576
1996-04-18 00:00:00-04:00,MTCH,bubble,2.131580412169034,39.583260661195546,-0.23529403707838992,-0.17226885524570779,-0.23529403707838992
1996-04-24 00:00:00-04:00,MTCH,bubble,2.051281564191049,48.214339105832025,-0.23529403707838992,-0.19327724918993516,-0.23529403707838992
1996-04-25 00:00:00-04:00,MTCH,bubble,2.051281564191049,51.42858755627055,-0.22689094098265172,-0.2100842507303129,-0.23529403707838992
1996-04-29 00:00:00-04:00,MTCH,bubble,2.157895383304022,54.68741860613182,-0.25416664428634783,-0.23333331481169017,-0.25416664428634783
1996-04-30 00:00:00-04:00,MTCH,bubble,2.078949300110828,54.68750723502223,-0.24786336314145174,-0.2136755270370918,-0.24786336314145171
1996-05-01 00:00:00-04:00,MTCH,bubble,2.076921776390101,57.97102289577343,-0.25416664428634783,-0.21666667592748823,-0.26666646910247266
1996-05-02 00:00:00-04:00,MTCH,bubble,1.923076893851463,50.0,-0.21929863440306063,-0.1491231467803873,-0.2280702860325422
1996-05-03 00:00:00-04:00,MTCH,bubble,1.923076893851463,45.94593999303986,-0.21929863440306063,-0.12280728205721436,-0.2280702860325422
1996-05-06 00:00:00-04:00,MTCH,bubble,1.720931933464386,45.94601575720126,-0.18803436501058546,-0.09829080449245586,-0.24786336314145171
1996-05-07 00:00:00-04:00,MTCH,bubble,1.533332345513156,39.47366522711157,-0.18859665141826987,-0.08333371243113685,-0.2280702860325422
1996-05-08 00:00:00-04:00,MTCH,bubble,1.744187024182121,48.71792923426052,-0.22881339384572985,-0.12711853818424512,-0.25423720193893323
1996-05-09 00:00:00-04:00,MTCH,bubble,1.590909462107212,39.99995554790815,-0.1447370935069645,-0.105263523880887,-0.2280702860325422
1996-05-10 00:00:00-04:00,MTCH,bubble,1.533332345513156,41.02564394820148,-0.11403517551036857,-0.11403517551036857,-0.2280702860325422
1996-05-13 00:00:00-04:00,MTCH,bubble,1.4583342047510959,43.902398917824364,-0.13559335016605123,-0.14406765986608538,-0.25423720193893323
1996-05-14 00:00:00-04:00,MTCH,bubble,1.4583342047510959,48.64862321337714,-0.13771197467997587,-0.1398302224825716,-0.25423720193893323
1996-05-15 00:00:00-04:00,MTCH,bubble,1.5102038347803393,54.7619198816867,-0.17886169557508091,-0.16260156333479137,-0.2845527960688588
1996-05-16 00:00:00-04:00,MTCH,bubble,1.5102038347803393,50.0,-0.16260156333479137,-0.15447131651572488,-0.2845527960688588
1996-05-17 00:00:00-04:00,MTCH,bubble,1.5851061624631093,52.05487070690833,-0.17695495031963615,-0.14403284101045755,-0.2757202416453091
1996-05-20 00:00:00-04:00,MTCH,bubble,1.5729176015918123,59.15494456829384,-0.2226719273123855,-0.1255061131910672,-0.28744931669395174
1996-05-21 00:00:00-04:00,MTCH,bubble,1.583334638852195,56.060691100680074,-0.2661289855203215,-0.03225835939755928,-0.2903226057004462
1996-06-10 00:00:00-04:00,MTCH,bubble,1.048387001371378,55.22387531575108,-0.24015774719007787,0.007873825582285221,-0.30708660636449
1999-10-05 00:00:00-04:00,MTCH,bubble,1.1478867698744475,31.304303906286435,0.08524599752779194,0.13770502061112633,-0.05573768166269498
1999-10-06 00:00:00-04:00,MTCH,bubble,1.233812938136758,34.43980045177483,0.04991959996976414,0.1336554106624337,-0.07246377226557818
1999-10-07 00:00:00-04:00,MTCH,bubble,1.3750000434100982,25.652123606945437,0.16118429325802497,0.14144743704347817,-0.05263158407801705
1999-10-08 00:00:00-04:00,MTCH,bubble,1.4979421928605081,29.648216810407348,0.17298191653484873,0.037891303923291764,-0.05107104497431992
1999-10-11 00:00:00-04:00,MTCH,bubble,1.3150186991245083,45.65218441684192,0.16139231336025395,0.006328961382428888,-0.08860771008485911
2018-08-01 00:00:00-04:00,MTCH,bubble,1.026864365172023,39.43089539355987,0.5554217716400662,1.1368932356640475,-0.01920496402314902
2023-10-24 00:00:00-04:00,AI,bubble,1.1066877548145935,61.35265130713293,-0.16250942501293908,-0.055177593914937706,-0.22524562701024894
2023-11-02 00:00:00-04:00,AI,bubble,1.109907125999125,59.44319464507013,-0.09134261739587302,-0.0887747636087679,-0.24798239809696146
2023-11-06 00:00:00-05:00,AI,bubble,1.2042483698324133,52.3160778874056,-0.09451442847760627,0.026686480093373932,-0.240177896670906
2023-11-07 00:00:00-05:00,AI,bubble,1.2870140007907058,56.495265502856824,-0.1207956672212579,-0.004701597199280982,-0.2585895015252926
2023-11-08 00:00:00-05:00,AI,bubble,1.172164065736777,55.92766535106849,-0.11518520779079866,0.020740720960829018,-0.24074074074074073
2023-11-09 00:00:00-05:00,AI,bubble,1.0617087625087698,55.852844004111205,-0.042593964917519656,0.08173450160269247,-0.2133537828045125
2023-11-10 00:00:00-05:00,AI,bubble,1.2416106663031186,57.05920786071017,-0.017589795113489792,0.04004497117026773,-0.23278441142196343
2023-11-13 00:00:00-05:00,AI,bubble,1.0219781064317335,53.97490040619615,-0.03659421068558888,-0.01268117306638561,-0.2572463870774644
2023-11-20 00:00:00-05:00,AI,bubble,1.098802517671707,61.84896355585447,-0.11269620726049512,0.15406560462813634,-0.2689015930577954
2023-11-21 00:00:00-05:00,AI,bubble,1.232576288714919,64.74026490351663,-0.16029462147091167,0.22728871966196773,-0.2809540569826922
2023-12-07 00:00:00-05:00,AI,bubble,1.1701418644261659,36.832888646664586,0.2052267509086294,0.6018447183670046,-0.21214451808807142
2023-12-08 00:00:00-05:00,AI,bubble,1.3597664055074294,46.119405470704606,0.10753445203230783,0.4761230585964209,-0.2748496756967625
2023-12-11 00:00:00-05:00,AI,bubble,1.182170577593976,50.44897436787732,0.12326825107375594,0.3563055354374878,-0.2717584270763015
2023-12-12 00:00:00-05:00,AI,bubble,1.2729508176858437,46.80327557453802,0.09953120355007594,0.37937254350618965,-0.26072844073524476
2023-12-13 00:00:00-05:00,AI,bubble,1.1318181663833702,47.32142912434736,0.031982997348961595,0.4022743404531979,-0.27149962883293033
2023-12-22 00:00:00-05:00,AI,bubble,1.437659021552797,45.33016084817458,-0.03827419590222669,0.2425191151309225,-0.2867084146395446
2023-12-29 00:00:00-05:00,AI,bubble,1.7982454623786643,51.656621487778025,-0.021595226459623307,0.19923376534681592,-0.2859630562967486
2024-01-02 00:00:00-05:00,AI,bubble,1.6366973189851715,52.236543646764204,-0.006263058685082923,0.206332583335175,-0.2867084146395446
2024-01-03 00:00:00-05:00,AI,bubble,1.467381737775348,49.56834909480512,0.0843897092429795,0.3321259676288195,-0.2575154093870565
2024-01-04 00:00:00-05:00,AI,bubble,1.5194218752046051,49.092229263084526,0.07206885166257337,0.3241305526482945,-0.2649695070409821
2024-01-05 00:00:00-05:00,AI,bubble,1.4038800583843782,31.29495650145452,0.07997066349493576,0.3140131839350868,-0.24798239809696146
2024-01-08 00:00:00-05:00,AI,bubble,1.6429230884190154,39.16598136723747,0.0486524117779481,0.16555826365980741,-0.282464115541667
2024-01-09 00:00:00-05:00,AI,bubble,1.5844748611881285,40.31985671118058,0.053003534997826396,0.14558300505144106,-0.27561835502970544
2024-01-10 00:00:00-05:00,AI,bubble,1.5414071308006414,32.08813048020248,0.039943915664985674,0.08479320572231308,-0.2817099039107997
2024-01-11 00:00:00-05:00,AI,bubble,1.4042179556424124,36.93495583446821,0.11769003075739026,0.1293859257751393,-0.2507310108668676
2024-01-12 00:00:00-05:00,AI,bubble,1.2025210020729196,33.80423600692495,0.16138884385123475,0.2106066635093411,-0.217855752915893
2024-01-16 00:00:00-05:00,AI,bubble,1.079667972554124,32.27360343690222,0.19114130158051923,0.28930574867735714,-0.1819632706752296
2024-01-22 00:00:00-05:00,AI,bubble,1.0183205926816346,39.44186908067764,0.0733736228261439,0.28744327639782363,-0.22465962231756562
2020-03-16 00:00:00-04:00,SEDG,bubble,1.0333083351086851,20.837541827276524,1.4155682869787412,2.5176745598650445,-0.14422956931087183
2020-03-17 00:00:00-04:00,SEDG,bubble,1.134290804118797,24.008267620263823,1.3491913841429457,2.440325768215011,-0.17978982283250575
2020-03-24 00:00:00-04:00,SEDG,bubble,1.2852931522661937,25.820361695878788,1.170906133493213,2.13667804472859,-0.12694871072082442
2020-03-27 00:00:00-04:00,SEDG,bubble,1.1814090680085996,33.678805994514974,1.439723200351673,2.156974625155179,-0.0957872905980428
2020-03-30 00:00:00-04:00,SEDG,bubble,1.1666666329202298,29.29576720666445,1.6738117946851792,2.321533751286596,-0.08770205887118976
2020-03-31 00:00:00-04:00,SEDG,bubble,1.1632761044733249,33.76657231893316,1.827308350823575,2.510503322951778,-0.09037608872386073
2020-04-01 00:00:00-04:00,SEDG,bubble,1.0633507361416896,40.449431597541015,2.023978774757177,2.5954074568087893,-0.05506212071421277
2020-04-06 00:00:00-04:00,SEDG,bubble,1.0911099944315912,50.34656796041943,2.2012917375585097,2.082207956593719,0.0
2020-04-21 00:00:00-04:00,SEDG,bubble,1.0067129840371698,53.84001801916595,2.5655784680873235,1.9425538026752958,0.0
2021-04-19 00:00:00-04:00,SEDG,bubble,1.5217302209907984,42.98001920191122,0.2231070386663796,0.23446046010053512,-0.166830049831294
2021-04-20 00:00:00-04:00,SEDG,bubble,1.603779474502053,36.06857764368068,0.2550948976940939,0.24992829551557905,-0.1634477443245838
2021-04-21 00:00:00-04:00,SEDG,bubble,1.9425538026752958,32.59442697210727,0.2435611187218627,0.10396326549216628,-0.20024306152482135
2021-05-03 00:00:00-04:00,SEDG,bubble,1.477705791034691,45.62907706694637,0.3638390986905582,-0.01826501593706198,-0.21552719979215282
2021-05-04 00:00:00-04:00,SEDG,bubble,1.0400411477446432,33.6356227872087,0.6513244296157747,0.2017660457781807,-0.06661487088567015
2021-05-05 00:00:00-04:00,SEDG,bubble,1.0325421332002023,36.47725152927195,0.6200338027808261,0.29818004675427257,-0.06942481192043937
2021-05-07 00:00:00-04:00,SEDG,bubble,1.0083834352729566,40.654131667514186,0.5872504367516944,0.14251363217760238,-0.0743647905786529
2024-08-13 00:00:00-04:00,SMCI,bubble,1.2302007727449236,32.6771083504341,-0.2548860871551063,-0.200430028241654,-0.6826040177784806
2024-08-14 00:00:00-04:00,SMCI,bubble,1.141653732049857,35.53647255899317,-0.16980020184996525,-0.20532324418425407,-0.6879169567455673
2024-08-15 00:00:00-04:00,SMCI,bubble,1.3718490886061656,40.34421875406572,-0.10960761495618965,-0.31002564963804535,-0.7126170738765333
2024-08-16 00:00:00-04:00,SMCI,bubble,1.4782250058051867,41.9921472514006,-0.041825716021637205,-0.32236005269475176,-0.7135814261616763
2024-08-19 00:00:00-04:00,SMCI,bubble,1.5551913120059258,44.71854968478139,-0.0495814611167823,-0.32154193732450265,-0.7112023288237016
2024-08-20 00:00:00-04:00,SMCI,bubble,1.508355604660462,38.108093542461745,-0.0821888648254887,-0.2817272371859272,-0.705193885419459
2024-08-21 00:00:00-04:00,SMCI,bubble,1.469046805840304,43.361279350215916,-0.172624932286645,-0.2935009000112402,-0.7112764002583657
2024-08-22 00:00:00-04:00,SMCI,bubble,1.343446023009236,47.05217543772896,-0.24704867419367516,-0.2665586165821707,-0.7022254440604294
2024-08-23 00:00:00-04:00,SMCI,bubble,1.2089983077012816,50.67031742637444,-0.16655796235303688,-0.2701063635163068,-0.7063140068571738
2024-08-26 00:00:00-04:00,SMCI,bubble,1.1428952171688986,42.67567347255568,-0.2364579975046559,-0.21832497822100871,-0.6798279069748516
2024-08-27 00:00:00-04:00,SMCI,bubble,1.156402588454457,60.47673231523709,-0.24293332972974324,-0.24147248261952758,-0.6711343172713059
2024-09-23 00:00:00-04:00,SMCI,bubble,1.0123522121916766,56.641011660095636,-0.20504787078923148,-0.0075975464245381374,-0.6134695552063485
2024-10-29 00:00:00-04:00,SMCI,bubble,1.0347970245992673,57.53085745305645,-0.31372150208678384,0.05781759394022279,-0.6333468929049347
2021-05-03 00:00:00-04:00,W,bubble,1.2871836136798471,20.51681958486145,-0.11092864367453525,-0.6880933625736281,-0.17863512421061986
2021-05-04 00:00:00-04:00,W,bubble,1.043695364438841,12.60648766699137,-0.07866310331316384,-0.6721759965117676,-0.1603545820295237
2009-11-20 00:00:00-05:00,DHI,bubble,1.3338559374171521,45.149959974934895,0.1778054764013839,0.020669530671169722,-0.05053958341040779
2009-11-23 00:00:00-05:00,DHI,bubble,1.498626894012041,45.149937949579446,0.1372420197746751,-0.040480159113257974,-0.07636906689266947
2009-11-24 00:00:00-05:00,DHI,bubble,1.1525306410548155,40.81630627188511,0.1773253934069401,-0.034185814119168434,-0.06938490390344086
2002-07-26 00:00:00-04:00,SSYS,bubble,1.0433330535888672,40.56844720377507,0.44861359382803045,5.544862059470081,-0.33115796769330574
2003-12-16 00:00:00-05:00,SSYS,bubble,2.933413000867237,22.81766298274249,0.22521163180537296,0.4029625425672301,-0.24319828117213377
2004-01-28 00:00:00-05:00,SSYS,bubble,2.9742913246092155,33.57730991604875,0.03405943011293311,0.3267326732673268,-0.3390098798393023
2004-01-29 00:00:00-05:00,SSYS,bubble,2.9118937401110787,23.150564842467773,0.10810808416175743,0.4353885658961558,-0.2951857973409885
2004-01-30 00:00:00-05:00,SSYS,bubble,2.9262296946514583,28.446607011710384,0.07181625296714156,0.4254696577077828,-0.30313152390859444
2004-02-02 00:00:00-05:00,SSYS,bubble,3.036597991602175,30.99250901213435,0.025999984741210902,0.39479995727539063,-0.3323999786376953
2004-02-03 00:00:00-05:00,SSYS,bubble,2.822893742053788,29.606439537466187,0.12754238051814748,0.4771186460540473,-0.29279659897114707
2004-02-04 00:00:00-05:00,SSYS,bubble,2.662715880274501,18.6518829215303,0.11518096328008753,0.5291262912270547,-0.26345981260173296
2004-02-05 00:00:00-05:00,SSYS,bubble,2.6719743145750816,21.920279025828336,0.07892453325995086,0.4509973919943133,-0.276235866409828
2004-02-06 00:00:00-05:00,SSYS,bubble,2.9070512908685373,29.517574825238952,-0.023789989486111884,0.3945857740107859,-0.31542243196973024
2004-02-09 00:00:00-05:00,SSYS,bubble,2.989362167578199,33.33333333333333,0.009599990844726625,0.36759994506835936,-0.3323999786376953
2004-02-10 00:00:00-05:00,SSYS,bubble,3.0594060418730695,34.61538281441325,0.019918689573975135,0.36585357532883345,-0.3215447042582333
2004-02-11 00:00:00-05:00,SSYS,bubble,3.0608554019533383,39.452056130750414,-0.004860301200393602,0.36978529620412903,-0.32401781397147905
2004-02-12 00:00:00-05:00,SSYS,bubble,2.963696482602014,35.39823247846975,0.02331388240092158,0.4288092856272787,-0.30516235570415545
2004-02-13 00:00:00-05:00,SSYS,bubble,2.984322044147855,33.039646466640974,0.06829683331067082,0.47133231602709236,-0.29637432473865827
2004-02-17 00:00:00-05:00,SSYS,bubble,3.0493422941075163,41.25998713428459,0.045897608539715584,0.4317627456708726,-0.322095858442818
2004-02-18 00:00:00-05:00,SSYS,bubble,2.47142879263013,34.469979909926224,0.2340930878535128,0.47673319896155464,-0.20750232871334115
2004-02-19 00:00:00-05:00,SSYS,bubble,1.9934926460919686,31.893006403221506,0.41141303542205643,0.7239130419008222,-0.09293473477850239
2004-02-20 00:00:00-05:00,SSYS,bubble,1.535746932264562,31.9396880577261,0.391862932293209,0.6670234946955695,-0.10653103525735932
2004-02-23 00:00:00-05:00,SSYS,bubble,1.4438681761982712,24.147166637663076,0.47886509777397945,0.7504342061928859,-0.03358424483685046
2004-02-24 00:00:00-05:00,SSYS,bubble,1.3706580417555014,26.75019547855949,0.4488142227085894,0.7362636708020129,-0.034702160190801044
2004-02-25 00:00:00-05:00,SSYS,bubble,1.4244347440076774,31.81819101338553,0.4423291908484861,0.6774914927554929,-0.06550952051008438
2004-02-26 00:00:00-05:00,SSYS,bubble,1.472935934143445,30.28660453626769,0.42181414654105964,0.6410684973817737,-0.07122976228194053
2004-02-27 00:00:00-05:00,SSYS,bubble,1.4239334411348126,21.334442967934237,0.45866818232632367,0.6567164456919707,-0.04190582887710489
2004-03-01 00:00:00-05:00,SSYS,bubble,1.35993073743245,21.977125532507046,0.38313125671357295,0.543550217315782,-0.07993378745195878
2004-03-02 00:00:00-05:00,SSYS,bubble,1.3518519604787773,22.04918332652211,0.4021371958607747,0.5905511582958773,-0.06130484310985351
2004-03-03 00:00:00-05:00,SSYS,bubble,1.3191394124328641,21.172640359028847,0.46791592762776535,0.6348665484204425,-0.05224304624686658
2004-03-04 00:00:00-05:00,SSYS,bubble,1.4100528374680983,26.268406422614476,0.44456644822882985,0.5697037024862637,-0.08397359149050299
2004-03-05 00:00:00-05:00,SSYS,bubble,1.5521390513248265,31.899923691135967,0.4143530531266031,0.4892613974820601,-0.1257202514063324
2004-03-08 00:00:00-05:00,SSYS,bubble,1.3952879001133485,25.07885488670152,0.4989071829918692,0.4972678011396148,-0.0879780748702117
2004-03-09 00:00:00-05:00,SSYS,bubble,1.4769648242790487,34.79212185334276,0.49398240919617464,0.49179427972810896,-0.08698031142577957
2004-03-10 00:00:00-05:00,SSYS,bubble,1.5309087986591687,51.183431785708635,0.5070043167123721,0.44989227487813155,-0.10075425569468445
2004-03-11 00:00:00-05:00,SSYS,bubble,1.658373441272846,48.77300595549788,0.5269978395054735,0.4595032407417896,-0.09881208847048975
2004-03-12 00:00:00-05:00,SSYS,bubble,1.7695613072828258,67.50843778006188,0.46356584684848356,0.3891472160645475,-0.1374676896626536
2004-03-15 00:00:00-05:00,SSYS,bubble,1.6973684724201297,58.50440760255507,0.5382112730192159,0.4433603284319816,-0.09539296239039466
2004-03-16 00:00:00-05:00,SSYS,bubble,1.6905445036285736,56.99089022558048,0.530351369558534,0.3551650602993319,-0.11128860895484916
2004-03-17 00:00:00-05:00,SSYS,bubble,1.7147588329353298,58.50440760255507,0.5384214112007533,0.3544171972861607,-0.12754828717991462
2004-03-18 00:00:00-05:00,SSYS,bubble,1.4415584029546564,60.45455057759494,0.5595745151428269,0.3712766879173721,-0.1122339781186521
2004-03-19 00:00:00-05:00,SSYS,bubble,1.4242550931682918,57.0016575410261,0.5576619420867077,0.36808845999825834,-0.12111633832448009
2004-03-22 00:00:00-05:00,SSYS,bubble,1.1115385284085293,54.06249133869438,0.6284153267455106,0.4693989350115222,-0.0879780748702117
2004-03-23 00:00:00-05:00,SSYS,bubble,1.0261718766152623,47.79005553971951,0.7050316935357543,0.6356274834692783,-0.034702160190801044
2004-03-25 00:00:00-05:00,SSYS,bubble,1.0569767150445664,40.48912642076192,0.6144713738678149,0.6325606720681254,-0.0067835407354774925
2004-03-26 00:00:00-05:00,SSYS,bubble,1.0210888539573992,44.544094855457644,0.6391576401418191,0.594194690688187,0.0
2004-03-29 00:00:00-05:00,SSYS,bubble,1.0770991062688724,49.03313967411192,0.6025358695112728,0.5700110529490092,0.0
2004-03-30 00:00:00-05:00,SSYS,bubble,1.1835876877300557,53.2319416452664,0.5679077135300332,0.4855794639260056,-0.0031462751390954266
2004-03-31 00:00:00-05:00,SSYS,bubble,1.0237755244489004,53.09734449257159,0.6601788051529516,0.4860599505453904,0.0
2004-04-01 00:00:00-05:00,SSYS,bubble,1.0541269477166502,55.354991884011135,0.6072133965987563,0.41156126570676643,0.0
2004-04-02 00:00:00-05:00,SSYS,bubble,1.1473576049904302,66.14457385566513,0.5442499935684526,0.3596782150176856,-0.03407474405826576
2004-04-05 00:00:00-04:00,SSYS,bubble,1.2011418344979816,67.66398262359029,0.47597251427739895,0.30755145061935574,-0.06590391345159127
2004-04-06 00:00:00-04:00,SSYS,bubble,1.3380855191445753,70.26455231494629,0.4024391135414116,0.2256097783853528,-0.11106268896957645
2004-04-07 00:00:00-04:00,SSYS,bubble,1.3366573867074791,70.41357919189488,0.43090509462512516,0.25253868949399516,-0.09889623880106337
2004-04-08 00:00:00-04:00,SSYS,bubble,1.3578767291062048,70.75472433711131,0.35032674252290263,0.23616557281542105,-0.11067541747663186
2004-04-12 00:00:00-04:00,SSYS,bubble,1.3523422708093298,76.66667867590134,0.33160171952017725,0.24199134460067184,-0.11645023764655311
2004-04-13 00:00:00-04:00,SSYS,bubble,1.224742303921853,72.55519928984859,0.4031511025809751,0.2919369443620745,-0.0542168711969585
2004-04-14 00:00:00-04:00,SSYS,bubble,1.0875797430455045,78.1045733980142,0.38764298240185036,0.25995424283803703,-0.06590391345159127
2021-12-01 00:00:00-05:00,GME,bubble,10.382278111828693,42.50057955244358,-0.2548932232614407,-0.4083629687916013,-0.5656694717475675
2021-12-02 00:00:00-05:00,GME,bubble,9.950542725817483,40.93948699856475,-0.2636043250380965,-0.39369903441682275,-0.569784084265899
2021-12-03 00:00:00-05:00,GME,bubble,9.694168139872541,38.79290606192363,-0.25691741657255507,-0.4069261661015542,-0.5468994669824109
2021-12-06 00:00:00-05:00,GME,bubble,8.888757330736631,33.934852514917225,-0.12338436883467108,-0.4401627555518547,-0.5326112799633613
2021-12-07 00:00:00-05:00,GME,bubble,9.875228954741477,39.47387532746621,-0.21978517725459534,-0.49924075058723294,-0.5607108616903728
2021-12-08 00:00:00-05:00,GME,bubble,9.250884794682483,37.09620002543673,-0.2572415763836642,-0.4289662703862789,-0.5501871387515612
2021-12-09 00:00:00-05:00,GME,bubble,10.402635157155196,32.86470903592107,-0.17122495576214747,-0.4188495131264678,-0.4985233476820423
2021-12-10 00:00:00-05:00,GME,bubble,10.261331146996673,25.630278875971044,-0.2563360538012196,-0.42972137954965217,-0.5087730123341803
2021-12-13 00:00:00-05:00,GME,bubble,9.283997037376079,12.246706638442888,-0.07824376338265315,-0.38632380915010067,-0.429354194739954
2021-12-14 00:00:00-05:00,GME,bubble,10.610849004793637,23.24415990197278,-0.12458533990866005,-0.4298869554041259,-0.47112194922374306
2021-12-15 00:00:00-05:00,GME,bubble,9.72851929568847,24.21026318457497,-0.15384611040015017,-0.44599231628197755,-0.47432530765576564
2021-12-16 00:00:00-05:00,GME,bubble,9.439710639383181,25.9152408462583,-0.06535719750734759,-0.4245798529947181,-0.4597828163172697
2021-12-17 00:00:00-05:00,GME,bubble,9.494942696584559,31.182534561698347,-0.09868928726925419,-0.4880493406730554,-0.4981367198877885
2021-12-20 00:00:00-05:00,GME,bubble,9.053742689641004,33.57160620596785,-0.11887484248655145,-0.4842815245621934,-0.5029273201365619
2021-12-21 00:00:00-05:00,GME,bubble,9.181583891562378,39.50927186737116,-0.10182134671073306,-0.47988868958148534,-0.5060080760028997
2021-12-22 00:00:00-05:00,GME,bubble,6.9136694370596485,36.99018032226706,-0.12201294341644686,-0.4854545593261719,-0.49279220382888594
2021-12-23 00:00:00-05:00,GME,bubble,6.396208150062812,39.732277148300405,-0.14756143708627933,-0.4720652029903375,-0.48659129141769836
2021-12-27 00:00:00-05:00,GME,bubble,6.360297784929258,40.321086309140576,-0.16135122850178463,-0.5091362399692828,-0.47333287103930966
2021-12-28 00:00:00-05:00,GME,bubble,5.97760878089162,32.25404674169555,-0.16113618067505608,-0.5105831147118953,-0.46668034255281843
2021-12-29 00:00:00-05:00,GME,bubble,6.942724424230178,39.240500216793464,-0.2054829541286659,-0.5236795739394581,-0.4925615258432927
2021-12-30 00:00:00-05:00,GME,bubble,7.064901349176806,49.71391025594169,-0.20543361415019112,-0.5246250211327301,-0.49713513365365036
2021-12-31 00:00:00-05:00,GME,bubble,6.876326867718489,43.26484035939844,-0.18977017419328368,-0.5363568748922224,-0.47361681426221197
2022-01-03 00:00:00-05:00,GME,bubble,7.860289642776268,63.04774236685977,-0.2316801680263868,-0.5467155166234348,-0.4889426689224064
2022-01-04 00:00:00-05:00,GME,bubble,7.572826509355616,51.12380428708129,-0.09260632735066399,-0.5643006134051497,-0.47545498160358385
2022-01-05 00:00:00-05:00,GME,bubble,6.0462957961040225,36.82116996353123,-0.006415721282998055,-0.4910721278280127,-0.3962278460349557
2022-01-06 00:00:00-05:00,GME,bubble,6.247234476339435,40.39387918789846,-0.007173948333690894,-0.49996186176093627,-0.40387696452689603
2022-01-07 00:00:00-05:00,GME,bubble,6.9491232827528355,39.13483170623643,-0.024889774722885116,-0.49452421917793954,-0.44453133748683765
2022-01-10 00:00:00-05:00,GME,bubble,5.577231212831692,33.14307181727294,0.07723984257908567,-0.41929083334748873,-0.40442238470858677
2022-01-11 00:00:00-05:00,GME,bubble,5.531328223997485,31.925675240287347,0.045280074891024924,-0.36669228925276554,-0.4005372311516779
2022-01-12 00:00:00-05:00,GME,bubble,3.0783439208394423,32.725088518470486,0.10604405817547491,-0.35998750080428576,-0.39005152194687187
2022-01-13 00:00:00-05:00,GME,bubble,2.0689051321776835,31.180200825465846,0.19725665717290441,-0.28804707251581085,-0.3622632391450718
2022-01-14 00:00:00-05:00,GME,bubble,2.285915535940251,30.408413486846598,0.30047145275508136,-0.28709813481090907,-0.330390059248968
2022-01-18 00:00:00-05:00,GME,bubble,1.7670224078570356,28.34236439979125,0.4576255133781648,-0.30070699567329073,-0.28280233234877183
2022-01-19 00:00:00-05:00,GME,bubble,1.724182070668829,20.96616603211548,0.4400863438132927,-0.2639579368862863,-0.26705451033096766
2022-01-20 00:00:00-05:00,GME,bubble,1.3860097857670208,18.677132291490437,0.3939806922143019,-0.1561312853334158,-0.239212993051581
2022-02-08 00:00:00-05:00,GME,bubble,1.2977538326105424,55.925973546359565,0.40242212160133084,-0.3193771510058492,-0.3243079442787559
2022-02-09 00:00:00-05:00,GME,bubble,1.4275390442082427,63.34897619804242,0.2696114079120915,-0.379837466704651,-0.3715504060263193
2022-02-10 00:00:00-05:00,GME,bubble,1.3966732852785975,60.1820253356461,0.33061161990353094,-0.3569037204931752,-0.36221115512533086
2022-02-11 00:00:00-05:00,GME,bubble,1.3711831370584289,66.13551042825237,0.27742455710827474,-0.360321904571963,-0.3713480836189009
2022-02-14 00:00:00-05:00,GME,bubble,1.3649767785785825,60.6160988645143,0.4412844801859881,-0.25527372384053915,-0.33290628530769745
2022-02-15 00:00:00-05:00,GME,bubble,1.7461908453075443,63.148828110933906,0.28471779586459744,-0.3151553660597419,-0.38086558066729864
2022-02-16 00:00:00-05:00,GME,bubble,2.1538463052888543,71.89033093493424,0.18226446704521337,-0.3145796163840844,-0.3913348437944956
2022-02-17 00:00:00-05:00,GME,bubble,2.0404041191963667,65.92953656857563,0.18272427179808393,-0.3303622320933337,-0.36706913303225425
2022-02-18 00:00:00-05:00,GME,bubble,1.641956495202106,58.8857533166075,0.13552210471599913,-0.32461118525875154,-0.35727802686641746
2022-02-22 00:00:00-05:00,GME,bubble,1.6253056338420047,53.86138524112607,0.13603250796801936,-0.3176351073646988,-0.33838724186331454
2018-09-13 00:00:00-04:00,ENPH,bubble,2.1782945937014615,31.481467581900134,1.3585366588345194,4.673170919492092,-0.0512194645397713
2018-09-14 00:00:00-04:00,ENPH,bubble,2.1000002750983704,30.18017795486155,1.2828782457315682,5.220843272863364,-0.03473947831651171
2018-09-17 00:00:00-04:00,ENPH,bubble,1.5424837762387051,29.910709011385237,1.35989718704697,5.478149121684978,0.0
2018-09-18 00:00:00-04:00,ENPH,bubble,1.8874173251993125,36.94778305086304,1.151376107156243,5.220183488245254,-0.04816514488904404
2018-09-19 00:00:00-04:00,ENPH,bubble,1.8013245336350985,29.752058380652542,1.1725767231547728,5.494089642905334,-0.018912511429155357
2018-09-21 00:00:00-04:00,ENPH,bubble,2.120567517395468,37.43589900340999,0.9795454203097296,4.686363617152223,-0.05681818058668092
2018-09-24 00:00:00-04:00,ENPH,bubble,1.9858157005739887,34.112149012100076,1.0902613090255873,4.952493880967402,-0.014251767751990314
2018-10-05 00:00:00-04:00,ENPH,bubble,1.9477126230173663,61.92308083793871,1.2239466128492702,4.376939860158788,-0.0798226419610757
2018-10-10 00:00:00-04:00,ENPH,bubble,2.1376811149765826,47.98205894478267,1.2933026513027457,4.60739055761096,-0.04157039988688057
2018-10-11 00:00:00-04:00,ENPH,bubble,2.214285769024675,52.10083865250608,1.1311111450195312,4.5,-0.07777775658501519
2018-10-23 00:00:00-04:00,ENPH,bubble,2.41666670429586,39.17526837451379,1.312638531231669,4.146340999239175,-0.0798226419610757
2018-10-24 00:00:00-04:00,ENPH,bubble,2.2030075875365887,40.00001003867651,1.3967134952072273,4.7629103093979,-0.025821626198193212
2018-10-25 00:00:00-04:00,ENPH,bubble,2.464567056258901,47.12041584187584,1.2818181236913393,4.781818177877379,-0.05681818058668092
2018-10-26 00:00:00-04:00,ENPH,bubble,2.1742423414581986,39.00000119209262,2.097851877082535,5.011933219582826,-0.009546530144813964
2018-10-29 00:00:00-04:00,ENPH,bubble,2.0514706262616134,40.0000048906368,2.1156626525404905,3.5204818789819496,0.0
2018-10-30 00:00:00-04:00,ENPH,bubble,1.8456374120671484,47.540979334971084,2.2617926109130035,3.5825474891598263,0.0
2018-10-31 00:00:00-04:00,ENPH,bubble,1.9673202919926416,51.020407170268335,2.028634386681329,3.1475771105558517,0.0
2018-12-20 00:00:00-05:00,ENPH,bubble,1.0242914745281606,38.586961310389185,2.4979999542236326,4.188000106811524,-0.07200002670288086
2018-12-27 00:00:00-05:00,ENPH,bubble,1.0247933640032882,24.60733964605707,2.720407997434811,4.4612244302161,-0.03469389244597508
2019-01-02 00:00:00-05:00,ENPH,bubble,1.0414937348842872,31.067971502735787,2.8556908575586637,4.96341457268607,-0.0325202936851642
2020-03-18 00:00:00-04:00,ENPH,bubble,1.607608724834789,24.574009458115995,2.035848375402469,5.189245399922672,0.0
2020-03-19 00:00:00-04:00,ENPH,bubble,1.8594770291238412,27.620169740519387,1.5474286760602678,4.902857026599702,-0.009523809523809525
2020-03-20 00:00:00-04:00,ENPH,bubble,1.7718549768428966,23.857549858444713,1.6257691016564002,5.196538485013521,0.0
2020-03-23 00:00:00-04:00,ENPH,bubble,1.9934713258968872,24.69462519451598,1.5707015860529343,4.66957469731154,0.0
2021-05-04 00:00:00-04:00,ENPH,bubble,1.906548502991519,37.397946659396624,0.8738167515312205,0.3653289234084718,-0.10341861089992954
2021-05-05 00:00:00-04:00,ENPH,bubble,1.85958981987355,39.53745786715464,0.872714421137416,0.512768021724052,-0.09670552418565623
2021-05-06 00:00:00-04:00,ENPH,bubble,1.3147304809226759,34.59216275330323,0.940134468545172,0.48548462984235674,-0.060111544073298245
2021-05-07 00:00:00-04:00,ENPH,bubble,1.2565607505397387,39.07976687630397,0.9729994137105606,0.34913793611598165,-0.06790825094577875
2021-05-10 00:00:00-04:00,ENPH,bubble,1.0621509298857563,32.43736021394973,1.0140534064063789,0.2742125889528153,-0.02971556090936542
2021-05-11 00:00:00-04:00,ENPH,bubble,1.0379320986468645,28.267035210693123,0.9899522217171706,0.24897048413290745,-0.056086292713645354
2021-05-14 00:00:00-04:00,ENPH,bubble,1.102141097605839,13.208063269310813,1.0912506933207573,0.3173317322942375,-0.011354154484985926
2021-05-17 00:00:00-04:00,ENPH,bubble,1.0284343268644007,13.243080896082446,1.1248099899327038,0.2753757905301444,0.0
2021-06-03 00:00:00-04:00,ENPH,bubble,1.5155664975713141,69.9021277985989,0.7658986952046474,0.48311328885422467,0.0
2021-06-04 00:00:00-04:00,ENPH,bubble,1.6084430391229563,66.78668144933816,0.7446177084198271,0.45760950843475756,0.0
2021-06-07 00:00:00-04:00,ENPH,bubble,1.51822679678425,70.77427138019685,0.5792536857184529,0.5055648460235354,-0.0036371571656369454
2021-06-09 00:00:00-04:00,ENPH,bubble,1.6554865521202409,58.4089789843245,0.6248813285763017,0.4949989227386369,0.0
2021-09-08 00:00:00-04:00,ENPH,bubble,1.511606413804735,51.22940208320965,0.10093028364274303,0.9427714174067867,-0.2656996105076998
2021-09-09 00:00:00-04:00,ENPH,bubble,1.383104457128177,48.01865041381692,0.10758552642963903,0.894521635167991,-0.25650718414160184
2021-09-10 00:00:00-04:00,ENPH,bubble,1.3936460646462505,39.94825041147398,0.08121606626453626,0.9525343843529037,-0.24175198903357725
2021-09-13 00:00:00-04:00,ENPH,bubble,1.4591397863324138,32.27311403483384,-0.01530387284831436,0.90830162401405,-0.2506090076516028
2021-09-14 00:00:00-04:00,ENPH,bubble,1.2729889452276648,29.05122219745286,0.04235519196368487,1.029882882633102,-0.24045581805224428
2021-09-15 00:00:00-04:00,ENPH,bubble,1.1553490976465182,27.215524111597958,0.13939438117874015,1.0072011517133541,-0.22863754798233343
2021-09-16 00:00:00-04:00,ENPH,bubble,1.1528214931236982,29.907502408199292,0.1534537524564763,1.0282545020923295,-0.23483636483251388
2021-09-17 00:00:00-04:00,ENPH,bubble,1.4060115564728628,32.57537187177786,0.14687056356799788,0.9655044576168614,-0.2543352496996658
2021-09-20 00:00:00-04:00,ENPH,bubble,1.2328989297949273,22.5281883990842,0.21654417461403597,0.9988847190697223,-0.21300184138467002
2021-09-21 00:00:00-04:00,ENPH,bubble,1.181702356093353,27.868841068115657,0.22658635190315546,0.9739452382617144,-0.2224382238567009
2021-09-22 00:00:00-04:00,ENPH,bubble,1.1903641057865202,29.818358209712017,0.20213636540308677,0.7927437762882807,-0.2417040886820992
2021-09-23 00:00:00-04:00,ENPH,bubble,1.2530242619534877,29.269932072998273,0.24962093977636113,0.7653485175882788,-0.24223095205509818
2021-09-24 00:00:00-04:00,ENPH,bubble,1.2138019817738708,28.193549699680787,0.26129111635824365,0.7891449100331251,-0.21925030351742586
2021-09-27 00:00:00-04:00,ENPH,bubble,1.1062210238207677,33.989221980240416,0.26093129982527086,0.8367728752928061,-0.226299476914611
2021-03-04 00:00:00-05:00,DOCU,bubble,1.3519819982077954,28.999923067333484,0.41116706918225865,-0.48409454856528833,-0.1446206065959236
2021-03-05 00:00:00-05:00,DOCU,bubble,1.3059819534677537,22.682246818296292,0.44177970165037794,-0.5037932628610435,-0.1182027026825177
2021-03-08 00:00:00-05:00,DOCU,bubble,1.2951678653013179,19.5679896718528,0.6078095503056584,-0.5070524820378476,-0.06575395621540878
2021-03-10 00:00:00-05:00,DOCU,bubble,1.6643698193691612,30.399168306001584,0.32430534195379224,-0.5389570513191675,-0.15286591802671648
2021-03-12 00:00:00-05:00,DOCU,bubble,2.06260913516681,36.71819199722172,0.3176285952352591,-0.6433868810393328,-0.1434819492309016
2021-03-16 00:00:00-04:00,DOCU,bubble,1.9204812585515483,39.79065008898406,0.26896496013119187,-0.6370868356487175,-0.14688886300557838
2021-03-17 00:00:00-04:00,DOCU,bubble,2.0073299830247593,45.1491677325274,0.2826942842122955,-0.6101528096155978,-0.15552635813881965
2021-03-18 00:00:00-04:00,DOCU,bubble,1.6732802691569901,41.92285066426802,0.3530273533906436,-0.5739257771681878,-0.12031249522697188
2021-03-19 00:00:00-04:00,DOCU,bubble,1.710463964331272,36.76884983078327,0.3504156790346671,-0.5356152915517856,-0.12403362052777887
2021-03-22 00:00:00-04:00,DOCU,bubble,1.6026348885620152,39.52365086553715,0.30786298088027975,-0.5378681772400032,-0.13146598841323595
2021-03-23 00:00:00-04:00,DOCU,bubble,1.4905390025612837,44.57552063550016,0.3039045725517755,-0.521783065312766,-0.13367956411930648
2021-03-24 00:00:00-04:00,DOCU,bubble,1.3348236083984375,44.37766550751263,0.38083240589638456,-0.4952635554761067,-0.09221002938966
2021-03-25 00:00:00-04:00,DOCU,bubble,1.4614721214882356,48.06096684415592,0.3665186548587349,-0.47800685727519876,-0.1005042203744342
2021-03-26 00:00:00-04:00,DOCU,bubble,1.414056871543472,54.858303511292334,0.348633323740555,-0.502624313681284,-0.10794217828801923
2021-03-29 00:00:00-04:00,DOCU,bubble,1.390698735933968,39.86417260020272,0.3364742425603353,-0.4697568317867641,-0.08733531290490094
2021-03-30 00:00:00-04:00,DOCU,bubble,1.234399861642565,39.91020514108453,0.31512134045523776,-0.435157933965875,-0.08520360805971491
2021-03-31 00:00:00-04:00,DOCU,bubble,1.1910172468075237,33.94443788129479,0.26890599417550654,-0.4667819284984214,-0.11010122806685649
2021-04-01 00:00:00-04:00,DOCU,bubble,1.2400912312910406,46.617669659380155,0.24790344201870784,-0.4807309795293748,-0.12666629732146073
2021-04-05 00:00:00-04:00,DOCU,bubble,1.4470489249898164,35.78884506574924,0.25344029498694054,-0.471772426562299,-0.12394841230681289
2021-04-06 00:00:00-04:00,DOCU,bubble,1.603924135618572,43.47724191890245,0.19862913459132736,-0.4541830970066857,-0.12420398725326302
2021-04-07 00:00:00-04:00,DOCU,bubble,1.28186359658369,40.40735629326185,0.24544263208057382,-0.47805162975893245,-0.12420398725326302
2021-04-08 00:00:00-04:00,DOCU,bubble,1.4130953260614287,59.89417344397704,0.2489165095239485,-0.5162050238420377,-0.15130956897442793
2021-04-09 00:00:00-04:00,DOCU,bubble,1.4099807016124637,59.7022873981176,0.2575948961690173,-0.5176785433068891,-0.15405924482571792
2021-04-12 00:00:00-04:00,DOCU,bubble,1.3555114443025982,58.31729629606321,0.23210607102970737,-0.522437703819522,-0.156080160821979
2021-04-20 00:00:00-04:00,DOCU,bubble,1.1555008457535827,71.91579741228054,0.22909365724459763,-0.5350225484897533,-0.17896363452782518
2021-04-21 00:00:00-04:00,DOCU,bubble,1.2083962203428702,68.43253265986635,0.2440281450088575,-0.5772246644523709,-0.17870166319826472
2021-05-03 00:00:00-04:00,DOCU,bubble,1.0778594771904162,43.13725874885259,0.2937703423913267,-0.6009762929074511,-0.16243608298454243
2021-05-24 00:00:00-04:00,NIO,bubble,9.975535045562738,43.19091449649406,0.07718028712373304,-0.5541933610448933,-0.06937859866578064
2021-05-25 00:00:00-04:00,NIO,bubble,8.44240846208717,44.511377584018504,0.15026343303297307,-0.5943997716046497,-0.07402268343596459
2021-05-26 00:00:00-04:00,NIO,bubble,8.05515530711743,53.461534135202726,0.1133475313623995,-0.6122881092668355,-0.11546602196663615
2021-07-16 00:00:00-04:00,NIO,bubble,2.3075734640628753,44.698739689318764,-0.287850465290577,-0.5130840999047841,-0.3420560666031894
2021-07-26 00:00:00-04:00,NIO,bubble,2.65228420334467,30.156079292924787,-0.4239054460483198,-0.5589529366896309,-0.42390544604831987
2021-07-27 00:00:00-04:00,NIO,bubble,2.366980498134543,30.91429316306275,-0.3955792544050255,-0.5076219801767554,-0.39557925440502545
2021-07-28 00:00:00-04:00,NIO,bubble,2.409942835504477,40.378716961830584,-0.4584130075341183,-0.5341778274369182,-0.45841300753411823
2021-07-29 00:00:00-04:00,NIO,bubble,2.3559054781081055,42.814816545120706,-0.5046926058330141,-0.5370717964172456,-0.5046926058330141
2021-08-06 00:00:00-04:00,NIO,bubble,2.167630033905051,51.14539920485213,-0.45346717607029274,-0.5399178830727421,-0.5232664337183736
2021-08-10 00:00:00-04:00,NIO,bubble,2.1118931106258847,43.72847898960198,-0.4416553629017509,-0.5465852853103621,-0.5273632057534812
2021-08-11 00:00:00-04:00,NIO,bubble,2.3849116239759747,44.7183109402044,-0.40641347152884244,-0.5264953578163378,-0.5246759372685762
2021-08-12 00:00:00-04:00,NIO,bubble,2.178892388629432,46.062173267578196,-0.40310808446334123,-0.5029432539770935,-0.5078879440120662
2021-08-13 00:00:00-04:00,NIO,bubble,2.07110777198189,44.6285130371937,-0.41262488183084645,-0.4808676609610769,-0.4906166161263426
2021-08-16 00:00:00-04:00,NIO,bubble,1.94809143567001,48.002154522076125,-0.3839978877915954,-0.458570677738969,-0.45882961686787666
2021-08-17 00:00:00-04:00,NIO,bubble,1.7117436268254123,38.70772013472152,-0.3230970617218042,-0.47296586016020126,-0.45144355759682475
2021-08-18 00:00:00-04:00,NIO,bubble,1.717482523918385,38.633618559266544,-0.3409675705581552,-0.48764797903506807,-0.46217191738893304
2021-08-19 00:00:00-04:00,NIO,bubble,1.5810810691651938,25.395889612252148,-0.3188206478446909,-0.47506203481770504,-0.4240837946744767
2021-08-20 00:00:00-04:00,NIO,bubble,1.6792452020595765,22.95577445080818,-0.3713434389063597,-0.4867280145512316,-0.43391114152031607
2021-08-23 00:00:00-04:00,NIO,bubble,1.7032576825997596,30.582514608349925,-0.4296567591801589,-0.5208278283228243,-0.45244955145074434
2021-08-24 00:00:00-04:00,NIO,bubble,1.601202266674218,31.61983533637293,-0.47457627616763387,-0.5154082818510823,-0.4745762761676339
2021-08-25 00:00:00-04:00,NIO,bubble,1.1832959882172043,29.51325354669315,-0.45519900134263624,-0.48446727778213605,-0.4747112019586879
2021-08-30 00:00:00-04:00,NIO,bubble,1.0432432020032727,25.79185858814263,-0.42142853754898435,-0.4753968168268117,-0.4587301720256941
2021-08-31 00:00:00-04:00,NIO,bubble,1.0656857569572868,33.953177507065206,-0.4461969041660937,-0.4935131225678394,-0.47952179166358155
2021-09-02 00:00:00-04:00,NIO,bubble,1.027638153145913,47.40061081810663,-0.5382899661640594,-0.5605947902672745,-0.5382899661640594
2021-09-03 00:00:00-04:00,NIO,bubble,1.158823384215681,58.18521796225985,-0.5511518127655441,-0.5761703972491846,-0.551151812765544
2021-09-07 00:00:00-04:00,NIO,bubble,1.257508408564696,61.98268003144278,-0.5570337650986685,-0.5693520700535928,-0.5570337650986685
2021-09-08 00:00:00-04:00,NIO,bubble,1.2395770905374568,47.01986294881107,-0.4711588778428697,-0.5364446620842289,-0.5285789242273488
2021-09-09 00:00:00-04:00,NIO,bubble,1.1254837168942164,60.99795863269179,-0.5378413496706215,-0.5016905210082666,-0.5378413496706215
2021-09-10 00:00:00-04:00,NIO,bubble,1.1409244663052451,55.486545304628606,-0.5768825727090046,-0.4273301668734216,-0.5768825727090046
2021-09-13 00:00:00-04:00,NIO,bubble,1.1363383893464438,51.24717141730158,-0.6327168375712013,-0.42771555971218556,-0.6327168375712013
2021-09-14 00:00:00-04:00,NIO,bubble,1.022957838530969,43.85965851571364,-0.6059646200666168,-0.4209553737799311,-0.6278701343731916
2021-09-23 00:00:00-04:00,NIO,bubble,1.0050111446088938,27.395819963672935,-0.38961398037353523,-0.5101360674293589,-0.6084420705724324
2021-09-27 00:00:00-04:00,NIO,bubble,1.0070961282904367,33.2161547548334,-0.4231710954467952,-0.5324993113937235,-0.6165352133278902
2021-08-11 00:00:00-04:00,TLRY,bubble,1.0634919726222547,52.58620511458844,-0.5160839374248798,-0.7307692307692308,-0.6349650296297941
2021-08-12 00:00:00-04:00,TLRY,bubble,1.0434782608695654,53.175595814948664,-0.5035460992907801,-0.7141844025740387,-0.629787228631635
2021-08-23 00:00:00-04:00,TLRY,bubble,1.0135541246355788,39.767434680826824,-0.5445025959914236,-0.7322363496319345,-0.6095736577829013
2021-08-24 00:00:00-04:00,TLRY,bubble,1.048961468502204,48.31460674157304,-0.5720492696443366,-0.7277335495123928,-0.6220130452144086
2021-08-25 00:00:00-04:00,TLRY,bubble,1.045317222632888,38.954871338753286,-0.5443131200573749,-0.6957163765130037,-0.6144756047563248
2021-08-26 00:00:00-04:00,TLRY,bubble,1.0416024173306924,36.853940520917725,-0.5426415209500295,-0.7109434019844487,-0.606037730091023
2021-08-27 00:00:00-04:00,TLRY,bubble,1.0838508349151885,35.10391657495536,-0.5454545351180129,-0.7101341102050716,-0.6110283014158951
2021-08-31 00:00:00-04:00,TLRY,bubble,1.0402384055088096,43.383942195345575,-0.5741416958634524,-0.7224251154552035,-0.6186997582891787
2021-09-01 00:00:00-04:00,TLRY,bubble,1.1038759216781733,44.15010740098377,-0.6005895211360095,-0.7361827557688513,-0.6153279149825682
2021-09-02 00:00:00-04:00,TLRY,bubble,1.1606864788915119,56.857854317780024,-0.6216606388023184,-0.7574007330388368,-0.6231046876322062
2021-09-03 00:00:00-04:00,TLRY,bubble,1.242574213174605,55.745716254486695,-0.6232523689299153,-0.7667402340938625,-0.6232523689299153
2021-09-07 00:00:00-04:00,TLRY,bubble,1.2466215926683066,52.05479786112203,-0.6015037593984962,-0.7578947311057184,-0.6150375882485756
2021-09-08 00:00:00-04:00,TLRY,bubble,1.261484159907261,45.14767226177132,-0.5703125,-0.7421875,-0.5999999940395355
2021-09-09 00:00:00-04:00,TLRY,bubble,1.276106302717091,52.13270519185759,-0.5785381167143059,-0.7356143204796433,-0.6018662649072786
2021-09-10 00:00:00-04:00,TLRY,bubble,1.2042628802103055,45.35397770765412,-0.5817888624978367,-0.7187751655520229,-0.5874294811243183
2021-09-13 00:00:00-04:00,TLRY,bubble,1.303201630247921,36.298086269366,-0.6009812099807699,-0.728536386471805,-0.60098120998077
2021-09-14 00:00:00-04:00,TLRY,bubble,1.2109228794628906,25.415670631958534,-0.5741056273412541,-0.7120954105813202,-0.5843270987836965
2021-09-15 00:00:00-04:00,TLRY,bubble,1.2741020714887226,32.15130590742565,-0.5569409984625787,-0.7182044832426664,-0.5943474813041787
2021-09-16 00:00:00-04:00,TLRY,bubble,1.1294325394479592,34.34343181353604,-0.5495420552750594,-0.7343880097933222,-0.593671941240067
2021-09-17 00:00:00-04:00,TLRY,bubble,1.2412522773145853,34.17721518987341,-0.5472473306835448,-0.7354149419031308,-0.5990139649895414
2021-09-20 00:00:00-04:00,TLRY,bubble,1.1029962517385803,29.347826086956516,-0.5262689286088428,-0.7257346536057958,-0.5654497069375041
2021-09-21 00:00:00-04:00,TLRY,bubble,1.2439999389648437,19.506188095963807,-0.49376113385045484,-0.7344028516256799,-0.5650623835616326
2021-09-22 00:00:00-04:00,TLRY,bubble,1.1657355940304037,27.649789189751715,-0.5081685360104132,-0.7592433425170336,-0.5803955463754997
2021-09-23 00:00:00-04:00,TLRY,bubble,1.557446743579621,29.43820586876828,-0.4201331221476251,-0.7737104704366032,-0.5940099794006343
2021-09-24 00:00:00-04:00,TLRY,bubble,1.456842041015625,28.85463317576003,-0.26649528095458563,-0.7686375260834427,-0.5818337573847245
2021-09-27 00:00:00-04:00,TLRY,bubble,1.5511480804905875,38.750000397364175,-0.3461538173383052,-0.7708674247196634,-0.6006546607547807
2021-09-28 00:00:00-04:00,TLRY,bubble,1.412863095661605,38.03681517615785,-0.2846088154338645,-0.7411865899257619,-0.5803955463754997
2021-09-29 00:00:00-04:00,TLRY,bubble,1.300207044079499,33.64485501514257,-0.267326708876241,-0.7425742504566134,-0.560756076442002
2021-09-30 00:00:00-04:00,TLRY,bubble,1.3278350830078125,38.97638161868708,-0.3117803729131765,-0.7564216153380967,-0.567759091430352
2021-10-01 00:00:00-04:00,TLRY,bubble,1.266260127458958,39.285713204451085,-0.32914795469275504,-0.7426008900184802,-0.5623318454075287
2021-10-04 00:00:00-04:00,TLRY,bubble,1.2282157640225142,39.9193560791808,-0.30633148099119334,-0.7206703950300107,-0.54562384968587
2021-10-05 00:00:00-04:00,TLRY,bubble,1.0555555555555554,40.75546472413901,-0.36666663917335307,-0.73153153840486,-0.5603603672336888
2021-10-06 00:00:00-04:00,TLRY,bubble,1.2020408474669164,38.53383679691612,-0.32808156649922304,-0.6385542219788924,-0.5477293925213126
2021-10-07 00:00:00-04:00,TLRY,bubble,1.119230710543119,39.33209526694391,-0.41197817743867515,-0.7123411829328086,-0.557168778688982
1994-01-05 00:00:00-05:00,QCOM,bubble,1.258063288773129,42.241371823786416,-0.400000203877217,-0.07619077486774362,-0.41904761276568797
1994-01-06 00:00:00-05:00,QCOM,bubble,1.1094541177107398,44.91525098156728,-0.4245282357642718,-0.09433983894060227,-0.42452823576427184
1994-01-07 00:00:00-05:00,QCOM,bubble,1.029556694249019,34.74581046245733,-0.40776703836297623,-0.09708770446017234,-0.40776703836297623
2000-05-18 00:00:00-04:00,QCOM,bubble,2.7921749538634324,39.999989290174156,-0.13152788152124295,-0.32554462195782474,-0.45325559804961296
2000-05-19 00:00:00-04:00,QCOM,bubble,2.5563863372038593,33.919918370971544,-0.012614134517211162,-0.20392464137289468,-0.40574616747133374
2000-05-22 00:00:00-04:00,QCOM,bubble,2.81401447325168,29.218113420077273,0.004240511022731264,-0.20949808178466622,-0.40070628761705746
2000-05-23 00:00:00-04:00,QCOM,bubble,2.467574448623682,26.467884735607555,0.06614232826916666,-0.14192119003961867,-0.332283166940613
2000-05-24 00:00:00-04:00,QCOM,bubble,2.106896165329179,27.1251641235052,0.14006542178904402,-0.08794807979956232,-0.30944612130215166
2000-05-25 00:00:00-04:00,QCOM,bubble,1.863815597527454,20.94481506593864,0.1440209977351341,-0.02144978012228327,-0.2318840851336817
2000-05-26 00:00:00-04:00,QCOM,bubble,1.7172239676520475,22.1489893328841,0.27909171686106826,0.0017787722612201406,-0.19772915232674076
2000-05-30 00:00:00-04:00,QCOM,bubble,2.25216321658598,30.820823156036354,0.17103078598333288,-0.19057307009583357,-0.306055723020891
2000-05-31 00:00:00-04:00,QCOM,bubble,1.6852081154619678,29.894436258468247,0.257531959142991,-0.08489640967081202,-0.2015064243010377
2000-06-01 00:00:00-04:00,QCOM,bubble,1.70422609655486,30.459323945325934,0.19746333593850474,-0.10739187713087006,-0.2318840851336817
2000-06-02 00:00:00-04:00,QCOM,bubble,1.6446853420504892,34.16733862409774,0.1040406634239377,-0.14785910166982774,-0.2708511159422856
2000-06-05 00:00:00-04:00,QCOM,bubble,1.4552176273731945,26.561269828016208,0.23420129496471387,-0.05546418774607498,-0.21189525854790625
2000-06-06 00:00:00-04:00,QCOM,bubble,1.626935205580288,23.914846345972393,0.3067156733318557,-0.09284875292921013,-0.230489374910198
2000-06-07 00:00:00-04:00,QCOM,bubble,1.7283123918102543,31.41579721918309,0.3338904642796363,-0.12970745554495766,-0.2903766162321754
2000-06-08 00:00:00-04:00,QCOM,bubble,1.7968400788111993,36.666710738723744,0.28329237166658783,-0.20916868028945268,-0.3155768716154934
2000-06-09 00:00:00-04:00,QCOM,bubble,1.9080449811608289,42.44404237728615,0.3209488978663009,-0.24388950170898138,-0.32964405425433624
2000-06-12 00:00:00-04:00,QCOM,bubble,2.1800485689108506,45.09984531064878,0.26396346328627773,-0.29034443068717275,-0.3511856550186869
2000-06-13 00:00:00-04:00,QCOM,bubble,1.863111308425177,51.66321946471102,0.22273413932718555,-0.33370212957885637,-0.3486942266940575
2000-06-14 00:00:00-04:00,QCOM,bubble,1.3810021674663333,45.42961808003557,0.2739354407483019,-0.26950391903993387,-0.2482267099875509
2000-06-15 00:00:00-04:00,QCOM,bubble,1.0489833372817476,44.57398523792851,0.48626649849963743,-0.1967446990148637,-0.1373344135956688
2000-06-16 00:00:00-04:00,QCOM,bubble,1.0269746266394133,49.78010880993756,0.33935379031785984,-0.23893526898085815,-0.19391582274776092
2000-06-22 00:00:00-04:00,QCOM,bubble,1.1369859738411678,45.778814869020366,0.13003659169732829,-0.20835170256870938,-0.22344286781314757
2000-06-23 00:00:00-04:00,QCOM,bubble,1.0946745539131295,49.10718381440211,0.14218419462458654,-0.18116754377818323,-0.2015064243010377
2019-01-18 00:00:00-05:00,RUN,bubble,1.0540540018074704,69.21181861018158,0.6356907598055133,0.4284540343090615,-0.031250009803395644
2021-03-04 00:00:00-05:00,RUN,bubble,1.5682692369413096,24.912839245935118,-0.12017967781731331,-0.5149756507765215,-0.26151250252432706
2021-03-05 00:00:00-05:00,RUN,bubble,1.4633804272353634,22.540916867000334,-0.09681726153744141,-0.511911568238222,-0.24814179826293506
2021-03-08 00:00:00-05:00,RUN,bubble,1.3516320896042608,23.168750812839434,-0.0422712587546501,-0.4128285904464736,-0.17034697379780275
2021-03-09 00:00:00-05:00,RUN,bubble,2.1971409992915887,32.4315124775854,-0.15238450556392924,-0.4314455982813965,-0.26508940874324627
2021-03-18 00:00:00-04:00,RUN,bubble,4.783146452449261,39.429113626883804,-0.14979605044323718,-0.39265592602496546,-0.2335341008876601
2021-03-19 00:00:00-04:00,RUN,bubble,5.1009883562747325,38.894221051799036,-0.19197556013178896,-0.4445843860698626,-0.29021231624182464
2021-03-24 00:00:00-04:00,RUN,bubble,3.9507169135680513,52.163634572690704,-0.19131221167102663,-0.42823529135587524,-0.2859728368698741
2021-03-25 00:00:00-04:00,RUN,bubble,3.358552686271576,50.60793625123131,-0.15924525710771664,-0.3909434192585495,-0.25566036296340655
2021-03-29 00:00:00-04:00,RUN,bubble,4.079256212436827,47.88328064743843,-0.13253710437947974,-0.3823925743107218,-0.24003080564628107
2021-04-05 00:00:00-04:00,RUN,bubble,4.62857130345381,42.19380889442392,-0.19234954024114892,-0.4497824426137371,-0.28480781595233645
2021-04-06 00:00:00-04:00,RUN,bubble,5.352542236994415,49.31744939608196,-0.2709000215501214,-0.40643902157020595,-0.29829242429094943
2021-04-07 00:00:00-04:00,RUN,bubble,4.431863884867997,46.67142279405797,-0.24349752787065293,-0.4257517121101898,-0.2722744617378328
2021-04-08 00:00:00-04:00,RUN,bubble,4.072847727530277,52.896789887918224,-0.23722487242427004,-0.46288698599852407,-0.26426703564365833
2021-04-09 00:00:00-04:00,RUN,bubble,3.4986920028631845,44.317528738762334,-0.1470930305626753,-0.4529069694373248,-0.23546507888513252
2021-04-12 00:00:00-04:00,RUN,bubble,3.3316285896123805,40.34107720942294,-0.14938004226423185,-0.47274158253398746,-0.22357804178929042
2021-04-13 00:00:00-04:00,RUN,bubble,3.6171169584423115,42.62492271850796,-0.12078046100895579,-0.4800000074433117,-0.2302438875524009
2021-04-14 00:00:00-04:00,RUN,bubble,3.117695982845402,41.782236950223215,-0.01590178966736111,-0.4842995031832912,-0.20591786391697228
2021-04-15 00:00:00-04:00,RUN,bubble,3.118673700333728,41.50058701842381,0.052118623828586896,-0.44703389916122727,-0.16419491260019542
2021-04-16 00:00:00-04:00,RUN,bubble,3.694869618295921,42.95512917095579,-0.05272239279226987,-0.5233895574563545,-0.24367329604398485
2021-04-19 00:00:00-04:00,RUN,bubble,3.089300874769224,44.95961817877456,0.002060125097548271,-0.49896993745122586,-0.18726823199708909
2021-04-20 00:00:00-04:00,RUN,bubble,2.9052630002021633,32.52795025843784,0.008086240791002064,-0.49201741172432145,-0.18204434714140916
2021-04-21 00:00:00-04:00,RUN,bubble,3.3480433160295577,35.836765492530915,-0.011489894193653982,-0.568173138454076,-0.2445423239994273
2021-04-22 00:00:00-04:00,RUN,bubble,3.200949132265796,39.49110686192139,-0.02598864958707159,-0.6039547779479744,-0.25706211117565525
2021-04-23 00:00:00-04:00,RUN,bubble,3.247902371099201,50.97033838644577,-0.04902136127773249,-0.6351229988165465,-0.29161426224170905
2021-04-26 00:00:00-04:00,RUN,bubble,3.393353965814976,51.149210770891834,-0.09076517125609096,-0.6385224311586359,-0.3060685695374708
2021-04-27 00:00:00-04:00,RUN,bubble,3.150147833621646,53.6342810344108,-0.03350563264418138,-0.6449830714737336,-0.2969167646798877
2021-04-28 00:00:00-04:00,RUN,bubble,2.907962135854359,49.78693365581261,-0.01719622745692173,-0.6214953271028038,-0.262616808169356
2021-04-29 00:00:00-04:00,RUN,bubble,2.50405405013556,50.46796655698608,0.0451214833214022,-0.6058619303221204,-0.23929810453829806
2021-04-30 00:00:00-04:00,RUN,bubble,2.4925161035354537,46.968171361599246,0.14326531546456467,-0.5922449073012994,-0.19489794361348056
2021-05-03 00:00:00-04:00,RUN,bubble,2.6689814118132724,44.0051828465185,0.21303893229550042,-0.542376433690412,-0.17034697379780275
2021-05-04 00:00:00-04:00,RUN,bubble,2.2327747418455166,40.61004821531688,0.34078333135566785,-0.47142857770687485,-0.09101383926413262
2021-05-05 00:00:00-04:00,RUN,bubble,2.157735860572671,41.75891580005072,0.37954113313101945,-0.41826003671554934,-0.05712235614082834
2021-05-06 00:00:00-04:00,RUN,bubble,2.369142027959916,41.63328071519291,0.247806589867142,-0.4652257646925234,-0.15578854805502274
2021-05-07 00:00:00-04:00,RUN,bubble,2.3048514122286456,45.153740468993604,0.2653374402344584,-0.4870727396915411,-0.13562661501947634
2021-05-10 00:00:00-04:00,RUN,bubble,1.7623559900172192,39.21625404446531,0.377205874446904,-0.4830882218882284,-0.0330881985138575
2021-05-11 00:00:00-04:00,RUN,bubble,1.9491756448616506,35.766864855434065,0.3546809508457496,-0.5235211984439517,-0.081276152198075
2021-05-12 00:00:00-04:00,RUN,bubble,1.8367931503657653,30.773623548021803,0.4128185760639351,-0.5420136480103943,-0.004542021204248781
2021-05-13 00:00:00-04:00,RUN,bubble,1.913589429400596,25.10729568562587,0.36780730141745255,-0.54524714354604,0.0
2021-05-14 00:00:00-04:00,RUN,bubble,1.9659862310327054,26.921920900757144,0.4031869024914707,-0.4913085314759509,-0.03428291240268469
2021-05-17 00:00:00-04:00,RUN,bubble,1.8429282777251497,26.385218520353433,0.4664999961853027,-0.4844999790191651,0.0
2021-05-18 00:00:00-04:00,RUN,bubble,1.6492734280578412,28.819989935279253,0.445026133196178,-0.4525056407302763,0.0
2021-05-19 00:00:00-04:00,RUN,bubble,1.7008380897147424,34.299206903222014,0.3363571343491045,-0.4655049005519609,-0.02363327472413792
2021-05-20 00:00:00-04:00,RUN,bubble,1.8089251448973567,43.19974345581817,0.23383309653301287,-0.4772879541690016,-0.08480638212785681
2021-05-21 00:00:00-04:00,RUN,bubble,1.8606099622708157,47.49365739871716,0.13965625404538806,-0.4981509879874796,-0.11028930955392025
2021-05-24 00:00:00-04:00,RUN,bubble,1.8278688174648678,52.54474737972188,0.22318846102093715,-0.48026755275382027,-0.08807128389360762
2021-05-25 00:00:00-04:00,RUN,bubble,1.6919779111974447,53.81020712767102,0.21041856671164583,-0.4938580422341492,-0.06960868112653323
2021-05-26 00:00:00-04:00,RUN,bubble,1.6854598798562823,46.94467444106883,0.11933705029566655,-0.48928175446736877,-0.09613256296400208
2021-05-27 00:00:00-04:00,RUN,bubble,1.7583687676833155,49.31034539457458,0.089364502743434,-0.47285967452517874,-0.0975286451612686
2021-05-28 00:00:00-04:00,RUN,bubble,1.6778442621359333,60.33756055280128,0.06015202489448157,-0.4087656571481215,-0.08542038440409858
2021-06-01 00:00:00-04:00,RUN,bubble,1.4917939212896485,53.11250787285183,0.08698618980783568,-0.40676807714300567,-0.07108783420838315
2021-06-02 00:00:00-04:00,RUN,bubble,1.3957635597971323,60.983601554495394,0.07119593778226929,-0.41368075776325963,-0.04839455650327342
2021-06-03 00:00:00-04:00,RUN,bubble,1.2204300209695544,55.52238350483909,0.03486688784521963,-0.34673123388278826,-0.009685174783797641
2021-06-04 00:00:00-04:00,RUN,bubble,1.3139186068562743,52.81824869451145,0.0,-0.3670527105312058,-0.033325450287085036
2021-06-07 00:00:00-04:00,RUN,bubble,1.3279827222181004,61.27166836984572,-0.08182021824698393,-0.34796594038954454,-0.0818202182469839
2021-06-08 00:00:00-04:00,RUN,bubble,1.2785133090984804,63.89220993346896,-0.09832405644422137,-0.3626815540164543,-0.1072625527834759
2021-06-09 00:00:00-04:00,RUN,bubble,1.2395241120739509,54.273507657338754,0.012242983785818673,-0.3617463946309084,-0.07715407904715227
2021-06-10 00:00:00-04:00,RUN,bubble,1.4189043440119242,51.14155955616151,-0.007992908593113635,-0.40430729621818173,-0.1130106582842705
2021-06-11 00:00:00-04:00,RUN,bubble,1.6192832325340656,46.42603755410227,-0.06272241441833415,-0.42526688881735386,-0.11143234927830441
2021-06-14 00:00:00-04:00,RUN,bubble,1.5738985354371113,54.57747405872375,-0.08342366547180824,-0.5163597192449032,-0.13434454080056235
2021-06-15 00:00:00-04:00,RUN,bubble,1.2733016687342165,47.57519797074136,-0.024554032975527607,-0.5001158017368228,-0.07458877791480173
2021-06-16 00:00:00-04:00,RUN,bubble,1.3746267978302535,56.339464214704165,-0.25623297002997014,-0.5112088802125105,-0.2562329700299701
2021-06-17 00:00:00-04:00,RUN,bubble,1.7039915693019125,64.29765343584955,-0.30962426328841675,-0.5949003216529926,-0.31940183849978837
2021-06-18 00:00:00-04:00,RUN,bubble,1.6621212684601012,66.73647756728855,-0.3703282260825136,-0.5479036171957379,-0.37032822608251353
2021-06-21 00:00:00-04:00,RUN,bubble,1.5207338714239014,61.88811468631457,-0.317447686924344,-0.5326021969917214,-0.3381854911892286
2021-06-22 00:00:00-04:00,RUN,bubble,1.6214321619487087,67.42282970492633,-0.39942690639045975,-0.5522444848657437,-0.39942690639045975
2021-06-23 00:00:00-04:00,RUN,bubble,1.8292806039357665,75.33959903828715,-0.3767233245418845,-0.5459265657437308,-0.4370635381731336
2021-06-24 00:00:00-04:00,RUN,bubble,1.6795132856218888,67.14425121005777,-0.34102953076696996,-0.5227100825032962,-0.4049962065997872
2021-06-25 00:00:00-04:00,RUN,bubble,1.7354126440525595,67.50402846734447,-0.3628171966661595,-0.5294225882685364,-0.4218462685450017
2021-06-28 00:00:00-04:00,RUN,bubble,2.0958019749168257,69.3778454659806,-0.40629344134037526,-0.5879693919623294,-0.4534075054963938
2021-06-29 00:00:00-04:00,RUN,bubble,1.9154712352876686,71.2149500946128,-0.4153927157447256,-0.6099103703661499,-0.44754875033640856
2021-06-30 00:00:00-04:00,RUN,bubble,1.8286004422688977,67.05844459734469,-0.4126927386435817,-0.5812118838012276,-0.43635709533706935
2021-07-01 00:00:00-04:00,RUN,bubble,1.8331652546454609,67.67200652345554,-0.3949475382409664,-0.5666251377491888,-0.4406689015096863
2021-07-02 00:00:00-04:00,RUN,bubble,1.8409999847412108,67.0719970703125,-0.3963393273269419,-0.5615980291939147,-0.44667369407040824
2021-07-06 00:00:00-04:00,RUN,bubble,1.650890313511268,73.49229155525975,-0.3729891919382775,-0.5660244057009123,-0.4442283771669497
2021-07-07 00:00:00-04:00,RUN,bubble,1.0515857267934816,61.102831404002075,-0.35611844702810636,-0.5090333156157254,-0.4144160674569795
2024-08-07 00:00:00-04:00,COIN,bubble,1.0813169563472775,31.934554720134514,0.5342350042805801,0.7864847609126651,-0.17640152541832246
2024-08-28 00:00:00-04:00,COIN,bubble,1.5803825710304298,48.753814026720654,0.08175606362385657,0.596004218870726,-0.22528912477525978
2024-08-29 00:00:00-04:00,COIN,bubble,1.2229044340385222,45.17528130245154,0.12890378388471535,0.6056405328160408,-0.21738895762241678
2024-08-30 00:00:00-04:00,COIN,bubble,1.18728374812496,44.97480963108416,0.21318715209299466,0.6732110971407164,-0.19638958544376772
2024-09-03 00:00:00-04:00,COIN,bubble,1.1247488457904766,34.24132697586437,0.2663039791037687,0.768284743629255,-0.12877666972449917
2024-09-04 00:00:00-04:00,COIN,bubble,1.0928324873890967,32.829865748557054,0.33225092097757214,0.8514888490804622,-0.09723070088529395
2024-09-05 00:00:00-04:00,COIN,bubble,1.0606451219128026,30.849539745242254,0.12229179181278527,0.9961177512270809,-0.07733244258438603
2024-09-12 00:00:00-04:00,COIN,bubble,1.0030742744827617,31.33011645125933,0.16004670281726008,1.013076339190826,-0.008533362360223394
2024-09-13 00:00:00-04:00,COIN,bubble,1.0416979940596574,20.650731604843912,0.11094753756090525,0.9660226406548225,-0.009506304953982657
2024-09-19 00:00:00-04:00,COIN,bubble,1.1533343326183725,35.16435725254236,0.20684728160201327,0.9024607517456593,-0.030551588337039647
2024-09-20 00:00:00-04:00,COIN,bubble,1.2184687674452621,39.708390817084634,0.20071726806218493,0.8917631603357956,-0.04109583388131247
2024-09-23 00:00:00-04:00,COIN,bubble,1.2872884360232915,51.08198906408567,0.13940779906805023,0.8017271780168738,-0.0418281933152843
2024-09-24 00:00:00-04:00,COIN,bubble,1.4193911343122885,59.21166047609269,0.09843901372473396,0.8207712585835136,-0.04997662475713745
2024-09-25 00:00:00-04:00,COIN,bubble,1.3286411405025045,57.85106902426862,0.040998268911039526,0.9989824429861673,-0.02382089827580617
2024-09-26 00:00:00-04:00,COIN,bubble,1.5514747765302417,84.29472270764802,-0.04279440483342278,0.8756738952493799,-0.09353630443698094
2024-09-27 00:00:00-04:00,COIN,bubble,1.6737976049119139,85.40116277333684,-0.08738164424207906,0.810228631291458,-0.14710029939080543
2024-09-30 00:00:00-04:00,COIN,bubble,1.370542702072361,66.2222151893647,0.02682830346534759,1.0882865305493943,-0.08458209698773156
2024-10-01 00:00:00-04:00,COIN,bubble,1.1977888982760292,55.41322424348659,0.03484637410712588,1.3030119487576166,-0.011574986163890737
2024-10-02 00:00:00-04:00,COIN,bubble,1.183906606725619,51.17210855477262,-0.023834122574639238,1.3473582079333086,-0.023834122574639294
2024-10-03 00:00:00-04:00,COIN,bubble,1.2502759181772736,50.03644007692337,-0.035683673246001746,1.3039851913972242,-0.035683673246001794
2024-10-04 00:00:00-04:00,COIN,bubble,1.3262556257307998,56.28423140870462,-0.11374408767692334,1.2659293237118416,-0.11374408767692329
2024-10-07 00:00:00-04:00,COIN,bubble,1.2637361558752112,54.26162792100081,0.04836608014152399,1.2910253622720385,-0.10330332191212538
2024-10-08 00:00:00-04:00,COIN,bubble,1.137267453455685,53.28135494140087,0.011509288852539878,1.1289880408366648,-0.09672610760662771
2024-10-09 00:00:00-04:00,COIN,bubble,1.1108723696793774,49.118908734523394,0.05108701393624493,1.138048677154293,-0.09283104681488202
2024-10-10 00:00:00-04:00,COIN,bubble,1.0631750641268698,46.009328958252375,0.0749375859160275,1.079198751504677,-0.07792051329424401
2024-10-11 00:00:00-04:00,COIN,bubble,1.2802845295701428,53.627801130265176,-0.004592343441264357,0.9066786397721649,-0.1412291811572387
2024-10-14 00:00:00-04:00,COIN,bubble,1.6113844890020643,61.92825637487318,-0.12294371601354492,0.6819454531918494,-0.22857144633421494
2024-10-15 00:00:00-04:00,COIN,bubble,1.6738389693844442,64.80469381512529,-0.10853620228208816,0.711418943063437,-0.2285321175211221
2024-10-23 00:00:00-04:00,COIN,bubble,1.5764796662947655,67.18464080747879,0.03187056668228361,0.8168702859444863,-0.23857634948204642
2024-10-31 00:00:00-04:00,COIN,bubble,1.3242997097525957,50.9757237312811,0.09841003843597451,0.7144770283080544,-0.15497907268784866
2024-11-01 00:00:00-04:00,COIN,bubble,1.3503407096896156,44.848162701811475,0.07480310755977526,0.7459535174311303,-0.171751983942895
2024-11-04 00:00:00-05:00,COIN,bubble,1.2017731398593394,46.24562395174807,0.1086057618700016,0.5849036047096385,-0.1868255878754109
2024-11-05 00:00:00-05:00,COIN,bubble,1.2606060584504077,43.5296958164452,0.027634566017822104,0.5938338005137609,-0.21906580749837765
2021-03-25 00:00:00-04:00,SHOP,bubble,1.3772503275933214,42.67387968781341,0.3908146021472798,-0.3359580995558096,-0.020505255520905524
2021-03-26 00:00:00-04:00,SHOP,bubble,1.3808363924548441,49.13662024592816,0.35560113826743467,-0.3620694458878545,-0.02375124454578994
2021-03-29 00:00:00-04:00,SHOP,bubble,1.4664627010232514,38.207263368579,0.3883990002280213,-0.3253261775155778,0.0
2021-03-30 00:00:00-04:00,SHOP,bubble,1.4366374042259489,44.41373473724292,0.30574631629322635,-0.2905556956442724,-0.0008677174338961117
2023-10-16 00:00:00-04:00,SHOP,bubble,1.0304877760685458,55.439455279575775,0.3027403388207315,0.5362237302814228,-0.12912908053765468
2021-03-12 00:00:00-05:00,OKTA,bubble,1.1398943823693095,32.53880926909818,0.11885460672924708,-0.3213215966581773,-0.07911897230778497
2021-03-16 00:00:00-04:00,OKTA,bubble,1.3626144429009548,34.08754151737091,0.11581494839706075,-0.34392073711109583,-0.07911897230778497
2021-03-17 00:00:00-04:00,OKTA,bubble,1.0611309516234435,37.2698542748178,0.1275734915704163,-0.30726135573415037,-0.07047892812722908
2021-03-18 00:00:00-04:00,OKTA,bubble,1.0482069203080342,30.439646012538475,0.22359360406784257,-0.22923842187151566,0.0
2017-06-12 00:00:00-04:00,CGC,bubble,1.9159419509982802,50.308166081555456,1.5049701030372726,3.9039098245011763,-0.061795883109991956
2017-06-13 00:00:00-04:00,CGC,bubble,1.9124812489898924,47.80380562081328,1.6462353816071542,4.248420616325341,-0.03312273581726551
2017-06-14 00:00:00-04:00,CGC,bubble,1.827941162033477,47.21619538749927,1.6954412151434428,4.111804488065168,-0.018374026414051576
2017-06-15 00:00:00-04:00,CGC,bubble,1.7814341537555283,49.50720562735789,1.6399434430555568,4.274589556298107,0.0
2017-06-16 00:00:00-04:00,CGC,bubble,1.93765604823604,49.23780928811851,1.6061119868147484,4.234295073108121,0.0
2017-06-19 00:00:00-04:00,CGC,bubble,1.9355154942963564,56.59847748747179,1.50590782906779,4.333666153871644,-0.006823096128656807
2017-06-20 00:00:00-04:00,CGC,bubble,1.8486872616610923,59.94052702455245,1.6858242705510103,4.71380694129163,0.0
2017-06-21 00:00:00-04:00,CGC,bubble,1.8731341856204242,61.30488010470147,1.7597403281011292,4.837662581348731,-0.014772725161582777
2017-06-22 00:00:00-04:00,CGC,bubble,1.9321267843095118,66.98671335960985,1.5401234313529955,4.057098715648006,-0.06342599122666766
2017-06-23 00:00:00-04:00,CGC,bubble,1.8348214768481506,66.49559729783019,1.7072441521592028,3.899212694543553,-0.04425199013056717
2017-06-26 00:00:00-04:00,CGC,bubble,1.9442394996945604,77.304959121318,1.8392549010710288,3.8442636243027684,-0.05008609787931728
2017-06-27 00:00:00-04:00,CGC,bubble,2.031468393557087,65.38461185771428,2.2212885882973583,3.549349354936501,0.0
2017-06-28 00:00:00-04:00,CGC,bubble,2.0241544041968305,65.97084634133918,2.5129394412528683,3.894568711901015,-0.030351401876904226
2017-06-29 00:00:00-04:00,CGC,bubble,1.9508669386384083,56.457238952110245,2.9503755571429027,3.78126023378503,-0.009141325072431613
2017-06-30 00:00:00-04:00,CGC,bubble,1.9070208254784138,52.20306023420189,2.8603133529845026,4.027741714113833,-0.009464719776616105
2017-07-03 00:00:00-04:00,CGC,bubble,1.9601518857552453,59.47550855692373,3.1474356003923756,3.7387821310292235,-0.02724360130399065
2017-07-05 00:00:00-04:00,CGC,bubble,1.865277698918136,60.58467519038389,3.629180850305829,3.8877040391536237,-0.019227639981331465
2017-07-06 00:00:00-04:00,CGC,bubble,1.8266913909017348,61.108278587185765,3.2442621950243344,3.924590063876793,-0.004918020279681096
2017-07-07 00:00:00-04:00,CGC,bubble,1.849906153436001,55.27209652302668,3.5078999582430015,3.87327212447566,-0.00098745161703678
2017-07-10 00:00:00-04:00,CGC,bubble,1.8457945145543628,52.441231527535344,4.272577964830872,3.771756959316787,-0.0032840846950465937
2017-07-11 00:00:00-04:00,CGC,bubble,1.8699764471748739,53.11355140741928,4.579901284182939,3.874793907369222,0.0
2017-07-12 00:00:00-04:00,CGC,bubble,1.9443142582114392,53.95682992549455,4.31309595552349,3.7027972426504023,-0.017164622501379283
2017-07-13 00:00:00-04:00,CGC,bubble,1.9101176542394303,39.835161164309866,3.859314347647598,3.6620308389650598,0.0
2017-07-14 00:00:00-04:00,CGC,bubble,1.935636594556609,44.53531330707764,3.1766885647390364,3.4510722478954285,0.0
2017-07-17 00:00:00-04:00,CGC,bubble,2.0375586509725596,52.574689719429436,3.5222567254825803,3.089644800372814,-0.0001544746106237496
2017-07-18 00:00:00-04:00,CGC,bubble,2.034240308038598,65.94898221480645,3.674911145685223,3.1134641530511447,0.0
2017-07-19 00:00:00-04:00,CGC,bubble,2.1281326172764667,64.7107670947325,3.4966744790309283,2.8422004667122707,-0.00846440684689688
2017-07-20 00:00:00-04:00,CGC,bubble,2.129771056274431,69.169606038273,3.5657014745782405,2.705792862166262,0.0
2017-07-21 00:00:00-04:00,CGC,bubble,2.143540581215682,69.38595428654797,3.573820608191671,2.9041097703865675,0.0
2017-07-24 00:00:00-04:00,CGC,bubble,2.1963705524894097,73.70007117699615,3.293201097904155,2.668656151453195,-0.011646571892907251
2017-07-25 00:00:00-04:00,CGC,bubble,1.841656526536037,78.80512048585035,3.0477210521479323,2.6690955226604145,-0.030004265441021857
2017-08-03 00:00:00-04:00,CGC,bubble,1.5600000554865057,71.5833066101118,1.7556817584540245,2.7059657420686,-0.03565343866232441
2017-08-04 00:00:00-04:00,CGC,bubble,1.3652289833703364,66.25295684161068,1.7559830431808532,2.7578347473072693,-0.03290594955861451
2017-08-07 00:00:00-04:00,CGC,bubble,1.2459382405483246,66.87970741438545,2.2624113475177303,2.7177305830285903,-0.03702128525321365
2017-08-09 00:00:00-04:00,CGC,bubble,1.3156869415941248,67.21016921509792,2.007012408412493,3.008414804491691,-0.0478261362714669
2017-08-10 00:00:00-04:00,CGC,bubble,1.216216131973661,63.97911917655634,2.1693138207483837,3.00595594792581,-0.037294347399498246
2017-08-11 00:00:00-04:00,CGC,bubble,1.2286080374161883,53.7074203448673,2.0647562867629135,2.8295125516650987,-0.027363948117496168
2017-08-14 00:00:00-04:00,CGC,bubble,1.3213697086542315,51.77453924947292,2.007801461727061,2.492198538272939,-0.03702128525321365
2017-08-15 00:00:00-04:00,CGC,bubble,1.331000010172526,34.78258850441112,2.1102530966799096,3.5917346589765398,-0.02917204213677596
2017-08-16 00:00:00-04:00,CGC,bubble,1.3027433116816254,46.07645983356539,2.189618310632883,3.38519362982906,-0.03715788777768003
2017-08-17 00:00:00-04:00,CGC,bubble,1.2501618005716986,29.63373803302065,2.041852491200904,3.8540199327673994,-0.02358693252468114
2017-08-18 00:00:00-04:00,CGC,bubble,1.2524271628917107,32.73595534294924,2.3649425586600152,4.39367819147391,-0.024568952901751484
2017-08-21 00:00:00-04:00,CGC,bubble,1.2532360199349273,29.399119672623655,2.32803070367764,4.695979020232449,0.0
2017-08-22 00:00:00-04:00,CGC,bubble,1.365187879053002,38.857691079537865,2.223664993631162,4.783549352712508,0.0
2017-08-23 00:00:00-04:00,CGC,bubble,1.420446776710047,54.74137335696692,2.0825173971536275,4.806993177720717,-0.016923064118498688
2017-08-24 00:00:00-04:00,CGC,bubble,1.4220622012580137,52.04918084045931,2.04809065490855,5.364922481247552,-0.005799095479664479
2017-08-25 00:00:00-04:00,CGC,bubble,1.386868605003778,51.61290119016066,1.910988889647033,5.534067092609808,-0.008463795729820634
2017-08-28 00:00:00-04:00,CGC,bubble,1.4054601470529149,49.04184003929004,1.9872493869064973,5.05296319707216,-0.015132433648482796
2017-08-29 00:00:00-04:00,CGC,bubble,1.42812932584605,47.11296344534167,2.306897011494551,5.571307123483819,-0.004531931625239303
2017-08-30 00:00:00-04:00,CGC,bubble,1.426303161254315,48.999148748554134,2.204154193871281,5.328069170571182,0.0
2017-08-31 00:00:00-04:00,CGC,bubble,1.5281691554992185,58.143313166406344,2.470334088834626,5.367687921648884,0.0
2017-09-01 00:00:00-04:00,CGC,bubble,1.4862068439352103,56.73399321960753,2.5506242082915755,6.267683926346819,0.0
2017-09-05 00:00:00-04:00,CGC,bubble,1.457627118644068,60.973512155871404,2.358758544921875,6.172413793103448,0.0
2018-11-20 00:00:00-05:00,CGC,bubble,1.215028588027626,40.626240570454975,0.38121891721623147,-0.3690920707533334,-0.18470147005334597
2018-11-26 00:00:00-05:00,CGC,bubble,1.1005326658476497,33.44961162828686,0.33692547636440184,-0.42599047193814377,-0.1689381546528328
2018-11-27 00:00:00-05:00,CGC,bubble,1.053108889450662,26.780382074922287,0.27003156499531733,-0.40662458642424093,-0.17287062395258282
2018-12-04 00:00:00-05:00,CGC,bubble,1.187065322153034,30.352151429993626,0.34149441620503773,-0.40858505564387915,-0.16629566865808823
2018-12-06 00:00:00-05:00,CGC,bubble,1.051386115058496,36.63967240343666,0.4423204182819407,-0.38529992171446426,-0.13579427329688726
2018-12-07 00:00:00-05:00,CGC,bubble,1.1837402786100717,36.7676808777883,0.3678343949044587,-0.32197454173094153,-0.16496811399034633
2018-12-10 00:00:00-05:00,CGC,bubble,1.1783709656092167,36.13501250695533,0.3810444134043587,-0.35235336560076835,-0.154738872053829
2018-12-12 00:00:00-05:00,CGC,bubble,1.0665847889598004,49.575988859990424,0.2856696955578486,-0.34030592848996577,-0.18139237527380547
2018-12-14 00:00:00-05:00,CGC,bubble,1.0682275064015467,41.12903540059136,0.35963770148559004,-0.3415265263081845,-0.15200516864316999
1995-11-24 00:00:00-05:00,REGN,bubble,1.111110838812833,21.686751442419578,0.9868424134065941,0.9473686441909819,0.0
1996-02-29 00:00:00-05:00,REGN,bubble,1.0869566450085446,15.62499625404773,0.4374999950053986,-0.18750005494061583,0.0
1996-03-20 00:00:00-05:00,REGN,bubble,1.0,54.081632014018254,0.45999982968808295,-0.3999999769848761,-0.02999998388941325
2000-10-12 00:00:00-04:00,REGN,bubble,2.362903231793737,23.474181447477875,-0.0580335847887502,-0.13400483777556516,-0.22062353878793634
2000-10-13 00:00:00-04:00,REGN,bubble,2.5394455000903267,23.255818932418805,-0.05349402486712973,-0.1386987866352709,-0.21686753847832949
2000-10-17 00:00:00-04:00,REGN,bubble,2.746606466784767,32.916678760257554,0.15169071469111306,-0.1632850742143226,-0.21497592973871943
2000-10-18 00:00:00-04:00,REGN,bubble,2.701754411938685,30.60345374913628,0.06919429687415346,-0.18824640536853754,-0.22985789451830654
2000-10-20 00:00:00-04:00,REGN,bubble,2.2187497021968836,36.444444989987915,0.001165131443555678,-0.12776694510996722,-0.21116504727820812
2000-10-23 00:00:00-04:00,REGN,bubble,2.3492065444299683,38.36206982071622,0.016113640754788383,-0.17004744169629238,-0.22985789451830654
2000-10-24 00:00:00-04:00,REGN,bubble,2.2109375060871708,37.083340046076266,0.08496354949431306,-0.1785888492415686,-0.20924581548463506
2000-10-25 00:00:00-04:00,REGN,bubble,2.1538464352934468,39.910322910729406,0.13326834211775052,-0.1375609807211854,-0.2073171626207452
2000-10-26 00:00:00-04:00,REGN,bubble,2.2480617637910845,37.08919984878451,0.18415279143264596,-0.15646777399022005,-0.2243436825841742
2000-10-27 00:00:00-04:00,REGN,bubble,2.0156251713772653,33.33333333333333,0.2882899692384404,-0.05823843603377965,-0.1580312124811765
2000-10-30 00:00:00-05:00,REGN,bubble,1.7804880391519085,28.41726586939771,0.43157886614135355,0.09707599369251052,-0.04970773037150984
2000-10-31 00:00:00-05:00,REGN,bubble,2.451613174649409,49.107145548112065,0.11401856883074069,-0.13831780672903404,-0.2406543005908434
2000-11-01 00:00:00-05:00,REGN,bubble,2.382113630473772,49.84893920911044,0.10153853167331328,-0.10692303845104656,-0.21874999538959813
2000-11-02 00:00:00-05:00,REGN,bubble,2.4274195763682678,51.479291068980984,0.04621176845031294,-0.12395292019135007,-0.23529420259330439
2000-11-03 00:00:00-05:00,REGN,bubble,2.283464611164293,45.396825891649414,0.057074345292367434,-0.13669063477590881,-0.22062353878793634
2000-11-06 00:00:00-05:00,REGN,bubble,2.2879999636667914,49.48096801307832,0.05459844414029713,-0.09683703881182382,-0.20924581548463506
2000-11-07 00:00:00-05:00,REGN,bubble,2.2559999813424065,47.368422186032106,0.07085981486265047,-0.030958187646280777,-0.20147427983585636
2000-11-08 00:00:00-05:00,REGN,bubble,2.388429935461913,43.820226268744825,0.031804804809300036,-0.025951254342935104,-0.2073171626207452
2000-11-09 00:00:00-05:00,REGN,bubble,2.4786327835056956,48.953983759608406,0.039803459514267336,-0.01916464261754003,-0.20147427983585636
2000-11-10 00:00:00-05:00,REGN,bubble,2.4166666187184935,47.413794813846685,0.04234146509410386,-0.0017561100474673408,-0.2073171626207452
2000-11-13 00:00:00-05:00,REGN,bubble,1.9076924692975274,43.47826086956522,0.18137557703218876,0.18052909131987227,-0.14021170829292157
2000-11-14 00:00:00-05:00,REGN,bubble,1.7430554260658853,47.21189060978492,0.2151899825745398,0.10825320444345343,-0.17721522035865528
2000-11-15 00:00:00-05:00,REGN,bubble,1.971428258297637,49.46619119923678,0.15461546961700923,0.038461595204946075,-0.21874999538959813
2000-11-16 00:00:00-05:00,REGN,bubble,1.821428395292421,51.67285384471648,0.27675957914755855,0.11392405358309565,-0.17721522035865528
2000-11-17 00:00:00-05:00,REGN,bubble,2.069231031612278,62.44540694738806,0.25754380756664963,0.1228070067495648,-0.1854637480080478
2000-11-20 00:00:00-05:00,REGN,bubble,1.6991868924810087,27.14286361422529,0.50361457632019,0.37349408058362665,-0.021084350712803398
2000-11-21 00:00:00-05:00,REGN,bubble,1.7833331383440965,29.500018181938145,0.4941316944727041,0.3221557003961817,-0.026946163075526268
2000-11-22 00:00:00-05:00,REGN,bubble,1.6639344483931384,25.0,0.5340308970158327,0.3380924364884026,0.0
2000-11-24 00:00:00-05:00,REGN,bubble,2.049586688305533,39.83050990709824,0.345474369799299,0.199783262802127,-0.08401073756428538
2000-11-27 00:00:00-05:00,REGN,bubble,2.3983739097052412,51.25447516182076,0.187751298923017,0.0315789543233822,-0.19138746848084096
2000-11-28 00:00:00-05:00,REGN,bubble,2.565574024600403,54.79451651702461,0.17370115864309454,-0.020137898866216752,-0.2229884446086092
2000-11-29 00:00:00-05:00,REGN,bubble,2.134920630088367,47.72036077257668,0.36263291477528314,0.09772156087995865,-0.1443037079794313
2000-11-30 00:00:00-05:00,REGN,bubble,2.0468749147796115,47.432022656703985,0.4297435981365696,0.1684102820088451,-0.1333332651403718
2000-12-01 00:00:00-05:00,REGN,bubble,2.517786841242814,54.569188215682075,0.32314599470641814,0.05384270164386251,-0.2404493958969568
2000-12-04 00:00:00-05:00,REGN,bubble,2.4054051236104583,58.87323851132759,0.3282538392462313,0.026757316913210927,-0.2335600517292308
2004-04-01 00:00:00-05:00,REGN,bubble,1.0499999237188082,39.2105213350275,-0.3510716790197904,-0.6393200444936424,-0.49002213625334556
2004-04-02 00:00:00-05:00,REGN,bubble,1.0455881368883708,47.34176815686199,-0.3529834451595575,-0.6657080708190776,-0.5039539838144054
2004-04-05 00:00:00-04:00,REGN,bubble,1.1669151015743866,56.56109471014919,-0.41540576818515307,-0.6781293471582364,-0.5254470590159583
2004-04-06 00:00:00-04:00,REGN,bubble,1.1470586838151902,46.15384155303323,-0.38860846714343356,-0.6488825136211542,-0.5025234154423691
2004-04-07 00:00:00-04:00,REGN,bubble,1.0707832103963204,47.23403526003906,-0.401454569851846,-0.6530908929359398,-0.4981818051208932
2004-04-08 00:00:00-04:00,REGN,bubble,1.089783179246011,48.05194589540041,-0.4155555535034525,-0.6355555336138384,-0.4888888802069145
2004-04-12 00:00:00-04:00,REGN,bubble,1.0812501348542494,47.63949001279166,-0.39714717001018796,-0.6448949197037264,-0.4819819975483076
2004-04-13 00:00:00-04:00,REGN,bubble,1.0487806817653786,43.02326489013183,-0.3650793995092695,-0.6190476244839198,-0.45238099587135794
2004-04-16 00:00:00-04:00,REGN,bubble,1.0326796607274646,40.23527781858075,-0.40353693374316946,-0.6197749010240097,-0.445337571376879
2004-04-19 00:00:00-04:00,REGN,bubble,1.1506623874239863,40.515221693507165,-0.40569667887825633,-0.6304849631345335,-0.4688221691105226
2004-04-20 00:00:00-04:00,REGN,bubble,1.1148086787955611,36.3431149775596,-0.4256490526971962,-0.6191974690002402,-0.45712037210501094
2004-04-21 00:00:00-04:00,REGN,bubble,1.1717689615468667,40.240979334692206,-0.4557557405262749,-0.5920125781157187,-0.4596711573990148
2004-04-22 00:00:00-04:00,REGN,bubble,1.175241193992941,50.0,-0.48854389352825034,-0.6289726289253186,-0.49002213625334556
2004-04-23 00:00:00-04:00,REGN,bubble,1.0559759060772826,46.47577655468829,-0.49521707257025005,-0.6136865329701738,-0.49521707257025005
2004-04-27 00:00:00-04:00,REGN,bubble,1.2246836292944532,51.534745329194244,-0.49644388931570116,-0.591038438747471,-0.5128022985658381
2004-04-28 00:00:00-04:00,REGN,bubble,1.172195919738841,50.0,-0.4785454399121464,-0.6087272168569471,-0.5018181600077052
2004-04-29 00:00:00-04:00,REGN,bubble,1.0568721441766105,46.50145927464865,-0.44623658012696177,-0.5721966208099942,-0.4738863262925624
2004-05-03 00:00:00-04:00,REGN,bubble,1.0167682666105713,54.405587258736766,-0.43008311379736874,-0.5343915274882947,-0.48223732064283176
2004-05-04 00:00:00-04:00,REGN,bubble,1.0153137499199638,53.81414882586122,-0.4285714285714286,-0.495440769794107,-0.47948328189956385
2006-06-01 00:00:00-04:00,REGN,bubble,1.0046803707703402,35.405865213767726,0.6731517974334704,0.5805447271036077,-0.13463034456119172
2006-06-05 00:00:00-04:00,REGN,bubble,1.0974026722078984,49.28131849479275,0.6377708403845355,0.47910201827671584,-0.13931891325388485
2006-06-09 00:00:00-04:00,REGN,bubble,1.04999989172993,57.86025844286042,0.6742723062574898,0.41227396358186996,-0.1250983390314076
2011-11-16 00:00:00-05:00,REGN,bubble,1.0701754687985523,27.894340283966372,1.369530922092704,2.1620018530636633,-0.018328789376090882
2011-11-17 00:00:00-05:00,REGN,bubble,1.0476572254775691,31.865471788509026,1.4676316694668476,2.380989602381786,-0.02581650692693159
2011-11-18 00:00:00-05:00,REGN,bubble,1.0190513033389887,29.591077770058533,1.531017897520703,2.5043164717473676,0.0
2000-06-01 00:00:00-04:00,BB,bubble,1.0664450746002627,52.87129247773909,0.4983921603780097,-0.0819293898834822,0.0
2000-06-02 00:00:00-04:00,BB,bubble,1.2730377794116317,56.249996844460156,0.5615615157393721,-0.14954953580289276,-0.06606602024387669
2000-06-05 00:00:00-04:00,BB,bubble,1.0784313725490198,54.063607155283314,0.8773584905660377,-0.04402520521631781,-0.022012530632738798
2000-06-06 00:00:00-04:00,BB,bubble,1.1225805346501962,52.38095797025241,0.7659574112839436,-0.15623111637979914,-0.05471124366313883
2000-06-07 00:00:00-04:00,BB,bubble,1.0359278663198626,57.2490714543647,1.0073530312640484,-0.15317648284806562,-0.08529403171736916
2000-06-08 00:00:00-04:00,BB,bubble,1.156156247800535,62.00717392788138,0.9136489437326865,-0.268635156631038,-0.13370472969311345
2000-06-09 00:00:00-04:00,BB,bubble,1.493420701938358,69.29981878474834,0.8944591389138874,-0.3310816956001904,-0.1794194517681938
2000-06-12 00:00:00-04:00,BB,bubble,1.6285712510712487,73.10606750246698,1.0597825647527213,-0.3293478248700753,-0.15489129792539771
2000-06-13 00:00:00-04:00,BB,bubble,1.7426472543432858,77.04280661580917,1.1353888273014685,-0.34756027293515745,-0.16621976412529274
2000-06-14 00:00:00-04:00,BB,bubble,1.5154639175257731,77.49511285624729,1.0928961331727076,-0.39191255413117954,-0.15027318235303536
2000-06-15 00:00:00-04:00,BB,bubble,1.2572349481843856,78.72764942896006,1.0299145299145298,-0.372535640357906,-0.11396007048778045
2000-06-16 00:00:00-04:00,BB,bubble,1.2236840876846227,76.44789030069077,0.9600590379677028,-0.4030770114209322,-0.0798816531985287
2000-06-19 00:00:00-04:00,BB,bubble,1.1169229720437412,73.0088638077489,0.9956394020063088,-0.4118604699130183,-0.09593022830296768
2000-06-20 00:00:00-04:00,BB,bubble,1.3824450088123088,75.05114036555953,0.7736841794592535,-0.42021053032280653,-0.18157894007717174
2000-06-21 00:00:00-04:00,BB,bubble,1.8469053538661941,75.40323831040823,0.4782607830314449,-0.4617849053429608,-0.2883295093831598
2000-06-22 00:00:00-04:00,BB,bubble,2.2638889948527017,76.44789030069077,0.2765957032355222,-0.5210212863022408,-0.3382978613574134
2000-06-23 00:00:00-04:00,BB,bubble,2.125,75.00000866976951,0.17222218831380198,-0.4972444661458333,-0.30888885498046875
2000-06-26 00:00:00-04:00,BB,bubble,1.7092648140646047,67.02508972334985,0.5070755259343103,-0.4724528284775654,-0.26650937157790605
2000-06-27 00:00:00-04:00,BB,bubble,1.0987653379087097,50.0,0.8529412596283523,-0.30352943885037764,-0.08529403171736916
2000-06-28 00:00:00-04:00,BB,bubble,1.1141976250542536,47.54098315920574,0.8029195831557412,-0.28385402779220126,-0.09197079882229775
2000-06-30 00:00:00-04:00,BB,bubble,1.2073169608402754,49.224806201550386,0.7679556844319009,-0.3060774068220188,0.0
2000-07-03 00:00:00-04:00,BB,bubble,1.2761629926249474,52.247875403741425,0.19284805940942285,-0.3365006136254789,0.0
2000-07-05 00:00:00-04:00,BB,bubble,1.2197180330760657,53.43980143629815,0.42131989072692755,-0.38274104249987306,0.0
2000-07-06 00:00:00-04:00,BB,bubble,1.325779151443538,57.282739598371506,0.12058465734464274,-0.43561506322435806,-0.013398258089286557
2000-07-07 00:00:00-04:00,BB,bubble,1.5070419520382345,62.44185603354833,-0.1438201953611976,-0.4703820207705387,-0.14382019536119767
2000-07-10 00:00:00-04:00,BB,bubble,1.26246727169968,59.93150684931507,-0.11484918386900356,-0.4906729327536693,-0.11600931203857875
2000-07-11 00:00:00-04:00,BB,bubble,1.2198950307240888,55.37896897302687,-0.07665091016700709,-0.4905660194024867,-0.10141506200160844
2000-07-12 00:00:00-04:00,BB,bubble,1.339805726000908,55.48780406110006,-0.12759335695659724,-0.5037344777044881,-0.20954359348839746
2000-07-13 00:00:00-04:00,BB,bubble,1.3516743964474038,52.78136711317078,-0.06510675580035019,-0.523906394171695,-0.2248219494846829
2000-07-14 00:00:00-04:00,BB,bubble,1.432038654805996,56.78191434317127,-0.09780436076090004,-0.5525748429898016,-0.23952095808383234
2000-07-19 00:00:00-04:00,BB,bubble,1.3448274851209905,70.50691244239631,-0.023109275012961117,-0.5369747534687859,-0.19957985759126495
2000-07-21 00:00:00-04:00,BB,bubble,1.227272812394077,71.26245124665309,0.02142857209586535,-0.608163253104175,-0.22244895537859719
2000-07-24 00:00:00-04:00,BB,bubble,1.3666665884164662,61.66666234334376,0.20151679972893244,-0.5929794424924325,-0.1744311753040508
2000-07-25 00:00:00-04:00,BB,bubble,1.450261584355892,62.171052086716685,0.22970082209660458,-0.6059828782692933,-0.1858974358974359
2000-07-26 00:00:00-04:00,BB,bubble,1.4236844051709951,58.47457666569683,0.11943536317309644,-0.5724646850983561,-0.17263843648208468
2000-07-27 00:00:00-04:00,BB,bubble,1.262211052840053,49.11032590811496,0.3011362838351064,-0.5587272797072227,-0.1340909391198266
2000-07-28 00:00:00-04:00,BB,bubble,1.1657755777920467,45.695363234587276,0.4716049759476273,-0.5152592411747685,-0.05925925925925926
2000-07-31 00:00:00-04:00,BB,bubble,1.3559784562466213,51.46831731349531,0.29988462454719933,-0.5657669648167172,-0.12110726643598616
2000-08-01 00:00:00-04:00,BB,bubble,1.4927535347316576,40.33456901134641,0.22441864810033918,-0.5698604874672286,-0.11395345693023884
2000-08-02 00:00:00-04:00,BB,bubble,1.9513889948527017,37.42912020092446,0.2329411681072937,-0.4908235620539564,-0.10352944395071792
2000-08-03 00:00:00-04:00,BB,bubble,1.5030484545592837,33.209649417672125,0.14494526852440304,-0.5112302089688452,-0.07186354649881031
2000-08-04 00:00:00-04:00,BB,bubble,1.682539585658482,31.55893383906634,0.18579885939373875,-0.5368520354990594,-0.09822481950296506
2000-08-07 00:00:00-04:00,BB,bubble,2.1011906837930483,40.495873955944795,0.0452425617613148,-0.5818151780616467,-0.1642446405379314
2000-08-08 00:00:00-04:00,BB,bubble,2.1254358724067366,44.7166184923058,0.021181750855717052,-0.6049051954594743,-0.1505016722408027
2000-08-09 00:00:00-04:00,BB,bubble,1.9836069559673328,37.64897891491334,0.008791174960589565,-0.5954285809719017,-0.16263739071898775
2000-08-10 00:00:00-04:00,BB,bubble,1.7672956934515036,38.82682855772709,0.01022727237260046,-0.5965455021755738,-0.1340909391198266
2000-08-11 00:00:00-04:00,BB,bubble,1.4525136721721905,44.26752038067248,0.004555843572450424,-0.5799543977691163,-0.13211842085917552
2000-08-14 00:00:00-04:00,BB,bubble,1.3693469920208794,50.787404412941456,-0.10604456763664338,-0.6095864350502302,-0.19194064120892323
2000-08-15 00:00:00-04:00,BB,bubble,1.4479167461395264,52.196533615068574,-0.09255318848457539,-0.6221276669724594,-0.18936172844544338
2000-08-16 00:00:00-04:00,BB,bubble,1.348780662631945,60.012050936410326,-0.04361370716510904,-0.6328141637308946,-0.2087227414330218
2000-08-17 00:00:00-04:00,BB,bubble,1.3551403548438778,75.41718162590948,-0.1629463377453032,-0.6779364858354842,-0.24404761904761904
2000-08-18 00:00:00-04:00,BB,bubble,1.0716524597134476,67.59454819393633,-0.24160557757505663,-0.7001161455487479,-0.2416055775750566
2000-08-22 00:00:00-04:00,BB,bubble,1.1921398174262445,68.53186561172156,-0.3047808857581419,-0.7192031501436621,-0.30478088575814194
2000-08-23 00:00:00-04:00,BB,bubble,1.1309011480044155,71.63520901532397,-0.3393756601385479,-0.7115810889852011,-0.339375660138548
2000-08-24 00:00:00-04:00,BB,bubble,1.1724139359845087,70.97811007482339,-0.2757936205182757,-0.6950793266296387,-0.34920637948172434
2000-08-25 00:00:00-04:00,BB,bubble,1.1229166030883788,66.11568133224782,-0.36113835181893006,-0.7098331682718644,-0.36113835181893006
2000-08-28 00:00:00-04:00,BB,bubble,1.1588981008433907,69.18237961610626,-0.39254165941537245,-0.7282041144464918,-0.39254165941537245
2021-08-16 00:00:00-04:00,BB,bubble,1.0145832691755583,46.53179620922837,-0.2864529430270826,-0.2740434409989221,-0.2864529430270826
2021-08-17 00:00:00-04:00,BB,bubble,1.0103950501724892,28.846149613872,-0.25646328847020583,-0.2998965948797453,-0.2864529430270826
2021-08-19 00:00:00-04:00,BB,bubble,1.0,39.72603410823749,-0.2855648928956953,-0.3336820495856754,-0.28556489289569525
2021-09-14 00:00:00-04:00,BB,bubble,1.0829874697685749,36.410253024430936,-0.3934262773180437,-0.4063744959370529,-0.408366525917382
2021-09-15 00:00:00-04:00,BB,bubble,1.1060291548750256,41.59780113710552,-0.3514313822864177,-0.402764055045742,-0.41362290324630546
2021-09-16 00:00:00-04:00,BB,bubble,1.1479915024191167,40.94706521938366,-0.3287401305031984,-0.43700788621088293,-0.41535431629622926
2021-09-17 00:00:00-04:00,BB,bubble,1.1205073345720344,30.34054740323009,-0.2991026523461482,-0.4277168570354686,-0.4077766485183295
2021-09-24 00:00:00-04:00,BB,bubble,1.1852631819875619,41.72662199566798,-0.28805397061562243,-0.5211946305012789,-0.4277456655364983
2021-09-27 00:00:00-04:00,BB,bubble,1.1257862439976747,41.72662199566798,-0.2435897616764202,-0.4980276153600247,-0.41420119762303736
2021-09-28 00:00:00-04:00,BB,bubble,1.1236441818472755,42.64705401115892,-0.20020429476855572,-0.4902962420263719,-0.3932584187573224
2021-09-29 00:00:00-04:00,BB,bubble,1.0734341564112349,35.62342146286349,-0.2093750155220423,-0.5,-0.38125001862645075
2021-09-30 00:00:00-04:00,BB,bubble,1.11982553785983,40.79999287923177,-0.23329903503444793,-0.5169578591588612,-0.3895169232602843
2021-10-01 00:00:00-04:00,BB,bubble,1.1179039237660224,39.67827677933149,-0.3041236976569205,-0.5041237074886147,-0.3876288480390735
2021-10-04 00:00:00-04:00,BB,bubble,1.1621622202139217,43.52941539460954,-0.2645833685166292,-0.4802083778298546,-0.38125001862645075
2021-10-05 00:00:00-04:00,BB,bubble,1.115555657280816,41.00295076534509,-0.2531512823913663,-0.48424373830697176,-0.3760504441597669
2021-10-06 00:00:00-04:00,BB,bubble,1.057142695452399,38.63635932610979,-0.26068372541473883,-0.4861110983750755,-0.36538458599376383
2021-10-07 00:00:00-04:00,BB,bubble,1.1006564597085657,44.07714410543907,-0.2947916966759484,-0.5229166935715399,-0.38125001862645075
2021-10-08 00:00:00-04:00,BB,bubble,1.041304464781895,49.38271677615768,-0.2758253522780374,-0.528221547777812,-0.3674121576103665
2021-10-14 00:00:00-04:00,BB,bubble,1.0196851147581856,47.87234294391077,-0.3489279064990207,-0.6120857767751494,-0.4210526389171614
2021-10-15 00:00:00-04:00,BB,bubble,1.003876057820758,53.75939377881862,-0.37137331682019536,-0.5841392526808946,-0.42553191783717736
2021-10-18 00:00:00-04:00,BB,bubble,1.0281125186318372,56.078439145672434,-0.3425742954754859,-0.5663366387117352,-0.4118812046662433
2021-10-27 00:00:00-04:00,BB,bubble,1.1793814232301498,61.46570899461118,-0.4437085823833883,-0.5714285392054892,-0.4701986692227906
2021-10-28 00:00:00-04:00,BB,bubble,1.3610502311929746,66.50942292830082,-0.4698795356428044,-0.5708989684142889,-0.48100093378769126
2021-10-29 00:00:00-04:00,BB,bubble,1.3427331622443037,68.35748770013909,-0.45740740462749263,-0.5685185402672637,-0.48148149946916546
2021-11-10 00:00:00-05:00,BB,bubble,1.0876493191344778,39.901470889799185,-0.5104961509047712,-0.530534323358943,-0.5333969389237093
2021-11-11 00:00:00-05:00,BB,bubble,1.0308284866373967,44.91978555081693,-0.4468690754453202,-0.5284630163017686,-0.536053141918049
2021-05-03 00:00:00-04:00,PTON,bubble,1.9903275700258818,16.849994659423828,-0.04590978781939736,-0.8045701141702635,-0.14075540879832255
2021-05-04 00:00:00-04:00,PTON,bubble,1.8525071562142092,20.936633154781703,-0.04002063329183847,-0.8106514990301122,-0.14839709335049722
2021-05-05 00:00:00-04:00,PTON,bubble,1.2810601866947744,11.39188098397068,0.08169934368925258,-0.773541533981047,-0.003268025459755961
2021-05-06 00:00:00-04:00,PTON,bubble,1.2029976720616098,14.557370805145567,0.07304849410065128,-0.7969682444888597,-0.01706851666282374
2021-05-10 00:00:00-04:00,PTON,bubble,1.0346511131109195,26.08804303785466,-0.36404159620296994,-0.8384958228431699,-0.36404159620297
2021-05-11 00:00:00-04:00,PTON,bubble,1.1264019569753834,37.84741292822839,-0.43687508189171087,-0.8582573418774279,-0.43687508189171087
2021-05-13 00:00:00-04:00,PTON,bubble,1.1095861141973629,43.17108012881993,-0.48630496072371077,-0.8570679005698306,-0.4863049607237108
2021-05-14 00:00:00-04:00,PTON,bubble,1.1409887059254906,41.92224947136841,-0.476910338579852,-0.8356802693654932,-0.4931662887254172
2021-05-18 00:00:00-04:00,PTON,bubble,1.1827562740004023,41.41910951823456,-0.5011030522065693,-0.8366425066507737,-0.5011030522065693
2021-05-19 00:00:00-04:00,PTON,bubble,1.1551340333927365,47.319190090248945,-0.43190060341357517,-0.850647336918635,-0.5081305004930067
2021-05-20 00:00:00-04:00,PTON,bubble,1.2270006146135968,52.23564367576739,-0.49104119516144795,-0.8533744806243679,-0.5272745161132799
2021-05-21 00:00:00-04:00,PTON,bubble,1.2273731396297958,55.6072749113159,-0.5203171378202087,-0.8561942516407168,-0.5293359666968238
2021-05-24 00:00:00-04:00,PTON,bubble,1.2082514872197652,55.008991785548915,-0.5340055586879614,-0.8653618090895681,-0.5340055586879614
2021-05-25 00:00:00-04:00,PTON,bubble,1.3846522930949865,76.15048785643269,-0.5567176111341282,-0.8740949301048044,-0.5567176111341282
2021-05-26 00:00:00-04:00,PTON,bubble,1.6676405739637947,81.34726687029031,-0.6077947957444746,-0.8808871807088569,-0.6077947957444746
2021-05-27 00:00:00-04:00,PTON,bubble,1.6425720924952616,82.6195249860439,-0.6099467250078208,-0.876554175782472,-0.6183836429573404
2021-05-28 00:00:00-04:00,PTON,bubble,1.6146006434984908,76.69629467518764,-0.5792765762435962,-0.868461603208952,-0.6104614072003891
2021-06-01 00:00:00-04:00,PTON,bubble,1.3749182772843214,71.99802431756449,-0.5923408978008651,-0.8717972254899832,-0.605381564316658
2021-06-02 00:00:00-04:00,PTON,bubble,1.2148542495269767,74.41506196166637,-0.5946568515615764,-0.8807922688476262,-0.6041455549272111
2021-06-03 00:00:00-04:00,PTON,bubble,1.1555507950489172,60.05665360585642,-0.5902036796770169,-0.8722599391735227,-0.5902036796770168
2021-06-04 00:00:00-04:00,PTON,bubble,1.1514202138317828,58.54371615000814,-0.5684884978047623,-0.8783613292581016,-0.5898456545595981
2021-06-07 00:00:00-04:00,PTON,bubble,1.3919389382509406,71.80957394048006,-0.6033336472000943,-0.8863284503309325,-0.6151744271091933
2021-06-08 00:00:00-04:00,PTON,bubble,1.4495311619373958,69.42658505202586,-0.6126356027645825,-0.8866806451953942,-0.6148236023372419
2021-06-09 00:00:00-04:00,PTON,bubble,1.2453820862967167,63.46949346175755,-0.6094232186358925,-0.8860428209659211,-0.6094232186358925
2021-06-10 00:00:00-04:00,PTON,bubble,1.2517512302418767,57.879982293641,-0.5672134327398545,-0.8951734568852192,-0.6061463229814361
2021-06-11 00:00:00-04:00,PTON,bubble,1.460200171221668,64.45811974576384,-0.6402050939291617,-0.9070898163569979,-0.6402050939291617
2021-06-14 00:00:00-04:00,PTON,bubble,1.3798301479665231,62.70043340210368,-0.6564367956133532,-0.9122133957170842,-0.6564367956133532
2021-06-15 00:00:00-04:00,PTON,bubble,1.124749770289374,57.05222998086278,-0.6104042982301616,-0.9097163333465151,-0.6370747516725925
2021-06-16 00:00:00-04:00,PTON,bubble,1.1051893411350555,44.1245773732639,-0.6263443567567921,-0.9035880827651709,-0.6334824551881081
2021-06-17 00:00:00-04:00,PTON,bubble,1.2129347490461315,45.12978501418919,-0.6461722188784362,-0.9131513645685329,-0.6461722188784362
2021-06-18 00:00:00-04:00,PTON,bubble,1.1362568291890947,48.388850795859675,-0.6351722839877038,-0.9107404735524235,-0.6471774282354851
2021-06-21 00:00:00-04:00,PTON,bubble,1.1243859679106674,48.93209380059539,-0.6073443666332303,-0.9102765724308362,-0.6438812340889617
2021-06-22 00:00:00-04:00,PTON,bubble,1.2095040706410303,59.52696073223291,-0.6697106651214706,-0.9166168762444078,-0.6714175932264884
2021-06-23 00:00:00-04:00,PTON,bubble,1.1406705734411577,67.93017792278064,-0.6664113252734597,-0.9105379645168222,-0.6722846535590624
2021-07-19 00:00:00-04:00,PTON,bubble,1.0234068473458882,37.69208699678123,-0.7354555446848476,-0.9206282226268012,-0.7354555446848476
2021-05-13 00:00:00-04:00,TSLA,bubble,2.613899646300362,19.41826996393813,0.8680578270427031,0.27341739879839144,-0.014395905950302988
2021-05-17 00:00:00-04:00,TSLA,bubble,2.6089318818991836,24.060029342925674,0.7915502874206295,0.255777219728778,-0.023178396964568967
2021-05-18 00:00:00-04:00,TSLA,bubble,2.551184225008202,25.441517757569073,0.753664260015021,0.3179607380144891,-0.024936383865888482
2021-05-19 00:00:00-04:00,TSLA,bubble,2.4867144659322236,25.76624034413767,0.8718807711968148,0.2597344441111735,0.0
2021-05-20 00:00:00-04:00,TSLA,bubble,2.597405560563488,22.759176114795125,0.8559084379062762,0.20900502051542302,-0.02375677785184662
2021-05-21 00:00:00-04:00,TSLA,bubble,2.5094248514072595,24.81355831509299,0.8874466222788464,0.14292112142644986,-0.013841031144053788
2021-06-03 00:00:00-04:00,TSLA,bubble,2.243861709702982,50.30730425592297,0.9115284858470365,0.3529083423439938,0.0
2021-06-04 00:00:00-04:00,TSLA,bubble,2.4652005956520315,52.383878240998385,0.8105332944839803,0.1744428415138195,-0.0004506952880334899
2021-06-07 00:00:00-04:00,TSLA,bubble,2.4162660235184967,57.50902154360403,0.6772759034218765,0.18129984060387017,-0.010493622679684131
2021-06-08 00:00:00-04:00,TSLA,bubble,2.1770571207673246,56.80639269981668,0.6716810920984027,0.18732915580414278,-0.007968981371759018
2021-06-09 00:00:00-04:00,TSLA,bubble,2.1827314865506042,59.8472130509837,0.7564882024447139,0.21179730300310795,0.0
2021-06-15 00:00:00-04:00,TSLA,bubble,2.024321438899704,48.339662719213685,0.6124031836632382,0.10562933377956951,0.0
2021-06-16 00:00:00-04:00,TSLA,bubble,2.079378507275067,45.29622343731408,0.5846544923796997,0.15562019609058453,0.0
2021-07-27 00:00:00-04:00,TSLA,bubble,1.0939854592540228,50.04545309049006,0.4243617910530837,0.2786687296962238,0.0
1983-05-27 00:00:00-04:00,LOW,bubble,1.0344836656769973,75.75765743095229,-0.21186372848236046,-0.3771185729177301,-0.31355914653040096
1983-05-31 00:00:00-04:00,LOW,bubble,1.0344836656769973,75.51021233400265,-0.1864412452692985,-0.38983023430965336,-0.31355914653040096
1983-06-01 00:00:00-04:00,LOW,bubble,1.0892865188032514,74.74771505197006,-0.18376042853052665,-0.3931622619287396,-0.30769217308131747
1983-06-02 00:00:00-04:00,LOW,bubble,1.0603451053967428,76.69924714447377,-0.20502067607047436,-0.4058573909352481,-0.3221753481107455
1983-06-03 00:00:00-04:00,LOW,bubble,1.0085496689272575,71.13420467097147,-0.191489298316872,-0.391489174655826,-0.31063806514081677
1983-06-07 00:00:00-04:00,LOW,bubble,1.0086937524394033,67.77768302944312,-0.21212013084372516,-0.35064878624626683,-0.29870042610442565
1983-06-08 00:00:00-04:00,LOW,bubble,1.0265484987739941,65.55558376800482,-0.20087252617740048,-0.3231435745793457,-0.292575740375932
1983-06-13 00:00:00-04:00,LOW,bubble,1.035714749048993,57.77780093489863,-0.20175400277880873,-0.2850875581974567,-0.28947343417397065
1983-06-14 00:00:00-04:00,LOW,bubble,1.0438565124886359,52.50003302335411,-0.19313279757049495,-0.3090129409878527,-0.30472044341370685
1983-06-15 00:00:00-04:00,LOW,bubble,1.025862806194183,36.66665492501931,-0.22127626518459276,-0.30638283233934205,-0.31063806514081677
1983-06-16 00:00:00-04:00,LOW,bubble,1.0689650538965987,56.24987960202346,-0.25833248115286866,-0.32083279074480275,-0.3249993753122751
1983-06-17 00:00:00-04:00,LOW,bubble,1.0423698579548093,55.31902336036479,-0.26970911463891434,-0.31950192663305044,-0.32780018966518754
1983-06-20 00:00:00-04:00,LOW,bubble,1.0677945041291736,58.0,-0.2950820879103746,-0.2950820879103746,-0.33606524806538624
1983-06-21 00:00:00-04:00,LOW,bubble,1.0588224324502526,61.22446888982702,-0.28163246512784457,-0.31020407701134045,-0.3387750958263832
1983-06-23 00:00:00-04:00,LOW,bubble,1.0847439697315937,62.790671956088865,-0.30894299382558943,-0.30081323863054243,-0.34146319592064056
1983-06-28 00:00:00-04:00,LOW,bubble,1.103448719573596,61.90482979801199,-0.3237705219775936,-0.30737713881579287,-0.33606524806538624
1983-06-29 00:00:00-04:00,LOW,bubble,1.0769255694011992,62.903179072526214,-0.3086422195888281,-0.30041133494960914,-0.333333025298703
1983-06-30 00:00:00-04:00,LOW,bubble,1.0,64.99978645170353,-0.26666625571203995,-0.28333314436758983,-0.3249993753122751
1983-07-01 00:00:00-04:00,LOW,bubble,1.0416672766774409,64.40661800922402,-0.2693878660135437,-0.30612214859427145,-0.3387750958263832
1983-07-05 00:00:00-04:00,LOW,bubble,1.025421511779225,55.00000880608818,-0.2510461837423411,-0.29707130453237596,-0.3221753481107455
1983-07-06 00:00:00-04:00,LOW,bubble,1.0338953490389664,54.237145456759876,-0.24999931201792402,-0.29166614838683613,-0.3249993753122751
1999-10-08 00:00:00-04:00,LOW,bubble,1.1332719970562088,63.99992275512154,0.14392921580254936,-0.2289047102414805,-0.23109067832324764
2020-11-09 00:00:00-05:00,TDOC,bubble,1.2065458423868938,30.435940626067605,-0.2129452455685168,-0.1962018148511625,-0.2129452455685168
2020-11-10 00:00:00-05:00,TDOC,bubble,1.128888919029707,30.414424938493624,-0.23039895131664123,-0.20528884628902788,-0.2303989513166413
2020-11-16 00:00:00-05:00,TDOC,bubble,1.186804974809991,30.669803636289117,-0.22649715445135943,-0.2316948842194121,-0.2502259507691119
2020-11-17 00:00:00-05:00,TDOC,bubble,1.294817566683006,29.761903217242846,-0.21216685529572898,-0.2480762303047691,-0.2600088690543345
2020-11-18 00:00:00-05:00,TDOC,bubble,1.3304714631416856,33.786458552978345,-0.22736015810679933,-0.31819429631533835,-0.2703029071488356
2020-12-16 00:00:00-05:00,TDOC,bubble,1.3599093635205977,46.89156718718671,-0.16443047287806833,-0.5326348592393689,-0.29058640338928304
1987-11-17 00:00:00-05:00,CLF,bubble,1.0,68.1159326410315,0.4807695967820236,0.9903847326099109,-0.028845977586537012
1987-11-18 00:00:00-05:00,CLF,bubble,1.1458330245277173,62.29509005682188,0.5145627491183,0.9417467009758564,-0.019417500662426194
1987-11-19 00:00:00-05:00,CLF,bubble,1.1458330245277173,50.0,0.5339803383403781,0.9514569125413219,-0.019417500662426194
2004-05-07 00:00:00-04:00,CLF,bubble,1.1978884018646072,5.251994944510699,0.9087632409054849,2.039178640355118,-0.04921974756245306
2004-05-10 00:00:00-04:00,CLF,bubble,1.1486421097329123,6.952327436532002,0.9119756155594392,1.8356972055620737,-0.05534377111007185
2004-05-12 00:00:00-04:00,CLF,bubble,1.4556593678482148,8.213171379567214,0.9719641993775976,1.559992827164165,-0.05915926873392638
2004-05-13 00:00:00-04:00,CLF,bubble,1.5164766527653164,8.64494300006919,1.01738044489535,1.5148086140183663,-0.05714322272746918
2004-05-14 00:00:00-04:00,CLF,bubble,1.4398321965986054,8.21773307134734,1.161528800664323,1.6250338540645082,-0.023428308488956006
2004-05-17 00:00:00-04:00,CLF,bubble,1.399998523481636,8.428313712933843,1.1775257481619055,1.75036769732899,0.0
2004-05-18 00:00:00-04:00,CLF,bubble,1.5893402932643976,25.85162320377505,1.0002330938255168,1.6902661314671525,0.0
2004-05-20 00:00:00-04:00,CLF,bubble,1.775484265652099,35.42791519129982,1.006319106202025,1.5714589331383753,0.0
2008-09-10 00:00:00-04:00,CLF,bubble,1.007953415854848,21.728267008689443,-0.8006305918995816,-0.6053259337464136,-0.8318520728013686
2008-09-11 00:00:00-04:00,CLF,bubble,1.0090778685748605,24.185110979018745,-0.8230548550535166,-0.5881717296356814,-0.8369062683319886
2010-07-06 00:00:00-04:00,CLF,bubble,1.0093288822738078,20.212733966291864,0.847873924527877,1.1476022101483019,0.0
2010-07-07 00:00:00-04:00,CLF,bubble,1.3137420520145557,32.59205254818325,0.7676397942506612,0.9670593097514326,-0.03943870578581641
2010-07-08 00:00:00-04:00,CLF,bubble,1.4384682756559246,36.61262160139685,0.7261336311020945,0.9676111980217541,-0.05868062273471862
2010-07-12 00:00:00-04:00,CLF,bubble,1.318277266296357,32.79084579875388,0.7036412157085872,0.9968358805561528,-0.029822884516192253
2010-07-13 00:00:00-04:00,CLF,bubble,1.3099217218399186,37.45504757637023,0.694575922540474,0.9522740253266013,-0.04867077336433065
2010-07-14 00:00:00-04:00,CLF,bubble,1.276305118535562,36.153266596772866,0.7544330813694975,1.0080705810769697,-0.043585499988298894
2010-07-15 00:00:00-04:00,CLF,bubble,1.1056117761477853,39.24645188405792,0.8328721789902096,0.9986889304824038,-0.04003318920713743
2017-05-09 00:00:00-04:00,CLF,bubble,1.0463575038123523,38.23527161126784,0.01779935143232292,0.3074434540343671,-0.07928796075675029
2017-05-15 00:00:00-04:00,CLF,bubble,1.1786940712556806,29.302316103863987,-0.05362771189514737,0.3517349322125993,-0.10252361357960826
2017-05-16 00:00:00-04:00,CLF,bubble,1.140468221228872,31.797230317756714,-0.05312510646587887,0.365624737646437,-0.11093750479465274
2017-05-18 00:00:00-04:00,CLF,bubble,1.148788825744293,36.216227692563976,-0.008051551074840235,0.3864734785266293,-0.08373587169415118
2017-05-19 00:00:00-04:00,CLF,bubble,1.222602269320355,47.263656788510175,-0.07241905694171624,0.28505409135615256,-0.12326643697845688
2017-05-22 00:00:00-04:00,CLF,bubble,1.2191778790285022,46.231143953121695,-0.05401233212771284,0.3209875804484168,-0.12191355854084976
2017-05-23 00:00:00-04:00,CLF,bubble,1.227723156493214,62.96296691014357,-0.08592593498865042,0.2503703787699687,-0.15703709218703152
2017-05-24 00:00:00-04:00,CLF,bubble,1.1192053432876214,51.83485772310774,-0.015625040570138582,0.31562493828421334,-0.11093750479465274
2017-05-30 00:00:00-04:00,CLF,bubble,1.0195439274582743,50.42372781902169,0.029032352122053018,0.34032279430510903,-0.08225799259748322
2002-10-17 00:00:00-04:00,RCL,volatile,1.1443667303427434,67.04974841107523,-0.1235302072666451,0.6840174715972167,-0.31919480481034085
2002-10-18 00:00:00-04:00,RCL,volatile,1.217471379504632,70.46969701642018,-0.10315959518212359,0.7051419029023789,-0.31919480481034085
2002-10-25 00:00:00-04:00,RCL,volatile,1.2796143879476727,80.98700203600869,-0.04268306205367112,0.6318907709748691,-0.330141815684295
2002-10-28 00:00:00-05:00,RCL,volatile,1.1465306227448782,74.55712512015627,-0.006617958172248417,0.6269621403377743,-0.320627417615921
2002-10-29 00:00:00-05:00,RCL,volatile,1.051705662699146,65.83936652595428,0.019705204512079355,0.6890846278536011,-0.29233571175104706
2010-06-23 00:00:00-04:00,RCL,volatile,1.1471289875979913,36.87880009520753,0.7086843069441804,0.3319895725449282,-0.16562865229434226
2010-06-24 00:00:00-04:00,RCL,volatile,1.0053226916969944,42.25770337078859,0.755783818970688,0.39818020878295424,-0.1365186759702003
2010-07-08 00:00:00-04:00,RCL,volatile,1.023849452574328,23.38792520292165,0.987403129058237,0.563591251340799,-0.04957387719430462
1980-07-15 00:00:00-04:00,FDX,largecap,1.010870150616535,52.33642662654361,0.7945943050508744,1.6162158487184177,0.0
