date,equity
1981-01-02,100000.0
1981-01-05,100144.56159941606
1981-01-06,100148.67835143855
1981-01-07,99606.94031471777
1981-01-08,99594.9455771234
1981-01-09,99712.18614713594
1981-01-12,99753.38750441876
1981-01-13,99771.67732767263
1981-01-14,99757.96886909008
1981-01-15,99791.30033500136
1981-01-16,99860.16367949807
1981-01-19,99927.30556735651
1981-01-20,99805.89208666708
1981-01-21,99808.2792615698
1981-01-22,99792.72590257316
1981-01-23,99783.52828418314
1981-01-26,99737.57302222408
1981-01-27,99883.09999598683
1981-01-28,99904.71127102515
1981-01-29,99864.69837207592
1981-01-30,99992.66967781243
1981-02-02,99741.43157178818
1981-02-03,99760.96609277173
1981-02-04,99713.45950034978
1981-02-05,99804.08812496673
1981-02-06,99799.60655871678
1981-02-09,99736.95783082026
1981-02-10,99786.22473406448
1981-02-11,99780.44864294873
1981-02-12,99769.51813707661
1981-02-13,99856.77047703353
1981-02-16,99814.26926343545
1981-02-17,99760.8763907593
1981-02-18,99769.85281760008
1981-02-19,99578.75146966876
1981-02-20,99535.83109143107
1981-02-23,99583.29381258096
1981-02-24,99624.01622023681
1981-02-25,99622.82999356999
1981-02-26,99713.23861834683
1981-02-27,99797.51136656785
1981-03-02,99896.83545304903
1981-03-03,99783.63148459472
1981-03-04,99803.34213866494
1981-03-05,99763.51477691511
1981-03-06,99791.10536150957
1981-03-09,99847.78617765091
1981-03-10,99736.04996914897
1981-03-11,99738.7706671646
1981-03-12,99981.6718865558
1981-03-13,100010.8715701197
1981-03-16,100046.89818706735
1981-03-17,99978.49385435866
1981-03-18,99941.47868108889
1981-03-19,99921.57435497644
1981-03-20,100087.52467029268
1981-03-23,100358.47051889755
1981-03-24,100310.88624993026
1981-03-25,100518.26424437671
1981-03-26,100531.00082689054
1981-03-27,100453.85942629604
1981-03-30,100374.97841476956
1981-03-31,100519.48510168762
1981-04-01,100577.13611220068
1981-04-02,100677.4213544718
1981-04-03,100746.42148433089
1981-04-06,100797.56152410092
1981-04-07,100730.98690969794
1981-04-08,100893.25320434314
1981-04-09,101006.7245733738
1981-04-10,101164.40638318594
1981-04-13,101213.13263521885
1981-04-14,101078.92458764433
1981-04-15,101243.13230786292
1981-04-16,101305.20760372431
1981-04-17,101350.51940382204
1981-04-20,101468.7026056522
1981-04-21,101393.66343891775
1981-04-22,101352.70827423844
1981-04-23,101427.94086474448
1981-04-24,101573.600586128
1981-04-27,101655.09599761844
1981-04-28,101561.47707831104
1981-04-29,101583.19908669843
1981-04-30,101676.71192195428
1981-05-01,101523.89300277432
1981-05-04,101488.80387621434
1981-05-05,101487.98707429135
1981-05-06,101261.68167596826
1981-05-07,101464.6607584141
1981-05-08,101431.08751474868
1981-05-11,101454.0517417524
1981-05-12,101521.37187130883
1981-05-13,101471.43300938986
1981-05-14,101684.363483198
1981-05-15,101779.45296225819
1981-05-18,101747.22092730418
1981-05-19,101664.47271827748
1981-05-20,101682.05331109608
1981-05-21,101821.22767445887
1981-05-22,101853.79791834866
1981-05-25,101871.71414021606
1981-05-26,102066.9930475473
1981-05-27,102214.6875989745
1981-05-28,102126.21534958521
1981-05-29,102157.47676312304
1981-06-01,102178.30779498117
1981-06-02,102009.63376664119
1981-06-03,101925.02538046529
1981-06-04,102292.58322432061
1981-06-05,102444.02517952053
1981-06-08,102359.64877892238
1981-06-09,102301.15708494236
1981-06-10,102147.53440703858
1981-06-11,102517.60672661832
1981-06-12,102550.88808212432
1981-06-15,102362.29094508415
1981-06-16,102175.3536778022
1981-06-17,102200.54280582342
1981-06-18,102092.91411302205
1981-06-19,102163.59226494652
1981-06-22,102034.40097081255
1981-06-23,102119.43039685408
1981-06-24,102097.14553715728
1981-06-25,102151.55102738217
1981-06-26,102204.7877812583
1981-06-29,102216.96542052852
1981-06-30,102119.77868235468
1981-07-01,102102.69009352465
1981-07-02,102016.65511265384
1981-07-03,102040.00835636441
1981-07-06,102072.2605005012
1981-07-07,101970.8041858479
1981-07-08,102175.95919910008
1981-07-09,102180.82143862292
1981-07-10,102201.53212586745
1981-07-13,102180.61465557845
1981-07-14,102187.15945785725
1981-07-15,101993.93916659719
1981-07-16,102109.73971580554
1981-07-17,102193.32594330685
1981-07-20,102094.97308853264
1981-07-21,102069.98577363635
1981-07-22,101957.31296154401
1981-07-23,101914.19695422989
1981-07-24,101917.33179114352
1981-07-27,102116.87508330266
1981-07-28,102064.62274691489
1981-07-29,102205.8636233553
1981-07-30,102264.5402075757
1981-07-31,102407.21996840755
1981-08-03,102658.94702772662
1981-08-04,102684.294010163
1981-08-05,102706.62280537325
1981-08-06,102789.98166236698
1981-08-07,102924.18043530745
1981-08-10,103069.47003945774
1981-08-11,103061.57942598323
1981-08-12,102685.0502330345
1981-08-13,102746.29132380216
1981-08-14,102790.98356077942
1981-08-17,102742.67349565617
1981-08-18,102510.89931048118
1981-08-19,102551.56569338994
1981-08-20,102468.28517933795
1981-08-21,102354.5525010577
1981-08-24,102069.87845036913
1981-08-25,101979.99134418473
1981-08-26,101911.88854587093
1981-08-27,101866.10806431709
1981-08-28,101697.52499962004
1981-08-31,101805.01644273142
1981-09-01,101745.45525790915
1981-09-02,101608.14440678527
1981-09-03,101571.37521160903
1981-09-04,101525.70922146594
1981-09-07,101450.46363446492
1981-09-08,101519.40968535002
1981-09-09,101553.61401193426
1981-09-10,101423.84704069894
1981-09-11,101401.65381322295
1981-09-14,101366.4314012304
1981-09-15,101252.89265718035
1981-09-16,101191.07464227172
1981-09-17,101136.28805393247
1981-09-18,101121.55681193624
1981-09-21,100995.88065815432
1981-09-22,101126.61195550807
1981-09-23,101185.90998161469
1981-09-24,101242.30558291983
1981-09-25,101268.81729917663
1981-09-28,101320.12277680491
1981-09-29,101245.28689448386
1981-09-30,101275.4462136534
1981-10-01,101263.31596780091
1981-10-02,101205.98226948392
1981-10-05,101094.20485502624
1981-10-06,101173.65716488393
1981-10-07,101079.65608523226
1981-10-08,101043.9427154834
1981-10-09,100992.17412943246
1981-10-12,100992.17412943246
1981-10-13,101082.86854386517
1981-10-14,101092.5321996791
1981-10-15,101115.951247971
1981-10-16,101143.7197856479
1981-10-19,101135.28760943895
1981-10-20,101152.19814516729
1981-10-21,101236.467204433
1981-10-22,101255.56020828927
1981-10-23,101234.08847116861
1981-10-26,101334.321822395
1981-10-27,101312.84726797939
1981-10-28,101271.08795204866
1981-10-29,101224.23924330878
1981-10-30,101152.75938065311
1981-11-02,101152.75938065311
1981-11-03,101152.75938065311
1981-11-04,101152.75938065311
1981-11-05,101152.75938065311
1981-11-06,101152.75938065311
1981-11-09,101152.75938065311
1981-11-10,101152.75938065311
1981-11-11,101152.75938065311
1981-11-12,101152.75938065311
1981-11-13,101152.75938065311
1981-11-16,101152.75938065311
1981-11-17,101152.75938065311
1981-11-18,101152.75938065311
1981-11-19,101152.75938065311
1981-11-20,101152.75938065311
1981-11-23,101152.75938065311
1981-11-24,101152.75938065311
1981-11-25,101152.75938065311
1981-11-26,101152.75938065311
1981-11-27,101152.75938065311
1981-11-30,101152.75938065311
1981-12-01,101152.75938065311
1981-12-02,101152.75938065311
1981-12-03,101152.75938065311
1981-12-04,101152.75938065311
1981-12-07,101152.75938065311
1981-12-08,101152.75938065311
1981-12-09,101152.75938065311
1981-12-10,101152.75938065311
1981-12-11,101152.75938065311
1981-12-14,101152.75938065311
1981-12-15,101081.21824711734
1981-12-16,101081.21824711734
1981-12-17,101081.21824711734
1981-12-18,101081.21824711734
1981-12-21,101081.21824711734
1981-12-22,101081.21824711734
1981-12-23,101081.21824711734
1981-12-24,101081.21824711734
1981-12-25,101081.21824711734
1981-12-28,101081.21824711734
1981-12-29,101081.21824711734
1981-12-30,101081.21824711734
1981-12-31,101081.21824711734
1982-01-04,101081.21824711734
1982-01-05,101081.21824711734
1982-01-06,101081.21824711734
1982-01-07,101081.21824711734
1982-01-08,101081.21824711734
1982-01-11,101081.21824711734
1982-01-12,101081.21824711734
1982-01-13,101081.21824711734
1982-01-14,101109.083496529
1982-01-15,101117.80778725349
1982-01-18,101089.0465817748
1982-01-19,101073.72446552617
1982-01-20,101110.03237191787
1982-01-21,101091.17148655481
1982-01-22,101126.77907570716
1982-01-25,101278.14727784267
1982-01-26,101175.69661933057
1982-01-27,101235.15880514529
1982-01-28,101213.15761374067
1982-01-29,101226.90506175537
1982-02-01,101217.8764518594
1982-02-02,101139.80777303217
1982-02-03,101173.65767521517
1982-02-04,101122.23223081006
1982-02-05,101107.4680512984
1982-02-08,101119.48863417278
1982-02-09,101184.23432074262
1982-02-10,101132.3842273622
1982-02-11,101121.53039559408
1982-02-12,101053.5808520636
1982-02-15,101053.5808520636
1982-02-16,101145.2096312599
1982-02-17,101148.20571952597
1982-02-18,101059.09774810553
1982-02-19,101040.82078200884
1982-02-22,101049.26593740187
1982-02-23,101113.28718108342
1982-02-24,101105.95586216277
1982-02-25,101113.72196364154
1982-02-26,101166.79053407257
1982-03-01,101168.38266699544
1982-03-02,101149.3811175476
1982-03-03,101130.37960856954
1982-03-04,101115.49732973048
1982-03-05,101029.59473685652
1982-03-08,101033.95331340072
1982-03-09,101109.64360324366
1982-03-10,101089.27354376667
1982-03-11,101123.80671699862
1982-03-12,101149.42288968069
1982-03-15,101139.34557889834
1982-03-16,101162.21915813917
1982-03-17,101156.94705591068
1982-03-18,101188.06379452959
1982-03-19,101214.37759879121
1982-03-22,101246.87472631382
1982-03-23,101232.67555369803
1982-03-24,101221.22288494848
1982-03-25,101259.21749164528
1982-03-26,101276.61020438747
1982-03-29,101315.29719075907
1982-03-30,101288.04590458884
1982-03-31,101326.04816755345
1982-04-01,101286.43223441168
1982-04-02,101258.9256651492
1982-04-05,101340.35993759139
1982-04-06,101388.59215882227
1982-04-07,101361.06970126044
1982-04-08,101439.88344267917
1982-04-09,101422.99194622692
1982-04-12,101392.80721811326
1982-04-13,101345.34347820072
1982-04-14,101384.10906449477
1982-04-15,101406.99256871903
1982-04-16,101398.10632994307
1982-04-19,101311.12495889228
1982-04-20,101261.14431158052
1982-04-21,101237.6670057616
1982-04-22,101239.3963258202
1982-04-23,101207.84525752874
1982-04-26,101112.4341138203
1982-04-27,101100.2089523387
1982-04-28,101052.24657702395
1982-04-29,101016.10545145885
1982-04-30,100998.7470660963
1982-05-03,100992.18969059439
1982-05-04,101023.50371293354
1982-05-05,100958.78998685017
1982-05-06,100958.78998685017
1982-05-07,100958.78998685017
1982-05-10,100958.78998685017
1982-05-11,100958.78998685017
1982-05-12,100958.78998685017
1982-05-13,100958.78998685017
1982-05-14,100958.78998685017
1982-05-17,100958.78998685017
1982-05-18,100958.78998685017
1982-05-19,100958.78998685017
1982-05-20,100958.78998685017
1982-05-21,100958.78998685017
1982-05-24,100958.78998685017
1982-05-25,100958.78998685017
1982-05-26,100958.78998685017
1982-05-27,100958.78998685017
1982-05-28,100958.78998685017
1982-05-31,100958.78998685017
1982-06-01,100958.78998685017
1982-06-02,100928.61443128032
1982-06-03,100894.43692618406
1982-06-04,100909.44625052158
1982-06-07,100993.6029975831
1982-06-08,101089.75939743045
1982-06-09,101183.28402640422
1982-06-10,101189.0041937456
1982-06-11,101128.19608634753
1982-06-14,101406.73830368272
1982-06-15,101417.78965399059
1982-06-16,101500.72891468658
1982-06-17,101582.34396575505
1982-06-18,101650.65245099278
1982-06-21,101757.57834367483
1982-06-22,101630.16192509636
1982-06-23,101732.89153600953
1982-06-24,101669.1956680141
1982-06-25,101784.79980596872
1982-06-28,101829.97615260612
1982-06-29,101661.2365056783
1982-06-30,101643.63350601328
1982-07-01,101679.73590441259
1982-07-02,101715.84574530492
1982-07-05,101715.84574530492
1982-07-06,101785.19297354265
1982-07-07,101892.91170475852
1982-07-08,101897.08621839974
1982-07-09,101755.52147029318
1982-07-12,101659.26698119691
1982-07-13,101780.24528702385
1982-07-14,101761.51203250542
1982-07-15,101745.3190289389
1982-07-16,101661.8064235059
1982-07-19,101636.55992902735
1982-07-20,101536.07474323484
1982-07-21,101477.12055891186
1982-07-22,101488.9294075527
1982-07-23,101392.05634403267
1982-07-26,101426.88443186042
1982-07-27,101395.6803957377
1982-07-28,101534.52905629849
1982-07-29,101566.12363792091
1982-07-30,101580.7078201923
1982-08-02,101498.44686607154
1982-08-03,101520.53874706267
1982-08-04,101625.91601366285
1982-08-05,101629.32027724864
1982-08-06,101653.3860089141
1982-08-09,101712.32780400326
1982-08-10,101711.86067694823
1982-08-11,101727.53984563035
1982-08-12,101721.2600495684
1982-08-13,101695.60501796899
1982-08-16,101720.32658445086
1982-08-17,101685.62901511497
1982-08-18,101611.54222826468
1982-08-19,101632.16273588497
1982-08-20,101443.04514189526
1982-08-23,101445.12053132914
1982-08-24,101351.61691126268
1982-08-25,101372.54769689836
1982-08-26,101404.52831541431
1982-08-27,101490.40988193761
1982-08-30,101590.61463523669
1982-08-31,101565.46438133165
1982-09-01,101470.68637706642
1982-09-02,101513.4686826617
1982-09-03,101707.9531387964
1982-09-06,101707.9531387964
1982-09-07,101576.5603556477
1982-09-08,101699.67065520301
1982-09-09,101704.53590011744
1982-09-10,101703.99732651004
1982-09-13,101826.76589512517
1982-09-14,101929.73929343183
1982-09-15,102076.1847047706
1982-09-16,102053.27522488357
1982-09-17,101946.96200289331
1982-09-20,101927.96586879944
1982-09-21,102157.0933381899
1982-09-22,102100.6737264201
1982-09-23,102142.71788982514
1982-09-24,102158.0866304518
1982-09-27,102317.94032497883
1982-09-28,102324.42849661916
1982-09-29,102123.91190406811
1982-09-30,102095.42100728377
1982-10-01,102124.4439731367
1982-10-04,102256.71765964781
1982-10-05,102269.98991113722
1982-10-06,102348.54484271962
1982-10-07,102366.3067203906
1982-10-08,102485.64750327826
1982-10-11,102583.0058684907
1982-10-12,102375.28593766682
1982-10-13,102529.85688405675
1982-10-14,102521.35870480444
1982-10-15,102508.12183022285
1982-10-18,102568.20560491265
1982-10-19,102573.3799627454
1982-10-20,102698.23904952889
1982-10-21,102762.25691548602
1982-10-22,102770.08852844615
1982-10-25,102706.7228602514
1982-10-26,102694.6450506134
1982-10-27,102802.88695681673
1982-10-28,102814.63118629056
1982-10-29,102860.862893934
1982-11-01,103095.76031093812
1982-11-02,103451.84798977275
1982-11-03,104280.07528490221
1982-11-04,104341.51929671623
1982-11-05,104464.12289193273
1982-11-08,104318.21447988613
1982-11-09,104687.25609027981
1982-11-10,104454.95800584738
1982-11-11,104567.55852578043
1982-11-12,104445.88687563619
1982-11-15,104212.08982045337
1982-11-16,103820.2517520214
1982-11-17,104102.09911406029
1982-11-18,104190.15160793034
1982-11-19,104077.50983268175
1982-11-22,103807.71587274113
1982-11-23,103713.7290568587
1982-11-24,103714.66359179311
1982-11-25,103705.81928480194
1982-11-26,103896.74735943193
1982-11-29,103813.24312749096
1982-11-30,104259.23306663246
1982-12-01,104547.28275797816
1982-12-02,104564.45260521868
1982-12-03,104548.34690072908
1982-12-06,104928.93934284523
1982-12-07,105067.59203649411
1982-12-08,104995.99802665164
1982-12-09,104657.61905094296
1982-12-10,104265.40207682102
1982-12-13,104321.20203323038
1982-12-14,104103.50345892293
1982-12-15,103767.72473082754
1982-12-16,103670.10288885588
1982-12-17,103901.98577745946
1982-12-20,103792.27542447382
1982-12-21,103902.8507608755
1982-12-22,103906.24448721764
1982-12-23,104036.08198943971
1982-12-24,104105.80068488242
1982-12-27,104391.51654883033
1982-12-28,104282.97321028117
1982-12-29,104315.19825646335
1982-12-30,104239.66044517659
1982-12-31,104271.90392651246
1983-01-03,104091.45587346809
1983-01-04,104167.0706591185
1983-01-05,104232.2764050793
1983-01-06,104389.75621981933
1983-01-07,104454.10938818521
1983-01-10,104513.04336021584
1983-01-11,104403.3357843986
1983-01-12,104392.63183384814
1983-01-13,104450.93821871489
1983-01-14,104477.98857465119
1983-01-17,104487.15030878538
1983-01-18,104408.4660308095
1983-01-19,104258.68491613565
1983-01-20,104202.71759363072
1983-01-21,104213.65922762545
1983-01-24,103506.2632737252
1983-01-25,103545.37069629725
1983-01-26,103707.31000958645
1983-01-27,103942.56537904497
1983-01-28,104059.78433731991
1983-01-31,104296.64419142358
1983-02-01,104121.88842954248
1983-02-02,104216.29291104218
1983-02-03,104123.84298937145
1983-02-04,104327.90305088453
1983-02-07,104323.11285526893
1983-02-08,104220.634585981
1983-02-09,104145.58783794031
1983-02-10,104390.85477152422
1983-02-11,104427.55877598324
1983-02-14,104649.26472566862
1983-02-15,104611.8605022029
1983-02-16,104557.66933244395
1983-02-17,104521.1488099403
1983-02-18,104541.02973342028
1983-02-21,104465.71030053194
1983-02-22,104190.6365331708
1983-02-23,104240.69080063154
1983-02-24,104380.19721378987
1983-02-25,104450.69779433172
1983-02-28,104417.2358572153
1983-03-01,104402.34219223939
1983-03-02,104454.4771828155
1983-03-03,104496.36961549509
1983-03-04,104519.22334865112
1983-03-07,104534.90975686668
1983-03-08,104439.603195003
1983-03-09,104560.53391618843
1983-03-10,104612.47579322604
1983-03-11,104654.26281634676
1983-03-14,104547.23849838247
1983-03-15,104572.67728777822
1983-03-16,104614.14605148678
1983-03-17,104583.9254809598
1983-03-18,104694.27052180018
1983-03-21,104851.30850944848
1983-03-22,104923.92746686311
1983-03-23,105188.03168268035
1983-03-24,105311.74550132203
1983-03-25,105258.87897363823
1983-03-28,105182.52008558846
1983-03-29,105174.00578871215
1983-03-30,105422.7192000314
1983-03-31,105422.90375277745
1983-04-01,105413.6068397048
1983-04-04,105315.1236221823
1983-04-05,105183.81738001508
1983-04-06,105095.39554149313
1983-04-07,105087.68772140658
1983-04-08,105220.06077897092
1983-04-11,105588.56004170836
1983-04-12,105727.45483494597
1983-04-13,106022.78889159723
1983-04-14,106396.41443142017
1983-04-15,106572.86435312749
1983-04-18,106791.97147450889
1983-04-19,106584.66060552039
1983-04-20,106943.67698313619
1983-04-21,106954.73059569993
1983-04-22,107098.18486254194
1983-04-25,106937.82039824026
1983-04-26,107235.43821716872
1983-04-27,107303.83195445478
1983-04-28,107510.36660549397
1983-04-29,107730.44146133817
1983-05-02,107554.36132286103
1983-05-03,107516.95996132183
1983-05-04,107687.02715140974
1983-05-05,107960.40017301637
1983-05-06,108311.83002074595
1983-05-09,108429.41814940398
1983-05-10,108432.37022176024
1983-05-11,108330.79445929822
1983-05-12,108179.11140829224
1983-05-13,108269.47360109603
1983-05-16,107878.49371033146
1983-05-17,107941.92162322404
1983-05-18,108068.60436777891
1983-05-19,107928.24384898588
1983-05-20,107932.00111021988
1983-05-23,108027.58579619355
1983-05-24,108449.85758576736
1983-05-25,108604.14511698422
1983-05-26,108703.38387637632
1983-05-27,108670.4139429949
1983-05-30,108674.88802268392
1983-05-31,108326.40768745645
1983-06-01,108263.82012749632
1983-06-02,108345.85439709306
1983-06-03,108525.08204591979
1983-06-06,108639.29763605102
1983-06-07,108503.66314331166
1983-06-08,108358.76702181062
1983-06-09,108416.28639664155
1983-06-10,108616.09292432015
1983-06-13,109006.87355188387
1983-06-14,109208.29877121685
1983-06-15,109394.05798781222
1983-06-16,109745.64728524203
1983-06-17,109790.83905259393
1983-06-20,109710.74738143256
1983-06-21,109971.37900816547
1983-06-22,110123.49249324512
1983-06-23,110038.73733670605
1983-06-24,110140.17394932556
1983-06-27,109884.02277101624
1983-06-28,109174.31485298615
1983-06-29,109260.57260791761
1983-06-30,109377.68966171355
1983-07-01,109584.0789295322
1983-07-04,109644.15556255683
1983-07-05,109470.65957442197
1983-07-06,109687.06546305082
1983-07-07,109718.53778633758
1983-07-08,109677.95222349833
1983-07-11,109701.25652777044
1983-07-12,109446.16491651317
1983-07-13,109305.67032832917
1983-07-14,109372.2874652042
1983-07-15,109220.32015168674
1983-07-18,109067.97993779696
1983-07-19,109132.18602218502
1983-07-20,109777.79106448643
1983-07-21,110006.72076307006
1983-07-22,110020.01958878971
1983-07-25,110111.97601580377
1983-07-26,110216.7962244073
1983-07-27,109890.27274717955
1983-07-28,109614.06592672202
1983-07-29,109461.327651753
1983-08-01,109410.20522220159
1983-08-02,109439.0485020989
1983-08-03,109490.14654377032
1983-08-04,109323.55531028692
1983-08-05,109236.85181748879
1983-08-08,109031.91756227396
1983-08-09,108857.33307671962
1983-08-10,109039.54244805058
1983-08-11,109122.20982230885
1983-08-12,109173.46351266676
1983-08-15,109316.64468471929
1983-08-16,109038.29978552673
1983-08-17,109021.25394540794
1983-08-18,109041.42856106706
1983-08-19,109144.99040176727
1983-08-22,109146.3093335543
1983-08-23,108943.86867232973
1983-08-24,108852.52660473905
1983-08-25,108813.63381228787
1983-08-26,108971.19111738757
1983-08-29,109037.0748560766
1983-08-30,109126.52382143073
1983-08-31,109295.58881797963
1983-09-01,109399.56121497168
1983-09-02,109448.93983714038
1983-09-05,109561.79815171364
1983-09-06,109748.28293097565
1983-09-07,109927.08991134152
1983-09-08,109874.45330997434
1983-09-09,109780.72878031246
1983-09-12,109713.5111938055
1983-09-13,109562.9759686754
1983-09-14,109586.67700294766
1983-09-15,109468.56880230019
1983-09-16,109441.33700819871
1983-09-19,109489.89648296818
1983-09-20,109847.73684462428
1983-09-21,109820.47905701998
1983-09-22,110005.72136618744
1983-09-23,109869.8406177227
1983-09-26,110002.75600153397
1983-09-27,109947.16963720159
1983-09-28,109918.98850170303
1983-09-29,109823.32017025462
1983-09-30,109591.46982390084
1983-10-03,109571.50958595138
1983-10-04,109575.30465355865
1983-10-05,109703.43428474502
1983-10-06,109950.12497348117
1983-10-07,110076.01478865658
1983-10-10,110187.90984382163
1983-10-11,109875.95986426712
1983-10-12,109841.00762601435
1983-10-13,109710.49491071861
1983-10-14,109458.1677405606
1983-10-17,109618.45633904426
1983-10-18,109291.4966388317
1983-10-19,109213.87811852871
1983-10-20,109257.7784018413
1983-10-21,109316.63690056856
1983-10-24,109186.64500374268
1983-10-25,109152.77874816938
1983-10-26,109168.31813141452
1983-10-27,109257.75294008595
1983-10-28,109255.05182601491
1983-10-31,109296.0905293671
1983-11-01,109288.49067182008
1983-11-02,109279.81875478958
1983-11-03,109211.51013211324
1983-11-04,109158.71234903796
1983-11-07,109125.78551610724
1983-11-08,109120.8629156032
1983-11-09,109171.53057357222
1983-11-10,109092.75545223714
1983-11-11,109253.68209023663
1983-11-14,109348.89609908883
1983-11-15,109325.4376710377
1983-11-16,109440.93927906164
1983-11-17,109455.30563208411
1983-11-18,109384.02059530179
1983-11-21,109461.028127452
1983-11-22,109480.80212007136
1983-11-23,109510.45289209398
1983-11-24,109437.37911164602
1983-11-25,109417.38645621191
1983-11-28,109330.52501719538
1983-11-29,109357.87326875508
1983-11-30,109292.4582611142
1983-12-01,109319.43777670384
1983-12-02,109337.5301715766
1983-12-05,109485.65699233359
1983-12-06,109432.21152528467
1983-12-07,109432.275806749
1983-12-08,109447.15755309741
1983-12-09,109500.19177870122
1983-12-12,109527.0084175167
1983-12-13,109502.72302446752
1983-12-14,109429.11970474616
1983-12-15,109497.54930382354
1983-12-16,109600.18842215047
1983-12-19,109536.00423962888
1983-12-20,109673.78494961555
1983-12-21,109775.56077084102
1983-12-22,109753.07518884722
1983-12-23,109677.69436114487
1983-12-26,109857.8236502209
1983-12-27,109885.83212963647
1983-12-28,109873.41459796578
1983-12-29,109764.47077294507
1983-12-30,109736.72455184619
1984-01-03,109904.8773773723
1984-01-04,110061.18000693849
1984-01-05,110111.76838698155
1984-01-06,110197.13085758407
1984-01-09,110373.94942748392
1984-01-10,110231.26188568042
1984-01-11,110403.55344436466
1984-01-12,110428.3861150117
1984-01-13,110296.55408761062
1984-01-16,110252.981533261
1984-01-17,110352.2388781212
1984-01-18,110248.37971527335
1984-01-19,110173.39156766058
1984-01-20,110215.22026708546
1984-01-23,110054.98574820987
1984-01-24,110040.61214980907
1984-01-25,110119.53649576224
1984-01-26,110145.41927554423
1984-01-27,110173.95897748721
1984-01-30,110225.43353686151
1984-01-31,110191.61024367534
1984-02-01,110095.13167701615
1984-02-02,109903.87994088639
1984-02-03,109796.11951640033
1984-02-06,109773.94875259046
1984-02-07,109675.46239313975
1984-02-08,109702.4074521654
1984-02-09,109545.38378115141
1984-02-10,109473.63874674833
1984-02-13,109476.44782503389
1984-02-14,109274.89681216699
1984-02-15,109234.88537564188
1984-02-16,109239.74793423565
1984-02-17,109270.06809351098
1984-02-20,109283.56002141125
1984-02-21,109319.31826538312
1984-02-22,109293.1811448184
1984-02-23,109283.4560444514
1984-02-24,109308.66847643298
1984-02-27,109428.6340485932
1984-02-28,109430.51801342153
1984-02-29,109381.98994823327
1984-03-01,109258.66257938859
1984-03-02,109288.05490729552
1984-03-05,109441.88577714849
1984-03-06,109407.96124100997
1984-03-07,109366.00882995756
1984-03-08,109296.97221671927
1984-03-09,109337.57286936973
1984-03-12,109434.223578126
1984-03-13,109551.52318247348
1984-03-14,109691.79299683642
1984-03-15,109716.19881046227
1984-03-16,109836.96470017525
1984-03-19,109859.74163667276
1984-03-20,109859.74163667276
1984-03-21,109787.15650570393
1984-03-22,109832.23138492697
1984-03-23,109886.6387861455
1984-03-26,109861.35697642405
1984-03-27,109909.3835736779
1984-03-28,110096.95313082273
1984-03-29,110206.15259753903
1984-03-30,110344.75589516686
1984-04-02,110476.16066660173
1984-04-03,110348.49920025903
1984-04-04,110422.27141612944
1984-04-05,110411.67403899778
1984-04-06,110325.66864714884
1984-04-09,110286.83175031809
1984-04-10,110322.76341451333
1984-04-11,110358.55164649479
1984-04-12,110399.47903238465
1984-04-13,110471.23143013741
1984-04-16,110476.96328352945
1984-04-17,110304.42189408127
1984-04-18,110342.01619379505
1984-04-19,110114.15130502006
1984-04-20,110143.55958027756
1984-04-23,110137.79319277008
1984-04-24,110077.186484934
1984-04-25,110236.02732240655
1984-04-26,110288.83094257205
1984-04-27,110410.48209225948
1984-04-30,110410.48209225948
1984-05-01,110466.72515098553
1984-05-02,110597.92704760953
1984-05-03,110597.92704760953
1984-05-04,110726.61057123345
1984-05-07,110677.8128989287
1984-05-08,110532.5493340742
1984-05-09,110512.9124749942
1984-05-10,110271.5105383414
1984-05-11,110218.01913574808
1984-05-14,109922.69550154197
1984-05-15,109910.79955698358
1984-05-16,109907.23523098184
1984-05-17,109870.38915949021
1984-05-18,109687.25576972774
1984-05-21,109655.07508972571
1984-05-22,109609.61296286942
1984-05-23,109638.03233323508
1984-05-24,109655.89595346097
1984-05-25,109592.119915465
1984-05-28,109585.45415268623
1984-05-29,109605.71365813348
1984-05-30,109604.76128473655
1984-05-31,109543.13276203803
1984-06-01,109385.13152289708
1984-06-04,109560.35310407482
1984-06-05,109661.89319939545
1984-06-06,109657.71788480162
1984-06-07,109706.89052370042
1984-06-08,109734.45263374054
1984-06-11,109754.77654452616
1984-06-12,109712.44468422544
1984-06-13,109652.77085110375
1984-06-14,109556.72867817576
1984-06-15,109577.91952949332
1984-06-18,109614.30918863715
1984-06-19,109633.90991799053
1984-06-20,109696.35574789846
1984-06-21,109694.3261341499
1984-06-22,109695.81179201645
1984-06-25,109757.44686653785
1984-06-26,109737.59647451778
1984-06-27,109782.40462698386
1984-06-28,109766.60349217031
1984-06-29,109762.61326181685
1984-07-02,109795.87962329043
1984-07-03,109848.45145840937
1984-07-04,109854.3556591543
1984-07-05,109904.69112429573
1984-07-06,109936.83435731208
1984-07-09,109934.69200947382
1984-07-10,109899.88270143421
1984-07-11,109929.03458619771
1984-07-12,109952.00107670363
1984-07-13,109896.77318292967
1984-07-16,109865.86062490357
1984-07-17,109994.41731358122
1984-07-18,110015.7492118525
1984-07-19,109858.11298130492
1984-07-20,109909.67747732296
1984-07-23,109965.21292495281
1984-07-24,109929.69489089538
1984-07-25,109880.72025585217
1984-07-26,109838.14349772596
1984-07-27,110029.51331503627
1984-07-30,110069.82029554885
1984-07-31,110094.77941926215
1984-08-01,110143.36473792925
1984-08-02,110046.69091555722
1984-08-03,109863.85803134473
1984-08-06,109915.76172702694
1984-08-07,109981.98411800501
1984-08-08,109947.21999718928
1984-08-09,109946.71077465809
1984-08-10,109931.48516540155
1984-08-13,109982.69730885013
1984-08-14,109836.27110278505
1984-08-15,109779.16841778185
1984-08-16,109668.48271816841
1984-08-17,109710.18686563171
1984-08-20,109838.35501045665
1984-08-21,109984.10044043075
1984-08-22,109965.46513579017
1984-08-23,109928.7965439852
1984-08-24,109983.97385102703
1984-08-27,109967.85337225885
1984-08-28,110001.5407291896
1984-08-29,109973.99050823007
1984-08-30,109981.51175626907
1984-08-31,109999.10805918556
1984-09-03,110033.6234673871
1984-09-04,110053.30147808844
1984-09-05,110047.28223614462
1984-09-06,110007.30211737897
1984-09-07,110091.14630559504
1984-09-10,110068.39205232516
1984-09-11,110124.426720502
1984-09-12,110126.56891411777
1984-09-13,110428.41311091614
1984-09-14,110483.42244352815
1984-09-17,110629.42825039887
1984-09-18,110565.05113083935
1984-09-19,110522.19246698482
1984-09-20,110626.48712256263
1984-09-21,110342.88731355174
1984-09-24,110196.45337072757
1984-09-25,110481.09002100758
1984-09-26,110393.33773743623
1984-09-27,110401.2984731133
1984-09-28,110524.87619488902
1984-10-01,110402.30167272263
1984-10-02,110201.99660549134
1984-10-03,110082.85985974506
1984-10-04,110144.01841351736
1984-10-05,110231.4866563138
1984-10-08,110164.83400336868
1984-10-09,110289.03793690629
1984-10-10,110243.11574385027
1984-10-11,110358.30402423118
1984-10-12,110441.53249718835
1984-10-15,110643.03991935891
1984-10-16,110628.06888150782
1984-10-17,110551.8675093242
1984-10-18,110633.71233601944
1984-10-19,110536.17353711925
1984-10-22,110749.21810321516
1984-10-23,110548.36723827508
1984-10-24,110634.02147667855
1984-10-25,110567.11195595571
1984-10-26,110622.03606004424
1984-10-29,110734.40930611508
1984-10-30,110659.16441329813
1984-10-31,110652.45939013224
1984-11-01,110539.72489179841
1984-11-02,110496.82250597964
1984-11-05,110624.82064510588
1984-11-06,110663.80813568155
1984-11-07,110471.88925357163
1984-11-08,110458.07249077459
1984-11-09,110564.59005440873
1984-11-12,110553.6885039883
1984-11-13,110542.29072877597
1984-11-14,110710.1252842003
1984-11-15,110659.52946507906
1984-11-16,110562.67313600596
1984-11-19,110634.39130273313
1984-11-20,110649.1474274679
1984-11-21,110673.00126524978
1984-11-22,110612.97269350351
1984-11-23,110640.7662750034
1984-11-26,110671.79296757972
1984-11-27,110672.8767800939
1984-11-28,110758.21083968352
1984-11-29,110719.12349344278
1984-11-30,110883.09715410402
1984-12-03,111025.31303206923
1984-12-04,110966.88229263424
1984-12-05,110984.29602155104
1984-12-06,110951.28317853402
1984-12-07,110902.8535560387
1984-12-10,110707.84790248047
1984-12-11,110599.62123644988
1984-12-12,110787.16921714088
1984-12-13,110804.4104018223
1984-12-14,110856.67110340881
1984-12-17,110905.0812660714
1984-12-18,110896.55859276433
1984-12-19,111042.90722909443
1984-12-20,111039.58039086143
1984-12-21,110888.5049851718
1984-12-24,110920.8980487203
1984-12-25,110990.26625703972
1984-12-26,111000.32567817984
1984-12-27,111103.07394679368
1984-12-28,111128.17923807826
1984-12-31,111232.26900517408
1985-01-02,111075.44784137952
1985-01-03,110838.7767386953
1985-01-04,110857.08631844643
1985-01-07,111022.36516445958
1985-01-08,111097.71237015829
1985-01-09,111357.83322171285
1985-01-10,111623.4972943258
1985-01-11,111653.5860173768
1985-01-14,111943.29725585572
1985-01-15,112132.49192093425
1985-01-16,112636.10350365777
1985-01-17,112636.846175568
1985-01-18,112960.13517995473
1985-01-21,113317.55551273466
1985-01-22,113516.30856281094
1985-01-23,113437.61365086876
1985-01-24,113257.80383212016
1985-01-25,113326.42288993714
1985-01-28,113293.6648025264
1985-01-29,113427.90445388449
1985-01-30,113718.25406897897
1985-01-31,113763.1895600775
1985-02-01,113693.55861137222
1985-02-04,113895.92584976996
1985-02-05,113992.62889989736
1985-02-06,114083.34832226094
1985-02-07,114405.57400354506
1985-02-08,114587.82848580023
1985-02-11,114575.17096481906
1985-02-12,114488.86553427753
1985-02-13,114802.98829688302
1985-02-14,114805.29048642736
1985-02-15,114700.1286783766
1985-02-18,114654.88497465536
1985-02-19,114856.720225131
1985-02-20,114930.54479408418
1985-02-21,114971.33901727127
1985-02-22,114944.98562556283
1985-02-25,115065.55411811046
1985-02-26,115207.17957797473
1985-02-27,114824.35942564036
1985-02-28,114929.50648809319
1985-03-01,115310.66988165947
1985-03-04,115465.48167328231
1985-03-05,115563.56830545457
1985-03-06,115411.17874120499
1985-03-07,115104.20128902458
1985-03-08,114990.03639139647
1985-03-11,114753.64591872622
1985-03-12,114952.94432199563
1985-03-13,114903.18516204452
1985-03-14,114982.00433469439
1985-03-15,115060.44017723794
1985-03-18,114845.65242946528
1985-03-19,114725.70799967878
1985-03-20,114786.08991752064
1985-03-21,114691.83631102413
1985-03-22,114749.19310232658
1985-03-25,114534.06285114716
1985-03-26,114367.72240528782
1985-03-27,114263.87645929758
1985-03-28,114346.0054018492
1985-03-29,114248.0440831105
1985-04-01,114474.04333951541
1985-04-02,114481.0405582983
1985-04-03,114258.67163872696
1985-04-04,114225.49010882691
1985-04-05,114192.4852929028
1985-04-08,114127.32484654078
1985-04-09,114054.89875087209
1985-04-10,114212.54976471825
1985-04-11,114217.74891173055
1985-04-12,114314.027449643
1985-04-15,114446.12033632229
1985-04-16,114398.86146615041
1985-04-17,114652.78650059988
1985-04-18,114390.9235587176
1985-04-19,114358.52802031928
1985-04-22,114270.04303977118
1985-04-23,114269.90318358349
1985-04-24,114333.21068001521
1985-04-25,114481.27250289707
1985-04-26,114461.70714353235
1985-04-29,114281.74270816868
1985-04-30,114136.4889133449
1985-05-01,114062.88051385619
1985-05-02,114117.08252524797
1985-05-03,114212.80596690872
1985-05-06,114196.05998158104
1985-05-07,114086.6531881918
1985-05-08,114102.79338769914
1985-05-09,114051.80732382552
1985-05-10,114349.58170888413
1985-05-13,114357.71107092008
1985-05-14,114262.92111215774
1985-05-15,114381.41049563959
1985-05-16,114509.0967343088
1985-05-17,114544.46848779084
1985-05-20,114817.0849796882
1985-05-21,114911.37609022067
1985-05-22,114871.43565074209
1985-05-23,114696.29799521685
1985-05-24,114555.17318247313
1985-05-27,114596.88399071859
1985-05-28,114661.83978610621
1985-05-29,114571.26496812468
1985-05-30,114582.33261975447
1985-05-31,114660.06704598092
1985-06-03,114527.11279211534
1985-06-04,114746.71600108227
1985-06-05,114809.18448839942
1985-06-06,114692.2551845979
1985-06-07,114443.23415416409
1985-06-10,114278.8093385394
1985-06-11,114313.26825292909
1985-06-12,114044.59042278785
1985-06-13,113613.45969143428
1985-06-14,113726.33744969507
1985-06-17,113742.6813276258
1985-06-18,113797.7562692823
1985-06-19,113773.53578374963
1985-06-20,113677.82997734031
1985-06-21,113794.55609997158
1985-06-24,113924.421651944
1985-06-25,114102.4677806246
1985-06-26,114222.3208721559
1985-06-27,114300.42549257906
1985-06-28,114402.54806338859
1985-07-01,114477.1676959507
1985-07-02,114460.81146104349
1985-07-03,114449.75322483889
1985-07-04,114487.73739708256
1985-07-05,114591.15349550542
1985-07-08,114581.6405511149
1985-07-09,114498.54807694894
1985-07-10,114614.33967422137
1985-07-11,114588.18419121424
1985-07-12,114651.67853226997
1985-07-15,114335.31232005115
1985-07-16,114563.3261037806
1985-07-17,114758.44749520042
1985-07-18,114651.30311218771
1985-07-19,114707.37281780149
1985-07-22,114618.1748411449
1985-07-23,114486.40507510735
1985-07-24,114314.74216863645
1985-07-25,114347.72153715005
1985-07-26,114383.83029263777
1985-07-29,113906.87968206525
1985-07-30,113655.408933671
1985-07-31,113798.79887767343
1985-08-01,114233.34914168014
1985-08-02,114178.47337788335
1985-08-05,113926.30367605787
1985-08-06,113763.00443655418
1985-08-07,113677.82502068847
1985-08-08,113701.78124220824
1985-08-09,113707.63146724032
1985-08-12,113679.57070055974
1985-08-13,113609.02321138736
1985-08-14,113675.30569556213
1985-08-15,113729.0111922277
1985-08-16,113661.91694274661
1985-08-19,113610.04552938731
1985-08-20,113707.17994872064
1985-08-21,113784.29604442518
1985-08-22,113735.15464188192
1985-08-23,113752.43081031603
1985-08-26,113740.96363327384
1985-08-27,113714.89488113835
1985-08-28,113698.17603899221
1985-08-29,113830.01616145452
1985-08-30,113934.81948789913
1985-09-02,113939.56524639593
1985-09-03,113814.95162193276
1985-09-04,113664.62485190292
1985-09-05,113622.7362212762
1985-09-06,113709.2724344504
1985-09-09,113682.96208557652
1985-09-10,113424.11733920086
1985-09-11,113349.40307670215
1985-09-12,113404.41215551338
1985-09-13,113363.46340942258
1985-09-16,113308.29482719922
1985-09-17,113284.37751719025
1985-09-18,113243.48973696562
1985-09-19,113243.48973696562
1985-09-20,113189.67716006492
1985-09-23,113146.34418558262
1985-09-24,113066.42243397183
1985-09-25,113033.78471415589
1985-09-26,113003.32297665738
1985-09-27,113068.50184728287
1985-09-30,113129.72500886665
1985-10-01,113169.04890471858
1985-10-02,113230.96686014034
1985-10-03,113229.78170986184
1985-10-04,113280.41832155113
1985-10-07,113239.36969468652
1985-10-08,113250.65442944693
1985-10-09,113300.35890323737
1985-10-10,113339.70579055522
1985-10-11,113473.21680508282
1985-10-14,113522.34544502922
1985-10-15,113539.12712093165
1985-10-16,113638.63085755789
1985-10-17,113672.84124159941
1985-10-18,113640.89159526338
1985-10-21,113669.92901541534
1985-10-22,113651.23403957962
1985-10-23,113761.062028972
1985-10-24,113802.67571143039
1985-10-25,113573.26884807798
1985-10-28,113674.80337126783
1985-10-29,113869.94916679322
1985-10-30,113992.86180846213
1985-10-31,114042.17402708638
1985-11-01,114010.39758805321
1985-11-04,114012.12394414234
1985-11-05,114116.9901644417
1985-11-06,114304.97664951009
1985-11-07,114216.74525115953
1985-11-08,114366.21527588391
1985-11-11,114460.13355990151
1985-11-12,114549.81788323891
1985-11-13,114661.0895930052
1985-11-14,114639.21869316063
1985-11-15,114797.70770781935
1985-11-18,114872.11205975007
1985-11-19,114915.2897019931
1985-11-20,115075.47222282366
1985-11-21,115466.17358353561
1985-11-22,115604.51458075257
1985-11-25,115577.88946219638
1985-11-26,115327.50605660194
1985-11-27,115544.24213285047
1985-11-28,115443.18246707047
1985-11-29,115565.3269393859
1985-12-02,115224.69172214126
1985-12-03,115192.7946599145
1985-12-04,115273.02448593253
1985-12-05,115278.4545494935
1985-12-06,115225.6236029283
1985-12-09,115176.78993822401
1985-12-10,115192.86962304244
1985-12-11,115253.40309373649
1985-12-12,115372.2235812459
1985-12-13,115661.24701211535
1985-12-16,115750.49385932308
1985-12-17,115557.15276905589
1985-12-18,115584.23565119202
1985-12-19,115697.0871866025
1985-12-20,115649.1265051693
1985-12-23,115556.41770671323
1985-12-24,115355.2138382168
1985-12-25,115461.150012485
1985-12-26,115485.11157218562
1985-12-27,115810.22579380732
1985-12-30,116017.19876723895
1985-12-31,116142.65564071327
1986-01-01,116142.65564071327
1986-01-02,116080.03319886765
1986-01-03,116281.72609568862
1986-01-06,116195.61569909929
1986-01-07,116468.90588199707
1986-01-08,115939.31323381358
1986-01-09,115434.93210561799
1986-01-10,115488.6364301904
1986-01-13,115416.84300777901
1986-01-14,115282.17161246497
1986-01-15,115512.19547629906
1986-01-16,115663.34304275119
1986-01-17,115654.040039387
1986-01-20,115437.27356981025
1986-01-21,115344.41365795925
1986-01-22,115303.00688027112
1986-01-23,115324.06656403706
1986-01-24,115486.97672879741
1986-01-27,115580.8080240039
1986-01-28,115783.57858780287
1986-01-29,115825.7336648686
1986-01-30,115785.06768811111
1986-01-31,115946.43433594932
1986-02-03,116064.31202981262
1986-02-04,116049.85119429606
1986-02-05,116084.62904690145
1986-02-06,116142.12516090376
1986-02-07,116269.4124559345
1986-02-10,116423.18374985653
1986-02-11,116402.20815145975
1986-02-12,116499.75506614524
1986-02-13,116598.8936751857
1986-02-14,116792.23282890477
1986-02-17,116849.92281719917
1986-02-18,117047.46669921646
1986-02-19,116916.71688483245
1986-02-20,116993.94176767342
1986-02-21,117250.66251377613
1986-02-24,117388.86408261932
1986-02-25,117428.14823264879
1986-02-26,117512.77155092862
1986-02-27,117747.77316503128
1986-02-28,117759.94755969632
1986-03-03,117802.74252611333
1986-03-04,117834.95529149982
1986-03-05,117870.0003495964
1986-03-06,118038.4088002931
1986-03-07,118195.23489676653
1986-03-10,118340.02724677692
1986-03-11,118718.29742760984
1986-03-12,119051.33867613717
1986-03-13,119286.97918750677
1986-03-14,119619.05717642729
1986-03-17,119654.25497696886
1986-03-18,119756.35980780082
1986-03-19,119586.04327673037
1986-03-20,120013.16277372504
1986-03-21,120124.74410448449
1986-03-24,120111.48856270398
1986-03-25,119834.06499297083
1986-03-26,120437.28722539847
1986-03-27,121011.01503352055
1986-03-28,121040.08283513656
1986-03-31,121601.47254753644
1986-04-01,121414.00220733767
1986-04-02,121413.39377234991
1986-04-03,121093.45380027709
1986-04-04,120648.01225452095
1986-04-07,120441.11504689754
1986-04-08,120526.79134114196
1986-04-09,120633.81835565389
1986-04-10,120996.80709453669
1986-04-11,121201.01252353145
1986-04-14,121351.2330438486
1986-04-15,121272.85247778775
1986-04-16,121637.63720178031
1986-04-17,121943.28936555525
1986-04-18,122220.75484464428
1986-04-21,122341.94972199257
1986-04-22,122145.71271575568
1986-04-23,122019.41906239315
1986-04-24,121943.45607151731
1986-04-25,122034.79074967948
1986-04-28,122121.7482028763
1986-04-29,122159.54789306081
1986-04-30,121902.77076396343
1986-05-01,121682.39465352581
1986-05-02,121856.19125223313
1986-05-05,122026.97717622264
1986-05-06,121931.07063002043
1986-05-07,121746.73825598221
1986-05-08,121940.58693477944
1986-05-09,122117.13965288417
1986-05-12,121997.8217149539
1986-05-13,121825.99074166751
1986-05-14,121792.7222944882
1986-05-15,121573.627953363
1986-05-16,121214.85674087938
1986-05-19,121217.53203963628
1986-05-20,121374.43082747176
1986-05-21,121554.16026217761
1986-05-22,121870.6858596098
1986-05-23,122382.2013017525
1986-05-26,122597.15667058635
1986-05-27,122745.58681759483
1986-05-28,123010.86610091387
1986-05-29,122998.33672885555
1986-05-30,123072.94355519093
1986-06-02,123048.93075195147
1986-06-03,123020.78283145094
1986-06-04,123123.51020923669
1986-06-05,123253.65064138854
1986-06-06,123262.40812766005
1986-06-09,123181.27856425694
1986-06-10,122897.22496380721
1986-06-11,123172.57326983509
1986-06-12,123279.81383661322
1986-06-13,123834.97168713092
1986-06-16,123846.68605188225
1986-06-17,123569.1413273793
1986-06-18,123730.21997148372
1986-06-19,123865.19972919353
1986-06-20,124287.14858063124
1986-06-23,124099.90201515908
1986-06-24,124204.3571020012
1986-06-25,124666.39263421757
1986-06-26,124804.04785205839
1986-06-27,124798.5693191798
1986-06-30,125167.42840495941
1986-07-01,125361.30752828179
1986-07-02,125509.44868950747
1986-07-03,125534.65972297508
1986-07-04,125405.56096793496
1986-07-07,124455.97691958297
1986-07-08,124092.48483544275
1986-07-09,124047.53140403923
1986-07-10,124034.02891144111
1986-07-11,124199.93772755214
1986-07-14,123916.08131017342
1986-07-15,123747.35476030408
1986-07-16,123647.01786867518
1986-07-17,123785.66059197526
1986-07-18,123766.0749790061
1986-07-21,123305.38790455167
1986-07-22,123448.96590293174
1986-07-23,123686.06224077028
1986-07-24,123625.36531682326
1986-07-25,123720.41064007879
1986-07-28,123540.1051275057
1986-07-29,123247.66674330017
1986-07-30,123413.59895379507
1986-07-31,123076.44477481933
1986-08-01,122908.92366780606
1986-08-04,122722.0286650609
1986-08-05,122951.1994500982
1986-08-06,122733.28188783789
1986-08-07,122734.24310476727
1986-08-08,122733.41039596479
1986-08-11,123086.24422950696
1986-08-12,123559.1405870952
1986-08-13,123992.9015695297
1986-08-14,124290.30160621839
1986-08-15,124489.15640348852
1986-08-18,124662.0472295793
1986-08-19,124721.06019017365
1986-08-20,124985.28221621302
1986-08-21,124823.96684826475
1986-08-22,124628.15284368375
1986-08-25,124603.0389257724
1986-08-26,124935.58509245008
1986-08-27,124923.99544883682
1986-08-28,124832.03873502243
1986-08-29,125137.24746349631
1986-09-01,125473.67895495443
1986-09-02,125095.5112324892
1986-09-03,124964.83658633947
1986-09-04,125304.5719724266
1986-09-05,125293.0353447712
1986-09-08,124676.95518942487
1986-09-09,124616.80068131843
1986-09-10,124666.71275931259
1986-09-11,124313.5469954739
1986-09-12,123834.15338559373
1986-09-15,123972.49121324033
1986-09-16,123666.55559484725
1986-09-17,123624.70160724816
1986-09-18,123702.79189406442
1986-09-19,123701.51026904052
1986-09-22,123822.68098494476
1986-09-23,123718.50664709705
1986-09-24,123927.43578168681
1986-09-25,123896.58164588263
1986-09-26,123881.86478463084
1986-09-29,123955.91656426496
1986-09-30,123825.71768318767
1986-10-01,123678.37202655287
1986-10-02,123603.09052878643
1986-10-03,123633.61538249423
1986-10-06,123660.55323286256
1986-10-07,123683.89032728501
1986-10-08,123671.52538583802
1986-10-09,123690.22353736099
1986-10-10,123690.22353736099
1986-10-13,123647.21617090444
1986-10-14,123623.03437945082
1986-10-15,123706.14064054198
1986-10-16,123681.72909536237
1986-10-17,123564.7141169821
1986-10-20,123250.23357163802
1986-10-21,123080.39885393048
1986-10-22,123043.52385896262
1986-10-23,123126.4076972839
1986-10-24,123083.24066400508
1986-10-27,123085.53611724243
1986-10-28,123119.72625494185
1986-10-29,123272.0185865281
1986-10-30,123548.77768367334
1986-10-31,123635.96718769001
1986-11-03,123744.38259766328
1986-11-04,123733.88827418486
1986-11-05,123775.22993227119
1986-11-06,123775.69400490006
1986-11-07,123877.87626349623
1986-11-10,123865.14818062032
1986-11-11,123959.3049723731
1986-11-12,123924.82358287828
1986-11-13,123728.14795996234
1986-11-14,123773.05340797313
1986-11-17,123613.02833424791
1986-11-18,123370.90774007271
1986-11-19,123359.40373261788
1986-11-20,123372.14842820045
1986-11-21,123418.6946017093
1986-11-24,123436.85099945738
1986-11-25,123443.83200545138
1986-11-26,123483.43514010512
1986-11-27,123503.12524928036
1986-11-28,123551.31423704617
1986-12-01,123544.1757748616
1986-12-02,123705.08421969251
1986-12-03,123733.62491283371
1986-12-04,123726.16636999122
1986-12-05,123660.60885853418
1986-12-08,123669.29004745523
1986-12-09,123587.54601610507
1986-12-10,123668.64562156897
1986-12-11,123560.65038837852
1986-12-12,123543.31980475508
1986-12-15,123606.51796371644
1986-12-16,123695.85094585465
1986-12-17,123584.54532001734
1986-12-18,123507.63818502169
1986-12-19,123682.88155777613
1986-12-22,123729.93395809563
1986-12-23,123658.1756689099
1986-12-24,123711.91401391708
1986-12-25,123695.01139358502
1986-12-26,123708.53731780834
1986-12-29,123634.69882582447
1986-12-30,123626.43960265451
1986-12-31,123643.44033000532
1987-01-01,123643.44033000532
1987-01-02,123706.73351200143
1987-01-05,123770.3962562292
1987-01-06,123850.80187070051
1987-01-07,124041.16977931936
1987-01-08,124232.98513054609
1987-01-09,124433.17344369729
1987-01-12,124562.45762627073
1987-01-13,124503.44710564634
1987-01-14,124850.3918841765
1987-01-15,125074.78722648999
1987-01-16,125358.2123670912
1987-01-19,125434.4486938971
1987-01-20,125444.40728133699
1987-01-21,125472.57055750811
1987-01-22,125735.21665361994
1987-01-23,125906.30842435846
1987-01-26,125759.636304646
1987-01-27,126312.5103018992
1987-01-28,126431.26863077685
1987-01-29,126376.80896123104
1987-01-30,126615.45135513676
1987-02-02,127020.96918473
1987-02-03,126915.36343762626
1987-02-04,127235.95698097386
1987-02-05,127332.56202097826
1987-02-06,127549.11752784222
1987-02-09,127626.70438242047
1987-02-10,127301.81656898651
1987-02-11,127635.07475845015
1987-02-12,127523.05372064086
1987-02-13,127613.77838384795
1987-02-16,127781.59094062085
1987-02-17,128227.63729888215
1987-02-18,128507.8935277669
1987-02-19,128608.21118948552
1987-02-20,128770.35364877089
1987-02-23,128356.03925215025
1987-02-24,128594.28244466013
1987-02-25,129030.19492858715
1987-02-26,129359.44808904506
1987-02-27,129383.30329535276
1987-03-02,129825.30057489223
1987-03-03,130003.84131320316
1987-03-04,130222.21055075566
1987-03-05,130423.7844289116
1987-03-06,130330.14289659818
1987-03-09,130060.61131940995
1987-03-10,130322.31810149146
1987-03-11,130368.51066311712
1987-03-12,130636.31925858954
1987-03-13,130725.99825714614
1987-03-16,130528.67456881539
1987-03-17,130890.83343415904
1987-03-18,131063.88580993994
1987-03-19,130927.50214570719
1987-03-20,131122.8778730658
1987-03-23,131103.45950033126
1987-03-24,131041.4165712429
1987-03-25,131002.38274603066
1987-03-26,131091.6884146266
1987-03-27,131398.15336811775
1987-03-30,130631.9501463267
1987-03-31,130711.3485119179
1987-04-01,130938.67972087045
1987-04-02,131420.13678533328
1987-04-03,131794.10890325834
1987-04-06,132189.4884843054
1987-04-07,131983.8424819104
1987-04-08,132076.34446822616
1987-04-09,131697.51415139693
1987-04-10,131785.79867496935
1987-04-13,131317.47917650943
1987-04-14,131434.58381276912
1987-04-15,131683.59740911858
1987-04-16,132165.45302946956
1987-04-17,132225.9376374529
1987-04-20,132138.87821481237
1987-04-21,132419.0827239076
1987-04-22,132374.52751296482
1987-04-23,132317.4818749116
1987-04-24,132252.86696450005
1987-04-27,131391.19076057506
1987-04-28,131448.57134112666
1987-04-29,131546.95754897434
1987-04-30,131791.6130045884
1987-05-01,131936.12984119376
1987-05-04,131953.75546298307
1987-05-05,132104.96955687067
1987-05-06,132201.501376548
1987-05-07,132261.5749775461
1987-05-08,132432.2011342348
1987-05-11,132447.29783548758
1987-05-12,132381.75146594513
1987-05-13,132402.67169474208
1987-05-14,132524.78871430687
1987-05-15,132394.83333947216
1987-05-18,132272.87349883572
1987-05-19,132024.72779852417
1987-05-20,131448.08559210773
1987-05-21,131497.30586184183
1987-05-22,131609.72524604783
1987-05-25,131690.84671629287
1987-05-26,131724.0485500283
1987-05-27,131701.9731666812
1987-05-28,131797.86230106925
1987-05-29,132253.18453951282
1987-06-01,132511.4037504164
1987-06-02,132407.5151996262
1987-06-03,132611.01731373812
1987-06-04,132498.25753774517
1987-06-05,132593.40210766954
1987-06-08,132662.35501993247
1987-06-09,132958.88501330625
1987-06-10,132948.1678142811
1987-06-11,132926.52546042405
1987-06-12,133299.0025364988
1987-06-15,133441.25158587223
1987-06-16,133461.59362941157
1987-06-17,133614.05036920134
1987-06-18,133360.69828378904
1987-06-19,133046.9686753241
1987-06-22,132560.3195026493
1987-06-23,132604.8089286101
1987-06-24,132642.88537011336
1987-06-25,132663.33463100885
1987-06-26,132678.31261918554
1987-06-29,132578.65805177327
1987-06-30,132328.2385757757
1987-07-01,132259.6057926374
1987-07-02,132710.5509259474
1987-07-03,132702.91424846713
1987-07-06,132405.00363191467
1987-07-07,132567.49477664963
1987-07-08,132557.04662706022
1987-07-09,132598.129407433
1987-07-10,132728.34843254864
1987-07-13,132707.3100733733
1987-07-14,133001.8956938644
1987-07-15,133033.32260149575
1987-07-16,133277.1221844777
1987-07-17,133366.06200135188
1987-07-20,132962.81797494512
1987-07-21,132624.43160219793
1987-07-22,132347.84386628564
1987-07-23,132351.9077430823
1987-07-24,132887.85242766194
1987-07-27,132923.24762364733
1987-07-28,133365.97463953673
1987-07-29,133799.53026546395
1987-07-30,133942.031118822
1987-07-31,133926.57560886032
1987-08-03,133593.6488816149
1987-08-04,133324.2462564858
1987-08-05,133623.24340064885
1987-08-06,133996.3544974653
1987-08-07,133994.17002905722
1987-08-10,134585.24319713574
1987-08-11,135240.41208118768
1987-08-12,135341.36033262074
1987-08-13,135571.2624166505
1987-08-14,135524.1580262102
1987-08-17,135485.4021705697
1987-08-18,134650.66348321096
1987-08-19,134607.09095307204
1987-08-20,135206.66751335518
1987-08-21,135513.5181684028
1987-08-24,135466.3281938033
1987-08-25,135677.8023338696
1987-08-26,135719.57046869287
1987-08-27,135603.0715991241
1987-08-28,135241.9780814691
1987-08-31,135399.18615517524
1987-09-01,135275.6044879809
1987-09-02,134936.4119548674
1987-09-03,134693.3156337869
1987-09-04,134557.95151412848
1987-09-07,134033.52578538467
1987-09-08,133576.76568598463
1987-09-09,133520.6049573953
1987-09-10,133664.90170507357
1987-09-11,133899.30230047434
1987-09-14,133994.34166689537
1987-09-15,133743.2498620701
1987-09-16,133648.28054823534
1987-09-17,133640.39399997593
1987-09-18,133668.43062064663
1987-09-21,133611.6120119409
1987-09-22,133684.08470551745
1987-09-23,133782.1031675161
1987-09-24,133750.66288270368
1987-09-25,133865.97268339415
1987-09-28,134214.06294433682
1987-09-29,134255.46735026236
1987-09-30,134302.0043063337
1987-10-01,134348.58098319298
1987-10-02,134533.45633961045
1987-10-05,134689.84326238313
1987-10-06,134496.18253304076
1987-10-07,134274.9791805808
1987-10-08,134240.07413291401
1987-10-09,134136.0789747369
1987-10-12,133891.4178622209
1987-10-13,134192.20273573312
1987-10-14,133801.78179416416
1987-10-15,133471.8185094501
1987-10-16,133308.5638445089
1987-10-19,132509.37543706855
1987-10-20,130931.08005981977
1987-10-21,131062.57000684558
1987-10-22,131122.61969027587
1987-10-23,130668.8440832124
1987-10-26,130459.4310584826
1987-10-27,130459.4310584826
1987-10-28,130459.4310584826
1987-10-29,130459.4310584826
1987-10-30,130459.4310584826
1987-11-02,130459.4310584826
1987-11-03,130459.4310584826
1987-11-04,130459.4310584826
1987-11-05,130459.4310584826
1987-11-06,130459.4310584826
1987-11-09,130459.4310584826
1987-11-10,130459.4310584826
1987-11-11,130459.4310584826
1987-11-12,130459.4310584826
1987-11-13,130459.4310584826
1987-11-16,130459.4310584826
1987-11-17,130459.4310584826
1987-11-18,130459.4310584826
1987-11-19,130459.4310584826
1987-11-20,130470.01891821373
1987-11-23,130470.01891821373
1987-11-24,130523.26483518891
1987-11-25,130658.36316927371
1987-11-26,130679.45022261373
1987-11-27,130671.09505353415
1987-11-30,130455.18861703035
1987-12-01,130473.49430332535
1987-12-02,130483.84286805823
1987-12-03,130470.39592478979
1987-12-04,130444.66093264117
1987-12-07,130442.62748408403
1987-12-08,130442.62748408403
1987-12-09,130442.62748408403
1987-12-10,130442.62748408403
1987-12-11,130442.62748408403
1987-12-14,130442.62748408403
1987-12-15,130442.62748408403
1987-12-16,130442.62748408403
1987-12-17,130442.62748408403
1987-12-18,130442.62748408403
1987-12-21,130442.62748408403
1987-12-22,130442.62748408403
1987-12-23,130442.62748408403
1987-12-24,130442.62748408403
1987-12-25,130442.62748408403
1987-12-28,130442.62748408403
1987-12-29,130442.62748408403
1987-12-30,130442.62748408403
1987-12-31,130442.62748408403
1988-01-01,130442.62748408403
1988-01-04,130442.62748408403
1988-01-05,130442.62748408403
1988-01-06,130442.62748408403
1988-01-07,130442.62748408403
1988-01-08,130442.62748408403
1988-01-11,130442.62748408403
1988-01-12,130442.62748408403
1988-01-13,130442.62748408403
1988-01-14,130442.62748408403
1988-01-15,130442.62748408403
1988-01-18,130442.62748408403
1988-01-19,130442.62748408403
1988-01-20,130442.62748408403
1988-01-21,130442.62748408403
1988-01-22,130442.62748408403
1988-01-25,130442.62748408403
1988-01-26,130442.62748408403
1988-01-27,130312.97941453151
1988-01-28,130312.97941453151
1988-01-29,130312.97941453151
1988-02-01,130312.97941453151
1988-02-02,130283.57567191804
1988-02-03,130251.65999676798
1988-02-04,130291.12388092402
1988-02-05,130261.09048822655
1988-02-08,130304.28874534192
1988-02-09,130259.22518513344
1988-02-10,130299.84541794882
1988-02-11,130299.84541794882
1988-02-12,130382.6627921454
1988-02-15,130470.93733992348
1988-02-16,130521.44875468555
1988-02-17,130551.67463620352
1988-02-18,130649.67894635012
1988-02-19,130686.18692810519
1988-02-22,130715.49225084546
1988-02-23,130756.71220186375
1988-02-24,130763.67644721983
1988-02-25,130817.18867206566
1988-02-26,130843.0338445702
1988-02-29,130874.25409232156
1988-03-01,130952.82852234472
1988-03-02,131053.72704090385
1988-03-03,131017.5568429798
1988-03-04,131024.57494147903
1988-03-07,131024.35413819502
1988-03-08,130961.71749833375
1988-03-09,131014.269863542
1988-03-10,131018.07619359155
1988-03-11,130989.11803250722
1988-03-14,130945.96210372393
1988-03-15,130961.35892853692
1988-03-16,131047.92752541602
1988-03-17,131111.47233972308
1988-03-18,131146.85822527204
1988-03-21,131146.85822527204
1988-03-22,131098.79052020537
1988-03-23,131118.2848216628
1988-03-24,131073.92662767557
1988-03-25,130995.26469439639
1988-03-28,130992.30963176618
1988-03-29,131159.03192828348
1988-03-30,131344.95545764556
1988-03-31,131313.56253011012
1988-04-01,131232.65473311587
1988-04-04,131345.765323957
1988-04-05,131334.42503003872
1988-04-06,131431.59776972514
1988-04-07,131559.79717957057
1988-04-08,131548.7776246384
1988-04-11,131636.38641367928
1988-04-12,131638.58190653674
1988-04-13,131665.26857635914
1988-04-14,131727.68012003155
1988-04-15,131617.44183070905
1988-04-18,131505.03450491632
1988-04-19,131491.42694536666
1988-04-20,131643.13166219872
1988-04-21,131615.37231514356
1988-04-22,131620.76779885584
1988-04-25,131897.59041901346
1988-04-26,131921.0010278044
1988-04-27,131894.71726679525
1988-04-28,132020.47180388615
1988-04-29,131971.49845573975
1988-05-02,132119.23270156275
1988-05-03,132296.86391965824
1988-05-04,132251.24151812738
1988-05-05,131989.11318423526
1988-05-06,131879.39231964803
1988-05-09,131612.62246797036
1988-05-10,131659.74050384242
1988-05-11,131118.8430736953
1988-05-12,131197.32241193063
1988-05-13,131446.934787811
1988-05-16,131668.57310595614
1988-05-17,131697.5985839314
1988-05-18,131510.8631609704
1988-05-19,131189.05103556556
1988-05-20,131184.75622737178
1988-05-23,131088.93915616223
1988-05-24,131148.15817491506
1988-05-25,131184.77816815444
1988-05-26,131221.75157346923
1988-05-27,131180.17754008755
1988-05-30,131167.5404908753
1988-05-31,131294.289170475
1988-06-01,131461.3965521901
1988-06-02,131489.32121769793
1988-06-03,131535.44396643556
1988-06-06,131628.3632046068
1988-06-07,131622.37123091728
1988-06-08,131715.31200754383
1988-06-09,131885.42983575483
1988-06-10,131956.2704045102
1988-06-13,131995.0786790594
1988-06-14,132226.24895419765
1988-06-15,132359.06606233053
1988-06-16,132104.09990351903
1988-06-17,132193.90590657888
1988-06-20,132047.11936854897
1988-06-21,131949.9582979373
1988-06-22,132192.63424738825
1988-06-23,132136.15386417476
1988-06-24,132245.19376186814
1988-06-27,131773.37996257647
1988-06-28,131752.1636502247
1988-06-29,131803.28229838528
1988-06-30,132012.7326754739
1988-07-01,132000.92428376523
1988-07-04,131950.9111752328
1988-07-05,132069.8166944223
1988-07-06,132266.82822726943
1988-07-07,132285.0983163381
1988-07-08,132395.83803485025
1988-07-11,132459.95420783272
1988-07-12,132434.38697801443
1988-07-13,132349.60517073504
1988-07-14,132457.71218339488
1988-07-15,132550.11484501328
1988-07-18,132247.83004416164
1988-07-19,131628.7440693912
1988-07-20,131882.78630484515
1988-07-21,131556.1659528237
1988-07-22,131023.48986380208
1988-07-25,131122.36857023987
1988-07-26,131194.70339572642
1988-07-27,131237.1073559633
1988-07-28,131337.54758902921
1988-07-29,131520.11030994242
1988-08-01,131702.17797952873
1988-08-02,131743.19186415104
1988-08-03,131737.27160861908
1988-08-04,131685.0973323665
1988-08-05,131771.4958483895
1988-08-08,131652.3288864178
1988-08-09,131394.53677102795
1988-08-10,130655.52674641412
1988-08-11,130554.05705766712
1988-08-12,130614.82527781391
1988-08-15,130324.80604636198
1988-08-16,130374.13762259098
1988-08-17,130590.63667323996
1988-08-18,130523.86724809797
1988-08-19,130577.81100868947
1988-08-22,130461.95359069775
1988-08-23,130443.44822057488
1988-08-24,130237.8505944669
1988-08-25,130124.90131216207
1988-08-26,130086.6399057533
1988-08-29,130161.54844536589
1988-08-30,130135.95586672977
1988-08-31,130205.66248795099
1988-09-01,130206.18003953964
1988-09-02,130089.20268301007
1988-09-05,130088.4109491408
1988-09-06,130018.44600893189
1988-09-07,129998.93085742428
1988-09-08,130015.38281418044
1988-09-09,130035.8525532245
1988-09-12,130019.1889598161
1988-09-13,130026.61223344292
1988-09-14,130132.42811255463
1988-09-15,130119.7760131335
1988-09-16,130134.57279837428
1988-09-19,130115.13841697869
1988-09-20,129989.97258470161
1988-09-21,130073.1974729319
1988-09-22,129998.53216182113
1988-09-23,129987.88807447207
1988-09-26,129966.83713669943
1988-09-27,129930.01688903943
1988-09-28,129992.38947136348
1988-09-29,130000.33387155649
1988-09-30,129991.68350087425
1988-10-03,129722.77401808344
1988-10-04,129681.10549831386
1988-10-05,129712.64379185178
1988-10-06,129670.89410489475
1988-10-07,129868.41373663118
1988-10-10,129829.0956176087
1988-10-11,129817.88566050993
1988-10-12,129681.83257396755
1988-10-13,129724.33286982315
1988-10-14,129733.6554231239
1988-10-17,129765.3157291153
1988-10-18,129870.04125880441
1988-10-19,129776.14747022383
1988-10-20,129866.503460974
1988-10-21,129860.54752928077
1988-10-24,129828.22454217236
1988-10-25,129815.14130457796
1988-10-26,129785.16372349886
1988-10-27,129746.05153737596
1988-10-28,129802.51652468738
1988-10-31,129790.31719772346
1988-11-01,129805.86714211965
1988-11-02,129791.47386290788
1988-11-03,129797.21413781945
1988-11-04,129646.16140169607
1988-11-07,129494.25184824904
1988-11-08,129611.23391248926
1988-11-09,129618.57360053495
1988-11-10,129612.66707825499
1988-11-11,129491.51516521147
1988-11-14,129502.618889667
1988-11-15,129648.01300007568
1988-11-16,129671.57467415476
1988-11-17,129707.21584012847
1988-11-18,129753.10264527766
1988-11-21,129785.62509583351
1988-11-22,129896.61141714542
1988-11-23,129980.30702480466
1988-11-24,130050.47447230849
1988-11-25,129770.5979895192
1988-11-28,129519.73909703222
1988-11-29,129866.6581634187
1988-11-30,130283.90284850878
1988-12-01,130161.15024019878
1988-12-02,130049.36360701564
1988-12-05,130261.41996955276
1988-12-06,130438.94404058883
1988-12-07,130758.22822577291
1988-12-08,130457.57578894819
1988-12-09,130467.94539748562
1988-12-12,130343.30599144877
1988-12-13,130215.27801197291
1988-12-14,130216.52371068347
1988-12-15,130100.79438426283
1988-12-16,130029.3937803162
1988-12-19,129941.67630602531
1988-12-20,129962.63753202945
1988-12-21,130157.17279790092
1988-12-22,130240.60686729716
1988-12-23,130261.73052078689
1988-12-26,130373.7204680429
1988-12-27,130472.52492935093
1988-12-28,130726.31418040676
1988-12-29,130738.08017788031
1988-12-30,130691.55989957968
1989-01-02,130691.55989957968
1989-01-03,131092.6094626672
1989-01-04,131413.23887788728
1989-01-05,131444.93439587165
1989-01-06,131326.11464754544
1989-01-09,131781.78781814838
1989-01-10,131776.92755701143
1989-01-11,131968.05440691957
1989-01-12,132126.1106423006
1989-01-13,132139.4756196445
1989-01-16,131989.91980687634
1989-01-17,131774.32181269873
1989-01-18,131827.81524391758
1989-01-19,132126.96847188886
1989-01-20,131929.17698988743
1989-01-23,131750.6088543111
1989-01-24,132171.14685716317
1989-01-25,132356.85448481195
1989-01-26,132469.474130804
1989-01-27,132949.39563137828
1989-01-30,133169.79615479623
1989-01-31,133313.06498992888
1989-02-01,133054.93647293092
1989-02-02,133262.8545674521
1989-02-03,133708.71566529368
1989-02-06,133672.18474934282
1989-02-07,134087.7841137152
1989-02-08,134334.93313111956
1989-02-09,134263.69041341144
1989-02-10,133916.3884045179
1989-02-13,133548.06851596865
1989-02-14,133500.68446176077
1989-02-15,133785.46641175944
1989-02-16,133811.42210479642
1989-02-17,134243.12914630756
1989-02-20,134563.06663235315
1989-02-21,134194.98458811064
1989-02-22,133665.19303511453
1989-02-23,133449.68376835168
1989-02-24,132919.64220531244
1989-02-27,132363.46147297384
1989-02-28,132141.32303643713
1989-03-01,132443.028799638
1989-03-02,132651.08986655832
1989-03-03,133247.4216874579
1989-03-06,133542.87122668864
1989-03-07,133737.85487205035
1989-03-08,133473.378171406
1989-03-09,133328.897766817
1989-03-10,133301.3225426834
1989-03-13,133287.16277949567
1989-03-14,133574.96142832094
1989-03-15,134050.93950603204
1989-03-16,134342.3179620062
1989-03-17,133535.90842327845
1989-03-20,132615.72896380362
1989-03-21,132724.02581163342
1989-03-22,132570.6103242116
1989-03-23,132601.66768031364
1989-03-24,132599.27159342944
1989-03-27,132652.46987166148
1989-03-28,132839.6550451846
1989-03-29,132924.04981410995
1989-03-30,132873.7001811247
1989-03-31,133154.83249071828
1989-04-03,133149.96491695274
1989-04-04,133101.01220057887
1989-04-05,133173.6732527361
1989-04-06,133175.56584724862
1989-04-07,133338.27905215084
1989-04-10,133342.09017686493
1989-04-11,133570.3074826789
1989-04-12,133827.52769181321
1989-04-13,133717.92553255407
1989-04-14,134055.88967606932
1989-04-17,134482.6203400123
1989-04-18,134695.06115040515
1989-04-19,134933.59160487168
1989-04-20,134633.45858678885
1989-04-21,134469.31686001158
1989-04-24,134318.52521679804
1989-04-25,134437.57410502492
1989-04-26,134687.61360709748
1989-04-27,134734.62717470602
1989-04-28,135030.9940783814
1989-05-01,135051.46153251687
1989-05-02,134979.16932349178
1989-05-03,135072.17668567706
1989-05-04,135545.30712077077
1989-05-05,136019.8878551173
1989-05-08,135949.26661937885
1989-05-09,135854.2653178567
1989-05-10,135899.24746499385
1989-05-11,135991.74759069845
1989-05-12,136092.2341853508
1989-05-15,136481.36984116075
1989-05-16,136275.72368631104
1989-05-17,136430.34554400577
1989-05-18,136852.74441212555
1989-05-19,136493.95108738652
1989-05-22,135990.54292759195
1989-05-23,136506.0902833082
1989-05-24,136414.93613256776
1989-05-25,135748.43321088757
1989-05-26,135910.49849001088
1989-05-29,136003.95679359307
1989-05-30,136112.4151494584
1989-05-31,136026.28845234707
1989-06-01,135997.87984425912
1989-06-02,135946.84994514665
1989-06-05,135657.02185330028
1989-06-06,135665.68486295524
1989-06-07,136327.7814612833
1989-06-08,136686.12480575975
1989-06-09,136658.54792108454
1989-06-12,136485.62983232376
1989-06-13,136033.4718173846
1989-06-14,136254.8735688772
1989-06-15,135672.6768321475
1989-06-16,135924.1714970016
1989-06-19,136193.56541125005
1989-06-20,136528.85194164782
1989-06-21,136274.0405313017
1989-06-22,136596.57470818888
1989-06-23,137059.74438533557
1989-06-26,137106.64524233557
1989-06-27,137265.2772023269
1989-06-28,137042.67507722072
1989-06-29,135864.94113609623
1989-06-30,135461.67351015244
1989-07-03,135594.02927481508
1989-07-04,135922.75791803887
1989-07-05,135735.72931241215
1989-07-06,135691.37661369258
1989-07-07,136164.0366998523
1989-07-10,136363.8014597571
1989-07-11,136313.9550437609
1989-07-12,136459.49907489054
1989-07-13,136488.53457166304
1989-07-14,136703.88627272454
1989-07-17,136736.19079532506
1989-07-18,136493.03174280917
1989-07-19,136948.83198490378
1989-07-20,137031.3176225331
1989-07-21,137259.1820558367
1989-07-24,137151.94676957896
1989-07-25,137282.06856981973
1989-07-26,137684.19378657447
1989-07-27,137947.1960240688
1989-07-28,137840.61995629157
1989-07-31,137947.79904010295
1989-08-01,138169.5120936929
1989-08-02,138388.87485566922
1989-08-03,138308.83528746397
1989-08-04,138452.8777814066
1989-08-07,138699.13394122408
1989-08-08,139043.00450322893
1989-08-09,139004.82589601213
1989-08-10,139151.1668633901
1989-08-11,138991.42014130624
1989-08-14,138548.11180654692
1989-08-15,138418.36060873704
1989-08-16,138810.41231133632
1989-08-17,138714.16552852685
1989-08-18,138750.46421721566
1989-08-21,138745.2045718053
1989-08-22,138744.36364204122
1989-08-23,139104.10208118404
1989-08-24,139733.28332592582
1989-08-25,139856.12958464297
1989-08-28,139882.24096842497
1989-08-29,139552.30329278728
1989-08-30,139639.68352037028
1989-08-31,139904.39290180593
1989-09-01,140345.78610079398
1989-09-04,140559.4563915014
1989-09-05,140715.9669852163
1989-09-06,140250.842556977
1989-09-07,140255.595315573
1989-09-08,140602.59623726155
1989-09-11,140240.47394922498
1989-09-12,140343.0527880565
1989-09-13,139881.74293186053
1989-09-14,139548.26121748798
1989-09-15,139265.3072754434
1989-09-18,139191.06722968956
1989-09-19,139260.48005425793
1989-09-20,139336.25944591392
1989-09-21,139485.91646905956
1989-09-22,139649.01607623775
1989-09-25,139487.707215839
1989-09-26,139331.27084990352
1989-09-27,138867.92175686354
1989-09-28,139260.8604874272
1989-09-29,139415.1758352673
1989-10-02,139548.3602763812
1989-10-03,140049.09178415436
1989-10-04,140248.03713282317
1989-10-05,140267.77410124085
1989-10-06,140472.2061792944
1989-10-09,140558.9141299897
1989-10-10,140386.68635687884
1989-10-11,139907.8610102287
1989-10-12,139617.48715114457
1989-10-13,137215.7952443461
1989-10-16,134943.22426959325
1989-10-17,135190.72842292025
1989-10-18,135301.25264923563
1989-10-19,135602.9740466197
1989-10-20,135615.5653617484
1989-10-23,135560.41996744278
1989-10-24,135373.8854928278
1989-10-25,135335.1469319436
1989-10-26,135250.83572746438
1989-10-27,134990.1523946482
1989-10-30,134918.84850650246
1989-10-31,135109.02415916006
1989-11-01,135153.07827200388
1989-11-02,135019.85393416125
1989-11-03,134981.12088614196
1989-11-06,134712.68079582797
1989-11-07,134656.5164058512
1989-11-08,134867.34925980575
1989-11-09,135002.14107912275
1989-11-10,135280.51053965697
1989-11-13,135536.4924183889
1989-11-14,135300.48103172713
1989-11-15,135362.74404511537
1989-11-16,135498.36004049052
1989-11-17,135717.83381588722
1989-11-20,135490.1005968609
1989-11-21,135357.00545940187
1989-11-22,135488.18699627815
1989-11-23,135710.44737531428
1989-11-24,136012.81933524832
1989-11-27,136142.9267895763
1989-11-28,136162.74452742306
1989-11-29,136281.62860839604
1989-11-30,136440.80589214555
1989-12-01,137090.29374042735
1989-12-04,137414.90988216473
1989-12-05,137383.3028730698
1989-12-06,137748.8051857173
1989-12-07,137828.30393592402
1989-12-08,137675.93992798534
1989-12-11,137578.33028744473
1989-12-12,137863.06339732883
1989-12-13,138047.01586530707
1989-12-14,137960.55725928076
1989-12-15,137928.61126251225
1989-12-18,137922.26958775573
1989-12-19,137735.92752478458
1989-12-20,137904.72494603967
1989-12-21,137806.61318038305
1989-12-22,138020.08855945425
1989-12-25,138205.1157502915
1989-12-26,138325.23722014602
1989-12-27,138730.7670649752
1989-12-28,138809.61821698197
1989-12-29,138788.37405977142
1990-01-01,138788.37405977142
1990-01-02,138930.33838616437
1990-01-03,139338.01096487246
1990-01-04,139027.52189194303
1990-01-05,138646.71456471639
1990-01-08,138849.54279922767
1990-01-09,138879.44036418624
1990-01-10,138228.48205821298
1990-01-11,138426.1567024954
1990-01-12,137822.43234835024
1990-01-15,137533.77199694363
1990-01-16,136952.924552202
1990-01-17,136986.61568651177
1990-01-18,136834.4542238636
1990-01-19,136897.6301274076
1990-01-22,136934.8281976117
1990-01-23,136912.4496167887
1990-01-24,136538.63174307987
1990-01-25,137117.8700654466
1990-01-26,137254.7533663982
1990-01-29,137597.56495171817
1990-01-30,137548.07250315952
1990-01-31,137630.43134109207
1990-02-01,137968.14110681
1990-02-02,138756.26831858727
1990-02-05,139128.5276233171
1990-02-06,139103.65315370754
1990-02-07,138653.35763001145
1990-02-08,138995.17649836192
1990-02-09,138817.005941316
1990-02-12,138615.7519796078
1990-02-13,138539.11826666546
1990-02-14,138441.39560501164
1990-02-15,138757.90439751465
1990-02-16,139155.14255408692
1990-02-19,139119.4861839603
1990-02-20,138644.75061728485
1990-02-21,137719.4760246732
1990-02-22,137859.10963250848
1990-02-23,137490.5005753423
1990-02-26,137451.84482764668
1990-02-27,137752.79620886195
1990-02-28,137840.13213564386
1990-03-01,137727.20052627393
1990-03-02,137792.94169440068
1990-03-05,138035.5035194467
1990-03-06,137895.8807619823
1990-03-07,138044.553296637
1990-03-08,138179.85527792363
1990-03-09,138152.0319012283
1990-03-12,138020.44032757732
1990-03-13,138182.35154717683
1990-03-14,138251.8077108749
1990-03-15,138342.58929179594
1990-03-16,138302.09686102704
1990-03-19,138565.036134338
1990-03-20,138437.0970303306
1990-03-21,138798.67689217447
1990-03-22,138881.46823483892
1990-03-23,138894.4985976784
1990-03-26,139129.77039270883
1990-03-27,139055.85886578937
1990-03-28,138918.96796063185
1990-03-29,139231.70800074976
1990-03-30,139300.7497806702
1990-04-02,138842.99920459042
1990-04-03,139181.56058303217
1990-04-04,139125.3116180785
1990-04-05,139038.704538192
1990-04-06,139096.97807638886
1990-04-09,138691.03712785145
1990-04-10,138661.619426405
1990-04-11,138617.67863880008
1990-04-12,138703.36144672456
1990-04-13,138703.36144672456
1990-04-16,138703.36144672456
1990-04-17,138741.2668460605
1990-04-18,138719.54338231887
1990-04-19,138671.31285429682
1990-04-20,138789.7754438206
1990-04-23,138503.38584095665
1990-04-24,138445.59776390198
1990-04-25,138457.16250172316
1990-04-26,138420.94150832214
1990-04-27,138293.47466396206
1990-04-30,138128.2205253584
1990-05-01,138107.02709457785
1990-05-02,138275.359916077
1990-05-03,138484.40488534723
1990-05-04,138624.67931173125
1990-05-07,138753.4333268062
1990-05-08,138673.78035953717
1990-05-09,138597.31999437115
1990-05-10,138636.385157118
1990-05-11,138547.91005271237
1990-05-14,138536.49107830808
1990-05-15,138405.99487406574
1990-05-16,138371.8133070034
1990-05-17,138178.32521040115
1990-05-18,138322.69796039507
1990-05-21,138212.68142470537
1990-05-22,138238.74984459064
1990-05-23,138355.1993648341
1990-05-24,138346.9581421667
1990-05-25,138237.96934061858
1990-05-28,138232.7106639407
1990-05-29,138434.772510839
1990-05-30,138458.4054221899
1990-05-31,138493.7757556406
1990-06-01,138735.32434964753
1990-06-04,138891.10318978864
1990-06-05,138921.78399963756
1990-06-06,138732.4687088015
1990-06-07,138750.22596771285
1990-06-08,138555.2006990491
1990-06-11,138371.5384743753
1990-06-12,138583.46220124525
1990-06-13,138642.35971787712
1990-06-14,138618.76359922657
1990-06-15,138539.89496559484
1990-06-18,138462.27017217007
1990-06-19,138613.54820117232
1990-06-20,138817.298124489
1990-06-21,138923.93412185842
1990-06-22,138848.13715639492
1990-06-25,138937.0476594009
1990-06-26,138987.24164173438
1990-06-27,138850.84286362692
1990-06-28,138959.73759738536
1990-06-29,138823.54036638397
1990-07-02,139044.52330900836
1990-07-03,139077.44019287915
1990-07-04,139127.12890864245
1990-07-05,138989.31448550042
1990-07-06,138986.69407854023
1990-07-09,139039.705503965
1990-07-10,138874.1030446535
1990-07-11,138921.76648407656
1990-07-12,139161.67834228402
1990-07-13,139224.89666652086
1990-07-16,139246.3026945841
1990-07-17,139083.68982690416
1990-07-18,139216.4924543349
1990-07-19,139106.10719465165
1990-07-20,139010.22229917138
1990-07-23,138745.8239753806
1990-07-24,138521.98492666092
1990-07-25,138588.5402634027
1990-07-26,138565.46125114922
1990-07-27,138426.86465717055
1990-07-30,138258.62018109678
1990-07-31,138328.7070222095
1990-08-01,138255.06881719694
1990-08-02,137748.86201330836
1990-08-03,137359.34938169742
1990-08-06,137010.69734139318
1990-08-07,136970.8324112746
1990-08-08,137173.55906886945
1990-08-09,136940.2912577068
1990-08-10,136882.91573615582
1990-08-13,136840.10776251456
1990-08-14,136870.5239543123
1990-08-15,136995.5682983696
1990-08-16,137001.2009264803
1990-08-17,136932.48286352988
1990-08-20,136853.6260699802
1990-08-21,136840.10776251456
1990-08-22,136743.2265590107
1990-08-23,136743.2265590107
1990-08-24,136743.2265590107
1990-08-27,136743.2265590107
1990-08-28,136743.2265590107
1990-08-29,136547.17840954554
1990-08-30,136588.35807131184
1990-08-31,136607.68730030418
1990-09-03,136590.0388738329
1990-09-04,136579.95405870647
1990-09-05,136567.3480397984
1990-09-06,136561.46523097466
1990-09-07,136574.07124988272
1990-09-10,136607.68730030418
1990-09-11,136604.32569526203
1990-09-12,136622.81452299384
1990-09-13,136612.7297078674
1990-09-14,136586.67726879075
1990-09-17,136550.5400145877
1990-09-18,136550.5400145877
1990-09-19,136550.5400145877
1990-09-20,136550.5400145877
1990-09-21,136550.5400145877
1990-09-24,136550.5400145877
1990-09-25,136550.5400145877
1990-09-26,136550.5400145877
1990-09-27,136550.5400145877
1990-09-28,136550.5400145877
1990-10-01,136550.5400145877
1990-10-02,136550.5400145877
1990-10-03,136550.5400145877
1990-10-04,136550.5400145877
1990-10-05,136550.5400145877
1990-10-08,136550.5400145877
1990-10-09,136550.5400145877
1990-10-10,136550.5400145877
1990-10-11,136550.5400145877
1990-10-12,136550.5400145877
1990-10-15,136550.5400145877
1990-10-16,136550.5400145877
1990-10-17,136550.5400145877
1990-10-18,136550.5400145877
1990-10-19,136550.5400145877
1990-10-22,136550.5400145877
1990-10-23,136550.5400145877
1990-10-24,136550.5400145877
1990-10-25,136550.5400145877
1990-10-26,136550.5400145877
1990-10-29,136550.5400145877
1990-10-30,136550.5400145877
1990-10-31,136550.5400145877
1990-11-01,136550.5400145877
1990-11-02,136550.5400145877
1990-11-05,136550.5400145877
1990-11-06,136550.5400145877
1990-11-07,136550.5400145877
1990-11-08,136550.5400145877
1990-11-09,136550.5400145877
1990-11-12,136550.5400145877
1990-11-13,136550.5400145877
1990-11-14,136550.5400145877
1990-11-15,136550.5400145877
1990-11-16,136550.5400145877
1990-11-19,136550.5400145877
1990-11-20,136550.5400145877
1990-11-21,136550.5400145877
1990-11-22,136550.5400145877
1990-11-23,136550.5400145877
1990-11-26,136550.5400145877
1990-11-27,136550.5400145877
1990-11-28,136550.5400145877
1990-11-29,136550.5400145877
1990-11-30,136550.5400145877
1990-12-03,136550.5400145877
1990-12-04,136550.5400145877
1990-12-05,136550.5400145877
1990-12-06,136550.5400145877
1990-12-07,136669.8188949253
1990-12-10,136623.3870416526
1990-12-11,136606.46337263324
1990-12-12,136657.5150217642
1990-12-13,136624.3591411011
1990-12-14,136542.56001810383
1990-12-17,136304.53135422827
1990-12-18,136316.49968541667
1990-12-19,136316.49968541667
1990-12-20,136316.49968541667
1990-12-21,136316.49968541667
1990-12-24,136316.49968541667
1990-12-25,136316.49968541667
1990-12-26,136316.49968541667
1990-12-27,136316.49968541667
1990-12-28,136316.49968541667
1990-12-31,136316.49968541667
1991-01-01,136316.49968541667
1991-01-02,136316.49968541667
1991-01-03,136316.49968541667
1991-01-04,136316.49968541667
1991-01-07,136316.49968541667
1991-01-08,136316.49968541667
1991-01-09,136316.49968541667
1991-01-10,136316.49968541667
1991-01-11,136316.49968541667
1991-01-14,136316.49968541667
1991-01-15,136316.49968541667
1991-01-16,136316.49968541667
1991-01-17,136316.49968541667
1991-01-18,136316.49968541667
1991-01-21,136316.49968541667
1991-01-22,136316.49968541667
1991-01-23,136316.49968541667
1991-01-24,136316.49968541667
1991-01-25,136316.49968541667
1991-01-28,136290.45654029265
1991-01-29,136270.7437839265
1991-01-30,136295.06757459985
1991-01-31,136431.19005461864
1991-02-01,136366.92956282586
1991-02-04,136452.18351569684
1991-02-05,136927.5614415757
1991-02-06,137154.6577291259
1991-02-07,136909.24401724595
1991-02-08,137109.65602186657
1991-02-11,137643.7180539799
1991-02-12,137557.93907562696
1991-02-13,137800.7750143719
1991-02-14,137581.1607515875
1991-02-15,137816.00107326265
1991-02-18,138098.01123834148
1991-02-19,138092.84715760764
1991-02-20,137807.41796294905
1991-02-21,137881.60105409048
1991-02-22,138023.15333360067
1991-02-25,138407.90980302182
1991-02-26,138106.90385295183
1991-02-27,138435.05982371356
1991-02-28,138827.2313259818
1991-03-01,139103.17895608064
1991-03-04,139328.3068756999
1991-03-05,140257.5497090081
1991-03-06,140743.34027978012
1991-03-07,140761.3735479158
1991-03-08,140861.7393040839
1991-03-11,140613.59543084286
1991-03-12,140242.16655409473
1991-03-13,140427.92110310748
1991-03-14,140634.34742161285
1991-03-15,140901.18844300634
1991-03-18,140953.9228194948
1991-03-19,140512.01965635028
1991-03-20,140230.85818832924
1991-03-21,140126.615689874
1991-03-22,140371.15901839602
1991-03-25,140587.12572015036
1991-03-26,140839.6089188155
1991-03-27,141156.78679909825
1991-03-28,141518.22501860114
1991-03-29,141517.6683322297
1991-04-01,141274.02283414907
1991-04-02,142009.509038105
1991-04-03,142827.24048315015
1991-04-04,142754.1773652928
1991-04-05,142785.86088310275
1991-04-08,142581.6955307814
1991-04-09,141932.15040744023
1991-04-10,141817.1844089313
1991-04-11,142063.6817551048
1991-04-12,142362.9102918493
1991-04-15,142288.0219848632
1991-04-16,142629.11505012985
1991-04-17,143025.92892292334
1991-04-18,142858.3062546629
1991-04-19,142496.36392785687
1991-04-22,141662.98845537234
1991-04-23,141849.47048406536
1991-04-24,142048.0525426945
1991-04-25,141608.88071411947
1991-04-26,141557.66729332504
1991-04-29,141088.22084471947
1991-04-30,140556.45611319374
1991-05-01,141179.67588913091
1991-05-02,141846.15057070236
1991-05-03,141892.58022617066
1991-05-06,141711.1783656104
1991-05-07,141894.82493269208
1991-05-08,141825.50576317785
1991-05-09,142151.9848250944
1991-05-10,141793.52594290083
1991-05-13,141520.99732833984
1991-05-14,141288.21070152422
1991-05-15,140860.07530270904
1991-05-16,141261.7081235679
1991-05-17,141686.66611839135
1991-05-20,141705.59098369002
1991-05-21,141534.076637384
1991-05-22,141850.86425090002
1991-05-23,141907.64362958705
1991-05-24,142057.18601602237
1991-05-27,141510.04384919952
1991-05-28,141717.55213467218
1991-05-29,142083.4038792606
1991-05-30,142482.09753599658
1991-05-31,143042.11985050747
1991-06-03,143076.98094454734
1991-06-04,142775.09340596772
1991-06-05,142763.68267886146
1991-06-06,142681.82504325296
1991-06-07,142327.07411298255
1991-06-10,142106.1003262186
1991-06-11,142331.82266469387
1991-06-12,141834.56391879485
1991-06-13,141790.02955197543
1991-06-14,142137.54652444806
1991-06-17,142132.71340618626
1991-06-18,141938.15471452265
1991-06-19,141399.38631485938
1991-06-20,141262.5977956617
1991-06-21,141440.97832237007
1991-06-24,140484.6587692062
1991-06-25,140653.61113712675
1991-06-26,140557.42940370223
1991-06-27,140550.6232491558
1991-06-28,140499.19998477027
1991-07-01,140896.11235382635
1991-07-02,141012.6754148152
1991-07-03,140995.8825983819
1991-07-04,141153.9718850995
1991-07-05,141178.2897973362
1991-07-08,141034.37553819094
1991-07-09,141250.82666624515
1991-07-10,141267.47152959026
1991-07-11,141417.6622522772
1991-07-12,141059.4796651996
1991-07-15,141188.644668879
1991-07-16,141511.62992260946
1991-07-17,141398.85491019566
1991-07-18,141480.9124172977
1991-07-19,141471.2766629762
1991-07-22,141421.33516277574
1991-07-23,141444.3805745599
1991-07-24,141366.1045471733
1991-07-25,141388.53138538258
1991-07-26,141523.08050297113
1991-07-29,141595.43785887322
1991-07-30,141796.12676579767
1991-07-31,141937.39025235845
1991-08-01,142073.8971285679
1991-08-02,142169.39655674365
1991-08-05,141862.8175485881
1991-08-06,141925.52418993847
1991-08-07,142260.1276133349
1991-08-08,142257.17504221242
1991-08-09,141897.23029115272
1991-08-12,142073.2750195015
1991-08-13,142347.67074584798
1991-08-14,142713.0204293062
1991-08-15,142768.9501641191
1991-08-16,142630.94785473673
1991-08-19,139693.56216015492
1991-08-20,139808.64718787314
1991-08-21,139922.00366363386
1991-08-22,140106.88064052473
1991-08-23,140188.1612193761
1991-08-26,140190.4414199954
1991-08-27,140087.14038630598
1991-08-28,140169.79809423746
1991-08-29,140206.10116772586
1991-08-30,140238.44525958685
1991-09-02,140339.7756121027
1991-09-03,140244.42681300594
1991-09-04,140165.8431178982
1991-09-05,140140.91713646322
1991-09-06,140107.1500074016
1991-09-09,140033.19382433928
1991-09-10,139842.0091775806
1991-09-11,139944.97176961685
1991-09-12,140386.9939015979
1991-09-13,140034.61296384278
1991-09-16,139811.12645090767
1991-09-17,139678.46021663136
1991-09-18,139714.2932873008
1991-09-19,139879.35621380524
1991-09-20,140261.79322544506
1991-09-23,140013.2553200181
1991-09-24,140092.16807963443
1991-09-25,140159.28172514518
1991-09-26,140216.6439344345
1991-09-27,140120.6308868362
1991-09-30,140488.69899118142
1991-10-01,140867.14540188556
1991-10-02,140858.95323131213
1991-10-03,140474.0467706834
1991-10-04,140269.65125584253
1991-10-07,139807.40166833927
1991-10-08,139892.1535367246
1991-10-09,139838.03352612813
1991-10-10,139772.04027671317
1991-10-11,139561.92294800113
1991-10-14,139771.10117662343
1991-10-15,140188.58770900697
1991-10-16,140548.9229112672
1991-10-17,140337.6568665868
1991-10-18,140532.59390665905
1991-10-21,140178.15484978433
1991-10-22,139928.35413323197
1991-10-23,140119.44825179607
1991-10-24,139512.0174461006
1991-10-25,139309.92598742875
1991-10-28,139539.9735841387
1991-10-29,139604.70335495804
1991-10-30,139870.11156154267
1991-10-31,140119.18367483912
1991-11-01,140017.68592938766
1991-11-04,140033.01949087824
1991-11-05,140199.9781455462
1991-11-06,140355.49801123264
1991-11-07,140661.34984695804
1991-11-08,140869.5006326444
1991-11-11,140889.16364291115
1991-11-12,141303.6434144032
1991-11-13,141232.27470209263
1991-11-14,141168.12755911166
1991-11-15,140216.89980439708
1991-11-18,139955.66995171062
1991-11-19,139632.33938795817
1991-11-20,139449.43681538536
1991-11-21,139668.7672420402
1991-11-22,139628.00954538403
1991-11-25,139529.7859965124
1991-11-26,139465.77013047758
1991-11-27,139395.46649102343
1991-11-28,139363.57605906113
1991-11-29,139374.19637055468
1991-12-02,139363.3679974522
1991-12-03,139406.17735220134
1991-12-04,139452.89236060108
1991-12-05,139441.31114969222
1991-12-06,139485.819983782
1991-12-09,139492.67408882314
1991-12-10,139415.14888294155
1991-12-11,139370.3500323666
1991-12-12,139390.32792662858
1991-12-13,139615.98752156858
1991-12-16,139685.74693939884
1991-12-17,139705.17330123868
1991-12-18,139680.91674126653
1991-12-19,139665.50968869784
1991-12-20,139538.44049220957
1991-12-23,139847.15843945596
1991-12-24,140187.79283509948
1991-12-25,140187.79283509948
1991-12-26,140539.35515536598
1991-12-27,140864.20605466125
1991-12-30,141496.07345503927
1991-12-31,141771.83261038378
1992-01-01,141771.83261038378
1992-01-02,141724.53909463328
1992-01-03,142013.4738697472
1992-01-06,142129.60112256373
1992-01-07,142354.13063424436
1992-01-08,142510.4930789781
1992-01-09,142678.0046731566
1992-01-10,142565.9113963737
1992-01-13,142509.50052276038
1992-01-14,143039.55862173077
1992-01-15,143434.19201918232
1992-01-16,143450.0937939039
1992-01-17,143670.96876258383
1992-01-20,143796.43467471772
1992-01-21,143478.1573094487
1992-01-22,144346.89468086348
1992-01-23,144486.85573507438
1992-01-24,144480.64938385392
1992-01-27,144271.87623846554
1992-01-28,144372.63169977578
1992-01-29,143842.2566992661
1992-01-30,144131.01536976345
1992-01-31,144123.789581896
1992-02-03,144495.04576391776
1992-02-04,144869.26747200495
1992-02-05,145130.80840463703
1992-02-06,145155.35640161842
1992-02-07,145122.85155183484
1992-02-10,145241.0570677042
1992-02-11,144992.79288113923
1992-02-12,145732.97645510285
1992-02-13,145492.3314782203
1992-02-14,145367.19161674715
1992-02-17,145189.8264716076
1992-02-18,144940.46579239014
1992-02-19,144758.02193164875
1992-02-20,145246.85228833734
1992-02-21,145223.8281082501
1992-02-24,145114.42101682795
1992-02-25,144946.82835258238
1992-02-26,145494.26068661816
1992-02-27,145906.04205537183
1992-02-28,146019.15973106018
1992-03-02,146174.21888447888
1992-03-03,146084.55701492017
1992-03-04,146082.97690563937
1992-03-05,145777.19784860392
1992-03-06,145335.6183137392
1992-03-09,145119.4480835111
1992-03-10,145455.10117462967
1992-03-11,145243.82437531042
1992-03-12,145019.76903227784
1992-03-13,145283.19482816508
1992-03-16,145136.4596887702
1992-03-17,145452.99829931662
1992-03-18,145502.16184962544
1992-03-19,145469.14575410294
1992-03-20,145527.06380762742
1992-03-23,145331.10244563234
1992-03-24,145182.7507099458
1992-03-25,145186.7433172192
1992-03-26,145034.50587907791
1992-03-27,144363.74146626345
1992-03-30,144296.24813196008
1992-03-31,144353.05954662594
1992-04-01,144079.16298072532
1992-04-02,143898.80800979497
1992-04-03,143668.79693679063
1992-04-06,143887.82900231035
1992-04-07,143462.5377147033
1992-04-08,142979.3878095486
1992-04-09,143076.20292869606
1992-04-10,143262.69546232113
1992-04-13,143234.20165248596
1992-04-14,143315.0793944497
1992-04-15,143566.99196650306
1992-04-16,143576.75473823142
1992-04-17,143576.75473823142
1992-04-20,143320.37878623392
1992-04-21,143219.18686801044
1992-04-22,143316.82454654496
1992-04-23,143281.4151019968
1992-04-24,143248.30112844802
1992-04-27,143140.08914059756
1992-04-28,142882.24041816682
1992-04-29,143226.1449429167
1992-04-30,143528.88428497716
1992-05-01,143570.50206836557
1992-05-04,143941.79205860704
1992-05-05,144093.9753708716
1992-05-06,144338.15237311678
1992-05-07,144357.66349065118
1992-05-08,144373.5958740187
1992-05-11,144546.08715413816
1992-05-12,144380.6881788931
1992-05-13,144357.37190365366
1992-05-14,143869.594119941
1992-05-15,143547.18847520446
1992-05-18,143927.32424733063
1992-05-19,144025.84753819418
1992-05-20,144256.25176431407
1992-05-21,144188.81619811416
1992-05-22,144444.150964824
1992-05-25,144577.33124005183
1992-05-26,144333.87846486247
1992-05-27,144254.85066039072
1992-05-28,144260.33372367534
1992-05-29,144564.70176168028
1992-06-01,144523.63478467867
1992-06-02,144505.55415544694
1992-06-03,144245.8305104608
1992-06-04,144204.93323881138
1992-06-05,144108.57724353392
1992-06-08,143941.84915524838
1992-06-09,143521.3971036421
1992-06-10,143376.43779308713
1992-06-11,143124.40236036625
1992-06-12,143166.9407041035
1992-06-15,143053.05026543207
1992-06-16,143134.25010891582
1992-06-17,142653.37659110324
1992-06-18,142308.3403831803
1992-06-19,142340.32582769357
1992-06-22,142347.39847294614
1992-06-23,142658.989313884
1992-06-24,142799.01403430302
1992-06-25,143283.47255849594
1992-06-26,143249.84733630478
1992-06-29,143013.18186818185
1992-06-30,143185.40098721895
1992-07-01,143332.7309314768
1992-07-02,143061.70514367154
1992-07-03,143111.83398868627
1992-07-06,143000.58238144536
1992-07-07,142420.57552379253
1992-07-08,142401.44731248624
1992-07-09,142347.07441163613
1992-07-10,142354.53829843874
1992-07-13,142355.2438614038
1992-07-14,142457.8493668784
1992-07-15,142465.17958691134
1992-07-16,142514.50012205518
1992-07-17,142417.23912586892
1992-07-20,142218.28659509908
1992-07-21,142298.6845860086
1992-07-22,142204.63826154426
1992-07-23,141882.72341155956
1992-07-24,141541.46532130858
1992-07-27,141478.22066211156
1992-07-28,141547.1831879804
1992-07-29,141845.8860317988
1992-07-30,141906.8580939236
1992-07-31,141981.47660873577
1992-08-03,142053.5099463716
1992-08-04,141979.83858366957
1992-08-05,141816.58205316117
1992-08-06,141725.70395339758
1992-08-07,141673.66008348198
1992-08-10,141696.22532773227
1992-08-11,141693.8043122854
1992-08-12,141661.15367374313
1992-08-13,141646.38195996624
1992-08-14,141679.27814805164
1992-08-17,141608.81442775263
1992-08-18,141635.10188940345
1992-08-19,141456.8744278559
1992-08-20,141207.08610202026
1992-08-21,141197.63115237615
1992-08-24,141146.0422977631
1992-08-25,141102.76865126047
1992-08-26,141475.93029532174
1992-08-27,141439.26515023067
1992-08-28,141773.57645625024
1992-08-31,141773.57645625024
1992-09-01,141937.77809294726
1992-09-02,141982.64708942565
1992-09-03,141958.05666630692
1992-09-04,141927.4927492126
1992-09-07,141841.11821880145
1992-09-08,141912.36666085743
1992-09-09,141964.18915952276
1992-09-10,141774.0878139281
1992-09-11,141605.84531894667
1992-09-14,141982.939027361
1992-09-15,141762.75565220206
1992-09-16,141716.95029047524
1992-09-17,141751.34528409335
1992-09-18,141875.40994181548
1992-09-21,141876.3137537935
1992-09-22,141656.5118173233
1992-09-23,141622.86222087737
1992-09-24,141666.55982403617
1992-09-25,141353.78620851543
1992-09-28,141196.8183743754
1992-09-29,141202.89775706772
1992-09-30,141101.0703538344
1992-10-01,141101.51733233655
1992-10-02,141170.12563553042
1992-10-05,141073.608029977
1992-10-06,140997.31017126047
1992-10-07,141059.81960465747
1992-10-08,140998.6546717212
1992-10-09,141071.65462219442
1992-10-12,141303.60188487082
1992-10-13,141357.1686410054
1992-10-14,141448.06301087697
1992-10-15,141640.81979978448
1992-10-16,141769.9936947097
1992-10-19,141959.06597992405
1992-10-20,141955.39580996672
1992-10-21,142158.88374214695
1992-10-22,142389.0089732687
1992-10-23,142269.65036026703
1992-10-26,141934.01128784806
1992-10-27,141992.0500715351
1992-10-28,142014.0800303744
1992-10-29,142084.62543388217
1992-10-30,142116.41300563683
1992-11-02,142181.60318114885
1992-11-03,142039.44018073016
1992-11-04,142012.72544866818
1992-11-05,142269.81096163378
1992-11-06,142246.81497416965
1992-11-09,142332.8154229289
1992-11-10,142460.86295234886
1992-11-11,142672.47837729266
1992-11-12,142769.37345224508
1992-11-13,142632.4233932625
1992-11-16,142419.46541083665
1992-11-17,142080.91101044966
1992-11-18,142068.31915361484
1992-11-19,142212.28700255914
1992-11-20,142727.17840486288
1992-11-23,142517.0310410914
1992-11-24,142874.30248534985
1992-11-25,142915.39522276606
1992-11-26,142948.17665913102
1992-11-27,143287.37462816614
1992-11-30,143420.4446902133
1992-12-01,143255.18757618754
1992-12-02,143103.85220285007
1992-12-03,143270.38804616648
1992-12-04,143536.23075519683
1992-12-07,143641.32900358876
1992-12-08,143771.4155663189
1992-12-09,143549.56408361567
1992-12-10,143141.79550107266
1992-12-11,142924.60566871596
1992-12-14,142846.51380317932
1992-12-15,142588.6574058565
1992-12-16,142447.8756312314
1992-12-17,143045.8344047015
1992-12-18,143688.49654891004
1992-12-21,143711.52406142958
1992-12-22,143768.73252527736
1992-12-23,143770.38218048643
1992-12-24,143981.3907045207
1992-12-25,143980.32229666013
1992-12-28,143975.91608370052
1992-12-29,144200.01721667204
1992-12-30,144381.10995542782
1992-12-31,144782.46153837652
1993-01-01,144782.46153837652
1993-01-04,144588.37877430598
1993-01-05,144485.01489875207
1993-01-06,144631.83839548557
1993-01-07,144450.52694852365
1993-01-08,144274.6840113931
1993-01-11,144364.9233862238
1993-01-12,144248.52761270676
1993-01-13,144437.84425222658
1993-01-14,144808.53938471354
1993-01-15,144887.74685517556
1993-01-18,144865.5133358264
1993-01-19,144727.65792155164
1993-01-20,144695.31495526197
1993-01-21,144992.74861766325
1993-01-22,144977.41236558263
1993-01-25,145022.86236876802
1993-01-26,145290.67388040276
1993-01-27,145197.29052515357
1993-01-28,144882.97370194594
1993-01-29,145066.28429896696
1993-02-01,145617.87552307636
1993-02-02,145729.24914469445
1993-02-03,146329.88686943238
1993-02-04,146548.36423914082
1993-02-05,146247.89194277226
1993-02-08,146138.49554792632
1993-02-09,145395.39115315754
1993-02-10,145534.91201784607
1993-02-11,145892.9353541601
1993-02-12,145383.20970753604
1993-02-15,145679.51458980638
1993-02-16,143489.97746630953
1993-02-17,143439.90724279493
1993-02-18,143777.3439271944
1993-02-19,143943.26074574154
1993-02-22,143717.33195491813
1993-02-23,143450.78834487355
1993-02-24,143679.81915621273
1993-02-25,143907.9868894653
1993-02-26,144496.26643534363
1993-03-01,144665.78133180266
1993-03-02,144660.93993944992
1993-03-03,144981.77732709397
1993-03-04,144807.8038705209
1993-03-05,145153.57915830147
1993-03-08,145593.5433090942
1993-03-09,145694.11714784493
1993-03-10,145782.55800005276
1993-03-11,145653.29131396732
1993-03-12,145143.955641534
1993-03-15,144473.94448223888
1993-03-16,144398.6984458596
1993-03-17,144106.8370070954
1993-03-18,144383.66747389673
1993-03-19,144240.23615087342
1993-03-22,143588.31315304188
1993-03-23,143365.9195241666
1993-03-24,143422.5427043606
1993-03-25,143854.14218735363
1993-03-26,143750.51121508618
1993-03-29,143954.23186664778
1993-03-30,144156.14376786162
1993-03-31,144122.5944940496
1993-04-01,144063.3467908332
1993-04-02,143211.95443282457
1993-04-05,143100.90920228936
1993-04-06,142925.18421671278
1993-04-07,142921.83622522492
1993-04-08,142935.2181136879
1993-04-09,142925.20908875746
1993-04-12,143138.25103008724
1993-04-13,143611.30952024262
1993-04-14,143866.37467398995
1993-04-15,143798.9150402362
1993-04-16,143735.6927473345
1993-04-19,143672.67846898152
1993-04-20,143510.38768097418
1993-04-21,143547.38586183375
1993-04-22,143412.54937411044
1993-04-23,143278.99438808637
1993-04-26,142803.60889185063
1993-04-27,143460.8215569938
1993-04-28,143800.3135719094
1993-04-29,143805.75374936732
1993-04-30,144356.88516400976
1993-05-03,144546.39525417416
1993-05-04,144775.8711038472
1993-05-05,144979.57853647723
1993-05-06,144547.35274169332
1993-05-07,144667.9282642285
1993-05-10,144901.71322128025
1993-05-11,144988.5996459528
1993-05-12,144829.42502961523
1993-05-13,144564.62727432046
1993-05-14,144456.4266601373
1993-05-17,144608.65738406603
1993-05-18,144574.050825473
1993-05-19,144983.88606093032
1993-05-20,145279.28764159273
1993-05-21,145100.61173831532
1993-05-24,145250.96410599348
1993-05-25,145439.58253138012
1993-05-26,145884.96061967037
1993-05-27,146000.54035624067
1993-05-28,145733.26783117093
1993-05-31,145634.96957888576
1993-06-01,145908.1024090796
1993-06-02,146000.88322278007
1993-06-03,145919.23036322292
1993-06-04,145641.1513256141
1993-06-07,145383.89403977926
1993-06-08,145239.57534528023
1993-06-09,145582.4924234363
1993-06-10,145239.82580559596
1993-06-11,145420.45547423727
1993-06-14,145481.83135417182
1993-06-15,145159.0733846775
1993-06-16,145242.74527088218
1993-06-17,144929.61569582473
1993-06-18,144581.51031692844
1993-06-21,144277.0497600861
1993-06-22,144355.26114858678
1993-06-23,144138.3849299199
1993-06-24,144237.53099907658
1993-06-25,144212.09355173705
1993-06-28,144499.10120637322
1993-06-29,144173.95419440282
1993-06-30,144411.11383256156
1993-07-01,144407.44211965613
1993-07-02,144158.83905484813
1993-07-05,144131.31981634142
1993-07-06,144078.0404275138
1993-07-07,144236.16586611958
1993-07-08,144873.25853373262
1993-07-09,145089.928723522
1993-07-12,145216.06628876456
1993-07-13,145185.0527809732
1993-07-14,145454.73762974024
1993-07-15,145378.85499838178
1993-07-16,145078.25697581994
1993-07-19,144690.24425154564
1993-07-20,144747.3678197573
1993-07-21,144693.2176943683
1993-07-22,144456.6488831371
1993-07-23,144663.73969980588
1993-07-26,145211.22268264566
1993-07-27,145038.882888734
1993-07-28,144963.42086384285
1993-07-29,145555.07861452168
1993-07-30,145443.19488682135
1993-08-02,145505.78186410406
1993-08-03,146011.21782905003
1993-08-04,146194.9906530518
1993-08-05,146333.82269107507
1993-08-06,146558.38591741063
1993-08-09,146708.15539690212
1993-08-10,146659.34572055546
1993-08-11,147271.67446127982
1993-08-12,147319.49374321097
1993-08-13,147463.6980089164
1993-08-16,147523.28438391507
1993-08-17,147895.87257436698
1993-08-18,148331.7521917121
1993-08-19,148364.23188989647
1993-08-20,147932.06294553648
1993-08-23,147572.74670527803
1993-08-24,147903.81311170157
1993-08-25,148045.74454322684
1993-08-26,147952.17493499917
1993-08-27,148233.6154395011
1993-08-30,148626.372408747
1993-08-31,149150.6339591954
1993-09-01,149062.83590487385
1993-09-02,149019.19967025105
1993-09-03,148972.21701277
1993-09-06,148893.82432597913
1993-09-07,148019.1969734204
1993-09-08,147458.67524705408
1993-09-09,147717.7364569772
1993-09-10,148229.13043643057
1993-09-13,148003.5760594821
1993-09-14,147414.5019863257
1993-09-15,147603.25200730556
1993-09-16,147461.6773672843
1993-09-17,147455.42965849425
1993-09-20,147266.41888513725
1993-09-21,147054.0247737105
1993-09-22,147224.0242661839
1993-09-23,147548.25698717003
1993-09-24,147569.63484974677
1993-09-27,147981.29542796288
1993-09-28,148166.984787774
1993-09-29,148083.08022924772
1993-09-30,148213.7613189157
1993-10-01,148486.94908577876
1993-10-04,148731.90859004305
1993-10-05,149169.30620243654
1993-10-06,149738.43499913142
1993-10-07,149413.89909094246
1993-10-08,149774.7091297121
1993-10-11,149965.73130813497
1993-10-12,149980.5961349738
1993-10-13,150214.08534214448
1993-10-14,150617.63415920746
1993-10-15,151250.30803046722
1993-10-18,151354.434982894
1993-10-19,150696.11283039706
1993-10-20,150610.84899026528
1993-10-21,150790.02879195893
1993-10-22,151155.3744180963
1993-10-25,151068.89139137822
1993-10-26,150725.3066369903
1993-10-27,150828.51324069654
1993-10-28,151225.75293402362
1993-10-29,151742.64046305063
1993-11-01,152073.27229521621
1993-11-02,152309.064060011
1993-11-03,151458.28205202936
1993-11-04,150447.81472412072
1993-11-05,149239.01784907468
1993-11-08,149425.23262305197
1993-11-09,149653.9014716248
1993-11-10,149956.27491355003
1993-11-11,150217.95847942424
1993-11-12,150326.1632830472
1993-11-15,150176.92033014947
1993-11-16,150331.82625773095
1993-11-17,149930.5990393114
1993-11-18,149696.00962751976
1993-11-19,149580.5676744194
1993-11-22,148765.51352998812
1993-11-23,148707.32418607207
1993-11-24,149040.0797137822
1993-11-25,149291.28478372455
1993-11-26,149320.67213279766
1993-11-29,149239.38551878426
1993-11-30,149487.6904490076
1993-12-01,150289.07216118343
1993-12-02,150377.8255434387
1993-12-03,150714.79603752808
1993-12-06,150711.1886323903
1993-12-07,150859.12819767153
1993-12-08,151284.9190181547
1993-12-09,151225.8507726814
1993-12-10,151254.19667082588
1993-12-13,151345.63412667933
1993-12-14,150633.02498716736
1993-12-15,150660.95705226815
1993-12-16,151177.29418507693
1993-12-17,151728.08461391143
1993-12-20,152262.40075302217
1993-12-21,151808.17372980018
1993-12-22,152293.56421738554
1993-12-23,152714.22648047807
1993-12-24,152843.67647629103
1993-12-27,153585.46276927376
1993-12-28,153662.35726763133
1993-12-29,153942.1208081378
1993-12-30,154202.2982030862
1993-12-31,154190.294561243
1994-01-03,154324.93298855805
1994-01-04,154324.97455227014
1994-01-05,154164.9446248242
1994-01-06,153860.91818401066
1994-01-07,153483.6383713802
1994-01-10,154077.61060006818
1994-01-11,153865.68797130408
1994-01-12,153510.70390900294
1994-01-13,153188.09662616445
1994-01-14,154834.40062560583
1994-01-17,154698.1975771812
1994-01-18,155369.19217100932
1994-01-19,156293.07288436635
1994-01-20,155985.8378974502
1994-01-21,156444.08358269453
1994-01-24,156589.68347750732
1994-01-25,155938.61329156446
1994-01-26,155683.76898548892
1994-01-27,156071.51982739152
1994-01-28,156490.5545312627
1994-01-31,157285.51023604762
1994-02-01,157221.64492020177
1994-02-02,157587.22479434332
1994-02-03,157246.90820505176
1994-02-04,155752.6715087372
1994-02-07,154866.71160451835
1994-02-08,155112.98104672058
1994-02-09,155174.57538668552
1994-02-10,155043.66985754322
1994-02-11,154904.98094464504
1994-02-14,153932.0346928622
1994-02-15,154192.927353182
1994-02-16,154140.95642713335
1994-02-17,154262.9569237336
1994-02-18,153984.49600603225
1994-02-21,153812.65976959915
1994-02-22,154040.63498599344
1994-02-23,154159.58723153814
1994-02-24,153416.35323048773
1994-02-25,153347.33001900453
1994-02-28,153796.03318250363
1994-03-01,153401.43271931438
1994-03-02,153030.39680379553
1994-03-03,152937.44817175117
1994-03-04,153280.54789093763
1994-03-07,153662.12345773826
1994-03-08,153857.09903414472
1994-03-09,153744.56540533
1994-03-10,153539.8701293628
1994-03-11,153362.03656630736
1994-03-14,153565.7167078276
1994-03-15,153603.00925198503
1994-03-16,153555.78369209814
1994-03-17,153592.75196029368
1994-03-18,153419.8338163672
1994-03-21,152747.8882680474
1994-03-22,152826.21972429415
1994-03-23,152943.6098910531
1994-03-24,152594.59134037927
1994-03-25,152223.3931920847
1994-03-28,151840.84430443047
1994-03-29,151648.26180218032
1994-03-30,151493.4388003044
1994-03-31,151333.36348510292
1994-04-01,151333.36348510292
1994-04-04,151333.36348510292
1994-04-05,151374.55118317605
1994-04-06,151440.96541200767
1994-04-07,151476.64721594076
1994-04-08,151480.8128800512
1994-04-11,151556.7288020147
1994-04-12,151613.18024468256
1994-04-13,151622.37614060994
1994-04-14,151559.2291230677
1994-04-15,151557.70492215286
1994-04-18,151557.296602666
1994-04-19,151471.21829713127
1994-04-20,151448.33167904694
1994-04-21,151448.7167344223
1994-04-22,151477.27461618284
1994-04-25,151430.357262267
1994-04-26,151681.67015942303
1994-04-27,151464.2719286958
1994-04-28,151457.92901356507
1994-04-29,151409.45433073962
1994-05-02,151370.67871766107
1994-05-03,151324.1441873646
1994-05-04,151296.89093655872
1994-05-05,151290.32660985665
1994-05-06,151293.56781256606
1994-05-09,151233.11311580622
1994-05-10,151453.35350641288
1994-05-11,151624.51786880457
1994-05-12,151664.6977203235
1994-05-13,151750.1803545259
1994-05-16,151806.51349980038
1994-05-17,151741.3209768958
1994-05-18,151657.52961118508
1994-05-19,151636.94519276844
1994-05-20,151656.2464052495
1994-05-23,151781.8200254882
1994-05-24,151310.0100754033
1994-05-25,151209.8930265351
1994-05-26,151135.9511810217
1994-05-27,151211.56250914492
1994-05-30,151245.35832075874
1994-05-31,151358.0218357893
1994-06-01,151278.51770464785
1994-06-02,150959.9032794109
1994-06-03,151164.96847120015
1994-06-06,151103.89488853267
1994-06-07,151075.00258775853
1994-06-08,151271.06853548175
1994-06-09,151251.71191807586
1994-06-10,151287.35420849238
1994-06-13,151069.25988179725
1994-06-14,150962.70290853505
1994-06-15,150914.2250823048
1994-06-16,150927.72779286734
1994-06-17,150983.17629394916
1994-06-20,150728.63631988628
1994-06-21,150366.78073591078
1994-06-22,150241.1500480823
1994-06-23,150241.1500480823
1994-06-24,150045.9515760917
1994-06-27,149712.54200455997
1994-06-28,149772.2946670299
1994-06-29,149744.34449440648
1994-06-30,149773.12474720532
1994-07-01,149755.36875954593
1994-07-04,149771.0050412212
1994-07-05,149806.76438457225
1994-07-06,149770.49270994085
1994-07-07,149768.9012054316
1994-07-08,149752.38343795078
1994-07-11,149742.9472272783
1994-07-12,149730.12135005402
1994-07-13,149754.83883304993
1994-07-14,149786.2155876776
1994-07-15,149795.42064551654
1994-07-18,149786.14520681484
1994-07-19,149796.30558136443
1994-07-20,149797.2947084895
1994-07-21,149769.41353671195
1994-07-22,149775.0383663395
1994-07-25,149768.92207909128
1994-07-26,149811.25723636095
1994-07-27,149934.01079552202
1994-07-28,149992.40485595548
1994-07-29,150189.7252551639
1994-08-01,150325.1711135033
1994-08-02,150546.23324561954
1994-08-03,150396.62440552496
1994-08-04,150485.58095408272
1994-08-05,150350.26374142518
1994-08-08,150332.73600643457
1994-08-09,150199.0735490946
1994-08-10,150258.5032274183
1994-08-11,150251.76922407205
1994-08-12,150147.01639619123
1994-08-15,150133.9266358896
1994-08-16,150176.60214711304
1994-08-17,150255.43781224167
1994-08-18,150268.28899186026
1994-08-19,150042.95576104688
1994-08-22,150061.26565892604
1994-08-23,149984.01011923418
1994-08-24,149984.01011923418
1994-08-25,149984.01011923418
1994-08-26,149998.0806616154
1994-08-29,150251.32992589707
1994-08-30,150216.87390332116
1994-08-31,150197.31906875095
1994-09-01,149927.0595584074
1994-09-02,149914.09210218387
1994-09-05,149816.5213603063
1994-09-06,149946.1544720773
1994-09-07,150025.36126652747
1994-09-08,150117.1606974633
1994-09-09,149903.80361581274
1994-09-12,149640.08304199632
1994-09-13,149711.71858570457
1994-09-14,149530.8731140273
1994-09-15,149698.35485856747
1994-09-16,149557.78703238757
1994-09-19,149509.3644370377
1994-09-20,149098.78553725043
1994-09-21,149071.96980979506
1994-09-22,149018.21045282405
1994-09-23,148959.94942093617
1994-09-26,148781.56660470038
1994-09-27,148741.26518499892
1994-09-28,148874.6053834654
1994-09-29,148865.35946617913
1994-09-30,148591.8723730714
1994-10-03,148594.58892538
1994-10-04,148390.43440952856
1994-10-05,148149.55562851042
1994-10-06,148143.29572858356
1994-10-07,148145.7318091216
1994-10-10,148135.39333447767
1994-10-11,148167.65487431994
1994-10-12,148209.48707276958
1994-10-13,148261.20725394462
1994-10-14,148311.51260107147
1994-10-17,148298.31791943792
1994-10-18,148225.26172515648
1994-10-19,148386.82124643237
1994-10-20,148205.10112184286
1994-10-21,148063.70930921147
1994-10-24,147811.8527717862
1994-10-25,147812.3271533277
1994-10-26,147810.6237242789
1994-10-27,147888.62351013187
1994-10-28,148051.57519286012
1994-10-31,148009.05424429887
1994-11-01,147782.03154668058
1994-11-02,147776.09245811868
1994-11-03,147779.40667667918
1994-11-04,147394.88970702438
1994-11-07,147283.68414219277
1994-11-08,147381.41472716499
1994-11-09,147354.7783458295
1994-11-10,147281.32798740905
1994-11-11,147210.911084568
1994-11-14,147335.1059446437
1994-11-15,147350.81181428567
1994-11-16,147361.61374234932
1994-11-17,147177.74213300378
1994-11-18,147020.0853107488
1994-11-21,146888.47934821973
1994-11-22,146888.47934821973
1994-11-23,146888.47934821973
1994-11-24,146888.47934821973
1994-11-25,146888.47934821973
1994-11-28,146888.47934821973
1994-11-29,146888.47934821973
1994-11-30,146888.47934821973
1994-12-01,146888.47934821973
1994-12-02,146888.47934821973
1994-12-05,146888.47934821973
1994-12-06,146888.47934821973
1994-12-07,146888.47934821973
1994-12-08,146888.47934821973
1994-12-09,146888.47934821973
1994-12-12,146888.47934821973
1994-12-13,146888.47934821973
1994-12-14,146888.47934821973
1994-12-15,146888.47934821973
1994-12-16,146888.47934821973
1994-12-19,146888.47934821973
1994-12-20,146888.47934821973
1994-12-21,146888.47934821973
1994-12-22,146888.47934821973
1994-12-23,146857.55194232706
1994-12-26,146857.55194232706
1994-12-27,146857.55194232706
1994-12-28,146837.2990279263
1994-12-29,146711.5191453879
1994-12-30,146713.6636790698
1995-01-02,146713.6636790698
1995-01-03,146724.2672696594
1995-01-04,146777.11844594352
1995-01-05,146757.65399911848
1995-01-06,146803.0345754392
1995-01-09,146818.3429706256
1995-01-10,146895.77588736083
1995-01-11,146870.0616093321
1995-01-12,146871.3377939639
1995-01-13,147089.48068149874
1995-01-16,147241.2414870163
1995-01-17,147292.50839572263
1995-01-18,147289.94149063717
1995-01-19,147102.77471700683
1995-01-20,147008.55608559304
1995-01-23,146970.22903957719
1995-01-24,147022.83971236311
1995-01-25,146990.0863271453
1995-01-26,146940.00616895416
1995-01-27,146958.81552052687
1995-01-30,146855.89607558722
1995-01-31,146855.89607558722
1995-02-01,146855.89607558722
1995-02-02,146855.89607558722
1995-02-03,147107.86414397036
1995-02-06,147290.88657879666
1995-02-07,147281.46078772243
1995-02-08,147348.66454523173
1995-02-09,147337.11984589734
1995-02-10,147457.91332158263
1995-02-13,147500.17408172716
1995-02-14,147550.37241915776
1995-02-15,147765.5259678849
1995-02-16,147751.20341243458
1995-02-17,147461.7421099859
1995-02-20,147461.7421099859
1995-02-21,147471.0799540579
1995-02-22,147615.00791706447
1995-02-23,147825.1673516513
1995-02-24,147895.4621846827
1995-02-27,147526.9437625907
1995-02-28,147978.43067954914
1995-03-01,147813.39852130998
1995-03-02,147778.76463337554
1995-03-03,147939.51167622488
1995-03-06,147908.72830822942
1995-03-07,147498.02273965636
1995-03-08,147684.85479009728
1995-03-09,147701.64303740385
1995-03-10,148181.67831379903
1995-03-13,148160.30668412978
1995-03-14,148453.15528822746
1995-03-15,148380.78956371194
1995-03-16,148632.12928972385
1995-03-17,148594.84898431334
1995-03-20,148700.58533701667
1995-03-21,148594.33477975434
1995-03-22,148614.96684679957
1995-03-23,148706.2938366627
1995-03-24,149178.49054705785
1995-03-27,149402.51131990834
1995-03-28,149474.59436431807
1995-03-29,149347.24688853434
1995-03-30,149448.40918211595
1995-03-31,149262.0678987695
1995-04-03,149360.6177145074
1995-04-04,149583.5417583307
1995-04-05,149660.3841253028
1995-04-06,149657.1706624605
1995-04-07,149655.86381861503
1995-04-10,149845.57669189665
1995-04-11,149827.01368416272
1995-04-12,150055.75979966295
1995-04-13,150245.4150721779
1995-04-14,150245.4150721779
1995-04-17,150083.50085103457
1995-04-18,149819.37020105866
1995-04-19,149575.57204253654
1995-04-20,149750.94104999356
1995-04-21,150179.9841380771
1995-04-24,150578.65328364752
1995-04-25,150616.23780536797
1995-04-26,150803.17470443898
1995-04-27,150955.34147150232
1995-04-28,151073.45755132064
1995-05-01,151001.1605790421
1995-05-02,151148.6316708448
1995-05-03,151630.89466555192
1995-05-04,151509.6107167899
1995-05-05,151343.25726015127
1995-05-08,151687.82852842737
1995-05-09,151705.97844943232
1995-05-10,151870.895435386
1995-05-11,152103.43138479342
1995-05-12,152271.34044857929
1995-05-15,152427.74433974523
1995-05-16,152500.16954073653
1995-05-17,152488.67373408203
1995-05-18,151830.60877215344
1995-05-19,151735.04719016814
1995-05-22,152191.79583402467
1995-05-23,152622.7387369025
1995-05-24,152732.0467325407
1995-05-25,152683.4347435489
1995-05-26,152254.48938062586
1995-05-29,152254.48938062586
1995-05-30,152010.83691464004
1995-05-31,152640.82807115477
1995-06-01,153000.9909819247
1995-06-02,153023.578659394
1995-06-05,153511.94880563547
1995-06-06,153474.81041440196
1995-06-07,153216.51459311633
1995-06-08,153221.29873016523
1995-06-09,152775.3795520988
1995-06-12,153023.7148620138
1995-06-13,153445.4584209554
1995-06-14,153539.67477756372
1995-06-15,153860.6955102191
1995-06-16,154037.0511339034
1995-06-19,154682.13211187054
1995-06-20,154633.4433672913
1995-06-21,154615.50392471626
1995-06-22,155316.43082978728
1995-06-23,154991.68300418148
1995-06-26,154053.15600001955
1995-06-27,153862.6068869443
1995-06-28,153853.55625663686
1995-06-29,154054.08116170237
1995-06-30,154429.29202224588
1995-07-03,154572.23467338696
1995-07-04,154655.12641365867
1995-07-05,155218.7081603232
1995-07-06,155819.56510858808
1995-07-07,156886.3077326882
1995-07-10,157324.99152775714
1995-07-11,157092.7257116098
1995-07-12,157917.2200540338
1995-07-13,158168.4055360715
1995-07-14,158171.21744406864
1995-07-17,158480.45946134746
1995-07-18,157605.0614627795
1995-07-19,155890.34798322542
1995-07-20,156026.49619525613
1995-07-21,156082.6817909443
1995-07-24,156389.42552666768
1995-07-25,156743.64345871453
1995-07-26,156809.24642722143
1995-07-27,157060.40658645105
1995-07-28,156965.51643997047
1995-07-31,156914.11524616543
1995-08-01,156728.69073655433
1995-08-02,156758.74928943627
1995-08-03,156728.85799906903
1995-08-04,156716.59027927538
1995-08-07,156800.85665793967
1995-08-08,156770.71601449238
1995-08-09,156703.5685274268
1995-08-10,156513.698959673
1995-08-11,156312.42729788544
1995-08-14,156596.8575017153
1995-08-15,156630.15264693505
1995-08-16,156915.1659095168
1995-08-17,156926.87446793867
1995-08-18,157123.99333065594
1995-08-21,157162.18905295106
1995-08-22,157159.12617986163
1995-08-23,156944.4263856865
1995-08-24,156867.1562664889
1995-08-25,157062.00705223577
1995-08-28,156848.7092233339
1995-08-29,156876.9373915803
1995-08-30,157081.79730236554
1995-08-31,157264.47061317277
1995-09-01,157606.99235048748
1995-09-04,157497.15564672934
1995-09-05,158202.15538336817
1995-09-06,158633.27864332488
1995-09-07,158751.93346641687
1995-09-08,159315.84841681895
1995-09-11,159497.49392200488
1995-09-12,159672.73938142214
1995-09-13,160373.76576575226
1995-09-14,160755.65009204735
1995-09-15,160550.31725073513
1995-09-18,160150.25568269406
1995-09-19,160296.54999858016
1995-09-20,160642.65367911835
1995-09-21,160031.47314699396
1995-09-22,159291.27331957995
1995-09-25,158949.1305165919
1995-09-26,159046.24203253968
1995-09-27,158474.19702402336
1995-09-28,159058.4033580799
1995-09-29,159162.46000793658
1995-10-02,158461.69951159434
1995-10-03,158273.04641050717
1995-10-04,158168.72237420434
1995-10-05,158243.67248442618
1995-10-06,158150.0736810168
1995-10-09,157475.65180487785
1995-10-10,157125.556467807
1995-10-11,157432.61007111313
1995-10-12,157961.36705584463
1995-10-13,158499.10336008604
1995-10-16,158563.12869029428
1995-10-17,158865.66732071707
1995-10-18,159004.6956026149
1995-10-19,159111.55923688668
1995-10-20,158865.81216888077
1995-10-23,158516.31568346126
1995-10-24,158555.7256957293
1995-10-25,158073.62411448034
1995-10-26,157426.15546113043
1995-10-27,157436.00443884922
1995-10-30,157680.79652238064
1995-10-31,157797.11730471067
1995-11-01,157872.27525262668
1995-11-02,158236.0533692533
1995-11-03,158366.08932123182
1995-11-06,158183.6970762881
1995-11-07,158043.51106555684
1995-11-08,158268.6999547494
1995-11-09,158380.99167490157
1995-11-10,158251.63912686365
1995-11-13,158244.6496536667
1995-11-14,158093.7857301168
1995-11-15,158351.75799561705
1995-11-16,158677.52812497455
1995-11-17,158825.3507291688
1995-11-20,158730.0177270043
1995-11-21,158739.0675312248
1995-11-22,158673.65338714398
1995-11-23,158597.57778258657
1995-11-24,158880.1226548505
1995-11-27,159235.04937098536
1995-11-28,159642.59559101018
1995-11-29,159828.39081064885
1995-11-30,160039.90754029958
1995-12-01,160240.36942140755
1995-12-04,160723.50064445636
1995-12-05,160913.55500693904
1995-12-06,160936.829328479
1995-12-07,160532.89922403335
1995-12-08,160680.91928461223
1995-12-11,160862.82274813412
1995-12-12,160840.93891230263
1995-12-13,161075.32327137337
1995-12-14,160788.17579722917
1995-12-15,160414.01568624153
1995-12-18,159143.08355357405
1995-12-19,159273.02563946557
1995-12-20,159452.90987188116
1995-12-21,159842.8045426408
1995-12-22,160025.967164619
1995-12-25,160030.34981999247
1995-12-26,160144.28304827402
1995-12-27,160276.00329333125
1995-12-28,160201.52610898827
1995-12-29,160495.28212544124
1996-01-01,160495.28212544124
1996-01-02,161071.7506162062
1996-01-03,161390.4609982451
1996-01-04,161440.22087670915
1996-01-05,161502.36281315435
1996-01-08,161529.9358365612
1996-01-09,160360.88048261427
1996-01-10,159260.61924355084
1996-01-11,159525.01893367775
1996-01-12,159543.00848675496
1996-01-15,159395.56361053814
1996-01-16,159986.76624786007
1996-01-17,159918.23227448616
1996-01-18,160329.58035387556
1996-01-19,160697.6052353299
1996-01-22,160933.28108174828
1996-01-23,160815.61617157975
1996-01-24,161530.96379992948
1996-01-25,161439.31109247523
1996-01-26,161848.74260238727
1996-01-29,161842.93624166457
1996-01-30,162328.71331617777
1996-01-31,162795.46785292967
1996-02-01,162975.51206681854
1996-02-02,163039.49449138294
1996-02-05,162737.87194912473
1996-02-06,163197.5060475746
1996-02-07,163345.8242885795
1996-02-08,163348.24055253607
1996-02-09,163501.1968548888
1996-02-12,163650.50842249882
1996-02-13,163591.19671818157
1996-02-14,163750.98389821342
1996-02-15,163935.24747738132
1996-02-16,163847.1916443698
1996-02-19,163290.64102413363
1996-02-20,162692.62289213864
1996-02-21,163078.7480238821
1996-02-22,163564.51936728155
1996-02-23,163728.9226820387
1996-02-26,163062.24368448695
1996-02-27,162614.4396838488
1996-02-28,162559.75466296228
1996-02-29,162296.404909203
1996-03-01,162528.73402675244
1996-03-04,162866.42196414818
1996-03-05,163421.83345508564
1996-03-06,163123.79781035546
1996-03-07,163093.75591233344
1996-03-08,161362.23570889485
1996-03-11,161253.53150083
1996-03-12,161426.02209815208
1996-03-13,161008.96735417892
1996-03-14,161286.6013726855
1996-03-15,161536.74901635095
1996-03-18,162077.00683222731
1996-03-19,162208.66652720852
1996-03-20,162108.0312426852
1996-03-21,162246.92875161231
1996-03-22,162166.96215047868
1996-03-25,162279.63503242904
1996-03-26,162251.73771149275
1996-03-27,162405.19040020186
1996-03-28,162236.18357132413
1996-03-29,162192.01229489155
1996-04-01,162648.17136198515
1996-04-02,162975.27015503639
1996-04-03,162937.28632287154
1996-04-04,163065.91162699444
1996-04-05,163100.47401980587
1996-04-08,162499.247264407
1996-04-09,162728.4734631102
1996-04-10,162251.2589492011
1996-04-11,161801.96075491112
1996-04-12,162352.69091162793
1996-04-15,163188.55732816085
1996-04-16,163833.70384664752
1996-04-17,163212.40966964024
1996-04-18,163690.41353242833
1996-04-19,163952.9398209535
1996-04-22,164724.7478077028
1996-04-23,165177.07799601462
1996-04-24,165165.48213140582
1996-04-25,165437.57120394858
1996-04-26,165572.6333085238
1996-04-29,165499.83566021547
1996-04-30,165642.0490941445
1996-05-01,165791.44117408452
1996-05-02,164280.01646634832
1996-05-03,164111.80443150198
1996-05-06,164111.17315945175
1996-05-07,163657.22495803525
1996-05-08,163763.96468913357
1996-05-09,163902.53552166244
1996-05-10,164735.32850260794
1996-05-13,165331.96034548906
1996-05-14,166088.86571400467
1996-05-15,166317.72004407295
1996-05-16,166403.24820706752
1996-05-17,166791.6265326651
1996-05-20,167166.9818348435
1996-05-21,167287.05899431137
1996-05-22,167400.30293942522
1996-05-23,167239.23760601546
1996-05-24,167328.16191820742
1996-05-27,167331.3841828674
1996-05-28,166911.07898720464
1996-05-29,166421.51341635734
1996-05-30,166580.93211802735
1996-05-31,166678.36882687407
1996-06-03,166527.8987090753
1996-06-04,167051.5190171327
1996-06-05,167483.76540236134
1996-06-06,166815.70321220384
1996-06-07,166453.37367622723
1996-06-10,166554.99932510348
1996-06-11,166573.58884116047
1996-06-12,166563.21435138967
1996-06-13,165946.2820044564
1996-06-14,165354.36382084934
1996-06-17,165243.94936643983
1996-06-18,164716.75136372648
1996-06-19,164533.55149237654
1996-06-20,164241.2689422718
1996-06-21,164643.82721874354
1996-06-24,165053.21045691057
1996-06-25,165068.5635489974
1996-06-26,164635.09955395048
1996-06-27,164615.3246629332
1996-06-28,165074.37571582213
1996-07-01,165566.98790534635
1996-07-02,165399.80905223318
1996-07-03,165166.67832794698
1996-07-04,165398.6879883865
1996-07-05,164222.13467510365
1996-07-08,163326.79337612988
1996-07-09,163383.49125287888
1996-07-10,163270.71110579124
1996-07-11,162933.08895630774
1996-07-12,162611.57384286856
1996-07-15,161620.571975054
1996-07-16,161058.7695167233
1996-07-17,161199.82597163456
1996-07-18,161686.89210587996
1996-07-19,161390.67228402258
1996-07-22,160765.76986032812
1996-07-23,160650.27721999193
1996-07-24,160544.70056393434
1996-07-25,160621.32306055885
1996-07-26,160687.16570949164
1996-07-29,160649.453616433
1996-07-30,160656.09896007538
1996-07-31,160689.5301455972
1996-08-01,160780.26065283382
1996-08-02,160841.54083546283
1996-08-05,160926.03157374973
1996-08-06,161001.85049620652
1996-08-07,161083.62924537694
1996-08-08,161046.59314126795
1996-08-09,160949.22738232272
1996-08-12,161082.68276608965
1996-08-13,160903.38192396643
1996-08-14,161032.3681973468
1996-08-15,161053.3073379237
1996-08-16,161257.35409410717
1996-08-19,161253.01335737054
1996-08-20,161352.09142401037
1996-08-21,161399.31771754136
1996-08-22,161919.21440200592
1996-08-23,161754.74634830613
1996-08-26,161372.2714901183
1996-08-27,161475.3929384059
1996-08-28,161556.506563133
1996-08-29,161060.62926639628
1996-08-30,160493.2733806398
1996-09-02,160551.64093501013
1996-09-03,160231.12737655314
1996-09-04,160347.51395979652
1996-09-05,160149.93554515668
1996-09-06,160214.50726038328
1996-09-09,160361.91799303424
1996-09-10,160460.87168472234
1996-09-11,160477.59822701692
1996-09-12,160783.90277110823
1996-09-13,161588.13785535048
1996-09-16,162083.4709997733
1996-09-17,162088.93716875557
1996-09-18,161821.88054113966
1996-09-19,161959.66248576122
1996-09-20,162123.318485198
1996-09-23,161811.4275562317
1996-09-24,161717.7260387319
1996-09-25,162031.33682651736
1996-09-26,162045.79176618886
1996-09-27,162232.17829153064
1996-09-30,162422.59304744317
1996-10-01,162712.64788994612
1996-10-02,163202.34535416876
1996-10-03,163140.22708307917
1996-10-04,163670.78618391245
1996-10-07,163933.27713263812
1996-10-08,163744.58243580037
1996-10-09,163446.7391989625
1996-10-10,163310.0530153059
1996-10-11,163953.77253883338
1996-10-14,164468.3655815526
1996-10-15,164723.34713974313
1996-10-16,164471.09018088516
1996-10-17,164850.03266298128
1996-10-18,165229.13671154727
1996-10-21,165171.00264790127
1996-10-22,164569.35440963053
1996-10-23,164256.2900605625
1996-10-24,163777.94912991527
1996-10-25,163787.59145155386
1996-10-28,163314.94587809133
1996-10-29,163029.9250984842
1996-10-30,163138.64844432296
1996-10-31,163670.14191422434
1996-11-01,163577.37352690712
1996-11-04,163743.95342186358
1996-11-05,164046.49904805303
1996-11-06,165361.1752924541
1996-11-07,165416.5367212766
1996-11-08,165645.42696347495
1996-11-11,165892.2282072945
1996-11-12,166029.32509594015
1996-11-13,166220.35712831045
1996-11-14,166673.17634508852
1996-11-15,166630.74666841183
1996-11-18,166793.30604508286
1996-11-19,167254.92441940523
1996-11-20,167572.885664886
1996-11-21,167324.11147565165
1996-11-22,168011.35426112235
1996-11-25,168959.45421789412
1996-11-26,169296.20165601806
1996-11-27,169217.24502750312
1996-11-28,168740.16265211988
1996-11-29,169119.5762295926
1996-12-02,169321.05576517776
1996-12-03,168885.4691010181
1996-12-04,168631.66779450176
1996-12-05,168774.02680606674
1996-12-06,167336.31078786252
1996-12-09,168241.06928386167
1996-12-10,168352.60063429154
1996-12-11,167541.36804434017
1996-12-12,166805.95102412667
1996-12-13,166561.60176314495
1996-12-16,166462.5234504041
1996-12-17,166388.30603442978
1996-12-18,166754.24142874233
1996-12-19,167316.53714599504
1996-12-20,167598.86148398666
1996-12-23,167687.0368847165
1996-12-24,167875.1520086557
1996-12-25,167874.32040524573
1996-12-26,168052.63703879667
1996-12-27,168158.89629014937
1996-12-30,168253.37610826528
1996-12-31,168062.06044918756
1997-01-01,168062.06044918756
1997-01-02,167412.2084938291
1997-01-03,168378.5983395202
1997-01-06,168686.63295588153
1997-01-07,168903.30612664242
1997-01-08,168844.64007085815
1997-01-09,169227.32682673263
1997-01-10,169356.35717894172
1997-01-13,169863.9647082784
1997-01-14,170786.83139795085
1997-01-15,170604.71558149584
1997-01-16,171096.56827566476
1997-01-17,171603.82128751674
1997-01-20,171806.92629771834
1997-01-21,172105.47943912967
1997-01-22,172625.38877431455
1997-01-23,172574.32592661493
1997-01-24,171464.51576004046
1997-01-27,170923.77619586053
1997-01-28,171456.89039614674
1997-01-29,171475.04219034992
1997-01-30,172626.37389112957
1997-01-31,173241.53127430403
1997-02-03,173361.38562390368
1997-02-04,173554.64252358588
1997-02-05,172853.69358625213
1997-02-06,172968.5434715366
1997-02-07,174008.24225953108
1997-02-10,173623.42745604832
1997-02-11,173730.66013941634
1997-02-12,174804.22490073877
1997-02-13,175528.28783485055
1997-02-14,175347.66694540347
1997-02-17,175435.21563391434
1997-02-18,175717.56476652992
1997-02-19,175516.3341433362
1997-02-20,174704.54139776985
1997-02-21,174551.51453062383
1997-02-24,174764.92671831587
1997-02-25,175371.3702477875
1997-02-26,174984.43353867703
1997-02-27,174318.6661691558
1997-02-28,173867.63462608025
1997-03-03,174056.51255469446
1997-03-04,175036.41066533496
1997-03-05,175443.00731428186
1997-03-06,175705.5217483897
1997-03-07,176118.9961226923
1997-03-10,176305.92399056506
1997-03-11,176379.57726717502
1997-03-12,175599.6916940978
1997-03-13,174996.17188750766
1997-03-14,175352.4587836291
1997-03-17,174598.17003481288
1997-03-18,173835.15632135543
1997-03-19,173433.50268172534
1997-03-20,172807.0219429336
1997-03-21,172804.6139814191
1997-03-24,173019.0447301096
1997-03-25,173219.4033780584
1997-03-26,173412.23796399063
1997-03-27,172744.81383443013
1997-03-28,172742.58934121992
1997-03-31,172513.20639159222
1997-04-01,172070.78707571386
1997-04-02,171620.98871089908
1997-04-03,171465.70749601573
1997-04-04,171778.57649135185
1997-04-07,172175.5478288881
1997-04-08,172271.68967596086
1997-04-09,172316.5592835772
1997-04-10,172212.80405862222
1997-04-11,171752.15454587268
1997-04-14,171817.22108837683
1997-04-15,171997.71760645256
1997-04-16,172072.63457073906
1997-04-17,172052.5965321023
1997-04-18,172033.44647204794
1997-04-21,171890.2968692024
1997-04-22,172176.2312159253
1997-04-23,172206.20206385545
1997-04-24,172249.39553462455
1997-04-25,172155.8669622523
1997-04-28,172250.5040633211
1997-04-29,172432.52464254847
1997-04-30,172816.0732872616
1997-05-01,172842.4207150542
1997-05-02,173412.14686590896
1997-05-05,174237.60987598266
1997-05-06,174200.74507890403
1997-05-07,174020.79864785835
1997-05-08,174195.21127303335
1997-05-09,174352.48215322857
1997-05-12,174762.2766977258
1997-05-13,174538.4495560901
1997-05-14,174853.91691513202
1997-05-15,174964.76525007296
1997-05-16,174756.5983007977
1997-05-19,174827.43542315226
1997-05-20,175022.29222845106
1997-05-21,175218.2703867008
1997-05-22,175185.72194669052
1997-05-23,175613.68505824634
1997-05-26,175890.35695268924
1997-05-27,175981.59206185053
1997-05-28,175959.38705097453
1997-05-29,175813.26112408392
1997-05-30,176073.8322950155
1997-06-02,176345.56209926662
1997-06-03,176095.444133842
1997-06-04,176100.92251805592
1997-06-05,176309.60847569964
1997-06-06,176755.1452279171
1997-06-09,176910.26036939843
1997-06-10,177097.08003562634
1997-06-11,177073.86839013227
1997-06-12,177332.14835752052
1997-06-13,177888.9425378561
1997-06-16,177978.5959219772
1997-06-17,177565.2741784152
1997-06-18,177368.59606358473
1997-06-19,177915.75708835231
1997-06-20,178494.91014577117
1997-06-23,177969.82381070626
1997-06-24,178989.82315128774
1997-06-25,179020.53302116937
1997-06-26,178773.29914433314
1997-06-27,179044.02126519728
1997-06-30,179045.1121666835
1997-07-01,179492.28854730344
1997-07-02,180259.10829691647
1997-07-03,181175.24486771642
1997-07-04,180865.5375508804
1997-07-07,180638.80953088187
1997-07-08,181164.97919242666
1997-07-09,180334.71191777175
1997-07-10,180774.38870248798
1997-07-11,181619.9525501564
1997-07-14,182401.1197474225
1997-07-15,183048.75200569176
1997-07-16,184292.824367808
1997-07-17,184071.6343388502
1997-07-18,182520.12862143543
1997-07-21,182162.104029895
1997-07-22,183565.60253806692
1997-07-23,184031.7465175767
1997-07-24,184231.43835767396
1997-07-25,184338.7813426886
1997-07-28,184470.36445687737
1997-07-29,184791.5562234087
1997-07-30,185633.099817379
1997-07-31,185791.30657428535
1997-08-01,185358.1293766984
1997-08-04,185539.33182291914
1997-08-05,186048.24821946872
1997-08-06,186799.32859527227
1997-08-07,186485.41561144052
1997-08-08,184895.19814828105
1997-08-11,184699.68556202267
1997-08-12,184259.27081578312
1997-08-13,183782.4428392814
1997-08-14,183749.0253636139
1997-08-15,181627.87681139988
1997-08-18,181910.93140941559
1997-08-19,182363.04075559948
1997-08-20,183648.3896523774
1997-08-21,182789.5148165921
1997-08-22,182012.8934970301
1997-08-25,182139.69415981733
1997-08-26,181627.43030902994
1997-08-27,181800.57865209237
1997-08-28,180896.17431776962
1997-08-29,180217.7498400201
1997-09-01,180170.93316423244
1997-09-02,181308.76922988766
1997-09-03,181290.76731420032
1997-09-04,181070.90528554167
1997-09-05,181204.35815353662
1997-09-08,181494.8518790457
1997-09-09,181631.5387669698
1997-09-10,181052.93647516525
1997-09-11,180581.91853398838
1997-09-12,180497.6652422387
1997-09-15,180595.72712891808
1997-09-16,181430.2779185119
1997-09-17,181502.71109254737
1997-09-18,181714.64983958215
1997-09-19,181691.826928197
1997-09-22,182109.43075211835
1997-09-23,181994.11126312698
1997-09-24,181989.69312263787
1997-09-25,182067.7115192237
1997-09-26,182657.7102954037
1997-09-29,182951.85253186163
1997-09-30,183191.09214691044
1997-10-01,183599.47802179918
1997-10-02,183709.70943344914
1997-10-03,183964.16921580734
1997-10-06,183859.05662206982
1997-10-07,184090.65259453782
1997-10-08,183869.2712929931
1997-10-09,183551.0229115991
1997-10-10,183508.56980307458
1997-10-13,183613.281084885
1997-10-14,183369.71259039297
1997-10-15,182835.16011773772
1997-10-16,182459.31036479145
1997-10-17,180736.75176099443
1997-10-20,181234.9064809131
1997-10-21,182188.21865121071
1997-10-22,181902.51528757744
1997-10-23,179740.52649237806
1997-10-24,179556.74240768526
1997-10-27,178205.94981568478
1997-10-28,179037.3542452723
1997-10-29,179614.94484156847
1997-10-30,178485.25369279544
1997-10-31,178970.4105384927
1997-11-03,179924.67373124338
1997-11-04,179948.61486427643
1997-11-05,180156.2205524808
1997-11-06,179828.16819369956
1997-11-07,178921.8140500515
1997-11-10,178843.12002017978
1997-11-11,178856.2562454081
1997-11-12,178639.50702513088
1997-11-13,178764.8758166191
1997-11-14,179011.05227685554
1997-11-17,179612.54315475645
1997-11-18,179418.13898544855
1997-11-19,179639.0999950225
1997-11-20,180099.38592048097
1997-11-21,180203.07796020017
1997-11-24,179579.31825920695
1997-11-25,179659.5739053097
1997-11-26,179732.1506255723
1997-11-27,179723.51960260404
1997-11-28,179874.61677943816
1997-12-01,180843.1265244127
1997-12-02,180841.27378381122
1997-12-03,180867.5023751738
1997-12-04,181296.4197173581
1997-12-05,181895.21108264694
1997-12-08,182082.42773672752
1997-12-09,181740.18318389982
1997-12-10,181264.8431334516
1997-12-11,180288.89296349545
1997-12-12,180537.67317639588
1997-12-15,180655.37166310975
1997-12-16,181735.0786192459
1997-12-17,181259.3420739387
1997-12-18,180839.66311580944
1997-12-19,179863.42445928432
1997-12-22,180207.51058879934
1997-12-23,180056.75264636916
1997-12-24,179842.99798194127
1997-12-25,179849.22692666162
1997-12-26,179900.59535206575
1997-12-29,180905.17214561082
1997-12-30,181432.8692570214
1997-12-31,181597.27260014406
1998-01-01,181594.44548683558
1998-01-02,182280.95303554513
1998-01-05,182856.08204234295
1998-01-06,182442.4427620108
1998-01-07,181886.58835689287
1998-01-08,181599.09585049833
1998-01-09,180469.40776591946
1998-01-12,180277.7980417414
1998-01-13,180303.70366775463
1998-01-14,180352.16305897458
1998-01-15,180266.99157220806
1998-01-16,180327.52635436022
1998-01-19,180509.7963873146
1998-01-20,180791.03254695272
1998-01-21,180148.7766586849
1998-01-22,179835.8408187556
1998-01-23,179275.90947274453
1998-01-26,179316.80309249376
1998-01-27,179495.75832713113
1998-01-28,179896.5961976124
1998-01-29,180222.77733028622
1998-01-30,180246.09085013712
1998-02-02,180782.8632846811
1998-02-03,180887.45590763167
1998-02-04,180847.13346151827
1998-02-05,180811.09127592866
1998-02-06,181074.3153072623
1998-02-09,181012.6465528905
1998-02-10,181220.5907323436
1998-02-11,181252.65233104368
1998-02-12,181223.77987771953
1998-02-13,181284.4117551793
1998-02-16,181331.03148536786
1998-02-17,181479.77368212445
1998-02-18,181591.11879938975
1998-02-19,181584.2761870628
1998-02-20,181691.08322914504
1998-02-23,181760.00254609156
1998-02-24,181549.6209367378
1998-02-25,182056.95101670647
1998-02-26,182058.47819192862
1998-02-27,181879.93129452388
1998-03-02,181859.56332697524
1998-03-03,181851.68924574167
1998-03-04,181717.3692161312
1998-03-05,181198.92008436166
1998-03-06,181925.10204018746
1998-03-09,181742.2009436708
1998-03-10,182036.45794906333
1998-03-11,182415.5333361008
1998-03-12,182359.09107681172
1998-03-13,182259.15016456533
1998-03-16,182749.9895474648
1998-03-17,182706.5541935416
1998-03-18,182986.66026165342
1998-03-19,183375.48369178508
1998-03-20,183391.3266983142
1998-03-23,183278.3721317476
1998-03-24,183584.1436371479
1998-03-25,183525.68302231524
1998-03-26,183361.72013818825
1998-03-27,183398.39618927648
1998-03-30,183377.03974475604
1998-03-31,183753.98110782885
1998-04-01,184177.50746066732
1998-04-02,184418.97716749783
1998-04-03,184504.7697223946
1998-04-06,184331.47443014372
1998-04-07,183780.88310849576
1998-04-08,183665.47305144096
1998-04-09,184070.64924714738
1998-04-10,183834.9733186395
1998-04-13,183859.69138958096
1998-04-14,184264.0754027415
1998-04-15,184575.81956597586
1998-04-16,184396.92274199153
1998-04-17,184626.62292839304
1998-04-20,185059.84146859896
1998-04-21,185232.69618643675
1998-04-22,185123.93955361555
1998-04-23,184354.06380543826
1998-04-24,183746.99628226404
1998-04-27,181324.97138183785
1998-04-28,181518.04670734046
1998-04-29,181879.49726058095
1998-04-30,182732.8663455772
1998-05-01,183179.79183630462
1998-05-04,183354.93391034292
1998-05-05,182814.3813706343
1998-05-06,182635.31564679253
1998-05-07,182127.29424250626
1998-05-08,182445.18938133822
1998-05-11,182517.94497192051
1998-05-12,182591.277729916
1998-05-13,182747.18672665404
1998-05-14,182649.65019167386
1998-05-15,182527.82705938435
1998-05-18,182222.31603177576
1998-05-19,182780.5577791066
1998-05-20,182765.66632366378
1998-05-21,182585.31757191138
1998-05-22,182410.58453301937
1998-05-25,182614.62340295955
1998-05-26,182371.21190857276
1998-05-27,181842.29759462248
1998-05-28,182128.9170680227
1998-05-29,181964.88394116337
1998-06-01,181787.39528607618
1998-06-02,181759.86395555825
1998-06-03,181401.5220978299
1998-06-04,181822.97969396232
1998-06-05,182790.5551836531
1998-06-08,183174.82151976455
1998-06-09,183200.87299527705
1998-06-10,182976.5458343502
1998-06-11,182468.89918045493
1998-06-12,182149.3034845787
1998-06-15,181978.01645975217
1998-06-16,181908.37624663705
1998-06-17,182481.16874914564
1998-06-18,182143.47482424683
1998-06-19,181646.23681559926
1998-06-22,181774.01045778807
1998-06-23,182742.63670561425
1998-06-24,183461.84109462355
1998-06-25,183960.28972083234
1998-06-26,183995.06460225588
1998-06-29,184409.69428701885
1998-06-30,183557.5147720972
1998-07-01,184110.91446118953
1998-07-02,184148.3282034308
1998-07-03,184367.96399850503
1998-07-06,184309.04219876562
1998-07-07,184406.60971769565
1998-07-08,184874.89226100448
1998-07-09,184766.36749519393
1998-07-10,184473.09453654755
1998-07-13,184640.47529162533
1998-07-14,185186.08915658362
1998-07-15,185355.02324572834
1998-07-16,185464.01318398202
1998-07-17,185664.47611298104
1998-07-20,185729.00546391553
1998-07-21,185384.94300637968
1998-07-22,184624.875421343
1998-07-23,183694.90096350032
1998-07-24,183448.10692472084
1998-07-27,183257.95732998115
1998-07-28,182508.27260558988
1998-07-29,182177.49639357094
1998-07-30,183349.05250058562
1998-07-31,182133.19932890873
1998-08-03,181691.4895430351
1998-08-04,181077.41147185827
1998-08-05,180991.9788863126
1998-08-06,181299.50995749788
1998-08-07,181715.73718209236
1998-08-10,181222.27427394464
1998-08-11,180784.0594842467
1998-08-12,180952.77313092985
1998-08-13,180789.28743371344
1998-08-14,180959.13373273332
1998-08-17,180947.2185526799
1998-08-18,181320.48334874905
1998-08-19,181197.24662961825
1998-08-20,180858.08298986638
1998-08-21,180740.62423674454
1998-08-24,180761.2453235755
1998-08-25,181306.29927496338
1998-08-26,180803.0355750072
1998-08-27,179734.9928379361
1998-08-28,179254.31606418535
1998-08-31,178796.88530339883
1998-09-01,178761.94294709875
1998-09-02,178787.2156445989
1998-09-03,178692.9371419655
1998-09-04,178681.94895429886
1998-09-07,178639.53437553247
1998-09-08,179029.1015040659
1998-09-09,178676.73796830885
1998-09-10,178371.3948391413
1998-09-11,178371.3948391413
1998-09-14,178371.3948391413
1998-09-15,178371.3948391413
1998-09-16,178371.3948391413
1998-09-17,178371.3948391413
1998-09-18,178371.3948391413
1998-09-21,178371.3948391413
1998-09-22,178371.3948391413
1998-09-23,178371.3948391413
1998-09-24,178371.3948391413
1998-09-25,178371.3948391413
1998-09-28,178371.3948391413
1998-09-29,178371.3948391413
1998-09-30,178371.3948391413
1998-10-01,178371.3948391413
1998-10-02,178371.3948391413
1998-10-05,178199.99123672585
1998-10-06,178199.99123672585
1998-10-07,178199.99123672585
1998-10-08,178199.99123672585
1998-10-09,178199.99123672585
1998-10-12,178199.99123672585
1998-10-13,178199.99123672585
1998-10-14,178199.99123672585
1998-10-15,178199.99123672585
1998-10-16,178199.99123672585
1998-10-19,178199.99123672585
1998-10-20,178199.99123672585
1998-10-21,178199.99123672585
1998-10-22,178199.99123672585
1998-10-23,178199.99123672585
1998-10-26,178199.99123672585
1998-10-27,178199.99123672585
1998-10-28,178199.99123672585
1998-10-29,178199.99123672585
1998-10-30,178199.99123672585
1998-11-02,178199.99123672585
1998-11-03,178186.61046708745
1998-11-04,178377.2989802455
1998-11-05,178450.50955242413
1998-11-06,178583.06132497668
1998-11-09,178245.5467239602
1998-11-10,178144.68808590536
1998-11-11,177976.45855764297
1998-11-12,177875.30016193574
1998-11-13,178050.35229157307
1998-11-16,178594.10046637765
1998-11-17,178447.51988286787
1998-11-18,178716.56927787955
1998-11-19,178994.67493283888
1998-11-20,179339.05264136032
1998-11-23,180611.23825969113
1998-11-24,180675.17504135412
1998-11-25,180638.9213646909
1998-11-26,180809.09551495768
1998-11-27,181237.6150846221
1998-11-30,179713.10594259773
1998-12-01,178864.47793677374
1998-12-02,178776.55258108978
1998-12-03,178357.4687315522
1998-12-04,178579.4166974569
1998-12-07,178916.57472900703
1998-12-08,178829.88115266265
1998-12-09,178865.53054508218
1998-12-10,178608.42367677757
1998-12-11,178254.14169632702
1998-12-14,177977.42718206716
1998-12-15,178521.4860993051
1998-12-16,178477.16611027415
1998-12-17,179087.70352673478
1998-12-18,179597.10311931593
1998-12-21,180490.15291609944
1998-12-22,180373.79945034618
1998-12-23,180996.41578135255
1998-12-24,180928.1426612337
1998-12-25,180928.1426612337
1998-12-28,180915.12360514505
1998-12-29,181493.35986191704
1998-12-30,180963.42147772483
1998-12-31,180811.7304527169
1999-01-01,180811.7304527169
1999-01-04,181287.58733460237
1999-01-05,181980.86883745494
1999-01-06,184019.93664659304
1999-01-07,184166.28118980952
1999-01-08,184599.55279828762
1999-01-11,183961.84526236265
1999-01-12,183167.10577126706
1999-01-13,181924.59671103815
1999-01-14,181415.5091634903
1999-01-15,182602.65587599028
1999-01-18,183038.53069068887
1999-01-19,183534.57329664126
1999-01-20,184041.24108911792
1999-01-21,182928.06659686452
1999-01-22,182238.44556975487
1999-01-25,182408.1183095029
1999-01-26,182756.8939482739
1999-01-27,182598.7075345689
1999-01-28,182982.97332675665
1999-01-29,183255.18740992423
1999-02-01,183342.1247866347
1999-02-02,183063.83153156177
1999-02-03,183148.59523891978
1999-02-04,182732.36586961994
1999-02-05,182550.36872324807
1999-02-08,182849.64308284654
1999-02-09,181598.6990046465
1999-02-10,181715.28425770445
1999-02-11,182727.82285083068
1999-02-12,182266.04753040604
1999-02-15,182419.72616050596
1999-02-16,182751.73478061162
1999-02-17,182221.93261547276
1999-02-18,182385.97190027326
1999-02-19,182475.76751268152
1999-02-22,183186.60499769502
1999-02-23,183604.4242947447
1999-02-24,183540.1166635283
1999-02-25,183179.98317315968
1999-02-26,182975.11672475984
1999-03-01,183101.46292625027
1999-03-02,182721.34772591665
1999-03-03,182607.29778431274
1999-03-04,182843.17532254802
1999-03-05,183646.45330154322
1999-03-08,183841.13145189168
1999-03-09,184125.69141866334
1999-03-10,184721.7126081832
1999-03-11,184798.14083218563
1999-03-12,184811.18430508036
1999-03-15,185159.1867102809
1999-03-16,185631.00072418764
1999-03-17,185712.13134138065
1999-03-18,185056.8537918062
1999-03-19,185431.69500088296
1999-03-22,185196.348380854
1999-03-23,184210.9103670455
1999-03-24,184097.45927400008
1999-03-25,185585.48931312776
1999-03-26,185513.64309788178
1999-03-29,186479.57165078633
1999-03-30,186106.70399226143
1999-03-31,185522.44670550266
1999-04-01,186376.13237561376
1999-04-02,186346.73686793528
1999-04-05,187485.61615623318
1999-04-06,187543.74399334664
1999-04-07,187930.93277215582
1999-04-08,188671.1436767459
1999-04-09,189114.63806317106
1999-04-12,189106.10637535213
1999-04-13,189332.13454995723
1999-04-14,188428.21198541913
1999-04-15,188544.57014733303
1999-04-16,188574.84207154473
1999-04-19,188493.7340079732
1999-04-20,188012.21687112626
1999-04-21,188648.31414958695
1999-04-22,189295.9312297036
1999-04-23,189446.78536868622
1999-04-26,189978.42722667573
1999-04-27,189952.57534196327
1999-04-28,189580.39164961677
1999-04-29,189490.88203152764
1999-04-30,189507.9554418366
1999-05-03,189708.06616659535
1999-05-04,189483.56452734114
1999-05-05,189434.75732199664
1999-05-06,189393.2766282478
1999-05-07,189212.52989732154
1999-05-10,189315.66557881486
1999-05-11,189391.35789780112
1999-05-12,189641.16040614754
1999-05-13,189811.7275460632
1999-05-14,189040.73605204362
1999-05-17,188011.85831944452
1999-05-18,188121.36429941794
1999-05-19,188264.95951738342
1999-05-20,188338.57636745693
1999-05-21,188284.2956614026
1999-05-24,187996.7190947422
1999-05-25,186736.20486876572
1999-05-26,187514.09056116396
1999-05-27,186426.04185522223
1999-05-28,186849.11466864456
1999-05-31,186986.8863433341
1999-06-01,187077.92287292427
1999-06-02,187317.0437252143
1999-06-03,187349.63029073348
1999-06-04,187955.88215108617
1999-06-07,188835.80609700034
1999-06-08,188343.1535442682
1999-06-09,188660.9354819996
1999-06-10,188243.90146362604
1999-06-11,188318.0510593788
1999-06-14,188220.6281286744
1999-06-15,188289.14438090898
1999-06-16,189825.1568475025
1999-06-17,190494.14348337764
1999-06-18,190453.7830459262
1999-06-21,192114.76615577546
1999-06-22,191662.62743900035
1999-06-23,191386.4372247791
1999-06-24,190266.6233011111
1999-06-25,190141.13122132642
1999-06-28,190645.81822755106
1999-06-29,190587.2662344903
1999-06-30,190484.55479886907
1999-07-01,191225.8753534057
1999-07-02,191703.52389838983
1999-07-05,192428.07771987232
1999-07-06,192346.45388080418
1999-07-07,192195.56768216658
1999-07-08,192225.89388893062
1999-07-09,192464.67621356132
1999-07-12,192456.37469377526
1999-07-13,191915.2586961709
1999-07-14,191817.65570957732
1999-07-15,192440.37626578563
1999-07-16,192081.37826917338
1999-07-19,191232.31971080936
1999-07-20,190570.28038581274
1999-07-21,190490.1729866917
1999-07-22,189192.89174321023
1999-07-23,188740.19154047754
1999-07-26,188172.7385010416
1999-07-27,188935.9510932629
1999-07-28,189143.9839402928
1999-07-29,188306.01961449315
1999-07-30,188075.31482535807
1999-08-02,188232.58252133644
1999-08-03,188263.4763378227
1999-08-04,187862.118252724
1999-08-05,187460.64133842234
1999-08-06,187039.6927467717
1999-08-09,186774.21599515702
1999-08-10,186614.4695638734
1999-08-11,187199.7839823537
1999-08-12,187465.53434797836
1999-08-13,188266.55042953923
1999-08-16,188776.80755532638
1999-08-17,189025.82971631552
1999-08-18,188831.84198077663
1999-08-19,188830.40633847142
1999-08-20,189466.69534446913
1999-08-23,190340.3013172358
1999-08-24,190582.2590595529
1999-08-25,191191.84307262738
1999-08-26,190719.4310324302
1999-08-27,190017.8066885572
1999-08-30,190034.8697838006
1999-08-31,188872.04153274145
1999-09-01,189239.77543933893
1999-09-02,188703.07646335926
1999-09-03,189422.14698783946
1999-09-06,189579.43627558052
1999-09-07,189550.1650761546
1999-09-08,189364.90953520683
1999-09-09,189713.28566557742
1999-09-10,189864.49209462057
1999-09-13,189740.10000815796
1999-09-14,189598.00273159888
1999-09-15,189226.5870451383
1999-09-16,188858.05953811348
1999-09-17,189177.41010358313
1999-09-20,189408.57395161098
1999-09-21,189093.38508917677
1999-09-22,188637.89773914515
1999-09-23,188503.3344528992
1999-09-24,187809.83826064906
1999-09-27,187847.07509077876
1999-09-28,188968.3871072803
1999-09-29,188870.48625504045
1999-09-30,188398.66344458683
1999-10-01,188229.64346289786
1999-10-04,189050.71176839608
1999-10-05,189049.8209517016
1999-10-06,189916.0885986159
1999-10-07,189998.91643680862
1999-10-08,190267.30268909005
1999-10-11,190529.62467628706
1999-10-12,189856.0027505223
1999-10-13,189020.7928282579
1999-10-14,189040.11456746212
1999-10-15,188490.018150746
1999-10-18,188289.61711749723
1999-10-19,188312.20070270827
1999-10-20,188885.9414247398
1999-10-21,188860.73226429487
1999-10-22,188955.511534332
1999-10-25,188740.15906963416
1999-10-26,188631.81085795755
1999-10-27,187742.5707895272
1999-10-28,189227.850805713
1999-10-29,190471.333094422
1999-11-01,190370.36436424006
1999-11-02,190377.79399924737
1999-11-03,190880.69084400937
1999-11-04,192164.34770977788
1999-11-05,192640.44583693345
1999-11-08,192868.5884434185
1999-11-09,193155.39477537043
1999-11-10,194270.79658441115
1999-11-11,194741.16231160698
1999-11-12,195203.86673678205
1999-11-15,195889.2968763571
1999-11-16,197132.9556766242
1999-11-17,196759.10967277404
1999-11-18,197678.48444449127
1999-11-19,197757.81303645152
1999-11-22,197753.04498722922
1999-11-23,197076.2345820817
1999-11-24,197761.98665637255
1999-11-25,197647.12914062082
1999-11-26,197988.0125354631
1999-11-29,197652.040221628
1999-11-30,197136.868585532
1999-12-01,197355.31535474418
1999-12-02,197808.51870091533
1999-12-03,198391.89828673497
1999-12-06,198463.28926214212
1999-12-07,198339.90018812375
1999-12-08,198257.45519653987
1999-12-09,198222.88681017444
1999-12-10,198653.3100836447
1999-12-13,198999.18266686876
1999-12-14,198420.41220086964
1999-12-15,198122.53295604547
1999-12-16,198577.13015250332
1999-12-17,199119.09800889343
1999-12-20,199510.7175304709
1999-12-21,200239.36905686304
1999-12-22,200730.61295702556
1999-12-23,202239.0054325336
1999-12-24,203151.40375382782
1999-12-27,203385.21473116695
1999-12-28,203822.93271419193
1999-12-29,204284.98593317147
1999-12-30,204960.19009115198
1999-12-31,205505.76318727346
2000-01-03,205792.65388550315
2000-01-04,201771.71582823223
2000-01-05,198748.194207459
2000-01-06,197172.75669382466
2000-01-07,199761.66991933563
2000-01-10,202371.8842727914
2000-01-11,201256.94963748546
2000-01-12,200913.13499034164
2000-01-13,201905.2588169364
2000-01-14,203334.78935412155
2000-01-17,203754.39216659238
2000-01-18,203061.59535013864
2000-01-19,203383.25575924903
2000-01-20,203330.38872751535
2000-01-21,203614.64998869848
2000-01-24,202254.46408986175
2000-01-25,202546.5411642912
2000-01-26,202002.3205312562
2000-01-27,201987.89865011803
2000-01-28,201190.27128424752
2000-01-31,201198.54588232777
2000-02-01,202650.518957768
2000-02-02,203481.87609837312
2000-02-03,205186.7537035932
2000-02-04,205550.1064877287
2000-02-07,206089.12100069923
2000-02-08,207552.0937162421
2000-02-09,207084.1565135842
2000-02-10,208171.0630181096
2000-02-11,207174.04758606825
2000-02-14,207146.6897732503
2000-02-15,206736.60288669908
2000-02-16,207059.92510023198
2000-02-17,207913.64606957283
2000-02-18,206680.1700393141
2000-02-21,206309.34452505325
2000-02-22,205934.8221881327
2000-02-23,206437.23829794442
2000-02-24,207395.5987697128
2000-02-25,207040.21294028327
2000-02-28,206610.7478724104
2000-02-29,207646.0440245988
2000-03-01,207526.9141996295
2000-03-02,207619.52786876165
2000-03-03,208463.4711124376
2000-03-06,208529.33031124226
2000-03-07,208449.09669868337
2000-03-08,208330.93148923718
2000-03-09,208649.5778402143
2000-03-10,208686.74920804356
2000-03-13,207155.4314973241
2000-03-14,206498.46838345006
2000-03-15,204565.1926595477
2000-03-16,205647.50592130638
2000-03-17,206181.27998521063
2000-03-20,205575.58614951756
2000-03-21,206670.04891563187
2000-03-22,207798.31607605092
2000-03-23,208620.37254037196
2000-03-24,209292.5455386956
2000-03-27,209085.52186810432
2000-03-28,208475.09899958037
2000-03-29,208282.75678841773
2000-03-30,207011.26971518475
2000-03-31,208700.8011671386
2000-04-03,207043.8256343067
2000-04-04,207361.56043396125
2000-04-05,205797.9081804217
2000-04-06,205669.22208762873
2000-04-07,205900.67256019573
2000-04-10,205620.68912044994
2000-04-11,205522.4071488841
2000-04-12,204685.1394451641
2000-04-13,203815.4880162661
2000-04-14,200747.88756680366
2000-04-17,201000.33318363206
2000-04-18,202928.29833037668
2000-04-19,202641.07759563366
2000-04-20,202123.85412479093
2000-04-21,201680.39842401876
2000-04-24,202056.16510578227
2000-04-25,205662.0023199709
2000-04-26,201899.15693234437
2000-04-27,202070.030873621
2000-04-28,203769.5140838408
2000-05-01,203880.59498679507
2000-05-02,203459.06856898827
2000-05-03,202589.47060508767
2000-05-04,202722.09124634633
2000-05-05,202895.10701672971
2000-05-08,202318.83154977183
2000-05-09,201985.35962084762
2000-05-10,200798.51078851928
2000-05-11,201478.5537438321
2000-05-12,201320.77695385923
2000-05-15,201375.746350669
2000-05-16,202369.1408689765
2000-05-17,201358.5510043932
2000-05-18,201099.1839759601
2000-05-19,200284.9602685749
2000-05-22,200159.7029953938
2000-05-23,200243.060201373
2000-05-24,200259.27711052372
2000-05-25,200029.5373123644
2000-05-26,199713.914696625
2000-05-29,199858.7805875747
2000-05-30,200557.8648789188
2000-05-31,201207.47333035836
2000-06-01,201913.5073641457
2000-06-02,203633.49478668766
2000-06-05,203391.11749597557
2000-06-06,202738.52341298375
2000-06-07,202920.32657313574
2000-06-08,202524.65072432772
2000-06-09,203025.58070856123
2000-06-12,202244.64692042937
2000-06-13,202102.59267300915
2000-06-14,202048.9124590778
2000-06-15,204955.7838602957
2000-06-16,204956.58901793003
2000-06-19,206130.6226901973
2000-06-20,206451.87639973842
2000-06-21,206317.74950946623
2000-06-22,205755.92685230754
2000-06-23,204921.95521821317
2000-06-26,205715.58491435373
2000-06-27,205078.11646773762
2000-06-28,206111.6759230278
2000-06-29,204900.6839871219
2000-06-30,205099.23367001532
2000-07-03,205443.12694403573
2000-07-04,205481.2613266972
2000-07-05,203511.8486624299
2000-07-06,204186.77650458989
2000-07-07,204876.04563459888
2000-07-10,204906.17972318176
2000-07-11,204919.68022470784
2000-07-12,205641.4801161465
2000-07-13,205817.96818100155
2000-07-14,206384.43129688862
2000-07-17,206332.7597299526
2000-07-18,205864.50628998622
2000-07-19,205248.76304551534
2000-07-20,205644.0894467944
2000-07-21,204990.5156773283
2000-07-24,204410.47483091222
2000-07-25,204521.94258186218
2000-07-26,204123.3876133328
2000-07-27,201201.50578777256
2000-07-28,200830.06068467602
2000-07-31,200880.32067875427
2000-08-01,201424.6262837545
2000-08-02,202528.7802279459
2000-08-03,201135.87627495878
2000-08-04,201720.4480109317
2000-08-07,202353.57148220314
2000-08-08,201807.2518716124
2000-08-09,201543.12484100123
2000-08-10,201481.84770465523
2000-08-11,201667.4757130799
2000-08-14,202249.7700688487
2000-08-15,202070.65489918174
2000-08-16,202255.20539396943
2000-08-17,202463.69055405224
2000-08-18,202267.56773771014
2000-08-21,202603.61559373143
2000-08-22,202771.10040454072
2000-08-23,202762.3422976581
2000-08-24,202744.40099730997
2000-08-25,202702.2528569062
2000-08-28,202917.71411924312
2000-08-29,203171.29674441036
2000-08-30,202887.6900202316
2000-08-31,203559.54538046496
2000-09-01,203848.6709735645
2000-09-04,204171.66709935002
2000-09-05,203918.70731147
2000-09-06,204122.10381024363
2000-09-07,204117.58276618025
2000-09-08,203537.12999626825
2000-09-11,203374.57153937902
2000-09-12,203026.13685820712
2000-09-13,202793.35433992377
2000-09-14,202473.48088958673
2000-09-15,202308.01665473907
2000-09-18,201736.51979729132
2000-09-19,202011.704467926
2000-09-20,201565.27398357278
2000-09-21,200843.70255606188
2000-09-22,200576.28659698894
2000-09-25,200210.75964767416
2000-09-26,200261.09430011662
2000-09-27,200519.82872019178
2000-09-28,200831.49018505192
2000-09-29,200805.2010401005
2000-10-02,201185.1933431154
2000-10-03,201195.45687504663
2000-10-04,200735.7347367602
2000-10-05,200897.71377492353
2000-10-06,200579.73906645086
2000-10-09,200584.8327499512
2000-10-10,200099.4549769549
2000-10-11,200156.04289853168
2000-10-12,199968.94971349312
2000-10-13,199842.58324633568
2000-10-16,199869.8505369649
2000-10-17,199386.32209056127
2000-10-18,199398.92927465338
2000-10-19,199862.90841603078
2000-10-20,200224.98740784498
2000-10-23,199776.76342276813
2000-10-24,199469.0553568181
2000-10-25,199552.810809755
2000-10-26,199381.92323645964
2000-10-27,198991.4097855032
2000-10-30,199259.64325467258
2000-10-31,199529.47246952032
2000-11-01,199526.2388321114
2000-11-02,199321.25229075126
2000-11-03,199160.76248056383
2000-11-06,199327.87970707862
2000-11-07,199367.04122859743
2000-11-08,199234.61077971512
2000-11-09,198864.8352635933
2000-11-10,198687.52686129292
2000-11-13,198038.51779004937
2000-11-14,198269.9345189914
2000-11-15,198309.21850438145
2000-11-16,198332.79613022076
2000-11-17,198290.16043037164
2000-11-20,197934.6635450698
2000-11-21,198140.05167009938
2000-11-22,197991.90821418766
2000-11-23,198051.38481361562
2000-11-24,198312.07317561388
2000-11-27,198086.74870842433
2000-11-28,198007.71982188837
2000-11-29,198026.73949764174
2000-11-30,197707.97421739815
2000-12-01,197739.42829884306
2000-12-04,197599.24934725364
2000-12-05,197703.87892415843
2000-12-06,197460.40564539674
2000-12-07,197583.68380834328
2000-12-08,197762.53257647008
2000-12-11,197833.08676545424
2000-12-12,197922.5315998133
2000-12-13,198021.4849933774
2000-12-14,197771.59605303154
2000-12-15,197688.79882762526
2000-12-18,197731.63523390825
2000-12-19,197770.14798837848
2000-12-20,197640.10712777154
2000-12-21,197669.33976251056
2000-12-22,197748.8706232662
2000-12-25,197775.322780878
2000-12-26,197937.0195329258
2000-12-27,198005.1919128732
2000-12-28,198526.54220539634
2000-12-29,197890.4055504407
2001-01-01,197913.14383759734
2001-01-02,197838.7126207824
2001-01-03,197249.70458934252
2001-01-04,197298.4137879885
2001-01-05,197324.5950370634
2001-01-08,197479.78207870858
2001-01-09,197334.07182935422
2001-01-10,197815.16382133344
2001-01-11,198156.90918208662
2001-01-12,197736.23257397523
2001-01-15,197814.80432097072
2001-01-16,197968.58942388467
2001-01-17,198017.6939599052
2001-01-18,197251.29345081886
2001-01-19,197158.03887179153
2001-01-22,197209.645843877
2001-01-23,197260.74922137934
2001-01-24,197004.17592401692
2001-01-25,197468.99410338345
2001-01-26,197272.52409455844
2001-01-29,197070.88509232027
2001-01-30,197197.83683967896
2001-01-31,197163.6465833371
2001-02-01,196994.97272817526
2001-02-02,197074.18864283033
2001-02-05,197316.2391092562
2001-02-06,197243.26945395322
2001-02-07,197335.5433375751
2001-02-08,197182.7340877079
2001-02-09,197370.80337803185
2001-02-12,197378.92709850176
2001-02-13,197263.11000512796
2001-02-14,196960.31825445875
2001-02-15,196970.71486832958
2001-02-16,197046.76133887013
2001-02-19,197087.383145712
2001-02-20,196600.02587157636
2001-02-21,196191.0685291686
2001-02-22,196170.60659534245
2001-02-23,195787.44409521375
2001-02-26,196026.88246174296
2001-02-27,196070.6264140885
2001-02-28,196027.6941143226
2001-03-01,196027.7412349807
2001-03-02,196313.14923932904
2001-03-05,196305.5699604497
2001-03-06,196313.0891453311
2001-03-07,196577.54775618593
2001-03-08,196672.592643311
2001-03-09,196537.57755346133
2001-03-12,196320.0459529862
2001-03-13,196058.39933449202
2001-03-14,195992.92796173296
2001-03-15,196132.77409886444
2001-03-16,196013.6875866988
2001-03-19,195999.03865276522
2001-03-20,196047.5366200297
2001-03-21,195744.64934007786
2001-03-22,195724.93321649314
2001-03-23,195570.4065323523
2001-03-26,195459.20734512658
2001-03-27,195426.93132916852
2001-03-28,195509.33562466688
2001-03-29,195742.89873969238
2001-03-30,196130.13072251802
2001-04-02,196172.01201036014
2001-04-03,195831.61800159604
2001-04-04,195755.25567494455
2001-04-05,195661.2887407153
2001-04-06,195508.91464469835
2001-04-09,195620.18275564106
2001-04-10,195689.58398018696
2001-04-11,195475.44535968077
2001-04-12,195357.18612156837
2001-04-13,195357.18612156837
2001-04-16,195474.93341976078
2001-04-17,195532.26456426844
2001-04-18,195414.65582618403
2001-04-19,195025.17193066765
2001-04-20,195000.97559094048
2001-04-23,194642.6147366816
2001-04-24,194690.10379064584
2001-04-25,194701.19868874882
2001-04-26,194914.72458856145
2001-04-27,195052.83431270753
2001-04-30,194964.0254289154
2001-05-01,194732.65804884242
2001-05-02,194499.93074595975
2001-05-03,194970.77520923477
2001-05-04,194793.41384178182
2001-05-07,194585.24300957998
2001-05-08,194563.10702590112
2001-05-09,194892.22391635965
2001-05-10,194779.11974844843
2001-05-11,194658.87490662176
2001-05-14,194749.31656868328
2001-05-15,194800.0815922931
2001-05-16,194828.94383064104
2001-05-17,194887.26643464665
2001-05-18,195136.69490812323
2001-05-21,195364.1913399387
2001-05-22,195393.50217933705
2001-05-23,194503.1478257077
2001-05-24,194810.82154704366
2001-05-25,194463.51703165908
2001-05-28,194556.6934791252
2001-05-29,194091.65064527135
2001-05-30,193586.28240366653
2001-05-31,193437.4293282643
2001-06-01,193451.17940700165
2001-06-04,193767.91660611666
2001-06-05,194158.50021354668
2001-06-06,193520.5916929679
2001-06-07,193522.81844930138
2001-06-08,193398.44535167783
2001-06-11,193375.2407060636
2001-06-12,193396.4069792408
2001-06-13,193232.7128923392
2001-06-14,192619.11312778527
2001-06-15,192855.85598591217
2001-06-18,192815.999391088
2001-06-19,192880.33622642458
2001-06-20,193221.46920910396
2001-06-21,193561.64486096593
2001-06-22,193093.465344243
2001-06-25,192774.6168258575
2001-06-26,192504.688190017
2001-06-27,192710.96192482056
2001-06-28,193276.1003771083
2001-06-29,193160.67714178053
2001-07-02,192199.54674663412
2001-07-03,192140.42404179025
2001-07-04,192218.80106397552
2001-07-05,192407.1212392689
2001-07-06,191821.8381658803
2001-07-09,191809.4503465538
2001-07-10,191270.12786042393
2001-07-11,191059.97085320018
2001-07-12,191215.4023687246
2001-07-13,191433.47503700983
2001-07-16,191428.5445546781
2001-07-17,191374.15840995382
2001-07-18,190839.2626302453
2001-07-19,190655.24669867277
2001-07-20,190628.1516803992
2001-07-23,190834.65951748757
2001-07-24,190676.93962208214
2001-07-25,190605.3759386628
2001-07-26,190621.35599955134
2001-07-27,190591.3200354236
2001-07-30,190782.43328160865
2001-07-31,190763.61805131639
2001-08-01,190693.15436612835
2001-08-02,190617.08601383315
2001-08-03,190602.76176636823
2001-08-06,190624.36072812395
2001-08-07,190596.5645502328
2001-08-08,190594.43448039648
2001-08-09,190408.81518668585
2001-08-10,190408.81518668585
2001-08-13,190456.96081195696
2001-08-14,190391.77097014931
2001-08-15,190164.1895298919
2001-08-16,190174.65366286054
2001-08-17,190172.90971462027
2001-08-20,190188.89642427093
2001-08-21,190160.70141164787
2001-08-22,190179.59499738365
2001-08-23,190164.1895298919
2001-08-24,190397.94403822633
2001-08-27,190237.2285525915
2001-08-28,190360.44102976282
2001-08-29,190105.6835783821
2001-08-30,190142.41596101865
2001-08-31,190103.97345412552
2001-09-03,190102.81074804417
2001-09-04,190003.14347797222
2001-09-05,190169.57643744673
2001-09-06,190021.96088961317
2001-09-07,189888.75288005074
2001-09-10,189774.4052619208
2001-09-11,189754.5519230128
2001-09-12,189751.36916657197
2001-09-13,189946.14419609393
2001-09-14,189987.9837897203
2001-09-17,189801.9200709583
2001-09-18,189872.18140975255
2001-09-19,189606.32372183254
2001-09-20,188541.70684001304
2001-09-21,189023.8948010791
2001-09-24,188803.88696563704
2001-09-25,188608.7023092958
2001-09-26,188942.70847396358
2001-09-27,189217.825038727
2001-09-28,189051.18180857025
2001-10-01,188581.15493651337
2001-10-02,187815.9584199566
2001-10-03,187811.6624714421
2001-10-04,187941.98683920782
2001-10-05,188019.553382755
2001-10-08,188109.55271586144
2001-10-09,187941.1211993617
2001-10-10,187850.21527675312
2001-10-11,187679.68961029872
2001-10-12,187843.37144016763
2001-10-15,187499.6153920141
2001-10-16,187498.00999631893
2001-10-17,187615.58335592475
2001-10-18,187462.90820830053
2001-10-19,187471.08231638314
2001-10-22,187422.0589620619
2001-10-23,187353.62003225661
2001-10-24,187412.2904978078
2001-10-25,187407.45294824976
2001-10-26,187503.61950808048
2001-10-29,187559.06907090545
2001-10-30,187625.9359351995
2001-10-31,187588.4180485026
2001-11-01,187552.56609069803
2001-11-02,187511.82110580622
2001-11-05,187412.36207052853
2001-11-06,187474.46781323347
2001-11-07,187634.75036990573
2001-11-08,187600.3799012895
2001-11-09,187398.86978800243
2001-11-12,187492.58751656848
2001-11-13,187434.015211212
2001-11-14,187388.45897371252
2001-11-15,187447.031279069
2001-11-16,187420.999143355
2001-11-19,187562.86233365297
2001-11-20,187504.89090166922
2001-11-21,187539.7044980984
2001-11-22,187628.47147926304
2001-11-23,187697.13679998805
2001-11-26,187670.51322545417
2001-11-27,187511.01234716878
2001-11-28,187486.3068283913
2001-11-29,187336.42417310193
2001-11-30,187280.66564614786
2001-12-03,187372.8254908983
2001-12-04,187228.2522165827
2001-12-05,187011.9128687087
2001-12-06,187054.77628650246
2001-12-07,187159.303618885
2001-12-10,187210.0314306884
2001-12-11,187195.73200087092
2001-12-12,187203.85672296028
2001-12-13,187226.55828465667
2001-12-14,187269.96509181993
2001-12-17,187299.40155058057
2001-12-18,187432.05952057487
2001-12-19,187232.92991213218
2001-12-20,188051.63174640015
2001-12-21,187571.3926373364
2001-12-24,187694.14782162584
2001-12-25,187805.47441429537
2001-12-26,187852.86623621575
2001-12-27,187885.71433588702
2001-12-28,188189.47186808044
2001-12-31,187978.7883925933
2002-01-01,188007.11240474813
2002-01-02,188106.44043530006
2002-01-03,188133.5612932135
2002-01-04,188901.33095844614
2002-01-07,189540.33738137665
2002-01-08,189428.13742571618
2002-01-09,189542.36239327805
2002-01-10,189244.22945833553
2002-01-11,189359.892636406
2002-01-14,188949.63402306187
2002-01-15,188762.22481327315
2002-01-16,187995.92434967996
2002-01-17,188193.37271009258
2002-01-18,187776.2607745197
2002-01-21,187854.3114501711
2002-01-22,187615.99423216272
2002-01-23,187869.52764785057
2002-01-24,188004.39094352935
2002-01-25,188149.80218169448
2002-01-28,187959.70307155946
2002-01-29,187659.76667750825
2002-01-30,187464.1971968556
2002-01-31,187943.77231195392
2002-02-01,187738.21576411097
2002-02-04,187385.15008607795
2002-02-05,188009.60527540697
2002-02-06,187893.0675873428
2002-02-07,188114.9987063728
2002-02-08,188254.13164394454
2002-02-11,187738.82144335777
2002-02-12,187976.1151193617
2002-02-13,188380.6193055851
2002-02-14,188238.75524836133
2002-02-15,188052.91175797864
2002-02-18,188062.48226691096
2002-02-19,187534.65432756033
2002-02-20,187373.1649339276
2002-02-21,187548.98531880372
2002-02-22,187201.259721459
2002-02-25,187187.32272367325
2002-02-26,187385.90984322206
2002-02-27,187382.38264873647
2002-02-28,187392.7632870586
2002-03-01,187757.89451336904
2002-03-04,187807.95230963628
2002-03-05,187701.71173569543
2002-03-06,187934.42710017614
2002-03-07,187443.72722685
2002-03-08,188187.76206941647
2002-03-11,188988.7003050453
2002-03-12,188582.57777310826
2002-03-13,187342.7627341653
2002-03-14,187490.5632858653
2002-03-15,188422.2741035765
2002-03-18,188392.9753876596
2002-03-19,188711.0946399725
2002-03-20,188032.10823519374
2002-03-21,188298.74351723964
2002-03-22,188123.57994688617
2002-03-25,187495.08964661934
2002-03-26,187736.08507997755
2002-03-27,188116.2568762221
2002-03-28,188468.80917316402
2002-03-29,188467.66875673388
2002-04-01,188566.86125509284
2002-04-02,188627.46226883572
2002-04-03,187975.91553887114
2002-04-04,187584.2106161617
2002-04-05,186995.42635462314
2002-04-08,187109.04080034164
2002-04-09,187135.58083939925
2002-04-10,187426.0559546169
2002-04-11,186715.71933330127
2002-04-12,186562.78487759415
2002-04-15,187577.09729218337
2002-04-16,187508.60193666874
2002-04-17,188670.7934868748
2002-04-18,189000.18867967732
2002-04-19,189037.1244566823
2002-04-22,188989.7860823968
2002-04-23,188949.65406432463
2002-04-24,188717.70708177204
2002-04-25,188562.22162953252
2002-04-26,187978.42270470803
2002-04-29,188170.0436932566
2002-04-30,188670.26443717442
2002-05-01,187738.19021821575
2002-05-02,187924.52485993758
2002-05-03,188050.30915930265
2002-05-06,187311.57660317907
2002-05-07,187433.47847078516
2002-05-08,188014.14166460134
2002-05-09,187857.01247414193
2002-05-10,187656.77371095834
2002-05-13,188340.80746892543
2002-05-14,188466.87772735185
2002-05-15,188376.8034493359
2002-05-16,188567.077129358
2002-05-17,188738.19596701144
2002-05-20,189069.29208869705
2002-05-21,188840.36159808835
2002-05-22,189165.4965579827
2002-05-23,189686.25763311764
2002-05-24,189020.67001478898
2002-05-27,189004.22188963697
2002-05-28,190229.506040846
2002-05-29,190210.3311384693
2002-05-30,189980.18212137657
2002-05-31,191097.01731617234
2002-06-03,190714.21631058984
2002-06-04,191008.92885980365
2002-06-05,190227.72344375163
2002-06-06,190220.17540801322
2002-06-07,189724.63725998512
2002-06-10,188645.48486738838
2002-06-11,188371.30836365942
2002-06-12,188474.4655490477
2002-06-13,188833.71773892033
2002-06-14,188970.9655748075
2002-06-17,188939.20953953193
2002-06-18,188505.13614979654
2002-06-19,188537.20207761478
2002-06-20,188543.97183458263
2002-06-21,188686.20334290943
2002-06-24,189311.74896774767
2002-06-25,189366.0856565748
2002-06-26,189626.21235198266
2002-06-27,190538.5614166095
2002-06-28,191214.89084562648
2002-07-01,192057.0194256893
2002-07-02,191437.70182146307
2002-07-03,191821.48237350586
2002-07-04,191821.48237350586
2002-07-05,192608.68601637296
2002-07-08,192380.0984612751
2002-07-09,193590.8724773897
2002-07-10,193905.95686328327
2002-07-11,193385.6218953778
2002-07-12,191940.2988762582
2002-07-15,192163.2819284973
2002-07-16,192715.0649925739
2002-07-17,193051.23352696415
2002-07-18,193646.97972886913
2002-07-19,194005.850041118
2002-07-22,195257.56436089537
2002-07-23,193135.2103110224
2002-07-24,193430.5984225942
2002-07-25,193047.33720008828
2002-07-26,191582.39781556584
2002-07-29,190814.70087570755
2002-07-30,191565.27622678128
2002-07-31,193041.15750543206
2002-08-01,193210.54492923938
2002-08-02,193610.1360713786
2002-08-05,193469.62352022793
2002-08-06,193750.72773491906
2002-08-07,194233.0732815733
2002-08-08,193377.0770940886
2002-08-09,194058.71251684896
2002-08-12,194908.76521897299
2002-08-13,195186.8377757153
2002-08-14,195445.02468486136
2002-08-15,195498.61415074565
2002-08-16,195280.5221587238
2002-08-19,194768.02399307594
2002-08-20,193019.6476426397
2002-08-21,193026.4060499534
2002-08-22,193226.55396290967
2002-08-23,193447.4348217232
2002-08-26,193826.9802035659
2002-08-27,193867.7999715399
2002-08-28,193649.07183448176
2002-08-29,193822.5134582452
2002-08-30,194298.6260506232
2002-09-02,194298.6260506232
2002-09-03,193911.10087987263
2002-09-04,195140.19848725587
2002-09-05,196147.29788843312
2002-09-06,196421.6466104232
2002-09-09,198653.12002664473
2002-09-10,198089.47027885777
2002-09-11,198271.77775843558
2002-09-12,197235.50163955463
2002-09-13,197391.24668003913
2002-09-16,198593.05643662537
2002-09-17,198882.73475861328
2002-09-18,199706.36051352794
2002-09-19,198809.8649503569
2002-09-20,198037.6574661598
2002-09-23,197456.45659995754
2002-09-24,197966.4312217331
2002-09-25,196713.854749562
2002-09-26,198051.984918655
2002-09-27,199626.64521657495
2002-09-30,199222.9546980491
2002-10-01,199088.25270358502
2002-10-02,199249.9358040805
2002-10-03,197043.8350733896
2002-10-04,196787.36515011545
2002-10-07,197617.21357362848
2002-10-08,198009.54919489915
2002-10-09,197308.23387167286
2002-10-10,196340.91276252974
2002-10-11,197007.74575520903
2002-10-14,197946.13643306433
2002-10-15,200255.59234561137
2002-10-16,200423.8708331156
2002-10-17,200857.7018197703
2002-10-18,200800.39913240357
2002-10-21,200616.00682540907
2002-10-22,199594.80133072496
2002-10-23,199567.4687596177
2002-10-24,200816.7774437545
2002-10-25,201218.71404425244
2002-10-28,200245.33789185164
2002-10-29,199754.87543875698
2002-10-30,199764.9110073445
2002-10-31,199961.8569258681
2002-11-01,200616.89288102413
2002-11-04,200291.75292973517
2002-11-05,199878.83024018694
2002-11-06,199923.50521363312
2002-11-07,199592.53562134827
2002-11-08,198590.59655169278
2002-11-11,197991.83481092635
2002-11-12,197599.359095103
2002-11-13,197643.56872405802
2002-11-14,198477.16155107372
2002-11-15,199485.54603039782
2002-11-18,198810.60187388962
2002-11-19,199316.96640065976
2002-11-20,199296.59292418856
2002-11-21,199153.4388006117
2002-11-22,199307.27282381261
2002-11-25,198880.18395036244
2002-11-26,198458.86321790962
2002-11-27,198881.13938448823
2002-11-28,198881.13938448823
2002-11-29,198824.65457086702
2002-12-02,199394.79939954373
2002-12-03,197737.28067394224
2002-12-04,197658.95108887824
2002-12-05,197988.40957148402
2002-12-06,198616.30066205427
2002-12-09,197861.75661237736
2002-12-10,198951.97792057195
2002-12-11,198582.64682298404
2002-12-12,199201.46776356656
2002-12-13,199528.2597154774
2002-12-16,200003.33326366026
2002-12-17,199793.4702108195
2002-12-18,200160.82715933654
2002-12-19,200020.7713149254
2002-12-20,199841.40410241287
2002-12-23,200308.90446660208
2002-12-24,200340.93300203158
2002-12-25,200340.93300203158
2002-12-26,199994.44048059004
2002-12-27,199965.73121048804
2002-12-30,199012.5222757335
2002-12-31,199319.2553294398
2003-01-01,199319.2553294398
2003-01-02,202272.7490207943
2003-01-03,202707.87883661527
2003-01-06,201040.04990902348
2003-01-07,200972.16805671074
2003-01-08,201660.3264583396
2003-01-09,202527.57001324574
2003-01-10,201304.9900058333
2003-01-13,201663.73684958275
2003-01-14,201582.87037030756
2003-01-15,202326.6579766348
2003-01-16,203134.22262188967
2003-01-17,202926.92756550017
2003-01-20,202926.92756550017
2003-01-21,203197.61845771252
2003-01-22,202512.7034299896
2003-01-23,202653.27543795298
2003-01-24,202852.7202005136
2003-01-27,202365.2416719817
2003-01-28,202736.4536057263
2003-01-29,203371.9838162007
2003-01-30,204263.76630794845
2003-01-31,205176.42690936232
2003-02-03,205702.77476154722
2003-02-04,205748.9123212806
2003-02-05,204744.34387905378
2003-02-06,204874.53564992765
2003-02-07,204774.0387773275
2003-02-10,204367.90917831007
2003-02-11,205049.21859478517
2003-02-12,204148.22768818148
2003-02-13,203948.54153000526
2003-02-14,204408.5586314787
2003-02-17,204408.5586314787
2003-02-18,203781.7401641939
2003-02-19,204058.43858791585
2003-02-20,204045.93147236938
2003-02-21,204575.27248291613
2003-02-24,207985.16457354586
2003-02-25,208479.7988749833
2003-02-26,208208.93690303658
2003-02-27,204899.6921578139
2003-02-28,208189.56785806545
2003-03-03,205677.48941924114
2003-03-04,205303.27757868785
2003-03-05,205164.67640741303
2003-03-06,205161.3147940814
2003-03-07,208004.0221690284
2003-03-10,207502.9727463256
2003-03-11,206475.04941245183
2003-03-12,206256.75934248065
2003-03-13,203960.84929569883
2003-03-14,204206.12749258522
2003-03-17,204128.06956541236
2003-03-18,202882.13128892874
2003-03-19,201970.85483432974
2003-03-20,201050.88925069798
2003-03-21,201411.2569904556
2003-03-24,199657.373340823
2003-03-25,199252.41802309713
2003-03-26,198804.31594377093
2003-03-27,198410.1520542313
2003-03-28,198680.76473873382
2003-03-31,198848.97575792472
2003-04-01,198913.22048598464
2003-04-02,199620.33393518656
2003-04-03,199083.55078159337
2003-04-04,199015.3096804571
2003-04-07,198977.02324857845
2003-04-08,198912.41975829366
2003-04-09,198623.74544455094
2003-04-10,198909.13630514382
2003-04-11,198892.54595920208
2003-04-14,199169.82868273146
2003-04-15,199902.00764398382
2003-04-16,199883.31479675096
2003-04-17,201208.01915509693
2003-04-18,201208.01915509693
2003-04-21,201370.4221586404
2003-04-22,201355.45981834707
2003-04-23,200625.36285066447
2003-04-24,199264.77704273927
2003-04-25,198482.32997635007
2003-04-28,197581.69552973038
2003-04-29,198227.07990550104
2003-04-30,198930.6123331538
2003-05-01,199066.98304359397
2003-05-02,199405.7309371055
2003-05-05,199359.02052227518
2003-05-06,199425.70104395883
2003-05-07,199221.9156511916
2003-05-08,200058.7888940285
2003-05-09,201496.41281289273
2003-05-12,202993.84496054865
2003-05-13,203151.39818108684
2003-05-14,203495.257692757
2003-05-15,203506.07057635908
2003-05-16,202985.07991534506
2003-05-19,201800.60550946373
2003-05-20,202704.28613402176
2003-05-21,202986.96839986698
2003-05-22,202230.77477939526
2003-05-23,202442.86322635878
2003-05-26,202442.86322635878
2003-05-27,202241.95780785513
2003-05-28,201307.0312386809
2003-05-29,201024.48916411964
2003-05-30,201047.11632790475
2003-06-02,201462.39485210547
2003-06-03,201271.58501082222
2003-06-04,201066.2762704692
2003-06-05,202072.51547997343
2003-06-06,201862.08382277237
2003-06-09,201018.37352425625
2003-06-10,201161.28299408124
2003-06-11,201447.84518587377
2003-06-12,200789.14678415481
2003-06-13,200114.58603941504
2003-06-16,200713.49999723164
2003-06-17,200938.6497813015
2003-06-18,200517.74630188785
2003-06-19,200518.89613082632
2003-06-20,200323.3617549371
2003-06-23,198813.93283989426
2003-06-24,198725.1923706646
2003-06-25,199002.67618376485
2003-06-26,199366.44639141264
2003-06-27,198884.57524674194
2003-06-30,198706.38124320644
2003-07-01,199780.5024509155
2003-07-02,201212.31616197486
2003-07-03,200414.94951181518
2003-07-04,200414.94951181518
2003-07-07,202774.21765463566
2003-07-08,203314.98152875295
2003-07-09,203570.9827259361
2003-07-10,202010.55231067058
2003-07-11,202866.51853280066
2003-07-14,203938.61982129823
2003-07-15,203354.17241368286
2003-07-16,202353.17999088223
2003-07-17,200698.8486968119
2003-07-18,201342.1472307784
2003-07-21,200171.10758507357
2003-07-22,200574.469984626
2003-07-23,200797.07035060943
2003-07-24,200343.1476762548
2003-07-25,201242.9457458422
2003-07-28,201366.53807250317
2003-07-29,200985.7911907688
2003-07-30,200712.58851501936
2003-07-31,200909.95489205583
2003-08-01,200075.657395172
2003-08-04,199963.55637149743
2003-08-05,198929.9137476766
2003-08-06,199140.98215318093
2003-08-07,198649.01821010734
2003-08-08,198438.50147587335
2003-08-11,199061.27870236203
2003-08-12,199229.89993826827
2003-08-13,198577.7569706121
2003-08-14,199344.93744223024
2003-08-15,199282.01516515366
2003-08-18,200098.05477599264
2003-08-19,200819.49073761143
2003-08-20,201025.132707906
2003-08-21,201652.90046971402
2003-08-22,200753.46455804398
2003-08-25,200271.35151386852
2003-08-26,200630.3508630206
2003-08-27,201625.45806702072
2003-08-28,202154.74603495694
2003-08-29,202459.9225255268
2003-09-01,202459.9225255268
2003-09-02,203553.41279810213
2003-09-03,204129.60571413624
2003-09-04,204440.82409355842
2003-09-05,204631.89753776565
2003-09-08,205929.16043389967
2003-09-09,205517.71122357514
2003-09-10,203739.48862221153
2003-09-11,204753.97604088415
2003-09-12,204410.6055838444
2003-09-15,203873.44468867197
2003-09-16,204895.24675391667
2003-09-17,205541.54998549444
2003-09-18,206021.9437041732
2003-09-19,206215.04850655393
2003-09-22,205560.91439807584
2003-09-23,205876.58483663306
2003-09-24,205095.19803736976
2003-09-25,203764.00774856913
2003-09-26,201829.7597876323
2003-09-29,203098.5343059409
2003-09-30,202317.26363057006
2003-10-01,204075.68101572775
2003-10-02,204422.34809777833
2003-10-03,204382.76050280817
2003-10-06,205100.67491055932
2003-10-07,205863.18818682613
2003-10-08,205419.89939055959
2003-10-09,206132.39784382406
2003-10-10,206503.9486462241
2003-10-13,207837.03362195595
2003-10-14,208197.2560138075
2003-10-15,208323.50766137562
2003-10-16,208439.82547195282
2003-10-17,207813.2234508337
2003-10-20,208291.17230049422
2003-10-21,208540.60486409965
2003-10-22,208195.4494724964
2003-10-23,208510.0796962624
2003-10-24,207961.01328433235
2003-10-27,208962.13750226703
2003-10-28,211794.45985437185
2003-10-29,213136.57742183568
2003-10-30,213001.34049599926
2003-10-31,213040.2357110731
2003-11-03,214419.3043134989
2003-11-04,214339.93399713153
2003-11-05,214624.14282188495
2003-11-06,213502.9165067122
2003-11-07,213598.61159049376
2003-11-10,212705.2227993057
2003-11-11,213205.73334827658
2003-11-12,214090.74917714676
2003-11-13,213918.7662464297
2003-11-14,213809.3963289528
2003-11-17,212041.52683646133
2003-11-18,212527.2401238811
2003-11-19,211731.8365030158
2003-11-20,210573.17306378385
2003-11-21,210079.09168921813
2003-11-24,210915.76807917928
2003-11-25,210991.43139502502
2003-11-26,212666.27398182987
2003-11-27,212660.5378225777
2003-11-28,213089.9697685935
2003-12-01,215806.7960617161
2003-12-02,216287.0410376068
2003-12-03,215819.46639047534
2003-12-04,215471.52336266113
2003-12-05,214848.50919144705
2003-12-08,215638.2151759185
2003-12-09,215899.20859456062
2003-12-10,215356.9257410608
2003-12-11,215666.77724000497
2003-12-12,217769.96505567804
2003-12-15,216963.60546535748
2003-12-16,216842.18336950603
2003-12-17,217416.1218503674
2003-12-18,219273.26652915264
2003-12-19,219501.1773019125
2003-12-22,218365.5693280148
2003-12-23,218839.32258302945
2003-12-24,220144.4747780061
2003-12-25,220144.4747780061
2003-12-26,220892.29157179978
2003-12-29,222320.12169784174
2003-12-30,222784.39955314662
2003-12-31,222921.0337060786
2004-01-01,222921.0337060786
2004-01-02,223753.66070008374
2004-01-05,227880.4715797766
2004-01-06,228173.08424738105
2004-01-07,227674.21867901832
2004-01-08,229710.07427675254
2004-01-09,230227.3147904785
2004-01-12,231294.72621964346
2004-01-13,231119.80211761693
2004-01-14,230900.28219717054
2004-01-15,230330.5840396882
2004-01-16,231401.29055871553
2004-01-19,231725.96008922652
2004-01-20,232875.76379511703
2004-01-21,233752.19189718552
2004-01-22,233534.067617542
2004-01-23,233804.13246668357
2004-01-26,234190.23336890334
2004-01-27,233717.90081497218
2004-01-28,231267.80851917746
2004-01-29,229024.13205402927
2004-01-30,228918.63355545755
2004-02-02,228529.33327582962
2004-02-03,229090.3143151187
2004-02-04,226925.48757100012
2004-02-05,227145.45306429674
2004-02-06,228921.73995732513
2004-02-09,229578.0333829994
2004-02-10,229481.86919871008
2004-02-11,230974.4622765674
2004-02-12,230867.84992534423
2004-02-13,230716.90035456768
2004-02-16,230910.06467564224
2004-02-17,232848.12031929678
2004-02-18,232605.68187045696
2004-02-19,232762.3338860845
2004-02-20,232192.97367699826
2004-02-23,231948.70705358346
2004-02-24,232370.0048883567
2004-02-25,232603.44990776613
2004-02-26,233388.16529985392
2004-02-27,233957.38711509315
2004-03-01,236202.47790338568
2004-03-02,234616.49818403512
2004-03-03,234051.06094023804
2004-03-04,235140.16325722737
2004-03-05,235800.87323526075
2004-03-08,234085.07023187977
2004-03-09,233879.13726768497
2004-03-10,232272.24392039276
2004-03-11,232049.65326712152
2004-03-12,233163.20871954318
2004-03-15,232789.90346443193
2004-03-16,233312.93063946848
2004-03-17,234302.8492129938
2004-03-18,235086.419170498
2004-03-19,234522.93625660043
2004-03-22,234097.4252469354
2004-03-23,233962.85769034404
2004-03-24,233071.14750558592
2004-03-25,233714.36951124965
2004-03-26,234041.28327194313
2004-03-29,234237.45464153332
2004-03-30,235103.5364693991
2004-03-31,235011.349871449
2004-04-01,236863.15250578529
2004-04-02,238329.52464108152
2004-04-05,238244.715212529
2004-04-06,238355.36216993968
2004-04-07,238005.63223741346
2004-04-08,237702.84161914088
2004-04-09,237266.66881593893
2004-04-12,237025.30440540233
2004-04-13,235574.50742379803
2004-04-14,233659.50920102373
2004-04-15,232202.2421002785
2004-04-16,232572.03419446186
2004-04-19,233271.9677050871
2004-04-20,231868.01149576917
2004-04-21,229957.45618739128
2004-04-22,230317.12364598614
2004-04-23,230936.36460218084
2004-04-26,230481.54963163516
2004-04-27,232183.54268836262
2004-04-28,230160.4052800435
2004-04-29,229916.10605226428
2004-04-30,230181.81082748488
2004-05-03,231461.4798939624
2004-05-04,231993.265140514
2004-05-05,232395.48226442025
2004-05-06,230156.8360635093
2004-05-07,229559.50515113748
2004-05-10,227012.71545912774
2004-05-11,227555.46762724005
2004-05-12,227208.4579593789
2004-05-13,227587.98371127347
2004-05-14,226489.53678493074
2004-05-17,225594.42824981984
2004-05-18,224266.73794947384
2004-05-19,225471.46003131845
2004-05-20,224347.98904318266
2004-05-21,224563.41474726648
2004-05-24,225830.15427720762
2004-05-25,226673.48231666654
2004-05-26,226509.68786730224
2004-05-27,225589.38355037884
2004-05-28,225924.5726179832
2004-05-31,225836.74091494977
2004-06-01,227772.1326835659
2004-06-02,226687.33906612222
2004-06-03,225033.86426550095
2004-06-04,224969.36957058622
2004-06-07,225455.18539657095
2004-06-08,224880.56739208582
2004-06-09,224096.39395221218
2004-06-10,223953.72371218985
2004-06-11,223909.05768627382
2004-06-14,223195.71104782217
2004-06-15,224175.6527167693
2004-06-16,224156.27119302997
2004-06-17,224124.80225599048
2004-06-18,224189.85612313612
2004-06-21,223355.89703220502
2004-06-22,222946.2062553001
2004-06-23,223651.08138503705
2004-06-24,224227.08416746045
2004-06-25,224209.53745466075
2004-06-28,223897.8785753031
2004-06-29,224074.40756904744
2004-06-30,224897.77883386714
2004-07-01,225631.10954266175
2004-07-02,225173.73380310868
2004-07-05,225101.06541754474
2004-07-06,226254.05921423348
2004-07-07,226000.52561549895
2004-07-08,225569.03182634516
2004-07-09,225729.47156777047
2004-07-12,225416.0157993775
2004-07-13,224388.21781004468
2004-07-14,224041.25553801388
2004-07-15,224162.18300418527
2004-07-16,224414.40151930667
2004-07-19,224375.30907098867
2004-07-20,224242.65534975578
2004-07-21,223696.35800920142
2004-07-22,224274.43283543087
2004-07-23,223703.44775869488
2004-07-26,223100.94765153975
2004-07-27,223020.0396804768
2004-07-28,223634.957295599
2004-07-29,224097.45933756253
2004-07-30,224661.85755152474
2004-08-02,224605.3060936724
2004-08-03,225042.61786993765
2004-08-04,223787.36535534624
2004-08-05,223933.5889667241
2004-08-06,223561.657497519
2004-08-09,223568.08017884294
2004-08-10,223669.83781825192
2004-08-11,223219.5918088187
2004-08-12,223041.77919234475
2004-08-13,223473.59272361977
2004-08-16,223009.7473449699
2004-08-17,222885.70705339094
2004-08-18,222677.84024084153
2004-08-19,223113.29302864225
2004-08-20,223372.7237272836
2004-08-23,222251.1561427051
2004-08-24,222142.09955875427
2004-08-25,221932.4196134863
2004-08-26,222114.612804465
2004-08-27,222266.31614848855
2004-08-30,222497.93302975348
2004-08-31,223097.0213373255
2004-09-01,223744.36101615903
2004-09-02,223461.98130469862
2004-09-03,222531.2609764986
2004-09-06,222703.05460998422
2004-09-07,222239.19946502274
2004-09-08,221842.92844615842
2004-09-09,221691.09643917554
2004-09-10,221660.1065287457
2004-09-13,221843.53800886727
2004-09-14,222019.67446844297
2004-09-15,221906.855540976
2004-09-16,222198.4055766463
2004-09-17,222481.94358780063
2004-09-20,222208.2850460493
2004-09-21,223977.80443765962
2004-09-22,224150.8697981892
2004-09-23,223759.72570663143
2004-09-24,223604.3259724718
2004-09-27,224390.50062777783
2004-09-28,224404.43163059943
2004-09-29,227341.6547824235
2004-09-30,227826.30627902626
2004-10-01,228439.72716424425
2004-10-04,227448.10144702875
2004-10-05,228552.8211220036
2004-10-06,228869.2756839324
2004-10-07,228896.38729133277
2004-10-08,228722.173789496
2004-10-11,228781.9659429661
2004-10-12,227448.25129856402
2004-10-13,226629.17161737644
2004-10-14,226856.46010197123
2004-10-15,227131.2270066885
2004-10-18,225702.1823417874
2004-10-19,226633.0566037631
2004-10-20,228933.3041443174
2004-10-21,229317.34270553265
2004-10-22,229508.46473915497
2004-10-25,228874.36533501986
2004-10-26,229693.94259627024
2004-10-27,227972.3997090917
2004-10-28,228216.80269804093
2004-10-29,228626.77881504715
2004-11-01,227840.651963596
2004-11-02,227205.6411811062
2004-11-03,228523.0182726336
2004-11-04,229164.47086587295
2004-11-05,229940.92063519737
2004-11-08,229587.87497940368
2004-11-09,229296.10311246724
2004-11-10,231018.28976518603
2004-11-11,229922.23292919126
2004-11-12,230745.56113799236
2004-11-15,231808.28446635144
2004-11-16,231057.21798283892
2004-11-17,231899.63071358996
2004-11-18,231032.7638996802
2004-11-19,231619.45665861905
2004-11-22,231214.7526246527
2004-11-23,231601.2908555409
2004-11-24,233311.7203628236
2004-11-25,233240.39872782156
2004-11-26,233292.1465790039
2004-11-29,234070.94517525795
2004-11-30,233538.4762300848
2004-12-01,235291.90816938246
2004-12-02,232862.3356259204
2004-12-03,233309.1598688473
2004-12-06,233234.45697949905
2004-12-07,230865.76133915386
2004-12-08,229697.4736244782
2004-12-09,229391.71348487044
2004-12-10,228884.51098831097
2004-12-13,230350.88375379553
2004-12-14,230845.70837419035
2004-12-15,231834.42944458008
2004-12-16,230840.8534434723
2004-12-17,231633.32231891758
2004-12-20,231975.77122382668
2004-12-21,233003.74572508433
2004-12-22,232461.37724182117
2004-12-23,232834.91288058803
2004-12-24,232822.09361219042
2004-12-27,232692.81902544765
2004-12-28,234029.07145251514
2004-12-29,232906.1493139771
2004-12-30,232623.57624362985
2004-12-31,232573.6794844158
2005-01-03,231434.08635179236
2005-01-04,229216.91381608532
2005-01-05,228304.2756486698
2005-01-06,228767.00793015282
2005-01-07,228120.45209012445
2005-01-10,227932.62395919446
2005-01-11,227415.88025708435
2005-01-12,228537.63348802715
2005-01-13,228724.70992542076
2005-01-14,228782.86590110528
2005-01-17,229018.17083490852
2005-01-18,230328.0431806201
2005-01-19,230204.05220867269
2005-01-20,229168.95916359656
2005-01-21,229491.42554828775
2005-01-24,229787.27152174912
2005-01-25,229898.38710273048
2005-01-26,231122.66623110193
2005-01-27,230985.79959836145
2005-01-28,229981.6254791309
2005-01-31,230697.12374364413
2005-02-01,230901.76777020752
2005-02-02,230797.53777815192
2005-02-03,230289.55435625202
2005-02-04,231011.98119947792
2005-02-07,231031.06300580536
2005-02-08,231171.57472463374
2005-02-09,230317.83823070204
2005-02-10,231715.65608510387
2005-02-11,232263.24227516656
2005-02-14,232220.70933914644
2005-02-15,233250.5928009944
2005-02-16,233313.96583366807
2005-02-17,232764.46197344264
2005-02-18,233113.70648909366
2005-02-21,233104.81709543406
2005-02-22,232349.33154976612
2005-02-23,232571.27845289028
2005-02-24,232400.8340710199
2005-02-25,232746.33300384224
2005-02-28,232637.6458048959
2005-03-01,232106.3191356944
2005-03-02,232347.75275338718
2005-03-03,232596.02284398006
2005-03-04,233565.276227968
2005-03-07,234070.46072633757
2005-03-08,234129.16110435806
2005-03-09,233675.85943337507
2005-03-10,233316.5659256464
2005-03-11,233561.7386790378
2005-03-14,233723.97599085292
2005-03-15,233871.0220987284
2005-03-16,233859.4368750134
2005-03-17,234009.75632954945
2005-03-18,234010.35485380318
2005-03-21,233050.6209152813
2005-03-22,232754.78235134
2005-03-23,230796.70634392652
2005-03-24,230483.06071153248
2005-03-25,230504.06898226147
2005-03-28,230926.5479277606
2005-03-29,230438.64373364998
2005-03-30,230972.68814293895
2005-03-31,231560.71075980295
2005-04-01,230720.52232791344
2005-04-04,230412.43551134662
2005-04-05,230459.4861173255
2005-04-06,230913.68151117448
2005-04-07,230500.8559473605
2005-04-08,230011.49465213966
2005-04-11,229843.15676742094
2005-04-12,228354.60083556612
2005-04-13,227667.53611505032
2005-04-14,227200.4752444448
2005-04-15,226323.72110161802
2005-04-18,226091.3445744707
2005-04-19,226942.84493988138
2005-04-20,227231.76232049405
2005-04-21,227239.62148924425
2005-04-22,227783.6825323329
2005-04-25,227894.60906154098
2005-04-26,227780.38867230937
2005-04-27,226372.87198229448
2005-04-28,226245.91090232885
2005-04-29,225744.88459504736
2005-05-02,225727.6983057951
2005-05-03,224412.2862781806
2005-05-04,225190.41933495383
2005-05-05,225102.7312119992
2005-05-06,225255.76556511913
2005-05-09,225654.82581386977
2005-05-10,225078.18783937878
2005-05-11,224908.89242658342
2005-05-12,223649.4159125745
2005-05-13,222071.09077876885
2005-05-16,221804.1348844884
2005-05-17,222117.34200894283
2005-05-18,222749.84701719516
2005-05-19,222850.82934412
2005-05-20,222699.83808986042
2005-05-23,223365.38928479253
2005-05-24,223563.63309937782
2005-05-25,223975.52357075238
2005-05-26,224916.75182674336
2005-05-27,224406.6856484789
2005-05-30,224645.4464262502
2005-05-31,224070.6710710376
2005-06-01,225471.25258208648
2005-06-02,225480.77409169014
2005-06-03,226540.95338739455
2005-06-06,226816.8778434132
2005-06-07,226408.55765102443
2005-06-08,226100.56247542173
2005-06-09,226203.6431699438
2005-06-10,226472.81947205577
2005-06-13,226726.82349258722
2005-06-14,226318.53943966795
2005-06-15,226466.22673615484
2005-06-16,227172.10657217138
2005-06-17,227771.9349971929
2005-06-20,227864.32368355774
2005-06-21,227252.7356307492
2005-06-22,227686.95070972666
2005-06-23,227471.3998873064
2005-06-24,226928.88905098638
2005-06-27,226839.3777488274
2005-06-28,225516.86400085903
2005-06-29,225808.00156245806
2005-06-30,225191.85597920636
2005-07-01,225923.9528073459
2005-07-04,226084.03637583548
2005-07-05,227556.98588237897
2005-07-06,227862.43752945744
2005-07-07,227086.12964959056
2005-07-08,228066.81698015233
2005-07-11,227973.9271760024
2005-07-12,227659.88426079453
2005-07-13,228025.75637348392
2005-07-14,227854.5696562378
2005-07-15,227715.3231545279
2005-07-18,227168.81802154367
2005-07-19,227924.27963296903
2005-07-20,228300.36465369546
2005-07-21,227607.35293759246
2005-07-22,229194.88808334392
2005-07-25,229062.44655439048
2005-07-26,229398.59727976762
2005-07-27,229848.0629311783
2005-07-28,230802.3525323
2005-07-29,230674.48954071937
2005-08-01,231714.93829676826
2005-08-02,233158.48759782218
2005-08-03,232651.46899309655
2005-08-04,231887.01571315466
2005-08-05,231503.19853185565
2005-08-08,231638.9923251859
2005-08-09,231825.78595734033
2005-08-10,233687.75334408824
2005-08-11,234814.15266003035
2005-08-12,235044.85900686943
2005-08-15,235129.81381917285
2005-08-16,233776.24697822006
2005-08-17,231448.27739578809
2005-08-18,230192.91426061705
2005-08-19,231023.3896854336
2005-08-22,232924.60706657748
2005-08-23,232993.73274771305
2005-08-24,233847.0893526537
2005-08-25,232928.7299971397
2005-08-26,232710.89475075767
2005-08-29,233497.62862756307
2005-08-30,235251.3541071873
2005-08-31,235495.42301942388
2005-09-01,236762.54739597384
2005-09-02,236580.04993662247
2005-09-05,236950.17336555367
2005-09-06,237342.66295332526
2005-09-07,236946.84468201658
2005-09-08,236624.50107973345
2005-09-09,237211.30654318674
2005-09-12,237454.5916880432
2005-09-13,236166.15946690046
2005-09-14,236647.78791131178
2005-09-15,237046.25200284566
2005-09-16,236734.09618558717
2005-09-19,238996.31005508074
2005-09-20,239290.96105321476
2005-09-21,239648.1377676262
2005-09-22,239810.81062235686
2005-09-23,239139.56093979598
2005-09-26,241310.2007135773
2005-09-27,241075.10240404692
2005-09-28,243925.10793125705
2005-09-29,244983.15445735995
2005-09-30,244008.0885809739
2005-10-03,244470.78511095542
2005-10-04,244503.00643036535
2005-10-05,241817.77830465045
2005-10-06,239141.6570541563
2005-10-07,239148.09560018888
2005-10-10,239225.0782863811
2005-10-11,241011.03428436944
2005-10-12,240351.91663734452
2005-10-13,238666.35855526704
2005-10-14,238688.57862288514
2005-10-17,240471.0344742344
2005-10-18,239386.84314619834
2005-10-19,238625.18497282342
2005-10-20,237208.35588958504
2005-10-21,237072.45084333332
2005-10-24,237213.10094326737
2005-10-25,240949.74831956363
2005-10-26,240162.75882404723
2005-10-27,238884.2760611412
2005-10-28,237826.09378024406
2005-10-31,237734.45986545878
2005-11-01,238065.5491767965
2005-11-02,239068.82943641552
2005-11-03,239890.0354581747
2005-11-04,239992.42288166948
2005-11-07,239680.13893845672
2005-11-08,239178.2429044908
2005-11-09,239370.09821870143
2005-11-10,239496.5657174001
2005-11-11,240399.7232843438
2005-11-14,240698.2800585039
2005-11-15,240528.21711050888
2005-11-16,241577.16250484687
2005-11-17,241656.74844589835
2005-11-18,242234.54965288637
2005-11-21,242982.88188267022
2005-11-22,243245.47202550573
2005-11-23,243571.14206815726
2005-11-24,243640.30203524284
2005-11-25,244079.64887187074
2005-11-28,243372.88433333
2005-11-29,243252.60560395126
2005-11-30,243624.09648603454
2005-12-01,247076.8943105053
2005-12-02,249830.5750238718
2005-12-05,250633.22305949067
2005-12-06,249834.80357052264
2005-12-07,250486.92551332604
2005-12-08,251072.26434615284
2005-12-09,251088.25674444073
2005-12-12,251819.29581025685
2005-12-13,251741.5230382752
2005-12-14,249560.77564527967
2005-12-15,248938.60713775933
2005-12-16,249029.4912739085
2005-12-19,249397.45207149623
2005-12-20,249051.34432532737
2005-12-21,249809.46558638956
2005-12-22,249621.13158605268
2005-12-23,249171.17368875915
2005-12-26,249478.51026159825
2005-12-27,248602.28764562786
2005-12-28,249825.4317063431
2005-12-29,248681.6383537777
2005-12-30,248221.43671448543
2006-01-02,248327.9322325459
2006-01-03,248716.7529398863
2006-01-04,250424.34977227903
2006-01-05,248124.4764443402
2006-01-06,249535.51082553703
2006-01-09,249770.34531025766
2006-01-10,248728.49783790577
2006-01-11,249464.58643086275
2006-01-12,249488.95515857992
2006-01-13,250057.8254630331
2006-01-16,249906.06374320042
2006-01-17,250048.0168756275
2006-01-18,247644.10095120396
2006-01-19,250093.10200711817
2006-01-20,250024.66495739316
2006-01-23,250493.54259607173
2006-01-24,251175.32625051774
2006-01-25,252276.801319268
2006-01-26,253758.74499564746
2006-01-27,255014.62831008306
2006-01-30,257040.80149481146
2006-01-31,257621.50706542772
2006-02-01,256679.71190250354
2006-02-02,257115.5526473865
2006-02-03,257037.99180857718
2006-02-06,257107.3723995227
2006-02-07,252918.80102662076
2006-02-08,253798.44408721227
2006-02-09,254341.75157744915
2006-02-10,252255.54609388695
2006-02-13,251543.8635191255
2006-02-14,253082.7865883999
2006-02-15,251742.23746336927
2006-02-16,252862.97899355204
2006-02-17,253575.72779911978
2006-02-20,253479.6971764069
2006-02-21,254879.3284273537
2006-02-22,254774.65789125452
2006-02-23,253673.92240901059
2006-02-24,255262.1566353977
2006-02-27,254038.17597918274
2006-02-28,254338.13521288516
2006-03-01,255309.73423892338
2006-03-02,257051.04111574253
2006-03-03,257220.23227276944
2006-03-06,256292.7834840237
2006-03-07,254796.26629692683
2006-03-08,253985.58355143998
2006-03-09,254346.661152298
2006-03-10,255888.67361404712
2006-03-13,257325.33829747693
2006-03-14,257488.71041574277
2006-03-15,258354.2831905254
2006-03-16,258867.25355501764
2006-03-17,259101.55244855682
2006-03-20,258824.49316698153
2006-03-21,258459.42542864743
2006-03-22,258871.16229312788
2006-03-23,259169.42703849345
2006-03-24,260546.4734915545
2006-03-27,261184.0420790714
2006-03-28,260942.57352714596
2006-03-29,262795.11202978104
2006-03-30,265122.2742412009
2006-03-31,263334.4005785574
2006-04-03,264988.33030350646
2006-04-04,264671.8461581412
2006-04-05,265538.55943244125
2006-04-06,266867.58916691993
2006-04-07,265051.51294797164
2006-04-10,266753.4361690114
2006-04-11,265242.5179138782
2006-04-12,264545.3959545835
2006-04-13,265222.4690049634
2006-04-14,265233.0883166428
2006-04-17,267290.15959731204
2006-04-18,269493.4067202173
2006-04-19,271760.6587356741
2006-04-20,269145.00633684493
2006-04-21,272168.83151297865
2006-04-24,268417.9263182996
2006-04-25,269155.9639385785
2006-04-26,269703.2188224548
2006-04-27,268574.0643004977
2006-04-28,269896.3866145741
2006-05-01,271792.93887527514
2006-05-02,273287.2181429409
2006-05-03,272454.6654704703
2006-05-04,273718.4370622733
2006-05-05,275071.00205356523
2006-05-08,275067.1334738217
2006-05-09,277011.22614509397
2006-05-10,277808.71146508545
2006-05-11,279964.3997305079
2006-05-12,277499.38342062983
2006-05-15,273899.66765704926
2006-05-16,275211.2170202203
2006-05-17,274273.0941359461
2006-05-18,271882.3406959249
2006-05-19,269395.6975857143
2006-05-22,269554.94977065525
2006-05-23,274329.0936343754
2006-05-24,270030.1460228388
2006-05-25,271380.46571943734
2006-05-26,272127.12452728394
2006-05-29,272095.4031510729
2006-05-30,271062.9874449599
2006-05-31,269450.1140347004
2006-06-01,267891.47824181354
2006-06-02,270695.5850841383
2006-06-05,270703.6835799578
2006-06-06,267267.4095739314
2006-06-07,267281.0164027077
2006-06-08,264575.53972436744
2006-06-09,264208.6230188133
2006-06-12,263292.1541842812
2006-06-13,257313.06163182558
2006-06-14,257290.5158466571
2006-06-15,258236.85342360998
2006-06-16,258652.13576715576
2006-06-19,257178.52461570746
2006-06-20,258072.59559343194
2006-06-21,259635.36529931735
2006-06-22,259102.03807071893
2006-06-23,258951.04743077373
2006-06-26,259887.14517577115
2006-06-27,259726.19247081398
2006-06-28,259816.39395016897
2006-06-29,261294.5813246513
2006-06-30,262921.087294244
2006-07-03,264772.42997037916
2006-07-04,264805.1357657179
2006-07-05,265783.4808992618
2006-07-06,267015.72636320436
2006-07-07,265682.4410885149
2006-07-10,264977.7936961957
2006-07-11,265653.01610673463
2006-07-12,265609.2950492239
2006-07-13,265124.457522318
2006-07-14,263684.2116607438
2006-07-17,263011.47404266
2006-07-18,261829.99471638928
2006-07-19,262932.5342707052
2006-07-20,261976.19456803566
2006-07-21,260199.08770900464
2006-07-24,261089.84397380785
2006-07-25,261635.99511336297
2006-07-26,261055.12279920196
2006-07-27,262180.5241948669
2006-07-28,262756.98208449257
2006-07-31,263317.3545976437
2006-08-01,263805.82374972175
2006-08-02,264761.76108175685
2006-08-03,263423.6235054005
2006-08-04,263969.2849735801
2006-08-07,263994.6889865653
2006-08-08,263338.8637521352
2006-08-09,264724.0844309991
2006-08-10,263293.6365252847
2006-08-11,261046.53926195984
2006-08-14,261038.1361138209
2006-08-15,261063.0029196283
2006-08-16,261055.92086303642
2006-08-17,259571.42538637543
2006-08-18,259628.47465625146
2006-08-21,259873.34204282676
2006-08-22,259779.93418951987
2006-08-23,259722.41668006865
2006-08-24,259697.9848996162
2006-08-25,259877.46071270166
2006-08-28,259625.35358624742
2006-08-29,259605.15725538175
2006-08-30,260273.90245091377
2006-08-31,261400.24926453677
2006-09-01,261467.79259796842
2006-09-04,261825.18272288406
2006-09-05,262157.79463881085
2006-09-06,261626.89151788715
2006-09-07,259991.52743957413
2006-09-08,259325.81245490554
2006-09-11,257654.3584383158
2006-09-12,257690.9560561223
2006-09-13,258015.30666046665
2006-09-14,257144.38868866366
2006-09-15,258086.6195184418
2006-09-18,258925.6609336051
2006-09-19,259310.806548603
2006-09-20,259894.33571958845
2006-09-21,262080.691722825
2006-09-22,261335.42891012275
2006-09-25,260996.28361712117
2006-09-26,262367.21686176374
2006-09-27,262599.97443455853
2006-09-28,262574.9051091394
2006-09-29,262087.09940103203
2006-10-02,262119.29654115424
2006-10-03,260870.4399944796
2006-10-04,263236.2508659018
2006-10-05,264213.7492840501
2006-10-06,264081.4482672837
2006-10-09,266747.9184556192
2006-10-10,266930.56444773416
2006-10-11,269510.13837922656
2006-10-12,269335.5846672269
2006-10-13,270877.25679692725
2006-10-16,271941.6339227637
2006-10-17,271231.5311148053
2006-10-18,271384.2874444431
2006-10-19,271601.6571328582
2006-10-20,271432.7251510549
2006-10-23,272007.0784937734
2006-10-24,272289.23590266646
2006-10-25,272539.60262939264
2006-10-26,273307.39852307725
2006-10-27,272573.20665475435
2006-10-30,271832.43255376304
2006-10-31,271146.33865496016
2006-11-01,271490.3214665155
2006-11-02,272168.3385061176
2006-11-03,272265.5663038896
2006-11-06,274560.1910409855
2006-11-07,275226.5091740672
2006-11-08,275134.94420121296
2006-11-09,274065.4727778122
2006-11-10,273371.64412883716
2006-11-13,273370.7802863174
2006-11-14,274747.6248633702
2006-11-15,275658.5881254884
2006-11-16,275934.47686024325
2006-11-17,275547.7694357791
2006-11-20,275530.2386228633
2006-11-21,276504.3318248187
2006-11-22,278034.5314157263
2006-11-23,278045.8104764869
2006-11-24,278186.5616111105
2006-11-27,276581.6074447145
2006-11-28,276603.38008007605
2006-11-29,276793.9413221816
2006-11-30,278513.08615829144
2006-12-01,278858.50578300847
2006-12-04,277582.18379103055
2006-12-05,277981.9380940161
2006-12-06,276486.7885364753
2006-12-07,276811.2254726368
2006-12-08,276331.8577895156
2006-12-11,276842.42638976616
2006-12-12,276514.4468712758
2006-12-13,276278.10913775896
2006-12-14,277118.79754074186
2006-12-15,276840.4043531332
2006-12-18,275185.31071786984
2006-12-19,275838.41302580654
2006-12-20,276276.13788198144
2006-12-21,276420.91832159646
2006-12-22,276794.32384532795
2006-12-25,276794.32384532795
2006-12-26,277651.4434452456
2006-12-27,278336.82555272
2006-12-28,277781.40065177757
2006-12-29,277806.7051116154
2007-01-01,277806.7051116154
2007-01-02,278111.5658683373
2007-01-03,276208.1019273386
2007-01-04,275737.2245735311
2007-01-05,273516.6711403261
2007-01-08,273573.60141446715
2007-01-09,273148.88110458717
2007-01-10,273294.9767801081
2007-01-11,275227.0574895648
2007-01-12,279217.4911449968
2007-01-15,280089.36300608184
2007-01-16,280002.69695597206
2007-01-17,280883.588472301
2007-01-18,280784.57291316905
2007-01-19,281190.6758604656
2007-01-22,281031.28509646433
2007-01-23,282025.0124387839
2007-01-24,282296.7592859022
2007-01-25,280993.7752392794
2007-01-26,279934.2768216321
2007-01-29,279700.45793142344
2007-01-30,280635.78682582907
2007-01-31,281178.851042104
2007-02-01,281992.9326800781
2007-02-02,282227.6487739064
2007-02-05,282488.30800512194
2007-02-06,282947.73242055165
2007-02-07,283339.23753690673
2007-02-08,283369.0774446223
2007-02-09,283854.67475026683
2007-02-12,282345.0889999301
2007-02-13,283789.3311947989
2007-02-14,284673.348350805
2007-02-15,285050.76261524204
2007-02-16,285517.704486735
2007-02-19,285657.602825485
2007-02-20,285537.8393265365
2007-02-21,286650.98854618776
2007-02-22,286866.4886419621
2007-02-23,287004.6021573844
2007-02-26,286871.0543386722
2007-02-27,281055.0541352976
2007-02-28,279901.2431266253
2007-03-01,278252.5045777542
2007-03-02,275026.9127391625
2007-03-05,274292.242423569
2007-03-06,274771.6560859013
2007-03-07,275430.80246683746
2007-03-08,276122.05812633305
2007-03-09,276160.8614050449
2007-03-12,276450.27189877396
2007-03-13,274799.82575093716
2007-03-14,272808.68933431234
2007-03-15,273917.10673360905
2007-03-16,273964.81659826834
2007-03-19,274239.395376796
2007-03-20,274883.42241694
2007-03-21,276021.1342695734
2007-03-22,276441.05563691526
2007-03-23,275910.08490181575
2007-03-26,275392.3571412994
2007-03-27,275260.3253895563
2007-03-28,275117.7484968173
2007-03-29,275745.2896844607
2007-03-30,274872.5810716312
2007-04-02,274844.3061561648
2007-04-03,275416.8296887756
2007-04-04,276205.3198877273
2007-04-05,276486.26101939974
2007-04-06,276547.9955831349
2007-04-09,276655.73850283143
2007-04-10,277345.32455549436
2007-04-11,277332.90223703923
2007-04-12,277107.6040098588
2007-04-13,277781.6035037691
2007-04-16,278430.60782161215
2007-04-17,278655.60029942286
2007-04-18,278737.7557759782
2007-04-19,278960.7371483271
2007-04-20,280010.0528087745
2007-04-23,279472.4629679838
2007-04-24,278751.44408707763
2007-04-25,280091.0215585787
2007-04-26,279349.3966018473
2007-04-27,279362.87643426936
2007-04-30,278633.70578615455
2007-05-01,279389.9596833571
2007-05-02,279912.369218148
2007-05-03,280434.77132107446
2007-05-04,280853.2482048356
2007-05-07,280946.1498170936
2007-05-08,280258.14351440704
2007-05-09,280840.0786500372
2007-05-10,279119.24517482996
2007-05-11,281106.11259607936
2007-05-14,281168.3349023973
2007-05-15,281615.3862490557
2007-05-16,283004.5579675349
2007-05-17,282186.9818460668
2007-05-18,282810.4358188392
2007-05-21,283765.4583035204
2007-05-22,282902.896074344
2007-05-23,282987.47999016393
2007-05-24,282027.8211580903
2007-05-25,282835.94295930595
2007-05-28,282838.1117311474
2007-05-29,282697.2786187512
2007-05-30,284072.9109504782
2007-05-31,284517.5278173349
2007-06-01,284891.3914545167
2007-06-04,285599.36620777793
2007-06-05,284795.92054886697
2007-06-06,282995.5949620241
2007-06-07,280850.48306038545
2007-06-08,280299.8521206904
2007-06-11,281614.104195069
2007-06-12,280833.3427913622
2007-06-13,282239.9190722344
2007-06-14,284155.8387632365
2007-06-15,286025.076390194
2007-06-18,286289.3326065888
2007-06-19,285540.6168977315
2007-06-20,285144.28695666563
2007-06-21,284795.7509928793
2007-06-22,282758.22165389743
2007-06-25,282049.3646201738
2007-06-26,281745.271946689
2007-06-27,281735.6302788311
2007-06-28,281772.5953606352
2007-06-29,282971.46469682327
2007-07-02,283931.24113828375
2007-07-03,284928.1207495956
2007-07-04,285036.7272327365
2007-07-05,285544.92759722273
2007-07-06,287021.58521350235
2007-07-09,288075.405822936
2007-07-10,289176.899196474
2007-07-11,289396.12557357905
2007-07-12,291733.1949145471
2007-07-13,292959.3438183912
2007-07-16,290772.3039252288
2007-07-17,289616.7939985029
2007-07-18,289863.1025315296
2007-07-19,290671.33860057784
2007-07-20,289343.68221012206
2007-07-23,288882.1605629065
2007-07-24,287587.22958915366
2007-07-25,287219.7145688966
2007-07-26,284755.3064331035
2007-07-27,281739.9594295245
2007-07-30,282531.6069984507
2007-07-31,282628.8555767027
2007-08-01,282102.1223720499
2007-08-02,283094.4313984378
2007-08-03,282130.60876654123
2007-08-06,282336.73669249105
2007-08-07,281873.54941076867
2007-08-08,283607.37705562025
2007-08-09,282119.80381109
2007-08-10,281218.2824249251
2007-08-13,281558.88559855276
2007-08-14,281076.9096635297
2007-08-15,280437.11903935234
2007-08-16,277353.25672690995
2007-08-17,278348.0528549801
2007-08-20,278431.9234024349
2007-08-21,278534.1436359257
2007-08-22,280152.00590317533
2007-08-23,281360.1311712564
2007-08-24,282193.6588246104
2007-08-27,282505.05126890424
2007-08-28,280723.0614544131
2007-08-29,281421.2259456609
2007-08-30,282489.0490368751
2007-08-31,283480.18549122155
2007-09-03,283482.3033733628
2007-09-04,284651.83878201124
2007-09-05,284492.1727177724
2007-09-06,284248.4934869857
2007-09-07,283982.8189869618
2007-09-10,284418.67520570045
2007-09-11,285347.1823215639
2007-09-12,285646.06888955075
2007-09-13,285761.34531141917
2007-09-14,286264.0464499112
2007-09-17,287446.87842954986
2007-09-18,288055.50009201106
2007-09-19,288396.6518988515
2007-09-20,289110.43538695166
2007-09-21,289385.68185630796
2007-09-24,289633.37980405474
2007-09-25,289469.3163381527
2007-09-26,290449.91072945995
2007-09-27,291647.07540711924
2007-09-28,291191.9973600721
2007-10-01,291668.49070325977
2007-10-02,290078.7964294945
2007-10-03,290024.5976385921
2007-10-04,290161.8461042241
2007-10-05,290299.9023140988
2007-10-08,288891.5527865965
2007-10-09,288643.0734922914
2007-10-10,290118.7813765233
2007-10-11,292951.3548340993
2007-10-12,292486.83570258494
2007-10-15,293503.8078051045
2007-10-16,293657.55441687594
2007-10-17,294193.10388438555
2007-10-18,295725.45332712913
2007-10-19,294791.0396443491
2007-10-22,292779.86056927225
2007-10-23,293124.2451667298
2007-10-24,292321.06236819894
2007-10-25,293708.62477517565
2007-10-26,295695.3649469534
2007-10-29,297470.8175395215
2007-10-30,295928.4440539333
2007-10-31,297238.50880686403
2007-11-01,296390.0002488844
2007-11-02,296989.62976275594
2007-11-05,296101.79243224266
2007-11-06,298128.67842703237
2007-11-07,298026.23462962
2007-11-08,297374.2871861978
2007-11-09,296991.99867657386
2007-11-12,293141.84026537
2007-11-13,293161.8192270077
2007-11-14,294683.4176748616
2007-11-15,292877.2556825171
2007-11-16,292440.19667374704
2007-11-19,290611.15505330067
2007-11-20,292626.2413607325
2007-11-21,291888.4780214372
2007-11-22,291776.79114562704
2007-11-23,293626.25793514965
2007-11-26,293455.8222809052
2007-11-27,292184.6429790139
2007-11-28,292309.9994244722
2007-11-29,292300.69620558736
2007-11-30,290943.95130547695
2007-12-03,290714.6385545328
2007-12-04,291279.1114754295
2007-12-05,291363.4302648923
2007-12-06,292081.12622192886
2007-12-07,292805.8226950822
2007-12-10,293336.90842877695
2007-12-11,292790.7161747046
2007-12-12,293866.3056839334
2007-12-13,293031.0527050312
2007-12-14,292017.4582817617
2007-12-17,291272.90523301583
2007-12-18,290913.508699507
2007-12-19,291612.83972908824
2007-12-20,291689.94345107244
2007-12-21,293120.8198970695
2007-12-24,293268.7043161923
2007-12-25,293268.1461566201
2007-12-26,294648.9714749122
2007-12-27,294602.4086468054
2007-12-28,296184.1002214257
2007-12-31,296071.51780769613
2008-01-01,296081.7430344325
2008-01-02,298197.89008777705
2008-01-03,299145.5336477059
2008-01-04,298269.67378266546
2008-01-07,296662.13263000094
2008-01-08,299029.02724498557
2008-01-09,298336.20443479565
2008-01-10,298788.6196918416
2008-01-11,301640.8286064968
2008-01-14,304324.5917026382
2008-01-15,302902.6471658135
2008-01-16,299652.89653709286
2008-01-17,299919.5488612477
2008-01-18,299119.59442421107
2008-01-21,297975.9301421704
2008-01-22,295317.94399307296
2008-01-23,293213.35213760374
2008-01-24,298083.6503200919
2008-01-25,300605.2985183591
2008-01-28,303358.4691548624
2008-01-29,303263.41023921745
2008-01-30,304014.96023228834
2008-01-31,304060.53366577456
2008-02-01,303388.2321665526
2008-02-04,305577.86464873527
2008-02-05,304329.76295049477
2008-02-06,304428.90375219134
2008-02-07,305477.170555667
2008-02-08,308338.05497998785
2008-02-11,308008.2284131136
2008-02-12,306209.24592793937
2008-02-13,306380.06172771263
2008-02-14,310073.08954012045
2008-02-15,309511.7997379162
2008-02-18,309441.58679117344
2008-02-19,315831.7113133074
2008-02-20,315251.4981510397
2008-02-21,317143.3433360164
2008-02-22,318274.8107125185
2008-02-25,321053.19941543153
2008-02-26,324874.50604829605
2008-02-27,327359.926027992
2008-02-28,326693.44555974915
2008-02-29,326811.20128572086
2008-03-03,330132.06865829835
2008-03-04,326879.51655325905
2008-03-05,330365.36670859135
2008-03-06,327374.9870044546
2008-03-07,322754.59335436986
2008-03-10,324032.07591790217
2008-03-11,328360.5062992546
2008-03-12,329293.29455852765
2008-03-13,329669.1329377451
2008-03-14,326488.3526111678
2008-03-17,321104.1212170407
2008-03-18,323749.69278511364
2008-03-19,316734.91254364466
2008-03-20,308340.13243581564
2008-03-21,308340.13243581564
2008-03-24,310797.9593125228
2008-03-25,315307.9836938434
2008-03-26,318011.27336818783
2008-03-27,318622.96197357005
2008-03-28,316265.2696768957
2008-03-31,313555.5371520618
2008-04-01,312373.6152924197
2008-04-02,314670.1647740031
2008-04-03,315396.68357607455
2008-04-04,316980.51707177574
2008-04-07,317716.7933636651
2008-04-08,316057.42337074416
2008-04-09,319848.35680569
2008-04-10,319623.0536533286
2008-04-11,317565.10309679835
2008-04-14,318668.4279895385
2008-04-15,319758.8425784076
2008-04-16,321082.8715951543
2008-04-17,320508.7207238639
2008-04-18,319795.2872474033
2008-04-21,318338.75272802997
2008-04-22,320404.0847288446
2008-04-23,318582.88117615815
2008-04-24,316113.89573707705
2008-04-25,316337.026811125
2008-04-28,316272.8706778424
2008-04-29,314183.2469716688
2008-04-30,314599.9145546616
2008-05-01,311189.7657472534
2008-05-02,313868.1899632493
2008-05-05,316318.8296425252
2008-05-06,317694.09110729187
2008-05-07,318150.16837507515
2008-05-08,318577.52535450173
2008-05-09,320679.1750485721
2008-05-12,319456.61126158986
2008-05-13,319594.71616929176
2008-05-14,318925.28446178493
2008-05-15,318761.11701178044
2008-05-16,319936.3191096466
2008-05-19,319167.7642073271
2008-05-20,320412.30586883624
2008-05-21,322614.38246271055
2008-05-22,320969.04547262413
2008-05-23,321654.62033373443
2008-05-26,321637.08718944015
2008-05-27,319023.9730132085
2008-05-28,320515.0332035196
2008-05-29,315201.3795382083
2008-05-30,316838.5627923732
2008-06-02,317865.52144796506
2008-06-03,316482.24751710036
2008-06-04,316791.9408186565
2008-06-05,321020.1058744662
2008-06-06,325430.64739020716
2008-06-09,323988.0911443343
2008-06-10,323455.7037075709
2008-06-11,326980.98491452984
2008-06-12,327063.6338848075
2008-06-13,328489.10189506155
2008-06-16,329931.30113032635
2008-06-17,330266.7708033925
2008-06-18,331153.8271270386
2008-06-19,329172.28250655654
2008-06-20,329732.7863214931
2008-06-23,330061.8098808373
2008-06-24,329424.56689803075
2008-06-25,329490.0308214345
2008-06-26,332041.2136837186
2008-06-27,333816.33034478605
2008-06-30,333537.80624276656
2008-07-01,334837.06423226773
2008-07-02,335878.65860918124
2008-07-03,335024.78524872626
2008-07-04,335030.11248972634
2008-07-07,331001.4687651236
2008-07-08,328109.23698469874
2008-07-09,326956.2362102604
2008-07-10,328762.6372437683
2008-07-11,330861.58923743543
2008-07-14,328948.5504953385
2008-07-15,325872.65322457807
2008-07-16,324898.5894885044
2008-07-17,321200.5844416161
2008-07-18,317729.1505218554
2008-07-21,317572.84878716833
2008-07-22,315281.198367616
2008-07-23,312653.6159015632
2008-07-24,311825.2968638532
2008-07-25,312006.3312378991
2008-07-28,312114.0050695217
2008-07-29,311784.48748837964
2008-07-30,312927.52502764214
2008-07-31,312917.77915868926
2008-08-01,311759.4962889862
2008-08-04,309101.8889622472
2008-08-05,308457.6111758855
2008-08-06,308324.51985798596
2008-08-07,308275.6777191544
2008-08-08,304941.0720056474
2008-08-11,304846.5373282521
2008-08-12,304773.8942626683
2008-08-13,305099.98147295497
2008-08-14,305551.95851467113
2008-08-15,303602.5390844951
2008-08-18,304198.4641973242
2008-08-19,304384.0115566911
2008-08-20,304753.73235263047
2008-08-21,305724.8793198054
2008-08-22,304677.5115654292
2008-08-25,304320.38020417676
2008-08-26,304315.3098152998
2008-08-27,304302.6954787551
2008-08-28,303300.2864987647
2008-08-29,303015.41865407856
2008-09-01,302873.412498163
2008-09-02,302372.3951338658
2008-09-03,301878.66776474874
2008-09-04,301785.9212730263
2008-09-05,300976.3692255497
2008-09-08,301040.2831521488
2008-09-09,300492.1795561779
2008-09-10,300676.0852025742
2008-09-11,300184.4787739709
2008-09-12,300521.5254201482
2008-09-15,296444.6266054165
2008-09-16,295923.36788793304
2008-09-17,296000.6235881918
2008-09-18,295455.68200425524
2008-09-19,295586.13539728126
2008-09-22,294600.9917252484
2008-09-23,292123.2626132241
2008-09-24,292579.194798636
2008-09-25,294055.28357414063
2008-09-26,294093.1139110558
2008-09-29,290974.9263707552
2008-09-30,290893.1020235737
2008-10-01,291844.2881253753
2008-10-02,291173.45411167527
2008-10-03,290891.47499426675
2008-10-06,290507.0709057576
2008-10-07,290459.24659031216
2008-10-08,290455.20525810355
2008-10-09,288244.76243086567
2008-10-10,288453.6107603868
2008-10-13,288378.16930444166
2008-10-14,288343.14322619385
2008-10-15,288389.6206022041
2008-10-16,288417.2372288009
2008-10-17,288413.8696232614
2008-10-20,288460.34648536873
2008-10-21,288520.29531134287
2008-10-22,288613.25006336335
2008-10-23,288612.5763366943
2008-10-24,288685.3233998661
2008-10-27,288718.32881200965
2008-10-28,288725.0645369916
2008-10-29,288593.0423745147
2008-10-30,288207.7997793892
2008-10-31,288279.873115892
2008-11-03,288328.37115800654
2008-11-04,288222.61868269125
2008-11-05,288096.3155308453
2008-11-06,287201.1665482203
2008-11-07,287266.7805533691
2008-11-10,287266.78055336914
2008-11-11,287047.2202657539
2008-11-12,287074.16367958457
2008-11-13,287038.4638746677
2008-11-14,286999.3959503084
2008-11-17,287158.93595961254
2008-11-18,286995.9951292385
2008-11-19,287055.1386242964
2008-11-20,286855.5399014073
2008-11-21,286528.8367403522
2008-11-24,286617.5050660965
2008-11-25,286487.059169647
2008-11-26,286810.1733306121
2008-11-27,286810.1733306121
2008-11-28,287135.00578230794
2008-12-01,287067.6667097142
2008-12-02,287043.5643561598
2008-12-03,286908.9536237835
2008-12-04,286524.50670216646
2008-12-05,286746.2971214455
2008-12-08,286232.9958890216
2008-12-09,286322.92186054646
2008-12-10,286202.99852838495
2008-12-11,285661.3013974111
2008-12-12,285645.6073853804
2008-12-15,285532.446525826
2008-12-16,285401.11441519123
2008-12-17,284939.3132011937
2008-12-18,284975.75328462373
2008-12-19,285094.83490985126
2008-12-22,285081.1693821061
2008-12-23,285090.9302605845
2008-12-24,285088.9781841806
2008-12-25,285088.9781841806
2008-12-26,285068.15520844073
2008-12-29,285054.4901771545
2008-12-30,285068.80606606166
2008-12-31,285095.4852710133
2009-01-01,285095.4852710133
2009-01-02,285129.9732780394
2009-01-05,285182.03096561856
2009-01-06,285195.69599690486
2009-01-07,285158.60505585384
2009-01-08,285110.45201754145
2009-01-09,285183.3326808604
2009-01-12,285206.7580941663
2009-01-13,285288.09792072186
2009-01-14,285297.8587992003
2009-01-15,285299.1605144422
2009-01-16,285284.193767914
2009-01-19,285284.193767914
2009-01-20,285414.9883480239
2009-01-21,285388.9595042343
2009-01-22,285369.43774727744
2009-01-23,285375.2944729481
2009-01-26,285627.3265955071
2009-01-27,285586.6627909646
2009-01-28,285536.28899310454
2009-01-29,285178.652938037
2009-01-30,285262.94270555273
2009-02-02,285304.93566396786
2009-02-03,285196.4447808819
2009-02-04,285205.98300060956
2009-02-05,285411.91879523365
2009-02-06,285431.234465449
2009-02-09,285469.67027799156
2009-02-10,285512.6445289537
2009-02-11,286111.5883680061
2009-02-12,286219.6978497283
2009-02-13,286093.14721028815
2009-02-16,286093.14721028815
2009-02-17,286588.43494287983
2009-02-18,286933.1782054493
2009-02-19,286499.3285143161
2009-02-20,287158.42238713155
2009-02-23,287020.87596181687
2009-02-24,286339.75394069124
2009-02-25,286495.4344015933
2009-02-26,286560.4473025357
2009-02-27,286468.9419680493
2009-03-02,286175.0879038848
2009-03-03,285901.9811190857
2009-03-04,286522.9175109099
2009-03-05,286394.3534351519
2009-03-06,286644.12079851236
2009-03-09,286039.2212085722
2009-03-10,285442.5416785791
2009-03-11,285675.2762408469
2009-03-12,285934.04001006426
2009-03-13,285975.68405579147
2009-03-16,285806.0977945569
2009-03-17,285734.3414246469
2009-03-18,284233.28947381425
2009-03-19,284674.78861913114
2009-03-20,284701.66609275475
2009-03-23,284572.98858160945
2009-03-24,284253.6703405915
2009-03-25,284239.7436031851
2009-03-26,284203.94312023534
2009-03-27,284018.97172613395
2009-03-30,283766.3388766084
2009-03-31,283761.0914305688
2009-04-01,283790.53764669143
2009-04-02,283623.06678193953
2009-04-03,282419.03876736865
2009-04-06,281969.0488913643
2009-04-07,282184.5141476583
2009-04-08,282355.34642507415
2009-04-09,282383.35010323935
2009-04-10,282383.35010323935
2009-04-13,283745.37022605137
2009-04-14,283365.7740735399
2009-04-15,283218.8123154708
2009-04-16,282473.34991339536
2009-04-17,282120.91760614485
2009-04-20,280656.02651264286
2009-04-21,280089.15475153294
2009-04-22,280215.43055096024
2009-04-23,281001.6720280621
2009-04-24,281457.06284745556
2009-04-27,280627.5363371716
2009-04-28,279611.17794252775
2009-04-29,281022.24674284674
2009-04-30,281805.4475678628
2009-05-01,283181.914818721
2009-05-04,286271.9730677308
2009-05-05,285605.17057173885
2009-05-06,286878.0375429838
2009-05-07,286236.47254907445
2009-05-08,286691.7930577871
2009-05-11,286206.2805062607
2009-05-12,286319.2917988852
2009-05-13,285101.2734637902
2009-05-14,284947.93671478913
2009-05-15,284155.53185621474
2009-05-18,285569.08354173496
2009-05-19,286170.56350329967
2009-05-20,286969.3535638207
2009-05-21,287057.23530997394
2009-05-22,287824.570535671
2009-05-25,287850.765862332
2009-05-26,288337.90118951385
2009-05-27,288633.2340317654
2009-05-28,289047.2377559877
2009-05-29,290461.9715619121
2009-06-01,293573.28231840243
2009-06-02,293288.83233160886
2009-06-03,290312.87759910885
2009-06-04,292005.24893231964
2009-06-05,291340.61978817574
2009-06-08,289748.6180971704
2009-06-09,290814.2117731363
2009-06-10,290698.4856881794
2009-06-11,292029.7166058846
2009-06-12,290294.3951210821
2009-06-15,287271.3091117542
2009-06-16,286871.91640164395
2009-06-17,286657.93073452276
2009-06-18,286629.93297801004
2009-06-19,286515.5536190296
2009-06-22,284082.86843207537
2009-06-23,284140.55004057614
2009-06-24,285820.93464144843
2009-06-25,287891.94948746957
2009-06-26,288239.3181032369
2009-06-29,288690.23253757716
2009-06-30,288158.30304442724
2009-07-01,290266.30957584287
2009-07-02,288506.77039190166
2009-07-03,288290.28079956037
2009-07-06,286924.7797052676
2009-07-07,285537.3793999142
2009-07-08,283761.88970830134
2009-07-09,284149.7051877085
2009-07-10,284201.12896548636
2009-07-13,284805.74337813427
2009-07-14,285714.321629689
2009-07-15,287576.82196937606
2009-07-16,287978.9473374832
2009-07-17,288536.17706439155
2009-07-20,289987.69550694176
2009-07-21,290056.33139935386
2009-07-22,290776.93683047296
2009-07-23,292994.17268245295
2009-07-24,293135.5962486526
2009-07-27,293541.52350317844
2009-07-28,292957.37677058374
2009-07-29,292514.21167494025
2009-07-30,294523.0456663192
2009-07-31,294807.3455240772
2009-08-03,298576.1240312045
2009-08-04,298704.427374436
2009-08-05,297522.86797708285
2009-08-06,297392.70032705565
2009-08-07,298972.4234818661
2009-08-10,298742.5997712709
2009-08-11,298589.32157691545
2009-08-12,299622.8361360115
2009-08-13,299228.5705562871
2009-08-14,297196.2258360708
2009-08-17,294137.8092510063
2009-08-18,294822.9372994074
2009-08-19,295410.6300573315
2009-08-20,295501.97889347863
2009-08-21,296670.6549917533
2009-08-24,296731.60244355863
2009-08-25,296786.812157111
2009-08-26,296949.2499712798
2009-08-27,296894.718366612
2009-08-28,297547.4533694671
2009-08-31,297063.15495211526
2009-09-01,295161.3600921241
2009-09-02,295150.7371665337
2009-09-03,295772.3383479392
2009-09-04,296007.6047847189
2009-09-07,296500.13273263647
2009-09-08,296843.0847047873
2009-09-09,297150.4659976771
2009-09-10,297528.4360206289
2009-09-11,297506.1115536393
2009-09-14,297957.10889741185
2009-09-15,298355.66642603715
2009-09-16,299889.2524842671
2009-09-17,300045.01789135416
2009-09-18,299302.7252486785
2009-09-21,298956.97145420505
2009-09-22,299934.43931754795
2009-09-23,299151.28920275334
2009-09-24,297450.97488113353
2009-09-25,295751.9076017358
2009-09-28,297166.04686451633
2009-09-29,297187.1164467098
2009-09-30,299057.52321897476
2009-10-01,297104.83715393854
2009-10-02,296507.11907166964
2009-10-05,298766.85836001614
2009-10-06,302996.918423307
2009-10-07,302775.54201073624
2009-10-08,305590.6033957921
2009-10-09,303330.9557822784
2009-10-12,305218.4183201524
2009-10-13,306259.20550961694
2009-10-14,307771.83471585205
2009-10-15,307374.1553947139
2009-10-16,308050.0404624464
2009-10-19,309043.6557947021
2009-10-20,308165.3932373159
2009-10-21,309667.64560924494
2009-10-22,308738.0060380569
2009-10-23,307676.65808927105
2009-10-26,305245.8358400821
2009-10-27,304718.27346193197
2009-10-28,300936.4628110625
2009-10-29,303974.052403509
2009-10-30,300954.8008772794
2009-11-02,302353.8223668754
2009-11-03,303439.60773742734
2009-11-04,303707.0051182983
2009-11-05,303135.8036371447
2009-11-06,302675.2731046888
2009-11-09,304010.5350659051
2009-11-10,303562.6031286892
2009-11-11,304111.22489833477
2009-11-12,303170.7661972074
2009-11-13,303787.71777450305
2009-11-16,306574.30698772403
2009-11-17,306243.72379491513
2009-11-18,306346.8051745733
2009-11-19,304856.77948400733
2009-11-20,304691.1018913294
2009-11-23,305782.3269057992
2009-11-24,305429.01591067016
2009-11-25,306420.6913749059
2009-11-26,305717.05900732207
2009-11-27,303568.29501968325
2009-11-30,303942.6019459721
2009-12-01,306240.27255874313
2009-12-02,306644.4729424011
2009-12-03,306397.9401761908
2009-12-04,305665.3021603987
2009-12-07,305038.1070789402
2009-12-08,301600.9665980388
2009-12-09,301124.62454701035
2009-12-10,301780.4831787144
2009-12-11,302379.22415034834
2009-12-14,304922.2511738775
2009-12-15,304521.9999856637
2009-12-16,306219.1337762852
2009-12-17,303428.49290198495
2009-12-18,303669.80304277875
2009-12-21,304149.9214473212
2009-12-22,304451.29477902857
2009-12-23,305370.89945910353
2009-12-24,306497.7502532428
2009-12-25,306497.7502532428
2009-12-28,307718.7147740014
2009-12-29,306799.0785685394
2009-12-30,306715.3124294139
2009-12-31,306341.07976413076
2010-01-01,306341.07976413076
2010-01-04,309934.03083096445
2010-01-05,310044.3872027868
2010-01-06,311625.96384988853
2010-01-07,310786.37949416356
2010-01-08,310989.93759693083
2010-01-11,311785.5287729064
2010-01-12,308631.0764559921
2010-01-13,310360.5295873746
2010-01-14,310443.740471834
2010-01-15,307769.56382871565
2010-01-18,307788.9975317001
2010-01-19,311423.8068785622
2010-01-20,307710.4864442419
2010-01-21,304947.7239494056
2010-01-22,303024.5049319206
2010-01-25,303502.24253619096
2010-01-26,302724.70578305796
2010-01-27,302504.57929995813
2010-01-28,300284.90621140983
2010-01-29,299433.22506140405
2010-02-01,300618.6198834602
2010-02-02,301992.56241338124
2010-02-03,300835.48841616296
2010-02-04,296760.46165865497
2010-02-05,294697.1220477462
2010-02-08,293859.36541364645
2010-02-09,295274.0056612855
2010-02-10,295049.15516770777
2010-02-11,296645.48179479176
2010-02-12,296428.07960059925
2010-02-15,296515.0705976926
2010-02-16,298509.29022738396
2010-02-17,298901.48163635883
2010-02-18,299527.9266275738
2010-02-19,300471.4634957807
2010-02-22,299546.9180869111
2010-02-23,297339.24286775984
2010-02-24,298549.56104111427
2010-02-25,297731.221753142
2010-02-26,298454.0132583707
2010-03-01,299665.7095437614
2010-03-02,300337.9492811898
2010-03-03,300655.1772690742
2010-03-04,300600.0812961937
2010-03-05,302364.82305423927
2010-03-08,302210.82960842
2010-03-09,302138.0510746471
2010-03-10,302508.2807857565
2010-03-11,302856.28379892395
2010-03-12,303258.4997700843
2010-03-15,303093.9322549992
2010-03-16,304366.07130885165
2010-03-17,305030.8135064364
2010-03-18,305551.51295390155
2010-03-19,305026.1711230708
2010-03-22,305425.3965060783
2010-03-23,306496.5675825606
2010-03-24,305066.7218402458
2010-03-25,304578.81958325347
2010-03-26,305018.2317250449
2010-03-29,305786.64524690114
2010-03-30,306035.13612031774
2010-03-31,305978.09059667174
2010-04-01,307333.9011413713
2010-04-02,307464.23055349756
2010-04-05,308449.1969178302
2010-04-06,308494.83745491825
2010-04-07,307976.69714783697
2010-04-08,307151.930552324
2010-04-09,307527.09845934866
2010-04-12,307585.4231708053
2010-04-13,308092.2171176859
2010-04-14,308897.65332692413
2010-04-15,309386.9628804734
2010-04-16,307730.927881773
2010-04-19,307324.509989996
2010-04-20,310322.83344893425
2010-04-21,310168.37288708345
2010-04-22,309005.8055843055
2010-04-23,311134.013169309
2010-04-26,311139.47809530736
2010-04-27,306056.22954206896
2010-04-28,306384.91339677
2010-04-29,307720.68780597905
2010-04-30,305783.2685534243
2010-05-03,308411.6669153655
2010-05-04,301555.70610999956
2010-05-05,300359.95565111475
2010-05-06,297561.55041483266
2010-05-07,297141.9194666783
2010-05-10,303701.12548788905
2010-05-11,303762.3375402315
2010-05-12,306674.1423599686
2010-05-13,305248.2381921209
2010-05-14,301383.13543505344
2010-05-17,300603.99650857557
2010-05-18,300070.4374098287
2010-05-19,299125.2591659925
2010-05-20,296408.6424417341
2010-05-21,296729.3545199004
2010-05-24,297007.8143721175
2010-05-25,296559.46472003753
2010-05-26,297239.227906021
2010-05-27,297781.09658166947
2010-05-28,296932.5222648964
2010-05-31,296947.5650308267
2010-06-01,296258.6560587667
2010-06-02,296500.3001529146
2010-06-03,296296.7283687866
2010-06-04,295809.48974774126
2010-06-07,296410.50926778134
2010-06-08,296752.0844214613
2010-06-09,296537.5796859027
2010-06-10,297297.73110372474
2010-06-11,297601.2933373155
2010-06-14,298855.44315663516
2010-06-15,300949.9128965375
2010-06-16,300377.2916279435
2010-06-17,300237.807471004
2010-06-18,301454.0073467943
2010-06-21,300075.0124606912
2010-06-22,299268.91792201507
2010-06-23,298247.52888236917
2010-06-24,298769.3612934142
2010-06-25,300098.4845207423
2010-06-28,298732.92673406546
2010-06-29,296213.95295480546
2010-06-30,296313.50036500685
2010-07-01,295194.86493482394
2010-07-02,294822.96960868564
2010-07-05,294822.96960868564
2010-07-06,294499.65876134386
2010-07-07,295175.1367635672
2010-07-08,294998.4460327341
2010-07-09,294234.48040088644
2010-07-12,293633.7197078497
2010-07-13,294605.60710576375
2010-07-14,294677.06876198074
2010-07-15,294494.2942708122
2010-07-16,293029.8906483644
2010-07-19,291927.72167945944
2010-07-20,291373.34159131255
2010-07-21,292251.7490315785
2010-07-22,293322.9505867813
2010-07-23,293852.5576194052
2010-07-26,293246.2957819974
2010-07-27,292120.1118578298
2010-07-28,293379.74282071803
2010-07-29,295378.6208330366
2010-07-30,299060.56388855004
2010-08-02,300183.6041476077
2010-08-03,298949.74142241495
2010-08-04,301081.11670821847
2010-08-05,302651.32364628
2010-08-06,300535.16824617627
2010-08-09,299829.303556217
2010-08-10,298519.31812586536
2010-08-11,297769.42301305645
2010-08-12,298950.26930736646
2010-08-13,298303.46918386576
2010-08-16,297060.62162508507
2010-08-17,297443.8444570924
2010-08-18,297006.18849609257
2010-08-19,296607.2748989782
2010-08-20,296422.11267267313
2010-08-23,296494.7071038476
2010-08-24,295440.8270016641
2010-08-25,295334.21057867364
2010-08-26,296731.6145843049
2010-08-27,298419.2014520231
2010-08-30,299176.4501298748
2010-08-31,298427.56108935765
2010-09-01,299933.32616911374
2010-09-02,300883.0862757439
2010-09-03,302630.47704564687
2010-09-06,302688.63816101634
2010-09-07,303367.599160935
2010-09-08,303471.5293547767
2010-09-09,303622.9666887814
2010-09-10,303426.95693396893
2010-09-13,304745.3981905512
2010-09-14,306210.52337122336
2010-09-15,306096.7429512866
2010-09-16,306305.16754364345
2010-09-17,307052.6803308131
2010-09-20,307151.4830207179
2010-09-21,306839.2207347395
2010-09-22,306418.38006079046
2010-09-23,306165.1097454394
2010-09-24,308217.730315874
2010-09-27,308646.6057106607
2010-09-28,309831.10409195634
2010-09-29,308730.8844173467
2010-09-30,307112.8423717219
2010-10-01,304723.5010973731
2010-10-04,303600.6154844975
2010-10-05,308113.2782649066
2010-10-06,308088.57768808614
2010-10-07,309649.0846003989
2010-10-08,316072.59716077254
2010-10-11,319629.4052734427
2010-10-12,322039.63771877426
2010-10-13,322683.0962079719
2010-10-14,324708.0137773338
2010-10-15,322732.5234194033
2010-10-18,323000.08433276904
2010-10-19,321056.48167893616
2010-10-20,324043.28466795466
2010-10-21,322950.9554530342
2010-10-22,323269.61652691243
2010-10-25,326004.9643696005
2010-10-26,327643.3478549181
2010-10-27,326161.7939547043
2010-10-28,327646.97597177996
2010-10-29,329779.40806777304
2010-11-01,329556.66409475816
2010-11-02,331606.3834091574
2010-11-03,330667.9403825157
2010-11-04,339250.5034001445
2010-11-05,341417.9791052103
2010-11-08,342986.6498334091
2010-11-09,349278.93426782975
2010-11-10,343747.82771489705
2010-11-11,341286.1763634885
2010-11-12,333203.825895611
2010-11-15,335142.3387766179
2010-11-16,328407.96113444795
2010-11-17,328231.72985908703
2010-11-18,333828.9844222623
2010-11-19,332723.3161721168
2010-11-22,331194.243889755
2010-11-23,330863.1970213447
2010-11-24,332841.5744512014
2010-11-25,332895.4940419625
2010-11-26,330331.39084228047
2010-11-29,330801.29085485643
2010-11-30,331574.3237090936
2010-12-01,334091.5903457896
2010-12-02,334929.76744173816
2010-12-03,336631.9979526355
2010-12-06,337155.39838051534
2010-12-07,336833.78434836725
2010-12-08,335997.2992950099
2010-12-09,336014.3905833085
2010-12-10,336654.90236374596
2010-12-13,339429.57522591064
2010-12-14,339741.456397309
2010-12-15,339601.48402579513
2010-12-16,339476.865579154
2010-12-17,342012.893391169
2010-12-20,343449.92454696086
2010-12-21,345261.31274120486
2010-12-22,345275.2682152498
2010-12-23,346342.5307232666
2010-12-24,346342.5307232666
2010-12-27,345999.8318687385
2010-12-28,347333.4051391076
2010-12-29,346049.5569465841
2010-12-30,342750.11770205724
2010-12-31,344830.3436969202
2011-01-03,345037.2176670616
2011-01-04,341561.21645829163
2011-01-05,342733.6108576041
2011-01-06,340831.37936803803
2011-01-07,339327.8269187752
2011-01-10,340719.3717353145
2011-01-11,343030.3393898819
2011-01-12,346514.1221923516
2011-01-13,346586.87600078655
2011-01-14,345254.0684194745
2011-01-17,345254.0684194745
2011-01-18,347532.28419433814
2011-01-19,345112.3183054476
2011-01-20,344127.4777143239
2011-01-21,346277.79933143506
2011-01-24,346909.41762336844
2011-01-25,345445.02714657824
2011-01-26,349353.2014599082
2011-01-27,349368.1801153902
2011-01-28,348357.0973723471
2011-01-31,350690.5229620036
2011-02-01,353715.6610845952
2011-02-02,354637.159945152
2011-02-03,353687.41967785027
2011-02-04,354181.458998543
2011-02-07,355760.36160751025
2011-02-08,357151.84371298994
2011-02-09,357797.86795731937
2011-02-10,358116.02675636555
2011-02-11,358662.5051284863
2011-02-14,360239.0224240285
2011-02-15,358625.2266198499
2011-02-16,359940.04796295066
2011-02-17,363518.2774261658
2011-02-18,362736.4034423741
2011-02-21,362216.5064322896
2011-02-22,357340.0139848292
2011-02-23,357257.7463261399
2011-02-24,355012.3173575023
2011-02-25,358866.11974467937
2011-02-28,361285.052190256
2011-03-01,360220.6426708773
2011-03-02,361842.60159769637
2011-03-03,363797.8430882387
2011-03-04,363961.14954648307
2011-03-07,362607.1501082086
2011-03-08,361680.51463292254
2011-03-09,361454.19213646185
2011-03-10,356869.88459391997
2011-03-11,356876.55349219893
2011-03-14,356251.2199082653
2011-03-15,350095.68392654276
2011-03-16,349171.51924708136
2011-03-17,354338.6705449781
2011-03-18,357631.09889097745
2011-03-21,359087.3513368755
2011-03-22,360193.969930962
2011-03-23,361097.876736041
2011-03-24,362433.02214602137
2011-03-25,361712.08037152165
2011-03-28,358961.2875317156
2011-03-29,359510.0698188366
2011-03-30,359848.8273197665
2011-03-31,362506.69946501823
2011-04-01,362700.6833593743
2011-04-04,363220.08469618566
2011-04-05,364048.63081985794
2011-04-06,364538.41145879956
2011-04-07,365195.5908714805
2011-04-08,366610.7027656308
2011-04-11,365050.687891831
2011-04-12,361481.1330581372
2011-04-13,361679.79364064
2011-04-14,362344.5358837004
2011-04-15,363064.7905045959
2011-04-18,362749.8282172112
2011-04-19,363479.01365577825
2011-04-20,364357.0139062828
2011-04-21,365970.9050300296
2011-04-22,366008.62785246153
2011-04-25,366920.9929369503
2011-04-26,366211.6750507054
2011-04-27,365621.17654413905
2011-04-28,364901.05069694447
2011-04-29,369114.6724633188
2011-05-02,366151.71461292566
2011-05-03,363708.06235541246
2011-05-04,358542.1838403809
2011-05-05,353826.0471895089
2011-05-06,351218.22601255064
2011-05-09,353128.7954287129
2011-05-10,354042.78568663786
2011-05-11,349919.0852540633
2011-05-12,350425.80032455514
2011-05-13,348974.20318347815
2011-05-16,347254.33588547725
2011-05-17,347754.7385295736
2011-05-18,353260.4587550455
2011-05-19,351718.2809820122
2011-05-20,351094.8247513261
2011-05-23,349657.85869359126
2011-05-24,349726.88360519917
2011-05-25,352056.5238184896
2011-05-26,352056.9830388726
2011-05-27,352840.2474255223
2011-05-30,352840.2474255223
2011-05-31,353446.56937676854
2011-06-01,351790.7261641762
2011-06-02,351361.0270367316
2011-06-03,351271.92562410026
2011-06-06,349272.1346286026
2011-06-07,349054.1301105284
2011-06-08,349355.1626806366
2011-06-09,350411.5227135922
2011-06-10,348808.283056056
2011-06-13,347713.5706008415
2011-06-14,350231.0603213424
2011-06-15,347248.80752171355
2011-06-16,344762.9159562653
2011-06-17,344623.2242654672
2011-06-20,344568.6324732263
2011-06-21,345968.30590472044
2011-06-22,345480.41280758503
2011-06-23,343332.7336222197
2011-06-24,342570.22906013986
2011-06-27,341688.34193800064
2011-06-28,344395.58834244707
2011-06-29,345996.0967915208
2011-06-30,344285.9146418575
2011-07-01,344292.94778067456
2011-07-04,344370.5619010209
2011-07-05,345191.057973459
2011-07-06,344935.49418810906
2011-07-07,345369.0454038646
2011-07-08,344517.3074404098
2011-07-11,342325.1314512178
2011-07-12,342907.7166604891
2011-07-13,345169.68122429174
2011-07-14,343743.119158105
2011-07-15,344132.6820176384
2011-07-18,343775.802117066
2011-07-19,344694.33386180765
2011-07-20,344132.7741109622
2011-07-21,344124.72861522867
2011-07-22,345572.7607525722
2011-07-25,345105.60482294386
2011-07-26,346088.95912915526
2011-07-27,344541.969482661
2011-07-28,343837.5368864609
2011-07-29,343382.97506544366
2011-08-01,341978.11471048143
2011-08-02,341777.01557125285
2011-08-03,341703.5984998115
2011-08-04,339035.5613452189
2011-08-05,337720.3576470333
2011-08-08,339514.2300321606
2011-08-09,338446.93172990734
2011-08-10,340476.7238506592
2011-08-11,339306.2825534057
2011-08-12,339427.7169826132
2011-08-15,339774.6780300487
2011-08-16,340693.6140536058
2011-08-17,342160.34796439274
2011-08-18,342414.2351413353
2011-08-19,344828.2877971737
2011-08-22,345650.20321115106
2011-08-23,345142.4126749484
2011-08-24,342564.7641468013
2011-08-25,343625.85132486623
2011-08-26,345203.21802598774
2011-08-29,345788.5443153308
2011-08-30,347818.1902492499
2011-08-31,347990.1061816819
2011-09-01,347015.24510847504
2011-09-02,349266.0794690965
2011-09-05,349266.0794690965
2011-09-06,347050.594184708
2011-09-07,345544.2538439525
2011-09-08,346203.6656655901
2011-09-09,345556.37523948896
2011-09-12,345236.19677640556
2011-09-13,345177.13308685366
2011-09-14,344849.44075895415
2011-09-15,343089.37439090514
2011-09-16,342425.7009056187
2011-09-19,340108.244915469
2011-09-20,340362.779199848
2011-09-21,339748.89540974895
2011-09-22,337806.78159357066
2011-09-23,333321.774528104
2011-09-26,333107.9054823442
2011-09-27,333605.97772121156
2011-09-28,333235.56666773977
2011-09-29,333293.032239438
2011-09-30,333246.3477442665
2011-10-03,333511.708616908
2011-10-04,333183.00502845313
2011-10-05,333375.74054507
2011-10-06,333686.0510474781
2011-10-07,333451.5958604551
2011-10-10,333758.40211501333
2011-10-11,333718.63599576714
2011-10-12,333936.441898378
2011-10-13,333699.5119438362
2011-10-14,333841.9464113222
2011-10-17,333759.7986379411
2011-10-18,333658.58353916614
2011-10-19,333547.54381565313
2011-10-20,333245.05643095245
2011-10-21,333345.2540007638
2011-10-24,333928.0159209091
2011-10-25,333804.92720533226
2011-10-26,333486.9575676524
2011-10-27,334923.5986403483
2011-10-28,334931.03098211123
2011-10-31,333217.74232842313
2011-11-01,332716.24103101174
2011-11-02,332710.2365577714
2011-11-03,332754.8686573779
2011-11-04,332621.2155331635
2011-11-07,332847.9588910579
2011-11-08,333105.7203108281
2011-11-09,330912.6849697314
2011-11-10,331320.1756976808
2011-11-11,331796.18157166196
2011-11-14,331591.7621164727
2011-11-15,331976.0883613967
2011-11-16,332015.6198553762
2011-11-17,330807.8004238466
2011-11-18,330636.9889721262
2011-11-21,329944.33387669484
2011-11-22,330105.55034152174
2011-11-23,330188.4111675584
2011-11-24,330188.4111675584
2011-11-25,330375.39609725756
2011-11-28,330488.6128500911
2011-11-29,330518.3018221879
2011-11-30,330509.70612185844
2011-12-01,330312.04396766174
2011-12-02,330201.5836661357
2011-12-05,330364.04178046243
2011-12-06,330338.66002208745
2011-12-07,330331.108243182
2011-12-08,329720.92272615037
2011-12-09,329751.33208622073
2011-12-12,329085.98051804944
2011-12-13,329405.4657799009
2011-12-14,328168.92170598364
2011-12-15,328043.36661473813
2011-12-16,328115.3826531547
2011-12-19,328109.8720946324
2011-12-20,328062.5691131939
2011-12-21,327858.5545838033
2011-12-22,328403.3981947853
2011-12-23,328801.27841487015
2011-12-26,328801.27841487015
2011-12-27,329088.2579251156
2011-12-28,328262.5608316948
2011-12-29,328567.91700528865
2011-12-30,328139.632322623
2012-01-02,328139.632322623
2012-01-03,329422.27532252035
2012-01-04,329494.2943149087
2012-01-05,329264.1272539673
2012-01-06,329199.3753601182
2012-01-09,329052.48437057843
2012-01-10,329712.31647910504
2012-01-11,329975.08912443486
2012-01-12,330011.24902687373
2012-01-13,329618.2778729835
2012-01-16,329618.2778729835
2012-01-17,330369.2233456371
2012-01-18,330867.42461703153
2012-01-19,330890.37295922986
2012-01-20,331089.1723380059
2012-01-23,331138.30114777846
2012-01-24,330644.60864202934
2012-01-25,332344.8244509387
2012-01-26,332731.95320820436
2012-01-27,332657.20515928895
2012-01-30,332386.11739598337
2012-01-31,332308.11259802635
2012-02-01,333299.6408613731
2012-02-02,333787.07452910964
2012-02-03,335605.7448424509
2012-02-06,334870.3801302606
2012-02-07,335784.39786900417
2012-02-08,335506.2526273298
2012-02-09,336038.0672250418
2012-02-10,334149.9352753343
2012-02-13,335744.70808481803
2012-02-14,335622.2659289352
2012-02-15,335369.73120373173
2012-02-16,336815.65553527424
2012-02-17,337283.54050523543
2012-02-20,337717.62512751657
2012-02-21,338338.0150552017
2012-02-22,338084.0765628499
2012-02-23,338887.15993881156
2012-02-24,339354.7193554987
2012-02-27,339172.4717889872
2012-02-28,339646.35315603035
2012-02-29,337695.06748654624
2012-03-01,338863.93870647234
2012-03-02,338035.1636867821
2012-03-05,336900.5285586329
2012-03-06,333738.0389409615
2012-03-07,334255.5422386029
2012-03-08,335832.12566423696
2012-03-09,336599.3471602841
2012-03-12,336526.91651747667
2012-03-13,338561.6360056669
2012-03-14,338213.93565056217
2012-03-15,338702.3768478564
2012-03-16,338734.74036662583
2012-03-19,339192.68500357674
2012-03-20,338054.1661775273
2012-03-21,338065.3869908743
2012-03-22,336948.13149027264
2012-03-23,336953.98922415136
2012-03-26,338797.35262260097
2012-03-27,339719.048199633
2012-03-28,338473.87934584776
2012-03-29,337624.16897391103
2012-03-30,339064.8777536699
2012-04-02,340766.27824918006
2012-04-03,339584.1514687049
2012-04-04,337450.7139327762
2012-04-05,337560.5754127098
2012-04-06,337303.798975732
2012-04-09,335237.1588772313
2012-04-10,332950.2868246272
2012-04-11,333787.3193416108
2012-04-12,336415.7993598614
2012-04-13,334093.15138728195
2012-04-16,332935.1115944021
2012-04-17,334626.37384481844
2012-04-18,334133.57029777847
2012-04-19,333411.2513497039
2012-04-20,334039.05073371105
2012-04-23,332591.32867286657
2012-04-24,332826.0765536651
2012-04-25,334521.6430133749
2012-04-26,335026.3292844009
2012-04-27,335254.14684435463
2012-04-30,334830.82717361045
2012-05-01,335068.4695282894
2012-05-02,334829.86188568064
2012-05-03,333970.12094601826
2012-05-04,331710.2666463334
2012-05-07,330800.0851235193
2012-05-08,330483.23229091923
2012-05-09,329973.95793474023
2012-05-10,330349.4777499973
2012-05-11,329328.27257190965
2012-05-14,329200.42739964556
2012-05-15,329398.4771377235
2012-05-16,329271.52776363026
2012-05-17,329263.83065182803
2012-05-18,329042.0286875732
2012-05-21,329271.8955167685
2012-05-22,328757.0779266337
2012-05-23,328639.1193906699
2012-05-24,328763.8871803382
2012-05-25,328996.67533802846
2012-05-28,328996.67533802846
2012-05-29,329177.81847934535
2012-05-30,328958.7240566213
2012-05-31,328301.42805741366
2012-06-01,327674.73066217423
2012-06-04,327590.300782621
2012-06-05,327733.89800303144
2012-06-06,327877.0813215298
2012-06-07,327949.1439870603
2012-06-08,328132.1043516683
2012-06-11,328045.33881706966
2012-06-12,328114.47728336323
2012-06-13,327863.4117480613
2012-06-14,327752.336766984
2012-06-15,327763.3231372492
2012-06-18,327956.7917089968
2012-06-19,329717.27066259284
2012-06-20,329667.4667546673
2012-06-21,326504.3120817347
2012-06-22,327016.3810023102
2012-06-25,327634.66925194254
2012-06-26,327887.18204638746
2012-06-27,328501.86019999156
2012-06-28,327979.0523824493
2012-06-29,330695.1987251508
2012-07-02,332590.3457066249
2012-07-03,335324.60850290605
2012-07-04,335280.3094834076
2012-07-05,337952.47472708166
2012-07-06,334792.5686848138
2012-07-09,335368.6611207378
2012-07-10,334272.62575213716
2012-07-11,334109.6987723371
2012-07-12,334445.7745011953
2012-07-13,334748.7004543976
2012-07-16,334801.8168901928
2012-07-17,335502.237467993
2012-07-18,336871.7607714014
2012-07-19,337742.8905904372
2012-07-20,337533.037184584
2012-07-23,336588.1058544646
2012-07-24,335806.52700713946
2012-07-25,336857.27914780466
2012-07-26,335448.1456926603
2012-07-27,336507.345143243
2012-07-30,337521.23633252236
2012-07-31,336734.29373583605
2012-08-01,336110.2365336621
2012-08-02,334529.04215356114
2012-08-03,336248.0908470612
2012-08-06,336274.994944262
2012-08-07,336905.6361534137
2012-08-08,337740.6325472788
2012-08-09,339704.04395751364
2012-08-10,337865.12958255946
2012-08-13,336260.43947461847
2012-08-14,336252.5037598767
2012-08-15,336494.59739957424
2012-08-16,337837.7400147932
2012-08-17,338697.7574700032
2012-08-20,339073.9443312112
2012-08-21,339440.1387281697
2012-08-22,339194.4915449274
2012-08-23,336783.4024808978
2012-08-24,337827.9864274148
2012-08-27,337701.5274617857
2012-08-28,337509.25037841
2012-08-29,337950.6987168956
2012-08-30,336262.4153312665
2012-08-31,337073.986810042
2012-09-03,337292.08929670294
2012-09-04,336808.60572976514
2012-09-05,336539.122436892
2012-09-06,340294.8507944035
2012-09-07,340993.4723227335
2012-09-10,339960.9383698339
2012-09-11,340660.15808810544
2012-09-12,341742.60613514757
2012-09-13,343870.7603693586
2012-09-14,345315.652316286
2012-09-17,343375.34624856466
2012-09-18,342682.50773828686
2012-09-19,343114.1225391518
2012-09-20,342707.3881541396
2012-09-21,343197.7605531062
2012-09-24,342407.02071797766
2012-09-25,340920.60156402097
2012-09-26,338553.31380005105
2012-09-27,340306.3139865757
2012-09-28,340130.41093280853
2012-10-01,340168.29401103244
2012-10-02,339996.920483007
2012-10-03,340262.2089996534
2012-10-04,341826.8054902562
2012-10-05,341659.21866646415
2012-10-08,340935.74576618813
2012-10-09,339170.39866310754
2012-10-10,338199.9849941832
2012-10-11,340012.8729887068
2012-10-12,338459.30206411774
2012-10-15,339403.2235258626
2012-10-16,341281.05010592705
2012-10-17,342383.9803425613
2012-10-18,342722.00894878834
2012-10-19,340240.9013489724
2012-10-22,340239.72777156957
2012-10-23,337930.46070485364
2012-10-24,338341.1213897917
2012-10-25,338316.76975066063
2012-10-26,337716.1851667131
2012-10-29,337644.6636233409
2012-10-30,337606.99771225057
2012-10-31,339618.0259736662
2012-11-01,340511.8811119491
2012-11-02,338549.1557168003
2012-11-05,338325.67862057843
2012-11-06,338959.6234667547
2012-11-07,337400.22296208126
2012-11-08,337421.74596107047
2012-11-09,336786.0221947216
2012-11-12,336739.7379000819
2012-11-13,336528.68124480627
2012-11-14,336230.8216898829
2012-11-15,334944.7712093701
2012-11-16,334742.72080708755
2012-11-19,337022.8072270826
2012-11-20,337355.5981152462
2012-11-21,338127.4146842953
2012-11-22,338412.0784783953
2012-11-23,340873.66718920134
2012-11-26,340383.92456528696
2012-11-27,340996.58210691164
2012-11-28,340818.56341642386
2012-11-29,341536.47898775776
2012-11-30,340313.02669568756
2012-12-03,340383.69566380006
2012-12-04,339742.0704780592
2012-12-05,340769.6554781074
2012-12-06,341557.484248364
2012-12-07,340876.13679874816
2012-12-10,341031.93820165383
2012-12-11,341928.32990500017
2012-12-12,341914.95486165065
2012-12-13,341423.2404167011
2012-12-14,341184.31031030306
2012-12-17,342689.22999236913
2012-12-18,343725.61496428703
2012-12-19,343655.7915705748
2012-12-20,343195.64856027823
2012-12-21,341815.82781028707
2012-12-24,341456.51675963844
2012-12-25,341781.7169107904
2012-12-26,341261.40415047616
2012-12-27,341530.57039706904
2012-12-28,341728.93676908594
2012-12-31,341841.26867377915
2013-01-01,342208.95421313704
2013-01-02,345105.6680107544
2013-01-03,345485.5505456849
2013-01-04,346040.5395188169
2013-01-07,345682.9789613494
2013-01-08,344661.6436030383
2013-01-09,345516.03131653933
2013-01-10,346810.73724287923
2013-01-11,346933.86689876823
2013-01-14,347323.30276589026
2013-01-15,347885.2909232559
2013-01-16,347530.0005292139
2013-01-17,348742.13495682535
2013-01-18,349163.39979070605
2013-01-21,349234.7587325403
2013-01-22,350086.8968571607
2013-01-23,350047.5877453077
2013-01-24,349804.1693014467
2013-01-25,350680.70389630756
2013-01-28,349864.9129118997
2013-01-29,350529.5737458657
2013-01-30,350876.4759919218
2013-01-31,350436.14845434367
2013-02-01,351499.16985101457
2013-02-04,350980.8099317755
2013-02-05,351048.35955534334
2013-02-06,353347.3521866307
2013-02-07,351680.20429791324
2013-02-08,351709.46445506264
2013-02-11,350844.5673615859
2013-02-12,352064.00414783845
2013-02-13,351943.8148503833
2013-02-14,351855.1184504366
2013-02-15,351400.6730827065
2013-02-18,352010.25898778165
2013-02-19,353918.61824267596
2013-02-20,352049.81823828514
2013-02-21,349861.2607739207
2013-02-22,351376.81679120974
2013-02-25,349003.36103951104
2013-02-26,347659.78817866533
2013-02-27,349193.352492113
2013-02-28,350857.81640655576
2013-03-01,351346.9081492611
2013-03-04,351910.29743453674
2013-03-05,353899.018761346
2013-03-06,355040.43421420024
2013-03-07,355844.7676499759
2013-03-08,358094.90686915186
2013-03-11,359124.3929183702
2013-03-12,359095.14038747095
2013-03-13,358596.7355920613
2013-03-14,360549.6583747484
2013-03-15,360803.099647342
2013-03-18,358278.33326499886
2013-03-19,358184.57183862815
2013-03-20,358567.6124983523
2013-03-21,357290.84615191544
2013-03-22,357870.53103847837
2013-03-25,357251.4248577491
2013-03-26,358753.25837035023
2013-03-27,359288.13149525825
2013-03-28,358909.2219661168
2013-03-29,358939.7146302569
2013-04-01,357798.9633998631
2013-04-02,358478.9816126338
2013-04-03,356844.0802655441
2013-04-04,357692.2484161524
2013-04-05,358644.7271202617
2013-04-08,361408.4500363031
2013-04-09,361968.06527847436
2013-04-10,365175.2364337749
2013-04-11,367186.82086647744
2013-04-12,366602.6129159594
2013-04-15,360596.75153364975
2013-04-16,361546.22831118753
2013-04-17,359333.76067344827
2013-04-18,358346.8399745511
2013-04-19,359598.5450629071
2013-04-22,360268.38528896833
2013-04-23,361432.3234552718
2013-04-24,360680.42580912873
2013-04-25,361165.99274470314
2013-04-26,360903.69612260436
2013-04-29,361898.59698503313
2013-04-30,361694.65644253686
2013-05-01,359928.77169771993
2013-05-02,360349.24068526184
2013-05-03,361991.23845466867
2013-05-06,362062.4597240111
2013-05-07,362519.4372814067
2013-05-08,363204.81104588887
2013-05-09,363082.8385721439
2013-05-10,363746.5509925652
2013-05-13,364121.30921156815
2013-05-14,365677.20726849366
2013-05-15,366484.45548846025
2013-05-16,365567.809703978
2013-05-17,367143.68591604655
2013-05-20,367851.5135530187
2013-05-21,368430.3354815453
2013-05-22,367712.65442426153
2013-05-23,365926.85694165755
2013-05-24,365894.1471333625
2013-05-27,364967.3041054534
2013-05-28,366669.50567226484
2013-05-29,365032.017227201
2013-05-30,364970.3228341589
2013-05-31,362761.68397132884
2013-06-03,362744.5010799173
2013-06-04,362302.3480751973
2013-06-05,357928.4835271054
2013-06-06,357692.88138314354
2013-06-07,359577.2833601549
2013-06-10,360095.1222942858
2013-06-11,357898.8369165339
2013-06-12,356209.53062836535
2013-06-13,357315.3235745831
2013-06-14,356854.5189529806
2013-06-17,357179.9078771714
2013-06-18,357927.0500793034
2013-06-19,356986.34257926355
2013-06-20,353417.7730278924
2013-06-21,353580.0270829614
2013-06-24,351658.35167207953
2013-06-25,352422.3504440578
2013-06-26,353847.7475887647
2013-06-27,355136.21160017466
2013-06-28,354577.91594592086
2013-07-01,356206.618810476
2013-07-02,356631.69122506387
2013-07-03,357051.4875087939
2013-07-04,356857.4764649272
2013-07-05,359234.8950938559
2013-07-08,360374.6749402943
2013-07-09,361429.92295365426
2013-07-10,363061.5569020083
2013-07-11,363380.2820962815
2013-07-12,364533.6875613042
2013-07-15,365071.093080716
2013-07-16,364353.92280799244
2013-07-17,364837.87510928867
2013-07-18,366695.0746793782
2013-07-19,367296.5958753997
2013-07-22,367369.03234798025
2013-07-23,367086.26838564797
2013-07-24,366071.49085824814
2013-07-25,366803.07696462795
2013-07-26,366322.3385236955
2013-07-29,364150.46486689715
2013-07-30,364461.72588148393
2013-07-31,364821.0403178461
2013-08-01,368657.70272799226
2013-08-02,369077.2298060553
2013-08-05,368545.6860635462
2013-08-06,366428.3463308984
2013-08-07,364527.8706613361
2013-08-08,365262.4185645072
2013-08-09,364796.41409341694
2013-08-12,364530.6647113115
2013-08-13,365905.21262931894
2013-08-14,365031.7908572025
2013-08-15,360787.50964405946
2013-08-16,360486.76395165175
2013-08-19,359857.5938780635
2013-08-20,358883.0694911585
2013-08-21,356354.6448737992
2013-08-22,357392.49283042015
2013-08-23,358062.79803965776
2013-08-26,358038.6186166198
2013-08-27,356087.95249591785
2013-08-28,356685.8282904988
2013-08-29,357021.1221708568
2013-08-30,355812.28030587465
2013-09-02,355985.80181389
2013-09-03,357098.1064134108
2013-09-04,358323.5469499513
2013-09-05,358410.2011109275
2013-09-06,358587.56756738847
2013-09-09,360439.2687746819
2013-09-10,361648.8017949291
2013-09-11,362079.8064830069
2013-09-12,361528.23727494123
2013-09-13,361923.2604725668
2013-09-16,362654.34159078996
2013-09-17,363184.9375116257
2013-09-18,364678.36624079675
2013-09-19,365071.7490826667
2013-09-20,363659.90067756776
2013-09-23,362372.1359400496
2013-09-24,361758.11654039414
2013-09-25,360968.19684932916
2013-09-26,361755.3700496151
2013-09-27,361114.34767104604
2013-09-30,359287.85220511036
2013-10-01,360957.52329343744
2013-10-02,361042.4288976483
2013-10-03,358940.7167405244
2013-10-04,360692.23983427417
2013-10-07,356801.4817104492
2013-10-08,353663.75008028577
2013-10-09,352817.8063648221
2013-10-10,356154.78590861056
2013-10-11,357724.0061164252
2013-10-14,358458.541359968
2013-10-15,358159.3266352252
2013-10-16,359927.86502967257
2013-10-17,360344.5977971642
2013-10-18,361957.0455220653
2013-10-21,361765.1594450375
2013-10-22,362365.3503396542
2013-10-23,360761.40578914055
2013-10-24,361883.5329896667
2013-10-25,362411.3402056716
2013-10-28,362463.9370678655
2013-10-29,363644.4883000405
2013-10-30,362291.0369133441
2013-10-31,361356.6420711207
2013-11-01,360759.8603154852
2013-11-04,362032.0893878956
2013-11-05,360945.20890568476
2013-11-06,361827.6681191797
2013-11-07,358976.52026924776
2013-11-08,361596.3232483053
2013-11-11,362426.52256697067
2013-11-12,362302.4010825671
2013-11-13,363756.5388284468
2013-11-14,365301.6299997001
2013-11-15,366912.4860231497
2013-11-18,366367.5590917042
2013-11-19,365499.82523356634
2013-11-20,364880.4104682752
2013-11-21,367260.0465329073
2013-11-22,368390.22797530296
2013-11-25,369155.690627773
2013-11-26,369127.9358573519
2013-11-27,370164.6334568105
2013-11-28,370941.96758917667
2013-11-29,371085.62968562066
2013-12-02,370232.72728968365
2013-12-03,368705.25535089604
2013-12-04,367360.3577887672
2013-12-05,366853.33890932956
2013-12-06,369757.21892934735
2013-12-09,371626.0749480454
2013-12-10,370488.2139115573
2013-12-11,366482.08242683025
2013-12-12,365844.5288236846
2013-12-13,365943.37890081404
2013-12-16,367846.67277869815
2013-12-17,366980.2445504102
2013-12-18,371640.0357486914
2013-12-19,373145.9477078025
2013-12-20,375391.7852143873
2013-12-23,377588.6811456641
2013-12-24,378305.02568353526
2013-12-25,378558.5822897494
2013-12-26,379925.90089105396
2013-12-27,380159.6299575336
2013-12-30,380096.0598080277
2013-12-31,380969.4172502512
2014-01-01,381109.0516143788
2014-01-02,378409.2560884123
2014-01-03,378397.16266570275
2014-01-06,377081.06625772314
2014-01-07,378934.7472545045
2014-01-08,379114.1122392716
2014-01-09,378284.61129522964
2014-01-10,379280.32739691256
2014-01-13,376341.57226512494
2014-01-14,379893.9347925133
2014-01-15,383164.7730241474
2014-01-16,383064.9450673999
2014-01-17,381790.92280548194
2014-01-20,381538.01449944015
2014-01-21,383511.46805398836
2014-01-22,385551.41059865116
2014-01-23,382921.59815069597
2014-01-24,379446.9120728549
2014-01-27,375597.5623210254
2014-01-28,377313.6137909641
2014-01-29,377533.502361999
2014-01-30,377528.6022030681
2014-01-31,376205.6805714285
2014-02-03,375140.88623658847
2014-02-04,376482.1749616482
2014-02-05,376514.8511688881
2014-02-06,376171.28273087123
2014-02-07,377120.6392542521
2014-02-10,377082.8584303762
2014-02-11,380971.7289350859
2014-02-12,381726.7490766323
2014-02-13,386329.11153384723
2014-02-14,386378.64328421303
2014-02-17,386479.6393652045
2014-02-18,390808.4606926528
2014-02-19,396615.26727121207
2014-02-20,396447.59130996844
2014-02-21,396739.85226919357
2014-02-24,392460.0362581457
2014-02-25,391193.3232353657
2014-02-26,390141.39181546075
2014-02-27,390212.82736470905
2014-02-28,391279.4603552602
2014-03-03,389124.2443450572
2014-03-04,392055.5387371995
2014-03-05,392218.64700520557
2014-03-06,392593.4438507563
2014-03-07,392365.6879509715
2014-03-10,392597.2384481265
2014-03-11,391529.22040208033
2014-03-12,390746.68214108475
2014-03-13,387621.06271597586
2014-03-14,386896.41429631994
2014-03-17,389117.63443065854
2014-03-18,391507.8473962399
2014-03-19,389421.49188790633
2014-03-20,389807.63225364045
2014-03-21,387744.93666432955
2014-03-24,386427.0107837266
2014-03-25,387522.7498113657
2014-03-26,386250.38629335637
2014-03-27,385792.0216284888
2014-03-28,387801.23679941375
2014-03-31,389189.1790900936
2014-04-01,390258.4950444121
2014-04-02,390121.8688690037
2014-04-03,389842.70012542186
2014-04-04,388261.7484916009
2014-04-07,386239.312311657
2014-04-08,387162.66608715267
2014-04-09,389144.20737879036
2014-04-10,386237.1870320123
2014-04-11,384747.68085293524
2014-04-14,385556.396037289
2014-04-15,385170.138789698
2014-04-16,385869.05671599373
2014-04-17,389083.4224709992
2014-04-18,389083.4224709992
2014-04-21,388739.93088132545
2014-04-22,390041.5505975875
2014-04-23,389411.27203090035
2014-04-24,389699.45809525583
2014-04-25,387668.5725016139
2014-04-28,388062.324243683
2014-04-29,389589.9364893089
2014-04-30,389388.47562644054
2014-05-01,388819.9829490026
2014-05-02,388367.29359735386
2014-05-05,388904.0274305512
2014-05-06,387184.8796175912
2014-05-07,386970.9792626688
2014-05-08,386246.41497746273
2014-05-09,384694.0718031635
2014-05-12,385459.96779122093
2014-05-13,385077.5077776802
2014-05-14,384287.9252291985
2014-05-15,383724.71331666724
2014-05-16,383507.73657871445
2014-05-19,383512.05883453094
2014-05-20,382978.60172836436
2014-05-21,383239.9283722061
2014-05-22,383363.60974479915
2014-05-23,384199.16405753535
2014-05-26,384250.13343224814
2014-05-27,385051.0588430198
2014-05-28,384357.7458133262
2014-05-29,385390.61424865766
2014-05-30,384938.50203754485
2014-06-02,384633.0832399465
2014-06-03,384406.7749410233
2014-06-04,384418.7653219406
2014-06-05,384855.95608516893
2014-06-06,386119.2933112085
2014-06-09,386197.62559921923
2014-06-10,385993.22302539356
2014-06-11,385569.0287909009
2014-06-12,385533.5361108807
2014-06-13,386292.41871499916
2014-06-16,386361.0871874299
2014-06-17,387112.6781360315
2014-06-18,388199.6905572537
2014-06-19,388596.1547903242
2014-06-20,389349.3459669747
2014-06-23,388810.2867718361
2014-06-24,387820.6355849379
2014-06-25,389117.9553118298
2014-06-26,387377.5668588065
2014-06-27,387820.94293189805
2014-06-30,387953.5142828286
2014-07-01,389807.1736135036
2014-07-02,389827.1981654299
2014-07-03,391586.4288691744
2014-07-04,391495.25019855675
2014-07-07,389307.4110207181
2014-07-08,387229.1080855301
2014-07-09,387918.2594286566
2014-07-10,385071.22000454384
2014-07-11,384999.41560109437
2014-07-14,385589.68745607225
2014-07-15,384593.7558661353
2014-07-16,386377.09057446005
2014-07-17,382454.27739016013
2014-07-18,385280.7633639977
2014-07-21,384501.228529522
2014-07-22,386168.4047573473
2014-07-23,387368.9167218694
2014-07-24,387178.64765596885
2014-07-25,385746.7715598845
2014-07-28,385897.05009190436
2014-07-29,385377.4406376621
2014-07-30,385501.0470976152
2014-07-31,380409.3574991536
2014-08-01,379755.7095645562
2014-08-04,380200.81648606446
2014-08-05,379148.5107285714
2014-08-06,379299.5718438499
2014-08-07,378861.5479638475
2014-08-08,378587.11014447326
2014-08-11,379138.2736628964
2014-08-12,378919.590979174
2014-08-13,379717.41242586594
2014-08-14,380173.63590323745
2014-08-15,380369.8452869923
2014-08-18,381393.2077388703
2014-08-19,382001.01214358414
2014-08-20,382239.40473849594
2014-08-21,382585.15311341686
2014-08-22,382483.4341867704
2014-08-25,383379.5900125232
2014-08-26,384948.6884286434
2014-08-27,384647.25687746354
2014-08-28,384539.3601284984
2014-08-29,385236.4110969542
2014-09-01,385263.2789902917
2014-09-02,386435.19168444246
2014-09-03,385664.10124429595
2014-09-04,385569.81620567024
2014-09-05,386052.86670211377
2014-09-08,385646.4521448075
2014-09-09,384687.63845429494
2014-09-10,383521.4647472801
2014-09-11,383615.0630048334
2014-09-12,382547.1359561343
2014-09-15,382201.02604193665
2014-09-16,383785.4130827568
2014-09-17,384219.382462441
2014-09-18,385943.7960238995
2014-09-19,386067.2480047333
2014-09-22,384302.8547651938
2014-09-23,382908.708706311
2014-09-24,384868.69207518914
2014-09-25,382407.73015080986
2014-09-26,383752.8259523872
2014-09-29,383372.61614643043
2014-09-30,382943.8624656077
2014-10-01,380605.94122037716
2014-10-02,380348.9069510443
2014-10-03,381566.4309509967
2014-10-06,381995.32771848433
2014-10-07,378778.6895353255
2014-10-08,378923.55628500815
2014-10-09,377701.7293471816
2014-10-10,377142.76484983787
2014-10-13,375602.49678738124
2014-10-14,375584.20076126565
2014-10-15,374597.05187620316
2014-10-16,373701.0957860294
2014-10-17,373931.19070555374
2014-10-20,373822.0343842306
2014-10-21,375201.6821694356
2014-10-22,373697.0221840644
2014-10-23,374983.6068646397
2014-10-24,375846.8667004262
2014-10-27,375751.7181901178
2014-10-28,377229.3472292035
2014-10-29,377395.0281842252
2014-10-30,378591.3007578365
2014-10-31,381394.5222229992
2014-11-03,382731.8816150031
2014-11-04,383800.5113730509
2014-11-05,384595.5061237036
2014-11-06,385363.63062843366
2014-11-07,385258.8079353443
2014-11-10,385181.0590825929
2014-11-11,386077.9267787928
2014-11-12,386816.65162612556
2014-11-13,387029.72698995296
2014-11-14,387455.72569259076
2014-11-17,385968.5943804474
2014-11-18,387091.16469608067
2014-11-19,386659.3997109486
2014-11-20,387515.8291661489
2014-11-21,387840.06711779046
2014-11-24,388242.9513852899
2014-11-25,388675.317037721
2014-11-26,389203.8650569422
2014-11-27,389172.77339166147
2014-11-28,389535.02767245093
2014-12-01,388472.1844710129
2014-12-02,389834.001959776
2014-12-03,391065.79439686285
2014-12-04,390731.32569002477
2014-12-05,391586.14811237104
2014-12-08,390689.93691146665
2014-12-09,389656.2842021846
2014-12-10,384825.3533345529
2014-12-11,384289.4850272379
2014-12-12,382047.04108620447
2014-12-15,379899.81037300266
2014-12-16,377869.67167679884
2014-12-17,378892.4449479956
2014-12-18,381820.81863520126
2014-12-19,381797.1402842366
2014-12-22,382835.5875440898
2014-12-23,383196.0108467716
2014-12-24,383137.61427601794
2014-12-25,383100.6819429105
2014-12-26,383807.3537563789
2014-12-29,384027.04799175385
2014-12-30,382605.4065698583
2014-12-31,380380.4297725414
2015-01-01,380400.3024132201
2015-01-02,380671.68917943287
2015-01-05,378247.26869008754
2015-01-06,377236.12731829437
2015-01-07,378361.3714053477
2015-01-08,381187.6114748981
2015-01-09,380110.94190279185
2015-01-12,378863.2213950124
2015-01-13,378791.250113799
2015-01-14,377135.8153352115
2015-01-15,375871.1457406079
2015-01-16,376051.50548510836
2015-01-19,376360.18425286334
2015-01-20,377056.8322096193
2015-01-21,377649.25257841847
2015-01-22,380017.12032517226
2015-01-23,380786.27783436194
2015-01-26,381077.5585200686
2015-01-27,378839.2045480075
2015-01-28,377899.73813883413
2015-01-29,378401.3882557962
2015-01-30,377775.74454091646
2015-02-02,377885.10344833916
2015-02-03,378969.0295247615
2015-02-04,379183.5111904467
2015-02-05,380372.87725957297
2015-02-06,380140.3749280699
2015-02-09,379321.2386984856
2015-02-10,380748.633597798
2015-02-11,381128.93162365444
2015-02-12,382221.54198763316
2015-02-13,382591.15601745644
2015-02-16,382513.9259313468
2015-02-17,382830.4528969019
2015-02-18,383158.26210208243
2015-02-19,383150.8687876937
2015-02-20,384144.80506555643
2015-02-23,384513.372752597
2015-02-24,384791.49584057945
2015-02-25,384507.3675274361
2015-02-26,385489.0220485379
2015-02-27,385134.5711290563
2015-03-02,386360.8589766664
2015-03-03,385385.4103265961
2015-03-04,385106.1504300679
2015-03-05,385848.57267208607
2015-03-06,384063.5010478053
2015-03-09,385022.3586744169
2015-03-10,382665.95948026114
2015-03-11,383464.0504541227
2015-03-12,384071.9334217003
2015-03-13,383861.8672021315
2015-03-16,384997.32150810066
2015-03-17,384351.06000718905
2015-03-18,385615.1899300806
2015-03-19,384877.86715208297
2015-03-20,386457.3384546387
2015-03-23,385473.2487248723
2015-03-24,384633.7576550026
2015-03-25,381218.718768265
2015-03-26,380839.5429757687
2015-03-27,380989.2169113671
2015-03-30,382664.3801378624
2015-03-31,381449.2319629439
2015-04-01,380803.8687475384
2015-04-02,381566.6074062082
2015-04-03,381878.9959503651
2015-04-06,381804.138850049
2015-04-07,382896.96030866366
2015-04-08,384232.97036561416
2015-04-09,385987.26098595903
2015-04-10,387118.5452656923
2015-04-13,387418.25122395065
2015-04-14,386799.97512130317
2015-04-15,387225.4593049283
2015-04-16,386761.79375562316
2015-04-17,383832.64452935004
2015-04-20,384780.31806575146
2015-04-21,385685.0052523509
2015-04-22,386818.8560343962
2015-04-23,387044.6127849709
2015-04-24,386952.3994603437
2015-04-27,386664.816392699
2015-04-28,386635.1620026289
2015-04-29,385473.465448206
2015-04-30,381943.0701833966
2015-05-01,384343.9683337929
2015-05-04,385641.88246847957
2015-05-05,382130.32173886563
2015-05-06,380875.7666250072
2015-05-07,380838.7329543907
2015-05-08,383400.8163456804
2015-05-11,383558.54905127396
2015-05-12,382217.6705136829
2015-05-13,381858.18420081184
2015-05-14,383334.1029374484
2015-05-15,384076.2947141359
2015-05-18,384826.5104323558
2015-05-19,385747.2904479411
2015-05-20,385859.30504124437
2015-05-21,385995.6112071242
2015-05-22,386671.57417926285
2015-05-25,386859.04440326866
2015-05-26,385711.7005421089
2015-05-27,387432.9240106229
2015-05-28,386290.1957478259
2015-05-29,385211.5712066025
2015-05-30,385211.5712066025
2015-05-31,385211.5712066025
2015-06-01,385876.74884779216
2015-06-02,385088.0645647833
2015-06-03,385893.4733129126
2015-06-04,384230.7158918902
2015-06-05,383999.29404418415
2015-06-06,383999.29404418415
2015-06-07,383999.29404418415
2015-06-08,383044.6908475142
2015-06-09,382235.3207013965
2015-06-10,383761.2968556563
2015-06-11,384717.9479304014
2015-06-12,383713.0902604622
2015-06-13,383713.0902604622
2015-06-14,383713.0902604622
2015-06-15,382368.2170523133
2015-06-16,382611.16095865844
2015-06-17,382276.56143477984
2015-06-18,383676.5848948579
2015-06-19,382352.836160395
2015-06-20,382366.0739678239
2015-06-21,382338.3750682307
2015-06-22,384306.5903903283
2015-06-23,385081.72269466665
2015-06-24,383496.3985725505
2015-06-25,383294.03596567194
2015-06-26,382607.2557359828
2015-06-27,382768.81765087205
2015-06-28,382725.58736830123
2015-06-29,377957.31735442975
2015-06-30,379165.21959766233
2015-07-01,379402.038395521
2015-07-02,379197.01577462826
2015-07-03,378895.20231520914
2015-07-04,378994.59436661564
2015-07-05,379235.47346376826
2015-07-06,376902.9793393108
2015-07-07,376757.2226173443
2015-07-08,375367.65320599667
2015-07-09,375919.9606264782
2015-07-10,377024.37148904696
2015-07-11,377203.9543546763
2015-07-12,377591.7376157
2015-07-13,378832.5480491612
2015-07-14,378862.73160028737
2015-07-15,378487.53540134226
2015-07-16,379726.06973102747
2015-07-17,379605.2950904119
2015-07-18,379605.2950904119
2015-07-19,379605.2950904119
2015-07-20,379167.48067677347
2015-07-21,378382.19313766615
2015-07-22,377214.2566468228
2015-07-23,376752.49915404664
2015-07-24,375734.67338048207
2015-07-25,375760.3335591657
2015-07-26,376049.6423230573
2015-07-27,373947.9219422476
2015-07-28,374838.95484280545
2015-07-29,375230.6444260158
2015-07-30,375495.2174143809
2015-07-31,375291.3542154388
2015-08-01,375221.1174417334
2015-08-02,375244.45307182055
2015-08-03,374804.4361502676
2015-08-04,374572.13713508414
2015-08-05,375347.43508046656
2015-08-06,373759.5512892985
2015-08-07,373546.6648513041
2015-08-08,373118.4693260463
2015-08-09,373118.4693260463
2015-08-10,374505.16536971694
2015-08-11,372251.98385045654
2015-08-12,370947.4410252997
2015-08-13,370602.9428719222
2015-08-14,371039.559442612
2015-08-15,370709.360349077
2015-08-16,370460.1815717097
2015-08-17,371155.83841115003
2015-08-18,368165.6703736649
2015-08-19,367489.0656112066
2015-08-20,365515.72148319817
2015-08-21,364234.0719903774
2015-08-22,364234.0719903774
2015-08-23,364234.0719903774
2015-08-24,363348.06160015037
2015-08-25,363348.06160015037
2015-08-26,363228.29645158164
2015-08-27,362857.75960612466
2015-08-28,362857.75960612466
2015-08-29,362857.75960612466
2015-08-30,362857.75960612466
2015-08-31,362857.75960612466
2015-09-01,362857.75960612466
2015-09-02,362857.75960612466
2015-09-03,362857.75960612466
2015-09-04,362857.75960612466
2015-09-05,362857.75960612466
2015-09-06,362857.75960612466
2015-09-07,362857.75960612466
2015-09-08,362857.75960612466
2015-09-09,362857.75960612466
2015-09-10,362857.75960612466
2015-09-11,363109.64979914477
2015-09-12,363109.64979914477
2015-09-13,363109.64979914477
2015-09-14,363497.77556679107
2015-09-15,364536.04339931987
2015-09-16,364125.6961904509
2015-09-17,363569.99600364134
2015-09-18,363501.594181575
2015-09-19,363501.594181575
2015-09-20,363501.594181575
2015-09-21,363699.9594655673
2015-09-22,363590.51655026124
2015-09-23,363604.137543562
2015-09-24,363532.63608899247
2015-09-25,363817.85259880807
2015-09-26,363817.85259880807
2015-09-27,363817.85259880807
2015-09-28,363714.7206530829
2015-09-29,363620.6824177021
2015-09-30,363713.8843748663
2015-10-01,363693.81623889133
2015-10-02,363594.7778075774
2015-10-03,363594.7778075774
2015-10-04,363594.7778075774
2015-10-05,364000.01046651916
2015-10-06,364026.7103729251
2015-10-07,364491.69758787885
2015-10-08,364263.0257628361
2015-10-09,364605.0583105012
2015-10-10,364605.0583105012
2015-10-11,364780.45524712146
2015-10-12,364683.04302988935
2015-10-13,364043.8129066714
2015-10-14,364266.0744926099
2015-10-15,364375.82133804634
2015-10-16,364469.71477717126
2015-10-17,364713.35042956856
2015-10-18,364431.2780169333
2015-10-19,364463.95909842465
2015-10-20,364467.5995555754
2015-10-21,364489.4098771911
2015-10-22,364946.65484833636
2015-10-23,364228.4698964835
2015-10-24,364390.1821386646
2015-10-25,364453.70091094146
2015-10-26,364535.5625741674
2015-10-27,364492.28751328366
2015-10-28,365441.55105947296
2015-10-29,365588.7684655281
2015-10-30,365791.63739510457
2015-10-31,365357.4454258767
2015-11-01,365710.6238835513
2015-11-02,367441.6144038668
2015-11-03,369140.6718303429
2015-11-04,368944.21402805747
2015-11-05,368046.42963597015
2015-11-06,367552.4557338188
2015-11-07,367929.05331827863
2015-11-08,367517.90637449303
2015-11-09,365268.5933641249
2015-11-10,364089.0341761075
2015-11-11,363155.7566616449
2015-11-12,366867.43016572937
2015-11-13,366642.5423157541
2015-11-14,366072.8258237451
2015-11-15,364339.15265432466
2015-11-16,365127.3278318299
2015-11-17,365183.33692146826
2015-11-18,364937.0975900718
2015-11-19,364780.39010674565
2015-11-20,365202.2723166892
2015-11-21,365460.4885015745
2015-11-22,365334.6184134537
2015-11-23,365140.9579799475
2015-11-24,364269.26887180394
2015-11-25,365144.4141174282
2015-11-26,366765.0318196147
2015-11-27,367047.5756141763
2015-11-28,367012.77931767085
2015-11-29,367745.20770185895
2015-11-30,368132.58296923735
2015-12-01,367804.9279513947
2015-12-02,366770.5612924122
2015-12-03,364910.7609908766
2015-12-04,364519.73379919253
2015-12-05,365876.14513579855
2015-12-06,365867.4054962496
2015-12-07,366038.93323270546
2015-12-08,366755.70374734636
2015-12-09,366294.7628810944
2015-12-10,365811.2271760086
2015-12-11,367504.1430135055
2015-12-12,366612.31099408184
2015-12-13,366546.9275657066
2015-12-14,367048.65272615326
2015-12-15,368467.3430053231
2015-12-16,368290.96517125366
2015-12-17,368375.7459535423
2015-12-18,368712.25264105364
2015-12-19,368644.13164911384
2015-12-20,367610.3720604496
2015-12-21,367186.1937612821
2015-12-22,367161.4938539386
2015-12-23,367707.97489676584
2015-12-24,368103.77646682813
2015-12-25,368138.94387670414
2015-12-26,366118.5384253704
2015-12-27,366808.05372033047
2015-12-28,366264.1243057925
2015-12-29,367769.43741126446
2015-12-30,366983.9751207387
2015-12-31,366970.20183161914
2016-01-01,367287.9399458875
2016-01-02,367097.56590295484
2016-01-03,366693.21984675084
2016-01-04,366333.4892188668
2016-01-05,365660.594629289
2016-01-06,365121.98634426575
2016-01-07,368348.0683940691
2016-01-08,367307.0054417278
2016-01-09,366653.26015992597
2016-01-10,366668.21824919316
2016-01-11,366236.7180440903
2016-01-12,365750.4950749603
2016-01-13,365798.0885122485
2016-01-14,365942.223993687
2016-01-15,363328.1757684838
2016-01-16,365272.5522424973
2016-01-17,364798.2049487883
2016-01-18,365205.7177338179
2016-01-19,364515.840874252
2016-01-20,367838.9034368502
2016-01-21,367094.41062857583
2016-01-22,366204.5342935766
2016-01-23,366564.6015983277
2016-01-24,367761.0172980637
2016-01-25,366707.21584475663
2016-01-26,366682.645482869
2016-01-27,366450.19672029815
2016-01-28,365892.97163642134
2016-01-29,365941.7661283611
2016-01-30,365904.008804586
2016-01-31,365610.125737451
2016-02-01,365811.5282846396
2016-02-02,365845.7665458209
2016-02-03,365461.5074630977
2016-02-04,366688.64015953854
2016-02-05,366495.6628149957
2016-02-06,365800.41192527325
2016-02-07,365802.75654404255
2016-02-08,366651.9328634466
2016-02-09,366729.7324015699
2016-02-10,366770.35598359664
2016-02-11,367951.1755754988
2016-02-12,367857.07765735564
2016-02-13,368038.84804264957
2016-02-14,368406.6012410418
2016-02-15,368238.0376821818
2016-02-16,367695.9958938822
2016-02-17,367928.9447061555
2016-02-18,368174.888032466
2016-02-19,368165.8934165899
2016-02-20,368557.7879372334
2016-02-21,368596.8841448827
2016-02-22,368430.8063635598
2016-02-23,368110.0927248455
2016-02-24,368321.6436632378
2016-02-25,368308.43817393226
2016-02-26,367819.3558937189
2016-02-27,367828.13707880734
2016-02-28,367851.7044769376
2016-02-29,368360.97877290257
2016-03-01,368193.02687075565
2016-03-02,368134.664871126
2016-03-03,368270.74073802197
2016-03-04,368093.9124258297
2016-03-05,367369.10649429844
2016-03-06,367548.5077449567
2016-03-07,367496.27651021414
2016-03-08,367198.7614021148
2016-03-09,367020.641485666
2016-03-10,367273.3314438505
2016-03-11,367447.9170354381
2016-03-12,367194.8896618642
2016-03-13,367256.2488555717
2016-03-14,367220.0007860969
2016-03-15,366378.57082186
2016-03-16,367068.8270920512
2016-03-17,368967.4534023936
2016-03-18,368908.79517192085
2016-03-19,368931.31765591516
2016-03-20,369014.5457519969
2016-03-21,368734.6453638211
2016-03-22,369646.5143966023
2016-03-23,368351.6577858796
2016-03-24,367624.3441206325
2016-03-25,367614.30998509383
2016-03-26,367633.6151905502
2016-03-27,367855.32204304094
2016-03-28,367754.19717612985
2016-03-29,368542.2623757081
2016-03-30,368495.4970688142
2016-03-31,368902.80934130173
2016-04-01,367528.34472541336
2016-04-02,367734.78101211775
2016-04-03,367720.3306346957
2016-04-04,365663.40437348286
2016-04-05,365460.7688922459
2016-04-06,365707.3551318485
2016-04-07,365142.34327466146
2016-04-08,365597.6161843433
2016-04-09,365515.5231426659
2016-04-10,365671.76894198044
2016-04-11,366066.27431922546
2016-04-12,367071.3165171195
2016-04-13,367747.7005175206
2016-04-14,366606.7285380393
2016-04-15,367029.04762376944
2016-04-16,367087.77226305415
2016-04-17,366837.53407826956
2016-04-18,367354.80552764214
2016-04-19,368903.6502615693
2016-04-20,370834.66962751816
2016-04-21,370624.77637309895
2016-04-22,367774.096873606
2016-04-23,368112.2388269808
2016-04-24,368736.3863439045
2016-04-25,369166.00138589804
2016-04-26,369731.97081294644
2016-04-27,367546.69414076064
2016-04-28,367129.8490863958
2016-04-29,367928.60302063863
2016-04-30,367769.80889189645
2016-05-01,367853.12980841385
2016-05-02,367387.78668843006
2016-05-03,367107.36343066004
2016-05-04,366972.8795314377
2016-05-05,366766.6937565501
2016-05-06,367437.83355970634
2016-05-07,367412.8400012092
2016-05-08,367413.1209401586
2016-05-09,366620.0653541893
2016-05-10,368131.0627012814
2016-05-11,369292.94712564105
2016-05-12,368864.8196445063
2016-05-13,368015.16314334003
2016-05-14,368015.18601877615
2016-05-15,368059.6222682325
2016-05-16,370367.5641894968
2016-05-17,370828.3315695939
2016-05-18,369774.20606913505
2016-05-19,366952.14166667045
2016-05-20,367859.4242489585
2016-05-21,367885.03082809283
2016-05-22,367677.4464457972
2016-05-23,366981.99317225174
2016-05-24,366548.9212926943
2016-05-25,367727.5497348641
2016-05-26,368059.54882634874
2016-05-27,369488.9111056037
2016-05-28,372572.84888080886
2016-05-29,372366.9295917412
2016-05-30,372772.00341238244
2016-05-31,372052.6944454255
2016-06-01,372641.3069949045
2016-06-02,373620.29298587196
2016-06-03,375016.8560287063
2016-06-04,375204.64635345584
2016-06-05,375323.5948310867
2016-06-06,377462.8978021041
2016-06-07,377821.4337640976
2016-06-08,379381.9917580248
2016-06-09,378112.7329122155
2016-06-10,376978.9671920543
2016-06-11,378554.91579530796
2016-06-12,382126.4655249769
2016-06-13,383116.2420550412
2016-06-14,381697.4470275644
2016-06-15,381715.7725222075
2016-06-16,383885.9937080155
2016-06-17,383773.49753703084
2016-06-18,383942.26622577227
2016-06-19,384116.47811222647
2016-06-20,384408.8937686721
2016-06-21,380654.07057467976
2016-06-22,375712.90528370184
2016-06-23,376650.7083072072
2016-06-24,377214.94665958
2016-06-25,377211.75233183475
2016-06-26,376562.88955594436
2016-06-27,377948.5286235246
2016-06-28,380915.6185160469
2016-06-29,383784.0157399859
2016-06-30,384279.5178273007
2016-07-01,387971.60097261413
2016-07-02,388468.9369796031
2016-07-03,387651.6332257276
2016-07-04,387921.9183756721
2016-07-05,386853.44759136386
2016-07-06,387510.3200375084
2016-07-07,384355.13103541365
2016-07-08,386596.28137516463
2016-07-09,386313.86027052323
2016-07-10,386284.8244515771
2016-07-11,387538.768799897
2016-07-12,387653.68885422987
2016-07-13,388111.9044403217
2016-07-14,388667.0829723118
2016-07-15,387497.16420060606
2016-07-16,387452.01496971905
2016-07-17,387791.21735447773
2016-07-18,388173.3061950055
2016-07-19,387412.50994430645
2016-07-20,386554.27555159037
2016-07-21,386967.3255571563
2016-07-22,386204.4428404588
2016-07-23,386274.7599021943
2016-07-24,386356.3563116207
2016-07-25,385832.6873496847
2016-07-26,385983.49054960674
2016-07-27,387060.7529335406
2016-07-28,387579.91921367496
2016-07-29,389806.0045873191
2016-07-30,389778.3021616648
2016-07-31,389345.8045935905
2016-08-01,387842.1126790172
2016-08-02,386195.77855213045
2016-08-03,387065.9223110111
2016-08-04,388028.09894674213
2016-08-05,388041.05570483906
2016-08-06,388610.99142608774
2016-08-07,388823.7253868881
2016-08-08,388269.3652881402
2016-08-09,387758.07599810854
2016-08-10,387441.1630076695
2016-08-11,386848.29861964076
2016-08-12,385506.94128375355
2016-08-13,385360.83145413676
2016-08-14,384450.65710931027
2016-08-15,384951.0611515566
2016-08-16,384749.2323176587
2016-08-17,383602.4591514391
2016-08-18,385512.58661586244
2016-08-19,383917.13877019275
2016-08-20,384025.2805469707
2016-08-21,384018.3461222591
2016-08-22,383403.6468011976
2016-08-23,384447.4585220276
2016-08-24,381144.5155646293
2016-08-25,380690.5736364741
2016-08-26,380867.9936532886
2016-08-27,380695.0246879768
2016-08-28,380772.7414725552
2016-08-29,381809.52031044895
2016-08-30,380621.60367853905
2016-08-31,378987.17738920776
2016-09-01,379247.064772764
2016-09-02,382429.3715685473
2016-09-03,383179.75158398505
2016-09-04,383486.73874460015
2016-09-05,383969.6239443196
2016-09-06,386546.62962713756
2016-09-07,386344.92530996416
2016-09-08,385976.56643820193
2016-09-09,380462.86946531286
2016-09-10,380479.49545081175
2016-09-11,379890.8168494324
2016-09-12,378643.0378591167
2016-09-13,376683.9412874319
2016-09-14,376659.2332045019
2016-09-15,377247.30914956145
2016-09-16,377510.9009640193
2016-09-17,377499.72971297003
2016-09-18,377543.6687721144
2016-09-19,379331.87971776375
2016-09-20,381763.39187772427
2016-09-21,383899.2434998015
2016-09-22,383032.53650898
2016-09-23,380155.07545316475
2016-09-24,380140.9553683804
2016-09-25,380059.80023811094
2016-09-26,379985.5206419205
2016-09-27,379979.99447771115
2016-09-28,380019.5648168015
2016-09-29,379470.561056926
2016-09-30,379496.1615384959
2016-10-01,379674.71633762895
2016-10-02,379507.7328850998
2016-10-03,379260.9551928633
2016-10-04,377739.04937875015
2016-10-05,378481.4806670803
2016-10-06,377999.7322046524
2016-10-07,378957.9621367707
2016-10-08,379044.93940592965
2016-10-09,378937.31198997016
2016-10-10,379682.22722056403
2016-10-11,380218.92878191324
2016-10-12,380020.63594214397
2016-10-13,379585.61316548346
2016-10-14,380403.79348268424
2016-10-15,380324.2306879031
2016-10-16,380456.347465292
2016-10-17,379630.1904290087
2016-10-18,380744.5283682702
2016-10-19,380722.33726215
2016-10-20,379446.4149185638
2016-10-21,378906.0029534929
2016-10-22,379991.3659420152
2016-10-23,379979.6628321506
2016-10-24,379553.92518892034
2016-10-25,379603.22491482564
2016-10-26,379851.59485830547
2016-10-27,380372.37055367406
2016-10-28,380566.2091222551
2016-10-29,381667.2747839688
2016-10-30,381106.18535516015
2016-10-31,379968.0684259959
2016-11-01,380028.6282442581
2016-11-02,380360.1189909582
2016-11-03,377413.922074559
2016-11-04,377778.02820467175
2016-11-05,377780.6625784813
2016-11-06,377897.2944499598
2016-11-07,380497.4709566381
2016-11-08,379438.39172273484
2016-11-09,381253.289920121
2016-11-10,383167.8049557618
2016-11-11,382774.6807107561
2016-11-12,382611.23094821326
2016-11-13,382567.72381236346
2016-11-14,380074.4850104031
2016-11-15,381024.7413228151
2016-11-16,380572.29066093225
2016-11-17,380432.80207746185
2016-11-18,380547.7602806655
2016-11-19,380548.20651670924
2016-11-20,380251.875039039
2016-11-21,381880.03225757484
2016-11-22,381514.1085412019
2016-11-23,381164.84270357905
2016-11-24,381138.2098493753
2016-11-25,380214.23525507643
2016-11-26,380124.0411123563
2016-11-27,380075.8704584821
2016-11-28,380197.68259115634
2016-11-29,378758.3952668072
2016-11-30,379560.5603667576
2016-12-01,380154.83238692675
2016-12-02,380164.8901227154
2016-12-03,380067.1837543135
2016-12-04,380106.28650527465
2016-12-05,380935.48644136573
2016-12-06,380335.8355358655
2016-12-07,380588.4459996245
2016-12-08,381629.6424842406
2016-12-09,382282.8051657077
2016-12-10,382309.5169606977
2016-12-11,382238.722666455
2016-12-12,381016.9954762504
2016-12-13,382000.8225154007
2016-12-14,380517.490883252
2016-12-15,381052.04772488057
2016-12-16,380685.80526446685
2016-12-17,380771.03459199145
2016-12-18,380766.73210352217
2016-12-19,379933.3628237947
2016-12-20,379754.9999216889
2016-12-21,380912.60464321205
2016-12-22,381148.0295476689
2016-12-23,382604.7952921008
2016-12-24,382271.4481832332
2016-12-25,382233.46717130335
2016-12-26,382388.4934699225
2016-12-27,383855.77722639195
2016-12-28,383641.8467973611
2016-12-29,382686.75400329253
2016-12-30,381752.10287964577
2016-12-31,381788.1548869455
2017-01-01,382285.8591635394
2017-01-02,383018.6104720672
2017-01-03,383511.25026794156
2017-01-04,386735.4213970838
2017-01-05,383975.20997348265
2017-01-06,381605.1950845536
2017-01-07,381666.27269647084
2017-01-08,381691.2810226552
2017-01-09,378422.75344336376
2017-01-10,379011.20820157405
2017-01-11,379371.1460867424
2017-01-12,379916.3096433625
2017-01-13,380932.93703099934
2017-01-14,380745.30076207465
2017-01-15,380839.34094527905
2017-01-16,380833.6483174394
2017-01-17,381825.2551569649
2017-01-18,380927.5432742032
2017-01-19,379873.90729976713
2017-01-20,380510.45643723867
2017-01-21,380884.8662891389
2017-01-22,380925.2125721637
2017-01-23,381002.02673895966
2017-01-24,381675.1951339938
2017-01-25,383510.34869029647
2017-01-26,383631.82031960605
2017-01-27,383312.6637949435
2017-01-28,383338.40545955056
2017-01-29,383309.10998169193
2017-01-30,380933.5755395014
2017-01-31,381072.4183325786
2017-02-01,382141.4910128884
2017-02-02,382111.6833993015
2017-02-03,381935.16367646103
2017-02-04,382116.89144356875
2017-02-05,381899.20885464543
2017-02-06,382066.4271977913
2017-02-07,382150.6636455466
2017-02-08,382813.89808256587
2017-02-09,382563.28069017094
2017-02-10,384528.9482493191
2017-02-11,385070.82274363213
2017-02-12,384866.3112377513
2017-02-13,385216.58941035514
2017-02-14,385238.4769444681
2017-02-15,386093.1485480715
2017-02-16,385653.66569319245
2017-02-17,386436.5882723348
2017-02-18,386719.6956670691
2017-02-19,386465.74897162535
2017-02-20,387710.4575214861
2017-02-21,389389.1972722217
2017-02-22,389256.5478614727
2017-02-23,389786.7811836518
2017-02-24,389613.4549006915
2017-02-25,388442.19876504276
2017-02-26,388711.52038852905
2017-02-27,388732.7155571716
2017-02-28,388064.57687772263
2017-03-01,392341.93130832
2017-03-02,390449.95781834243
2017-03-03,391327.25875104766
2017-03-04,391077.1025961303
2017-03-05,391228.0283523885
2017-03-06,390671.62199472776
2017-03-07,389353.09206073295
2017-03-08,387735.73393272713
2017-03-09,387135.7173109439
2017-03-10,386302.32519224595
2017-03-11,386743.2254608883
2017-03-12,387082.98241811886
2017-03-13,387698.87991965807
2017-03-14,386603.5989352028
2017-03-15,388500.33839229343
2017-03-16,388852.78732167825
2017-03-17,388532.8948466633
2017-03-18,386184.8621821223
2017-03-19,386588.7471765687
2017-03-20,386143.41078801436
2017-03-21,382775.93441470247
2017-03-22,382611.6630460365
2017-03-23,382800.40255043487
2017-03-24,382564.8228801661
2017-03-25,383469.7905262696
2017-03-26,383303.7043406105
2017-03-27,384416.96798672597
2017-03-28,386376.8142914387
2017-03-29,386926.90667513135
2017-03-30,387299.18689796724
2017-03-31,388778.9697621145
2017-04-01,389008.460036362
2017-04-02,389601.0778920159
2017-04-03,388760.32870144845
2017-04-04,389282.9103631194
2017-04-05,388554.36588363734
2017-04-06,390609.5453764793
2017-04-07,390130.1563601264
2017-04-08,390093.45140319644
2017-04-09,390422.4836756557
2017-04-10,390434.8317139252
2017-04-11,390378.7005889709
2017-04-12,389863.8347894631
2017-04-13,388437.7281186793
2017-04-14,388416.16173614655
2017-04-15,388477.8863146372
2017-04-16,388607.03647690703
2017-04-17,390395.5269386781
2017-04-18,388791.7618969621
2017-04-19,388652.5270263905
2017-04-20,390841.43848164304
2017-04-21,389974.2526541081
2017-04-22,390093.9828432021
2017-04-23,389790.3165572578
2017-04-24,393938.82459499163
2017-04-25,396290.87683257606
2017-04-26,396921.20629791834
2017-04-27,397065.0193252759
2017-04-28,396840.70654720615
2017-04-29,396906.52229297394
2017-04-30,397230.01954397064
2017-05-01,398928.4826440971
2017-05-02,399595.37435890676
2017-05-03,399722.87583811925
2017-05-04,400554.02512042876
2017-05-05,401336.93447045225
2017-05-06,401626.3482431751
2017-05-07,401848.33340610744
2017-05-08,403533.0140088938
2017-05-09,404633.4029427089
2017-05-10,405347.60602435475
2017-05-11,406851.288516426
2017-05-12,406535.77967682097
2017-05-13,407535.6479475082
2017-05-14,407585.226116642
2017-05-15,409064.45450476994
2017-05-16,407730.3490699561
2017-05-17,403458.20025421865
2017-05-18,403088.86892232206
2017-05-19,406257.48828754853
2017-05-20,407460.00702196895
2017-05-21,406920.4722332494
2017-05-22,409888.1282716857
2017-05-23,410264.6548252412
2017-05-24,412272.1924711084
2017-05-25,410823.98417649127
2017-05-26,409807.7153689921
2017-05-27,407780.5888863387
2017-05-28,409229.88338126394
2017-05-29,410618.5489213415
2017-05-30,408973.99252997583
2017-05-31,409776.3508921913
2017-06-01,412156.71128035785
2017-06-02,413996.18976226245
2017-06-03,414328.36410066095
2017-06-04,414284.4869368158
2017-06-05,416036.675046666
2017-06-06,417592.0513558912
2017-06-07,415803.1823817438
2017-06-08,417416.65721444273
2017-06-09,418421.44098068646
2017-06-10,419957.1235592003
2017-06-11,420086.0286145549
2017-06-12,414687.0928003247
2017-06-13,416340.21912634396
2017-06-14,413330.976402367
2017-06-15,411087.83396240615
2017-06-16,412176.2516254811
2017-06-17,414648.55460679426
2017-06-18,412812.45091125695
2017-06-19,415710.4280677888
2017-06-20,414757.26239923225
2017-06-21,414486.28763237665
2017-06-22,414685.90143993474
2017-06-23,415312.32437650993
2017-06-24,414380.08625651826
2017-06-25,414247.906357368
2017-06-26,413914.87666933396
2017-06-27,412496.1864183268
2017-06-28,414347.0598470477
2017-06-29,412586.9925744815
2017-06-30,411572.0151793423
2017-07-01,411255.1537537158
2017-07-02,411993.4671775199
2017-07-03,413637.3644148398
2017-07-04,413435.0456877314
2017-07-05,413756.9050959256
2017-07-06,411635.2095042373
2017-07-07,411572.9065666831
2017-07-08,411807.22385330166
2017-07-09,411571.9281542627
2017-07-10,412804.91565369465
2017-07-11,413279.26138522796
2017-07-12,412490.804138225
2017-07-13,411209.55805848254
2017-07-14,410867.9664484427
2017-07-15,409925.4556896916
2017-07-16,409110.11112586246
2017-07-17,411767.0042762342
2017-07-18,411854.214816647
2017-07-19,412480.9924322668
2017-07-20,415638.5815486979
2017-07-21,413892.7795068192
2017-07-22,414592.890565586
2017-07-23,414200.83548056154
2017-07-24,413473.30556995445
2017-07-25,414176.4218833768
2017-07-26,414581.3020583426
2017-07-27,414767.4964474279
2017-07-28,414970.6250079643
2017-07-29,414564.6038895436
2017-07-30,414715.73049060826
2017-07-31,415188.44075108116
2017-08-01,415248.80865651957
2017-08-02,415404.51997272053
2017-08-03,414705.88195943035
2017-08-04,416039.5234968237
2017-08-05,417795.3079535903
2017-08-06,417603.6580037331
2017-08-07,419694.7533737343
2017-08-08,419280.52703739435
2017-08-09,418149.7946381435
2017-08-10,412483.70596095355
2017-08-11,413921.1096865302
2017-08-12,415072.33731147635
2017-08-13,415999.6053271178
2017-08-14,418887.11203400156
2017-08-15,417663.6751344851
2017-08-16,420326.4912321928
2017-08-17,418102.62959154136
2017-08-18,416173.70076164295
2017-08-19,416336.3848796842
2017-08-20,415814.8906472777
2017-08-21,416582.5264453294
2017-08-22,419498.5844520893
2017-08-23,418845.3483136899
2017-08-24,420904.1191905696
2017-08-25,421820.57716826664
2017-08-26,421726.15275884327
2017-08-27,421876.049887917
2017-08-28,423361.44598411955
2017-08-29,424678.04086853575
2017-08-30,425601.3782810456
2017-08-31,427149.67641728034
2017-09-01,428761.49640249263
2017-09-02,427221.0184255012
2017-09-03,427241.6240879106
2017-09-04,425051.0222078782
2017-09-05,424002.49333347427
2017-09-06,425961.64206303755
2017-09-07,426036.0532787055
2017-09-08,422816.5828947217
2017-09-09,422808.8824219699
2017-09-10,422513.6813255012
2017-09-11,424509.03108002676
2017-09-12,424374.29633681354
2017-09-13,423581.3758119137
2017-09-14,418723.56105526665
2017-09-15,420565.4416498266
2017-09-16,420531.9006458946
2017-09-17,420418.59165714285
2017-09-18,423356.6850458205
2017-09-19,422780.2080094401
2017-09-20,423044.81296367437
2017-09-21,420912.9800880187
2017-09-22,420808.98259013606
2017-09-23,421243.5648967063
2017-09-24,420949.1136211964
2017-09-25,421247.551354104
2017-09-26,420631.76454027096
2017-09-27,422901.4575815597
2017-09-28,423222.2051801348
2017-09-29,423999.82264043624
2017-09-30,424471.87037569145
2017-10-01,424646.6447403251
2017-10-02,424723.7495139256
2017-10-03,425328.9331973634
2017-10-04,425215.5010681572
2017-10-05,427647.8631404198
2017-10-06,427423.2255274058
2017-10-07,427573.94548450893
2017-10-08,428067.3587303481
2017-10-09,427887.38287514786
2017-10-10,428975.3390986786
2017-10-11,429932.2960007556
2017-10-12,431596.43724922015
2017-10-13,432757.8362089951
2017-10-14,433253.9107935398
2017-10-15,432841.09752894007
2017-10-16,434671.8690046612
2017-10-17,434460.78534179233
2017-10-18,435046.61712092
2017-10-19,434930.9955971531
2017-10-20,437014.1241723799
2017-10-21,437068.2787406049
2017-10-22,437005.98005600594
2017-10-23,436229.9666976799
2017-10-24,435717.0391084568
2017-10-25,434906.7282790839
2017-10-26,435442.67477219005
2017-10-27,437692.61060448486
2017-10-28,437617.8687179107
2017-10-29,438694.94582437904
2017-10-30,437611.6096156109
2017-10-31,439155.38962502754
2017-11-01,441379.28044718294
2017-11-02,442516.9392934898
2017-11-03,443801.78939280217
2017-11-04,444264.5657483954
2017-11-05,444338.3667178828
2017-11-06,443798.2625845106
2017-11-07,443961.27673192625
2017-11-08,444823.03356759937
2017-11-09,442961.16518037685
2017-11-10,440520.83842817
2017-11-11,439820.6150186444
2017-11-12,439176.8727059823
2017-11-13,440908.4709348908
2017-11-14,439232.62048118527
2017-11-15,439304.52010494727
2017-11-16,443603.9171323675
2017-11-17,442765.7572240603
2017-11-18,442975.6926498099
2017-11-19,443612.90031438746
2017-11-20,444526.0479274617
2017-11-21,447337.04633516865
2017-11-22,447827.85639646824
2017-11-23,446935.1286278576
2017-11-24,448667.0606353699
2017-11-25,450056.7102604893
2017-11-26,451452.56896753865
2017-11-27,452126.1754466984
2017-11-28,455078.01025259704
2017-11-29,453267.5635228016
2017-11-30,455733.33522495977
2017-12-01,457090.25695489114
2017-12-02,457346.3399043336
2017-12-03,457989.394159687
2017-12-04,458270.9555784612
2017-12-05,457576.08877163276
2017-12-06,462507.5717214758
2017-12-07,473415.5135931146
2017-12-08,472411.4150695957
2017-12-09,468812.80245060095
2017-12-10,469529.83521425386
2017-12-11,474484.27950709197
2017-12-12,476192.5399836068
2017-12-13,473948.10266504344
2017-12-14,472589.1596043146
2017-12-15,477694.14034868556
2017-12-16,482325.6203585506
2017-12-17,481403.20541169436
2017-12-18,484441.5800234983
2017-12-19,480001.28137183463
2017-12-20,476679.7249195619
2017-12-21,475669.37400637753
2017-12-22,470606.38523770496
2017-12-23,477027.87564540555
2017-12-24,474861.42949510564
2017-12-25,475051.1551046454
2017-12-26,477747.25688746275
2017-12-27,477683.5164128387
2017-12-28,477419.26172734867
2017-12-29,475724.3382339063
2017-12-30,473675.5487199239
2017-12-31,476200.62880631036
2018-01-01,475324.7926573148
2018-01-02,480136.57264969056
2018-01-03,482292.76469774917
2018-01-04,485800.224931722
2018-01-05,490453.96837357664
2018-01-06,490568.0713077072
2018-01-07,489339.9721933682
2018-01-08,488088.3067134302
2018-01-09,488404.40649886057
2018-01-10,488586.74697029137
2018-01-11,489414.62683257565
2018-01-12,493239.2834360647
2018-01-13,493935.13379174116
2018-01-14,492695.1279321542
2018-01-15,492785.3827322478
2018-01-16,489657.24934363016
2018-01-17,492421.26816740975
2018-01-18,492162.922765958
2018-01-19,493860.58834070934
2018-01-20,495500.5794007447
2018-01-21,493851.3197095036
2018-01-22,495866.6074790701
2018-01-23,498242.3096846946
2018-01-24,498173.7212077236
2018-01-25,497373.7060615616
2018-01-26,502074.45453949197
2018-01-27,502416.3413168039
2018-01-28,502855.0937207523
2018-01-29,499401.930679676
2018-01-30,491769.96307736146
2018-01-31,492291.0961638701
2018-02-01,491340.5421904734
2018-02-02,483239.5513478032
2018-02-03,483692.2416289656
2018-02-04,482511.1903860885
2018-02-05,468707.7015199902
2018-02-06,470436.9202249446
2018-02-07,468293.9420202518
2018-02-08,462617.88098053087
2018-02-09,462562.2066598311
2018-02-10,462414.5934552011
2018-02-11,461783.5946682312
2018-02-12,463855.1744353753
2018-02-13,464164.57647440885
2018-02-14,467517.9489878912
2018-02-15,470729.80235334474
2018-02-16,471315.1716314242
2018-02-17,472442.40805246006
2018-02-18,471722.9411778508
2018-02-19,472032.3200508652
2018-02-20,471407.1931121661
2018-02-21,470108.3288989343
2018-02-22,468856.00102817285
2018-02-23,471171.6764562681
2018-02-24,470545.6813262787
2018-02-25,470355.40582362865
2018-02-26,473929.6475713068
2018-02-27,473354.89398857346
2018-02-28,470349.3981036318
2018-03-01,469354.9501754138
2018-03-02,468433.0679725813
2018-03-03,469133.84026045236
2018-03-04,469173.6301998398
2018-03-05,470633.95424197183
2018-03-06,470325.6054975825
2018-03-07,468396.217933193
2018-03-08,467438.4837370879
2018-03-09,470249.5850145735
2018-03-10,469549.7590337201
2018-03-11,471361.617134113
2018-03-12,470489.43636542244
2018-03-13,469306.87858661916
2018-03-14,467574.2927590768
2018-03-15,467296.82665345515
2018-03-16,467140.3053768924
2018-03-17,466041.88927851926
2018-03-18,466444.34498265886
2018-03-19,465694.6645984468
2018-03-20,466289.0904165823
2018-03-21,465803.9174961853
2018-03-22,460931.60077722196
2018-03-23,458131.39776662085
2018-03-24,457853.9550169026
2018-03-25,457627.88201389543
2018-03-26,459037.5892671634
2018-03-27,457071.6315055217
2018-03-28,456165.87521899294
2018-03-29,456301.3892172644
2018-03-30,456225.3430853649
2018-03-31,456225.3430853649
2018-04-01,456225.3430853649
2018-04-02,453354.8573092546
2018-04-03,454428.98326468037
2018-04-04,452792.3949433108
2018-04-05,453796.06748954643
2018-04-06,452617.2701589176
2018-04-07,452617.2701589176
2018-04-08,452617.2701589176
2018-04-09,454323.0376574581
2018-04-10,457244.86946820316
2018-04-11,457714.38745693676
2018-04-12,458195.60014389304
2018-04-13,458090.8798638965
2018-04-14,458090.8798638965
2018-04-15,458090.8798638965
2018-04-16,457276.46632750076
2018-04-17,457775.8528734059
2018-04-18,459619.6086673355
2018-04-19,459443.62110607675
2018-04-20,458901.7207735252
2018-04-21,458901.7207735252
2018-04-22,458901.7207735252
2018-04-23,458153.23018554517
2018-04-24,458394.1823037296
2018-04-25,459997.7128070701
2018-04-26,460784.15828338877
2018-04-27,462474.4707310553
2018-04-28,462474.4707310553
2018-04-29,462474.4707310553
2018-04-30,463875.39367957256
2018-05-01,465157.8047054704
2018-05-02,464322.1910966364
2018-05-03,465777.1729545769
2018-05-04,465652.2980022229
2018-05-05,465652.2980022229
2018-05-06,465652.2980022229
2018-05-07,465043.1894988958
2018-05-08,465102.3222976598
2018-05-09,467612.1119708373
2018-05-10,469765.34257831867
2018-05-11,469693.2443962701
2018-05-12,469693.2443962701
2018-05-13,469693.2443962701
2018-05-14,469727.03676668124
2018-05-15,470025.8551101266
2018-05-16,470943.3534733072
2018-05-17,471851.1227285267
2018-05-18,473614.2774211427
2018-05-19,473614.2774211427
2018-05-20,473614.2774211427
2018-05-21,474678.5186584542
2018-05-22,474025.5135809111
2018-05-23,474082.7824391199
2018-05-24,472552.7996137166
2018-05-25,472003.80349940975
2018-05-26,472003.80349940975
2018-05-27,472003.80349940975
2018-05-28,472227.3159257232
2018-05-29,469311.79988999537
2018-05-30,469420.1367296772
2018-05-31,468454.8683688303
2018-06-01,469409.56775824074
2018-06-02,469409.56775824074
2018-06-03,469409.56775824074
2018-06-04,469379.90219984634
2018-06-05,469915.22233195696
2018-06-06,471596.74311784946
2018-06-07,472135.6248489067
2018-06-08,471868.93970132805
2018-06-09,471868.93970132805
2018-06-10,471868.93970132805
2018-06-11,471881.2015700511
2018-06-12,472726.3836547816
2018-06-13,471767.2936146208
2018-06-14,471499.89520026743
2018-06-15,469197.5067746118
2018-06-16,469197.5067746118
2018-06-17,469197.5067746118
2018-06-18,469000.3300342781
2018-06-19,465008.5263324796
2018-06-20,466950.1643624512
2018-06-21,465453.5291284153
2018-06-22,466100.6747287274
2018-06-23,466100.6747287274
2018-06-24,466100.6747287274
2018-06-25,461138.8023550251
2018-06-26,462165.95606841025
2018-06-27,461792.41308095393
2018-06-28,461826.57922954694
2018-06-29,461973.6290710322
2018-06-30,461973.6290710322
2018-07-01,461973.6290710322
2018-07-02,461493.6146618896
2018-07-03,461520.6537390203
2018-07-04,461520.6537390203
2018-07-05,462812.5239090725
2018-07-06,464791.9570153981
2018-07-07,464791.9570153981
2018-07-08,464791.9570153981
2018-07-09,466338.8717152488
2018-07-10,466326.24861518317
2018-07-11,463629.6516766906
2018-07-12,465639.67666025413
2018-07-13,466265.88398984063
2018-07-14,466265.88398984063
2018-07-15,466265.88398984063
2018-07-16,465078.91117724706
2018-07-17,466100.1060857007
2018-07-18,467119.5111561173
2018-07-19,467306.0112372699
2018-07-20,467333.5541341422
2018-07-21,467333.5541341422
2018-07-22,467333.5541341422
2018-07-23,464839.72756934573
2018-07-24,465258.8548446238
2018-07-25,469258.53479079617
2018-07-26,469281.1626156938
2018-07-27,466805.5672776731
2018-07-28,466805.5672776731
2018-07-29,466805.5672776731
2018-07-30,465857.32051185623
2018-07-31,466838.1221240635
2018-08-01,466723.3293925058
2018-08-02,468181.29149954807
2018-08-03,468503.2913344591
2018-08-04,468503.2913344591
2018-08-05,468503.2913344591
2018-08-06,469839.8916473121
2018-08-07,470443.6851480578
2018-08-08,469834.75242606853
2018-08-09,469500.3182010641
2018-08-10,467530.6206291747
2018-08-11,467530.6206291747
2018-08-12,467530.6206291747
2018-08-13,465568.0355658551
2018-08-14,467372.02887766075
2018-08-15,464484.7071120843
2018-08-16,467023.5951631792
2018-08-17,469761.2849866785
2018-08-18,469761.2849866785
2018-08-19,469761.2849866785
2018-08-20,468731.558979849
2018-08-21,469646.4920924113
2018-08-22,469927.5938949952
2018-08-23,469608.6611894185
2018-08-24,470619.1908113974
2018-08-25,470619.1908113974
2018-08-26,470619.1908113974
2018-08-27,471563.99967048364
2018-08-28,471349.6733022203
2018-08-29,473554.97980342875
2018-08-30,472692.7409741813
2018-08-31,472681.18018153985
2018-09-01,472681.18018153985
2018-09-02,472681.18018153985
2018-09-03,472490.16432495695
2018-09-04,471324.6615734712
2018-09-05,469474.333467033
2018-09-06,467209.39676837286
2018-09-07,466557.1444816472
2018-09-08,466557.1444816472
2018-09-09,466557.1444816472
2018-09-10,466650.3925542492
2018-09-11,467779.34497713606
2018-09-12,467752.1236923436
2018-09-13,469218.32100866723
2018-09-14,469775.9782820039
2018-09-15,469775.9782820039
2018-09-16,469775.9782820039
2018-09-17,467844.03233140527
2018-09-18,469069.65362581366
2018-09-19,470176.97486419673
2018-09-20,472573.7343588002
2018-09-21,472461.2533163626
2018-09-22,472461.2533163626
2018-09-23,472461.2533163626
2018-09-24,472034.0230102894
2018-09-25,472075.7087289572
2018-09-26,470745.16854807036
2018-09-27,470765.10477489064
2018-09-28,471133.15019229974
2018-09-29,471133.15019229974
2018-09-30,471133.15019229974
2018-10-01,472186.0057656695
2018-10-02,473011.34308335255
2018-10-03,473126.5300591475
2018-10-04,470248.233267155
2018-10-05,468530.8538330357
2018-10-06,468530.8538330357
2018-10-07,468530.8538330357
2018-10-08,468656.6920770839
2018-10-09,468500.9260257347
2018-10-10,461291.4854672566
2018-10-11,457472.6603056339
2018-10-12,458463.88137206715
2018-10-13,458463.88137206715
2018-10-14,458463.88137206715
2018-10-15,458739.5362075505
2018-10-16,459280.77077113
2018-10-17,459587.86072466226
2018-10-18,457609.9030554804
2018-10-19,457436.28231784876
2018-10-20,457436.28231784876
2018-10-21,457436.28231784876
2018-10-22,455934.036415247
2018-10-23,455928.95028653555
2018-10-24,455041.4016356746
2018-10-25,455180.9216281066
2018-10-26,454092.6247249576
2018-10-27,454092.6247249576
2018-10-28,454092.6247249576
2018-10-29,453074.5497293243
2018-10-30,452980.67578521307
2018-10-31,453186.7762701927
2018-11-01,453638.3427051151
2018-11-02,453127.8241136681
2018-11-03,453127.8241136681
2018-11-04,453127.8241136681
2018-11-05,454022.5373754954
2018-11-06,454082.7348650147
2018-11-07,455340.12719827663
2018-11-08,455270.47598173463
2018-11-09,454686.43455041386
2018-11-10,454686.43455041386
2018-11-11,454686.43455041386
2018-11-12,453790.6347921207
2018-11-13,453029.6988124616
2018-11-14,454928.63046423235
2018-11-15,452685.8501510818
2018-11-16,455712.5612903052
2018-11-17,455712.5612903052
2018-11-18,455712.5612903052
2018-11-19,461240.3894309878
2018-11-20,458581.7845503706
2018-11-21,458377.3217518428
2018-11-22,458461.5636653779
2018-11-23,457694.62093754206
2018-11-24,457694.62093754206
2018-11-25,457694.62093754206
2018-11-26,457187.93158034136
2018-11-27,457431.3964405608
2018-11-28,463716.51745375013
2018-11-29,462811.8272468023
2018-11-30,462938.0246632445
2018-12-01,462938.0246632445
2018-12-02,462938.0246632445
2018-12-03,461695.0582909067
2018-12-04,463274.5257756289
2018-12-05,463031.98817854637
2018-12-06,461169.81797839154
2018-12-07,461966.00754009595
2018-12-08,461966.00754009595
2018-12-09,461966.00754009595
2018-12-10,462416.7868623714
2018-12-11,461885.5206237819
2018-12-12,460746.63745106454
2018-12-13,461630.43315782776
2018-12-14,457365.84175069036
2018-12-15,457365.84175069036
2018-12-16,457365.84175069036
2018-12-17,455648.3825543365
2018-12-18,458640.2852986861
2018-12-19,457856.5994183346
2018-12-20,456424.3844670152
2018-12-21,457582.6300447042
2018-12-22,457582.6300447042
2018-12-23,457582.6300447042
2018-12-24,456010.6788955216
2018-12-25,456010.6788955216
2018-12-26,456405.25062694453
2018-12-27,457133.9207171072
2018-12-28,454109.49276965886
2018-12-29,454109.49276965886
2018-12-30,454109.49276965886
2018-12-31,451990.46275918727
2019-01-01,451990.46275918727
2019-01-02,452059.01007213775
2019-01-03,452248.67960371735
2019-01-04,452366.03219082876
2019-01-05,452366.03219082876
2019-01-06,452366.03219082876
2019-01-07,452346.4900876075
2019-01-08,452568.5968925051
2019-01-09,452901.6932874625
2019-01-10,452194.93196914514
2019-01-11,452590.12305027945
2019-01-12,452590.12305027945
2019-01-13,452590.12305027945
2019-01-14,452438.12028796424
2019-01-15,452411.69700070383
2019-01-16,452140.4725043995
2019-01-17,452045.84939815366
2019-01-18,452400.9714020524
2019-01-19,452400.9714020524
2019-01-20,452400.9714020524
2019-01-21,452400.9714020524
2019-01-22,450167.1022166544
2019-01-23,450450.54672843125
2019-01-24,450174.8868335015
2019-01-25,450794.74817299045
2019-01-26,450794.74817299045
2019-01-27,450794.74817299045
2019-01-28,451030.9824345943
2019-01-29,450654.96510617324
2019-01-30,450791.41315172
2019-01-31,451229.5443448736
2019-02-01,451329.300622578
2019-02-02,451329.300622578
2019-02-03,451329.300622578
2019-02-04,451422.92911706574
2019-02-05,451461.3669089924
2019-02-06,451548.65809670294
2019-02-07,450522.5007442844
2019-02-08,450713.79562252964
2019-02-09,450713.79562252964
2019-02-10,450713.79562252964
2019-02-11,450285.1527925303
2019-02-12,450899.8305334589
2019-02-13,451085.9634088238
2019-02-14,450631.69976857747
2019-02-15,451687.98949060525
2019-02-16,451687.98949060525
2019-02-17,451687.98949060525
2019-02-18,451687.98949060525
2019-02-19,453513.54828628857
2019-02-20,454653.2507409688
2019-02-21,452510.32280772564
2019-02-22,453942.78320900485
2019-02-23,453942.78320900485
2019-02-24,453942.78320900485
2019-02-25,453653.37905914686
2019-02-26,452828.255209101
2019-02-27,452524.1259797229
2019-02-28,451537.365081609
2019-03-01,450557.72005644056
2019-03-02,450557.72005644056
2019-03-03,450557.72005644056
2019-03-04,448394.3387412396
2019-03-05,448668.77420112875
2019-03-06,447278.9576444871
2019-03-07,446567.2954837129
2019-03-08,446367.5268522961
2019-03-09,446367.5268522961
2019-03-10,446367.5268522961
2019-03-11,446090.15074281587
2019-03-12,446720.73060179764
2019-03-13,447440.7150999846
2019-03-14,446432.5408139244
2019-03-15,447328.2134653671
2019-03-16,447328.2134653671
2019-03-17,447328.2134653671
2019-03-18,447718.70210579527
2019-03-19,448514.4633437951
2019-03-20,448302.28728865937
2019-03-21,448460.04216827033
2019-03-22,446510.9251750807
2019-03-23,446510.9251750807
2019-03-24,446510.9251750807
2019-03-25,447424.17290301307
2019-03-26,447058.5020315007
2019-03-27,446239.64250086434
2019-03-28,445124.31765203655
2019-03-29,444528.41151301557
2019-03-30,444452.23757629225
2019-03-31,444317.32250233996
2019-04-01,445699.87962113065
2019-04-02,454809.5332854197
2019-04-03,455798.77041420754
2019-04-04,454918.87940603035
2019-04-05,456565.84799764777
2019-04-06,456741.3669121787
2019-04-07,458291.5876688678
2019-04-08,459524.36751520063
2019-04-09,457696.9189160272
2019-04-10,459273.7387978027
2019-04-11,455607.2089794965
2019-04-12,456468.063712694
2019-04-13,456470.1552512454
2019-04-14,456923.8822671395
2019-04-15,455966.2849708772
2019-04-16,456607.23033170984
2019-04-17,456627.8410036836
2019-04-18,457310.6372481225
2019-04-19,457317.3771128454
2019-04-20,457414.45791753737
2019-04-21,457062.75472623744
2019-04-22,457053.32674440095
2019-04-23,458554.61967657716
2019-04-24,457283.8932820961
2019-04-25,454998.83617569366
2019-04-26,456405.9758905688
2019-04-27,456306.4962009689
2019-04-28,456194.2152637533
2019-04-29,456089.0973261412
2019-04-30,455823.00247546704
2019-05-01,453395.8981194658
2019-05-02,453316.9918534395
2019-05-03,458178.0850279485
2019-05-04,458011.2762667715
2019-05-05,457746.6047697783
2019-05-06,456640.28327660746
2019-05-07,453434.2510210668
2019-05-08,454048.59170506394
2019-05-09,454047.74609118025
2019-05-10,455883.5853787185
2019-05-11,462704.240255086
2019-05-12,460785.49026242096
2019-05-13,460759.88673384854
2019-05-14,462491.19077566033
2019-05-15,464759.9687136593
2019-05-16,465877.0353669353
2019-05-17,462737.852767691
2019-05-18,462067.88179866364
2019-05-19,465876.9710528286
2019-05-20,463812.5952024471
2019-05-21,464275.0698469273
2019-05-22,462215.3486027462
2019-05-23,461340.4766241087
2019-05-24,462875.94571206754
2019-05-25,463164.7132824459
2019-05-26,465581.42589103803
2019-05-27,466267.09197465423
2019-05-28,467370.60828567354
2019-05-29,466630.55493777385
2019-05-30,465549.7334035901
2019-05-31,464958.7098781266
2019-06-01,464788.646222409
2019-06-02,465507.44474443997
2019-06-03,463336.06256403745
2019-06-04,461481.44966764015
2019-06-05,464091.6845128585
2019-06-06,465160.9333108141
2019-06-07,467199.0556042421
2019-06-08,465641.41685103154
2019-06-09,463307.59940838866
2019-06-10,465976.32985154784
2019-06-11,466352.5938490605
2019-06-12,467665.2553220232
2019-06-13,468397.665187403
2019-06-14,469758.03238655324
2019-06-15,470544.158739456
2019-06-16,470839.4856647226
2019-06-17,472018.7429527038
2019-06-18,473310.26169593324
2019-06-19,473223.57808782463
2019-06-20,476813.4042885385
2019-06-21,478472.92843735596
2019-06-22,480218.91442858224
2019-06-23,480423.75614276447
2019-06-24,481210.32645860204
2019-06-25,481309.8993698833
2019-06-26,484014.862313506
2019-06-27,478907.8924679097
2019-06-28,489349.416779997
2019-06-29,488802.11756430974
2019-06-30,482742.72849109874
2019-07-01,483627.0925743057
2019-07-02,484811.7349674206
2019-07-03,491114.6936903528
2019-07-04,488599.0839910103
2019-07-05,487622.29866996384
2019-07-06,488003.34186661715
2019-07-07,489595.59044713364
2019-07-08,490975.012028191
2019-07-09,490480.19014882244
2019-07-10,489065.9652516714
2019-07-11,487679.5307612009
2019-07-12,489834.5605885589
2019-07-13,488061.72747583914
2019-07-14,483941.30906688253
2019-07-15,485392.2403338583
2019-07-16,478200.10306281055
2019-07-17,478040.7376500664
2019-07-18,479539.236126228
2019-07-19,478960.4776830564
2019-07-20,479578.3451271386
2019-07-21,479220.62560128677
2019-07-22,478687.1724714734
2019-07-23,478979.2020439955
2019-07-24,479749.46198544477
2019-07-25,478791.1363227325
2019-07-26,479144.0814779842
2019-07-27,478146.1711019067
2019-07-28,478394.51690594875
2019-07-29,478206.54953218775
2019-07-30,477956.04881840607
2019-07-31,477673.6057659376
2019-08-01,477091.0277948042
2019-08-02,475908.36730370333
2019-08-03,477085.170279376
2019-08-04,477564.05904692865
2019-08-05,480247.2687441045
2019-08-06,478769.14522386674
2019-08-07,480191.9119931707
2019-08-08,479930.6548270084
2019-08-09,478756.6103603058
2019-08-10,477459.0618013115
2019-08-11,478842.0958096454
2019-08-12,476717.8431504519
2019-08-13,477576.85763697774
2019-08-14,472508.9937986927
2019-08-15,473246.39160945255
2019-08-16,472999.1619005656
2019-08-17,472725.1910043232
2019-08-18,474141.22557783226
2019-08-19,476711.0792137431
2019-08-20,474909.888565599
2019-08-21,473646.4794427551
2019-08-22,474151.3134531544
2019-08-23,472991.4154416305
2019-08-24,471995.1036174267
2019-08-25,471373.8542471023
2019-08-26,472447.96464286896
2019-08-27,472784.5555243344
2019-08-28,473276.0988843321
2019-08-29,473040.7999096041
2019-08-30,473473.44857624895
2019-08-31,474009.2251278746
2019-09-01,473879.3333111983
2019-09-02,474941.0785717922
2019-09-03,476315.53410867613
2019-09-04,478297.3821251801
2019-09-05,477386.09690732183
2019-09-06,476641.3173994555
2019-09-07,476821.0804303396
2019-09-08,476737.774853798
2019-09-09,477197.5984832095
2019-09-10,476617.2066672831
2019-09-11,477860.1393570419
2019-09-12,478815.10963862995
2019-09-13,476832.4550245033
2019-09-14,476829.7160760856
2019-09-15,476818.3833825544
2019-09-16,477110.670955557
2019-09-17,476318.3133315991
2019-09-18,475984.46693823894
2019-09-19,475918.30219594354
2019-09-20,475477.8755442353
2019-09-21,474943.4542611727
2019-09-22,475090.0999262473
2019-09-23,475084.62024453114
2019-09-24,473287.57930172165
2019-09-25,471676.0748251884
2019-09-26,470762.8345208431
2019-09-27,469528.6050836727
2019-09-28,469522.54717982665
2019-09-29,469377.77694385004
2019-09-30,464927.5308432831
2019-10-01,463471.8672812174
2019-10-02,462678.7478608286
2019-10-03,462176.1795372167
2019-10-04,462165.0098020019
2019-10-05,462109.4028731608
2019-10-06,461942.5536574824
2019-10-07,461965.3024770052
2019-10-08,462232.7210620531
2019-10-09,462921.1976269964
2019-10-10,463054.7847795541
2019-10-11,463331.1381950448
2019-10-12,463346.2545255048
2019-10-13,463330.37110661116
2019-10-14,463587.1411740551
2019-10-15,463452.1360365778
2019-10-16,463102.15631509305
2019-10-17,463887.77337123314
2019-10-18,463872.88061268785
2019-10-19,463872.88061268785
2019-10-20,463872.8806126878
2019-10-21,463893.73151662294
2019-10-22,462603.72844381665
2019-10-23,462711.7809641678
2019-10-24,463213.4684149084
2019-10-25,464176.0836983041
2019-10-26,464176.0836983041
2019-10-27,464176.0836983041
2019-10-28,464841.673760298
2019-10-29,465240.4551361742
2019-10-30,465566.5271957906
2019-10-31,465557.9149924943
2019-11-01,467674.2958192579
2019-11-02,467674.2958192579
2019-11-03,467674.2958192579
2019-11-04,468071.56388567877
2019-11-05,468213.213166313
2019-11-06,468913.70752375654
2019-11-07,468975.115139566
2019-11-08,468604.48454930854
2019-11-09,468642.2626755639
2019-11-10,468847.90267456765
2019-11-11,467251.4103032367
2019-11-12,468023.53758048796
2019-11-13,467806.2518165267
2019-11-14,467739.9578205926
2019-11-15,468991.846504053
2019-11-16,468991.846504053
2019-11-17,468991.846504053
2019-11-18,469405.22253193706
2019-11-19,470007.1442254622
2019-11-20,468832.54413830885
2019-11-21,467661.3880536809
2019-11-22,467604.8795249607
2019-11-23,467604.8795249607
2019-11-24,467604.8795249607
2019-11-25,469919.97149382194
2019-11-26,470596.1119445672
2019-11-27,471212.8854348743
2019-11-28,471094.47501326294
2019-11-29,470486.5892832491
2019-11-30,470486.5892832491
2019-12-01,470486.5892832491
2019-12-02,467677.91572648287
2019-12-03,467706.29297829187
2019-12-04,467163.9855959838
2019-12-05,469155.03827646817
2019-12-06,470089.8069231111
2019-12-07,470089.8069231111
2019-12-08,470089.8069231111
2019-12-09,470764.8040018672
2019-12-10,472984.6760182417
2019-12-11,474853.3602908045
2019-12-12,477628.9552811751
2019-12-13,475821.3528932221
2019-12-14,475821.3528932221
2019-12-15,475821.3528932221
2019-12-16,478410.53632426786
2019-12-17,477879.543930878
2019-12-18,477675.8332430497
2019-12-19,478253.05185964116
2019-12-20,478614.6478907692
2019-12-21,478614.6478907692
2019-12-22,478614.6478907692
2019-12-23,477392.1201526488
2019-12-24,478570.54126368614
2019-12-25,478541.3964345995
2019-12-26,480100.63512528106
2019-12-27,480485.332012681
2019-12-28,480485.332012681
2019-12-29,480485.332012681
2019-12-30,479082.39826326317
2019-12-31,479342.4970417645
2020-01-01,479342.4970417645
2020-01-02,482405.3405232907
2020-01-03,481306.5420000627
2020-01-04,481306.5420000627
2020-01-05,481306.5420000627
2020-01-06,482080.64449026773
2020-01-07,481589.40059270046
2020-01-08,480822.5990637425
2020-01-09,482832.4461394592
2020-01-10,482600.6079603591
2020-01-11,482600.6079603591
2020-01-12,482600.6079603591
2020-01-13,483911.22977581935
2020-01-14,483627.75657625665
2020-01-15,486001.597006645
2020-01-16,487805.1633041764
2020-01-17,489812.2515809009
2020-01-18,489812.2515809009
2020-01-19,489812.2515809009
2020-01-20,489913.4055555211
2020-01-21,487958.11699491856
2020-01-22,488709.29670258885
2020-01-23,488438.4603838155
2020-01-24,486682.72854906047
2020-01-25,486481.06390680745
2020-01-26,487019.01062245225
2020-01-27,480944.25226779445
2020-01-28,481561.7869004031
2020-01-29,481304.349153494
2020-01-30,482181.1118656107
2020-01-31,478895.62018636195
2020-02-01,478932.62058565975
2020-02-02,478890.23421430425
2020-02-03,480586.3681862296
2020-02-04,480233.86932770145
2020-02-05,483490.4866676799
2020-02-06,483397.0844822617
2020-02-07,483319.5176902577
2020-02-08,483379.9614032934
2020-02-09,483599.7623086001
2020-02-10,484578.35428901395
2020-02-11,486519.70521876414
2020-02-12,488615.7783809757
2020-02-13,486207.8403595554
2020-02-14,486292.33945410047
2020-02-15,485923.0044411756
2020-02-16,485962.3317647131
2020-02-17,485690.9899906496
2020-02-18,487118.0716345422
2020-02-19,487230.0823107223
2020-02-20,486026.8406786964
2020-02-21,485829.34768097894
2020-02-22,485806.69574911427
2020-02-23,486061.20044634247
2020-02-24,479732.11377490265
2020-02-25,472465.17431154236
2020-02-26,471610.4407806351
2020-02-27,466177.2749526371
2020-02-28,462866.76732290396
2020-02-29,461800.24975398905
2020-03-01,461721.8637843964
2020-03-02,466795.54419407854
2020-03-03,465866.65356561885
2020-03-04,465201.0954364952
2020-03-05,464029.37484417594
2020-03-06,462130.6745177145
2020-03-07,461647.9151512243
2020-03-08,459007.0624432595
2020-03-09,457138.1574016403
2020-03-10,457326.3211214036
2020-03-11,453835.24791162345
2020-03-12,447490.7483858388
2020-03-13,447330.1136181306
2020-03-14,447330.1136181306
2020-03-15,447330.1136181306
2020-03-16,445393.1255454477
2020-03-17,445412.71569250687
2020-03-18,444934.3744686865
2020-03-19,448641.72053036065
2020-03-20,450022.1766138226
2020-03-21,450022.1766138226
2020-03-22,450022.1766138226
2020-03-23,452215.0846596127
2020-03-24,453989.58387068263
2020-03-25,456270.34840611904
2020-03-26,453242.2086254148
2020-03-27,451839.95205397985
2020-03-28,451839.95205397985
2020-03-29,451839.95205397985
2020-03-30,452785.0005505704
2020-03-31,452559.0714749672
2020-04-01,450559.21499680274
2020-04-02,451201.03598927736
2020-04-03,450997.5177680184
2020-04-04,450997.5177680184
2020-04-05,450997.5177680184
2020-04-06,451560.57098232047
2020-04-07,450924.24826369795
2020-04-08,452240.9011459991
2020-04-09,452255.69809209945
2020-04-10,451181.8386624092
2020-04-11,451128.2688257296
2020-04-12,451530.51985405385
2020-04-13,450714.18860593555
2020-04-14,452248.4961587476
2020-04-15,450840.01375442895
2020-04-16,453333.34503830713
2020-04-17,453517.6460617785
2020-04-18,454863.6529843521
2020-04-19,454396.7233456008
2020-04-20,453272.67923973396
2020-04-21,451537.03004827927
2020-04-22,453411.95072962967
2020-04-23,453790.10958297114
2020-04-24,452873.0102213414
2020-04-25,453426.23386991967
2020-04-26,453585.0389959644
2020-04-27,453596.0304167586
2020-04-28,453373.25630229624
2020-04-29,455261.16100335243
2020-04-30,454231.7876109306
2020-05-01,453860.98383315396
2020-05-02,454251.3151702401
2020-05-03,453615.01196374296
2020-05-04,454109.27230566635
2020-05-05,454799.7228741355
2020-05-06,454644.93007059395
2020-05-07,458579.2217473301
2020-05-08,458506.5455322285
2020-05-09,457712.2319440878
2020-05-10,454471.4940180157
2020-05-11,453788.50113184925
2020-05-12,453751.18887783354
2020-05-13,454714.417333266
2020-05-14,459664.7354797007
2020-05-15,456430.4383418716
2020-05-16,456989.52617860306
2020-05-17,458003.2508232763
2020-05-18,458876.6760971342
2020-05-19,459288.50328625535
2020-05-20,459127.61838431703
2020-05-21,455165.25688324316
2020-05-22,456429.05520283413
2020-05-23,456613.1449465902
2020-05-24,455454.1340726333
2020-05-25,455743.79840762477
2020-05-26,454879.6662572292
2020-05-27,455647.5255753692
2020-05-28,457738.26734347705
2020-05-29,458777.9851477435
2020-05-30,461576.58693483466
2020-05-31,459749.07806031
2020-06-01,461996.67199806136
2020-06-02,459301.7947572333
2020-06-03,459670.599994905
2020-06-04,459520.68285165617
2020-06-05,460062.78893873864
2020-06-06,460119.9265345686
2020-06-07,460548.88054412947
2020-06-08,461248.24439406215
2020-06-09,460621.0134860619
2020-06-10,460945.7725140131
2020-06-11,454770.11092717235
2020-06-12,455076.24645136076
2020-06-13,455184.89209661126
2020-06-14,454421.46079338365
2020-06-15,453723.030474011
2020-06-16,456682.00230285985
2020-06-17,455823.7057741752
2020-06-18,455650.745077085
2020-06-19,454727.7847051034
2020-06-20,454863.7371871276
2020-06-21,454749.9524810058
2020-06-22,458744.19732737564
2020-06-23,459445.4335288991
2020-06-24,454725.78400086553
2020-06-25,455077.799606869
2020-06-26,453795.441966901
2020-06-27,453133.8210854776
2020-06-28,453615.0616763818
2020-06-29,454487.37298484624
2020-06-30,455381.0103122464
2020-07-01,455479.5045301423
2020-07-02,455388.9609391869
2020-07-03,454788.1367221981
2020-07-04,455039.4763583064
2020-07-05,454822.7433303037
2020-07-06,457201.83512405824
2020-07-07,456667.19724720134
2020-07-08,458247.5451459176
2020-07-09,457639.27438240557
2020-07-10,458161.62070437055
2020-07-11,458101.5439429192
2020-07-12,458206.74146770325
2020-07-13,458335.7260167595
2020-07-14,458892.4295551177
2020-07-15,459030.49166234495
2020-07-16,458221.85149049916
2020-07-17,458619.0485973785
2020-07-18,459131.7206046334
2020-07-19,459739.43754481606
2020-07-20,460819.0455373067
2020-07-21,464205.2337455781
2020-07-22,469830.06543333665
2020-07-23,471585.4299196006
2020-07-24,471498.4828972727
2020-07-25,477587.81770572736
2020-07-26,479400.6807356967
2020-07-27,487593.982730145
2020-07-28,486259.1237417789
2020-07-29,487060.5183187651
2020-07-30,490020.80730779725
2020-07-31,495593.3335940456
2020-08-01,506061.4874369388
2020-08-02,500737.46035766887
2020-08-03,502547.44565983466
2020-08-04,505688.61165356473
2020-08-05,508100.8091100373
2020-08-06,508095.2160269385
2020-08-07,506246.49431513995
2020-08-08,507130.1034528961
2020-08-09,506902.1636164734
2020-08-10,507833.92031996744
2020-08-11,502215.1597554171
2020-08-12,504222.6509852405
2020-08-13,512068.7408521142
2020-08-14,508995.90624413773
2020-08-15,508902.5803547183
2020-08-16,508953.758958413
2020-08-17,512365.5316278315
2020-08-18,514357.88376131316
2020-08-19,511093.50195691467
2020-08-20,511142.78246531344
2020-08-21,509648.39591926674
2020-08-22,510531.0204241377
2020-08-23,509974.05466292135
2020-08-24,512719.4617125095
2020-08-25,510471.00830699597
2020-08-26,513197.2184528699
2020-08-27,512437.8337626814
2020-08-28,516744.9003614811
2020-08-29,516745.30284601205
2020-08-30,518880.1627371251
2020-08-31,521271.41486539104
2020-09-01,525650.9016672284
2020-09-02,520841.7071119101
2020-09-03,512056.01028727303
2020-09-04,512735.69906251127
2020-09-05,507555.48956158163
2020-09-06,508270.7729118344
2020-09-07,508347.2641890232
2020-09-08,500979.32587059285
2020-09-09,502200.7222700523
2020-09-10,502668.38076528755
2020-09-11,503674.8248558816
2020-09-12,504129.2152887408
2020-09-13,503290.58399090654
2020-09-14,505626.15164238005
2020-09-15,503356.12263362925
2020-09-16,502904.25665405387
2020-09-17,502621.3819482442
2020-09-18,502377.96565866115
2020-09-19,502582.8101000141
2020-09-20,501935.3937700585
2020-09-21,495636.7374227863
2020-09-22,496144.4059310399
2020-09-23,491003.61752553255
2020-09-24,493382.7910229673
2020-09-25,494875.3148815578
2020-09-26,495177.30550124904
2020-09-27,495310.11457577324
2020-09-28,494499.70044075616
2020-09-29,496307.45451575186
2020-09-30,498104.7160999855
2020-10-01,495186.4686135863
2020-10-02,494090.179894904
2020-10-03,494071.1137287696
2020-10-04,494439.558383263
2020-10-05,496812.04351543833
2020-10-06,496514.80300727626
2020-10-07,499472.37421741313
2020-10-08,499935.60590818524
2020-10-09,503410.1056259334
2020-10-10,503877.95039607957
2020-10-11,504137.44165391976
2020-10-12,503680.0958896846
2020-10-13,502307.5824596507
2020-10-14,502390.26128800446
2020-10-15,502401.8900454913
2020-10-16,501759.4571187602
2020-10-17,501901.0601996876
2020-10-18,502402.2167307106
2020-10-19,502563.4222285475
2020-10-20,502935.48756979406
2020-10-21,509367.3700390561
2020-10-22,509759.55919319374
2020-10-23,509091.8879848324
2020-10-24,509394.0270478645
2020-10-25,509067.3130658723
2020-10-26,507554.4446184454
2020-10-27,508822.3840687864
2020-10-28,502733.48055068403
2020-10-29,504134.54682732397
2020-10-30,503250.6325564551
2020-10-31,503659.5064527029
2020-11-01,503986.21456747793
2020-11-02,504565.9277101535
2020-11-03,506543.6290756129
2020-11-04,509025.4139650062
2020-11-05,515141.3358423627
2020-11-06,516550.0053602761
2020-11-07,514994.8295919695
2020-11-08,516408.09325772536
2020-11-09,512455.2784950463
2020-11-10,514628.163803658
2020-11-11,515051.5901464961
2020-11-12,514751.84655406995
2020-11-13,517189.7477824169
2020-11-14,516351.5863314909
2020-11-15,515740.24946707016
2020-11-16,518935.17184486176
2020-11-17,520599.48430332565
2020-11-18,519917.6572878952
2020-11-19,519499.65082267544
2020-11-20,523262.58342702163
2020-11-21,524816.1977580246
2020-11-22,524840.4086947376
2020-11-23,526736.9062732239
2020-11-24,527998.8120215994
2020-11-25,525484.7739558851
2020-11-26,521708.4335325339
2020-11-27,522262.40303119004
2020-11-28,526112.0194424203
2020-11-29,531392.1090494555
2020-11-30,537872.7406656977
2020-12-01,535038.6978836544
2020-12-02,534815.293529202
2020-12-03,534547.1287285287
2020-12-04,534943.8921067276
2020-12-05,536345.643731336
2020-12-06,536723.7336502296
2020-12-07,534939.4885006379
2020-12-08,532530.8977221884
2020-12-09,533331.8245036558
2020-12-10,532546.8426327517
2020-12-11,531039.8428360955
2020-12-12,532572.3402434278
2020-12-13,533632.559686139
2020-12-14,533358.4140213246
2020-12-15,536071.7523339177
2020-12-16,539649.8304364524
2020-12-17,543434.3745602121
2020-12-18,544184.8716544604
2020-12-19,545085.8255003786
2020-12-20,543973.5218167393
2020-12-21,541643.3774760732
2020-12-22,542548.2301335831
2020-12-23,539558.5647772974
2020-12-24,541265.4908271446
2020-12-25,542991.2134699697
2020-12-26,545300.3840452849
2020-12-27,547782.6543988022
2020-12-28,550580.4290103341
2020-12-29,551272.2278410902
2020-12-30,555440.0527967729
2020-12-31,556490.8496861128
2021-01-01,556427.1586104295
2021-01-02,560379.8391425499
2021-01-03,566211.1434574871
2021-01-04,566176.855949247
2021-01-05,572785.6070814648
2021-01-06,579659.7388529801
2021-01-07,585722.1471248791
2021-01-08,586950.169210236
2021-01-09,587854.9083609844
2021-01-10,585428.1836023376
2021-01-11,577816.5682166313
2021-01-12,579589.8512478307
2021-01-13,586198.7029786146
2021-01-14,591543.0667173712
2021-01-15,584374.5423447466
2021-01-16,585296.4974882023
2021-01-17,584814.0299658575
2021-01-18,586368.8534056968
2021-01-19,588366.0155888709
2021-01-20,588971.7671538946
2021-01-21,577245.6543746381
2021-01-22,580686.5119016602
2021-01-23,579060.7438157843
2021-01-24,583324.3836669528
2021-01-25,584262.6524703932
2021-01-26,587690.2936397906
2021-01-27,580396.6080415267
2021-01-28,584935.3161614133
2021-01-29,587385.1723834032
2021-01-30,587137.1061860032
2021-01-31,584245.5902776102
2021-02-01,593222.0868795743
2021-02-02,597731.6579577657
2021-02-03,604575.267322196
2021-02-04,604898.1142297201
2021-02-05,610271.6079807915
2021-02-06,609823.519082494
2021-02-07,607995.9097461505
2021-02-08,620524.9789396625
2021-02-09,620396.6777578272
2021-02-10,614959.0407931071
2021-02-11,618657.8268044684
2021-02-12,621029.3743150034
2021-02-13,620060.2724645075
2021-02-14,620690.2922966566
2021-02-15,619627.8564008229
2021-02-16,621238.6195399801
2021-02-17,623605.8661512085
2021-02-18,623454.8880549758
2021-02-19,627149.4070238527
2021-02-20,626219.0304807378
2021-02-21,627401.8182109259
2021-02-22,619822.3943865139
2021-02-23,611526.555698592
2021-02-24,624943.6852680128
2021-02-25,614637.8146679495
2021-02-26,610355.1664628278
2021-02-27,610501.9439786645
2021-02-28,609332.0806622515
2021-03-01,622923.5950877969
2021-03-02,622728.9445328806
2021-03-03,620451.798534572
2021-03-04,611160.5170259263
2021-03-05,616074.1441062235
2021-03-06,617791.3536437321
2021-03-07,619775.4053729081
2021-03-08,621335.0998615199
2021-03-09,621513.183632125
2021-03-10,623346.5773502425
2021-03-11,627597.8028477014
2021-03-12,625616.7527287084
2021-03-13,629509.2542294468
2021-03-14,627657.0753573056
2021-03-15,625327.0185852662
2021-03-16,623694.4332956341
2021-03-17,624497.9255292192
2021-03-18,619692.5357685116
2021-03-19,620252.8113805456
2021-03-20,620167.4262135943
2021-03-21,619471.9370029933
2021-03-22,614615.3808711726
2021-03-23,613174.6270543969
2021-03-24,611036.0417484024
2021-03-25,611045.7320503038
2021-03-26,619983.5449553702
2021-03-27,620563.6356896558
2021-03-28,620185.7155850073
2021-03-29,619482.2058209002
2021-03-30,618399.6868015467
2021-03-31,619774.7343363161
2021-04-01,624270.2124709325
2021-04-02,627494.2549665333
2021-04-03,625005.5835501992
2021-04-04,626476.9635674477
2021-04-05,628165.5046036681
2021-04-06,627674.5575701694
2021-04-07,624643.5214150419
2021-04-08,628137.4184478321
2021-04-09,627998.5263885581
2021-04-10,629636.3017226458
2021-04-11,630141.1400660644
2021-04-12,628479.2458800445
2021-04-13,634331.2463590377
2021-04-14,638894.3055839564
2021-04-15,641287.0218761471
2021-04-16,639387.4205462909
2021-04-17,637710.1270600342
2021-04-18,634101.779123896
2021-04-19,633267.6837729497
2021-04-20,638734.6403889371
2021-04-21,642375.7200231298
2021-04-22,645933.9511065842
2021-04-23,647305.9246634593
2021-04-24,642720.0347562394
2021-04-25,643631.1721355236
2021-04-26,652023.9751914084
2021-04-27,656394.1846702769
2021-04-28,655334.6169479125
2021-04-29,656506.374121857
2021-04-30,661017.7522695096
2021-05-01,662905.5569655788
2021-05-02,662720.0470129172
2021-05-03,669649.503847413
2021-05-04,667195.0028434083
2021-05-05,673705.6352416625
2021-05-06,677881.3496397174
2021-05-07,682397.5757810922
2021-05-08,687231.6286711355
2021-05-09,687395.0705130349
2021-05-10,683087.9112450904
2021-05-11,689025.1784731454
2021-05-12,681080.0046704619
2021-05-13,674394.9393870537
2021-05-14,678545.10643138
2021-05-15,671831.4403311037
2021-05-16,671214.7391799464
2021-05-17,668137.3195951668
2021-05-18,669857.9216157395
2021-05-19,650571.9374809836
2021-05-20,653525.0159968359
2021-05-21,650049.1967104478
2021-05-22,649145.6230183125
2021-05-23,645705.6557769035
2021-05-24,654280.7830096106
2021-05-25,652862.5644697081
2021-05-26,656918.5353974757
2021-05-27,662254.0617453889
2021-05-28,658330.1070569934
2021-05-29,656312.0395960965
2021-05-30,657589.0677403907
2021-05-31,660840.5222171994
2021-06-01,666736.8111196024
2021-06-02,666955.8043747053
2021-06-03,663438.08856229
2021-06-04,665457.7502151739
2021-06-05,664527.6929759725
2021-06-06,665333.6569526859
2021-06-07,662392.5966505051
2021-06-08,664333.6404764345
2021-06-09,665539.5927387535
2021-06-10,663755.3931355949
2021-06-11,663871.9666390645
2021-06-12,663522.1384491792
2021-06-13,666928.7638679089
2021-06-14,665419.3630880396
2021-06-15,665408.7153583237
2021-06-16,661151.289717918
2021-06-17,651209.1093276424
2021-06-18,649977.1049051415
2021-06-19,649186.6228486327
2021-06-20,649732.2442848377
2021-06-21,650774.3537421388
2021-06-22,650466.3306429386
2021-06-23,653977.6556213722
2021-06-24,654591.6115573636
2021-06-25,652686.0947849739
2021-06-26,652834.063804283
2021-06-27,654216.1883767517
2021-06-28,654105.3432188232
2021-06-29,654540.318540449
2021-06-30,658082.7931376237
2021-07-01,658534.0480050961
2021-07-02,658858.4978630383
2021-07-03,659561.0699906666
2021-07-04,660444.0634902527
2021-07-05,659306.8039024165
2021-07-06,653768.191535081
2021-07-07,653058.4007979087
2021-07-08,649852.5326776359
2021-07-09,654564.0915370772
2021-07-10,654238.1858600893
2021-07-11,654499.1890865117
2021-07-12,655473.4078861987
2021-07-13,652815.6124112211
2021-07-14,651126.0340598135
2021-07-15,646454.9768170933
2021-07-16,644190.3069141955
2021-07-17,644353.1898846258
2021-07-18,644324.2819550913
2021-07-19,638083.184318146
2021-07-20,643735.1600471919
2021-07-21,648100.9417559352
2021-07-22,651212.6487488186
2021-07-23,652302.2017439536
2021-07-24,653180.4655064177
2021-07-25,653072.65781951
2021-07-26,655089.0055885967
2021-07-27,654660.1954851486
2021-07-28,655837.5840839912
2021-07-29,657807.1961049677
2021-07-30,655171.725022368
2021-07-31,655740.4377678966
2021-08-01,654986.6921920781
2021-08-02,653679.4112028348
2021-08-03,651923.0065960081
2021-08-04,654502.0629787139
2021-08-05,658761.4202739034
2021-08-06,661841.958811102
2021-08-07,665472.9081659082
2021-08-08,663651.3630023918
2021-08-09,665669.9172939681
2021-08-10,668957.0996620869
2021-08-11,667843.024520318
2021-08-12,668250.7617588717
2021-08-13,671618.9008933424
2021-08-14,670885.925130463
2021-08-15,671228.8214428079
2021-08-16,669084.0700156826
2021-08-17,666396.2421419391
2021-08-18,665618.9700087995
2021-08-19,663407.0094070247
2021-08-20,664949.7571762721
2021-08-21,664288.05034833
2021-08-22,664582.0567934901
2021-08-23,670373.3458850159
2021-08-24,669199.9519027238
2021-08-25,670768.5138875209
2021-08-26,673784.9949762089
2021-08-27,683034.8796505675
2021-08-28,682762.0714171762
2021-08-29,682593.2465672852
2021-08-30,681763.8376605266
2021-08-31,682676.1156916339
2021-09-01,690771.9760450495
2021-09-02,692027.4860320607
2021-09-03,694942.8926411241
2021-09-04,694486.0061011452
2021-09-05,695720.6143069884
2021-09-06,695878.3062255485
2021-09-07,686146.9075268023
2021-09-08,688145.0889832848
2021-09-09,684645.2804651608
2021-09-10,679623.179771915
2021-09-11,680245.1664522499
2021-09-12,681857.2552736243
2021-09-13,680949.7894334731
2021-09-14,680974.62047237
2021-09-15,687169.940028895
2021-09-16,684848.4144187204
2021-09-17,680114.6471903804
2021-09-18,680494.7039218427
2021-09-19,679814.986515902
2021-09-20,669945.5807947383
2021-09-21,666465.3663739823
2021-09-22,670881.1691385054
2021-09-23,677351.9350395361
2021-09-24,679569.3466311597
2021-09-25,679542.7572174256
2021-09-26,680138.277126097
2021-09-27,689800.0110306705
2021-09-28,689121.1135829375
2021-09-29,685211.3342389967
2021-09-30,689912.3466902496
2021-10-01,696825.1324103402
2021-10-02,696748.318839286
2021-10-03,697291.8302460087
2021-10-04,696892.8883997864
2021-10-05,705790.1956372205
2021-10-06,708943.8921591667
2021-10-07,709476.2386083743
2021-10-08,708081.7555625965
2021-10-09,708622.7465467479
2021-10-10,707873.7742250722
2021-10-11,709044.0520062431
2021-10-12,710033.2813740605
2021-10-13,709784.6761393098
2021-10-14,714367.128927658
2021-10-15,715726.586350634
2021-10-16,715243.1145410072
2021-10-17,715639.2192156983
2021-10-18,712953.6797660798
2021-10-19,716625.1918181413
2021-10-20,722797.1511735881
2021-10-21,713410.9009864673
2021-10-22,714136.960878589
2021-10-23,715357.4592683654
2021-10-24,714766.3956968904
2021-10-25,723728.608826465
2021-10-26,723199.4755584789
2021-10-27,721769.6640583178
2021-10-28,721706.6051985181
2021-10-29,720698.7486233203
2021-10-30,720310.6091245495
2021-10-31,720146.9119306842
2021-11-01,721842.1713332203
2021-11-02,723773.5472040774
2021-11-03,724625.6367642805
2021-11-04,723706.7404247373
2021-11-05,725994.7412210648
2021-11-06,726148.6875451255
2021-11-07,726579.8572239303
2021-11-08,727872.5406253643
2021-11-09,728898.816981239
2021-11-10,723521.5693241067
2021-11-11,727906.8160357628
2021-11-12,725792.9375059532
2021-11-13,725724.738850455
2021-11-14,725615.3861639559
2021-11-15,726345.0445364051
2021-11-16,726193.604938217
2021-11-17,725214.146187928
2021-11-18,720677.6345251699
2021-11-19,720960.1999023239
2021-11-20,721629.2122712593
2021-11-21,720788.9455889488
2021-11-22,720122.42243715
2021-11-23,726585.3692925328
2021-11-24,725471.6730771195
2021-11-25,725680.0145914617
2021-11-26,713729.5279481963
2021-11-27,714125.1125648732
2021-11-28,715309.0613898801
2021-11-29,715071.009316483
2021-11-30,709845.7028477893
2021-12-01,703864.3334572664
2021-12-02,706566.0679271098
2021-12-03,704634.8926008882
2021-12-04,704028.8462396867
2021-12-05,704500.7401208489
2021-12-06,705396.3359967776
2021-12-07,707851.997506147
2021-12-08,709398.5246372734
2021-12-09,704196.1236122261
2021-12-10,703485.4834604317
2021-12-11,705567.6142986171
2021-12-12,706064.7162304398
2021-12-13,701602.9663718878
2021-12-14,700560.5401311355
2021-12-15,700958.6445453881
2021-12-16,701819.9726005908
2021-12-17,697898.990912911
2021-12-18,698251.3086510289
2021-12-19,698085.6239902561
2021-12-20,692871.8863107001
2021-12-21,698151.9404209068
2021-12-22,702236.4941244847
2021-12-23,702672.696186845
2021-12-24,702412.7764197339
2021-12-25,702608.9006582658
2021-12-26,702496.5341466664
2021-12-27,706095.7184125956
2021-12-28,703171.5118543599
2021-12-29,703563.2722508134
2021-12-30,701082.0233456024
2021-12-31,699949.270189753
2022-01-01,700762.260378087
2022-01-02,701324.8524607508
2022-01-03,700896.3434355136
2022-01-04,702738.1048406574
2022-01-05,697053.3991723268
2022-01-06,696484.2560513036
2022-01-07,697679.264882185
2022-01-08,697679.264882185
2022-01-09,697679.264882185
2022-01-10,697033.0453751163
2022-01-11,700871.2440332081
2022-01-12,703297.0270990202
2022-01-13,696904.3298548767
2022-01-14,697936.2101839795
2022-01-15,697936.2101839795
2022-01-16,697936.2101839795
2022-01-17,697936.2101839795
2022-01-18,696157.6561502824
2022-01-19,696094.9872164375
2022-01-20,691780.1475427735
2022-01-21,688039.1967974768
2022-01-22,688039.1967974768
2022-01-23,688039.1967974768
2022-01-24,684223.938153361
2022-01-25,686054.1360908183
2022-01-26,686959.8939487395
2022-01-27,693471.2338089405
2022-01-28,688314.3742279019
2022-01-29,688314.3742279019
2022-01-30,688314.3742279019
2022-01-31,690864.3645175152
2022-02-01,690999.2031761435
2022-02-02,695332.2546173113
2022-02-03,690651.9816644258
2022-02-04,689847.2624825545
2022-02-05,689847.2624825545
2022-02-06,689847.2624825545
2022-02-07,688088.2881684283
2022-02-08,688512.7678046576
2022-02-09,692045.7202324388
2022-02-10,690637.8679737092
2022-02-11,691211.5780867653
2022-02-12,691211.5780867653
2022-02-13,691211.5780867653
2022-02-14,689356.6040603918
2022-02-15,686832.8127847761
2022-02-16,687614.8568750096
2022-02-17,685454.6646497841
2022-02-18,684942.1894570756
2022-02-19,684942.1894570756
2022-02-20,684942.1894570756
2022-02-21,684865.9627304203
2022-02-22,686113.5278755651
2022-02-23,687713.0597057298
2022-02-24,685934.4348377122
2022-02-25,682154.1419939317
2022-02-26,682154.1419939317
2022-02-27,682154.1419939317
2022-02-28,688521.1666106733
2022-03-01,696899.5347146066
2022-03-02,701163.8256789753
2022-03-03,717238.8570298093
2022-03-04,724846.5637875494
2022-03-05,724846.5637875494
2022-03-06,724846.5637875494
2022-03-07,727774.594554563
2022-03-08,721075.3384792372
2022-03-09,714519.9077011172
2022-03-10,709528.7442283919
2022-03-11,712596.0131140393
2022-03-12,712596.0131140393
2022-03-13,712596.0131140393
2022-03-14,708684.7075028572
2022-03-15,704481.9762204066
2022-03-16,702807.7238986911
2022-03-17,710965.2765657014
2022-03-18,710459.6833042523
2022-03-19,710459.6833042523
2022-03-20,710459.6833042523
2022-03-21,718503.2754500572
2022-03-22,718971.4379248744
2022-03-23,722783.7877886455
2022-03-24,721817.9358072747
2022-03-25,726899.8499056135
2022-03-26,726899.8499056135
2022-03-27,726899.8499056135
2022-03-28,720496.7395203152
2022-03-29,716880.40392702
2022-03-30,723163.1424786212
2022-03-31,718513.3284967833
2022-04-01,718039.5869099691
2022-04-02,718022.8483887573
2022-04-03,718312.5986214776
2022-04-04,722901.1749311308
2022-04-05,724701.381923872
2022-04-06,720713.8557827987
2022-04-07,722686.089391765
2022-04-08,724313.9388708344
2022-04-09,725021.6208054989
2022-04-10,724497.5882673428
2022-04-11,723896.3564228085
2022-04-12,727258.8266077819
2022-04-13,731104.858000115
2022-04-14,732298.3264849833
2022-04-15,732574.8117941836
2022-04-16,732574.8117941836
2022-04-17,732574.8117941836
2022-04-18,738993.4589064213
2022-04-19,732611.2232265865
2022-04-20,733637.5130833611
2022-04-21,731917.0575453962
2022-04-22,721684.3611234014
2022-04-23,721684.3611234014
2022-04-24,721684.3611234014
2022-04-25,732702.7652988699
2022-04-26,735677.9355798827
2022-04-27,740722.5578514196
2022-04-28,732466.8477596606
2022-04-29,733813.4973141336
2022-04-30,733813.4973141336
2022-05-01,733813.4973141336
2022-05-02,734773.0288218943
2022-05-03,735024.3659838792
2022-05-04,740716.4820476861
2022-05-05,743793.5964979992
2022-05-06,740116.1793190129
2022-05-07,740116.1793190129
2022-05-08,740116.1793190129
2022-05-09,730458.2681088347
2022-05-10,734713.4908226728
2022-05-11,740795.9280980106
2022-05-12,746599.1143319242
2022-05-13,746797.42044867
2022-05-14,746797.42044867
2022-05-15,746797.42044867
2022-05-16,759693.1569237902
2022-05-17,765320.8138685687
2022-05-18,759376.4935176603
2022-05-19,757095.8955281097
2022-05-20,753773.0547262558
2022-05-21,753773.0547262558
2022-05-22,753773.0547262558
2022-05-23,758796.0131154511
2022-05-24,755563.8020007061
2022-05-25,756755.0620517195
2022-05-26,755972.2215892619
2022-05-27,756978.1519422663
2022-05-28,756978.1519422663
2022-05-29,756978.1519422663
2022-05-30,757071.3146025777
2022-05-31,750808.0946166683
2022-06-01,751529.3278744782
2022-06-02,751561.5770551414
2022-06-03,750544.3775953102
2022-06-04,750544.3775953102
2022-06-05,750544.3775953102
2022-06-06,756067.5964069066
2022-06-07,756094.0583310117
2022-06-08,755011.3280406366
2022-06-09,755614.4871167816
2022-06-10,753517.220817963
2022-06-11,753517.220817963
2022-06-12,753517.220817963
2022-06-13,750451.0018729565
2022-06-14,744426.1379926594
2022-06-15,743719.8214752884
2022-06-16,743353.342487009
2022-06-17,735043.0086590128
2022-06-18,735043.0086590128
2022-06-19,735043.0086590128
2022-06-20,735503.418789292
2022-06-21,734093.8470564617
2022-06-22,731544.5167738989
2022-06-23,724606.9458154507
2022-06-24,716800.4124472385
2022-06-25,716800.4124472385
2022-06-26,716800.4124472385
2022-06-27,718845.6807977294
2022-06-28,721339.394719903
2022-06-29,723378.5417485015
2022-06-30,713032.834757555
2022-07-01,712083.7231801068
2022-07-02,712083.7231801068
2022-07-03,712083.7231801068
2022-07-04,711963.9040920349
2022-07-05,708614.9308912251
2022-07-06,707411.6593160131
2022-07-07,713565.8223590825
2022-07-08,717670.458802845
2022-07-09,717670.458802845
2022-07-10,717670.458802845
2022-07-11,717497.04347494
2022-07-12,710161.1549267425
2022-07-13,711588.5580315916
2022-07-14,710318.2381435278
2022-07-15,710708.9593363429
2022-07-16,710708.9593363429
2022-07-17,710708.9593363429
2022-07-18,713581.8862618294
2022-07-19,711884.4874524899
2022-07-20,714493.8848788808
2022-07-21,712899.2545939493
2022-07-22,712643.1338592633
2022-07-23,712643.1338592633
2022-07-24,712643.1338592633
2022-07-25,714453.471893027
2022-07-26,715575.5042701866
2022-07-27,714662.7327522739
2022-07-28,713435.5753039903
2022-07-29,714235.6930896281
2022-07-30,714235.6930896281
2022-07-31,714235.6930896281
2022-08-01,711481.2727313441
2022-08-02,709209.2610873698
2022-08-03,719102.7634438946
2022-08-04,716968.9513501709
2022-08-05,718129.6326742498
2022-08-06,718129.6326742498
2022-08-07,718129.6326742498
2022-08-08,717053.8597349451
2022-08-09,718871.9773276076
2022-08-10,720891.0009729919
2022-08-11,728235.543684403
2022-08-12,727976.3299611531
2022-08-13,727976.3299611531
2022-08-14,727976.3299611531
2022-08-15,724826.0338236789
2022-08-16,726198.8418524269
2022-08-17,726364.3088026138
2022-08-18,726625.8716217027
2022-08-19,727977.0953787437
2022-08-20,727977.0953787437
2022-08-21,727977.0953787437
2022-08-22,731772.9417650274
2022-08-23,731160.0536669209
2022-08-24,733993.484072499
2022-08-25,733996.5449769191
2022-08-26,734998.5482072751
2022-08-27,734998.5482072751
2022-08-28,734998.5482072751
2022-08-29,733455.8589022164
2022-08-30,731170.4615857133
2022-08-31,730848.0212986076
2022-09-01,729445.5776451876
2022-09-02,728848.2713807629
2022-09-03,728848.2713807629
2022-09-04,728848.2713807629
2022-09-05,728894.3085686684
2022-09-06,728323.4179183396
2022-09-07,726048.6861072517
2022-09-08,726354.1428328982
2022-09-09,727256.6640645079
2022-09-10,727256.6640645079
2022-09-11,727256.6640645079
2022-09-12,728955.6221398235
2022-09-13,729960.1660123762
2022-09-14,732476.5656767879
2022-09-15,728178.6060809235
2022-09-16,725514.6292668004
2022-09-17,725514.6292668004
2022-09-18,725514.6292668004
2022-09-19,725134.3064340547
2022-09-20,725243.2177397944
2022-09-21,725600.655842776
2022-09-22,721520.7064851813
2022-09-23,719472.4260782242
2022-09-24,719472.4260782242
2022-09-25,719472.4260782242
2022-09-26,720360.8944472012
2022-09-27,719873.740042032
2022-09-28,720304.6959447648
2022-09-29,719182.9638742249
2022-09-30,719345.3386249772
2022-10-01,719345.3386249772
2022-10-02,719345.3386249772
2022-10-03,717377.7852979174
2022-10-04,717933.6230341607
2022-10-05,718565.9879904744
2022-10-06,718890.3455905449
2022-10-07,718438.1132181124
2022-10-08,718438.1132181124
2022-10-09,718438.1132181124
2022-10-10,718439.5439188236
2022-10-11,718210.3014305325
2022-10-12,717636.3941708065
2022-10-13,718930.6919456217
2022-10-14,717505.5022219041
2022-10-15,717505.5022219041
2022-10-16,717505.5022219041
2022-10-17,715925.1813817619
2022-10-18,715371.039407729
2022-10-19,715563.2572368186
2022-10-20,715741.5142694644
2022-10-21,715949.8420001143
2022-10-22,715949.8420001143
2022-10-23,715949.8420001143
2022-10-24,715555.5406423416
2022-10-25,715370.7542732328
2022-10-26,715028.4111916875
2022-10-27,715415.6552242013
2022-10-28,714163.0172345515
2022-10-29,715841.1761999555
2022-10-30,715028.2552728356
2022-10-31,716110.0967300883
2022-11-01,717379.5597999969
2022-11-02,715301.5777321717
2022-11-03,715687.6821386334
2022-11-04,715947.3557338296
2022-11-05,716028.8702561511
2022-11-06,714804.580741222
2022-11-07,712755.6368753779
2022-11-08,705866.8825670746
2022-11-09,703751.2150427165
2022-11-10,704635.142991907
2022-11-11,704869.2948692633
2022-11-12,704869.2948692633
2022-11-13,704869.2948692633
2022-11-14,703941.829252138
2022-11-15,704181.0714249383
2022-11-16,703245.8478950189
2022-11-17,701792.4026743271
2022-11-18,702360.3404526364
2022-11-19,702360.3404526364
2022-11-20,702360.3404526364
2022-11-21,702396.5690545067
2022-11-22,705069.4924830175
2022-11-23,704535.5039546024
2022-11-24,704109.1869460725
2022-11-25,703332.6673266354
2022-11-26,703332.6673266354
2022-11-27,703332.6673266354
2022-11-28,701902.4071228403
2022-11-29,702316.4568418824
2022-11-30,705423.8143425013
2022-12-01,705787.2957916897
2022-12-02,703298.0063470637
2022-12-03,703298.0063470637
2022-12-04,703298.0063470637
2022-12-05,699191.5881207132
2022-12-06,697093.1293890813
2022-12-07,698074.5096869644
2022-12-08,698963.2968350996
2022-12-09,699300.5781198288
2022-12-10,699300.5781198288
2022-12-11,699300.5781198288
2022-12-12,699210.2665379256
2022-12-13,701286.6883027604
2022-12-14,700941.3330704776
2022-12-15,694182.7611707795
2022-12-16,692991.0044599677
2022-12-17,692991.0044599677
2022-12-18,692991.0044599677
2022-12-19,691870.6567235704
2022-12-20,693981.639178654
2022-12-21,695066.7143139873
2022-12-22,693105.4164173482
2022-12-23,694872.6109535974
2022-12-24,694872.6109535974
2022-12-25,694872.6109535974
2022-12-26,694872.6109535974
2022-12-27,694857.1342857712
2022-12-28,694419.7762662184
2022-12-29,696149.4648403213
2022-12-30,696243.5661370786
2022-12-31,696243.5661370786
2023-01-01,696243.5661370786
2023-01-02,696550.5032389394
2023-01-03,694781.9844404091
2023-01-04,694587.3615436037
2023-01-05,692939.1095562533
2023-01-06,696266.2878668131
2023-01-07,696266.2878668131
2023-01-08,696266.2878668131
2023-01-09,697884.1821947851
2023-01-10,698946.1520680654
2023-01-11,700806.383242121
2023-01-12,702952.1506903372
2023-01-13,705097.9238844833
2023-01-14,705097.9238844833
2023-01-15,705097.9238844833
2023-01-16,705026.3189988878
2023-01-17,703893.2286582328
2023-01-18,701470.6169979698
2023-01-19,700573.2427025881
2023-01-20,701921.8280367473
2023-01-21,701921.8280367473
2023-01-22,701921.8280367473
2023-01-23,701620.7130618002
2023-01-24,702038.5781422702
2023-01-25,702361.3810751392
2023-01-26,704833.9233198214
2023-01-27,704442.1897295811
2023-01-28,704442.1897295811
2023-01-29,704442.1897295811
2023-01-30,703931.612606844
2023-01-31,706131.8936950039
2023-02-01,702862.464820803
2023-02-02,704960.875668031
2023-02-03,699046.320202864
2023-02-04,699046.320202864
2023-02-05,699046.320202864
2023-02-06,696713.1276660105
2023-02-07,697486.053950808
2023-02-08,697303.6230352034
2023-02-09,695567.5726392213
2023-02-10,694617.9874126015
2023-02-11,694617.9874126015
2023-02-12,694617.9874126015
2023-02-13,695221.6668322047
2023-02-14,695492.8491056808
2023-02-15,695347.0663169059
2023-02-16,694746.3093199701
2023-02-17,693865.2365446689
2023-02-18,693865.2365446689
2023-02-19,693865.2365446689
2023-02-20,694028.9828567009
2023-02-21,691429.927971848
2023-02-22,690066.2518648321
2023-02-23,689745.305129776
2023-02-24,682985.1347335809
2023-02-25,682793.5393814091
2023-02-26,683624.5160220738
2023-02-27,684809.7018326276
2023-02-28,683672.0719973075
2023-03-01,684417.266786301
2023-03-02,684324.5567571002
2023-03-03,686022.7191912141
2023-03-04,685987.5894040458
2023-03-05,686002.3412517213
2023-03-06,686247.1967441071
2023-03-07,683840.8196516008
2023-03-08,681799.6898820023
2023-03-09,679172.4177325339
2023-03-10,678591.8164942883
2023-03-11,678990.0418220407
2023-03-12,679792.1466874086
2023-03-13,684037.8710592414
2023-03-14,685759.5695814538
2023-03-15,681577.3241886138
2023-03-16,683840.7951441983
2023-03-17,691623.221942282
2023-03-18,690201.9713676854
2023-03-19,693049.2483600605
2023-03-20,692711.4404636079
2023-03-21,693930.5905747511
2023-03-22,691768.0354048817
2023-03-23,695155.4786727153
2023-03-24,692354.15813094
2023-03-25,692293.9939403089
2023-03-26,693064.2765909742
2023-03-27,690467.5008657734
2023-03-28,692152.2539786866
2023-03-29,694438.5395151367
2023-03-30,695857.4120219279
2023-03-31,698020.4288177441
2023-04-01,697887.7358414673
2023-04-02,697526.8283896411
2023-04-03,695836.0003967987
2023-04-04,699743.1348439085
2023-04-05,700650.8397079795
2023-04-06,700709.6669098509
2023-04-07,700522.1684261105
2023-04-08,700425.3350190751
2023-04-09,700909.6609086235
2023-04-10,701954.5613265773
2023-04-11,703521.6528189
2023-04-12,704433.8143491334
2023-04-13,707542.4917200354
2023-04-14,707586.1404270696
2023-04-15,707339.6139228074
2023-04-16,707541.4109374188
2023-04-17,705072.7226960042
2023-04-18,706353.6821527872
2023-04-19,703468.2963264382
2023-04-20,701891.5846211044
2023-04-21,699920.3859825548
2023-04-22,700374.5811458218
2023-04-23,700184.6026492195
2023-04-24,698813.3962087384
2023-04-25,699757.8568443501
2023-04-26,697686.337039439
2023-04-27,700463.4534414597
2023-04-28,701483.6408893154
2023-04-29,701691.5125717324
2023-04-30,701107.4311026586
2023-05-01,697713.2494197797
2023-05-02,697238.6204301228
2023-05-03,697494.3506490148
2023-05-04,698133.4914973457
2023-05-05,703727.6632505733
2023-05-06,702628.3687581453
2023-05-07,702087.3847181707
2023-05-08,701235.5822470245
2023-05-09,703987.8079481318
2023-05-10,705450.1406870241
2023-05-11,699226.2831340387
2023-05-12,695926.0976074578
2023-05-13,695767.859664861
2023-05-14,695823.145978255
2023-05-15,697544.6850153354
2023-05-16,695947.429385158
2023-05-17,698141.2242314804
2023-05-18,698113.8288913004
2023-05-19,699685.995062009
2023-05-20,699884.6146423969
2023-05-21,699544.7071667907
2023-05-22,700736.4522639583
2023-05-23,698146.9305037028
2023-05-24,694444.1556579408
2023-05-25,695027.6526629042
2023-05-26,700313.4150326516
2023-05-27,700417.4168287822
2023-05-28,701741.1907125068
2023-05-29,701902.2073799602
2023-05-30,701918.8203852859
2023-05-31,697957.091567134
2023-06-01,699256.8961035684
2023-06-02,700459.8586712794
2023-06-03,700243.172162394
2023-06-04,700253.1381278443
2023-06-05,699657.6057043375
2023-06-06,703373.5275046057
2023-06-07,699614.1267377662
2023-06-08,700778.0683278067
2023-06-09,701514.5619134934
2023-06-10,700529.4255393136
2023-06-11,700581.7395563349
2023-06-12,701325.71437141
2023-06-13,701641.3780078405
2023-06-14,700807.6142346486
2023-06-15,702816.8909390575
2023-06-16,704807.6123210595
2023-06-17,705144.2741970194
2023-06-18,704832.8700333856
2023-06-19,705492.8640783809
2023-06-20,706757.9279991213
2023-06-21,709035.8970807956
2023-06-22,707972.5479634634
2023-06-23,705295.340591515
2023-06-24,704954.3294019791
2023-06-25,704980.6925257845
2023-06-26,702847.999702934
2023-06-27,707673.2237487215
2023-06-28,707535.7442283821
2023-06-29,708085.0504374744
2023-06-30,713682.583676235
2023-07-01,713810.5953750323
2023-07-02,713930.7642960208
2023-07-03,716466.6957364168
2023-07-04,714795.4491091041
2023-07-05,712406.1492940078
2023-07-06,706086.8845249137
2023-07-07,706278.5927962653
2023-07-08,706217.2197810702
2023-07-09,706124.441789377
2023-07-10,707534.1328769814
2023-07-11,709281.6421998048
2023-07-12,712234.8543911526
2023-07-13,718615.1364706041
2023-07-14,717386.9944003457
2023-07-15,717316.6667320211
2023-07-16,717241.4780176673
2023-07-17,719680.0706559281
2023-07-18,722769.4056611066
2023-07-19,723392.8279193342
2023-07-20,718476.4932904737
2023-07-21,717935.4521676826
2023-07-22,716694.3117620928
2023-07-23,717790.4662531669
2023-07-24,715879.1386599016
2023-07-25,716409.9528192095
2023-07-26,716590.7891123251
2023-07-27,714018.296086045
2023-07-28,715937.6211222266
2023-07-29,716003.6125053416
2023-07-30,715816.5719150535
2023-07-31,717463.6818832498
2023-08-01,717155.7822258677
2023-08-02,713266.7463336329
2023-08-03,712563.9948402536
2023-08-04,711517.56499199
2023-08-05,711558.9003697967
2023-08-06,711500.8299286878
2023-08-07,711781.7151108102
2023-08-08,709743.5718379096
2023-08-09,708148.8051765646
2023-08-10,709307.9686748295
2023-08-11,711111.3018817166
2023-08-12,711133.2762178002
2023-08-13,710998.1859579413
2023-08-14,710651.847316477
2023-08-15,707136.6838900866
2023-08-16,704651.3827703535
2023-08-17,698472.7150324149
2023-08-18,697871.0642684402
2023-08-19,697932.1159340574
2023-08-20,698045.313815687
2023-08-21,699125.52827171
2023-08-22,699371.7278524158
2023-08-23,702250.845836586
2023-08-24,701110.0887544911
2023-08-25,701273.8424896885
2023-08-26,701225.4039319856
2023-08-27,701312.2770814665
2023-08-28,702212.6126640115
2023-08-29,705170.0688511713
2023-08-30,705633.1747363205
2023-08-31,704055.4042924544
2023-09-01,705220.2211765973
2023-09-02,705220.2211765973
2023-09-03,705220.2211765973
2023-09-04,705087.3548331974
2023-09-05,704189.2386453024
2023-09-06,701931.3211057177
2023-09-07,700676.4993008742
2023-09-08,700715.9671226597
2023-09-09,700715.9671226597
2023-09-10,700715.9671226597
2023-09-11,701676.2919642574
2023-09-12,702676.5970688408
2023-09-13,701817.3462849889
2023-09-14,703827.5425546336
2023-09-15,703506.488258295
2023-09-16,703506.488258295
2023-09-17,703506.488258295
2023-09-18,704000.0008587488
2023-09-19,703252.4886875867
2023-09-20,700727.1328088663
2023-09-21,695865.6030310974
2023-09-22,696196.0977648355
2023-09-23,696196.0977648355
2023-09-24,696196.0977648355
2023-09-25,696011.493044402
2023-09-26,692794.2632123308
2023-09-27,695696.6222206724
2023-09-28,696308.9677656479
2023-09-29,692930.184334092
2023-09-30,692930.184334092
2023-10-01,692930.184334092
2023-10-02,692057.1022990469
2023-10-03,691152.1495722427
2023-10-04,689803.2338993509
2023-10-05,692581.1365126012
2023-10-06,697190.9444640336
2023-10-07,697190.9444640336
2023-10-08,697190.9444640336
2023-10-09,700381.7555201119
2023-10-10,700193.7746352194
2023-10-11,697607.7669432828
2023-10-12,697191.4940812103
2023-10-13,696747.051956584
2023-10-14,696747.051956584
2023-10-15,696747.051956584
2023-10-16,696996.449711429
2023-10-17,697633.1179041476
2023-10-18,696325.4006674428
2023-10-19,694263.8745074731
2023-10-20,693339.0238732627
2023-10-21,693666.5983253398
2023-10-22,693768.6963532234
2023-10-23,697174.5219901323
2023-10-24,699172.5172594178
2023-10-25,699869.5353446781
2023-10-26,697666.6581968997
2023-10-27,697127.647589657
2023-10-28,697356.3834035571
2023-10-29,698124.1212236568
2023-10-30,697486.8540871155
2023-10-31,699202.324771904
2023-11-01,701621.9334151576
2023-11-02,701285.8517728343
2023-11-03,702143.8548863197
2023-11-04,702816.7348361055
2023-11-05,703013.7611497972
2023-11-06,701594.4723490414
2023-11-07,701222.4091604612
2023-11-08,700440.9706519521
2023-11-09,702661.1516222353
2023-11-10,704445.432264135
2023-11-11,704012.8026567597
2023-11-12,703837.1398084224
2023-11-13,703898.6287322099
2023-11-14,704628.1127488713
2023-11-15,707209.8849565008
2023-11-16,705410.2818678289
2023-11-17,705510.4546161605
2023-11-18,705517.3093583488
2023-11-19,706349.5875483387
2023-11-20,707557.3952582846
2023-11-21,705455.4715624775
2023-11-22,710501.5948383594
2023-11-23,710662.3986383263
2023-11-24,711724.0752112672
2023-11-25,711845.7725850306
2023-11-26,711080.0614148848
2023-11-27,710217.7549183234
2023-11-28,711476.5070786695
2023-11-29,710678.8697431588
2023-11-30,711003.9640209682
2023-12-01,713397.6073781186
2023-12-02,714597.5246403904
2023-12-03,715161.3710509463
2023-12-04,713367.659265131
2023-12-05,714584.5354727086
2023-12-06,713605.9164584293
2023-12-07,715156.6073581316
2023-12-08,715901.6282692715
2023-12-09,715470.5382600222
2023-12-10,715606.3305097534
2023-12-11,715798.5902506311
2023-12-12,716648.0421125465
2023-12-13,723565.1391039136
2023-12-14,726350.6620327316
2023-12-15,723403.2981045223
2023-12-16,723660.4708721237
2023-12-17,722852.7971849922
2023-12-18,725729.5398933266
2023-12-19,726663.6367770171
2023-12-20,722446.6392754819
2023-12-21,727789.3369547494
2023-12-22,729319.6688423372
2023-12-23,729004.01941828
2023-12-24,728171.0185072571
2023-12-25,728622.9750074082
2023-12-26,730218.6051897784
2023-12-27,734713.658560805
2023-12-28,733931.1503490962
2023-12-29,727830.7044964397
2023-12-30,727787.0653808131
2023-12-31,727756.289572526
2024-01-01,729553.9955772213
2024-01-02,728695.6994251225
2024-01-03,721208.9537281082
2024-01-04,722328.0466898708
2024-01-05,722368.8305360447
2024-01-06,722017.7668563972
2024-01-07,721819.1203932547
2024-01-08,729402.3762084291
2024-01-09,727886.756292949
2024-01-10,731660.1913143413
2024-01-11,731085.6550584626
2024-01-12,728889.6277171463
2024-01-13,729357.547447245
2024-01-14,727773.8365261421
2024-01-15,728610.1422019592
2024-01-16,729543.917112535
2024-01-17,724510.5147119007
2024-01-18,724878.1976676711
2024-01-19,729128.1216618827
2024-01-20,728963.5696806976
2024-01-21,728778.7013462182
2024-01-22,728429.8591562394
2024-01-23,727843.2166891345
2024-01-24,728028.401183041
2024-01-25,728472.2697467813
2024-01-26,731314.4297003772
2024-01-27,731699.4967736027
2024-01-28,731504.8377440928
2024-01-29,735038.972508023
2024-01-30,734719.0843554735
2024-01-31,729755.7755944703
2024-02-01,732861.4501443646
2024-02-02,735602.5618496478
2024-02-03,735248.318979871
2024-02-04,734659.0479775192
2024-02-05,734196.3675677791
2024-02-06,736780.7813101735
2024-02-07,740400.2512909109
2024-02-08,742148.2759131347
2024-02-09,747654.3835662941
2024-02-10,748594.698239199
2024-02-11,749351.1413312207
2024-02-12,752836.5162992885
2024-02-13,747455.3287008879
2024-02-14,753600.8703675903
2024-02-15,756495.7541666392
2024-02-16,756389.8182191931
2024-02-17,755575.1026701664
2024-02-18,756819.407476986
2024-02-19,756658.1613255453
2024-02-20,756505.6731807152
2024-02-21,756201.2297998325
2024-02-22,762279.27357851
2024-02-23,761534.478354247
2024-02-24,762465.5813401574
2024-02-25,763348.7283606211
2024-02-26,764434.5093051377
2024-02-27,767334.9906425191
2024-02-28,770512.0340182369
2024-02-29,770688.8176897775
2024-03-01,774363.0435787966
2024-03-02,774049.8053320386
2024-03-03,775134.3776898483
2024-03-04,778933.3691694122
2024-03-05,772707.786443578
2024-03-06,776643.7798610139
2024-03-07,779612.9166437746
2024-03-08,778637.4479639465
2024-03-09,778901.5611568185
2024-03-10,778964.338048211
2024-03-11,781610.8161101565
2024-03-12,783198.4323157227
2024-03-13,784557.0895221615
2024-03-14,782097.1489760212
2024-03-15,777984.3969000189
2024-03-16,774319.8179679131
2024-03-17,778272.239987764
2024-03-18,778695.9838282599
2024-03-19,775979.2164582278
2024-03-20,790781.2343788762
2024-03-21,791125.7804120732
2024-03-22,787560.1146711921
2024-03-23,787697.5630062567
2024-03-24,789718.3402301997
2024-03-25,791044.7482038017
2024-03-26,790531.7566760808
2024-03-27,795188.158940126
2024-03-28,796369.4620005419
2024-03-29,796133.2998618423
2024-03-30,796005.7973341548
2024-03-31,797516.3735705216
2024-04-01,794054.5448523292
2024-04-02,787966.854839567
2024-04-03,791617.0640732024
2024-04-04,791022.9316348897
2024-04-05,795720.9838702042
2024-04-06,796372.2173457728
2024-04-07,797131.840358175
2024-04-08,799138.1973835349
2024-04-09,798580.4476474861
2024-04-10,795942.7749371007
2024-04-11,800215.638524869
2024-04-12,794859.5738104623
2024-04-13,790301.8329465683
2024-04-14,792447.3542534978
2024-04-15,790601.4859639981
2024-04-16,792272.9887079364
2024-04-17,793243.7856838066
2024-04-18,791094.1950298324
2024-04-19,789316.8021675663
2024-04-20,790124.4949165147
2024-04-21,790053.8288038898
2024-04-22,789880.8872128448
2024-04-23,792141.6082843936
2024-04-24,792907.4528065992
2024-04-25,793052.8502671544
2024-04-26,794348.125439188
2024-04-27,794877.8121226078
2024-04-28,794849.778727419
2024-04-29,797753.5515710455
2024-04-30,785710.0801084419
2024-05-01,783135.2378505273
2024-05-02,781074.8718180717
2024-05-03,786750.4686280084
2024-05-04,787102.6645679679
2024-05-05,787241.7565629444
2024-05-06,791571.982906593
2024-05-07,792119.4509139542
2024-05-08,790149.2417534578
2024-05-09,794838.4140129387
2024-05-10,795608.6823453734
2024-05-11,795612.330631969
2024-05-12,795996.0547766204
2024-05-13,798141.3507706659
2024-05-14,801693.0033540456
2024-05-15,807445.676948006
2024-05-16,804000.2236520227
2024-05-17,810138.2817829199
2024-05-18,810244.3640594664
2024-05-19,809815.3188463041
2024-05-20,814436.3488644671
2024-05-21,813873.6138209148
2024-05-22,804211.9853940783
2024-05-23,800963.6328742133
2024-05-24,801770.2829169162
2024-05-25,802083.9302375913
2024-05-26,802239.0995646667
2024-05-27,803155.350308582
2024-05-28,803653.5141985535
2024-05-29,800364.8780166125
2024-05-30,799100.3698793869
2024-05-31,797335.6894144315
2024-06-01,797649.2331598573
2024-06-02,797507.9973653964
2024-06-03,799442.929747662
2024-06-04,794521.9641570218
2024-06-05,798346.2799584889
2024-06-06,799473.2794078185
2024-06-07,795504.6386036363
2024-06-08,795505.3614876883
2024-06-09,795720.1172455326
2024-06-10,796448.8661183573
2024-06-11,793835.732835244
2024-06-12,796248.0040122502
2024-06-13,794193.213710059
2024-06-14,793320.6233891512
2024-06-15,793653.5321839582
2024-06-16,793934.3899191486
2024-06-17,795160.1946060699
2024-06-18,797182.1083656295
2024-06-19,797442.5202671317
2024-06-20,800446.10907677
2024-06-21,794866.3777593388
2024-06-22,794823.4363439914
2024-06-23,794344.5889579876
2024-06-24,793516.755752336
2024-06-25,793590.5498216052
2024-06-26,791872.1433303851
2024-06-27,794025.2209538099
2024-06-28,792739.9781429132
2024-06-29,792840.9235154766
2024-06-30,793511.8982231373
2024-07-01,795186.4782916697
2024-07-02,796183.605576722
2024-07-03,797650.6194108652
2024-07-04,795829.52595407
2024-07-05,796209.9939080841
2024-07-06,796604.5587426166
2024-07-07,795975.3053960148
2024-07-08,796423.0512011803
2024-07-09,800333.038949364
2024-07-10,801268.5604026661
2024-07-11,799879.6208080677
2024-07-12,800887.7735542733
2024-07-13,801081.2370074512
2024-07-14,801381.8619098316
2024-07-15,802791.7229137851
2024-07-16,803997.1168263843
2024-07-17,801244.124968065
2024-07-18,796628.7688312583
2024-07-19,792287.8159377477
2024-07-20,792675.0959243991
2024-07-21,793481.8960942244
2024-07-22,796419.6737062228
2024-07-23,793544.3688481661
2024-07-24,781131.2748216493
2024-07-25,777528.124605478
2024-07-26,782342.1082729766
2024-07-27,781933.7057404034
2024-07-28,782328.6823657644
2024-07-29,782021.8513456541
2024-07-30,782578.1554104576
2024-07-31,783381.1880774709
2024-08-01,780456.6633429644
2024-08-02,774943.4781319177
2024-08-03,774417.6077308869
2024-08-04,772711.183743431
2024-08-05,759677.3766644486
2024-08-06,761142.4557255094
2024-08-07,760460.8335819547
2024-08-08,763218.0400495726
2024-08-09,763157.486729529
2024-08-10,763157.486729529
2024-08-11,763157.486729529
2024-08-12,763646.0608855158
2024-08-13,766376.472551082
2024-08-14,767397.4842382646
2024-08-15,771970.8532599679
2024-08-16,772400.7571871735
2024-08-17,772400.7571871735
2024-08-18,772400.7571871735
2024-08-19,776125.4750509392
2024-08-20,775204.1769660697
2024-08-21,776107.0834436563
2024-08-22,772852.8233783344
2024-08-23,776846.4334223347
2024-08-24,776846.4334223347
2024-08-25,776846.4334223347
2024-08-26,776346.423890133
2024-08-27,777065.5040890266
2024-08-28,775190.0947576673
2024-08-29,776237.6625611763
2024-08-30,777356.9066419734
2024-08-31,777356.9066419734
2024-09-01,777356.9066419734
2024-09-02,777342.9683508476
2024-09-03,769784.718292552
2024-09-04,767103.3577374739
2024-09-05,766523.9436450846
2024-09-06,758693.6922721023
2024-09-07,758693.6922721023
2024-09-08,758693.6922721023
2024-09-09,763500.0699682373
2024-09-10,762603.175481526
2024-09-11,763238.179243779
2024-09-12,766029.733600445
2024-09-13,770021.0978885778
2024-09-14,770021.0978885778
2024-09-15,770021.0978885778
2024-09-16,771784.9508963217
2024-09-17,772341.840648761
2024-09-18,771009.5909011315
2024-09-19,775667.7314181948
2024-09-20,773824.5829318757
2024-09-21,773824.5829318757
2024-09-22,773824.5829318757
2024-09-23,776570.7508947364
2024-09-24,778127.8806164977
2024-09-25,776260.64207899
2024-09-26,779151.245472661
2024-09-27,779035.8280446089
2024-09-28,779035.8280446089
2024-09-29,779035.8280446089
2024-09-30,779263.5493231497
2024-10-01,776194.5452201276
2024-10-02,775239.2068246971
2024-10-03,773790.6856146309
2024-10-04,778671.3713658615
2024-10-05,778671.3713658615
2024-10-06,778671.3713658615
2024-10-07,771186.5406119551
2024-10-08,771789.1512721991
2024-10-09,771895.0922379753
2024-10-10,772636.1598517706
2024-10-11,779552.2927521738
2024-10-12,779552.2927521738
2024-10-13,779552.2927521738
2024-10-14,780964.1562658697
2024-10-15,777497.1550342939
2024-10-16,781879.7907074196
2024-10-17,781702.3339650081
2024-10-18,786815.7343637953
2024-10-19,786775.1476364821
2024-10-20,787115.9859386702
2024-10-21,784442.7042416178
2024-10-22,786516.2178113817
2024-10-23,782025.9878562328
2024-10-24,782193.5270309215
2024-10-25,781216.2573079861
2024-10-26,781280.1302813607
2024-10-27,781437.0501403381
2024-10-28,784262.2802587915
2024-10-29,784847.106706621
2024-10-30,784635.8609906086
2024-10-31,777736.350593836
2024-11-01,779223.4570184834
2024-11-02,779190.310146189
2024-11-03,779096.2619781402
2024-11-04,777752.107556503
2024-11-05,784723.652259292
2024-11-06,795501.3766700455
2024-11-07,798790.8920588325
2024-11-08,799000.4306929716
2024-11-09,799267.5857161344
2024-11-10,803748.4204633964
2024-11-11,814205.4671635722
2024-11-12,810611.174559999
2024-11-13,813565.1573344709
2024-11-14,808183.9208387297
2024-11-15,803895.3931493935
2024-11-16,803731.8444284212
2024-11-17,803502.2055494698
2024-11-18,806571.512147376
2024-11-19,807877.1314888566
2024-11-20,810085.9453053247
2024-11-21,815330.8061860494
2024-11-22,820203.821406512
2024-11-23,819810.560798262
2024-11-24,819886.7840084226
2024-11-25,816544.3365884719
2024-11-26,816200.8910947884
2024-11-27,817874.3650973311
2024-11-28,817889.8597955799
2024-11-29,819754.6192720798
2024-11-30,819428.3576495948
2024-12-01,819696.0565242924
2024-12-02,817510.3346872414
2024-12-03,816570.7856227701
2024-12-04,821149.5306192373
2024-12-05,821348.8040726084
2024-12-06,827451.0001404532
2024-12-07,827451.8460300267
2024-12-08,827874.8487198844
2024-12-09,825380.3134983066
2024-12-10,828229.269400608
2024-12-11,832235.6574878601
2024-12-12,832282.3015989347
2024-12-13,827663.3969293277
2024-12-14,827635.5908271306
2024-12-15,828578.3876247886
2024-12-16,828812.0865914493
2024-12-17,827399.0332511005
2024-12-18,819226.7112380774
2024-12-19,816885.1338770757
2024-12-20,821221.982700574
2024-12-21,820778.3633082396
2024-12-22,819131.4129337391
2024-12-23,821201.9141166942
2024-12-24,828397.9664078008
2024-12-25,828691.8690448124
2024-12-26,826241.8864950881
2024-12-27,821804.3822571428
2024-12-28,822065.3411091489
2024-12-29,821638.6150952892
2024-12-30,820973.2149308611
