Date,Asset_1,Asset_2,Equity,Score_1
2020-05-10,AAPL,NVDA,1.0230356174631643,9.20799199545319
2020-05-11,AAPL,NVDA,1.0005102612223706,10.21095083386693
2020-05-12,AAPL,NVDA,0.9930274846242579,9.308164407856212
2020-05-13,BTC,AAPL,1.0198951881728116,9.047725910910126
2020-05-14,BTC,ETH,0.9792605801895073,10.635062582923219
2020-05-15,BTC,NVDA,0.9808410949316525,10.04902370681366
2020-05-16,BTC,NVDA,0.9962030286667224,8.214360478584894
2020-05-17,BTC,NVDA,1.014302147800334,9.356709548563087
2020-05-18,BTC,NVDA,1.0176327877027103,8.784978581291657
2020-05-19,BTC,NVDA,1.016361831813741,9.153389296122555
2020-05-20,AAPL,BTC,0.9880389681497566,10.244439664289613
2020-05-21,AAPL,NVDA,1.004344608734955,13.27397783863444
2020-05-22,NVDA,AAPL,1.004344608734955,12.336774474569937
2020-05-23,NVDA,AAPL,1.004344608734955,12.872627876054413
2020-05-24,NVDA,AAPL,1.004344608734955,11.744386409930849
2020-05-25,NVDA,AAPL,0.983779770446472,11.744386409930849
2020-05-26,AAPL,NVDA,0.9750612689933812,9.826219816424299
2020-05-27,USO,AAPL,0.9748849711694327,12.261837729213534
2020-05-28,USO,AAPL,0.9909632963394748,13.76177255317709
2020-05-29,USO,AAPL,0.9909632963394748,13.131491877856751
2020-05-30,USO,NVDA,0.9899723330431353,11.027326846177273
2020-05-31,NVDA,USO,0.9926131345752848,11.909659371102872
2020-06-01,USO,AAPL,1.0099890096328088,12.296865350350352
2020-06-02,USO,AAPL,1.0137017151932328,13.654227025629785
2020-06-03,USO,AAPL,1.016438455732351,12.05764454506631
2020-06-04,USO,EFA,1.0494548925347362,10.1955282105695
2020-06-05,USO,EFA,1.0494548925347362,14.101247729808534
2020-06-06,USO,EFA,1.0494548925347362,15.313353530346161
2020-06-07,USO,EFA,1.0471913591250173,13.285563366663837
2020-06-08,USO,EFA,1.0413110484623014,12.188270389434422
2020-06-09,USO,AAPL,1.0538344945456875,12.286053345093581
2020-06-10,USO,AAPL,0.9901719623462065,13.174075049895201
2020-06-11,USO,AMZN,0.9879931814719897,8.580679598568588
2020-06-12,USO,AAPL,0.9870051882905176,9.567388779433786
2020-06-13,USO,EFA,0.9860181831022271,8.013977933557957
2020-06-14,AAPL,EFA,0.9931440941116755,7.046457427618878
2020-06-15,AAPL,USO,1.0174332742473355,7.952297429730529
2020-06-16,AAPL,USO,1.0100995186148634,9.624261879552417
2020-06-17,AAPL,AMZN,1.011774027390993,7.976070665459521
2020-06-18,AAPL,AMZN,1.0128916306099394,8.507853961388196
2020-06-19,AAPL,AMZN,1.0128916306099394,6.685767801202405
2020-06-20,AMZN,AAPL,1.0128916306099394,8.313075672587821
2020-06-21,AMZN,AAPL,1.03348972197342,8.756853094137336
2020-06-22,AMZN,AAPL,1.054152595831261,10.030478853652662
2020-06-23,AMZN,AAPL,1.039126727891873,11.55702045578144
2020-06-24,AMZN,AAPL,1.0498586239406782,10.231832700492907
2020-06-25,AMZN,AAPL,1.0219699850874902,11.649148364732264
2020-06-26,AMZN,AAPL,1.0219699850874902,9.248208628870847
2020-06-27,AMZN,AAPL,1.0219699850874902,9.635440327837546
2020-06-28,AMZN,SOL,1.0530760978003761,8.287803123858183
2020-06-29,AAPL,SOL,1.061128443693577,8.026356968257362
2020-06-30,AMZN,SOL,1.0661817592891005,9.73712140823422
2020-07-01,AMZN,SOL,1.0347665959516332,10.945516988251297
2020-07-02,AMZN,AAPL,1.0337318293556816,11.231632574066353
2020-07-03,AMZN,GLD,1.032698097526326,11.027313338381928
2020-07-04,AMZN,MSFT,1.0316653994287996,11.701926330611318
2020-07-05,GLD,AMZN,1.0634482327937127,11.64857280522307
2020-07-06,AMZN,GLD,1.0569031815863095,13.05682859904896
2020-07-07,GLD,AMZN,1.0744515528528407,14.070174013904344
2020-07-08,GLD,AMZN,1.0906998341682088,13.656926247589533
2020-07-09,AMZN,GLD,1.092261636541292,11.966554750386887
2020-07-10,AMZN,GLD,1.092261636541292,11.234424292187445
2020-07-11,AMZN,QQQ,1.0911693749047509,14.757895656779084
2020-07-12,AMZN,SOL,1.1589730980369166,15.226234469381767
2020-07-13,SOL,AMZN,1.1416069136063431,15.207309635655196
2020-07-14,SOL,GLD,1.211260350938154,15.709255893877733
2020-07-15,SOL,GLD,1.0096278896569948,20.131933300551275
2020-07-16,GLD,TLT,1.0117167483781075,9.533542531054673
2020-07-17,GLD,AAPL,1.0107050316297295,10.628886633969582
2020-07-18,GLD,AAPL,1.0107050316297295,11.202074686190368
2020-07-19,GLD,AAPL,1.023790602205276,9.378303566591413
2020-07-20,GLD,AAPL,1.0228945557599296,10.518383880994204
2020-07-21,GLD,AAPL,1.0321064840697494,12.311098857379507
2020-07-22,GLD,XLV,1.0333060309923408,12.744383328977825
2020-07-23,GLD,TLT,1.0366702859703958,12.783305717717681
2020-07-24,GLD,XLV,1.0356336156844255,15.281478702077646
2020-07-25,GLD,ETH,1.044103027799292,15.445495273060526
2020-07-26,GLD,ETH,1.0744288565488291,14.476636887051377
2020-07-27,ETH,GLD,1.0707945876900384,16.23054338033408
2020-07-28,GLD,ETH,1.077408574173832,17.269818456421298
2020-07-29,GLD,ETH,1.1011803964463862,18.47893369086185
2020-07-30,ETH,GLD,1.1242329091865415,16.845255512702774
2020-07-31,GLD,ETH,1.1887238211893676,18.068446869103454
2020-08-01,ETH,GLD,1.1663071875894306,20.16051868705616
2020-08-02,ETH,GLD,1.191546974500097,18.621985087679466
2020-08-03,ETH,GLD,1.2097455217625932,19.65984163455854
2020-08-04,ETH,GLD,1.2335360879843569,20.561001165980528
2020-08-05,GLD,ETH,1.2315427710438764,19.714494857010024
2020-08-06,GLD,ETH,1.1976749070680295,20.318671086691047
2020-08-07,ETH,GLD,1.2205144062886022,15.208771901253304
2020-08-08,ETH,SOL,1.2620799532228786,17.65425977570754
2020-08-09,ETH,GLD,1.2663209722565032,17.717618617056225
2020-08-10,SOL,ETH,1.2749472706856917,19.13424863495554
2020-08-11,SOL,ETH,1.3827685804698535,18.079859806111706
2020-08-12,SOL,ETH,1.4469311831169276,17.797067702127972
2020-08-13,ETH,SOL,1.3947795975875652,20.23673748662509
2020-08-14,ETH,SOL,1.3421885290372073,21.715427939007718
2020-08-15,SOL,ETH,1.3854055865704549,24.7507334144265
2020-08-16,SOL,ETH,1.3198810394098663,23.180817633612058
2020-08-17,ETH,SOL,1.3601513329185972,21.472163624254794
2020-08-18,SOL,ETH,1.244523745814209,24.438904259317038
2020-08-19,SOL,ETH,1.3261697105546872,20.990949004167557
2020-08-20,SOL,ETH,1.227991953512435,20.70338170506563
2020-08-21,SOL,ETH,1.2546839516583874,16.152428731059317
2020-08-22,SOL,AAPL,1.3159879863891744,16.692032169414574
2020-08-23,SOL,AAPL,1.3283246913265394,20.961804995205252
2020-08-24,SOL,AAPL,1.3069646712948848,16.021752475255095
2020-08-25,SPY,AAPL,1.321080668394116,14.281584333473772
2020-08-26,SPY,AAPL,1.31462865101527,14.525517219300344
2020-08-27,SPY,XLK,1.3233104526749584,17.204749296012967
2020-08-28,SPY,XLK,1.3233104526749584,16.91250491584208
2020-08-29,SPY,XLK,1.3233104526749584,18.20877679402134
2020-08-30,SOL,SPY,1.3711843376680417,19.611179447895367
2020-08-31,SOL,SPY,1.314913756415323,22.244891939781947
2020-09-01,SPY,SOL,1.2971771285769145,16.98970751502994
2020-09-02,SPY,NVDA,1.2134688250764323,17.161873796300295
2020-09-03,SOL,DBA,1.2187317946003866,8.528453182165897
2020-09-04,SOL,DBA,1.0558332728900912,9.964718925129478
2020-09-05,DBA,XLF,1.0547774396172012,7.066299519627837
2020-09-06,DBA,NVDA,1.053722662177584,9.570837335716933
2020-09-07,DBA,NVDA,1.0212507421936052,9.570837335716933
2020-09-08,DBA,NVDA,1.0538863933552551,8.352626398256366
2020-09-09,DBA,NVDA,1.0407787420817605,7.932115796993127
2020-09-10,DBA,NVDA,1.039504257561209,9.640809541009334
2020-09-11,DBA,NVDA,1.039504257561209,9.738098329014203
2020-09-12,DBA,NVDA,1.039504257561209,7.7269638077235685
2020-09-13,DBA,NVDA,1.0644978713721096,8.540969515608918
2020-09-14,DBA,NVDA,1.0708552583587725,6.031138844854711
2020-09-15,DBA,NVDA,1.0501271072934326,6.529946590492698
2020-09-16,DBA,UUP,1.053259265772392,4.934479547150251
2020-09-17,DBA,UUP,1.0570723314432577,6.820300382527562
2020-09-18,DBA,GLD,1.0560152591118144,7.099254649587007
2020-09-19,DBA,XLF,1.0549592438527025,8.121470360080405
2020-09-20,DBA,XLF,1.0325874986336747,8.403279387414006
2020-09-21,DBA,UUP,1.0316384085311878,4.487663006427184
2020-09-22,DBA,UUP,1.032725701243651,3.9387343440092564
2020-09-23,UUP,DBA,1.0319163803425009,4.059238277420451
2020-09-24,UUP,DBA,1.0336867105067855,4.871645108860405
2020-09-25,UUP,DBA,1.0336867105067855,6.245514009249551
2020-09-26,UUP,TLT,1.0326530237962788,5.822818798311055
2020-09-27,UUP,TLT,1.029566468092054,10.43874660423823
2020-09-28,UUP,TLT,1.0277351014736071,8.713000657450305
2020-09-29,UUP,TLT,1.0228096672437708,6.2990459951518
2020-09-30,UUP,TLT,1.0228464444839667,6.803943552307626
2020-10-01,UUP,SHV,1.0229885580273608,5.401464942361858
2020-10-02,UUP,CASH,1.0219655694693335,5.009812605238172
2020-10-03,UUP,BTC,1.026762573772163,4.853835587990175
2020-10-04,UUP,NVDA,1.0462946011207044,4.253819108104752
2020-10-05,BTC,NVDA,1.0397009690084469,3.475765515592682
2020-10-06,UUP,NVDA,1.046647189183169,3.4177507412399124
2020-10-07,NVDA,IWM,1.0468566370831551,3.7542650777470947
2020-10-08,NVDA,IWM,1.0466987176581295,6.197212950749753
2020-10-09,IWM,BTC,1.0566100873299284,5.278136167702729
2020-10-10,EEM,IWM,1.0555534772425985,6.630549340687936
2020-10-11,IWM,NVDA,1.0757770845455479,7.021990645253164
2020-10-12,IWM,NVDA,1.0730387565721744,7.563042119880521
2020-10-13,NVDA,IWM,1.0619683858792477,7.494516990927876
2020-10-14,MSFT,NVDA,1.0533108326304839,4.794024906905317
2020-10-15,IWM,BTC,1.043036150817861,4.9403679609917805
2020-10-16,NVDA,MSFT,1.0419931146670431,5.270519964246942
2020-10-17,MSFT,NVDA,1.0419931146670431,5.540910731754609
2020-10-18,NVDA,MSFT,1.0172551663460077,6.991441115903312
2020-10-19,NVDA,XLK,1.0235520975084265,5.46122438147107
2020-10-20,NVDA,BTC,1.0569337776841188,6.06782195927367
2020-10-21,BTC,IWM,1.0708404068036401,11.321968945887772
2020-10-22,BTC,IWM,1.072526093445487,11.546152712513427
2020-10-23,BTC,IWM,1.0798464128563632,13.83878108700377
2020-10-24,IWM,BTC,1.0766793560730472,13.176338901667984
2020-10-25,BTC,EEM,1.0704553122131129,12.700699294574461
2020-10-26,BTC,EEM,1.0964963453738763,12.550004651675051
2020-10-27,BTC,EEM,1.0673907915974465,14.429206993592619
2020-10-28,BTC,EEM,1.0794546812811625,12.263698939698072
2020-10-29,BTC,EEM,1.077730966458094,12.260788640078752
2020-10-30,BTC,ETH,1.091272892346905,13.235260202596404
2020-10-31,BTC,ETH,1.103321726088231,15.73625276911204
2020-11-01,BTC,ETH,1.0774532624955302,15.816305636815805
2020-11-02,BTC,ETH,1.0995989410190201,14.790804150677646
2020-11-03,BTC,EEM,1.1229900985678356,15.682386694063053
2020-11-04,BTC,EEM,1.190017270638292,15.77745209723327
2020-11-05,BTC,ETH,1.2466521726404143,18.508700490383262
2020-11-06,BTC,ETH,1.1912810813528012,18.03554456336489
2020-11-07,BTC,ETH,1.2416037110871785,12.997890245022413
2020-11-08,BTC,ETH,1.2228433345575516,14.120434000320392
2020-11-09,BTC,ETH,1.2287858124359208,12.553974874432585
2020-11-10,BTC,ETH,1.263422894862808,12.015971317875364
2020-11-11,BTC,ETH,1.2838890450629423,12.497763775609737
2020-11-12,BTC,ETH,1.3044917331532848,14.750056178347332
2020-11-13,BTC,ETH,1.27461790572665,14.87550204363883
2020-11-14,BTC,ETH,1.252715574990253,13.636502364706889
2020-11-15,BTC,ETH,1.2998984257602737,14.134541001056958
2020-11-16,BTC,ETH,1.364886414259466,15.924659214907189
2020-11-17,BTC,ETH,1.3697757828331114,17.534862725227256
2020-11-18,BTC,ETH,1.3590610811308639,16.879491943986494
2020-11-19,BTC,ETH,1.444648893228967,16.13675914015856
2020-11-20,BTC,ETH,1.5017760902090636,15.592529213838308
2020-11-21,BTC,ETH,1.5025377771713597,15.058125368872458
2020-11-22,BTC,ETH,1.5701265857797306,14.319503444443304
2020-11-23,BTC,ETH,1.596025640356972,13.612792253286134
2020-11-24,BTC,ETH,1.5364632120872364,15.691208811209377
2020-11-25,BTC,ETH,1.4017578457733668,14.291498175959248
2020-11-26,IWM,EFA,1.4081479286857153,10.863223810926906
2020-11-27,EFA,IWM,1.4081479286857153,17.335557932052236
2020-11-28,EFA,DBA,1.4067397807570294,16.6870957932234
2020-11-29,EFA,IWM,1.377279846657312,17.57077887030037
2020-11-30,IWM,DBA,1.374770947209449,13.586371156474373
2020-12-01,EFA,IWM,1.3742061020142264,15.089392859568934
2020-12-02,EFA,IWM,1.3792241892518649,13.838381227228359
2020-12-03,ETH,EFA,1.330787591387516,12.905054587086441
2020-12-04,IWM,EFA,1.3294568037961285,13.382736857436699
2020-12-05,IWM,EFA,1.3294568037961285,11.531873892825608
2020-12-06,IWM,USO,1.3253960008954986,12.459132559748506
2020-12-07,IWM,USO,1.3341204032270344,12.562605360043822
2020-12-08,IWM,USO,1.3277740276122139,13.730590147635644
2020-12-09,IWM,USO,1.3504994639945804,10.85895570566552
2020-12-10,IWM,USO,1.3436053922722375,10.240928383276376
2020-12-11,IWM,USO,1.3436053922722375,9.681872678489142
2020-12-12,IWM,USO,1.3436053922722375,11.962056725585859
2020-12-13,USO,IWM,1.3492292279349976,12.181339079213434
2020-12-14,USO,IWM,1.373859851457773,12.938049164083047
2020-12-15,USO,IWM,1.3756119997849616,14.076965536001982
2020-12-16,USO,IWM,1.3926260528619931,12.95163488604618
2020-12-17,USO,IWM,1.3959757478194579,13.97155227298502
2020-12-18,USO,IWM,1.3959757478194579,14.472613370736108
2020-12-19,USO,IWM,1.3959757478194579,14.095023004383577
2020-12-20,USO,IWM,1.3781060055731529,13.395287211853692
2020-12-21,IWM,XLK,1.3905207266511859,11.05995928141201
2020-12-22,IWM,XLK,1.391162036741917,12.283230552400166
2020-12-23,IWM,AAPL,1.3946763341692343,11.569185024580744
2020-12-24,AAPL,IWM,1.3946763341692343,10.516010240216186
2020-12-25,IWM,AAPL,1.3946763341692343,10.238274357757476
2020-12-26,BTC,IWM,1.388940546023523,15.161023801897883
2020-12-27,BTC,IWM,1.4078358845811387,14.968326733314095
2020-12-28,BTC,AAPL,1.404273092142618,14.808971735065683
2020-12-29,BTC,AAPL,1.4362256473428834,14.17426434356542
2020-12-30,BTC,IWM,1.437509887161135,13.685277634171198
2020-12-31,BTC,DBA,1.4452931886354659,16.574662160140463
2021-01-01,BTC,DBA,1.5130238017473938,16.199265501181436
2021-01-02,BTC,DBA,1.5284415648229328,18.25081855631658
2021-01-03,BTC,DBA,1.5081357113941096,22.055820153626218
2021-01-04,BTC,DBA,1.5600029278553171,19.085011886290346
2021-01-05,BTC,DBA,1.621614936897589,21.03932259195307
2021-01-06,BTC,ETH,1.6884687453236369,24.5593860095832
2021-01-07,BTC,ETH,1.7180385807135554,31.868208486909392
2021-01-08,BTC,ETH,1.746516850950665,33.3020918901756
2021-01-09,BTC,ETH,1.6925044355999215,33.52658536890559
2021-01-10,BTC,ETH,1.5155713843235932,29.745295381076932
2021-01-11,BTC,ETH,1.4480809096077472,21.360562273901007
2021-01-12,BTC,ETH,1.5810893914548472,17.72213390978158
2021-01-13,BTC,ETH,1.682049813939473,20.484845174259604
2021-01-14,BTC,ETH,1.5991803372648916,22.133639232362952
2021-01-15,BTC,DBA,1.5835419627595366,15.688147199881438
2021-01-16,ETH,BTC,1.571342290430177,13.359967452144732
2021-01-17,ETH,DBA,1.5870661895256306,12.745006909862285
2021-01-18,ETH,DBA,1.6608979307643634,13.169379935683587
2021-01-19,ETH,BTC,1.6502281906989296,16.722151580253332
2021-01-20,ETH,XLV,1.4892180831227284,18.6175168933045
2021-01-21,EEM,XLV,1.479049680720168,13.580502540292388
2021-01-22,ETH,SOL,1.5091292307430788,14.402666168135806
2021-01-23,ETH,SOL,1.63564248522218,13.020071504310438
2021-01-24,ETH,SOL,1.6109082057183128,15.25804509641529
2021-01-25,SOL,ETH,1.7063797525247353,14.67672669297906
2021-01-26,SOL,ETH,1.5658691361472996,17.249256749260507
2021-01-27,SOL,ETH,1.643309045573578,11.727906664067516
2021-01-28,SOL,ETH,1.6768689934795489,10.541720038829071
2021-01-29,SOL,ETH,1.7581675194581243,12.498084118733793
2021-01-30,SOL,ETH,1.7274138166366335,14.97499034537545
2021-01-31,SOL,ETH,1.8332956458160599,11.411119613076279
2021-02-01,SOL,ETH,2.0615276756644443,13.591137788021125
2021-02-02,SOL,USO,2.1644781840654193,12.761168940586447
2021-02-03,SOL,USO,2.3096157625064984,11.718729776961467
2021-02-04,SOL,USO,2.3671647080038114,18.399023003265093
2021-02-05,SOL,USO,2.266034702113013,23.71770019712109
2021-02-06,SOL,USO,2.375364017403768,15.65351485391465
2021-02-07,SOL,MSFT,2.5837552544373183,13.270078732195826
2021-02-08,SOL,USO,2.5779144796401128,15.487407150001147
2021-02-09,SOL,USO,2.7885480649593086,14.579056473170542
2021-02-10,SOL,USO,2.7995427846226755,22.477001228717103
2021-02-11,SOL,MSFT,2.80440721414018,18.849755849453217
2021-02-12,SOL,USO,2.7236541684300857,19.989256953547113
2021-02-13,SOL,MSFT,2.721934002368232,20.502003331913308
2021-02-14,SOL,USO,2.7383240694352384,20.850260897582867
2021-02-15,SOL,USO,2.6686874228643176,19.400626400027534
2021-02-16,USO,SOL,2.671094858120851,14.838890434733482
2021-02-17,USO,SOL,2.773941813996059,16.0722085503754
2021-02-18,SOL,USO,3.1374440162025015,17.99889605097113
2021-02-19,SOL,BTC,2.940269053974317,22.433820958261418
2021-02-20,SOL,BTC,3.1371676609931614,26.882996564582776
2021-02-21,SOL,BTC,3.5230647759395723,26.60619016766498
2021-02-22,SOL,USO,3.6249479728424774,31.55723969667848
2021-02-23,SOL,USO,3.9137920954178065,32.15268621663764
2021-02-24,SOL,USO,3.5176133459592234,36.786472201374366
2021-02-25,SOL,USO,3.440943195102133,21.89643640198072
2021-02-26,SOL,USO,3.391970937924337,24.844589244735616
2021-02-27,SOL,USO,3.377592140890575,22.541537235006366
2021-02-28,SOL,XLE,3.6585706192194776,22.13123262177308
2021-03-01,SOL,XLE,3.5266661072052696,23.093218034100502
2021-03-02,SOL,XLE,3.572298404973156,20.335445320440808
2021-03-03,SOL,XLE,3.4861710682808145,18.438382084289305
2021-03-04,XLE,SOL,3.486518200316467,15.249789101709228
2021-03-05,XLE,USO,3.4830316821161507,15.164517270908897
2021-03-06,XLE,USO,3.4830316821161507,14.341764264488035
2021-03-07,XLE,USO,3.449483587565758,13.701680110756078
2021-03-08,XLE,SOL,3.573424373925015,13.852153133759895
2021-03-09,XLE,SOL,3.544634575116258,12.25534361272459
2021-03-10,XLE,XLF,3.5366226468124995,11.745383114228062
2021-03-11,XLE,SOL,3.3776400424677346,12.695637546835632
2021-03-12,XLE,XLF,3.3742624024252668,11.604583076887106
2021-03-13,XLE,XLF,3.3742624024252668,13.045941950305206
2021-03-14,XLE,XLF,3.345346858883714,12.001666176352664
2021-03-15,XLE,XLF,3.28023707920372,10.997104848168723
2021-03-16,XLE,XLF,3.3040153973962676,8.440757769049316
2021-03-17,XLE,XLF,3.2384117446268696,8.947047555681486
2021-03-18,XLF,SOL,3.2136160590699383,7.048923306399132
2021-03-19,SOL,XLF,3.2144288048062055,6.795958661569128
2021-03-20,XLF,SOL,3.228024888135856,5.936198813922685
2021-03-21,UUP,XLF,3.200766845789102,5.399710732284893
2021-03-22,SOL,UUP,3.13070031140495,5.396679491343671
2021-03-23,UUP,SOL,3.0745787016887447,6.303964133848447
2021-03-24,UUP,XLE,3.0814528479232974,8.001545145913305
2021-03-25,UUP,XLF,3.1006312600811174,8.556073523458345
2021-03-26,UUP,XLV,3.0975306288210365,8.718524109731833
2021-03-27,UUP,BTC,3.093803812112623,7.779685609455151
2021-03-28,XLF,UUP,3.0809337431972814,6.312190056367767
2021-03-29,BTC,UUP,3.1151098709688383,6.704065342566331
2021-03-30,BTC,UUP,3.1139010268967375,8.26563537829348
2021-03-31,UUP,BTC,3.111759810416886,7.316829991232302
2021-04-01,ETH,UUP,3.2390992304818336,8.204637095377647
2021-04-02,ETH,SPY,3.149194784736375,8.780698170897448
2021-04-03,SOL,SPY,3.2513016875918557,11.745476315905076
2021-04-04,SOL,ETH,3.1868108114199436,14.87430744535295
2021-04-05,SOL,SPY,3.319317759988274,12.255384813707762
2021-04-06,SOL,SPY,3.4223805815681625,12.692974194265163
2021-04-07,SOL,SPY,3.466429975342341,15.07551119402791
2021-04-08,SOL,SPY,3.5267491577348937,13.34912318643759
2021-04-09,SOL,SPY,3.4672762861060638,15.780811506933336
2021-04-10,SOL,SPY,3.5377088551155413,11.660497555284268
2021-04-11,SOL,SPY,3.5750978303877066,16.867594743868306
2021-04-12,SOL,NVDA,3.5593390752203073,15.900721212384926
2021-04-13,SOL,NVDA,3.45135296924251,16.619775358357902
2021-04-14,SOL,ETH,3.5948418481168867,16.03073393606856
2021-04-15,SOL,ETH,3.3762208061281007,19.675633003417147
2021-04-16,SOL,XLV,3.353090742073281,13.874811670576246
2021-04-17,SOL,SPY,3.8303835663355703,13.436941814356612
2021-04-18,SOL,SPY,3.7837990477384724,17.078914363573464
2021-04-19,SOL,SPY,3.7755713162386706,16.39266521024222
2021-04-20,SOL,MSFT,3.832841602343957,16.217921157814487
2021-04-21,SOL,XLV,4.195376314085821,15.724231791038804
2021-04-22,SOL,XLV,4.106621608556314,21.858706338032576
2021-04-23,SOL,XLV,4.315342842630916,21.3781562809581
2021-04-24,SOL,DBA,4.6618538637832625,26.89808939680704
2021-04-25,SOL,DBA,4.542341022911952,27.426984039260258
2021-04-26,SOL,DBA,4.504252031342395,20.359282660571477
2021-04-27,SOL,DBA,4.561456204803305,17.158287790070855
2021-04-28,SOL,DBA,4.431171251292267,16.88958930584057
2021-04-29,SOL,DBA,4.470348890981229,14.54903201485549
2021-04-30,SOL,DBA,4.81127703904013,14.539180188985204
2021-05-01,SOL,DBA,4.6841130018203,18.668772328576722
2021-05-02,SOL,DBA,4.6286618633581735,15.731637594064106
2021-05-03,ETH,DBA,4.523364451509772,13.929988012246643
2021-05-04,DBA,ETH,4.76305801380932,14.373673365429434
2021-05-05,DBA,ETH,4.777993642924945,15.8507934064283
2021-05-06,DBA,ETH,4.788707343488909,16.472736717834376
2021-05-07,DBA,ETH,5.075858848102285,16.596877623646606
2021-05-08,ETH,DBA,5.09289502371229,16.374280730103756
2021-05-09,ETH,DBA,5.061986290481663,16.963046113302145
2021-05-10,ETH,DBA,5.235241446143987,16.07820713245674
2021-05-11,ETH,DBA,4.97035037994301,17.529295788761644
2021-05-12,ETH,DBA,4.854835350952952,13.51530599784104
2021-05-13,ETH,GLD,5.109620811267555,10.911208353032102
2021-05-14,ETH,GLD,4.833452570271325,11.669011664090258
2021-05-15,XLF,GLD,4.828619117701053,8.049533462014647
2021-05-16,SOL,ETH,4.6014127695768945,10.143943777004539
2021-05-17,SOL,XLE,4.9872238508129,10.252834099871693
2021-05-18,SOL,GLD,4.057030155654609,9.643054034468053
2021-05-19,GLD,XLF,4.063318418997771,9.22792199546766
2021-05-20,GLD,XLF,4.0844441973550865,9.383812533589781
2021-05-21,GLD,XLF,4.0844441973550865,8.00306156074508
2021-05-22,GLD,XLF,4.0844441973550865,9.470422924067426
2021-05-23,GLD,XLF,4.097822017816799,10.342253575702966
2021-05-24,GLD,XLF,4.095791995268513,10.696461622694018
2021-05-25,GLD,XLF,4.098251024326002,12.124742121791725
2021-05-26,GLD,XLF,4.122560829782992,11.218255071821023
2021-05-27,GLD,XLF,4.134137709941651,11.872639426224183
2021-05-28,GLD,XLF,4.134137709941651,12.014597099589768
2021-05-29,GLD,XLF,4.134137709941651,13.040938077172347
2021-05-30,GLD,XLF,4.134137709941651,13.900254262994995
2021-05-31,GLD,XLF,4.141090062666459,13.900254262994995
2021-06-01,GLD,XLF,4.1544665803758765,13.224383978043305
2021-06-02,GLD,XLF,4.118681495644155,12.456195626466217
2021-06-03,NVDA,GLD,4.210516969945072,9.008417817919566
2021-06-04,NVDA,GLD,4.210516969945072,10.282279928056756
2021-06-05,NVDA,GLD,4.210516969945072,10.009472611588652
2021-06-06,NVDA,GLD,4.22383444599095,8.936355445359814
2021-06-07,NVDA,GLD,4.197886577327798,9.076007512602041
2021-06-08,NVDA,GLD,4.182466378258985,8.487881313823424
2021-06-09,NVDA,TLT,4.198850226393473,11.089933252052434
2021-06-10,NVDA,TLT,4.243685806752421,11.155823015692217
2021-06-11,NVDA,EFA,4.239442120945668,16.604873350259844
2021-06-12,NVDA,TLT,4.235202678824723,17.25850121222221
2021-06-13,NVDA,TLT,4.2419706829904715,15.199120734812318
2021-06-14,NVDA,EFA,4.21326479677681,16.072009353669475
2021-06-15,NVDA,EFA,4.202875023624156,14.7583101556924
2021-06-16,NVDA,EFA,4.288237658068072,15.375931582030438
2021-06-17,NVDA,QQQ,4.265016211292329,18.540615620858024
2021-06-18,NVDA,TLT,4.260751195081037,18.12773953876009
2021-06-19,NVDA,USO,4.256490443885956,16.08329244487155
2021-06-20,NVDA,USO,4.276349461887743,14.427802035196308
2021-06-21,USO,NVDA,4.332265346020803,14.57511546168004
2021-06-22,NVDA,USO,4.364969858217913,14.925814462331708
2021-06-23,USO,NVDA,4.387215404416576,14.113924058783018
2021-06-24,USO,NVDA,4.385329327903196,14.953327696273035
2021-06-25,USO,NVDA,4.385329327903196,15.18155909622508
2021-06-26,NVDA,USO,4.385329327903196,14.237884398087473
2021-06-27,USO,NVDA,4.46426403575936,14.609148714998502
2021-06-28,NVDA,USO,4.484697009780968,14.228456998933245
2021-06-29,NVDA,USO,4.4815327558227525,14.411067666277265
2021-06-30,NVDA,USO,4.5382443986450856,14.301172793262957
2021-07-01,NVDA,MSFT,4.615043463156255,15.028628908279945
2021-07-02,MSFT,NVDA,4.615043463156255,15.236026828752605
2021-07-03,MSFT,AAPL,4.610428419693099,16.551438956838265
2021-07-04,MSFT,AAPL,4.610428419693099,14.807851958624942
2021-07-05,MSFT,AAPL,4.644441521244222,14.807851958624942
2021-07-06,AAPL,MSFT,4.705121839360264,15.691496741953785
2021-07-07,AAPL,XLK,4.656576089120882,17.425659891717793
2021-07-08,AAPL,MSFT,4.6866443537454945,14.68367874456307
2021-07-09,AAPL,XLK,4.681957709391749,15.694503729006476
2021-07-10,AAPL,XLK,4.681957709391749,17.231706204425755
2021-07-11,AAPL,XLK,4.673974591625877,15.975431963925848
2021-07-12,AAPL,QQQ,4.68771930155155,15.241466370774997
2021-07-13,AAPL,MSFT,4.752212702764051,16.279838157576318
2021-07-14,AAPL,MSFT,4.729091148679719,16.287887875380985
2021-07-15,AAPL,MSFT,4.693452177171269,16.688467740119364
2021-07-16,AAPL,MSFT,4.693452177171269,13.344501758621703
2021-07-17,AAPL,MSFT,4.693452177171269,12.000137787156051
2021-07-18,AAPL,MSFT,4.599030125521495,13.727052840794892
2021-07-19,MSFT,AAPL,4.677933566088465,9.238817588215829
2021-07-20,AAPL,MSFT,4.683347408980346,10.64598578666939
2021-07-21,MSFT,QQQ,4.73353259450764,9.880551723620144
2021-07-22,MSFT,QQQ,4.790368295181919,10.293831871150726
2021-07-23,MSFT,XLV,4.785577926886737,11.905846766577238
2021-07-24,MSFT,XLV,4.785577926886737,11.146363637510603
2021-07-25,MSFT,AAPL,4.782595481525226,12.3024704219956
2021-07-26,MSFT,AAPL,4.726199076222051,11.931141915560339
2021-07-27,MSFT,AAPL,4.694739283819495,10.310913527183699
2021-07-28,XLV,MSFT,4.69803576941598,9.172966295631353
2021-07-29,XLV,GLD,4.676962725874834,9.44227408668106
2021-07-30,XLV,MSFT,4.672285763148959,9.793018091777915
2021-07-31,XLV,BTC,4.5750319464061375,8.257379304273918
2021-08-01,XLV,BTC,4.533916427212741,6.561295645990634
2021-08-02,XLV,TLT,4.562074673876278,6.87246909612895
2021-08-03,XLV,MSFT,4.542990754991184,8.913616403103
2021-08-04,XLV,ETH,4.614647792969395,7.895284614104844
2021-08-05,XLV,MSFT,4.607649730382597,7.1539132585258045
2021-08-06,BTC,DBA,4.696534947736225,8.13732024255068
2021-08-07,ETH,BTC,4.545316252184224,12.315356603861499
2021-08-08,ETH,BTC,4.794755821315678,9.805823794115698
2021-08-09,ETH,BTC,4.73460457005871,12.080652485489203
2021-08-10,ETH,BTC,4.7520461434797845,11.250770939844628
2021-08-11,ETH,BTC,4.600584805238497,13.845135452823959
2021-08-12,ETH,BTC,4.985533005345641,14.392114704863596
2021-08-13,ETH,BTC,4.9066168628664215,15.918228719619158
2021-08-14,ETH,BTC,4.937869292574523,17.347705150408228
2021-08-15,ETH,SOL,5.216875575725317,18.859336289645213
2021-08-16,SOL,ETH,5.174104664715462,19.261567700770737
2021-08-17,SOL,ETH,5.514325442142633,20.247223871644046
2021-08-18,SOL,ETH,5.6709255371377,29.067765683589467
2021-08-19,SOL,ETH,5.996329144395643,31.575137207754988
2021-08-20,SOL,ETH,5.751606037646638,30.302221702900663
2021-08-21,SOL,BTC,5.733208125804893,24.739471011470666
2021-08-22,SOL,BTC,5.860603752602782,22.920794470525678
2021-08-23,SOL,ETH,5.530505360755149,24.233475308822772
2021-08-24,SOL,ETH,5.626341437936555,21.73200884828706
2021-08-25,SOL,ETH,5.649209792219731,22.25410109897699
2021-08-26,SOL,ETH,6.283288075331019,24.45157702204705
2021-08-27,SOL,ETH,6.565421988368216,29.891771352420502
2021-08-28,SOL,ETH,6.471997007644764,29.213476404244314
2021-08-29,SOL,XLF,6.970028146001957,26.42042021249115
2021-08-30,SOL,MSFT,6.878537190465387,26.934724054737476
2021-08-31,SOL,ETH,7.353736700511193,29.98473382130068
2021-09-01,SOL,ETH,7.8769584690508285,32.94549324713604
2021-09-02,SOL,ETH,8.600588385796401,37.52742614978804
2021-09-03,SOL,ETH,8.323837611179114,40.856010460172996
2021-09-04,SOL,ETH,8.481166618459214,34.88646993332681
2021-09-05,SOL,ETH,9.121597054771199,33.26407824289681
2021-09-06,SOL,QQQ,9.361950389071708,39.54587849264156
2021-09-07,SOL,AAPL,9.788662164457236,46.01578553282466
2021-09-08,SOL,AMZN,9.648710897145651,50.0518282600872
2021-09-09,SOL,QQQ,9.389145271173003,45.63152393500731
2021-09-10,SOL,NVDA,9.35375055635745,40.605940482734574
2021-09-11,SOL,NVDA,9.24052720403591,41.27276956910234
2021-09-12,SOL,AMZN,9.076033231255074,35.188014615097885
2021-09-13,SOL,AMZN,8.767033599826,34.408512589383335
2021-09-14,SOL,AMZN,8.828154980157539,24.714401601671167
2021-09-15,SOL,NVDA,8.615677854876344,20.57250365416541
2021-09-16,SOL,AMZN,8.437566310581357,17.958052451099192
2021-09-17,SOL,AMZN,9.054725431684457,13.775840961360485
2021-09-18,SOL,AMZN,8.608703118416926,16.980641676026508
2021-09-19,SOL,AMZN,7.900718636985506,11.58477211268273
2021-09-20,SOL,USO,7.646796526180536,9.365399013746087
2021-09-21,USO,SOL,8.455702971790425,9.233103166049764
2021-09-22,SOL,USO,8.583364808914538,10.453641429557514
2021-09-23,SOL,USO,8.323276621368885,12.48932106988731
2021-09-24,SOL,USO,8.227241859369789,10.259330467680723
2021-09-25,SOL,USO,8.21275576924988,8.811260780435484
2021-09-26,USO,SOL,8.33027077728712,7.0047773889487175
2021-09-27,USO,XLE,8.296042937210721,8.686812357554238
2021-09-28,USO,UUP,8.311054949862774,7.604051082145
2021-09-29,UUP,USO,8.323559933223821,7.594316335483854
2021-09-30,USO,UUP,8.370765298696899,8.201179385491649
2021-10-01,USO,XLE,8.362394533398202,9.607437984957677
2021-10-02,UUP,USO,8.354032138864804,8.067680208895904
2021-10-03,UUP,USO,8.437268289115906,9.113416996691571
2021-10-04,USO,XLE,8.54164758217453,10.367229191430045
2021-10-05,USO,XLE,8.383787206685158,11.994932991547726
2021-10-06,UUP,USO,8.46653407225185,9.259161804888755
2021-10-07,USO,XLE,8.59670045097486,11.509308897126202
2021-10-08,XLE,USO,8.59670045097486,11.57191465132743
2021-10-09,USO,XLE,8.59670045097486,12.865809837679024
2021-10-10,XLE,USO,8.635762149348642,11.44497151550989
2021-10-11,USO,XLE,8.634213410134764,12.34733910765282
2021-10-12,USO,XLE,8.634233141763167,12.211422477119951
2021-10-13,USO,XLE,8.737052771307704,11.102099387346064
2021-10-14,USO,XLE,8.784638289119775,12.529072106736919
2021-10-15,USO,XLE,8.784638289119775,11.249903378131666
2021-10-16,USO,XLE,8.784638289119775,11.227908039152092
2021-10-17,USO,XLE,8.773100862713372,12.175231375864739
2021-10-18,XLE,USO,8.85822584719442,11.857646959282967
2021-10-19,XLE,USO,8.94809897950901,12.751476747094681
2021-10-20,XLE,USO,8.810831653305373,17.940996622666187
2021-10-21,XLE,BTC,8.73603304839314,15.112871908735828
2021-10-22,XLE,USO,8.727297015344746,14.073762570463563
2021-10-23,USO,XLE,8.727297015344746,12.149484899198672
2021-10-24,BTC,XLE,8.933398523906153,12.165450485763104
2021-10-25,BTC,XLE,8.76961603538146,13.663959238002416
2021-10-26,XLE,USO,8.51876735991355,13.233610916886045
2021-10-27,BTC,ETH,9.052510314133908,10.507022828747793
2021-10-28,ETH,BTC,9.30693631188203,14.213186411771051
2021-10-29,ETH,MSFT,9.203809339575123,14.716496722225115
2021-10-30,MSFT,SPY,9.194605530235549,14.83193720830484
2021-10-31,MSFT,NVDA,9.200954837340179,13.009399239387793
2021-11-01,NVDA,MSFT,9.355719160566258,12.30677350389136
2021-11-02,NVDA,MSFT,9.402840044612118,13.61167388272053
2021-11-03,NVDA,QQQ,10.019234660090337,20.565620685927453
2021-11-04,QQQ,NVDA,10.01577641464926,18.469398271913754
2021-11-05,QQQ,NVDA,10.01577641464926,17.50557821560195
2021-11-06,QQQ,NVDA,10.01577641464926,16.04831298574118
2021-11-07,QQQ,NVDA,10.18606720722516,17.41212194645539
2021-11-08,NVDA,XLK,10.130700513558683,18.329448835639514
2021-11-09,NVDA,XLK,9.849190632624872,17.991085668766516
2021-11-10,NVDA,SPY,9.996409733033593,15.289211349412522
2021-11-11,NVDA,SPY,10.034130477581634,16.913239140683153
2021-11-12,NVDA,SPY,10.034130477581634,16.17483438912135
2021-11-13,SPY,NVDA,10.034130477581634,14.701574228524382
2021-11-14,NVDA,SPY,9.975591092668243,14.120415650456009
2021-11-15,NVDA,SPY,10.024901420745321,13.39166336737046
2021-11-16,SPY,NVDA,9.85639106516113,14.318344428927325
2021-11-17,SPY,XLK,9.912375061741459,12.54261961994489
2021-11-18,NVDA,SPY,10.098380493842182,13.268338507939811
2021-11-19,NVDA,XLK,10.08828211334834,15.425646132480768
2021-11-20,NVDA,XLK,10.08828211334834,14.210232897969107
2021-11-21,NVDA,QQQ,9.862492324188537,14.133333047879688
2021-11-22,DBA,NVDA,9.856910995747647,13.45674757075191
2021-11-23,DBA,NVDA,9.988846108580058,14.888383934741812
2021-11-24,DBA,NVDA,9.988846108580058,12.62577865957819
2021-11-25,DBA,NVDA,9.738362055482446,11.433231491253627
2021-11-26,NVDA,DBA,9.738362055482446,8.908231962735872
2021-11-27,NVDA,UUP,9.728623693426963,8.133828484949134
2021-11-28,NVDA,DBA,9.951844422998487,7.205588922817645
2021-11-29,NVDA,UUP,9.814534443633326,9.104471437420022
2021-11-30,AAPL,NVDA,9.603392929959144,8.543199965869142
2021-12-01,AAPL,UUP,9.566247334022236,8.798041228011513
2021-12-02,AAPL,NVDA,9.287517956269388,7.544926299795417
2021-12-03,UUP,TLT,9.27823043831312,6.853657018807009
2021-12-04,AAPL,UUP,9.268952207874806,5.877838872528737
2021-12-05,UUP,AAPL,9.375799209426035,5.747563119977229
2021-12-06,AAPL,UUP,9.543783364732882,7.137907325862072
2021-12-07,AAPL,UUP,9.630325947810453,9.22133974733756
2021-12-08,AAPL,UUP,9.632885524467854,11.27148078731147
2021-12-09,AAPL,UUP,9.760340596139418,10.78678000759017
2021-12-10,AAPL,XLK,9.750580255543278,14.752954605603593
2021-12-11,AAPL,XLK,9.750580255543278,14.786925240477277
2021-12-12,AAPL,XLK,9.577304354878303,13.626252477012772
2021-12-13,AAPL,UUP,9.53860523128475,11.302650317420316
2021-12-14,AAPL,UUP,9.667203419918662,10.566755768912373
2021-12-15,AAPL,XLV,9.496618294159191,12.283789669715146
2021-12-16,AAPL,XLV,9.432583329661036,7.854127333848066
2021-12-17,AAPL,XLV,9.432583329661036,6.427757829557056
2021-12-18,AAPL,XLV,9.432583329661036,4.865296262430796
2021-12-19,XLV,AAPL,9.3657181819923,5.572493061309893
2021-12-20,XLV,AAPL,9.474645838483632,4.544548713408074
2021-12-21,XLV,AAPL,9.60248817532275,5.160844802495287
2021-12-22,XLV,AAPL,9.639711371825298,7.4372341873895245
2021-12-23,XLV,AAPL,9.639711371825298,7.881461900734687
2021-12-24,XLV,AAPL,9.639711371825298,7.942458266331224
2021-12-25,XLV,AAPL,9.639711371825298,7.942458266331224
2021-12-26,XLV,AAPL,9.80130882649812,8.585413692618733
2021-12-27,XLV,AAPL,9.760164300260623,9.96226318493985
2021-12-28,XLV,AAPL,9.790420853542367,9.505294823710473
2021-12-29,XLV,AAPL,9.768275452769805,9.909161211788291
2021-12-30,XLV,USO,9.672286238530514,16.182226443506284
2021-12-31,XLV,USO,9.672286238530514,15.491496013146053
2022-01-01,XLV,USO,9.672286238530514,14.571712020234134
2022-01-02,XLV,USO,9.664327636074194,14.189271948435895
2022-01-03,XLV,USO,9.667542918588609,11.475247404116766
2022-01-04,USO,XLV,9.619204434941864,9.665763046723507
2022-01-05,USO,XLV,9.690263750529063,7.080145339117151
2022-01-06,USO,XLE,9.728248491087905,7.332245918938967
2022-01-07,XLE,USO,9.728248491087905,6.150283843711243
2022-01-08,USO,XLE,9.728248491087905,8.708972055675865
2022-01-09,USO,XLE,9.6694076634643,7.218697129207933
2022-01-10,USO,XLE,10.006035446849415,6.33228407782667
2022-01-11,USO,XLE,10.080046099269024,8.481440293370445
2022-01-12,XLE,USO,9.999832574858418,11.24747260074286
2022-01-13,XLE,USO,10.263105092113031,11.15143367465511
2022-01-14,XLE,USO,10.263105092113031,13.281320396252989
2022-01-15,XLE,USO,10.263105092113031,12.708912854445106
2022-01-16,XLE,USO,10.263105092113031,15.38009245156718
2022-01-17,XLE,USO,10.369355338719304,15.38009245156718
2022-01-18,XLE,USO,10.33853675327925,15.803837559727864
2022-01-19,USO,XLE,10.258081944040228,17.252526613826742
2022-01-20,USO,XLE,10.166789922280621,14.515341486845093
2022-01-21,USO,XLE,10.166789922280621,13.2480440660242
2022-01-22,USO,XLE,10.166789922280621,12.11299594161873
2022-01-23,USO,XLE,10.14494259259472,12.11299594161873
2022-01-24,XLE,USO,10.414379172050452,10.942030300510794
2022-01-25,XLE,USO,10.466246453123626,12.965401578516225
2022-01-26,XLE,USO,10.538504894735308,11.289047906466774
2022-01-27,XLE,USO,10.525489288831242,12.233564721390646
2022-01-28,XLE,USO,10.525489288831242,12.46199817232895
2022-01-29,XLE,USO,10.525489288831242,13.085917918097431
2022-01-30,XLE,USO,10.592055729474978,12.850045181439581
2022-01-31,USO,XLE,10.785092613870406,13.281355713806132
2022-02-01,XLE,USO,10.801607928425188,15.216267196853682
2022-02-02,XLE,USO,10.835873746619134,13.640882889110623
2022-02-03,USO,XLE,11.039961243092606,12.59882794710206
2022-02-04,USO,XLE,11.039961243092606,14.671770324825552
2022-02-05,USO,XLE,11.039961243092606,12.82299811117565
2022-02-06,USO,XLE,11.090903564875177,13.321206016541783
2022-02-07,USO,XLE,10.88081762637384,12.866441522266186
2022-02-08,USO,XLE,10.97326664993646,10.567242321634444
2022-02-09,USO,DBA,10.905538177662955,12.541282018829923
2022-02-10,USO,DBA,11.075437128814972,10.159750930069457
2022-02-11,USO,DBA,11.075437128814972,10.870774479764039
2022-02-12,USO,DBA,11.075437128814972,12.407326921621461
2022-02-13,USO,DBA,11.106668638586875,10.458311934653569
2022-02-14,USO,DBA,10.911467824444873,11.518049002874628
2022-02-15,DBA,USO,10.86429385258345,7.702396968736147
2022-02-16,DBA,USO,10.93626024980452,8.169659656094016
2022-02-17,DBA,GLD,10.913539801225857,8.540285532907694
2022-02-18,DBA,USO,10.902626261424631,6.215356763646865
2022-02-19,DBA,USO,10.902626261424631,6.593345748952156
2022-02-20,DBA,XLE,10.891723635163206,7.739681095348453
2022-02-21,DBA,XLE,10.89428421157078,7.739681095348453
2022-02-22,DBA,USO,10.944053452591923,9.715579047278027
2022-02-23,DBA,USO,10.924187360950748,10.087372501879768
2022-02-24,DBA,USO,10.725792414350419,8.391345646610562
2022-02-25,GLD,USO,10.715066621936069,6.409883480772018
2022-02-26,GLD,USO,10.715066621936069,9.518008505467451
2022-02-27,GLD,USO,10.907387410330776,10.190042400088721
2022-02-28,GLD,USO,11.357201038553283,11.740482854567382
2022-03-01,GLD,USO,11.582749102375686,13.520237903534332
2022-03-02,USO,GLD,11.548886007628738,11.355152051464655
2022-03-03,GLD,USO,12.022835029467542,10.893222441233775
2022-03-04,USO,GLD,12.022835029467542,12.618066345862488
2022-03-05,GLD,USO,12.022835029467542,12.31359680872541
2022-03-06,GLD,UUP,12.143355574182682,12.05731604347129
2022-03-07,GLD,UUP,12.29803640139376,13.71303233270119
2022-03-08,GLD,USO,11.387049846535875,15.375005401780376
2022-03-09,GLD,UUP,11.421595056854562,8.652073882813877
2022-03-10,XLE,GLD,11.324420234929041,8.857156404749666
2022-03-11,UUP,XLE,11.313095814694112,9.394180289442103
2022-03-12,UUP,XLE,11.313095814694112,8.967639730838474
2022-03-13,UUP,XLE,11.141670382395466,7.919305324216415
2022-03-14,UUP,GLD,11.0201279496028,7.810967824738767
2022-03-15,UUP,DBA,10.880895163518057,7.4805811504070014
2022-03-16,UUP,XLV,10.94357305430718,4.572766142258737
2022-03-17,UUP,XLE,10.9337083946137,5.025580807859703
2022-03-18,UUP,USO,10.922774686219086,5.837757427509225
2022-03-19,XLV,UUP,10.911851911532866,6.238810492013802
2022-03-20,XLV,UUP,10.928481256113093,7.092702707330355
2022-03-21,XLV,XLE,10.878599682729014,7.00993169678097
2022-03-22,XLV,XLE,10.874535257871456,7.033594695260079
2022-03-23,XLE,USO,10.731264545317224,7.41815178963136
2022-03-24,XLE,UUP,10.840121709747356,8.745193613386132
2022-03-25,XLE,XLV,10.829281588037608,9.35032946684959
2022-03-26,XLE,XLV,10.829281588037608,9.91873904840543
2022-03-27,XLE,DBA,10.604282927519472,8.458455968423516
2022-03-28,UUP,XLE,10.54789054101939,6.727182896159883
2022-03-29,ETH,XLE,10.572494403652877,7.9852641472358545
2022-03-30,XLV,XLE,10.438828796567556,6.960033214512512
2022-03-31,XLV,SOL,10.969804772099936,6.399492703583776
2022-04-01,SOL,XLV,10.878734284553785,7.39763810805954
2022-04-02,SOL,ETH,11.178641323147243,8.683714044565795
2022-04-03,SOL,ETH,10.99783331479965,13.383847563358385
2022-04-04,ETH,SOL,10.596413377708767,11.369988371918781
2022-04-05,SOL,ETH,9.639753492191687,12.15059493464535
2022-04-06,ETH,SOL,9.985815987626598,8.749776687582452
2022-04-07,XLV,SOL,9.62799147618418,13.124051678720745
2022-04-08,XLV,ETH,9.723587939181618,12.160826523925113
2022-04-09,XLV,ETH,9.648990847990953,12.219159266486274
2022-04-10,XLV,ETH,9.206357703367955,13.562027546670409
2022-04-11,XLV,ETH,9.23780233678695,9.648140280353624
2022-04-12,XLV,ETH,9.39453646416925,8.259658572214708
2022-04-13,AAPL,XLV,9.221852638331576,9.144939042777459
2022-04-14,XLE,XLV,9.212630785693245,7.982799231149627
2022-04-15,XLE,UUP,9.20341815490755,8.356360714385307
2022-04-16,UUP,XLE,9.20341815490755,8.836167175562846
2022-04-17,UUP,XLE,9.289710388113223,8.383447729087832
2022-04-18,UUP,DBA,9.246059740967398,9.729069767117378
2022-04-19,UUP,XLE,9.222129710169126,10.552009756113044
2022-04-20,UUP,XLE,9.089560235211497,5.784240491960361
2022-04-21,UUP,DBA,9.051260089255834,6.86077756126184
2022-04-22,UUP,SOL,9.048157694521233,8.081196955697632
2022-04-23,UUP,DBA,9.039109536826713,7.708012342887269
2022-04-24,UUP,DBA,9.024398634092263,7.580477935203448
2022-04-25,UUP,CASH,9.043567953826944,8.903550560331045
2022-04-26,UUP,CASH,9.071674050211787,10.445211264375912
2022-04-27,UUP,DBA,9.109349067162002,11.060691259873654
2022-04-28,UUP,DBA,9.04225153778931,15.417883101233722
2022-04-29,UUP,DBA,9.04225153778931,16.283056101530157
2022-04-30,UUP,USO,9.033209286251521,15.016619424853475
2022-05-01,UUP,DBA,9.030733152050036,14.463547353086994
2022-05-02,UUP,USO,8.916302213098197,15.86468797000987
2022-05-03,UUP,USO,9.084437614926205,15.063338172430868
2022-05-04,UUP,XLE,9.04512885058012,9.797876381660368
2022-05-05,UUP,USO,9.136879154677892,10.224744870163155
2022-05-06,UUP,USO,9.136879154677892,10.507433686635203
2022-05-07,UUP,USO,9.136879154677892,9.990668273975212
2022-05-08,UUP,USO,8.829255802008394,9.990668273975212
2022-05-09,UUP,SHV,8.829972692474911,10.095883792574526
2022-05-10,UUP,SHV,8.833939583649869,10.685881057997538
2022-05-11,UUP,USO,8.922449303968783,10.382478508764079
2022-05-12,UUP,USO,9.025155346182066,11.186518830483623
2022-05-13,UUP,USO,9.025155346182066,11.656977582805172
2022-05-14,UUP,SHV,9.016130190835884,10.577528752778806
2022-05-15,UUP,SHV,8.998400869740218,10.577528752778806
2022-05-16,UUP,SHV,8.960849132067024,9.302620032504349
2022-05-17,UUP,SHV,8.983551433721033,6.663685001690255
2022-05-18,UUP,SHV,8.937459797341894,6.8446827235620455
2022-05-19,SHV,UUP,8.947216723834384,3.8524032299809448
2022-05-20,UUP,SHV,8.947216723834384,5.735663373336756
2022-05-21,SHV,UUP,8.947216723834384,5.476523098533342
2022-05-22,SHV,UUP,8.90660672884238,6.214043168952353
2022-05-23,SHV,XLE,8.916277157747464,6.214043168952353
2022-05-24,SHV,XLE,9.008349899627412,8.113867955365476
2022-05-25,SHV,XLE,9.058519045945694,7.508505102480431
2022-05-26,XLE,SHV,9.140942735357077,7.6532337231585865
2022-05-27,XLE,SHV,9.140942735357077,7.81586208890695
2022-05-28,SHV,XLE,9.140942735357077,6.908843449067027
2022-05-29,XLE,SHV,9.140942735357077,8.016322341767896
2022-05-30,XLE,SHV,9.071033551475937,8.016322341767896
2022-05-31,XLE,USO,9.139457208711486,7.1230161388581
2022-06-01,XLE,SHV,9.115895388404352,7.137387578572077
2022-06-02,USO,SHV,9.22346442879621,6.332246211732049
2022-06-03,USO,SHV,9.22346442879621,5.573058956502653
2022-06-04,SHV,USO,9.22346442879621,6.197961386336099
2022-06-05,USO,SHV,9.166957418227096,4.366599622368895
2022-06-06,XLE,USO,9.38000193211614,3.869844874183403
2022-06-07,XLE,USO,9.491760244996422,5.307620353900269
2022-06-08,XLE,USO,9.339897144077717,16.487149810538458
2022-06-09,USO,XLE,9.212009779915094,14.498788720758954
2022-06-10,USO,XLE,9.212009779915094,11.408879987086294
2022-06-11,USO,XLE,9.212009779915094,10.324606926219587
2022-06-12,USO,XLE,8.983365690741644,8.566981396694258
2022-06-13,USO,XLE,8.896968135264018,8.800641253625507
2022-06-14,USO,XLE,8.722300187260451,6.551587971603602
2022-06-15,USO,EEM,8.616586297075624,3.4244753375491617
2022-06-16,USO,GLD,8.360472453321899,6.427544528169098
2022-06-17,USO,GLD,8.360472453321899,3.380178347991396
2022-06-18,UUP,USO,8.352111980868576,3.339086291120485
2022-06-19,UUP,USO,8.352111980868576,2.911075455291136
2022-06-20,UUP,USO,8.372748274410808,2.911075455291136
2022-06-21,UUP,USO,8.208843298312683,2.1782120339844653
2022-06-22,UUP,AMZN,8.336403620481956,3.9170013137515114
2022-06-23,UUP,AMZN,8.476443637922108,4.805705002703223
2022-06-24,UUP,AMZN,8.476443637922108,3.5746336063510604
2022-06-25,UUP,AMZN,8.476443637922108,4.321863052641907
2022-06-26,UUP,AMZN,8.350904997978885,4.825175359070124
2022-06-27,UUP,CASH,8.36662229276146,4.416081082351921
2022-06-28,UUP,CASH,8.390621122481994,5.554574073408332
2022-06-29,UUP,CASH,8.377159909153917,6.6671088423571385
2022-06-30,UUP,CASH,8.390642788047774,5.541070667850894
2022-07-01,UUP,CASH,8.390642788047774,4.758874694962644
2022-07-02,UUP,CASH,8.390642788047774,7.136770414108857
2022-07-03,UUP,XLV,8.382252145259727,6.182750892470327
2022-07-04,UUP,XLV,8.417779323383257,6.182750892470327
2022-07-05,UUP,TLT,8.35797381361347,8.321661596664393
2022-07-06,UUP,TLT,8.322659235480824,8.7543385101946
2022-07-07,UUP,CASH,8.311428700440501,9.083928743441284
2022-07-08,UUP,XLV,8.30311727174006,8.324775115225348
2022-07-09,UUP,XLV,8.30311727174006,7.003415239403065
2022-07-10,UUP,AAPL,8.281512213520084,5.54209569069321
2022-07-11,UUP,XLV,8.219144327302587,7.432319184111514
2022-07-12,UUP,AAPL,8.191985652566617,7.358138506421586
2022-07-13,AAPL,TLT,8.23422080433747,6.677863328682101
2022-07-14,AAPL,UUP,8.24899459550532,7.509591161972634
2022-07-15,XLV,AAPL,8.240745600909815,7.014953688414759
2022-07-16,AAPL,UUP,8.232504855308905,11.67752050491137
2022-07-17,AAPL,XLV,8.052530721672396,10.709306007185017
2022-07-18,ETH,AAPL,8.060896393023231,9.879345731728998
2022-07-19,AAPL,XLV,8.067469002560504,10.151970976349801
2022-07-20,AAPL,IWM,8.140876675154212,11.172580189389171
2022-07-21,AAPL,ETH,7.998286744777284,10.392357271033466
2022-07-22,AAPL,ETH,8.02922143274392,9.955480972816508
2022-07-23,AAPL,ETH,8.159248075675471,8.448044989255392
2022-07-24,AAPL,TLT,8.081058243359676,6.764320692451096
2022-07-25,AAPL,UUP,8.06857382724307,6.0846099597172465
2022-07-26,UUP,AAPL,8.172903319682904,6.682667738316301
2022-07-27,SHV,AAPL,8.180423282991658,9.349946765459526
2022-07-28,AAPL,SHV,8.31492555311306,11.116227830289127
2022-07-29,AAPL,ETH,8.231023613537984,11.99428458066564
2022-07-30,AAPL,ETH,8.19595341437215,14.210092699254695
2022-07-31,AAPL,ETH,8.057848059218184,12.88764104067372
2022-08-01,AAPL,NVDA,8.0309616622357,12.217710834233188
2022-08-02,AAPL,NVDA,8.264090915483093,11.212800791355296
2022-08-03,AAPL,NVDA,8.326554945375179,13.223840266909784
2022-08-04,AAPL,NVDA,8.271805643908097,11.677101865253967
2022-08-05,AAPL,NVDA,8.271805643908097,10.786702760447469
2022-08-06,AAPL,NVDA,8.271805643908097,9.203298992718159
2022-08-07,AAPL,NVDA,7.999303793676396,8.818892953634155
2022-08-08,IWM,AAPL,7.938016387969279,8.753226042265561
2022-08-09,AAPL,ETH,8.380190792597151,8.592759637536803
2022-08-10,ETH,AAPL,8.428332355473048,11.809363423929977
2022-08-11,ETH,IWM,8.676011301102733,14.35084545663645
2022-08-12,IWM,ETH,8.729404136154225,14.219019363316143
2022-08-13,IWM,XLF,8.72067473201807,15.657010844357487
2022-08-14,IWM,XLF,8.734899122087079,13.966020831139977
2022-08-15,IWM,XLF,8.765102827773202,14.374384203886983
2022-08-16,IWM,XLF,8.66937529662628,14.325103324487044
2022-08-17,AAPL,XLF,8.655641418745514,13.76763191531667
2022-08-18,SHV,AAPL,8.582085883728732,14.240086186374787
2022-08-19,SHV,AAPL,8.582085883728732,14.242707401634876
2022-08-20,SHV,AAPL,8.582085883728732,12.732661721049167
2022-08-21,SHV,AAPL,8.483266023464902,11.496127751051196
2022-08-22,SHV,XLE,8.627970820758573,11.496127751051196
2022-08-23,SHV,XLE,8.680605967074584,12.220843407182693
2022-08-24,SHV,XLE,8.714789555998685,13.434647482556048
2022-08-25,SHV,AAPL,8.542363239357798,13.436806751149595
2022-08-26,SHV,XLE,8.53382087611844,12.9176616968146
2022-08-27,SHV,XLE,8.53382087611844,11.324725156669532
2022-08-28,SHV,UUP,8.526363964864288,10.533337191278667
2022-08-29,SHV,UUP,8.525674307593812,9.5371292940367
2022-08-30,SHV,UUP,8.522748116737086,10.85433665312178
2022-08-31,SHV,UUP,8.560847842504298,13.07643265097156
2022-09-01,SHV,UUP,8.562304968742575,14.346687191877239
2022-09-02,SHV,UUP,8.562304968742575,12.77348189660128
2022-09-03,SHV,UUP,8.562304968742575,11.883542248768252
2022-09-04,SHV,UUP,8.562304968742575,15.002730119333037
2022-09-05,SHV,UUP,8.587466498678957,15.002730119333037
2022-09-06,SHV,UUP,8.556952567923183,16.008731854816237
2022-09-07,SHV,UUP,8.565701896015884,16.008731854816237
2022-09-08,SHV,UUP,8.535110333742994,16.008731854816237
2022-09-09,SHV,UUP,8.535110333742994,14.626118302210283
2022-09-10,SHV,UUP,8.535110333742994,13.080290361792349
2022-09-11,SHV,UUP,8.513180894542348,11.985496122599761
2022-09-12,SHV,UUP,8.569489075166864,11.985496122599761
2022-09-13,UUP,SHV,8.56075636950445,8.824637299557576
2022-09-14,UUP,XLE,8.444916163794659,6.716572132436207
2022-09-15,UUP,SHV,8.437237942917475,6.958245678601255
2022-09-16,UUP,SHV,8.437237942917475,6.637972245851809
2022-09-17,UUP,DBA,8.428800704974558,5.1168040516598845
2022-09-18,UUP,DBA,8.425933696920477,3.7819842416828955
2022-09-19,UUP,DBA,8.501443088099629,3.617022880552524
2022-09-20,DBA,UUP,8.514576523094476,4.896600019350353
2022-09-21,UUP,DBA,8.5223510820527,4.911090609650322
2022-09-22,UUP,SHV,8.581242795938813,6.29681917242779
2022-09-23,UUP,SHV,8.581242795938813,8.361124136439667
2022-09-24,UUP,SHV,8.581242795938813,8.7559327066179
2022-09-25,UUP,SHV,8.629356530519711,8.0041602859548
2022-09-26,UUP,SOL,8.478318121139331,9.720265239178355
2022-09-27,UUP,SOL,8.48584885872536,9.789713536032554
2022-09-28,UUP,SHV,8.461716072310393,6.425922206053134
2022-09-29,UUP,SHV,8.460177250403161,5.736294692780452
2022-09-30,UUP,SHV,8.460177250403161,5.858427580985933
2022-10-01,UUP,SHV,8.460177250403161,4.48400402753082
2022-10-02,UUP,SHV,8.441729772723846,4.423963184972902
2022-10-03,UUP,SHV,8.385216254477603,3.5690883073699933
2022-10-04,SHV,SOL,8.371248752509686,4.61804855716889
2022-10-05,SHV,UUP,8.405239895967338,5.118231381033482
2022-10-06,SHV,UUP,8.422333160248044,5.117372244459304
2022-10-07,SHV,USO,8.413910827087797,5.618009763945883
2022-10-08,SHV,USO,8.413910827087797,5.618009763945883
2022-10-09,UUP,SHV,8.423910861805217,5.7507078975504164
2022-10-10,UUP,SHV,8.426679219667992,6.4067317685003715
2022-10-11,UUP,SHV,8.42706305020395,6.513733928285878
2022-10-12,UUP,SHV,8.399387608871624,7.450672941238528
2022-10-13,SHV,UUP,8.428542595233061,12.183673622744564
2022-10-14,SHV,UUP,8.428542595233061,12.183673622744564
2022-10-15,SHV,UUP,8.428542595233061,11.525834921190864
2022-10-16,SHV,UUP,8.385268775863572,10.377836325618542
2022-10-17,SHV,UUP,8.383250403441608,9.593035586652963
2022-10-18,SHV,UUP,8.413475711093495,10.727019192349765
2022-10-19,SHV,UUP,8.417013302621434,11.68856487145906
2022-10-20,SHV,UUP,8.381749213272194,11.68939295521099
2022-10-21,SHV,XLE,8.373367464058921,12.847969289213923
2022-10-22,SHV,XLE,8.373367464058921,11.688764223590685
2022-10-23,XLE,SHV,8.393112679174653,11.207291044703277
2022-10-24,XLE,SHV,8.398200459440911,11.507962346707597
2022-10-25,SHV,XLE,8.455736121920866,12.181394183160416
2022-10-26,XLE,SHV,8.471771135604008,14.522982653829974
2022-10-27,SHV,XLE,8.486151614480429,14.905429651940832
2022-10-28,SHV,XLE,8.486151614480429,12.427098769437306
2022-10-29,XLE,SHV,8.486151614480429,12.237604214216569
2022-10-30,SHV,XLE,8.521034845401088,17.295929387485316
2022-10-31,SHV,XLE,8.563463094457857,14.24363763878844
2022-11-01,SHV,XLE,8.460271248617806,15.774229468403822
2022-11-02,SHV,XLE,8.540428248679412,14.239294128198916
2022-11-03,SHV,XLE,8.592823117708765,13.832473952195576
2022-11-04,SHV,XLE,8.592823117708765,13.83192616542558
2022-11-05,SHV,XLE,8.592823117708765,13.083662057159621
2022-11-06,SHV,XLE,8.666999954190683,12.343383559538658
2022-11-07,SHV,XLE,8.671586877719683,13.084280019511326
2022-11-08,SHV,XLE,8.461222381793181,13.832503696098707
2022-11-09,SHV,XLV,8.562081610393262,14.638709779672242
2022-11-10,SHV,XLF,8.58798781588552,16.039971586185484
2022-11-11,SHV,XLF,8.58798781588552,14.557704774020154
2022-11-12,SHV,NVDA,8.579399828069633,14.557704774020154
2022-11-13,SHV,NVDA,8.57060060243878,14.557704774020154
2022-11-14,SHV,NVDA,8.66933545740454,13.770061722517879
2022-11-15,SHV,NVDA,8.473101792638516,15.156032433235222
2022-11-16,SHV,NVDA,8.41144484254186,16.60924635100856
2022-11-17,SHV,NVDA,8.339930122180883,16.139909118905354
2022-11-18,SHV,EFA,8.331590192058702,17.675594636017262
2022-11-19,SHV,XLF,8.323258601866643,16.51434869917342
2022-11-20,SHV,EFA,8.283666219622994,15.376580790615991
2022-11-21,SHV,XLF,8.318493771297264,15.376580790615991
2022-11-22,SHV,XLF,8.337413814377008,16.797865820345606
2022-11-23,SHV,TLT,8.32907640056263,18.318333954552923
2022-11-24,SHV,EFA,8.342466927082095,17.18780057358849
2022-11-25,SHV,EFA,8.342466927082095,17.18572212920416
2022-11-26,SHV,EFA,8.342466927082095,16.081466140949104
2022-11-27,SHV,EFA,8.288998818607858,16.893724953614864
2022-11-28,SHV,EEM,8.371032848017437,17.551668214676557
2022-11-29,SHV,EEM,8.492369709893454,18.988984243422443
2022-11-30,SHV,EEM,8.480721085699125,21.86810229566559
2022-12-01,SHV,GLD,8.457217189845405,21.284749807181523
2022-12-02,SHV,EFA,8.44875997265556,20.396553005016905
2022-12-03,SHV,EFA,8.44875997265556,18.959342334606262
2022-12-04,SHV,TLT,8.38158229787536,18.28021017842313
2022-12-05,SHV,TLT,8.436324151034263,18.957532202425234
2022-12-06,SHV,TLT,8.53724953622825,20.147796036456175
2022-12-07,SHV,TLT,8.527104527962143,20.996081680952223
2022-12-08,SHV,TLT,8.416191133409924,21.876055065739628
2022-12-09,SHV,TLT,8.416191133409924,20.30018399458945
2022-12-10,SHV,TLT,8.416191133409924,18.887876362940766
2022-12-11,SHV,TLT,8.429646730825834,19.826592447659912
2022-12-12,SHV,TLT,8.471876478164695,19.826592447659912
2022-12-13,SHV,TLT,8.489584579824163,21.37781840862032
2022-12-14,SHV,TLT,8.508197568775577,21.381593127777457
2022-12-15,SHV,TLT,8.46145244287112,21.21387352630666
2022-12-16,SHV,TLT,8.46145244287112,21.71492891312984
2022-12-17,SHV,TLT,8.46145244287112,21.01493983025195
2022-12-18,SHV,TLT,8.390740514023362,20.33640145751199
2022-12-19,SHV,TLT,8.317006517146307,21.0158871647424
2022-12-20,SHV,GLD,8.302566366987064,22.218178353134945
2022-12-21,SHV,GLD,8.254287146628137,23.469434938504143
2022-12-22,SHV,GLD,8.26628578117042,23.431329322144904
2022-12-23,SHV,DBA,8.25801949538925,20.932513666640055
2022-12-24,SHV,DBA,8.25801949538925,20.932513666640055
2022-12-25,SHV,DBA,8.25801949538925,20.27287432849637
2022-12-26,SHV,DBA,8.239622879215355,20.27287432849637
2022-12-27,SHV,GLD,8.213588130866603,20.27287432849637
2022-12-28,SHV,DBA,8.187355670433305,20.753323725607167
2022-12-29,SHV,DBA,8.186982436312823,20.671765362919796
2022-12-30,SHV,GLD,8.17879545387651,19.324298175042127
2022-12-31,SHV,DBA,8.170616658422635,17.934360426848848
2023-01-01,SHV,DBA,8.170616658422635,18.69962779176124
2023-01-02,SHV,DBA,8.126755299978349,18.69962779176124
2023-01-03,SHV,GLD,8.157204172958306,19.797511560818965
2023-01-04,SHV,GLD,8.107162223831821,19.799434039592835
2023-01-05,SHV,GLD,8.183731207076447,19.79870294166239
2023-01-06,SHV,GLD,8.183731207076447,19.37978603593319
2023-01-07,SHV,GLD,8.183731207076447,17.852730683008385
2023-01-08,SHV,GLD,8.19329079195782,17.852730683008385
2023-01-09,SHV,GLD,8.207976976175054,18.50523120668685
2023-01-10,SHV,GLD,8.206278984683443,17.678573527563618
2023-01-11,SHV,GLD,8.255980969409109,19.085986248844442
2023-01-12,SHV,GLD,8.305524219531442,18.842071115839094
2023-01-13,SHV,GLD,8.305524219531442,19.628754652625616
2023-01-14,SHV,GLD,8.305524219531442,18.20196161930989
2023-01-15,ETH,SHV,8.362298619888536,17.59993890611441
2023-01-16,ETH,SHV,8.339606533168393,17.521861526826235
2023-01-17,SHV,ETH,8.200786325994326,18.49031455987711
2023-01-18,SHV,ETH,8.302145855227915,18.49000280848335
2023-01-19,SHV,ETH,8.589512461064754,18.78184775059511
2023-01-20,SHV,ETH,8.505064047069647,18.778007183062126
2023-01-21,SHV,BTC,8.485888873428161,17.327789808061194
2023-01-22,SHV,BTC,8.525855412986202,18.195130758584853
2023-01-23,SHV,BTC,8.470859167333215,18.195130758584853
2023-01-24,SHV,BTC,8.562467887450557,18.887466521829676
2023-01-25,SHV,BTC,8.547877288032351,20.42773061926432
2023-01-26,SHV,BTC,8.5567917994477,21.93750516080872
2023-01-27,SHV,BTC,8.547960416112161,21.426460395224673
2023-01-28,SHV,BTC,8.68593061790619,20.58569996709012
2023-01-29,SHV,BTC,8.515629880761496,21.689650904949275
2023-01-30,SHV,BTC,8.571781142492588,22.533127171268514
2023-01-31,SHV,BTC,8.681210440271277,23.40434093997896
2023-02-01,SHV,BTC,8.63670159779838,25.08643517391431
2023-02-02,SHV,BTC,8.63176863021144,25.205708705939028
2023-02-03,SHV,AAPL,8.623136861581228,21.860998594906338
2023-02-04,SHV,AAPL,8.623136861581228,20.597826696519522
2023-02-05,SHV,AAPL,8.545835065457812,19.378939842293544
2023-02-06,SHV,AAPL,8.628454615560115,19.378939842293544
2023-02-07,SHV,NVDA,8.626829027709926,20.096876296701804
2023-02-08,SHV,NVDA,8.654038939083986,20.59622320764363
2023-02-09,SHV,NVDA,8.446377042904778,23.18451708288624
2023-02-10,SHV,AAPL,8.437930665861874,21.615328550590515
2023-02-11,SHV,AAPL,8.437930665861874,20.940260869882366
2023-02-12,SHV,AAPL,8.518427069478822,20.940260869882366
2023-02-13,SHV,AAPL,8.500432076814937,22.52832273569254
2023-02-14,SHV,NVDA,8.454055479206156,22.52832273569254
2023-02-15,SHV,AAPL,8.403480660001403,23.400116589649006
2023-02-16,SHV,AAPL,8.372152067518513,22.924822953695617
2023-02-17,SHV,AAPL,8.372152067518513,22.921283082328106
2023-02-18,SHV,DBA,8.363779915450994,21.336888458019754
2023-02-19,SHV,DBA,8.363779915450994,20.049617041347886
2023-02-20,SHV,DBA,8.404619557845404,20.049617041347886
2023-02-21,SHV,DBA,8.385444395561429,20.049617041347886
2023-02-22,SHV,DBA,8.382890231753755,21.589461653112483
2023-02-23,SHV,DBA,8.322111625441545,22.377631611933637
2023-02-24,SHV,UUP,8.313789513816104,21.589248147709394
2023-02-25,SHV,UUP,8.313789513816104,20.04972857694227
2023-02-26,SHV,UUP,8.292658654292957,19.299532509653954
2023-02-27,SHV,UUP,8.30436337919253,20.559017116187366
2023-02-28,SHV,UUP,8.283202825458698,20.559017116187366
2023-03-01,SHV,UUP,8.307061802311999,21.07353726435632
2023-03-02,SHV,UUP,8.291363121783478,21.656493687840513
2023-03-03,SHV,UUP,8.291363121783478,20.871531361588627
2023-03-04,SHV,UUP,8.291363121783478,19.33032908169308
2023-03-05,SHV,USO,8.320795476815269,21.62010333566923
2023-03-06,SHV,USO,8.164224069320998,22.43924504990916
2023-03-07,SHV,UUP,8.155006108493332,20.062087692971573
2023-03-08,SHV,UUP,8.14582809295356,20.817021649382003
2023-03-09,SHV,UUP,8.121981373072979,21.08400407449013
2023-03-10,SHV,UUP,8.121981373072979,21.40778099291188
2023-03-11,SHV,UUP,8.121981373072979,19.845654270215633
2023-03-12,SHV,UUP,8.089530751771624,19.845654270215633
2023-03-13,SHV,GLD,8.055842839341317,18.046205406636215
2023-03-14,SHV,ETH,7.940012152332783,14.397129464307755
2023-03-15,SHV,GLD,7.939724135234882,14.902078067249308
2023-03-16,SHV,GLD,8.058207883553726,14.5392864495049
2023-03-17,SHV,GLD,8.058207883553726,15.736938179516857
2023-03-18,SHV,GLD,8.058207883553726,14.521230682057466
2023-03-19,SHV,GLD,8.059012571442134,14.212570759714255
2023-03-20,SHV,GLD,7.981858792338196,13.510007742058065
2023-03-21,SHV,NVDA,8.01625965291625,12.457208962140784
2023-03-22,SHV,NVDA,8.12828736760811,13.439954309036384
2023-03-23,SHV,NVDA,8.067074876534525,14.851677797672924
2023-03-24,SHV,NVDA,8.067074876534525,14.35590820311433
2023-03-25,SHV,GLD,8.059007801657991,13.379061339362668
2023-03-26,SHV,MSFT,7.99083271885814,13.095189396409848
2023-03-27,SHV,MSFT,7.9745700304303435,13.095189396409848
2023-03-28,SHV,GLD,7.947196388408363,13.37797141911717
2023-03-29,SHV,MSFT,7.990063612292273,13.121108032261656
2023-03-30,SHV,MSFT,8.050200870343907,13.66203949130382
2023-03-31,SHV,MSFT,8.050200870343907,13.403344468737098
2023-04-01,SHV,AAPL,8.042150669473564,12.259493148391156
2023-04-02,SHV,MSFT,8.018870440803713,11.97905259866528
2023-04-03,SHV,AAPL,7.999288212261023,11.70755685399909
2023-04-04,SHV,AAPL,7.956311828615594,12.665281465833024
2023-04-05,SHV,GLD,7.920003370748224,13.664407459877184
2023-04-06,SHV,MSFT,7.912083367377475,14.324145777530887
2023-04-07,SHV,MSFT,7.912083367377475,14.034482417915282
2023-04-08,SHV,BTC,7.958650149143837,12.746163082073723
2023-04-09,AAPL,MSFT,7.857066975435069,12.763819557325732
2023-04-10,BTC,NVDA,7.8679038029544826,13.353843699640523
2023-04-11,BTC,SHV,7.847912407320981,11.880894480086349
2023-04-12,SHV,XLV,7.8931290678243755,10.483098494667459
2023-04-13,SHV,XLV,7.86070584191966,14.844323020028671
2023-04-14,EFA,SHV,7.85284513607774,13.631057147536428
2023-04-15,SHV,USO,7.844992290941662,13.129522383568341
2023-04-16,EFA,USO,7.762244318427378,15.257152537525403
2023-04-17,EFA,DBA,7.7939897799346864,14.831081859430398
2023-04-18,EFA,DBA,7.747032276947196,15.85071455557704
2023-04-19,SHV,EFA,7.7413914019358625,14.554021216163623
2023-04-20,SHV,EFA,7.761289991935388,18.252206619359182
2023-04-21,SHV,EFA,7.761289991935388,17.33835262830161
2023-04-22,SHV,EFA,7.761289991935388,16.09884578251624
2023-04-23,SHV,EFA,7.77165553370836,15.523373911750125
2023-04-24,SHV,EFA,7.718493893313723,16.099135980508873
2023-04-25,SHV,EFA,7.716190956670483,17.43430455745305
2023-04-26,SHV,EFA,7.765155788777953,18.035491140637788
2023-04-27,SHV,EFA,7.763926226599732,18.49212342952418
2023-04-28,SHV,EFA,7.763926226599732,18.49125130055263
2023-04-29,SHV,DBA,7.756162300373132,17.43409858151971
2023-04-30,SHV,EFA,7.742195132675487,16.84329776251345
2023-05-01,SHV,XLV,7.718795423845576,15.973824459517395
2023-05-02,SHV,XLV,7.714298540283775,17.28652823911747
2023-05-03,SHV,MSFT,7.721468792969276,18.99614341436656
2023-05-04,SHV,MSFT,7.787357608318701,18.865938555656957
2023-05-05,SHV,EFA,7.779570250710383,16.743520601613298
2023-05-06,SHV,EFA,7.779570250710383,16.743520601613298
2023-05-07,SHV,EFA,7.780978031504788,16.743520601613298
2023-05-08,SHV,EFA,7.765184444422424,17.335773939268975
2023-05-09,SHV,EFA,7.75868124069486,17.335773939268975
2023-05-10,SHV,AAPL,7.756573041176999,19.620054795824252
2023-05-11,SHV,AAPL,7.73556152794014,20.063887725007326
2023-05-12,SHV,AMZN,7.7278259664122,19.44985473022696
2023-05-13,SHV,UUP,7.720098140445788,18.128808447159006
2023-05-14,SHV,UUP,7.709459726598748,20.005119212732502
2023-05-15,SHV,MSFT,7.730122159111016,20.707992396830598
2023-05-16,SHV,AMZN,7.794594897883228,20.707992396830598
2023-05-17,SHV,AMZN,7.885073990207837,21.206356377270303
2023-05-18,SHV,AMZN,7.8216730066294256,21.492590966050532
2023-05-19,SHV,MSFT,7.813851333622796,20.78502454904196
2023-05-20,SHV,NVDA,7.806037482289173,19.811761632973926
2023-05-21,SHV,NVDA,7.795052462886111,19.07026541994904
2023-05-22,SHV,MSFT,7.716195894379492,19.07026541994904
2023-05-23,SHV,UUP,7.722064798274204,20.31771475179205
2023-05-24,SHV,UUP,7.741446566619047,19.568871196134793
2023-05-25,SHV,MSFT,7.817099478105284,19.442125538180264
2023-05-26,SHV,QQQ,7.809282378627179,19.932923914045094
2023-05-27,SHV,UUP,7.801473096248552,18.75501796964944
2023-05-28,SHV,UUP,7.801473096248552,18.084209765609724
2023-05-29,SHV,UUP,7.797732617785212,18.084209765609724
2023-05-30,SHV,AMZN,7.756065004945412,18.754747892717862
2023-05-31,SHV,AMZN,7.829037463663299,21.10051985355596
2023-06-01,SHV,AMZN,7.8765839428340305,20.167809654120937
2023-06-02,SHV,AMZN,7.8765839428340305,19.70192958834025
2023-06-03,SHV,AMZN,7.8765839428340305,18.443230885964994
2023-06-04,SHV,AMZN,7.909865380167641,19.308463712328425
2023-06-05,SHV,AMZN,7.951932408246524,19.308463712328425
2023-06-06,SHV,AMZN,7.783706251484934,20.496097219332604
2023-06-07,SHV,AMZN,7.883133133823438,20.99493138272638
2023-06-08,SHV,QQQ,7.890302645403308,21.73446335152542
2023-06-09,SHV,QQQ,7.890302645403308,20.16958510660978
2023-06-10,SHV,QQQ,7.890302645403308,18.638776567090325
2023-06-11,SHV,QQQ,7.957679977972891,18.638776567090325
2023-06-12,SHV,QQQ,7.988975831454546,19.735875839502672
2023-06-13,SHV,QQQ,8.018368634967047,20.868792519040152
2023-06-14,SHV,QQQ,8.069052884157271,20.867630799606573
2023-06-15,SHV,QQQ,8.044030303688535,21.441009683739853
2023-06-16,SHV,QQQ,8.044030303688535,20.989020135848016
2023-06-17,SHV,QQQ,8.044030303688535,19.65880080411339
2023-06-18,SHV,QQQ,8.044030303688535,19.65880080411339
2023-06-19,SHV,QQQ,8.038271846971169,19.65880080411339
2023-06-20,SHV,QQQ,7.983865151239987,19.65880080411339
2023-06-21,SHV,DBA,7.944892176167433,20.228875206445736
2023-06-22,SHV,AAPL,7.930514923641916,20.721643724949477
2023-06-23,SHV,AAPL,7.930514923641916,21.303539024154183
2023-06-24,SHV,AAPL,7.930514923641916,19.74310396902363
2023-06-25,SHV,AAPL,7.901284222317692,18.737726841592085
2023-06-26,SHV,AAPL,7.961493786479928,19.743659054732646
2023-06-27,SHV,AAPL,7.987043691310466,20.783388804284264
2023-06-28,SHV,AAPL,7.994942243206526,21.391091854883477
2023-06-29,SHV,AAPL,8.08946631072304,21.85940364777534
2023-06-30,SHV,AAPL,8.08946631072304,22.262467959365335
2023-07-01,SHV,SPY,8.081376844412317,21.167868518381198
2023-07-02,SHV,AAPL,8.041577953781381,20.541367906651665
2023-07-03,SHV,SPY,8.0335363758276,19.946348384049728
2023-07-04,SHV,SPY,8.028292506499284,19.946348384049728
2023-07-05,SHV,SPY,7.999048473366596,21.01869684002348
2023-07-06,SHV,AAPL,7.9675103278018415,21.38919096871296
2023-07-07,SHV,AAPL,7.9675103278018415,20.356366072214474
2023-07-08,SHV,AAPL,7.9675103278018415,19.17645666826733
2023-07-09,SHV,AAPL,7.924986956688608,19.17645666826733
2023-07-10,SHV,SOL,8.061772116443839,20.251573228009953
2023-07-11,SHV,SOL,8.041828104369161,20.251573228009953
2023-07-12,SHV,SOL,8.784637917180145,20.558438539073677
2023-07-13,SHV,SOL,8.90486582167122,20.900806598924046
2023-07-14,SHV,SOL,9.014052456597112,20.90081472133516
2023-07-15,SHV,SOL,9.01285578922911,20.394883427941473
2023-07-16,SHV,SOL,8.92912119429862,19.729103346129442
2023-07-17,SHV,SOL,8.708852345128506,20.395807794840493
2023-07-18,SHV,SOL,8.850760574423271,21.07863182853998
2023-07-19,SHV,SOL,8.685436612802489,22.286687326819433
2023-07-20,SHV,XLF,8.662429928128507,23.8071987298362
2023-07-21,SHV,XLF,8.662429928128507,23.808279429618732
2023-07-22,SHV,XLF,8.662429928128507,22.172401316334568
2023-07-23,SHV,XLF,8.704586718210383,21.48063539696833
2023-07-24,SHV,XLF,8.676862661800074,22.17314788673645
2023-07-25,SHV,XLF,8.703408035766238,22.885360789074333
2023-07-26,SHV,XLF,8.649946202012169,22.886646102674405
2023-07-27,SHV,USO,8.68239171312973,23.292025809920645
2023-07-28,SHV,USO,8.68239171312973,24.122801994754788
2023-07-29,SHV,USO,8.68239171312973,22.895994254312313
2023-07-30,SHV,USO,8.748215009798185,21.70018573083728
2023-07-31,SHV,USO,8.736337796222509,22.952872499047423
2023-08-01,SHV,USO,8.648523236893759,24.126847443905337
2023-08-02,SHV,USO,8.750518703943415,26.377867921898968
2023-08-03,SHV,USO,8.79059461865042,28.18002719131922
2023-08-04,SHV,USO,8.79059461865042,28.498349856016073
2023-08-05,SHV,USO,8.79059461865042,27.690873173012456
2023-08-06,SHV,USO,8.79238149427436,27.690873173012456
2023-08-07,SHV,USO,8.807472704919489,27.690873173012456
2023-08-08,SHV,USO,8.86971256857747,29.320897192802992
2023-08-09,SHV,USO,8.81857906117198,28.6771997389103
2023-08-10,SHV,USO,8.822351941216704,30.11895930124676
2023-08-11,SHV,UUP,8.813529589275488,29.812982233424464
2023-08-12,SHV,UUP,8.813529589275488,29.39897275116897
2023-08-13,SHV,XLE,8.786906038004801,28.333250021816813
2023-08-14,SHV,XLE,8.696419547539126,30.060446851455957
2023-08-15,SHV,UUP,8.700233504258208,31.912010518200756
2023-08-16,SHV,UUP,8.70069352644536,31.909497957132213
2023-08-17,SHV,UUP,8.704114850344,32.049311199581474
2023-08-18,SHV,UUP,8.704114850344,31.34271251686013
2023-08-19,SHV,UUP,8.704114850344,30.061150286733998
2023-08-20,SHV,UUP,8.699971308852273,28.97117288306537
2023-08-21,SHV,UUP,8.715896068215807,30.060500153601193
2023-08-22,SHV,UUP,8.70157552755668,31.910842907095983
2023-08-23,SHV,UUP,8.73836513902768,32.635248020435405
2023-08-24,SHV,UUP,8.74439793974067,32.78011924256769
2023-08-25,SHV,UUP,8.74439793974067,30.94457646655575
2023-08-26,SHV,UUP,8.74439793974067,29.06184936933838
2023-08-27,SHV,UUP,8.737258088542704,27.184414537665567
2023-08-28,SHV,UUP,8.714308288162334,28.173121858673223
2023-08-29,SHV,UUP,8.707139444430078,30.116982879942274
2023-08-30,SHV,UUP,8.730704630408205,29.45656968034712
2023-08-31,SHV,UUP,8.759132632817003,28.65941771660512
2023-09-01,SHV,UUP,8.759132632817003,28.991889113461294
2023-09-02,SHV,UUP,8.759132632817003,27.145946548142597
2023-09-03,SHV,UUP,8.759132632817003,25.404175737649812
2023-09-04,SHV,UUP,8.781730980124648,25.404175737649812
2023-09-05,SHV,UUP,8.784031943563619,25.404175737649812
2023-09-06,SHV,UUP,8.7969430342889,26.851070091650104
2023-09-07,SHV,UUP,8.80184690364384,26.47072140824979
2023-09-08,SHV,UUP,8.80184690364384,26.472228477897136
2023-09-09,SHV,UUP,8.80184690364384,24.909860230361375
2023-09-10,SHV,UUP,8.781638921128055,23.588323256659816
2023-09-11,SHV,UUP,8.789558402991593,24.90883856142273
2023-09-12,SHV,UUP,8.793362637924469,25.723410935662503
2023-09-13,SHV,DBA,8.806426775447235,25.724880896025883
2023-09-14,SHV,DBA,8.832598618977565,25.9093101035984
2023-09-15,SHV,USO,8.823766020358587,25.90912100776863
2023-09-16,SHV,USO,8.823766020358587,24.362161099399984
2023-09-17,SHV,USO,8.833249735347195,23.5889206229598
2023-09-18,SHV,USO,8.835961150081728,24.908560467823218
2023-09-19,SHV,USO,8.763038569856718,24.908560467823218
2023-09-20,SHV,USO,8.77978725973472,25.46270128814742
2023-09-21,SHV,USO,8.7925934525317,25.673756168477247
2023-09-22,SHV,USO,8.7925934525317,25.67350753598483
2023-09-23,SHV,USO,8.7925934525317,24.11952048231121
2023-09-24,SHV,USO,8.779905336044457,24.11952048231121
2023-09-25,SHV,USO,8.807060231369048,24.904399431317604
2023-09-26,SHV,USO,8.917837903714412,25.71680841183153
2023-09-27,SHV,USO,8.848320869870259,26.287504472924788
2023-09-28,SHV,USO,8.809812228579148,26.147528017510066
2023-09-29,SHV,UUP,8.801002416350569,25.351740894671558
2023-09-30,SHV,UUP,8.801002416350569,24.27914094127835
2023-10-01,SHV,UUP,8.836046091496648,22.65571845183412
2023-10-02,SHV,UUP,8.840871185530824,24.159798948338985
2023-10-03,SHV,UUP,8.829212689825212,24.989908299478813
2023-10-04,SHV,UUP,8.8168539507814,26.712298378577383
2023-10-05,SHV,UUP,8.808378538648551,27.799259223071054
2023-10-06,SHV,UUP,8.808378538648551,27.210754773735896
2023-10-07,SHV,UUP,8.808378538648551,26.128934266890823
2023-10-08,SHV,SOL,8.586470437648096,25.28241083244221
2023-10-09,SHV,UUP,8.5681741580729,26.12711992902697
2023-10-10,SHV,SOL,8.541079671070676,27.00426037972624
2023-10-11,SHV,SOL,8.406182226505555,26.415484903799168
2023-10-12,SHV,UUP,8.401346019508221,26.63534914404952
2023-10-13,SHV,UUP,8.401346019508221,26.6342004267903
2023-10-14,SHV,UUP,8.401346019508221,25.060890500920557
2023-10-15,SHV,UUP,8.383481456520222,24.27259264976561
2023-10-16,SHV,SOL,8.371349481507314,25.062057026752203
2023-10-17,SHV,SOL,8.279631782657203,25.87767784401484
2023-10-18,SHV,UUP,8.26078752802648,25.3157119658207
2023-10-19,SHV,SOL,8.600415469436308,26.883767755556676
2023-10-20,SHV,SOL,8.974632906507482,27.21297668391591
2023-10-21,SHV,SOL,8.921256698177988,25.619432786090506
2023-10-22,SHV,SOL,9.354398413730738,24.273803450051016
2023-10-23,SHV,SOL,9.105264881856025,25.617903292132716
2023-10-24,SHV,SOL,9.454286646826334,26.45033697381027
2023-10-25,SHV,SOL,9.502778075643416,25.619613938823676
2023-10-26,SHV,SOL,9.353482510959388,25.5426333595684
2023-10-27,SHV,SOL,9.340754698386466,25.54283774118688
2023-10-28,SHV,SOL,9.513280940181955,23.909680754805542
2023-10-29,SHV,SOL,9.823799399548056,23.909680754805542
2023-10-30,SHV,SOL,10.323551568465588,24.635417211561467
2023-10-31,SHV,SOL,10.719578704841165,24.635417211561467
2023-11-01,SHV,SOL,10.559909165639265,24.878746608109186
2023-11-02,SHV,SOL,10.471027079965692,25.808069675786705
2023-11-03,SHV,SOL,10.845521666445153,25.669208369038405
2023-11-04,SHV,SOL,10.703635718122301,24.343678539056683
2023-11-05,SHV,SOL,10.81864931978765,23.6067827319676
2023-11-06,SHV,SOL,10.943894422937925,22.69770512438325
2023-11-07,SHV,SOL,10.956752319143511,24.23536005171175
2023-11-08,SHV,SOL,11.244767542613822,24.23629329011557
2023-11-09,SHV,SOL,12.631828719516953,25.207783838555546
2023-11-10,SHV,SOL,12.571484719032409,26.080987076542126
2023-11-11,SOL,SHV,12.577247763044701,27.034830318803888
2023-11-12,SOL,SHV,12.102195441218104,25.882723750159705
2023-11-13,SHV,SOL,12.679263361040302,24.249520103550694
2023-11-14,SHV,SOL,13.649773897144573,25.971644028721656
2023-11-15,SHV,SOL,12.855447301826567,25.970247504002675
2023-11-16,SHV,SOL,12.9165099445736,26.55452620318852
2023-11-17,SHV,SOL,12.927210732283845,26.5523197898321
2023-11-18,SHV,SOL,13.245441770990547,24.87689796166803
2023-11-19,SHV,SOL,12.72180645982353,23.322417786495517
2023-11-20,SHV,XLK,12.659988113624168,24.028816775793977
2023-11-21,SHV,XLK,12.690500266068337,25.741419219244886
2023-11-22,SHV,XLK,12.690500266068337,26.20949366865987
2023-11-23,SHV,XLK,12.6787117307359,25.46949405367317
2023-11-24,SHV,XLK,12.6787117307359,26.208461267653245
2023-11-25,SHV,XLK,12.6787117307359,25.49241739089189
2023-11-26,SHV,XLF,12.645700094190072,24.161163897667482
2023-11-27,SHV,XLK,12.64675717928122,25.491587380640183
2023-11-28,SHV,XLK,12.65269348172077,27.20802737255838
2023-11-29,SHV,XLF,12.713540950116034,27.803383326448124
2023-11-30,SHV,XLF,12.763368811970855,29.714624981743608
2023-12-01,SHV,XLF,12.763368811970855,29.7113656568339
2023-12-02,SHV,XLF,12.763368811970855,28.063045681587898
2023-12-03,SHV,XLF,12.756892372222614,26.279923763584133
2023-12-04,SHV,XLF,12.726272866650193,27.152075089158657
2023-12-05,SHV,XLF,12.695566312955716,28.679475895835537
2023-12-06,SHV,XLF,12.728614155449867,31.720073077492984
2023-12-07,SHV,XLF,12.762260535211714,31.297986793031136
2023-12-08,SHV,XLF,12.762260535211714,30.29312622703631
2023-12-09,SHV,XLF,12.762260535211714,28.368176319083947
2023-12-10,SHV,XLF,12.80111496820879,26.563905800052375
2023-12-11,SHV,XLF,12.848640362303342,26.563905800052375
2023-12-12,SHV,XLF,12.95450271519934,28.368792623257363
2023-12-13,SHV,XLF,13.022112626501725,29.33744189758616
2023-12-14,SHV,XLF,12.984576524311384,28.910457258163042
2023-12-15,SHV,XLF,12.984576524311384,28.91495084674689
2023-12-16,SHV,XLF,12.984576524311384,27.84784426991563
2023-12-17,SHV,XLF,13.007421562963115,26.946305643022065
2023-12-18,SHV,XLF,13.056256614370717,28.470146527165205
2023-12-19,SHV,XLF,12.94161843649122,28.470146527165205
2023-12-20,SHV,TLT,12.891891219296843,29.418536681867725
2023-12-21,SHV,SOL,13.164830554955865,27.862836622795065
2023-12-22,SHV,SOL,13.808978773479096,27.436930548011826
2023-12-23,SHV,SOL,14.122840808877166,27.436930548011826
2023-12-24,SHV,SOL,14.666563008279027,26.61437774958586
2023-12-25,SHV,SOL,14.15520343551608,26.61437774958586
2023-12-26,SHV,SOL,13.800123483200563,28.032590421499805
2023-12-27,SHV,SOL,13.48735872931305,26.617684984222272
2023-12-28,SHV,SOL,13.767052093424978,25.84027623751291
2023-12-29,SHV,SOL,13.4778567830373,26.18819837268387
2023-12-30,SHV,SOL,13.455408225675676,24.465073288151114
2023-12-31,SHV,SOL,13.985829834674973,22.86926921152838
2024-01-01,SHV,SOL,13.800172099643945,22.86926921152838
2024-01-02,SHV,SOL,13.281935878648136,22.063960752090107
2024-01-03,SHV,SOL,13.721629643748017,22.062918803287822
2024-01-04,SHV,SOL,13.389340611996955,22.564512122404143
2024-01-05,SHV,XLF,13.375951271384958,22.096272579735924
2024-01-06,SHV,XLV,13.362575320113573,20.52043213410705
2024-01-07,SHV,XLV,13.422858238974358,20.52043213410705
2024-01-08,SHV,XLV,13.422511168566848,21.591749413797796
2024-01-09,SHV,XLV,13.454336080316306,22.221439208424613
2024-01-10,SHV,XLV,13.453835939232102,23.360076786142184
2024-01-11,SHV,XLV,13.438951984876665,23.102243964878124
2024-01-12,SHV,NVDA,13.425513032891788,22.918780649673458
2024-01-13,SHV,MSFT,13.412087519858895,21.34678942968932
2024-01-14,SHV,XLV,13.398675432339036,20.747310085458732
2024-01-15,SHV,XLV,13.358627427390838,20.747310085458732
2024-01-16,SHV,NVDA,13.307541652985526,20.747310085458732
2024-01-17,SHV,XLV,13.295088027359274,20.743727973454785
2024-01-18,SHV,NVDA,13.56082961147744,22.121056632368113
2024-01-19,SHV,NVDA,13.56082961147744,22.118126436727255
2024-01-20,SHV,NVDA,13.56082961147744,21.051636417776727
2024-01-21,SHV,NVDA,13.58063736486392,19.938043960004254
2024-01-22,SHV,NVDA,13.605565096424593,21.04923035223826
2024-01-23,SHV,NVDA,13.775361155587216,21.04923035223826
2024-01-24,SHV,NVDA,13.807726311939454,21.708714670656057
2024-01-25,SHV,NVDA,13.742692897194308,21.946007859943208
2024-01-26,SHV,NVDA,13.742692897194308,22.584914283255053
2024-01-27,SHV,NVDA,13.742692897194308,21.679550352468624
2024-01-28,SHV,NVDA,13.904764662288935,20.210488608255574
2024-01-29,SHV,NVDA,13.939786548841859,20.88627132007778
2024-01-30,SHV,NVDA,13.803220848855903,21.582013278840208
2024-01-31,SHV,NVDA,13.976054391371807,23.107751627204102
2024-02-01,SHV,NVDA,14.321516773853995,24.636286901292852
2024-02-02,NVDA,SHV,14.321516773853995,21.3709473960203
2024-02-03,NVDA,SHV,14.321516773853995,20.566202127155393
2024-02-04,SHV,NVDA,14.66548824015645,18.957185923002708
2024-02-05,NVDA,SHV,14.5501940939686,21.13910791054474
2024-02-06,SHV,NVDA,14.75156385508152,20.88876872919451
2024-02-07,SHV,NVDA,14.706718592666995,20.888105483214066
2024-02-08,SHV,NVDA,14.970519491469508,21.862306851119193
2024-02-09,SHV,NVDA,14.970519491469508,21.4051944057563
2024-02-10,SHV,NVDA,14.970519491469508,20.263662925061155
2024-02-11,SHV,NVDA,14.983129974194908,18.886707782148957
2024-02-12,SHV,NVDA,14.969328864814742,19.496498797427737
2024-02-13,SHV,NVDA,15.155924092948046,17.87284910702495
2024-02-14,SHV,NVDA,15.032685373307135,19.366340098463777
2024-02-15,SHV,NVDA,15.028030167005198,20.819048173690618
2024-02-16,SHV,NVDA,15.028030167005198,19.8101226572317
2024-02-17,SHV,NVDA,15.028030167005198,18.526604266699927
2024-02-18,SHV,BTC,14.963546570776947,17.27616841570916
2024-02-19,SHV,NVDA,14.624567125059498,17.27616841570916
2024-02-20,SHV,BTC,14.54833482526961,18.222268702312544
2024-02-21,BTC,SHV,14.47600923451895,18.96434569943953
2024-02-22,SHV,BTC,14.396478842615831,19.25830280035555
2024-02-23,SHV,ETH,14.556163781364504,19.687527312352472
2024-02-24,SHV,ETH,14.848784902802743,18.220361157811315
2024-02-25,ETH,SHV,15.006914766103483,18.331361198559676
2024-02-26,ETH,SHV,15.1629344265031,19.760564314347526
2024-02-27,ETH,BTC,16.196376794353075,21.698110541675675
2024-02-28,ETH,SHV,16.079952744066865,22.17447299145295
2024-02-29,ETH,SHV,16.306058700519564,19.94666699064963
2024-03-01,ETH,SHV,16.275193619156514,24.969563775538305
2024-03-02,ETH,SHV,16.439141330834772,23.718268857003935
2024-03-03,ETH,SHV,16.768202183274163,25.151593517544963
2024-03-04,ETH,SHV,16.595435800494226,28.252636114456205
2024-03-05,ETH,SHV,17.213763001872746,25.862020519675983
2024-03-06,ETH,SHV,17.34110531243224,27.739860582654252
2024-03-07,ETH,SHV,17.381535051904446,26.734731723734463
2024-03-08,ETH,SHV,17.43369203639837,25.4879449861815
2024-03-09,ETH,SHV,17.357495518272707,26.17260580144091
2024-03-10,ETH,SHV,17.772524973987096,23.399498835635594
2024-03-11,ETH,SHV,17.585828694878234,25.4525894747693
2024-03-12,ETH,SHV,17.64447113911314,23.10207139652937
2024-03-13,SHV,ETH,17.37692660804456,23.010169375994426
2024-03-14,SHV,ETH,17.047533426753816,26.86552827960216
2024-03-15,SHV,GLD,17.03048589332706,26.523050809957425
2024-03-16,SHV,SOL,17.960251543867674,25.782356646947466
2024-03-17,SHV,SOL,17.68868116264426,25.782356646947466
2024-03-18,SHV,SOL,16.517271834268115,26.72080477814199
2024-03-19,SHV,XLE,16.491363697539057,27.697781432403076
2024-03-20,SHV,GLD,16.46930145921196,29.611139931458723
2024-03-21,SHV,XLE,16.43730052517508,29.750906105700512
2024-03-22,SHV,XLE,16.43730052517508,30.70700449804164
2024-03-23,SHV,XLE,16.43730052517508,28.8281785609884
2024-03-24,SHV,XLE,16.51379424352931,27.223689159299248
2024-03-25,SHV,XLE,16.451542677114404,27.223689159299248
2024-03-26,SHV,SOL,16.25335067379166,28.828097393289692
2024-03-27,SHV,XLE,16.32562387742633,28.725342873713654
2024-03-28,SHV,XLE,16.32562387742633,28.11392380911383
2024-03-29,SHV,XLE,16.32562387742633,27.251981802560493
2024-03-30,SHV,XLE,16.32562387742633,26.224208492353036
2024-03-31,SHV,XLE,16.387034238120638,24.55517355701205
2024-04-01,SHV,DBA,16.270176617009092,25.53812944953254
2024-04-02,SHV,XLE,16.31026247674789,26.420403185377776
2024-04-03,SHV,XLE,16.310410675499792,26.419811954439137
2024-04-04,SHV,XLE,16.398551363999236,25.327164386382695
2024-04-05,SHV,XLE,16.398551363999236,24.785241434786336
2024-04-06,SHV,XLE,16.398551363999236,23.11242758440985
2024-04-07,SHV,XLE,16.34746230031181,22.400089792235715
2024-04-08,SHV,XLE,16.350722833378846,23.109895815472637
2024-04-09,SHV,XLE,16.375136101281292,23.845175429595855
2024-04-10,SHV,XLE,16.37299189816471,22.202495700054353
2024-04-11,SHV,XLE,16.240531165232436,22.578723602066205
2024-04-12,SHV,DBA,16.224290634067206,22.577196236434318
2024-04-13,SHV,DBA,16.224290634067206,21.032958704480663
2024-04-14,SHV,GLD,16.360503329591754,19.907695848888952
2024-04-15,SHV,GLD,16.37124046259193,20.553995628046582
2024-04-16,SHV,GLD,16.312411512891266,21.215205816376297
2024-04-17,SHV,GLD,16.343968419964984,21.704227872252964
2024-04-18,SHV,GLD,16.37104001947935,22.577447913401155
2024-04-19,SHV,DBA,16.35466897945987,22.26311741835686
2024-04-20,SHV,GLD,16.33831431048041,20.682602870152504
2024-04-21,SHV,GLD,16.137256680972378,19.279036114397815
2024-04-22,SHV,DBA,16.048713696831914,19.908537304406973
2024-04-23,SHV,GLD,16.019204561350794,21.032402715439773
2024-04-24,SHV,DBA,15.893809131931098,22.196817945939564
2024-04-25,SHV,GLD,15.905090064428613,22.504913299564908
2024-04-26,SHV,GLD,15.905090064428613,23.281858813227192
2024-04-27,SHV,UUP,15.889184974364184,22.491233469638786
2024-04-28,SHV,UUP,15.865156167019046,22.491233469638786
2024-04-29,SHV,GLD,15.6920141430145,23.28384840365462
2024-04-30,SHV,UUP,15.670630791769003,24.10206327751021
2024-05-01,SHV,UUP,15.61464715652202,24.825395009154867
2024-05-02,SHV,UUP,15.59432586247668,25.465207287647004
2024-05-03,SHV,AAPL,15.578731536614203,26.028442947989163
2024-05-04,SHV,AAPL,15.578731536614203,26.218920047364236
2024-05-05,SHV,AAPL,15.508501369310862,25.285990593823396
2024-05-06,SHV,AAPL,15.538651635002665,26.219839566063488
2024-05-07,SHV,AAPL,15.55454360023028,27.19405609527209
2024-05-08,SHV,UUP,15.514835223969266,27.810764825251532
2024-05-09,SHV,AAPL,15.447328563587412,28.544680645544403
2024-05-10,SHV,AAPL,15.447328563587412,31.790276668665786
2024-05-11,SHV,XLF,15.431881235023825,30.68734717956282
2024-05-12,SHV,XLV,15.410333302027636,29.532310972938014
2024-05-13,SHV,XLV,15.443798031160537,31.379803379189173
2024-05-14,SHV,XLV,15.560607963275341,32.62774596793686
2024-05-15,SHV,XLV,15.553676758308638,33.56021248205936
2024-05-16,SHV,EEM,15.573387697519399,34.551318638358545
2024-05-17,SHV,EEM,15.573387697519399,34.550437047753064
2024-05-18,SHV,EEM,15.573387697519399,33.66641752224987
2024-05-19,SHV,EEM,15.5463483398669,31.61331393814691
2024-05-20,SHV,EEM,15.498951323691816,33.667131713245475
2024-05-21,SHV,EEM,15.475334644390276,35.10058587420127
2024-05-22,SHV,XLK,15.401183139759285,35.903010291897445
2024-05-23,SHV,NVDA,15.584361820327947,33.27239555645122
2024-05-24,SHV,NVDA,15.584361820327947,32.53480422516394
2024-05-25,SHV,NVDA,15.584361820327947,30.424834767089553
2024-05-26,SHV,NVDA,15.584361820327947,28.699831464878905
2024-05-27,SHV,NVDA,16.127581990084373,28.699831464878905
2024-05-28,SHV,NVDA,16.193730017544983,27.326853304733532
2024-05-29,SHV,NVDA,15.890952096295836,27.327563645370766
2024-05-30,SHV,NVDA,15.831487649815493,28.207127024281327
2024-05-31,SHV,NVDA,15.831487649815493,28.11956923456512
2024-06-01,SHV,NVDA,15.831487649815493,26.863902205110044
2024-06-02,SHV,NVDA,16.22057952672773,25.320915903850615
2024-06-03,SHV,NVDA,16.323397780255302,26.939256275683903
2024-06-04,SHV,NVDA,16.744920569928805,28.575096209489576
2024-06-05,SHV,NVDA,16.64859705077479,28.57517670181689
2024-06-06,SHV,NVDA,16.643296826864304,29.454794921496696
2024-06-07,SHV,NVDA,16.643296826864304,29.704871164558188
2024-06-08,SHV,NVDA,16.643296826864304,27.945709602966854
2024-06-09,SHV,NVDA,16.706900980394078,26.34330141169605
2024-06-10,SHV,NVDA,16.647981521656575,27.947596791198308
2024-06-11,SHV,NVDA,16.946347289894643,28.997357829317174
2024-06-12,SHV,NVDA,17.24557236679428,29.05343963317566
2024-06-13,SHV,NVDA,17.400503642219388,29.05474737529179
2024-06-14,SHV,NVDA,17.400503642219388,28.494575899286684
2024-06-15,SHV,NVDA,17.400503642219388,26.66302490825582
2024-06-16,SHV,NVDA,17.341917634250603,25.198078084320166
2024-06-17,SHV,NVDA,17.64879847051246,26.075468031899472
2024-06-18,SHV,NVDA,17.64879847051246,27.872337349752527
2024-06-19,SHV,NVDA,17.337985453671816,26.350385241457516
2024-06-20,SHV,NVDA,17.062844093283278,26.940944122077155
2024-06-21,SHV,NVDA,17.062844093283278,26.949473947747126
2024-06-22,SHV,SPY,17.045781249189996,26.125902031290032
2024-06-23,SHV,QQQ,16.932573918503202,25.228350979340235
2024-06-24,SHV,SPY,16.94974490732468,26.12480503025905
2024-06-25,SHV,SPY,16.960321092864298,27.66686616686448
2024-06-26,SHV,SPY,16.97599355130192,27.66686616686448
2024-06-27,SHV,SPY,16.94643586146968,31.052318921369398
2024-06-28,SHV,SPY,16.94643586146968,31.435721848744546
2024-06-29,SHV,SPY,16.94643586146968,29.42441852979562
2024-06-30,SHV,MSFT,17.115943603637742,27.590370249209766
2024-07-01,SHV,MSFT,17.165278935152777,28.988845827857673
2024-07-02,SHV,MSFT,17.19546361272763,30.696119223906166
2024-07-03,SHV,MSFT,17.19546361272763,30.891990482228845
2024-07-04,SHV,MSFT,17.325284066610212,29.18224387357228
2024-07-05,SHV,MSFT,17.325284066610212,30.07312467496317
2024-07-06,SHV,MSFT,17.325284066610212,28.153447224304102
2024-07-07,SHV,MSFT,17.303185888420167,26.347944904707667
2024-07-08,SHV,SPY,17.29428908122802,28.15310236884999
2024-07-09,SHV,SPY,17.380638449184765,28.15310236884999
2024-07-10,SHV,SPY,17.308071131565942,27.53898006657739
2024-07-11,SHV,EEM,17.330573756871043,28.451646971277423
2024-07-12,SHV,EEM,17.330573756871043,27.60489439375105
2024-07-13,SHV,EEM,17.330573756871043,26.753550582431412
2024-07-14,SHV,EEM,17.240645296966733,25.213943132005127
2024-07-15,SHV,XLF,17.322320846066823,26.633861745172858
2024-07-16,SHV,XLF,17.388824674722283,27.52443874460049
2024-07-17,SHV,XLF,17.285242774945793,27.521730404728395
2024-07-18,SHV,XLF,17.20209845660832,27.224110977012028
2024-07-19,SHV,IWM,17.18489635815171,28.26503415928001
2024-07-20,SHV,IWM,17.18489635815171,26.82513080428317
2024-07-21,SHV,SOL,16.909714909560392,25.251343506544796
2024-07-22,SHV,IWM,16.984054385340105,26.07733796866407
2024-07-23,SHV,IWM,16.802496640107446,27.527710105570176
2024-07-24,SHV,SOL,16.500337828813038,27.528612917958863
2024-07-25,SHV,IWM,16.624703255490044,26.934240462084492
2024-07-26,SHV,IWM,16.624703255490044,28.083888464113446
2024-07-27,SHV,XLF,16.608078552234552,26.344942040500687
2024-07-28,SHV,IWM,16.50084344543226,24.760570795130068
2024-07-29,SHV,XLF,16.580156183653397,26.121156555192453
2024-07-30,SHV,XLF,16.560110461677393,26.96607338900226
2024-07-31,SHV,IWM,16.27665380423488,26.57975750535453
2024-08-01,SHV,TLT,16.521111647592463,26.850717811746783
2024-08-02,SHV,TLT,16.521111647592463,23.75920330650251
2024-08-03,SHV,TLT,16.521111647592463,23.75920330650251
2024-08-04,SHV,TLT,16.56481951798504,22.173908058211175
2024-08-05,SHV,TLT,16.379555867151183,22.173908058211175
2024-08-06,SHV,TLT,16.32338472432263,22.173908058211175
2024-08-07,SHV,TLT,16.27391814300817,21.853186211334016
2024-08-08,SHV,TLT,16.357114648709803,22.448546401187013
2024-08-09,SHV,TLT,16.357114648709803,23.42766089001573
2024-08-10,SHV,TLT,16.357114648709803,22.040878991092
2024-08-11,SHV,TLT,16.389075239253103,20.54483237883208
2024-08-12,SHV,TLT,16.448135574378426,21.91297700613402
2024-08-13,SHV,TLT,16.49970399670895,23.33400109487925
2024-08-14,SHV,TLT,16.433872926862414,22.232068837010964
2024-08-15,SHV,TLT,16.46637190854048,22.230020399373004
2024-08-16,SHV,TLT,16.46637190854048,23.240742014876904
2024-08-17,SHV,TLT,16.46637190854048,22.17452186417279
2024-08-18,SHV,TLT,16.505138152271602,20.681897696488736
2024-08-19,SHV,TLT,16.573140032670512,21.277755860436976
2024-08-20,SHV,TLT,16.57967832461504,22.682531772969007
2024-08-21,SHV,TLT,16.498895245152287,23.16139810889681
2024-08-22,SHV,TLT,16.556643425510842,23.16220336671952
2024-08-23,SHV,TLT,16.556643425510842,24.167153456276825
2024-08-24,SHV,TLT,16.556643425510842,23.530286545359452
2024-08-25,SHV,TLT,16.53635626827731,22.039470140414785
2024-08-26,SHV,TLT,16.52353069585368,22.672945270479655
2024-08-27,SHV,GLD,16.450505625955063,23.81969705559524
2024-08-28,SHV,DBA,16.41502144249113,23.821530002437132
2024-08-29,SHV,GLD,16.343144661395648,23.81925334925121
2024-08-30,SHV,XLV,16.326801516734253,24.815067159160126
2024-08-31,SHV,DBA,16.31047471521752,23.368419038219116
2024-09-01,SHV,XLF,16.2941642405023,26.12041348691146
2024-09-02,SHV,XLF,16.23619410335541,26.12041348691146
2024-09-03,SHV,XLF,16.2473439486485,27.924249637893485
2024-09-04,SHV,XLF,16.159450980154535,29.847040687965688
2024-09-05,SHV,XLF,16.044481069273704,31.622302815139083
2024-09-06,SHV,XLF,16.044481069273704,31.340800249717205
2024-09-07,SHV,TLT,16.028436588204432,30.302289350009385
2024-09-08,SHV,XLF,16.131713886514042,28.403844257539916
2024-09-09,SHV,XLF,16.052098257387392,28.403844257539916
2024-09-10,SHV,XLV,16.011637328028716,30.30204583341662
2024-09-11,SHV,XLV,16.04195902014193,27.15169262971835
2024-09-12,SHV,XLV,16.062793047830077,26.85143158162336
2024-09-13,SHV,GLD,16.046730254782247,27.925160302051168
2024-09-14,SHV,DBA,16.030683524527465,27.083848637943873
2024-09-15,SHV,DBA,16.08131734118446,25.489930595229623
2024-09-16,SHV,DBA,16.1232968883786,27.266514865223616
2024-09-17,SHV,DBA,16.18002437655727,28.133859962664694
2024-09-18,SHV,DBA,16.17833335629129,29.149713138647066
2024-09-19,SHV,DBA,16.128340198018428,28.80426967507368
2024-09-20,SHV,XLF,16.11221185782041,29.062153684151582
2024-09-21,SHV,GLD,16.09609964596259,27.624284607819693
2024-09-22,SHV,GLD,16.11317206840616,25.95157695600338
2024-09-23,SHV,GLD,16.226444305140994,27.33792686324709
2024-09-24,SHV,GLD,16.216701632123222,28.19359073971429
2024-09-25,SHV,GLD,16.258680961036735,28.80438240176789
2024-09-26,SHV,GLD,16.19710875620922,28.193941447747363
2024-09-27,SHV,GLD,16.19710875620922,28.612988728181865
2024-09-28,SHV,DBA,16.180911647453012,27.762148900219167
2024-09-29,SHV,GLD,16.10007687037096,25.95190106621453
2024-09-30,SHV,GLD,16.186284734675127,25.95190106621453
2024-10-01,SHV,GLD,16.18793239485049,27.504445412202227
2024-10-02,SHV,GLD,16.18233132258575,27.504445412202227
2024-10-03,SHV,GLD,16.169118871301645,25.717522852646056
2024-10-04,SHV,GLD,16.169118871301645,25.800983715494354
2024-10-05,SHV,EEM,16.152949752430345,24.48924836409441
2024-10-06,SHV,SPY,16.063122859635374,22.95640573641846
2024-10-07,SHV,EEM,15.851026918017212,22.020446674698547
2024-10-08,SHV,NVDA,15.821594779418328,23.558577637976054
2024-10-09,SHV,SPY,15.792660296540697,24.311887854734827
2024-10-10,SHV,NVDA,15.779859509454898,23.41203544921611
2024-10-11,SHV,XLE,15.764079649945444,25.958701482899823
2024-10-12,SHV,XLE,15.764079649945444,24.62085344172878
2024-10-13,SHV,XLE,15.761396909134811,23.586734847980352
2024-10-14,SHV,UUP,15.751794117224634,24.403087255623014
2024-10-15,SHV,UUP,15.774993590240962,25.24919566119278
2024-10-16,SHV,UUP,15.799455491387093,25.025562840952595
2024-10-17,SHV,UUP,15.781323449095138,24.158612029416187
2024-10-18,SHV,NVDA,15.765542125646043,23.855126043881405
2024-10-19,SHV,UUP,15.749776583520397,22.52383444305054
2024-10-20,SHV,UUP,15.785753887353533,21.232156577547627
2024-10-21,SHV,UUP,15.793873869346065,22.042251486602815
2024-10-22,SHV,UUP,15.820927311208285,22.042251486602815
2024-10-23,SHV,UUP,15.7926525670666,20.715419866178365
2024-10-24,SHV,UUP,15.822571989579448,21.23328012678175
2024-10-25,SHV,UUP,15.822571989579448,21.471054930464774
2024-10-26,SHV,UUP,15.822571989579448,20.709714233774083
2024-10-27,SHV,UUP,15.824721680384,19.183578465116952
2024-10-28,SHV,UUP,15.82742353088645,20.699926204906607
2024-10-29,SHV,UUP,15.810659653385354,20.699926204906607
2024-10-30,SHV,UUP,15.806678846884672,22.257036008179632
2024-10-31,SHV,UUP,15.842531152929702,22.11979524705499
2024-11-01,SHV,UUP,15.842531152929702,23.55885639487035
2024-11-02,SHV,UUP,15.842531152929702,23.55885639487035
2024-11-03,SHV,UUP,15.814250991098074,21.957752369075084
2024-11-04,SHV,UUP,15.781767010283282,23.283866988679822
2024-11-05,SHV,UUP,15.909257701161309,23.283866988679822
2024-11-06,SHV,AMZN,16.009097440212827,24.40928721756922
2024-11-07,SHV,SOL,16.14424763183291,24.409554870693434
2024-11-08,SHV,SOL,16.154579272769613,24.469621441802133
2024-11-09,SHV,SOL,16.574948238801937,23.699140262814144
2024-11-10,SHV,SOL,17.047486352119908,22.251358782223495
2024-11-11,SHV,SOL,16.649722328261877,21.277776293637285
2024-11-12,SHV,BTC,16.883100370111094,22.014546085978782
2024-11-13,SHV,BTC,16.573194897801145,22.532310527274685
2024-11-14,SHV,BTC,16.93708200168566,22.532516829813357
2024-11-15,SHV,BTC,16.88988492669492,22.53277611190981
2024-11-16,SHV,SOL,17.72218773021557,22.53277611190981
2024-11-17,SHV,SOL,17.806547275946773,21.17422457269563
2024-11-18,SHV,SOL,17.74516517003622,22.48391752858599
2024-11-19,SHV,BTC,17.920586453818363,23.848714370506492
2024-11-20,SHV,BTC,18.316197247277213,24.403029055426746
2024-11-21,SHV,BTC,18.365345509583943,24.403029055426746
2024-11-22,SHV,BTC,18.252147121431214,26.073775986803703
2024-11-23,SHV,BTC,18.274224569860554,24.64396136514157
2024-11-24,SHV,BTC,17.8180127138028,23.018622235556276
2024-11-25,SHV,BTC,17.711936277383046,24.40148267977713
2024-11-26,SHV,DBA,17.73548358528558,25.276311999950053
2024-11-27,SHV,DBA,17.73548358528558,25.02643589251585
2024-11-28,SHV,DBA,17.696628272807665,25.02643589251585
2024-11-29,SHV,BTC,17.58710378677027,24.642980189978353
2024-11-30,SHV,BTC,17.662844351152685,23.281720876650546
2024-12-01,SHV,BTC,17.535714756395866,21.867252982545015
2024-12-02,SHV,BTC,17.55062069721811,23.042301980524886
2024-12-03,SHV,BTC,17.80348719086004,24.697264396979232
2024-12-04,SHV,ETH,17.717907411891726,23.28907672888574
2024-12-05,SHV,ETH,18.17475942619628,24.950466546634566
2024-12-06,SHV,DBA,18.156584666770087,26.327223437289437
2024-12-07,SHV,DBA,18.156584666770087,24.625719073434443
2024-12-08,SHV,DBA,18.194879798493417,23.992323907060896
2024-12-09,SHV,DBA,18.268031799502022,25.477387891536587
2024-12-10,SHV,DBA,18.23988110404486,25.477387891536587
2024-12-11,SHV,DBA,18.230755927367138,28.490287887352817
2024-12-12,SHV,AAPL,18.221246412465604,28.490401560176164
2024-12-13,SHV,AAPL,18.221246412465604,28.695544531588933
2024-12-14,SHV,AAPL,18.221246412465604,27.65299973587392
2024-12-15,SHV,AAPL,18.3305697705616,26.061932205569278
2024-12-16,SHV,AAPL,18.419652441000995,27.877183940307052
2024-12-17,SHV,AAPL,18.223786026309895,27.877183940307052
2024-12-18,SHV,DBA,18.04450522851163,27.735799365598194
2024-12-19,SHV,AAPL,18.19850974049292,27.971238108718502
2024-12-20,SHV,AAPL,18.19850974049292,28.218478135594363
2024-12-21,SHV,AAPL,18.19850974049292,28.218478135594363
2024-12-22,SHV,AAPL,18.227225764838476,26.519695533535607
2024-12-23,SHV,AAPL,18.334318712333324,27.515142455613553
2024-12-24,SHV,AAPL,18.334318712333324,29.419393673508363
2024-12-25,SHV,AAPL,18.365097583586323,27.739894858606643
2024-12-26,SHV,AAPL,18.246003372821956,28.36859919074144
2024-12-27,SHV,AAPL,18.246003372821956,28.610187892119523
2024-12-28,SHV,AAPL,18.246003372821956,28.610187892119523
2024-12-29,SHV,AAPL,18.127489366503138,27.542057141867943
2024-12-30,SHV,UUP,18.15037053402936,29.445403784621
2024-12-31,SHV,UUP,18.15037053402936,30.595515047136413
2025-01-01,SHV,UUP,18.22913709775476,28.998804969507447
2025-01-02,SHV,UUP,18.20397337918694,28.822322762240333
2025-01-03,SHV,USO,18.185769405807754,30.80909533580628
2025-01-04,SHV,UUP,18.167583636401947,28.822172213563757
2025-01-05,SHV,USO,18.07885618311177,28.27721334895772
2025-01-06,SHV,USO,18.182232898077498,30.13725069082607
2025-01-07,SHV,USO,18.081053070704943,32.13278186365254
2025-01-08,SHV,USO,18.081053070704943,30.136496674626997
2025-01-09,SHV,USO,18.474142121819245,30.136496674626997
2025-01-10,SHV,USO,18.474142121819245,30.176347393163795
2025-01-11,SHV,USO,18.474142121819245,28.955680267830836
2025-01-12,SHV,USO,18.657947959186984,27.116623735952167
2025-01-13,SHV,USO,18.595260159521185,28.894475653112675
2025-01-14,SHV,USO,18.900909959964366,30.133441332650943
2025-01-15,SHV,USO,18.744895477592564,30.130528055151267
2025-01-16,SHV,USO,18.701682508860753,31.468898794162147
2025-01-17,SHV,XLE,18.68298082635189,29.958874482143095
2025-01-18,SHV,XLE,18.68298082635189,28.037546426828637
2025-01-19,SHV,XLE,18.68298082635189,26.229488710441455
2025-01-20,SHV,XLE,18.636952957568365,26.229488710441455
2025-01-21,SHV,XLE,18.46748845915222,27.926713551428843
2025-01-22,SHV,XLE,18.511418044225294,26.818481046814796
2025-01-23,SHV,XLE,18.425425754282546,26.71915251972036
2025-01-24,SHV,XLE,18.425425754282546,28.174546321305648
2025-01-25,SHV,XLE,18.425425754282546,26.4919703494435
2025-01-26,SHV,GLD,18.31290769627702,24.751513413338024
2025-01-27,SHV,DBA,18.37577842707822,26.349382249776845
2025-01-28,SHV,DBA,18.496626974966656,27.420686696436277
2025-01-29,SHV,DBA,18.431215799441702,26.718795464518873
2025-01-30,SHV,GLD,18.434314954049434,26.718053595755137
2025-01-31,SHV,GLD,18.434314954049434,28.171624813767565
2025-02-01,SHV,XLV,18.415880639095384,26.489620698184638
2025-02-02,SHV,GLD,18.44764516354235,24.74941538328105
2025-02-03,SHV,GLD,18.53932359134523,25.985048002272045
2025-02-04,SHV,GLD,18.597725082237435,27.05298173597929
2025-02-05,SHV,GLD,18.574770799413724,26.458148888993016
2025-02-06,SHV,GLD,18.593867846595693,26.45944480787859
2025-02-07,SHV,GLD,18.593867846595693,28.280413322770745
2025-02-08,SHV,GLD,18.593867846595693,28.280413322770745
2025-02-09,SHV,XLF,18.502634230066263,26.46014570747633
2025-02-10,SHV,GLD,18.450383247892503,27.561077996734728
2025-02-11,SHV,XLF,18.399747539208985,27.561077996734728
2025-02-12,SHV,GLD,18.474494823440498,25.877342533663533
2025-02-13,SHV,GLD,18.34131171132308,26.581780979888705
2025-02-14,SHV,EFA,18.322970399611755,25.88316839762056
2025-02-15,SHV,DBA,18.304647429212142,24.94849588231395
2025-02-16,SHV,DBA,18.304647429212142,23.987555427771884
2025-02-17,SHV,DBA,18.37287498752149,23.987555427771884
2025-02-18,SHV,DBA,18.323581984742894,23.987555427771884
2025-02-19,SHV,GLD,18.31081859566546,25.694659183891957
2025-02-20,SHV,GLD,18.3056916448221,25.117332297865037
2025-02-21,SHV,GLD,18.3056916448221,26.65025410772085
2025-02-22,SHV,GLD,18.3056916448221,25.09256278321054
2025-02-23,SHV,GLD,18.35704656241919,23.593047716163166
2025-02-24,SHV,GLD,18.23765974169107,25.11540517001209
2025-02-25,SHV,AAPL,17.973093843159543,26.715611290668626
2025-02-26,SHV,GLD,17.81911702199231,25.11502734616039
2025-02-27,SHV,TLT,17.913697507413964,25.117410531959496
2025-02-28,SHV,TLT,17.913697507413964,25.672873105741076
2025-03-01,SHV,TLT,17.913697507413964,24.733002992607382
2025-03-02,SHV,TLT,17.95696184728227,23.22104082674148
2025-03-03,SHV,TLT,17.847206932350094,24.634922540020817
2025-03-04,SHV,EFA,18.043954922068142,25.616639990307934
2025-03-05,SHV,EFA,17.951808879507613,25.982556504984323
2025-03-06,SHV,EFA,18.04933750558738,25.982971841457744
2025-03-07,SHV,EFA,18.04933750558738,26.04246989385146
2025-03-08,SHV,EFA,18.04933750558738,24.557927918068174
2025-03-09,SHV,EFA,17.83744578129554,22.905455229985222
2025-03-10,SHV,EFA,17.808772337219978,23.76523850945405
2025-03-11,SHV,EFA,17.8727147783924,25.226879398743687
2025-03-12,SHV,EFA,17.81413035664711,24.319740768255613
2025-03-13,SHV,GLD,17.80390863534457,25.226540219412552
2025-03-14,SHV,TLT,17.786104726709226,26.47925920824079
2025-03-15,SHV,TLT,17.786104726709226,24.753245060711638
2025-03-16,SHV,GLD,17.816413311005586,23.542138011532014
2025-03-17,SHV,GLD,17.921197238665297,23.542138011532014
2025-03-18,SHV,GLD,17.958816529889635,24.439777416517984
2025-03-19,SHV,GLD,17.9489463558384,25.371420815095508
2025-03-20,SHV,TLT,17.88118578067248,26.94163477461875
2025-03-21,SHV,TLT,17.88118578067248,26.765270140588537
2025-03-22,SHV,TLT,17.88118578067248,25.807164301963173
2025-03-23,SHV,GLD,17.824343972640715,24.232950618747047
2025-03-24,SHV,GLD,17.86436949129746,25.171140213466344
2025-03-25,SHV,GLD,17.8577989319836,26.150107674213203
2025-03-26,SHV,XLE,17.755001202348932,25.562128122594448
2025-03-27,SHV,GLD,17.80539111799245,25.562227310371664
2025-03-28,SHV,GLD,17.80539111799245,27.350829311132113
2025-03-29,SHV,GLD,17.80539111799245,26.338565520431356
2025-03-30,SHV,GLD,17.934069855921816,24.816405598367545
2025-03-31,SHV,GLD,17.91828524768177,25.81530319098979
2025-04-01,SHV,GLD,17.937479861056527,27.57723968349745
2025-04-02,SHV,GLD,17.884139038053743,27.052266732724963
2025-04-03,SHV,GLD,17.679022732894133,27.052647872001412
2025-04-04,SHV,GLD,17.679022732894133,26.38200183375952
2025-04-05,SHV,GLD,17.679022732894133,25.436936956286445
2025-04-06,SHV,TLT,17.395847538941897,24.441024604224836
2025-04-07,SHV,GLD,17.42733085190497,25.426948123690995
2025-04-08,SHV,GLD,17.74966023519247,27.0516363459818
2025-04-09,SHV,GLD,17.966415353612835,26.009622124823668
2025-04-10,SHV,GLD,18.141950116086523,24.443629718727554
2025-04-11,SHV,GLD,18.141950116086523,25.441024242966105
2025-04-12,SHV,GLD,18.141950116086523,24.53283435077771
2025-04-13,SHV,GLD,18.091015153563877,23.49515607591247
2025-04-14,SHV,GLD,18.139165460487984,24.44177439252889
2025-04-15,SHV,GLD,18.435941516927915,25.425745398565464
2025-04-16,SHV,GLD,18.399646623374935,27.049672236049805
2025-04-17,SHV,GLD,18.399646623374935,26.98535495985611
2025-04-18,SHV,GLD,18.399646623374935,26.025728405941653
2025-04-19,SHV,GLD,18.399646623374935,24.53624078470776
2025-04-20,SHV,GLD,18.685082719285674,22.983298105186645
2025-04-21,SHV,GLD,18.55330547380746,23.87573462634313
2025-04-22,SHV,GLD,18.331705034453403,24.8011943819875
2025-04-23,SHV,GLD,18.46595594052392,24.802802559586944
2025-04-24,SHV,GLD,18.369200496890432,24.801427718298566
2025-04-25,SHV,GLD,18.369200496890432,25.445979714445095
2025-04-26,SHV,GLD,18.369200496890432,23.980998625596715
2025-04-27,SHV,GLD,18.50084071711626,22.348803363410404
2025-04-28,SHV,GLD,18.41075156269958,23.202992109498513
2025-04-29,SHV,GLD,18.344376251776,23.202992109498513
2025-04-30,SHV,BTC,18.549280886590097,23.980413786496843
2025-05-01,SHV,BTC,18.59111783090677,23.433734331640533
2025-05-02,SHV,BTC,18.493445620992983,23.98579584940998
2025-05-03,SHV,MSFT,18.47495217537199,23.11964362305509
2025-05-04,SHV,EFA,18.473393909154925,22.07651204880667
2025-05-05,SHV,EFA,18.462450734389677,22.985271984091465
2025-05-06,SHV,SOL,18.47377312410073,23.925772652218892
2025-05-07,SHV,EFA,18.423889963496606,24.484720828548816
2025-05-08,SHV,BTC,18.383851761153615,23.92329949724088
2025-05-09,SHV,SOL,18.620158529715596,25.627247885008835
2025-05-10,SHV,SOL,18.3792923164997,25.627247885008835
2025-05-11,SHV,EFA,18.408732714788904,25.100582702286527
2025-05-12,SHV,EFA,18.421284217525244,26.20651199807703
2025-05-13,SHV,EFA,18.37657235446097,27.365755014953717
2025-05-14,SHV,EFA,18.47855456440071,26.20595328022887
2025-05-15,SHV,BTC,18.440706947502886,26.78116535230494
2025-05-16,SHV,XLK,18.422266240555384,26.389218214236838
2025-05-17,SHV,XLK,18.422266240555384,26.280157270708894
2025-05-18,SHV,XLK,18.4089339576713,26.280157270708894
2025-05-19,SHV,XLK,18.37606800455625,26.280157270708894
2025-05-20,SHV,XLK,18.204283921274204,28.067614220819426
2025-05-21,SHV,NVDA,18.258789158188947,28.067732815839808
2025-05-22,SHV,NVDA,18.15708293353808,28.651192549681227
2025-05-23,SHV,NVDA,18.15708293353808,27.590006747653433
2025-05-24,SHV,NVDA,18.15708293353808,26.510275728303906
2025-05-25,SHV,MSFT,18.138925850604544,25.148827545158213
2025-05-26,SHV,MSFT,18.350662784221356,25.148827545158213
2025-05-27,SHV,NVDA,18.28646703555664,25.148827545158213
2025-05-28,SHV,NVDA,18.58601616286097,25.1489318469759
2025-05-29,SHV,NVDA,18.316635467056585,26.885121873324273
2025-05-30,SHV,NVDA,18.316635467056585,26.814838672867367
2025-05-31,SHV,NVDA,18.316635467056585,25.562532714039616
2025-06-01,SHV,NVDA,18.47054021124427,23.962616743264448
2025-06-02,SHV,NVDA,18.730360640367895,25.443506697916508
2025-06-03,SHV,NVDA,18.777631388682583,27.12487350384056
2025-06-04,SHV,NVDA,18.652511367786357,27.122753186809
2025-06-05,SHV,NVDA,18.768611487173693,27.799803703895527
2025-06-06,SHV,MSFT,18.749842875686518,27.193062149181685
2025-06-07,SHV,NVDA,18.731093032810833,26.106760434338565
2025-06-08,SHV,NVDA,18.793782665364727,24.399546397411104
2025-06-09,SHV,NVDA,18.882259148296466,26.106805632011007
2025-06-10,SHV,NVDA,18.80965917942242,27.194734400962133
2025-06-11,SHV,EEM,18.8082814956723,27.19590514790435
2025-06-12,SHV,MSFT,18.71617445021458,27.801858869734282
2025-06-13,SHV,USO,18.697458275764365,29.30920571555545
2025-06-14,SHV,USO,18.697458275764365,27.568824130449997
2025-06-15,SHV,USO,18.507499737856655,26.10650032730275
2025-06-16,SHV,USO,18.94518243071418,26.10650032730275
2025-06-17,SHV,USO,18.94430575920826,27.19508924704704
2025-06-18,SHV,USO,18.94430575920826,29.051762854942083
2025-06-19,SHV,USO,19.045606106112274,27.296524868660946
2025-06-20,SHV,USO,19.045606106112274,27.73906983955976
2025-06-21,SHV,USO,19.045606106112274,26.106074553802692
2025-06-22,SHV,USO,18.278588845301698,25.442555231997055
2025-06-23,SHV,MSFT,18.338350481144833,27.1215484640488
2025-06-24,SHV,MSFT,18.379590238524322,28.28218112683761
2025-06-25,SHV,MSFT,18.477957751391628,29.50050714024176
2025-06-26,SHV,MSFT,18.45326175844376,31.454034594411908
2025-06-27,SHV,MSFT,18.45326175844376,31.61361621830821
2025-06-28,SHV,MSFT,18.45326175844376,29.6000336247839
2025-06-29,SHV,MSFT,18.4806100834081,27.800403328230512
2025-06-30,SHV,MSFT,18.381961618214252,27.800403328230512
2025-07-01,SHV,XLK,18.46136573669827,29.050784782607135
2025-07-02,SHV,XLK,18.586280909512382,28.553975411784265
2025-07-03,SHV,XLK,18.586280909512382,28.25677167937072
2025-07-04,SHV,XLK,18.586280909512382,27.173676468760295
2025-07-05,SHV,XLK,18.586280909512382,25.399658434148822
2025-07-06,SHV,XLK,18.514191161218847,24.41067906263394
2025-07-07,SHV,XLK,18.565622370774314,25.9813187450847
2025-07-08,SHV,XLK,18.622243413620808,27.63779446733635
2025-07-09,SHV,XLK,18.5923928723904,26.906121935636058
2025-07-10,SHV,NVDA,18.622734620524184,26.906573129143442
2025-07-11,SHV,NVDA,18.622734620524184,27.638374018270035
2025-07-12,SHV,NVDA,18.622734620524184,25.982266825561997
2025-07-13,SHV,NVDA,18.57643510545155,24.594844480341706
2025-07-14,SHV,NVDA,18.951767218588508,26.220383867028893
2025-07-15,SHV,NVDA,18.99154019894281,26.220383867028893
2025-07-16,SHV,NVDA,19.082720474846884,28.017304980268033
2025-07-17,SHV,NVDA,19.053642322277717,28.015641860100327
2025-07-18,SHV,XLK,19.03458867995544,27.638075970635644
2025-07-19,SHV,XLK,19.03458867995544,27.638075970635644
2025-07-20,SHV,ETH,19.026278614420523,26.217120236383163
2025-07-21,SHV,ETH,18.991180225207138,27.32657722506515
2025-07-22,SHV,ETH,18.68952662342454,28.490698214320254
2025-07-23,SHV,ETH,18.891963689385705,27.88015954273756
2025-07-24,SHV,ETH,18.944454896845624,27.87863286649512
2025-07-25,SHV,ETH,18.980361777595864,28.12532411816359
2025-07-26,SHV,ETH,19.319878437672664,26.43234904944193
2025-07-27,SHV,ETH,19.101841779932307,25.072346029254433
2025-07-28,SHV,ETH,19.118775780407454,26.153187316643468
2025-07-29,SHV,ETH,19.155071241053527,27.88092773483555
2025-07-30,SHV,ETH,18.875534576137998,26.218373027560308
2025-07-31,SHV,ETH,18.35178260365904,26.135230293316734
2025-08-01,SHV,ETH,18.10024868380048,21.479784869745554
2025-08-02,SHV,ETH,18.379369991337327,19.916897146421608
2025-08-03,SHV,ETH,18.963330834482523,19.916897146421608
2025-08-04,SHV,ETH,18.68945004431957,21.056708985561396
2025-08-05,SHV,ETH,18.878329149277956,20.21744003711699
2025-08-06,SHV,ETH,19.46954429275404,20.51883808518129
2025-08-07,SHV,ETH,19.710640944762538,20.045684139766966
2025-08-08,SHV,ETH,20.334302846417813,20.95862538771792
2025-08-09,SHV,ETH,20.31193170422882,20.32515544369098
2025-08-10,SHV,ETH,20.247797000832477,18.94743981133724
2025-08-11,SHV,ETH,21.12134028919244,19.556865270421582
2025-08-12,SHV,ETH,21.50361988922816,20.651656022710803
2025-08-13,SHV,ETH,21.033177781860964,20.65107293410635
2025-08-14,SHV,ETH,20.785902852293315,20.65107293410635
2025-08-15,SHV,ETH,20.75358023808042,20.650748193855303
2025-08-16,SHV,ETH,20.863981669179427,20.01912417655171
2025-08-17,SHV,ETH,20.490008928683967,18.49516923065002
2025-08-18,SHV,AAPL,20.457673618397326,19.112157758400254
2025-08-19,SHV,DBA,20.46450806235632,20.51675475288575
2025-08-20,SHV,DBA,20.493675624486013,20.51682292136
2025-08-21,SHV,DBA,20.61661861259799,19.099627731792502
2025-08-22,SHV,DBA,20.61661861259799,19.69240531261357
2025-08-23,SHV,DBA,20.61661861259799,19.136637414673036
2025-08-24,SHV,DBA,20.61288190632939,17.67796251838789
2025-08-25,SHV,DBA,20.5540253643112,17.67796251838789
2025-08-26,SHV,DBA,20.653333464022552,18.21851024675111
2025-08-27,SHV,DBA,20.594578322580908,18.64391428062269
2025-08-28,SHV,DBA,20.692783276352028,18.217404497742542
2025-08-29,SHV,DBA,20.692783276352028,20.440569140950853
2025-08-30,SHV,DBA,20.692783276352028,19.875431454193578
2025-08-31,SHV,DBA,20.692783276352028,20.439053424064152
2025-09-01,SHV,DBA,20.576191367593463,20.439053424064152
2025-09-02,SHV,DBA,20.529335524129564,21.912711566046138
2025-09-03,SHV,AAPL,20.56699828805145,21.912921899947726
2025-09-04,SHV,AAPL,20.568739458470755,24.242949344970956
2025-09-05,SHV,AAPL,20.568739458470755,23.681815573614536
2025-09-06,SHV,XLV,20.548170719012283,22.951172254047844
2025-09-07,SHV,XLV,20.54631137821943,21.344219686795554
2025-09-08,SHV,XLV,20.60052513382183,22.560735394148846
2025-09-09,SHV,XLV,20.50874872702087,21.640144598059482
2025-09-10,SHV,GLD,20.47482009014683,22.141170897568365
2025-09-11,SHV,GLD,20.496861036454206,22.140853107575577
2025-09-12,SHV,GLD,20.496861036454206,22.140534294786494
2025-09-13,SHV,GLD,20.496861036454206,22.140534294786494
2025-09-14,SHV,GLD,20.605350931824262,20.656117792751665
2025-09-15,SHV,GLD,20.627891363986343,21.841385466429298
2025-09-16,SHV,GLD,20.549252510479004,23.07434174332605
2025-09-17,SHV,GLD,20.50901981740631,23.073791172743157
2025-09-18,SHV,GLD,20.621508821598752,22.26254807938814
2025-09-19,SHV,GLD,20.621508821598752,23.158976003461138
2025-09-20,SHV,GLD,20.621508821598752,24.12587951395719
2025-09-21,SHV,GLD,20.800885391326794,24.058835330330282
2025-09-22,SHV,GLD,20.84338550089713,24.948009473146026
2025-09-23,SHV,GLD,20.74987589866833,24.948009473146026
2025-09-24,SHV,GLD,20.794029330661388,25.870562619422675
2025-09-25,SHV,GLD,20.857810792848014,25.870102185455778
2025-09-26,SHV,GLD,20.857810792848014,26.012883068114785
2025-09-27,SHV,GLD,20.857810792848014,25.115308981781766
2025-09-28,SHV,GLD,21.030794237707898,23.939020522728903
2025-09-29,SHV,GLD,21.121547834587062,24.858688748481747
2025-09-30,SHV,GLD,21.140774687383253,25.81616153515859
2025-10-01,SHV,EEM,21.169643895329866,27.603310200146257
2025-10-02,SHV,QQQ,21.107798354548873,26.80866574030749
2025-10-03,SHV,EEM,21.086690556194323,26.811918594738167
2025-10-04,SHV,EEM,21.086690556194323,25.267983422125223
2025-10-05,SHV,EEM,21.13433974383598,25.58322853032783
2025-10-06,SHV,EEM,21.053833153834805,24.068000913357828
2025-10-07,SHV,GLD,21.20811406825619,25.09064826538054
2025-10-08,SHV,GLD,21.013401137629387,25.090919643409578
2025-10-09,SHV,XLK,20.569994385065336,27.84226258124184
2025-10-10,SHV,GLD,20.54942439068027,26.64090116485529
2025-10-11,SHV,GLD,20.54942439068027,25.05302651456159
2025-10-12,SHV,GLD,20.798178889437253,23.54236285510747
2025-10-13,SHV,GLD,20.87527077580484,22.291230611428844
2025-10-14,SHV,GLD,21.055233748345096,23.928718057232274
2025-10-15,SHV,GLD,21.30335446655198,21.349104790622636
2025-10-16,SHV,GLD,21.107749537992163,21.348547709300572
2025-10-17,SHV,GLD,21.107749537992163,21.807280865702968
2025-10-18,SHV,GLD,21.107749537992163,21.050047191818944
2025-10-19,SHV,GLD,21.492887772106087,19.511387061935622
2025-10-20,SHV,GLD,20.803198690692806,20.259673605111676
2025-10-21,SHV,TLT,20.791055223233037,21.02882220324074
2025-10-22,SHV,TLT,20.72085696943621,21.547293748293175
2025-10-23,SHV,XLV,20.701302230753374,22.349979700367392
2025-10-24,SHV,XLV,20.701302230753374,22.88476548203024
2025-10-25,SHV,XLV,20.701302230753374,22.071337374402212
2025-10-26,SHV,XLV,20.728213835836417,20.542048569631636
2025-10-27,SHV,XLV,20.664009296447027,22.107630772402985
2025-10-28,SHV,XLV,20.558652619992095,22.94223930340162
2025-10-29,SHV,XLK,20.412742827482404,21.030730707765727
2025-10-30,SHV,UUP,20.423172765545324,21.03119123834866
2025-10-31,SHV,UUP,20.423172765545324,20.827020097499428
2025-11-01,SHV,UUP,20.423172765545324,20.05362518168714
2025-11-02,SHV,UUP,20.433286693470315,18.55515493315153
2025-11-03,SHV,UUP,20.46678662928887,20.081143972200348
2025-11-04,SHV,UUP,20.471329035495796,20.874497847675112
2025-11-05,SHV,UUP,20.418992295889467,22.86118436244098
2025-11-06,SHV,UUP,20.415451955865173,23.40764628271373
2025-11-07,SHV,UUP,20.415451955865173,23.534139700216322
2025-11-08,SHV,AAPL,20.395036503909306,22.69179477309086
2025-11-09,SHV,AAPL,20.442346631577692,21.58893416051573
2025-11-10,SHV,AAPL,20.663136095175325,22.468815409019438
2025-11-11,SHV,AAPL,20.59726113821513,22.468815409019438
2025-11-12,SHV,XLV,20.572210613631103,24.737624095324442
2025-11-13,SHV,XLV,20.51372627113753,24.046113578869953
2025-11-14,SHV,XLV,20.51372627113753,27.295785008939276
2025-11-15,SHV,XLV,20.51372627113753,25.62893866071847
2025-11-16,SHV,XLV,20.505874148230056,25.526525836340888
2025-11-17,SHV,XLV,20.56788474935541,26.72225785539106
2025-11-18,SHV,XLV,20.551294603785262,28.544672826253144
2025-11-19,SHV,XLV,20.490840196802626,28.54546526363003
2025-11-20,SHV,UUP,20.466853873277447,28.546260275983784
2025-11-21,SHV,XLV,20.44638701940417,27.746636221192453
2025-11-22,SHV,XLV,20.44638701940417,26.585108308855606
2025-11-23,SHV,XLV,20.490292506150585,24.91704160996888
2025-11-24,SHV,XLV,20.72283662647973,26.012318122554774
2025-11-25,SHV,XLV,20.70187066227907,27.159026088781083
2025-11-26,SHV,XLV,20.70187066227907,27.19029033721423
2025-11-27,SHV,XLV,20.654371990047935,26.01651999103956
2025-11-28,SHV,XLV,20.654371990047935,29.63142788495035
2025-11-29,SHV,XLV,20.654371990047935,28.362382505402447
2025-11-30,SHV,XLV,20.501839616033,26.582335425135295
2025-12-01,SHV,XLV,20.442310795498404,28.408127620084308
2025-12-02,SHV,XLV,20.4918427909645,30.305914879749253
2025-12-03,SHV,XLV,20.41388137991521,30.437180184083875
2025-12-04,SHV,GLD,20.3789951823038,29.109413414284372
2025-12-05,SHV,GLD,20.3789951823038,29.080546723872512
2025-12-06,SHV,GLD,20.3789951823038,27.295102575048624
2025-12-07,SHV,GLD,20.35302551908941,26.09467588838374
2025-12-08,SHV,GLD,20.406228063161315,27.27312777570007
2025-12-09,SHV,GLD,20.452461436938194,28.5122141434119
2025-12-10,SHV,GLD,20.564451335814333,29.055639128242365
2025-12-11,SHV,GLD,20.624773836769354,30.995077451155968
2025-12-12,SHV,GLD,20.624773836769354,31.642132031692398
2025-12-13,SHV,IWM,20.604149062932585,30.32665343302512
2025-12-14,SHV,GLD,20.594779395195232,28.432195976961918
2025-12-15,SHV,GLD,20.598055374866764,30.315526239980716
2025-12-16,SHV,GLD,20.687438909560697,31.656577291718946
2025-12-17,SHV,GLD,20.67066198629021,31.655289149628786
2025-12-18,SHV,GLD,20.683927549499284,31.655467050958645
2025-12-19,SHV,GLD,20.683927549499284,32.20782846614148
2025-12-20,SHV,GLD,20.683927549499284,30.84332804577963
2025-12-21,SHV,GLD,20.92451709433467,29.710985169640697
2025-12-22,SHV,GLD,21.063166521203993,31.730083327102395
2025-12-23,SHV,GLD,21.022499175518472,31.730083327102395
2025-12-24,SHV,GLD,21.022499175518472,32.2647485972889
2025-12-25,SHV,GLD,21.149056185672684,30.870753213680363
2025-12-26,SHV,GLD,21.149056185672684,30.23546892455419
2025-12-27,SHV,GLD,21.149056185672684,30.23546892455419
2025-12-28,SHV,GLD,21.149075235789887,28.328217056828084
