date,ticker,action,close,entry_price,current_pnl_pct,current_leverage,days_held,decision_reason
1980-12-18,SP500,ENTRY,154.5198103960025,154.5198103960025,0.0,1.0,0,Mom=43.2% | Price>SMA200 | GoldenCross | Breakout>154.68
1980-12-23,CRUDE,ENTRY,51.06448124477692,51.06448124477692,0.0,1.0,0,Mom=37.5% | Price>SMA200 | GoldenCross | Breakout>49.87
1981-01-01,COPPER,ENTRY,1.377973478909423,1.377973478909423,0.0,1.0,0,Mom=43.2% | Price>SMA200 | GoldenCross | Breakout>1.37
1981-01-06,COPPER,EXIT,1.31609303264601,1.377973478909423,-0.0449068485065383,1.0,5,TRAILING STOP: Price 1.32 vs stop 1.32
1981-01-07,SP500,EXIT,146.83273945486204,154.5198103960025,-0.0497481256380012,1.0,20,TRAILING STOP: Price 146.83 vs stop 148.89
1981-01-08,CRUDE,LEVERAGE_UP,53.214797375547455,51.06448124477692,0.0421098203360379,1.5,16,PnL=4.2% | Days=16 | Signals agree -> 1.5x
1981-01-13,CRUDE,LEVERAGE_DOWN,53.96747662051795,51.06448124477692,0.0568496008375285,1.0,21,Pullback 2.0% > 2%
1981-01-14,CRUDE,LEVERAGE_UP,53.25927974778564,51.06448124477692,0.0429809223457687,1.5,22,PnL=4.3% | Days=22 | Signals agree -> 1.5x
1981-01-15,CRUDE,LEVERAGE_DOWN,52.563042137934296,51.06448124477692,0.0293464430975817,1.0,23,Pullback 4.6% > 2%
1981-01-16,CRUDE,EXIT,52.25144268109101,51.06448124477692,0.0232443649162791,1.0,24,TRAILING STOP: Price 52.25 vs stop 52.38
1981-02-09,CRUDE,ENTRY,54.93635412318691,54.93635412318691,0.0,1.0,0,Mom=53.9% | Price>SMA200 | GoldenCross | Breakout>55.37
1981-02-12,SP500,ENTRY,143.7428598241945,143.7428598241945,0.0,1.0,0,Mom=31.5% | Price>SMA200 | GoldenCross | Breakout>144.41
1981-02-25,CRUDE,EXIT,51.91902221221311,54.93635412318691,-0.054924138289335,1.0,16,TRAILING STOP: Price 51.92 vs stop 52.11
1981-03-18,SP500,LEVERAGE_UP,148.68349815405867,143.7428598241945,0.0343713651996824,1.5,34,PnL=3.4% | Days=34 | Signals agree -> 1.5x
1981-03-20,SP500,LEVERAGE_DOWN,145.50224461974207,143.7428598241945,0.0122398065385604,1.0,36,Pullback 2.1% > 2%
1981-03-26,SP500,EXIT,143.71369683400184,143.7428598241945,-0.0002028830526145,1.0,42,TREND REVERSAL: Death cross and price < SMA200
1981-03-30,CRUDE,ENTRY,51.33098551840943,51.33098551840943,0.0,1.0,0,Mom=63.5% | Price>SMA200 | GoldenCross | Breakout>51.65
1981-03-30,COPPER,ENTRY,1.2522044796156535,1.2522044796156535,0.0,1.0,0,Mom=31.0% | Price>SMA200 | GoldenCross | Breakout>1.26
1981-04-02,COPPER,EXIT,1.1957754252138504,1.2522044796156535,-0.045063769791914,1.0,3,TRAILING STOP: Price 1.20 vs stop 1.21
1981-04-17,CRUDE,LEVERAGE_UP,53.56113100105317,51.33098551840943,0.0434463796110814,1.5,18,PnL=4.3% | Days=18 | Signals agree -> 1.5x
1981-04-20,CRUDE,LEVERAGE_UP,56.44393790960455,51.33098551840943,0.0996075243745594,2.0,21,PnL=10.0% | Days=21 | Signals agree | Max leverage criteria met -> 2.0x
1981-04-20,WHEAT,ENTRY,4.421632082625422,4.421632082625422,0.0,1.0,0,Mom=1.2% | Price>SMA200 | GoldenCross | Breakout>4.39
1981-04-22,CRUDE,LEVERAGE_DOWN,54.541639080751416,51.33098551840943,0.0625480600054038,1.0,23,Pullback 3.4% > 2%
1981-04-23,CRUDE,LEVERAGE_UP,54.92651015130525,51.33098551840943,0.0700458913185353,1.5,24,PnL=7.0% | Days=24 | Signals agree -> 1.5x
1981-04-24,CRUDE,LEVERAGE_DOWN,54.579943774559545,51.33098551840943,0.0632942894693675,1.0,25,Pullback 3.3% > 2%
1981-04-27,CRUDE,LEVERAGE_UP,55.09331671535237,51.33098551840943,0.0732955184660075,1.5,28,PnL=7.3% | Days=28 | Signals agree -> 1.5x
1981-04-27,TBOND,ENTRY,101.14913792579873,101.14913792579873,0.0,1.0,0,Mom=5.7% | Price>SMA200 | GoldenCross | Breakout>101.81
1981-04-28,CRUDE,LEVERAGE_UP,56.53324198329205,51.33098551840943,0.1013472936929463,2.0,29,PnL=10.1% | Days=29 | Signals agree | Max leverage criteria met -> 2.0x
1981-04-30,CRUDE,LEVERAGE_DOWN,55.09522733121758,51.33098551840943,0.073332739957976,1.0,31,Pullback 3.2% > 2%
1981-05-01,CRUDE,LEVERAGE_UP,55.6306126805838,51.33098551840943,0.0837628017220193,2.0,32,PnL=8.4% | Days=32 | Signals agree -> 1.5x
1981-05-07,TBOND,EXIT,97.019268675043,101.14913792579873,-0.0408295051786334,1.0,10,TRAILING STOP: Price 97.02 vs stop 98.17
1981-05-08,WHEAT,EXIT,4.279407136666417,4.421632082625422,-0.0321657124114579,1.0,18,TRAILING STOP: Price 4.28 vs stop 4.30
1981-05-11,CRUDE,LEVERAGE_DOWN,57.31554863472737,51.33098551840943,0.116587730702572,1.0,42,Pullback 2.0% > 2%
1981-05-12,CRUDE,LEVERAGE_UP,56.90490451360197,51.33098551840943,0.1085878040115458,2.0,43,PnL=10.9% | Days=43 | Signals agree -> 1.5x
1981-05-13,CRUDE,EXIT,54.080482922058565,51.33098551840943,0.0535640875755843,2.0,44,TRAILING STOP: Price 54.08 vs stop 54.73
1981-05-21,SILVER,ENTRY,12.521302414594208,12.521302414594208,0.0,1.0,0,Mom=0.2% | Price>SMA200 | GoldenCross | Breakout>12.54
1981-05-22,SILVER,EXIT,12.310038027316796,12.521302414594208,-0.0168723971582359,1.0,1,MOMENTUM REVERSAL: 12m momentum = -5.4%
1981-05-29,WHEAT,ENTRY,4.448246950485937,4.448246950485937,0.0,1.0,0,Mom=14.0% | Price>SMA200 | GoldenCross | Breakout>4.46
1981-06-11,WHEAT,LEVERAGE_UP,4.583807243037763,4.448246950485937,0.0304749925219455,1.5,13,PnL=3.0% | Days=13 | Signals agree -> 1.5x
1981-06-19,WHEAT,LEVERAGE_DOWN,4.634367841583045,4.448246950485937,0.041841402505042,1.0,21,Pullback 2.3% > 2%
1981-06-22,WHEAT,LEVERAGE_UP,4.620180782352116,4.448246950485937,0.0386520428789135,1.5,24,PnL=3.9% | Days=24 | Signals agree -> 1.5x
1981-06-23,WHEAT,LEVERAGE_DOWN,4.617020674774345,4.448246950485937,0.0379416264805106,1.0,25,Pullback 2.7% > 2%
1981-06-24,WHEAT,LEVERAGE_UP,4.6742222048007855,4.448246950485937,0.0508009687479608,1.5,26,PnL=5.1% | Days=26 | Signals agree -> 1.5x
1981-06-26,WHEAT,LEVERAGE_DOWN,4.634367579306359,4.448246950485937,0.0418413435432331,1.0,28,Pullback 2.3% > 2%
1981-06-29,WHEAT,LEVERAGE_UP,4.666848563077026,4.448246950485937,0.04914331758654,1.5,31,PnL=4.9% | Days=31 | Signals agree -> 1.5x
1981-07-03,WHEAT,LEVERAGE_DOWN,4.630206286160041,4.448246950485937,0.0409058529572477,1.0,35,Pullback 2.4% > 2%
1981-07-06,WHEAT,LEVERAGE_UP,4.650087627391688,4.448246950485937,0.0453753308106469,1.5,38,PnL=4.5% | Days=38 | Signals agree -> 1.5x
1981-07-09,WHEAT,LEVERAGE_DOWN,4.647243875403136,4.448246950485937,0.0447360335728348,1.0,41,Pullback 2.1% > 2%
1981-07-13,WHEAT,EXIT,4.410844698614012,4.448246950485937,-0.0084083128226141,1.0,45,TRAILING STOP: Price 4.41 vs stop 4.54
1981-08-03,WHEAT,ENTRY,4.727315369685371,4.727315369685371,0.0,1.0,0,Mom=26.1% | Price>SMA200 | GoldenCross | Breakout>4.75
1981-08-13,WHEAT,LEVERAGE_UP,4.906314822955543,4.727315369685371,0.0378649274000277,1.5,10,PnL=3.8% | Days=10 | Signals agree -> 1.5x
1981-08-17,SP500,ENTRY,149.29773481693636,149.29773481693636,0.0,1.0,0,Mom=7.6% | Price>SMA200 | GoldenCross | Breakout>149.63
1981-08-24,TBOND,ENTRY,99.8204906613097,99.8204906613097,0.0,1.0,0,Mom=1.9% | Price>SMA200 | GoldenCross | Breakout>99.01
1981-08-26,WHEAT,LEVERAGE_DOWN,4.775550422866124,4.727315369685371,0.0102034769015132,1.0,23,Pullback 3.8% > 2%
1981-08-27,WHEAT,LEVERAGE_UP,4.869601063661177,4.727315369685371,0.0300986252976128,1.5,24,PnL=3.0% | Days=24 | Signals agree -> 1.5x
1981-09-01,WHEAT,LEVERAGE_DOWN,4.837222883462547,4.727315369685371,0.0232494566539763,1.0,29,Pullback 2.5% > 2%
1981-09-08,WHEAT,LEVERAGE_UP,4.872649972496666,4.727315369685371,0.0307435809642139,1.5,36,PnL=3.1% | Days=36 | Signals agree -> 1.5x
1981-09-08,SP500,LEVERAGE_UP,154.87512299040992,149.29773481693636,0.0373574869056946,1.5,22,PnL=3.7% | Days=22 | Signals agree -> 1.5x
1981-09-10,WHEAT,LEVERAGE_DOWN,4.862656376164153,4.727315369685371,0.028629570040255,1.0,38,Pullback 2.0% > 2%
1981-09-15,WHEAT,LEVERAGE_UP,4.9570979646920055,4.727315369685371,0.0486074181722992,1.5,43,PnL=4.9% | Days=43 | Signals agree -> 1.5x
1981-09-16,WHEAT,LEVERAGE_DOWN,4.807226768513193,4.727315369685371,0.0169041818830758,1.0,44,Pullback 3.1% > 2%
1981-09-17,SP500,LEVERAGE_UP,162.8832328335974,149.29773481693636,0.0909960089703912,2.0,31,PnL=9.1% | Days=31 | Signals agree | Max leverage criteria met -> 2.0x
1981-09-17,TBOND,LEVERAGE_UP,103.60843808156142,99.8204906613097,0.0379475936769755,1.5,24,PnL=3.8% | Days=24 | Signals agree -> 1.5x
1981-09-18,WHEAT,LEVERAGE_UP,4.873844243609346,4.727315369685371,0.0309962129591805,1.5,46,PnL=3.1% | Days=46 | Signals agree -> 1.5x
1981-09-22,WHEAT,LEVERAGE_DOWN,4.858196905530075,4.727315369685371,0.027686228992464,1.0,50,Pullback 2.1% > 2%
1981-09-23,WHEAT,LEVERAGE_UP,4.9943631225816,4.727315369685371,0.0564903612330823,1.5,51,PnL=5.6% | Days=51 | Signals agree -> 1.5x
1981-09-24,SP500,LEVERAGE_DOWN,164.59005889890497,149.29773481693636,0.1024283730809414,1.0,38,Momentum decay 73.6%
1981-09-24,TBOND,LEVERAGE_DOWN,104.48350484845696,99.8204906613097,0.046713997860107,1.0,31,Momentum decay 62.0%
1981-09-25,SP500,LEVERAGE_UP,164.6673652562584,149.29773481693636,0.1029461730157375,2.0,39,PnL=10.3% | Days=39 | Signals agree -> 1.5x
1981-09-25,TBOND,LEVERAGE_UP,103.982822890728,99.8204906613097,0.0416981744113145,1.5,32,PnL=4.2% | Days=32 | Signals agree -> 1.5x
1981-09-28,TBOND,LEVERAGE_DOWN,104.21411775805176,99.8204906613097,0.0440152825099768,1.0,35,Momentum decay 68.3%
1981-09-29,TBOND,LEVERAGE_UP,105.62735651842088,99.8204906613097,0.0581730846907357,1.5,36,PnL=5.8% | Days=36 | Signals agree -> 1.5x
1981-10-01,WHEAT,LEVERAGE_DOWN,4.880793146099702,4.727315369685371,0.0324661598417,1.0,59,Pullback 2.9% > 2%
1981-10-05,WHEAT,LEVERAGE_UP,4.906245378978221,4.727315369685371,0.0378502374604127,1.5,63,PnL=3.8% | Days=63 | Signals agree -> 1.5x
1981-10-06,WHEAT,LEVERAGE_DOWN,4.936134433069219,4.727315369685371,0.0441728649463354,1.0,64,Leverage duration 64d > 60d
1981-10-07,WHEAT,LEVERAGE_UP,4.997251255266825,4.727315369685371,0.0571013068669923,1.5,65,PnL=5.7% | Days=65 | Signals agree -> 1.5x
1981-10-08,WHEAT,LEVERAGE_DOWN,4.985339672368774,4.727315369685371,0.0545815716755481,1.0,66,Leverage duration 66d > 60d
1981-10-09,WHEAT,LEVERAGE_UP,5.041182905173662,4.727315369685371,0.0663944566721768,1.5,67,PnL=6.6% | Days=67 | Signals agree -> 1.5x
1981-10-09,SP500,LEVERAGE_DOWN,167.91787869874446,149.29773481693636,0.1247181941818438,1.0,53,Pullback 2.8% > 2%
1981-10-12,WHEAT,LEVERAGE_DOWN,5.019003996331159,4.727315369685371,0.0617028067381087,1.0,70,Leverage duration 70d > 60d
1981-10-12,SP500,LEVERAGE_UP,168.3704506756124,149.29773481693636,0.1277495327177089,2.0,56,PnL=12.8% | Days=56 | Signals agree -> 1.5x
1981-10-12,CRUDE,ENTRY,54.4706851720029,54.4706851720029,0.0,1.0,0,Mom=14.5% | Price>SMA200 | GoldenCross | Breakout>54.56
1981-10-13,WHEAT,LEVERAGE_UP,4.979837465255797,4.727315369685371,0.0534176537469369,1.5,71,PnL=5.3% | Days=71 | Signals agree -> 1.5x
1981-10-13,SP500,LEVERAGE_DOWN,168.54874396593658,149.29773481693636,0.1289437456811058,1.0,57,Pullback 2.5% > 2%
1981-10-13,TBOND,LEVERAGE_UP,108.2031787629422,99.8204906613097,0.083977628702256,2.0,50,PnL=8.4% | Days=50 | Signals agree | Max leverage criteria met -> 2.0x
1981-10-14,WHEAT,LEVERAGE_DOWN,4.983366923465184,4.727315369685371,0.0541642631718167,1.0,72,Leverage duration 72d > 60d
1981-10-14,SP500,LEVERAGE_UP,171.39900627365122,149.29773481693636,0.1480348746336618,2.0,58,PnL=14.8% | Days=58 | Signals agree -> 1.5x
1981-10-15,WHEAT,LEVERAGE_UP,4.953871442016814,4.727315369685371,0.0479248906862165,1.5,73,PnL=4.8% | Days=73 | Signals agree -> 1.5x
1981-10-15,SP500,LEVERAGE_DOWN,167.50605616745904,149.29773481693636,0.1219597964620768,1.0,59,Pullback 3.1% > 2%
1981-10-16,WHEAT,LEVERAGE_DOWN,4.940196932874463,4.727315369685371,0.0450322321532063,1.0,74,Pullback 2.0% > 2%
1981-10-16,SP500,LEVERAGE_UP,166.7666238206912,149.29773481693636,0.117007059920732,2.0,60,PnL=11.7% | Days=60 | Signals agree -> 1.5x
1981-10-19,WHEAT,LEVERAGE_UP,4.958092956692664,4.727315369685371,0.0488178953507499,1.5,77,PnL=4.9% | Days=77 | Signals agree -> 1.5x
1981-10-19,SP500,LEVERAGE_DOWN,167.64539174025114,149.29773481693636,0.1228930696491279,1.0,63,Pullback 3.0% > 2%
1981-10-20,WHEAT,LEVERAGE_DOWN,4.97809513465795,4.727315369685371,0.0530490871374358,1.0,78,Leverage duration 78d > 60d
1981-10-20,SP500,LEVERAGE_UP,166.76761825594974,149.29773481693636,0.1170137206732195,2.0,64,PnL=11.7% | Days=64 | Signals agree | Max leverage criteria met -> 2.0x
1981-10-21,WHEAT,LEVERAGE_UP,4.948543550303839,4.727315369685371,0.046797846836521,1.5,79,PnL=4.7% | Days=79 | Signals agree -> 1.5x
1981-10-21,SP500,LEVERAGE_DOWN,167.85313684703374,149.29773481693636,0.1242845516233007,1.0,65,Pullback 2.9% > 2%
1981-10-22,WHEAT,LEVERAGE_DOWN,5.031687236941048,4.727315369685371,0.0643857757422971,1.0,80,Leverage duration 80d > 60d
1981-10-22,SP500,LEVERAGE_UP,167.7934994479651,149.29773481693636,0.1238850988175246,2.0,66,PnL=12.4% | Days=66 | Signals agree | Max leverage criteria met -> 2.0x
1981-10-22,CRUDE,LEVERAGE_UP,61.040982499161366,54.4706851720029,0.1206207945872415,1.5,10,PnL=12.1% | Days=10 | Signals agree -> 1.5x
1981-10-23,WHEAT,LEVERAGE_UP,5.114908698153266,4.727315369685371,0.0819901568136104,2.0,81,PnL=8.2% | Days=81 | Signals agree | Max leverage criteria met -> 2.0x
1981-10-23,SP500,LEVERAGE_DOWN,166.43541260290596,149.29773481693636,0.114788598815536,1.0,67,Pullback 3.7% > 2%
1981-10-26,WHEAT,LEVERAGE_DOWN,5.198303046423406,4.727315369685371,0.0996311098172791,1.0,84,Leverage duration 84d > 60d
1981-10-26,SP500,EXIT,165.00956714236585,149.29773481693636,0.1052382498950489,1.0,70,TRAILING STOP: Price 165.01 vs stop 165.96
1981-10-26,TBOND,LEVERAGE_DOWN,114.5877561178906,99.8204906613097,0.1479382174816804,1.0,63,Leverage duration 63d > 60d
1981-10-27,WHEAT,LEVERAGE_UP,5.18508734443324,4.727315369685371,0.096835505767904,2.0,85,PnL=9.7% | Days=85 | Signals agree | Max leverage criteria met -> 2.0x
1981-10-27,TBOND,LEVERAGE_UP,116.2874431166558,99.8204906613097,0.1649656533067781,2.0,64,PnL=16.5% | Days=64 | Signals agree | Max leverage criteria met -> 2.0x
1981-10-28,WHEAT,LEVERAGE_DOWN,5.186649785311191,4.727315369685371,0.0971660191260714,1.0,86,Leverage duration 86d > 60d
1981-10-28,TBOND,LEVERAGE_DOWN,118.06562787597989,99.8204906613097,0.1827794783796026,1.0,65,Leverage duration 65d > 60d
1981-10-29,WHEAT,LEVERAGE_UP,5.191086989145778,4.727315369685371,0.0981046499318435,2.0,87,PnL=9.8% | Days=87 | Signals agree | Max leverage criteria met -> 2.0x
1981-10-29,TBOND,LEVERAGE_UP,118.12245114621643,99.8204906613097,0.1833487329470777,2.0,66,PnL=18.3% | Days=66 | Signals agree -> 1.5x
1981-10-30,WHEAT,LEVERAGE_DOWN,5.211772542740641,4.727315369685371,0.1024804006438675,1.0,88,Leverage duration 88d > 60d
1981-10-30,TBOND,LEVERAGE_DOWN,117.4889265191728,99.8204906613097,0.1770020938667991,1.0,67,Leverage duration 67d > 60d
1981-11-02,WHEAT,LEVERAGE_UP,5.047986780651033,4.727315369685371,0.0678337250402238,1.5,91,PnL=6.8% | Days=91 | Signals agree -> 1.5x
1981-11-02,TBOND,LEVERAGE_UP,117.18036033208271,99.8204906613097,0.1739108829836845,2.0,70,PnL=17.4% | Days=70 | Signals agree | Max leverage criteria met -> 2.0x
1981-11-02,CRUDE,LEVERAGE_UP,62.32389063786051,54.4706851720029,0.1441730619150359,2.0,21,PnL=14.4% | Days=21 | Signals agree | Max leverage criteria met -> 2.0x
1981-11-03,WHEAT,LEVERAGE_DOWN,5.153369207175043,4.727315369685371,0.0901259603329633,1.0,92,Leverage duration 92d > 60d
1981-11-03,TBOND,LEVERAGE_DOWN,116.40229626198357,99.8204906613097,0.1661162501889097,1.0,71,Leverage duration 71d > 60d
1981-11-04,WHEAT,LEVERAGE_UP,5.123147915012779,4.727315369685371,0.0837330523505463,2.0,93,PnL=8.4% | Days=93 | Signals agree -> 1.5x
1981-11-04,TBOND,LEVERAGE_UP,117.4222321970373,99.8204906613097,0.1763339512670819,2.0,72,PnL=17.6% | Days=72 | Signals agree | Max leverage criteria met -> 2.0x
1981-11-04,SP500,ENTRY,173.33595625471455,173.33595625471455,0.0,1.0,0,Mom=14.5% | Price>SMA200 | GoldenCross | Breakout>172.23
1981-11-05,WHEAT,LEVERAGE_DOWN,5.13003899891581,4.727315369685371,0.0851907684883826,1.0,94,Leverage duration 94d > 60d
1981-11-05,TBOND,LEVERAGE_DOWN,115.40773523751064,99.8204906613097,0.1561527545390291,1.0,73,Pullback 2.3% > 2%
1981-11-06,WHEAT,LEVERAGE_UP,5.073920388126592,4.727315369685371,0.0733196309820746,1.5,95,PnL=7.3% | Days=95 | Signals agree -> 1.5x
1981-11-06,TBOND,LEVERAGE_UP,114.47440977177224,99.8204906613097,0.1468027156887374,2.0,74,PnL=14.7% | Days=74 | Signals agree -> 1.5x
1981-11-06,CRUDE,LEVERAGE_DOWN,62.11998944941396,54.4706851720029,0.1404297422229357,1.0,25,Pullback 2.6% > 2%
1981-11-09,WHEAT,LEVERAGE_DOWN,5.0582957756729074,4.727315369685371,0.0700144543158678,1.0,98,Pullback 2.9% > 2%
1981-11-09,TBOND,LEVERAGE_DOWN,114.24808218685784,99.8204906613097,0.1445353697418784,1.0,77,Pullback 3.3% > 2%
1981-11-09,CRUDE,LEVERAGE_UP,62.73255605012107,54.4706851720029,0.1516755453328617,2.0,28,PnL=15.2% | Days=28 | Signals agree | Max leverage criteria met -> 2.0x
1981-11-10,WHEAT,EXIT,4.963540414458292,4.727315369685371,0.0499702317911239,1.0,99,TRAILING STOP: Price 4.96 vs stop 4.99
1981-11-10,TBOND,LEVERAGE_UP,113.87598371372778,99.8204906613097,0.1408076934835781,2.0,78,PnL=14.1% | Days=78 | Signals agree -> 1.5x
1981-11-10,CRUDE,LEVERAGE_DOWN,60.99928777432183,54.4706851720029,0.1198553420377118,1.0,29,Pullback 4.4% > 2%
1981-11-11,TBOND,LEVERAGE_DOWN,114.41271446481528,99.8204906613097,0.1461846531391724,1.0,79,Pullback 3.1% > 2%
1981-11-11,CRUDE,LEVERAGE_UP,60.57809495501386,54.4706851720029,0.112122874234563,2.0,30,PnL=11.2% | Days=30 | Signals agree -> 1.5x
1981-11-12,TBOND,LEVERAGE_UP,114.28159326586184,99.8204906613097,0.1448710831688713,2.0,80,PnL=14.5% | Days=80 | Signals agree -> 1.5x
1981-11-12,CRUDE,EXIT,60.54684617995822,54.4706851720029,0.1115491936400017,2.0,31,TRAILING STOP: Price 60.55 vs stop 60.59
1981-11-13,TBOND,LEVERAGE_DOWN,114.40299141228758,99.8204906613097,0.1460872477621474,1.0,81,Pullback 3.1% > 2%
1981-11-13,SP500,EXIT,171.8365124442431,173.33595625471455,-0.0086505064665753,1.0,9,TRAILING STOP: Price 171.84 vs stop 173.45
1981-11-13,WHEAT,ENTRY,5.192179759600371,5.192179759600371,0.0,1.0,0,Mom=59.5% | Price>SMA200 | GoldenCross | Breakout>5.23
1981-11-13,DXY,ENTRY,85.35918682323386,85.35918682323386,0.0,1.0,0,Mom=1.3% | Price>SMA200 | GoldenCross | Breakout>86.06
1981-11-16,TBOND,LEVERAGE_UP,113.90810700986628,99.8204906613097,0.1411295041251176,2.0,84,PnL=14.1% | Days=84 | Signals agree | Max leverage criteria met -> 2.0x
1981-11-17,TBOND,LEVERAGE_DOWN,114.11712437015476,99.8204906613097,0.1432234365322191,1.0,85,Pullback 3.4% > 2%
1981-11-18,TBOND,EXIT,113.55332299461404,99.8204906613097,0.1375752838152213,1.0,86,TRAILING STOP: Price 113.55 vs stop 113.91
1981-11-27,TBOND,ENTRY,117.70827061227224,117.70827061227224,0.0,1.0,0,Mom=31.9% | Price>SMA200 | GoldenCross | Breakout>118.27
1981-12-04,TBOND,EXIT,113.79876527016016,117.70827061227224,-0.0332135144096194,1.0,7,TRAILING STOP: Price 113.80 vs stop 114.03
1981-12-09,CRUDE,ENTRY,62.25523676241095,62.25523676241095,0.0,1.0,0,Mom=26.4% | Price>SMA200 | GoldenCross | Breakout>62.70
1981-12-17,SP500,ENTRY,170.3117460177959,170.3117460177959,0.0,1.0,0,Mom=12.0% | Price>SMA200 | GoldenCross | Breakout>170.80
1981-12-21,DXY,EXIT,84.12524513060367,85.35918682323386,-0.0144558745057575,1.0,38,TRAILING STOP: Price 84.13 vs stop 84.53
1981-12-24,DXY,ENTRY,86.29576113059319,86.29576113059319,0.0,1.0,0,Mom=3.0% | Price>SMA200 | GoldenCross | Breakout>86.92
1981-12-25,WHEAT,EXIT,4.871693018689947,5.192179759600371,-0.0617248931564517,1.0,42,TRAILING STOP: Price 4.87 vs stop 4.98
1981-12-29,CRUDE,LEVERAGE_UP,64.43835587823376,62.25523676241095,0.0350672365788986,1.5,20,PnL=3.5% | Days=20 | Signals agree -> 1.5x
1981-12-30,CRUDE,LEVERAGE_DOWN,62.190702337317646,62.25523676241095,-0.0010366103873252,1.0,21,Pullback 3.5% > 2%
1982-01-05,DXY,LEVERAGE_UP,89.30454317655997,86.29576113059319,0.0348659309165085,1.5,12,PnL=3.5% | Days=12 | Signals agree -> 1.5x
1982-01-06,CRUDE,EXIT,60.3198483492331,62.25523676241095,-0.0310879616531539,1.0,28,TRAILING STOP: Price 60.32 vs stop 60.64
1982-01-12,TBOND,ENTRY,112.5816584999439,112.5816584999439,0.0,1.0,0,Mom=16.7% | Price>SMA200 | GoldenCross | Breakout>112.74
1982-01-14,SP500,EXIT,166.4132504876753,170.3117460177959,-0.0228903503209535,1.0,28,TRAILING STOP: Price 166.41 vs stop 166.55
1982-01-15,DXY,LEVERAGE_DOWN,90.17187363293831,86.29576113059319,0.0449166036843839,1.0,22,Momentum decay 73.4%
1982-01-18,DXY,LEVERAGE_UP,91.00484119776856,86.29576113059319,0.0545690773854932,1.5,25,PnL=5.5% | Days=25 | Signals agree -> 1.5x
1982-01-20,WHEAT,ENTRY,5.02729498598187,5.02729498598187,0.0,1.0,0,Mom=32.6% | Price>SMA200 | GoldenCross | Breakout>5.05
1982-01-27,CRUDE,ENTRY,63.89286470754255,63.89286470754255,0.0,1.0,0,Mom=16.3% | Price>SMA200 | GoldenCross | Breakout>64.05
1982-02-01,WHEAT,LEVERAGE_UP,5.257480155099107,5.02729498598187,0.0457870822697069,1.5,12,PnL=4.6% | Days=12 | Signals agree -> 1.5x
1982-02-10,CRUDE,EXIT,62.82535962337815,63.89286470754255,-0.0167077355045935,1.0,14,TRAILING STOP: Price 62.83 vs stop 62.87
1982-02-11,DXY,LEVERAGE_UP,93.25269699658114,86.29576113059319,0.0806173533304824,2.0,49,PnL=8.1% | Days=49 | Signals agree | Max leverage criteria met -> 2.0x
1982-02-11,WHEAT,LEVERAGE_UP,5.481348248569296,5.02729498598187,0.0903176089434794,2.0,22,PnL=9.0% | Days=22 | Signals agree | Max leverage criteria met -> 2.0x
1982-02-15,WHEAT,LEVERAGE_DOWN,5.516549255653547,5.02729498598187,0.0973195865840209,1.0,26,Pullback 2.1% > 2%
1982-02-16,WHEAT,LEVERAGE_UP,5.579992235613562,5.02729498598187,0.1099392916414962,2.0,27,PnL=11.0% | Days=27 | Signals agree | Max leverage criteria met -> 2.0x
1982-02-23,DXY,LEVERAGE_DOWN,97.19228514344582,86.29576113059319,0.1262695162554124,1.0,61,Leverage duration 61d > 60d
1982-02-24,DXY,LEVERAGE_UP,98.32235139574752,86.29576113059319,0.1393647857970014,2.0,62,PnL=13.9% | Days=62 | Signals agree | Max leverage criteria met -> 2.0x
1982-02-24,SP500,ENTRY,172.44604738110343,172.44604738110343,0.0,1.0,0,Mom=20.4% | Price>SMA200 | GoldenCross | Breakout>172.37
1982-02-25,DXY,LEVERAGE_DOWN,98.64600285529228,86.29576113059319,0.1431152766125929,1.0,63,Leverage duration 63d > 60d
1982-02-26,DXY,LEVERAGE_UP,98.68853455381314,86.29576113059319,0.1436081362613594,2.0,64,PnL=14.4% | Days=64 | Signals agree -> 1.5x
1982-03-01,DXY,LEVERAGE_DOWN,97.78513818052714,86.29576113059319,0.1331395296757025,1.0,67,Leverage duration 67d > 60d
1982-03-01,WHEAT,LEVERAGE_DOWN,5.750574774843123,5.02729498598187,0.1438705687408536,1.0,40,Pullback 2.7% > 2%
1982-03-02,DXY,LEVERAGE_UP,98.35186020725942,86.29576113059319,0.1397067355188104,2.0,68,PnL=14.0% | Days=68 | Signals agree | Max leverage criteria met -> 2.0x
1982-03-02,WHEAT,LEVERAGE_UP,5.639444923506293,5.02729498598187,0.1217652712306209,2.0,41,PnL=12.2% | Days=41 | Signals agree -> 1.5x
1982-03-03,DXY,LEVERAGE_DOWN,98.27242676331691,86.29576113059319,0.1387862564257263,1.0,69,Leverage duration 69d > 60d
1982-03-03,WHEAT,EXIT,5.578931293046406,5.02729498598187,0.1097282551755408,2.0,42,TRAILING STOP: Price 5.58 vs stop 5.61
1982-03-04,DXY,LEVERAGE_UP,98.82202388046002,86.29576113059319,0.1451550178798536,2.0,70,PnL=14.5% | Days=70 | Signals agree | Max leverage criteria met -> 2.0x
1982-03-05,DXY,LEVERAGE_DOWN,99.17472737804746,86.29576113059319,0.149242165301309,1.0,71,Leverage duration 71d > 60d
1982-03-08,DXY,LEVERAGE_UP,99.44427455689836,86.29576113059319,0.1523656927529412,2.0,74,PnL=15.2% | Days=74 | Signals agree | Max leverage criteria met -> 2.0x
1982-03-09,DXY,LEVERAGE_DOWN,99.73083117868389,86.29576113059319,0.1556863265596453,1.0,75,Leverage duration 75d > 60d
1982-03-10,DXY,LEVERAGE_UP,100.32228254151453,86.29576113059319,0.1625400973020527,2.0,76,PnL=16.3% | Days=76 | Signals agree | Max leverage criteria met -> 2.0x
1982-03-11,DXY,LEVERAGE_DOWN,100.69765081032388,86.29576113059319,0.1668898853320966,1.0,77,Leverage duration 77d > 60d
1982-03-12,DXY,LEVERAGE_UP,100.34003931862824,86.29576113059319,0.1627458638064684,2.0,78,PnL=16.3% | Days=78 | Signals agree | Max leverage criteria met -> 2.0x
1982-03-12,TBOND,EXIT,110.57447263422928,112.5816584999439,-0.017828711110306,1.0,59,TRAILING STOP: Price 110.57 vs stop 111.37
1982-03-15,DXY,LEVERAGE_DOWN,100.12595233470446,86.29576113059319,0.1602650121270934,1.0,81,Leverage duration 81d > 60d
1982-03-16,DXY,LEVERAGE_UP,100.79660028719762,86.29576113059319,0.1680365172822336,2.0,82,PnL=16.8% | Days=82 | Signals agree | Max leverage criteria met -> 2.0x
1982-03-17,DXY,LEVERAGE_DOWN,100.28656893605648,86.29576113059319,0.1621262460886195,1.0,83,Leverage duration 83d > 60d
1982-03-18,DXY,LEVERAGE_UP,99.69269623227537,86.29576113059319,0.1552444167148408,2.0,84,PnL=15.5% | Days=84 | Signals agree -> 1.5x
1982-03-18,SP500,EXIT,166.39510361253937,172.44604738110343,-0.0350889096065598,1.0,22,TRAILING STOP: Price 166.40 vs stop 168.22
1982-03-19,DXY,LEVERAGE_DOWN,99.57374500771432,86.29576113059319,0.1538660034184907,1.0,85,Leverage duration 85d > 60d
1982-03-22,DXY,LEVERAGE_UP,99.69267483365395,86.29576113059319,0.1552441687464455,2.0,88,PnL=15.5% | Days=88 | Signals agree -> 1.5x
1982-03-23,DXY,LEVERAGE_DOWN,100.4847287996582,86.29576113059319,0.1644225334265555,1.0,89,Leverage duration 89d > 60d
1982-03-24,DXY,LEVERAGE_UP,102.58100459867056,86.29576113059319,0.1887142920430651,2.0,90,PnL=18.9% | Days=90 | Signals agree | Max leverage criteria met -> 2.0x
1982-03-24,SP500,ENTRY,175.2017793519054,175.2017793519054,0.0,1.0,0,Mom=21.5% | Price>SMA200 | GoldenCross | Breakout>176.25
1982-03-25,DXY,LEVERAGE_DOWN,102.28165159660205,86.29576113059319,0.1852453730817329,1.0,91,Leverage duration 91d > 60d
1982-03-25,TBOND,ENTRY,114.54746045793736,114.54746045793736,0.0,1.0,0,Mom=16.7% | Price>SMA200 | GoldenCross | Breakout>115.17
1982-03-26,DXY,LEVERAGE_UP,101.03888829563616,86.29576113059319,0.1708441639761642,2.0,92,PnL=17.1% | Days=92 | Signals agree | Max leverage criteria met -> 2.0x
1982-03-29,DXY,LEVERAGE_DOWN,101.05694220675214,86.29576113059319,0.17105337368565,1.0,95,Leverage duration 95d > 60d
1982-03-30,DXY,LEVERAGE_UP,101.81507302414194,86.29576113059319,0.1798386350641608,2.0,96,PnL=18.0% | Days=96 | Signals agree | Max leverage criteria met -> 2.0x
1982-03-31,DXY,LEVERAGE_DOWN,102.08750084994745,86.29576113059319,0.1829955436102624,1.0,97,Leverage duration 97d > 60d
1982-04-01,DXY,LEVERAGE_UP,102.20002458977584,86.29576113059319,0.1842994748619738,2.0,98,PnL=18.4% | Days=98 | Signals agree -> 1.5x
1982-04-02,DXY,LEVERAGE_DOWN,102.27458182244364,86.29576113059319,0.1851634481520982,1.0,99,Leverage duration 99d > 60d
1982-04-05,DXY,LEVERAGE_UP,102.412447283029,86.29576113059319,0.1867610406500279,2.0,102,PnL=18.7% | Days=102 | Signals agree | Max leverage criteria met -> 2.0x
1982-04-06,DXY,LEVERAGE_DOWN,103.06614322891342,86.29576113059319,0.1943361050253818,1.0,103,Leverage duration 103d > 60d
1982-04-07,DXY,LEVERAGE_UP,103.00049800325203,86.29576113059319,0.1935754045598975,2.0,104,PnL=19.4% | Days=104 | Signals agree | Max leverage criteria met -> 2.0x
1982-04-08,DXY,LEVERAGE_DOWN,103.63020471886092,86.29576113059319,0.2008724804227074,1.0,105,Leverage duration 105d > 60d
1982-04-09,DXY,LEVERAGE_UP,102.30008488133647,86.29576113059319,0.1854589789934595,2.0,106,PnL=18.5% | Days=106 | Signals agree | Max leverage criteria met -> 2.0x
1982-04-12,DXY,LEVERAGE_DOWN,100.80379806754112,86.29576113059319,0.1681199255545427,1.0,109,Pullback 2.7% > 2%
1982-04-12,TBOND,EXIT,111.67148697924291,114.54746045793736,-0.025107265295947,1.0,18,TRAILING STOP: Price 111.67 vs stop 111.75
1982-04-12,CRUDE,ENTRY,61.75023421807419,61.75023421807419,0.0,1.0,0,Mom=12.4% | Price>SMA200 | GoldenCross | Breakout>61.35
1982-04-13,DXY,EXIT,100.05143348047524,86.29576113059319,0.1594014835684142,1.0,110,TRAILING STOP: Price 100.05 vs stop 100.06
1982-04-16,CRUDE,EXIT,57.85220228970534,61.75023421807419,-0.0631257836950504,1.0,4,TRAILING STOP: Price 57.85 vs stop 58.05
1982-04-22,SP500,LEVERAGE_UP,180.8227217858908,175.2017793519054,0.032082678924712,1.5,29,PnL=3.2% | Days=29 | Signals agree -> 1.5x
1982-04-26,TBOND,ENTRY,114.8517337927516,114.8517337927516,0.0,1.0,0,Mom=18.4% | Price>SMA200 | GoldenCross | Breakout>114.87
1982-05-04,SP500,LEVERAGE_UP,189.42118803508532,175.2017793519054,0.0811601841932166,2.0,41,PnL=8.1% | Days=41 | Signals agree -> 1.5x
1982-05-20,TBOND,LEVERAGE_UP,118.86111659613395,114.8517337927516,0.0349092057296867,1.5,24,PnL=3.5% | Days=24 | Signals agree -> 1.5x
1982-05-21,SP500,LEVERAGE_DOWN,198.7842390585601,175.2017793519054,0.1346017134865259,1.0,58,Pullback 2.2% > 2%
1982-05-24,SP500,LEVERAGE_UP,197.5117556116505,175.2017793519054,0.1273387538772303,2.0,61,PnL=12.7% | Days=61 | Signals agree -> 1.5x
1982-05-25,SP500,EXIT,194.82797466134988,175.2017793519054,0.1120205250314487,2.0,62,TRAILING STOP: Price 194.83 vs stop 195.56
1982-05-26,TBOND,LEVERAGE_DOWN,116.48310696807798,114.8517337927516,0.0142041667239449,1.0,30,Pullback 2.2% > 2%
1982-05-27,TBOND,EXIT,115.1011030010498,114.8517337927516,0.0021712271993053,1.0,31,TRAILING STOP: Price 115.10 vs stop 115.51
1982-06-01,TBOND,ENTRY,118.99449272662427,118.99449272662427,0.0,1.0,0,Mom=27.5% | Price>SMA200 | GoldenCross | Breakout>119.18
1982-06-07,SILVER,ENTRY,10.228268873556244,10.228268873556244,0.0,1.0,0,Mom=0.5% | Price>SMA200 | GoldenCross | Breakout>10.27
1982-06-08,SILVER,EXIT,10.349088725175823,10.228268873556244,0.011812346068839,1.0,1,MOMENTUM REVERSAL: 12m momentum = -0.7%
1982-06-11,TBOND,LEVERAGE_UP,123.2336607014266,118.99449272662427,0.035624908999287,1.5,10,PnL=3.6% | Days=10 | Signals agree -> 1.5x
1982-06-18,DXY,ENTRY,101.00075294956756,101.00075294956756,0.0,1.0,0,Mom=24.0% | Price>SMA200 | GoldenCross | Breakout>101.34
1982-06-18,SILVER,ENTRY,10.343500241328329,10.343500241328329,0.0,1.0,0,Mom=7.2% | Price>SMA200 | GoldenCross | Breakout>10.37
1982-06-23,SP500,ENTRY,197.22170102938315,197.22170102938315,0.0,1.0,0,Mom=31.7% | Price>SMA200 | GoldenCross | Breakout>199.15
1982-06-29,SILVER,EXIT,9.245035501049,10.343500241328329,-0.1061985512303002,1.0,11,STOP LOSS: PnL -10.6% < -8%
1982-07-05,TBOND,LEVERAGE_DOWN,123.64150900341204,118.99449272662427,0.0390523642759143,1.0,34,Pullback 3.3% > 2%
1982-07-06,TBOND,LEVERAGE_UP,124.09760429144907,118.99449272662427,0.0428852751744453,1.5,35,PnL=4.3% | Days=35 | Signals agree -> 1.5x
1982-07-07,TBOND,LEVERAGE_DOWN,124.20261954492568,118.99449272662427,0.043767797138868,1.0,36,Pullback 2.9% > 2%
1982-07-08,TBOND,EXIT,122.66301336661724,118.99449272662427,0.03082933130713,1.0,37,TRAILING STOP: Price 122.66 vs stop 122.82
1982-07-08,SP500,LEVERAGE_UP,203.53081876886156,197.22170102938315,0.031989977302439,1.5,15,PnL=3.2% | Days=15 | Signals agree -> 1.5x
1982-07-16,SP500,LEVERAGE_DOWN,198.84089701384517,197.22170102938315,0.0082100295049211,1.0,23,Pullback 2.3% > 2%
1982-07-22,SP500,LEVERAGE_UP,205.31175375179456,197.22170102938315,0.0410200940372486,1.5,29,PnL=4.1% | Days=29 | Signals agree -> 1.5x
1982-08-04,SP500,LEVERAGE_DOWN,202.12836505199868,197.22170102938315,0.0248789255797185,1.0,42,Pullback 2.6% > 2%
1982-08-05,SP500,LEVERAGE_UP,203.87807521829916,197.22170102938315,0.0337507188822201,1.5,43,PnL=3.4% | Days=43 | Signals agree -> 1.5x
1982-08-06,SP500,EXIT,198.91537144170377,197.22170102938315,0.008587647320151,1.5,44,TRAILING STOP: Price 198.92 vs stop 199.36
1982-08-12,TBOND,ENTRY,122.55324510292024,122.55324510292024,0.0,1.0,0,Mom=22.2% | Price>SMA200 | GoldenCross | Breakout>123.47
1982-08-20,DXY,EXIT,99.03866759915115,101.00075294956756,-0.019426442804799,1.0,63,TRAILING STOP: Price 99.04 vs stop 99.44
1982-08-23,TBOND,LEVERAGE_UP,127.54978733944336,122.55324510292024,0.0407703788857408,1.5,11,PnL=4.1% | Days=11 | Signals agree -> 1.5x
1982-08-26,DXY,ENTRY,101.241895552587,101.241895552587,0.0,1.0,0,Mom=25.1% | Price>SMA200 | GoldenCross | Breakout>102.17
1982-08-30,SP500,ENTRY,205.3210193280794,205.3210193280794,0.0,1.0,0,Mom=31.7% | Price>SMA200 | GoldenCross | Breakout>207.28
1982-09-10,DXY,EXIT,98.3570684100654,101.241895552587,-0.0284944007298161,1.0,15,TRAILING STOP: Price 98.36 vs stop 98.65
1982-09-16,SP500,LEVERAGE_UP,211.6756351958612,205.3210193280794,0.0309496606269416,1.5,17,PnL=3.1% | Days=17 | Signals agree -> 1.5x
1982-09-20,TBOND,LEVERAGE_UP,132.86603067087012,122.55324510292024,0.0841494287588158,2.0,39,PnL=8.4% | Days=39 | Signals agree | Max leverage criteria met -> 2.0x
1982-09-24,SP500,LEVERAGE_DOWN,212.6222191273547,205.3210193280794,0.0355599237874853,1.0,25,Pullback 2.6% > 2%
1982-09-27,SP500,EXIT,211.10759256083813,205.3210193280794,0.028183053306941,1.0,28,TRAILING STOP: Price 211.11 vs stop 211.15
1982-09-30,DXY,ENTRY,100.84444773466006,100.84444773466006,0.0,1.0,0,Mom=21.5% | Price>SMA200 | GoldenCross | Breakout>101.09
1982-10-05,SP500,ENTRY,217.62385321508643,217.62385321508643,0.0,1.0,0,Mom=30.5% | Price>SMA200 | GoldenCross | Breakout>219.16
1982-10-11,TBOND,LEVERAGE_DOWN,134.14294104456758,122.55324510292024,0.0945686581527426,1.0,60,Momentum decay 75.3%
1982-10-12,TBOND,LEVERAGE_UP,135.22299962042433,122.55324510292024,0.1033816322600355,2.0,61,PnL=10.3% | Days=61 | Signals agree -> 1.5x
1982-10-12,DXY,LEVERAGE_UP,103.91034157798089,100.84444773466006,0.0304022076791747,1.5,12,PnL=3.0% | Days=12 | Signals agree -> 1.5x
1982-10-13,TBOND,LEVERAGE_DOWN,135.21977454205737,122.55324510292024,0.1033553165279286,1.0,62,Leverage duration 62d > 60d
1982-10-14,TBOND,LEVERAGE_UP,135.06768633922113,122.55324510292024,0.1021143195824089,2.0,63,PnL=10.2% | Days=63 | Signals agree -> 1.5x
1982-10-15,TBOND,LEVERAGE_DOWN,135.06033175940323,122.55324510292024,0.1020543082802872,1.0,64,Momentum decay 78.0%
1982-10-15,SP500,LEVERAGE_UP,224.7088449313156,217.62385321508643,0.0325561357891535,1.5,10,PnL=3.3% | Days=10 | Signals agree -> 1.5x
1982-10-18,TBOND,LEVERAGE_UP,135.06361355005205,122.55324510292024,0.1020810867686581,2.0,67,PnL=10.2% | Days=67 | Signals agree -> 1.5x
1982-10-18,CRUDE,ENTRY,64.26443223802882,64.26443223802882,0.0,1.0,0,Mom=4.2% | Price>SMA200 | GoldenCross | Breakout>63.88
1982-10-19,TBOND,LEVERAGE_DOWN,137.83414436225397,122.55324510292024,0.1246878387145182,1.0,68,Leverage duration 68d > 60d
1982-10-20,TBOND,LEVERAGE_UP,137.433267955174,122.55324510292024,0.1214168000182901,2.0,69,PnL=12.1% | Days=69 | Signals agree -> 1.5x
1982-10-21,TBOND,LEVERAGE_DOWN,136.32852238740364,122.55324510292024,0.1124023870026038,1.0,70,Leverage duration 70d > 60d
1982-10-22,TBOND,LEVERAGE_UP,135.98068304662706,122.55324510292024,0.1095641158455695,2.0,71,PnL=11.0% | Days=71 | Signals agree | Max leverage criteria met -> 2.0x
1982-10-25,TBOND,LEVERAGE_DOWN,135.75070097866433,122.55324510292024,0.107687526875856,1.0,74,Leverage duration 74d > 60d
1982-10-26,TBOND,LEVERAGE_UP,135.5014683344289,122.55324510292024,0.1056538586198573,2.0,75,PnL=10.6% | Days=75 | Signals agree | Max leverage criteria met -> 2.0x
1982-10-27,TBOND,LEVERAGE_DOWN,134.79369765825447,122.55324510292024,0.0998786490317307,1.0,76,Pullback 2.2% > 2%
1982-10-28,TBOND,LEVERAGE_UP,134.59541016174902,122.55324510292024,0.0982606788479225,2.0,77,PnL=9.8% | Days=77 | Signals agree | Max leverage criteria met -> 2.0x
1982-10-29,TBOND,EXIT,133.7289021096057,122.55324510292024,0.0911902169322417,2.0,78,TRAILING STOP: Price 133.73 vs stop 133.95
1982-11-05,GOLD,ENTRY,459.9482218212394,459.9482218212394,0.0,1.0,0,Mom=1.3% | Price>SMA200 | GoldenCross | Breakout>461.72
1982-11-08,GOLD,EXIT,451.4904181154251,459.9482218212394,-0.0183885996391599,1.0,3,MOMENTUM REVERSAL: 12m momentum = -0.0%
1982-11-09,SILVER,ENTRY,10.493986729822916,10.493986729822916,0.0,1.0,0,Mom=28.4% | Price>SMA200 | GoldenCross | Breakout>10.52
1982-11-12,DXY,LEVERAGE_DOWN,104.306527131479,100.84444773466006,0.0343308875658508,1.0,43,Pullback 2.2% > 2%
1982-11-12,SP500,LEVERAGE_UP,239.2553059916632,217.62385321508643,0.0993983538890725,2.0,38,PnL=9.9% | Days=38 | Signals agree | Max leverage criteria met -> 2.0x
1982-11-12,CRUDE,EXIT,61.777733609442166,64.26443223802882,-0.0386947887343994,1.0,25,TRAILING STOP: Price 61.78 vs stop 63.04
1982-11-15,DXY,LEVERAGE_UP,104.54352923648914,100.84444773466006,0.0366810626159808,1.5,46,PnL=3.7% | Days=46 | Signals agree -> 1.5x
1982-11-16,DXY,LEVERAGE_DOWN,103.84896858736106,100.84444773466006,0.0297936170031534,1.0,47,Pullback 2.6% > 2%
1982-11-17,DXY,EXIT,103.285967882081,100.84444773466006,0.0242107543079121,1.0,48,TRAILING STOP: Price 103.29 vs stop 103.69
1982-11-19,SILVER,EXIT,9.79500925229558,10.493986729822916,-0.0666074291423401,1.0,10,TRAILING STOP: Price 9.80 vs stop 9.89
1982-11-19,TBOND,ENTRY,137.9062213715836,137.9062213715836,0.0,1.0,0,Mom=18.9% | Price>SMA200 | GoldenCross | Breakout>136.47
1982-11-26,SP500,LEVERAGE_DOWN,244.0359806727866,217.62385321508643,0.1213659581314186,1.0,52,Pullback 2.0% > 2%
1982-11-29,SP500,LEVERAGE_UP,246.13715076364343,217.62385321508643,0.1310210122985746,2.0,55,PnL=13.1% | Days=55 | Signals agree -> 1.5x
1982-11-29,SILVER,ENTRY,11.13717520398959,11.13717520398959,0.0,1.0,0,Mom=30.7% | Price>SMA200 | GoldenCross | Breakout>10.75
1982-12-06,SP500,LEVERAGE_DOWN,257.29833821242613,217.62385321508643,0.1823076120158933,1.0,62,Leverage duration 62d > 60d
1982-12-07,SP500,LEVERAGE_UP,254.63975777077977,217.62385321508643,0.1700912101722095,2.0,63,PnL=17.0% | Days=63 | Signals agree -> 1.5x
1982-12-07,DXY,ENTRY,105.659567534748,105.659567534748,0.0,1.0,0,Mom=25.0% | Price>SMA200 | GoldenCross | Breakout>106.53
1982-12-08,SP500,LEVERAGE_DOWN,250.63993133269344,217.62385321508643,0.1517116696071725,1.0,64,Pullback 2.6% > 2%
1982-12-09,SP500,LEVERAGE_UP,250.596425565892,217.62385321508643,0.1515117569314307,2.0,65,PnL=15.2% | Days=65 | Signals agree -> 1.5x
1982-12-09,CRUDE,ENTRY,64.73358444175379,64.73358444175379,0.0,1.0,0,Mom=2.9% | Price>SMA200 | GoldenCross | Breakout>65.18
1982-12-10,SP500,LEVERAGE_DOWN,246.8889922649006,217.62385321508643,0.1344757875456338,1.0,66,Pullback 4.0% > 2%
1982-12-10,GOLD,ENTRY,448.30243765185,448.30243765185,0.0,1.0,0,Mom=2.7% | Price>SMA200 | GoldenCross | Breakout>444.90
1982-12-13,SP500,EXIT,246.0041677086071,217.62385321508643,0.1304099439203994,1.0,69,TRAILING STOP: Price 246.00 vs stop 246.53
1982-12-14,GOLD,EXIT,429.7865050455287,448.30243765185,-0.0413023241704984,1.0,4,MOMENTUM REVERSAL: 12m momentum = -2.3%
1982-12-20,SILVER,EXIT,10.29083893920212,11.13717520398959,-0.0759920041918972,1.0,21,TRAILING STOP: Price 10.29 vs stop 10.43
1982-12-20,DXY,LEVERAGE_UP,109.11601851522384,105.659567534748,0.0327130903629633,1.5,13,PnL=3.3% | Days=13 | Signals agree -> 1.5x
1982-12-20,CRUDE,LEVERAGE_UP,68.43252119888247,64.73358444175379,0.0571409228923036,1.5,11,PnL=5.7% | Days=11 | Signals agree -> 1.5x
1982-12-24,CRUDE,LEVERAGE_DOWN,66.92485094075826,64.73358444175379,0.0338505355126153,1.0,15,Pullback 3.5% > 2%
1982-12-27,TBOND,LEVERAGE_UP,143.18150109079951,137.9062213715836,0.0382526594286261,1.5,38,PnL=3.8% | Days=38 | Signals agree -> 1.5x
1982-12-27,DXY,LEVERAGE_DOWN,106.4906082795044,105.659567534748,0.0078652673311681,1.0,20,Pullback 2.8% > 2%
1982-12-27,CRUDE,LEVERAGE_UP,67.03744861381348,64.73358444175379,0.0355899366909408,1.5,18,PnL=3.6% | Days=18 | Signals agree -> 1.5x
1982-12-27,GOLD,ENTRY,456.5304805658462,456.5304805658462,0.0,1.0,0,Mom=1.6% | Price>SMA200 | GoldenCross | Breakout>450.78
1982-12-28,CRUDE,LEVERAGE_DOWN,67.60156658051399,64.73358444175379,0.0443043925883752,1.0,19,Pullback 2.5% > 2%
1982-12-29,CRUDE,LEVERAGE_UP,69.08254685617949,64.73358444175379,0.0671824749383192,1.5,20,PnL=6.7% | Days=20 | Signals agree -> 1.5x
1982-12-31,DXY,LEVERAGE_UP,109.0829499862348,105.659567534748,0.032400117957713,1.5,24,PnL=3.2% | Days=24 | Signals agree -> 1.5x
1982-12-31,WHEAT,ENTRY,5.191257007889306,5.191257007889306,0.0,1.0,0,Mom=6.4% | Price>SMA200 | GoldenCross | Breakout>5.12
1983-01-04,CRUDE,LEVERAGE_DOWN,67.91038347466873,64.73358444175379,0.049074974919292,1.0,26,Pullback 2.9% > 2%
1983-01-05,CRUDE,LEVERAGE_UP,67.35558039404333,64.73358444175379,0.0405044147470122,1.5,27,PnL=4.1% | Days=27 | Signals agree -> 1.5x
1983-01-06,DXY,LEVERAGE_DOWN,106.3842652539776,105.659567534748,0.0068587988398802,1.0,30,Pullback 2.9% > 2%
1983-01-06,CRUDE,LEVERAGE_DOWN,67.30681515065277,64.73358444175379,0.0397510925911159,1.0,28,Pullback 3.7% > 2%
1983-01-06,GOLD,LEVERAGE_UP,471.9882350198632,456.5304805658462,0.0338591947570684,1.5,10,PnL=3.4% | Days=10 | Signals agree -> 1.5x
1983-01-06,WHEAT,EXIT,4.937321957684106,5.191257007889306,-0.0489159080005647,1.0,6,TRAILING STOP: Price 4.94 vs stop 4.97
1983-01-07,CRUDE,EXIT,65.6663529370144,64.73358444175379,0.0144093441341857,1.0,29,TRAILING STOP: Price 65.67 vs stop 65.88
1983-01-07,GOLD,LEVERAGE_DOWN,464.2540703661516,456.5304805658462,0.0169180156179985,1.0,11,Pullback 3.3% > 2%
1983-01-12,GOLD,EXIT,452.7357774751896,456.5304805658462,-0.0083120476117021,1.0,16,TRAILING STOP: Price 452.74 vs stop 455.85
1983-01-14,SILVER,ENTRY,11.210995623453098,11.210995623453098,0.0,1.0,0,Mom=8.2% | Price>SMA200 | GoldenCross | Breakout>10.90
1983-01-17,SILVER,EXIT,10.976133572334737,11.210995623453098,-0.0209492590138056,1.0,3,MOMENTUM REVERSAL: 12m momentum = -0.3%
1983-01-18,DXY,LEVERAGE_UP,109.4092324723084,105.659567534748,0.0354881722975749,1.5,42,PnL=3.5% | Days=42 | Signals agree -> 1.5x
1983-01-18,SILVER,ENTRY,11.240111427702336,11.240111427702336,0.0,1.0,0,Mom=2.9% | Price>SMA200 | GoldenCross | Breakout>11.21
1983-01-19,TBOND,LEVERAGE_DOWN,143.5162214276012,137.9062213715836,0.0406798185043563,1.0,61,Pullback 2.3% > 2%
1983-01-21,TBOND,EXIT,139.67749006922188,137.9062213715836,0.0128440086315297,1.0,63,TRAILING STOP: Price 139.68 vs stop 141.82
1983-01-21,SILVER,EXIT,10.981239149144512,11.240111427702336,-0.0230311131898396,1.0,3,MOMENTUM REVERSAL: 12m momentum = -3.1%
1983-01-27,SILVER,ENTRY,11.625257587465548,11.625257587465548,0.0,1.0,0,Mom=9.3% | Price>SMA200 | GoldenCross | Breakout>11.29
1983-01-31,DXY,LEVERAGE_DOWN,108.91176034302272,105.659567534748,0.0307799178451604,1.0,55,Momentum decay 76.9%
1983-02-02,DXY,EXIT,106.56207401737863,105.659567534748,0.0085416446772208,1.0,57,TRAILING STOP: Price 106.56 vs stop 107.53
1983-02-04,SP500,ENTRY,248.80407500868415,248.80407500868415,0.0,1.0,0,Mom=49.9% | Price>SMA200 | GoldenCross | Breakout>247.50
1983-02-07,SILVER,LEVERAGE_UP,13.0989117976373,11.625257587465548,0.1267631447375977,1.5,11,PnL=12.7% | Days=11 | Signals agree -> 1.5x
1983-02-09,TBOND,ENTRY,145.8520092863513,145.8520092863513,0.0,1.0,0,Mom=27.6% | Price>SMA200 | GoldenCross | Breakout>146.08
1983-02-15,SILVER,LEVERAGE_DOWN,13.646499535082654,11.625257587465548,0.1738664225209449,1.0,19,Pullback 2.7% > 2%
1983-02-16,SILVER,LEVERAGE_UP,14.1874760717565,11.625257587465548,0.2204010074627127,2.0,20,PnL=22.0% | Days=20 | Signals agree | Max leverage criteria met -> 2.0x
1983-02-17,GOLD,ENTRY,449.0978794771482,449.0978794771482,0.0,1.0,0,Mom=16.0% | Price>SMA200 | GoldenCross | Breakout>449.82
1983-02-21,GOLD,EXIT,425.0627824847205,449.0978794771482,-0.0535186160763216,1.0,4,TRAILING STOP: Price 425.06 vs stop 429.75
1983-02-22,SILVER,LEVERAGE_DOWN,15.339855875515516,11.625257587465548,0.319528256479674,1.0,26,Pullback 2.8% > 2%
1983-02-23,SILVER,LEVERAGE_UP,16.339326124049435,11.625257587465548,0.4055022868195743,2.0,27,PnL=40.6% | Days=27 | Signals agree -> 1.5x
1983-02-23,SP500,LEVERAGE_UP,257.49148120527536,248.80407500868415,0.0349166555905001,1.5,19,PnL=3.5% | Days=19 | Signals agree -> 1.5x
1983-02-24,SILVER,LEVERAGE_DOWN,15.915473744550148,11.625257587465548,0.3690426749520241,1.0,28,Pullback 2.6% > 2%
1983-02-25,SILVER,LEVERAGE_UP,15.190715830541125,11.625257587465548,0.3066992895641198,2.0,29,PnL=30.7% | Days=29 | Signals agree -> 1.5x
1983-02-25,DXY,ENTRY,108.72053597385155,108.72053597385155,0.0,1.0,0,Mom=8.4% | Price>SMA200 | GoldenCross | Breakout>109.82
1983-02-28,SILVER,EXIT,14.717504390751182,11.625257587465548,0.2659938311061358,2.0,32,TRAILING STOP: Price 14.72 vs stop 14.94
1983-03-01,SP500,LEVERAGE_UP,269.38723343552107,248.80407500868415,0.0827283814628778,2.0,25,PnL=8.3% | Days=25 | Signals agree | Max leverage criteria met -> 2.0x
1983-03-09,SILVER,ENTRY,16.575980777134113,16.575980777134113,0.0,1.0,0,Mom=67.9% | Price>SMA200 | GoldenCross | Breakout>16.34
1983-03-16,TBOND,EXIT,144.27063209741954,145.8520092863513,-0.0108423407854946,1.0,35,TRAILING STOP: Price 144.27 vs stop 144.55
1983-03-22,SILVER,EXIT,14.906829085415657,16.575980777134113,-0.100697009375215,1.0,13,STOP LOSS: PnL -10.1% < -8%
1983-03-25,TBOND,ENTRY,148.42511223734292,148.42511223734292,0.0,1.0,0,Mom=30.8% | Price>SMA200 | GoldenCross | Breakout>148.15
1983-04-06,SP500,LEVERAGE_DOWN,283.2399569349946,248.80407500868415,0.1384056186584102,1.0,61,Leverage duration 61d > 60d
1983-04-07,SP500,LEVERAGE_UP,286.68416672837844,248.80407500868415,0.1522486788786402,2.0,62,PnL=15.2% | Days=62 | Signals agree | Max leverage criteria met -> 2.0x
1983-04-08,SP500,LEVERAGE_DOWN,286.4332636824014,248.80407500868415,0.1512402426383242,1.0,63,Leverage duration 63d > 60d
1983-04-11,SP500,LEVERAGE_UP,292.0679741800513,248.80407500868415,0.1738874219397614,2.0,66,PnL=17.4% | Days=66 | Signals agree -> 1.5x
1983-04-11,SILVER,ENTRY,16.19407851337025,16.19407851337025,0.0,1.0,0,Mom=64.4% | Price>SMA200 | GoldenCross | Breakout>16.26
1983-04-12,SP500,LEVERAGE_DOWN,289.5985691150118,248.80407500868415,0.1639623229840738,1.0,67,Leverage duration 67d > 60d
1983-04-13,SP500,LEVERAGE_UP,289.9181990951276,248.80407500868415,0.1652469883582428,2.0,68,PnL=16.5% | Days=68 | Signals agree -> 1.5x
1983-04-14,SP500,LEVERAGE_DOWN,291.7484170689846,248.80407500868415,0.1726030494428257,1.0,69,Leverage duration 69d > 60d
1983-04-15,SP500,LEVERAGE_UP,291.57769916437127,248.80407500868415,0.1719168954696346,2.0,70,PnL=17.2% | Days=70 | Signals agree | Max leverage criteria met -> 2.0x
1983-04-18,SP500,LEVERAGE_DOWN,292.48483458778685,248.80407500868415,0.1755628784519628,1.0,73,Leverage duration 73d > 60d
1983-04-18,SILVER,EXIT,14.968723108166431,16.19407851337025,-0.075666880594171,1.0,7,TRAILING STOP: Price 14.97 vs stop 15.08
1983-04-19,SP500,LEVERAGE_UP,291.79722648541053,248.80407500868415,0.1727992255561961,2.0,74,PnL=17.3% | Days=74 | Signals agree -> 1.5x
1983-04-20,SP500,LEVERAGE_DOWN,291.52758827907144,248.80407500868415,0.1717154884577194,1.0,75,Leverage duration 75d > 60d
1983-04-20,WHEAT,ENTRY,4.837585516724297,4.837585516724297,0.0,1.0,0,Mom=5.1% | Price>SMA200 | GoldenCross | Breakout>4.78
1983-04-21,SP500,LEVERAGE_UP,293.7472639318562,248.80407500868415,0.1806368682731717,2.0,76,PnL=18.1% | Days=76 | Signals agree -> 1.5x
1983-04-21,TBOND,EXIT,145.55481704862606,148.42511223734292,-0.0193383393514099,1.0,27,TRAILING STOP: Price 145.55 vs stop 146.35
1983-04-22,SP500,LEVERAGE_DOWN,296.69993459230625,248.80407500868415,0.1925043212493618,1.0,77,Leverage duration 77d > 60d
1983-04-25,SP500,LEVERAGE_UP,299.0453389044312,248.80407500868415,0.2019310330588172,2.0,80,PnL=20.2% | Days=80 | Signals agree -> 1.5x
1983-04-26,SP500,LEVERAGE_DOWN,304.6442590142359,248.80407500868415,0.2244343626751398,1.0,81,Leverage duration 81d > 60d
1983-04-27,SP500,LEVERAGE_UP,303.835064689686,248.80407500868415,0.2211820271797437,2.0,82,PnL=22.1% | Days=82 | Signals agree | Max leverage criteria met -> 2.0x
1983-04-28,SP500,LEVERAGE_DOWN,303.2348735255913,248.80407500868415,0.2187697227829059,1.0,83,Leverage duration 83d > 60d
1983-04-29,SP500,LEVERAGE_UP,299.1715046941914,248.80407500868415,0.2024381219791083,2.0,84,PnL=20.2% | Days=84 | Signals agree -> 1.5x
1983-05-02,SP500,LEVERAGE_DOWN,296.04770252489027,248.80407500868415,0.1898828526605004,1.0,87,Pullback 2.8% > 2%
1983-05-03,SP500,LEVERAGE_UP,301.440757507189,248.80407500868415,0.2115587636443157,2.0,88,PnL=21.2% | Days=88 | Signals agree -> 1.5x
1983-05-04,SP500,LEVERAGE_DOWN,301.1972367854568,248.80407500868415,0.2105799986392663,1.0,89,Leverage duration 89d > 60d
1983-05-05,SP500,LEVERAGE_UP,304.80421797458604,248.80407500868415,0.2250772740114777,2.0,90,PnL=22.5% | Days=90 | Signals agree -> 1.5x
1983-05-05,WHEAT,EXIT,4.591914480357046,4.837585516724297,-0.0507838126102221,1.0,15,TRAILING STOP: Price 4.59 vs stop 4.69
1983-05-06,SP500,LEVERAGE_DOWN,305.4297523776437,248.80407500868415,0.2275914386329208,1.0,91,Leverage duration 91d > 60d
1983-05-09,SP500,LEVERAGE_UP,307.5121206331019,248.80407500868415,0.2359609488806347,2.0,94,PnL=23.6% | Days=94 | Signals agree | Max leverage criteria met -> 2.0x
1983-05-10,SP500,LEVERAGE_DOWN,310.7715008952537,248.80407500868415,0.2490611373001292,1.0,95,Leverage duration 95d > 60d
1983-05-11,SP500,LEVERAGE_UP,312.03762729867884,248.80407500868415,0.2541499864412895,2.0,96,PnL=25.4% | Days=96 | Signals agree | Max leverage criteria met -> 2.0x
1983-05-11,TBOND,ENTRY,149.67689453485607,149.67689453485607,0.0,1.0,0,Mom=26.7% | Price>SMA200 | GoldenCross | Breakout>150.30
1983-05-12,SP500,LEVERAGE_DOWN,306.6799264597346,248.80407500868415,0.2326161717770511,1.0,97,Leverage duration 97d > 60d
1983-05-13,SP500,LEVERAGE_UP,311.1286238583071,248.80407500868415,0.2504964954751949,2.0,98,PnL=25.0% | Days=98 | Signals agree | Max leverage criteria met -> 2.0x
1983-05-16,SP500,LEVERAGE_DOWN,314.16261900988115,248.80407500868415,0.2626908100235726,1.0,101,Leverage duration 101d > 60d
1983-05-17,SP500,LEVERAGE_UP,318.9605752558364,248.80407500868415,0.281974884232517,2.0,102,PnL=28.2% | Days=102 | Signals agree | Max leverage criteria met -> 2.0x
1983-05-18,SP500,LEVERAGE_DOWN,322.11608460123244,248.80407500868415,0.2946575918822447,1.0,103,Leverage duration 103d > 60d
1983-05-18,DXY,EXIT,106.40788582962622,108.72053597385155,-0.0212715116193095,1.0,82,TRAILING STOP: Price 106.41 vs stop 106.62
1983-05-19,SP500,LEVERAGE_UP,317.56331669677405,248.80407500868415,0.2763589852203583,2.0,104,PnL=27.6% | Days=104 | Signals agree -> 1.5x
1983-05-20,SP500,LEVERAGE_DOWN,315.2290650132598,248.80407500868415,0.2669770983544266,1.0,105,Pullback 2.1% > 2%
1983-05-23,SP500,LEVERAGE_UP,315.8140875905109,248.80407500868415,0.2693284367608843,2.0,108,PnL=26.9% | Days=108 | Signals agree -> 1.5x
1983-05-24,SP500,LEVERAGE_DOWN,317.7947444332974,248.80407500868415,0.2772891457754669,1.0,109,Leverage duration 109d > 60d
1983-05-25,SP500,LEVERAGE_UP,323.1914547558254,248.80407500868415,0.2989797484006034,2.0,110,PnL=29.9% | Days=110 | Signals agree | Max leverage criteria met -> 2.0x
1983-05-25,DXY,ENTRY,108.82534267145697,108.82534267145697,0.0,1.0,0,Mom=11.0% | Price>SMA200 | GoldenCross | Breakout>109.26
1983-05-26,SP500,LEVERAGE_DOWN,323.8392554368202,248.80407500868415,0.3015834062425104,1.0,111,Leverage duration 111d > 60d
1983-05-27,SP500,LEVERAGE_UP,319.80703357486505,248.80407500868415,0.2853769921722648,2.0,112,PnL=28.5% | Days=112 | Signals agree | Max leverage criteria met -> 2.0x
1983-05-30,SP500,LEVERAGE_DOWN,319.75222206058106,248.80407500868415,0.2851566922664773,1.0,115,Leverage duration 115d > 60d
1983-05-31,SP500,LEVERAGE_UP,317.7872719041751,248.80407500868415,0.2772591119863417,2.0,116,PnL=27.7% | Days=116 | Signals agree -> 1.5x
1983-06-01,SP500,LEVERAGE_DOWN,317.2914740603709,248.80407500868415,0.2752663880175445,1.0,117,Pullback 2.0% > 2%
1983-06-02,SP500,LEVERAGE_UP,319.28688452736964,248.80407500868415,0.2832863951935889,2.0,118,PnL=28.3% | Days=118 | Signals agree -> 1.5x
1983-06-03,SP500,LEVERAGE_DOWN,315.21248343399503,248.80407500868415,0.2669104532270742,1.0,119,Pullback 2.7% > 2%
1983-06-06,SP500,LEVERAGE_UP,313.1429361838672,248.80407500868415,0.2585924735072662,2.0,122,PnL=25.9% | Days=122 | Signals agree -> 1.5x
1983-06-07,SP500,LEVERAGE_DOWN,317.5149670841332,248.80407500868415,0.2761646571626722,1.0,123,Leverage duration 123d > 60d
1983-06-08,SP500,LEVERAGE_UP,317.4353933036516,248.80407500868415,0.2758448320935738,2.0,124,PnL=27.6% | Days=124 | Signals agree | Max leverage criteria met -> 2.0x
1983-06-08,DXY,EXIT,107.98091763095326,108.82534267145697,-0.0077594521622873,1.0,14,TRAILING STOP: Price 107.98 vs stop 108.32
1983-06-09,SP500,LEVERAGE_DOWN,319.6777907329948,248.80407500868415,0.2848575358817448,1.0,125,Leverage duration 125d > 60d
1983-06-10,SP500,LEVERAGE_UP,317.77989311953843,248.80407500868415,0.2772294549775631,2.0,126,PnL=27.7% | Days=126 | Signals agree | Max leverage criteria met -> 2.0x
1983-06-13,SP500,LEVERAGE_DOWN,315.55800672595217,248.80407500868415,0.2682991896934888,1.0,129,Pullback 2.6% > 2%
1983-06-14,SP500,LEVERAGE_UP,316.31701307622365,248.80407500868415,0.2713498083388828,2.0,130,PnL=27.1% | Days=130 | Signals agree -> 1.5x
1983-06-15,SP500,LEVERAGE_DOWN,317.1460598568383,248.80407500868415,0.2746819353572433,1.0,131,Pullback 2.1% > 2%
1983-06-16,SP500,LEVERAGE_UP,312.6296950009534,248.80407500868415,0.2565296408028746,2.0,132,PnL=25.7% | Days=132 | Signals agree -> 1.5x
1983-06-16,DXY,ENTRY,111.41792570368912,111.41792570368912,0.0,1.0,0,Mom=8.7% | Price>SMA200 | GoldenCross | Breakout>112.38
1983-06-17,SP500,EXIT,307.55892048379417,248.80407500868415,0.2361490480936022,2.0,133,TRAILING STOP: Price 307.56 vs stop 311.60
1983-06-24,TBOND,EXIT,148.2293089378944,149.67689453485607,-0.0096714032012775,1.0,44,TRAILING STOP: Price 148.23 vs stop 148.66
1983-07-11,SP500,ENTRY,316.707858750143,316.707858750143,0.0,1.0,0,Mom=54.3% | Price>SMA200 | GoldenCross | Breakout>319.83
1983-07-18,SP500,EXIT,306.8728419387406,316.707858750143,-0.0310539083249002,1.0,7,TRAILING STOP: Price 306.87 vs stop 306.98
1983-07-22,DXY,LEVERAGE_UP,115.27534695842782,111.41792570368912,0.0346211907139372,1.5,36,PnL=3.5% | Days=36 | Signals agree -> 1.5x
1983-07-25,COPPER,ENTRY,1.0680081580447711,1.0680081580447711,0.0,1.0,0,Mom=0.7% | Price>SMA200 | GoldenCross | Breakout>1.05
1983-07-26,COPPER,EXIT,1.0493280229591957,1.0680081580447711,-0.017490629584491,1.0,1,MOMENTUM REVERSAL: 12m momentum = -1.0%
1983-07-27,SP500,ENTRY,319.10148821077104,319.10148821077104,0.0,1.0,0,Mom=59.8% | Price>SMA200 | GoldenCross | Breakout>319.83
1983-07-28,COPPER,ENTRY,1.0706287380421735,1.0706287380421735,0.0,1.0,0,Mom=9.2% | Price>SMA200 | GoldenCross | Breakout>1.07
1983-07-29,DXY,LEVERAGE_DOWN,113.1021348180505,111.41792570368912,0.0151161413544932,1.0,43,Pullback 2.2% > 2%
1983-08-03,DXY,EXIT,111.5314858557992,111.41792570368912,0.0010192269456899,1.0,48,TRAILING STOP: Price 111.53 vs stop 111.86
1983-08-16,COPPER,LEVERAGE_UP,1.1035594230300303,1.0706287380421735,0.0307582673785463,1.5,19,PnL=3.1% | Days=19 | Signals agree -> 1.5x
1983-08-19,COPPER,LEVERAGE_UP,1.1794688187845963,1.0706287380421735,0.1016599656585487,2.0,22,PnL=10.2% | Days=22 | Signals agree -> 1.5x
1983-08-23,COPPER,LEVERAGE_DOWN,1.1623981909606618,1.0706287380421735,0.0857154769507719,1.0,26,Pullback 2.0% > 2%
1983-08-24,COPPER,LEVERAGE_UP,1.1640534768208284,1.0706287380421735,0.0872615645919402,2.0,27,PnL=8.7% | Days=27 | Signals agree -> 1.5x
1983-08-24,DXY,ENTRY,114.67647035262476,114.67647035262476,0.0,1.0,0,Mom=15.0% | Price>SMA200 | GoldenCross | Breakout>114.36
1983-08-26,SP500,LEVERAGE_UP,329.3317497359008,319.10148821077104,0.0320595857527699,1.5,30,PnL=3.2% | Days=30 | Signals agree -> 1.5x
1983-09-19,COPPER,LEVERAGE_DOWN,1.180428814244506,1.0706287380421735,0.1025566307916602,1.0,53,Pullback 2.7% > 2%
1983-09-20,COPPER,LEVERAGE_UP,1.1977556307705637,1.0706287380421735,0.1187404075859787,2.0,54,PnL=11.9% | Days=54 | Signals agree | Max leverage criteria met -> 2.0x
1983-09-26,SP500,LEVERAGE_DOWN,335.31420977196,319.10148821077104,0.050807414443897,1.0,61,Leverage duration 61d > 60d
1983-09-27,SP500,LEVERAGE_UP,335.9105103220057,319.10148821077104,0.0526761006521287,1.5,62,PnL=5.3% | Days=62 | Signals agree -> 1.5x
1983-09-27,COPPER,LEVERAGE_DOWN,1.201163576458763,1.0706287380421735,0.1219235331337119,1.0,61,Pullback 2.2% > 2%
1983-09-28,SP500,LEVERAGE_DOWN,339.50780850183435,319.10148821077104,0.0639493109401753,1.0,63,Leverage duration 63d > 60d
1983-09-28,COPPER,LEVERAGE_UP,1.2155536569281558,1.0706287380421735,0.135364308594034,2.0,62,PnL=13.5% | Days=62 | Signals agree | Max leverage criteria met -> 2.0x
1983-09-29,SP500,LEVERAGE_UP,337.35135960990146,319.10148821077104,0.057191433049902,1.5,64,PnL=5.7% | Days=64 | Signals agree -> 1.5x
1983-09-29,COPPER,LEVERAGE_DOWN,1.2370375534381617,1.0706287380421735,0.1554309252900258,1.0,63,Leverage duration 63d > 60d
1983-09-30,SP500,LEVERAGE_DOWN,341.7993791513494,319.10148821077104,0.071130633291143,1.0,65,Leverage duration 65d > 60d
1983-09-30,COPPER,LEVERAGE_UP,1.2142044954677988,1.0706287380421735,0.1341041505089595,2.0,64,PnL=13.4% | Days=64 | Signals agree -> 1.5x
1983-10-03,SP500,LEVERAGE_UP,351.3693605395263,319.10148821077104,0.1011210336551044,2.0,68,PnL=10.1% | Days=68 | Signals agree | Max leverage criteria met -> 2.0x
1983-10-03,COPPER,LEVERAGE_DOWN,1.208561129771802,1.0706287380421735,0.1288330742754589,1.0,67,Pullback 2.3% > 2%
1983-10-04,SP500,LEVERAGE_DOWN,352.8765158582487,319.10148821077104,0.1058441558416323,1.0,69,Leverage duration 69d > 60d
1983-10-04,COPPER,LEVERAGE_UP,1.2400322426240904,1.0706287380421735,0.1582280566199817,2.0,68,PnL=15.8% | Days=68 | Signals agree -> 1.5x
1983-10-05,SP500,LEVERAGE_UP,354.1274835729005,319.10148821077104,0.1097644375102201,2.0,70,PnL=11.0% | Days=70 | Signals agree | Max leverage criteria met -> 2.0x
1983-10-05,COPPER,LEVERAGE_DOWN,1.231488589238441,1.0706287380421735,0.1502480229425065,1.0,69,Leverage duration 69d > 60d
1983-10-06,SP500,LEVERAGE_DOWN,356.8311617599473,319.10148821077104,0.1182372221475047,1.0,71,Leverage duration 71d > 60d
1983-10-06,COPPER,LEVERAGE_UP,1.2298056735894034,1.0706287380421735,0.1486761282331274,2.0,70,PnL=14.9% | Days=70 | Signals agree -> 1.5x
1983-10-07,SP500,LEVERAGE_UP,357.6967919261471,319.10148821077104,0.1209499333011049,2.0,72,PnL=12.1% | Days=72 | Signals agree | Max leverage criteria met -> 2.0x
1983-10-07,COPPER,LEVERAGE_DOWN,1.2496730548815869,1.0706287380421735,0.1672328702541891,1.0,71,Leverage duration 71d > 60d
1983-10-10,SP500,LEVERAGE_DOWN,357.42726529550964,319.10148821077104,0.1201052909518989,1.0,75,Leverage duration 75d > 60d
1983-10-10,COPPER,LEVERAGE_UP,1.2574040190401796,1.0706287380421735,0.1744538273272546,2.0,74,PnL=17.4% | Days=74 | Signals agree | Max leverage criteria met -> 2.0x
1983-10-11,SP500,LEVERAGE_UP,361.4990512907058,319.10148821077104,0.1328654507932931,2.0,76,PnL=13.3% | Days=76 | Signals agree | Max leverage criteria met -> 2.0x
1983-10-11,COPPER,LEVERAGE_DOWN,1.2685146488230965,1.0706287380421735,0.1848314955030917,1.0,75,Leverage duration 75d > 60d
1983-10-12,SP500,LEVERAGE_DOWN,352.0425634321812,319.10148821077104,0.1032307163658606,1.0,77,Pullback 2.6% > 2%
1983-10-12,COPPER,LEVERAGE_UP,1.285976637255462,1.0706287380421735,0.2011415269938376,2.0,76,PnL=20.1% | Days=76 | Signals agree | Max leverage criteria met -> 2.0x
1983-10-13,SP500,LEVERAGE_UP,353.2887460264658,319.10148821077104,0.1071360024278971,2.0,78,PnL=10.7% | Days=78 | Signals agree -> 1.5x
1983-10-13,COPPER,LEVERAGE_DOWN,1.3016730403095371,1.0706287380421735,0.2158024477185874,1.0,77,Leverage duration 77d > 60d
1983-10-14,SP500,LEVERAGE_DOWN,352.3062830900245,319.10148821077104,0.1040571608281602,1.0,79,Pullback 2.5% > 2%
1983-10-14,COPPER,LEVERAGE_UP,1.2524515241514658,1.0706287380421735,0.1698280455667441,2.0,78,PnL=17.0% | Days=78 | Signals agree | Max leverage criteria met -> 2.0x
1983-10-17,SP500,LEVERAGE_UP,356.2573688749864,319.10148821077104,0.1164390704429225,2.0,82,PnL=11.6% | Days=82 | Signals agree -> 1.5x
1983-10-17,COPPER,EXIT,1.2306269844836133,1.0706287380421735,0.1494432577384607,2.0,81,TRAILING STOP: Price 1.23 vs stop 1.23
1983-10-18,SP500,LEVERAGE_DOWN,357.6223788846028,319.10148821077104,0.1207167377683559,1.0,83,Leverage duration 83d > 60d
1983-10-18,DXY,LEVERAGE_UP,118.40416998204417,114.67647035262476,0.0325062292025285,1.5,55,PnL=3.3% | Days=55 | Signals agree -> 1.5x
1983-10-19,SP500,LEVERAGE_UP,352.8697720215364,319.10148821077104,0.1058230220112948,2.0,84,PnL=10.6% | Days=84 | Signals agree -> 1.5x
1983-10-20,SP500,LEVERAGE_DOWN,355.8019398991211,319.10148821077104,0.1150118474662484,1.0,85,Leverage duration 85d > 60d
1983-10-21,SP500,LEVERAGE_UP,358.25862775545585,319.10148821077104,0.122710613993818,2.0,86,PnL=12.3% | Days=86 | Signals agree | Max leverage criteria met -> 2.0x
1983-10-24,SP500,LEVERAGE_DOWN,360.6447160957802,319.10148821077104,0.1301881358120438,1.0,89,Leverage duration 89d > 60d
1983-10-24,DXY,LEVERAGE_DOWN,120.019133563728,114.67647035262476,0.0465890098873361,1.0,61,Leverage duration 61d > 60d
1983-10-25,SP500,LEVERAGE_UP,362.1681532809274,319.10148821077104,0.1349622820991365,2.0,90,PnL=13.5% | Days=90 | Signals agree | Max leverage criteria met -> 2.0x
1983-10-25,DXY,LEVERAGE_UP,120.55163777342494,114.67647035262476,0.0512325449391171,1.5,62,PnL=5.1% | Days=62 | Signals agree -> 1.5x
1983-10-26,SP500,LEVERAGE_DOWN,365.427874170922,319.10148821077104,0.1451775929341693,1.0,91,Leverage duration 91d > 60d
1983-10-26,DXY,LEVERAGE_DOWN,120.88275824866388,114.67647035262476,0.0541199766347454,1.0,63,Leverage duration 63d > 60d
1983-10-27,SP500,LEVERAGE_UP,368.7285052333917,319.10148821077104,0.1555211080364542,2.0,92,PnL=15.6% | Days=92 | Signals agree | Max leverage criteria met -> 2.0x
1983-10-27,DXY,LEVERAGE_UP,120.2256609672344,114.67647035262476,0.0483899669875269,1.5,64,PnL=4.8% | Days=64 | Signals agree -> 1.5x
1983-10-28,SP500,LEVERAGE_DOWN,372.9491212360166,319.10148821077104,0.1687476712414403,1.0,93,Leverage duration 93d > 60d
1983-10-28,DXY,LEVERAGE_DOWN,120.44551767522032,114.67647035262476,0.0503071580844441,1.0,65,Leverage duration 65d > 60d
1983-10-31,SP500,LEVERAGE_UP,370.1698822710372,319.10148821077104,0.16003809429599,2.0,96,PnL=16.0% | Days=96 | Signals agree -> 1.5x
1983-10-31,DXY,LEVERAGE_UP,120.29254272786248,114.67647035262476,0.0489731882919708,1.5,68,PnL=4.9% | Days=68 | Signals agree -> 1.5x
1983-11-01,SP500,LEVERAGE_DOWN,367.8297977112453,319.10148821077104,0.1527047390900555,1.0,97,Leverage duration 97d > 60d
1983-11-01,DXY,LEVERAGE_DOWN,121.16000493878065,114.67647035262476,0.0565376189746624,1.0,69,Leverage duration 69d > 60d
1983-11-01,CRUDE,ENTRY,62.83236448943501,62.83236448943501,0.0,1.0,0,Mom=1.7% | Price>SMA200 | GoldenCross | Breakout>63.35
1983-11-02,SP500,LEVERAGE_UP,367.3651960878636,319.10148821077104,0.1512487708776014,2.0,98,PnL=15.1% | Days=98 | Signals agree -> 1.5x
1983-11-02,DXY,LEVERAGE_UP,121.20831409875208,114.67647035262476,0.0569588837713805,1.5,70,PnL=5.7% | Days=70 | Signals agree -> 1.5x
1983-11-03,SP500,LEVERAGE_DOWN,366.2821416167065,319.10148821077104,0.1478546956032118,1.0,99,Leverage duration 99d > 60d
1983-11-03,DXY,LEVERAGE_DOWN,121.31540052754758,114.67647035262476,0.0578926972072686,1.0,71,Leverage duration 71d > 60d
1983-11-04,SP500,LEVERAGE_UP,366.5223483115131,319.10148821077104,0.1486074551599079,2.0,100,PnL=14.9% | Days=100 | Signals agree -> 1.5x
1983-11-04,DXY,LEVERAGE_UP,122.1374468583782,114.67647035262476,0.0650610930281626,1.5,72,PnL=6.5% | Days=72 | Signals agree -> 1.5x
1983-11-07,SP500,LEVERAGE_DOWN,364.0275711148461,319.10148821077104,0.1407893242867008,1.0,103,Pullback 2.4% > 2%
1983-11-07,DXY,LEVERAGE_DOWN,122.68337251931676,114.67647035262476,0.0698216656134528,1.0,75,Leverage duration 75d > 60d
1983-11-08,SP500,LEVERAGE_UP,367.8727937257712,319.10148821077104,0.1528394799675332,2.0,104,PnL=15.3% | Days=104 | Signals agree -> 1.5x
1983-11-08,DXY,LEVERAGE_UP,123.5426714051394,114.67647035262476,0.0773149105937032,1.5,76,PnL=7.7% | Days=76 | Signals agree -> 1.5x
1983-11-09,SP500,LEVERAGE_DOWN,364.84761198472455,319.10148821077104,0.1433591677383138,1.0,105,Pullback 2.2% > 2%
1983-11-09,DXY,LEVERAGE_DOWN,124.37704787874628,114.67647035262476,0.0845908275367447,1.0,77,Leverage duration 77d > 60d
1983-11-10,SP500,LEVERAGE_UP,361.6035614473805,319.10148821077104,0.1331929646424471,2.0,106,PnL=13.3% | Days=106 | Signals agree -> 1.5x
1983-11-10,DXY,LEVERAGE_UP,123.45079351853155,114.67647035262476,0.0765137184544149,1.5,78,PnL=7.7% | Days=78 | Signals agree -> 1.5x
1983-11-11,SP500,LEVERAGE_DOWN,361.63125426422494,319.10148821077104,0.1332797483707201,1.0,107,Pullback 3.0% > 2%
1983-11-11,DXY,LEVERAGE_DOWN,124.61170763731212,114.67647035262476,0.0866371039685558,1.0,79,Leverage duration 79d > 60d
1983-11-14,SP500,EXIT,354.9991399504281,319.10148821077104,0.1124960336002763,1.0,110,TRAILING STOP: Price 355.00 vs stop 360.46
1983-11-14,DXY,LEVERAGE_UP,123.3184826386818,114.67647035262476,0.0753599431468658,1.5,82,PnL=7.5% | Days=82 | Signals agree -> 1.5x
1983-11-14,CRUDE,LEVERAGE_UP,65.16046630805089,62.83236448943501,0.0370525896571557,1.5,13,PnL=3.7% | Days=13 | Signals agree -> 1.5x
1983-11-15,DXY,LEVERAGE_DOWN,122.5615523665693,114.67647035262476,0.0687593713836699,1.0,83,Leverage duration 83d > 60d
1983-11-16,DXY,LEVERAGE_UP,122.596856956403,114.67647035262476,0.0690672339270944,1.5,84,PnL=6.9% | Days=84 | Signals agree -> 1.5x
1983-11-17,DXY,LEVERAGE_DOWN,121.88333655602251,114.67647035262476,0.062845204262365,1.0,85,Pullback 2.2% > 2%
1983-11-18,DXY,LEVERAGE_UP,123.29046551861352,114.67647035262476,0.0751156286856503,1.5,86,PnL=7.5% | Days=86 | Signals agree -> 1.5x
1983-11-21,DXY,LEVERAGE_DOWN,124.96428558610678,114.67647035262476,0.0897116487963701,1.0,89,Leverage duration 89d > 60d
1983-11-21,CRUDE,LEVERAGE_UP,68.89353233259729,62.83236448943501,0.0964656971357721,2.0,20,PnL=9.6% | Days=20 | Signals agree | Max leverage criteria met -> 2.0x
1983-11-22,DXY,LEVERAGE_UP,125.52664537681927,114.67647035262476,0.0946155300283549,2.0,90,PnL=9.5% | Days=90 | Signals agree | Max leverage criteria met -> 2.0x
1983-11-23,DXY,LEVERAGE_DOWN,125.87296746511592,114.67647035262476,0.0976355225972901,1.0,91,Leverage duration 91d > 60d
1983-11-23,CRUDE,LEVERAGE_DOWN,65.97925332951588,62.83236448943501,0.050083883769964,1.0,22,Pullback 4.2% > 2%
1983-11-24,DXY,LEVERAGE_UP,124.75761856075316,114.67647035262476,0.087909474167886,2.0,92,PnL=8.8% | Days=92 | Signals agree | Max leverage criteria met -> 2.0x
1983-11-24,CRUDE,LEVERAGE_UP,67.11930439679001,62.83236448943501,0.0682282123582319,1.5,23,PnL=6.8% | Days=23 | Signals agree -> 1.5x
1983-11-25,DXY,LEVERAGE_DOWN,124.91993339861864,114.67647035262476,0.0893248895304826,1.0,93,Leverage duration 93d > 60d
1983-11-25,CRUDE,LEVERAGE_DOWN,68.02877543703609,62.83236448943501,0.0827027757084461,1.0,24,Momentum decay 79.4%
1983-11-28,DXY,LEVERAGE_UP,126.35917007110808,114.67647035262476,0.101875299113755,2.0,96,PnL=10.2% | Days=96 | Signals agree -> 1.5x
1983-11-28,CRUDE,LEVERAGE_UP,69.49358727198361,62.83236448943501,0.1060157903761311,2.0,27,PnL=10.6% | Days=27 | Signals agree -> 1.5x
1983-11-29,DXY,LEVERAGE_DOWN,125.52263950050032,114.67647035262476,0.0945805980470457,1.0,97,Momentum decay 79.9%
1983-11-29,CRUDE,LEVERAGE_DOWN,68.41235200559936,62.83236448943501,0.0888075367130677,1.0,28,Momentum decay 52.2%
1983-11-30,DXY,LEVERAGE_UP,126.14560021071348,114.67647035262476,0.1000129304888934,2.0,98,PnL=10.0% | Days=98 | Signals agree -> 1.5x
1983-11-30,CRUDE,LEVERAGE_UP,67.65991326274415,62.83236448943501,0.0768321996559731,1.5,29,PnL=7.7% | Days=29 | Signals agree -> 1.5x
1983-12-01,DXY,LEVERAGE_DOWN,126.26170622823014,114.67647035262476,0.1010253964041736,1.0,99,Leverage duration 99d > 60d
1983-12-01,CRUDE,LEVERAGE_DOWN,67.4065295249887,62.83236448943501,0.0727995050436597,1.0,30,Pullback 3.0% > 2%
1983-12-02,DXY,LEVERAGE_UP,127.06379833687032,114.67647035262476,0.1080197877224082,2.0,100,PnL=10.8% | Days=100 | Signals agree -> 1.5x
1983-12-02,CRUDE,LEVERAGE_UP,67.4797349627741,62.83236448943501,0.0739645962889162,1.5,31,PnL=7.4% | Days=31 | Signals agree -> 1.5x
1983-12-05,DXY,LEVERAGE_DOWN,127.307201558954,114.67647035262476,0.1101423087708432,1.0,103,Leverage duration 103d > 60d
1983-12-05,CRUDE,EXIT,67.67060179786442,62.83236448943501,0.0770023115912332,1.5,34,MOMENTUM REVERSAL: 12m momentum = -1.6%
1983-12-06,DXY,LEVERAGE_UP,126.05977079861404,114.67647035262476,0.0992644821643547,2.0,104,PnL=9.9% | Days=104 | Signals agree | Max leverage criteria met -> 2.0x
1983-12-06,COPPER,ENTRY,1.20646449772528,1.20646449772528,0.0,1.0,0,Mom=55.5% | Price>SMA200 | GoldenCross | Breakout>1.20
1983-12-07,DXY,LEVERAGE_DOWN,125.19964578135954,114.67647035262476,0.091764033165448,1.0,105,Leverage duration 105d > 60d
1983-12-08,DXY,LEVERAGE_UP,124.87252512236144,114.67647035262476,0.0889114806061285,2.0,106,PnL=8.9% | Days=106 | Signals agree -> 1.5x
1983-12-09,DXY,LEVERAGE_DOWN,125.44395471585392,114.67647035262476,0.093894452193372,1.0,107,Momentum decay 79.9%
1983-12-12,DXY,LEVERAGE_UP,127.75821234043882,114.67647035262476,0.1140752060783551,2.0,110,PnL=11.4% | Days=110 | Signals agree -> 1.5x
1983-12-13,DXY,LEVERAGE_DOWN,128.24178140968306,114.67647035262476,0.118292017668015,1.0,111,Leverage duration 111d > 60d
1983-12-13,COPPER,EXIT,1.1056550484029426,1.20646449772528,-0.0835577420739754,1.0,7,STOP LOSS: PnL -8.4% < -8%
1983-12-14,DXY,LEVERAGE_UP,129.64363590447135,114.67647035262476,0.1305164477579686,2.0,112,PnL=13.1% | Days=112 | Signals agree | Max leverage criteria met -> 2.0x
1983-12-15,DXY,LEVERAGE_DOWN,128.97847645959624,114.67647035262476,0.1247161345565788,1.0,113,Leverage duration 113d > 60d
1983-12-16,DXY,LEVERAGE_UP,129.6174667048845,114.67647035262476,0.1302882475046264,2.0,114,PnL=13.0% | Days=114 | Signals agree | Max leverage criteria met -> 2.0x
1983-12-19,DXY,LEVERAGE_DOWN,130.8805510520886,114.67647035262476,0.1413025762794848,1.0,117,Leverage duration 117d > 60d
1983-12-20,DXY,LEVERAGE_UP,131.08496517992475,114.67647035262476,0.1430851052255501,2.0,118,PnL=14.3% | Days=118 | Signals agree | Max leverage criteria met -> 2.0x
1983-12-21,DXY,LEVERAGE_DOWN,131.46375816397418,114.67647035262476,0.1463882500021956,1.0,119,Leverage duration 119d > 60d
1983-12-21,SP500,ENTRY,363.963477687958,363.963477687958,0.0,1.0,0,Mom=47.6% | Price>SMA200 | GoldenCross | Breakout>363.33
1983-12-21,CRUDE,ENTRY,70.08204301047373,70.08204301047373,0.0,1.0,0,Mom=1.3% | Price>SMA200 | GoldenCross | Breakout>69.51
1983-12-22,DXY,LEVERAGE_UP,130.61475280340778,114.67647035262476,0.1389847664631947,2.0,120,PnL=13.9% | Days=120 | Signals agree | Max leverage criteria met -> 2.0x
1983-12-23,DXY,LEVERAGE_DOWN,130.91097397326644,114.67647035262476,0.1415678697706804,1.0,121,Leverage duration 121d > 60d
1983-12-26,DXY,LEVERAGE_UP,133.06772948560018,114.67647035262476,0.1603751761492411,2.0,124,PnL=16.0% | Days=124 | Signals agree | Max leverage criteria met -> 2.0x
1983-12-27,DXY,LEVERAGE_DOWN,131.89936154603777,114.67647035262476,0.150186791941306,1.0,125,Leverage duration 125d > 60d
1983-12-28,DXY,LEVERAGE_UP,131.53176888132285,114.67647035262476,0.1469813160177396,2.0,126,PnL=14.7% | Days=126 | Signals agree | Max leverage criteria met -> 2.0x
1983-12-29,DXY,LEVERAGE_DOWN,132.0813061946831,114.67647035262476,0.1517733828791493,1.0,127,Leverage duration 127d > 60d
1983-12-30,DXY,LEVERAGE_UP,132.9929835774532,114.67647035262476,0.1597233780260765,2.0,128,PnL=16.0% | Days=128 | Signals agree | Max leverage criteria met -> 2.0x
1983-12-30,SP500,EXIT,357.4494529113938,363.963477687958,-0.0178974682238554,1.0,9,TRAILING STOP: Price 357.45 vs stop 359.16
1984-01-02,DXY,LEVERAGE_DOWN,133.89741485557903,114.67647035262476,0.1676101858022902,1.0,131,Leverage duration 131d > 60d
1984-01-02,CRUDE,LEVERAGE_UP,76.63383591838021,70.08204301047373,0.0934874702058461,1.5,12,PnL=9.3% | Days=12 | Signals agree -> 1.5x
1984-01-03,DXY,LEVERAGE_UP,133.9279217980192,114.67647035262476,0.1678762119744106,2.0,132,PnL=16.8% | Days=132 | Signals agree | Max leverage criteria met -> 2.0x
1984-01-03,CRUDE,LEVERAGE_DOWN,76.42585566505105,70.08204301047373,0.0905198019645237,1.0,13,Pullback 3.2% > 2%
1984-01-04,DXY,LEVERAGE_DOWN,134.92898708669895,114.67647035262476,0.1766056861690864,1.0,133,Leverage duration 133d > 60d
1984-01-04,CRUDE,LEVERAGE_UP,75.10431659778666,70.08204301047373,0.0716627736803044,1.5,14,PnL=7.2% | Days=14 | Signals agree -> 1.5x
1984-01-05,DXY,LEVERAGE_UP,135.6276299208282,114.67647035262476,0.1826979807085064,2.0,134,PnL=18.3% | Days=134 | Signals agree | Max leverage criteria met -> 2.0x
1984-01-05,CRUDE,EXIT,73.75116994696441,70.08204301047373,0.0523547370892474,1.5,15,TRAILING STOP: Price 73.75 vs stop 74.41
1984-01-06,DXY,LEVERAGE_DOWN,137.0617833040254,114.67647035262476,0.1952040630703652,1.0,135,Leverage duration 135d > 60d
1984-01-09,DXY,LEVERAGE_UP,136.92702924261073,114.67647035262476,0.1940289827683616,2.0,138,PnL=19.4% | Days=138 | Signals agree -> 1.5x
1984-01-09,CRUDE,ENTRY,78.5178617391712,78.5178617391712,0.0,1.0,0,Mom=22.2% | Price>SMA200 | GoldenCross | Breakout>79.05
1984-01-10,DXY,LEVERAGE_DOWN,137.42900624405442,114.67647035262476,0.1984063149263897,1.0,139,Leverage duration 139d > 60d
1984-01-11,DXY,LEVERAGE_UP,138.19643645218753,114.67647035262476,0.2050984480708202,2.0,140,PnL=20.5% | Days=140 | Signals agree -> 1.5x
1984-01-11,COPPER,ENTRY,1.1633464328216885,1.1633464328216885,0.0,1.0,0,Mom=52.5% | Price>SMA200 | GoldenCross | Breakout>1.16
1984-01-12,DXY,LEVERAGE_DOWN,137.36252022831124,114.67647035262476,0.1978265445904285,1.0,141,Leverage duration 141d > 60d
1984-01-13,DXY,LEVERAGE_UP,137.22029412125323,114.67647035262476,0.1965863066704727,2.0,142,PnL=19.7% | Days=142 | Signals agree -> 1.5x
1984-01-16,DXY,LEVERAGE_DOWN,136.91528598186912,114.67647035262476,0.1939265793659418,1.0,145,Leverage duration 145d > 60d
1984-01-17,DXY,LEVERAGE_UP,138.2758245370733,114.67647035262476,0.2057907268324673,2.0,146,PnL=20.6% | Days=146 | Signals agree | Max leverage criteria met -> 2.0x
1984-01-17,SP500,ENTRY,368.2527193748635,368.2527193748635,0.0,1.0,0,Mom=52.9% | Price>SMA200 | GoldenCross | Breakout>370.27
1984-01-18,DXY,LEVERAGE_DOWN,137.50289138536374,114.67647035262476,0.1990506070037629,1.0,147,Leverage duration 147d > 60d
1984-01-19,DXY,LEVERAGE_UP,136.65865858371788,114.67647035262476,0.1916887410599482,2.0,148,PnL=19.2% | Days=148 | Signals agree | Max leverage criteria met -> 2.0x
1984-01-19,CRUDE,LEVERAGE_UP,81.35623891254042,78.5178617391712,0.036149445622934,1.5,10,PnL=3.6% | Days=10 | Signals agree -> 1.5x
1984-01-20,DXY,LEVERAGE_DOWN,135.72545452019372,114.67647035262476,0.1835510292812843,1.0,149,Leverage duration 149d > 60d
1984-01-23,DXY,LEVERAGE_UP,135.89585458275036,114.67647035262476,0.1850369492963725,2.0,152,PnL=18.5% | Days=152 | Signals agree | Max leverage criteria met -> 2.0x
1984-01-24,DXY,LEVERAGE_DOWN,137.23711416483826,114.67647035262476,0.1967329805568708,1.0,153,Leverage duration 153d > 60d
1984-01-24,CRUDE,LEVERAGE_DOWN,83.56509498035913,78.5178617391712,0.0642813384036662,1.0,15,Pullback 3.0% > 2%
1984-01-25,DXY,LEVERAGE_UP,136.45095156078042,114.67647035262476,0.1898774974604655,2.0,154,PnL=19.0% | Days=154 | Signals agree | Max leverage criteria met -> 2.0x
1984-01-25,CRUDE,LEVERAGE_UP,83.38406117051792,78.5178617391712,0.061975699841544,1.5,16,PnL=6.2% | Days=16 | Signals agree -> 1.5x
1984-01-25,COPPER,LEVERAGE_UP,1.2004369025528356,1.1633464328216885,0.0318825662629013,1.5,14,PnL=3.2% | Days=14 | Signals agree -> 1.5x
1984-01-26,DXY,LEVERAGE_DOWN,135.82291676516516,114.67647035262476,0.184400918056826,1.0,155,Leverage duration 155d > 60d
1984-01-26,COPPER,LEVERAGE_DOWN,1.178485466077945,1.1633464328216885,0.0130133491014682,1.0,15,Pullback 3.1% > 2%
1984-01-27,DXY,LEVERAGE_UP,136.69847982064638,114.67647035262476,0.1920359896001767,2.0,156,PnL=19.2% | Days=156 | Signals agree -> 1.5x
1984-01-27,CRUDE,LEVERAGE_DOWN,83.72708265104367,78.5178617391712,0.06634440618336,1.0,18,Pullback 2.8% > 2%
1984-01-30,DXY,LEVERAGE_DOWN,136.68266059879932,114.67647035262476,0.1918980430641661,1.0,159,Leverage duration 159d > 60d
1984-01-30,CRUDE,LEVERAGE_UP,82.42963966821733,78.5178617391712,0.0498202299757052,1.5,21,PnL=5.0% | Days=21 | Signals agree -> 1.5x
1984-01-31,DXY,LEVERAGE_UP,136.48721697716005,114.67647035262476,0.1901937385888165,2.0,160,PnL=19.0% | Days=160 | Signals agree -> 1.5x
1984-01-31,CRUDE,LEVERAGE_DOWN,83.00911765383061,78.5178617391712,0.0572004358648856,1.0,22,Pullback 3.6% > 2%
1984-01-31,COPPER,EXIT,1.146474224700636,1.1633464328216885,-0.0145031674529907,1.0,20,TRAILING STOP: Price 1.15 vs stop 1.16
1984-02-01,DXY,LEVERAGE_DOWN,136.9689459736834,114.67647035262476,0.1943945044045244,1.0,161,Leverage duration 161d > 60d
1984-02-01,CRUDE,LEVERAGE_UP,83.20777175804005,78.5178617391712,0.0597304857135346,1.5,23,PnL=6.0% | Days=23 | Signals agree -> 1.5x
1984-02-02,DXY,LEVERAGE_UP,137.35074501807287,114.67647035262476,0.1977238625824964,2.0,162,PnL=19.8% | Days=162 | Signals agree | Max leverage criteria met -> 2.0x
1984-02-02,CRUDE,LEVERAGE_DOWN,83.71168363544794,78.5178617391712,0.0661482850046289,1.0,24,Pullback 2.8% > 2%
1984-02-03,DXY,LEVERAGE_DOWN,136.57136271376504,114.67647035262476,0.1909275049521014,1.0,163,Leverage duration 163d > 60d
1984-02-03,CRUDE,LEVERAGE_UP,83.76090772874616,78.5178617391712,0.0667752008707504,1.5,25,PnL=6.7% | Days=25 | Signals agree -> 1.5x
1984-02-06,DXY,LEVERAGE_UP,136.84206896420426,114.67647035262476,0.1932881134501378,2.0,166,PnL=19.3% | Days=166 | Signals agree | Max leverage criteria met -> 2.0x
1984-02-06,CRUDE,EXIT,80.43393897469309,78.5178617391712,0.0244030745753994,1.5,28,TRAILING STOP: Price 80.43 vs stop 81.35
1984-02-07,DXY,LEVERAGE_DOWN,136.48422910857343,114.67647035262476,0.1901676838229397,1.0,167,Leverage duration 167d > 60d
1984-02-08,DXY,LEVERAGE_UP,137.52875819992082,114.67647035262476,0.1992761704038007,2.0,168,PnL=19.9% | Days=168 | Signals agree -> 1.5x
1984-02-09,DXY,LEVERAGE_DOWN,139.09765431647628,114.67647035262476,0.2129572342849193,1.0,169,Leverage duration 169d > 60d
1984-02-10,DXY,LEVERAGE_UP,139.27874299214665,114.67647035262476,0.2145363609803393,2.0,170,PnL=21.5% | Days=170 | Signals agree | Max leverage criteria met -> 2.0x
1984-02-13,DXY,LEVERAGE_DOWN,139.71925383559432,114.67647035262476,0.218377696889032,1.0,173,Leverage duration 173d > 60d
1984-02-14,DXY,LEVERAGE_UP,139.4725433584134,114.67647035262476,0.2162263359653629,2.0,174,PnL=21.6% | Days=174 | Signals agree | Max leverage criteria met -> 2.0x
1984-02-15,DXY,LEVERAGE_DOWN,140.5793582608206,114.67647035262476,0.2258779663216498,1.0,175,Leverage duration 175d > 60d
1984-02-16,DXY,LEVERAGE_UP,140.99226171654288,114.67647035262476,0.2294785607108267,2.0,176,PnL=22.9% | Days=176 | Signals agree | Max leverage criteria met -> 2.0x
1984-02-17,DXY,LEVERAGE_DOWN,139.1638701575948,114.67647035262476,0.2135346486482574,1.0,177,Leverage duration 177d > 60d
1984-02-20,DXY,LEVERAGE_UP,138.15922539233588,114.67647035262476,0.2047739607567511,2.0,180,PnL=20.5% | Days=180 | Signals agree -> 1.5x
1984-02-21,DXY,LEVERAGE_DOWN,137.77360508361605,114.67647035262476,0.2014112804481048,1.0,181,Pullback 2.3% > 2%
1984-02-22,DXY,LEVERAGE_UP,138.60948004929733,114.67647035262476,0.2087002645187778,2.0,182,PnL=20.9% | Days=182 | Signals agree -> 1.5x
1984-02-23,DXY,LEVERAGE_DOWN,139.00312313972998,114.67647035262476,0.2121329049656124,1.0,183,Leverage duration 183d > 60d
1984-02-24,DXY,LEVERAGE_UP,139.98379925138588,114.67647035262476,0.2206845817711538,2.0,184,PnL=22.1% | Days=184 | Signals agree | Max leverage criteria met -> 2.0x
1984-02-27,DXY,LEVERAGE_DOWN,141.3189146741223,114.67647035262476,0.2323270348273999,1.0,187,Leverage duration 187d > 60d
1984-02-28,DXY,LEVERAGE_UP,141.60588564769668,114.67647035262476,0.2348294747149544,2.0,188,PnL=23.5% | Days=188 | Signals agree | Max leverage criteria met -> 2.0x
1984-02-29,DXY,LEVERAGE_DOWN,141.83240274312124,114.67647035262476,0.236804745620381,1.0,189,Leverage duration 189d > 60d
1984-03-01,DXY,LEVERAGE_UP,142.72839779535488,114.67647035262476,0.2446179879488072,2.0,190,PnL=24.5% | Days=190 | Signals agree | Max leverage criteria met -> 2.0x
1984-03-02,DXY,LEVERAGE_DOWN,142.095292127649,114.67647035262476,0.2390971896040456,1.0,191,Leverage duration 191d > 60d
1984-03-05,DXY,LEVERAGE_UP,142.8775520912002,114.67647035262476,0.2459186409544907,2.0,194,PnL=24.6% | Days=194 | Signals agree | Max leverage criteria met -> 2.0x
1984-03-06,DXY,LEVERAGE_DOWN,142.12485869788875,114.67647035262476,0.2393550155569097,1.0,195,Leverage duration 195d > 60d
1984-03-06,SP500,LEVERAGE_UP,379.8957498223408,368.2527193748635,0.031616957146283,1.5,49,PnL=3.2% | Days=49 | Signals agree -> 1.5x
1984-03-07,DXY,LEVERAGE_UP,143.53815707377254,114.67647035262476,0.2516792384034793,2.0,196,PnL=25.2% | Days=196 | Signals agree | Max leverage criteria met -> 2.0x
1984-03-08,DXY,LEVERAGE_DOWN,142.53656219732804,114.67647035262476,0.2429451461056902,1.0,197,Leverage duration 197d > 60d
1984-03-09,DXY,LEVERAGE_UP,142.7454026022013,114.67647035262476,0.2447662730049668,2.0,198,PnL=24.5% | Days=198 | Signals agree -> 1.5x
1984-03-12,DXY,LEVERAGE_DOWN,141.33878461632148,114.67647035262476,0.2325003043929705,1.0,201,Leverage duration 201d > 60d
1984-03-13,DXY,LEVERAGE_UP,141.7825750986598,114.67647035262476,0.2363702393584756,2.0,202,PnL=23.6% | Days=202 | Signals agree -> 1.5x
1984-03-14,DXY,LEVERAGE_DOWN,141.16025590457355,114.67647035262476,0.2309435010557299,1.0,203,Leverage duration 203d > 60d
1984-03-15,DXY,LEVERAGE_UP,141.5110923352003,114.67647035262476,0.2340028595234953,2.0,204,PnL=23.4% | Days=204 | Signals agree -> 1.5x
1984-03-16,DXY,LEVERAGE_DOWN,141.25741773039178,114.67647035262476,0.2317907701207741,1.0,205,Leverage duration 205d > 60d
1984-03-19,DXY,LEVERAGE_UP,142.64250116398688,114.67647035262476,0.2438689534598325,2.0,208,PnL=24.4% | Days=208 | Signals agree | Max leverage criteria met -> 2.0x
1984-03-19,SP500,LEVERAGE_DOWN,383.8486610940197,368.2527193748635,0.0423511922617475,1.0,62,Leverage duration 62d > 60d
1984-03-20,DXY,LEVERAGE_DOWN,145.21144835287504,114.67647035262476,0.2662706473817746,1.0,209,Leverage duration 209d > 60d
1984-03-20,SP500,LEVERAGE_UP,385.41409985078326,368.2527193748635,0.0466021826126701,1.5,63,PnL=4.7% | Days=63 | Signals agree -> 1.5x
1984-03-21,DXY,LEVERAGE_UP,145.65760279366592,114.67647035262476,0.2701611965015633,2.0,210,PnL=27.0% | Days=210 | Signals agree | Max leverage criteria met -> 2.0x
1984-03-21,SP500,LEVERAGE_DOWN,385.645133131669,368.2527193748635,0.0472295595979045,1.0,64,Leverage duration 64d > 60d
1984-03-22,DXY,LEVERAGE_DOWN,144.3808169281756,114.67647035262476,0.2590273879568437,1.0,211,Leverage duration 211d > 60d
1984-03-22,SP500,LEVERAGE_UP,381.3573469625505,368.2527193748635,0.0355859628407716,1.5,65,PnL=3.6% | Days=65 | Signals agree -> 1.5x
1984-03-23,DXY,LEVERAGE_UP,144.8020272985129,114.67647035262476,0.2627004201755903,2.0,212,PnL=26.3% | Days=212 | Signals agree | Max leverage criteria met -> 2.0x
1984-03-23,SP500,LEVERAGE_DOWN,382.7127639397276,368.2527193748635,0.0392666334940068,1.0,66,Leverage duration 66d > 60d
1984-03-26,DXY,LEVERAGE_DOWN,144.766481116315,114.67647035262476,0.2623904509021324,1.0,215,Leverage duration 215d > 60d
1984-03-26,SP500,LEVERAGE_UP,384.77147722841454,368.2527193748635,0.0448571238838178,1.5,69,PnL=4.5% | Days=69 | Signals agree -> 1.5x
1984-03-27,DXY,LEVERAGE_UP,144.09156964086927,114.67647035262476,0.2565050981931555,2.0,216,PnL=25.7% | Days=216 | Signals agree -> 1.5x
1984-03-27,SP500,LEVERAGE_DOWN,384.7159662520405,368.2527193748635,0.0447063823591706,1.0,70,Leverage duration 70d > 60d
1984-03-28,DXY,LEVERAGE_DOWN,144.93096684973062,114.67647035262476,0.2638247968748489,1.0,217,Leverage duration 217d > 60d
1984-03-28,SP500,LEVERAGE_UP,386.4278518433399,368.2527193748635,0.0493550529628946,1.5,71,PnL=4.9% | Days=71 | Signals agree -> 1.5x
1984-03-29,DXY,LEVERAGE_UP,143.74972495054325,114.67647035262476,0.2535241493614127,2.0,218,PnL=25.4% | Days=218 | Signals agree | Max leverage criteria met -> 2.0x
1984-03-29,SP500,LEVERAGE_DOWN,385.27824552431457,368.2527193748635,0.0462332665957041,1.0,72,Leverage duration 72d > 60d
1984-03-30,DXY,LEVERAGE_DOWN,144.728919565924,114.67647035262476,0.2620629072458314,1.0,219,Leverage duration 219d > 60d
1984-03-30,SP500,LEVERAGE_UP,386.12060161567695,368.2527193748635,0.0485207068426963,1.5,73,PnL=4.9% | Days=73 | Signals agree -> 1.5x
1984-04-02,DXY,LEVERAGE_UP,145.5354778194536,114.67647035262476,0.2690962441723122,2.0,222,PnL=26.9% | Days=222 | Signals agree -> 1.5x
1984-04-02,SP500,LEVERAGE_DOWN,385.7688986785432,368.2527193748635,0.047565648214125,1.0,76,Leverage duration 76d > 60d
1984-04-03,DXY,LEVERAGE_DOWN,145.81269082813984,114.67647035262476,0.2715135928039349,1.0,223,Leverage duration 223d > 60d
1984-04-03,SP500,LEVERAGE_UP,385.9323057220218,368.2527193748635,0.0480093843629199,1.5,77,PnL=4.8% | Days=77 | Signals agree -> 1.5x
1984-04-04,DXY,LEVERAGE_UP,145.78053403366923,114.67647035262476,0.2712331796174135,2.0,224,PnL=27.1% | Days=224 | Signals agree -> 1.5x
1984-04-04,SP500,LEVERAGE_DOWN,383.4968382734322,368.2527193748635,0.0413958080864868,1.0,78,Leverage duration 78d > 60d
1984-04-05,DXY,LEVERAGE_DOWN,144.14631964692754,114.67647035262476,0.2569825283572504,1.0,225,Leverage duration 225d > 60d
1984-04-05,SP500,LEVERAGE_UP,383.2739185125011,368.2527193748635,0.0407904635792974,1.5,79,PnL=4.1% | Days=79 | Signals agree -> 1.5x
1984-04-06,DXY,LEVERAGE_UP,144.2757529168402,114.67647035262476,0.2581112103747092,2.0,226,PnL=25.8% | Days=226 | Signals agree -> 1.5x
1984-04-06,SP500,LEVERAGE_DOWN,387.8517411021882,368.2527193748635,0.0532216619081471,1.0,80,Leverage duration 80d > 60d
1984-04-09,DXY,LEVERAGE_DOWN,143.45351534849766,114.67647035262476,0.2509411469273935,1.0,229,Leverage duration 229d > 60d
1984-04-09,SP500,LEVERAGE_UP,386.40433636043787,368.2527193748635,0.0492911960470736,1.5,83,PnL=4.9% | Days=83 | Signals agree -> 1.5x
1984-04-10,DXY,LEVERAGE_UP,144.61669572870082,114.67647035262476,0.261084294659674,2.0,230,PnL=26.1% | Days=230 | Signals agree | Max leverage criteria met -> 2.0x
1984-04-10,SP500,LEVERAGE_DOWN,389.3094620369022,368.2527193748635,0.0571801416640835,1.0,84,Leverage duration 84d > 60d
1984-04-11,DXY,LEVERAGE_DOWN,146.26150271882142,114.67647035262476,0.2754273153775501,1.0,231,Leverage duration 231d > 60d
1984-04-11,SP500,LEVERAGE_UP,391.9907332966752,368.2527193748635,0.0644612046914649,1.5,85,PnL=6.4% | Days=85 | Signals agree -> 1.5x
1984-04-12,DXY,LEVERAGE_UP,146.39674164343535,114.67647035262476,0.2766066237761961,2.0,232,PnL=27.7% | Days=232 | Signals agree | Max leverage criteria met -> 2.0x
1984-04-12,SP500,LEVERAGE_DOWN,394.4634981470098,368.2527193748635,0.0711760630488787,1.0,86,Leverage duration 86d > 60d
1984-04-13,DXY,LEVERAGE_DOWN,145.8598865606305,114.67647035262476,0.2719251483073922,1.0,233,Leverage duration 233d > 60d
1984-04-13,SP500,LEVERAGE_UP,396.7079010965408,368.2527193748635,0.0772707986243307,1.5,87,PnL=7.7% | Days=87 | Signals agree -> 1.5x
1984-04-13,WHEAT,ENTRY,4.780311774425706,4.780311774425706,0.0,1.0,0,Mom=0.9% | Price>SMA200 | GoldenCross | Breakout>4.76
1984-04-16,DXY,LEVERAGE_UP,145.2435470226783,114.67647035262476,0.2665505537104624,2.0,236,PnL=26.7% | Days=236 | Signals agree | Max leverage criteria met -> 2.0x
1984-04-16,SP500,LEVERAGE_DOWN,393.2332725311786,368.2527193748635,0.067835352848776,1.0,90,Leverage duration 90d > 60d
1984-04-17,DXY,LEVERAGE_DOWN,147.26277417657838,114.67647035262476,0.2841585874046546,1.0,237,Leverage duration 237d > 60d
1984-04-17,SP500,LEVERAGE_UP,395.6849842709088,368.2527193748635,0.0744930409274739,1.5,91,PnL=7.4% | Days=91 | Signals agree -> 1.5x
1984-04-18,DXY,LEVERAGE_UP,148.2727292766594,114.67647035262476,0.2929655823965257,2.0,238,PnL=29.3% | Days=238 | Signals agree | Max leverage criteria met -> 2.0x
1984-04-18,SP500,LEVERAGE_DOWN,398.0145211281954,368.2527193748635,0.0808189598812869,1.0,92,Leverage duration 92d > 60d
1984-04-19,DXY,LEVERAGE_DOWN,146.78413873713112,114.67647035262476,0.2799847979779704,1.0,239,Leverage duration 239d > 60d
1984-04-19,SP500,LEVERAGE_UP,393.17033814488553,368.2527193748635,0.0676644528581392,1.5,93,PnL=6.8% | Days=93 | Signals agree -> 1.5x
1984-04-20,DXY,LEVERAGE_UP,146.24580490119658,114.67647035262476,0.2752904275087783,2.0,240,PnL=27.5% | Days=240 | Signals agree | Max leverage criteria met -> 2.0x
1984-04-20,SP500,LEVERAGE_DOWN,394.4146519864435,368.2527193748635,0.0710434200078464,1.0,94,Leverage duration 94d > 60d
1984-04-23,DXY,LEVERAGE_DOWN,146.85390338761206,114.67647035262476,0.2805931586143452,1.0,243,Leverage duration 243d > 60d
1984-04-23,SP500,LEVERAGE_UP,389.12526443564974,368.2527193748635,0.0566799482057293,1.5,97,PnL=5.7% | Days=97 | Signals agree -> 1.5x
1984-04-24,DXY,LEVERAGE_UP,147.37404034170393,114.67647035262476,0.2851288489132572,2.0,244,PnL=28.5% | Days=244 | Signals agree -> 1.5x
1984-04-24,SP500,LEVERAGE_DOWN,392.5184078452706,368.2527193748635,0.0658941188855305,1.0,98,Leverage duration 98d > 60d
1984-04-25,DXY,LEVERAGE_DOWN,146.99871271544532,114.67647035262476,0.2818559226965321,1.0,245,Leverage duration 245d > 60d
1984-04-25,SP500,LEVERAGE_UP,398.15658473186033,368.2527193748635,0.081204737354719,2.0,99,PnL=8.1% | Days=99 | Signals agree -> 1.5x
1984-04-26,DXY,LEVERAGE_UP,147.6112937330153,114.67647035262476,0.2871977423016028,2.0,246,PnL=28.7% | Days=246 | Signals agree -> 1.5x
1984-04-26,SP500,LEVERAGE_DOWN,397.51254837576073,368.2527193748635,0.0794558395945262,1.0,100,Leverage duration 100d > 60d
1984-04-27,DXY,LEVERAGE_DOWN,147.1345471106691,114.67647035262476,0.2830404237088679,1.0,247,Leverage duration 247d > 60d
1984-04-27,SP500,LEVERAGE_UP,398.3756361382725,368.2527193748635,0.0817995772428915,2.0,101,PnL=8.2% | Days=101 | Signals agree -> 1.5x
1984-04-30,DXY,LEVERAGE_UP,146.76080479006418,114.67647035262476,0.2797813216502182,2.0,250,PnL=28.0% | Days=250 | Signals agree | Max leverage criteria met -> 2.0x
1984-04-30,SP500,LEVERAGE_DOWN,397.3105927647959,368.2527193748635,0.0789074237910865,1.0,104,Leverage duration 104d > 60d
1984-05-01,DXY,LEVERAGE_DOWN,147.43389766080193,114.67647035262476,0.2856508157902804,1.0,251,Leverage duration 251d > 60d
1984-05-01,SP500,LEVERAGE_UP,396.9104699665915,368.2527193748635,0.0778208797490394,1.5,105,PnL=7.8% | Days=105 | Signals agree -> 1.5x
1984-05-02,DXY,LEVERAGE_UP,146.37053204762628,114.67647035262476,0.2763780712603358,2.0,252,PnL=27.6% | Days=252 | Signals agree | Max leverage criteria met -> 2.0x
1984-05-02,SP500,LEVERAGE_DOWN,398.72927561997824,368.2527193748635,0.0827598946094708,1.0,106,Leverage duration 106d > 60d
1984-05-03,DXY,LEVERAGE_DOWN,144.7613603384735,114.67647035262476,0.2623457967736461,1.0,253,Pullback 2.4% > 2%
1984-05-03,SP500,LEVERAGE_UP,395.3801601853637,368.2527193748635,0.0736652830603697,1.5,107,PnL=7.4% | Days=107 | Signals agree -> 1.5x
1984-05-04,DXY,LEVERAGE_UP,144.77217412844183,114.67647035262476,0.2624400950192676,2.0,254,PnL=26.2% | Days=254 | Signals agree | Max leverage criteria met -> 2.0x
1984-05-04,SP500,LEVERAGE_DOWN,400.2522288099542,368.2527193748635,0.0868955142800093,1.0,108,Leverage duration 108d > 60d
1984-05-04,WHEAT,EXIT,4.698885967807251,4.780311774425706,-0.0170335765658793,1.0,21,TRAILING STOP: Price 4.70 vs stop 4.72
1984-05-07,DXY,LEVERAGE_DOWN,146.32373872603327,114.67647035262476,0.2759700248542237,1.0,257,Leverage duration 257d > 60d
1984-05-07,SP500,LEVERAGE_UP,400.70219876382833,368.2527193748635,0.0881174195917691,2.0,111,PnL=8.8% | Days=111 | Signals agree -> 1.5x
1984-05-08,DXY,LEVERAGE_UP,146.91435349241425,114.67647035262476,0.2811202946921849,2.0,258,PnL=28.1% | Days=258 | Signals agree -> 1.5x
1984-05-08,SP500,LEVERAGE_DOWN,400.2465052317051,368.2527193748635,0.0868799717518813,1.0,112,Leverage duration 112d > 60d
1984-05-09,DXY,LEVERAGE_DOWN,147.70496636150392,114.67647035262476,0.2880145849215457,1.0,259,Leverage duration 259d > 60d
1984-05-09,SP500,LEVERAGE_UP,398.6661038211351,368.2527193748635,0.0825883499187748,2.0,113,PnL=8.3% | Days=113 | Signals agree -> 1.5x
1984-05-10,DXY,LEVERAGE_UP,146.85069367684972,114.67647035262476,0.2805651693437261,2.0,260,PnL=28.1% | Days=260 | Signals agree | Max leverage criteria met -> 2.0x
1984-05-10,SP500,LEVERAGE_DOWN,398.56641957648384,368.2527193748635,0.0823176547157075,1.0,114,Leverage duration 114d > 60d
1984-05-11,DXY,LEVERAGE_DOWN,146.30215500195288,114.67647035262476,0.2757818107941466,1.0,261,Leverage duration 261d > 60d
1984-05-11,SP500,LEVERAGE_UP,394.0519841058214,368.2527193748635,0.0700585857852023,1.5,115,PnL=7.0% | Days=115 | Signals agree -> 1.5x
1984-05-14,DXY,LEVERAGE_UP,146.7013839064042,114.67647035262476,0.2792631605708157,2.0,264,PnL=27.9% | Days=264 | Signals agree -> 1.5x
1984-05-14,SP500,LEVERAGE_DOWN,390.1895889619823,368.2527193748635,0.0595701496091006,1.0,118,Pullback 2.6% > 2%
1984-05-15,DXY,LEVERAGE_DOWN,148.5600139009164,114.67647035262476,0.295470757375958,1.0,265,Leverage duration 265d > 60d
1984-05-15,SP500,LEVERAGE_UP,392.3000257676787,368.2527193748635,0.0653010965774734,1.5,119,PnL=6.5% | Days=119 | Signals agree -> 1.5x
1984-05-16,DXY,LEVERAGE_UP,148.77584434416366,114.67647035262476,0.2973528387007808,2.0,266,PnL=29.7% | Days=266 | Signals agree -> 1.5x
1984-05-16,SP500,LEVERAGE_DOWN,389.0693342323366,368.2527193748635,0.0565280682592401,1.0,120,Pullback 2.9% > 2%
1984-05-17,DXY,LEVERAGE_DOWN,149.23103219445505,114.67647035262476,0.3013221608197096,1.0,267,Leverage duration 267d > 60d
1984-05-17,SP500,EXIT,386.1123620429993,368.2527193748635,0.0484983320651477,1.0,121,TRAILING STOP: Price 386.11 vs stop 388.25
1984-05-18,DXY,LEVERAGE_UP,149.7383973564617,114.67647035262476,0.3057464787329358,2.0,268,PnL=30.6% | Days=268 | Signals agree | Max leverage criteria met -> 2.0x
1984-05-21,DXY,LEVERAGE_DOWN,148.44146684104513,114.67647035262476,0.2944370051205324,1.0,271,Leverage duration 271d > 60d
1984-05-22,DXY,LEVERAGE_UP,147.9442862674654,114.67647035262476,0.2901014986992856,2.0,272,PnL=29.0% | Days=272 | Signals agree -> 1.5x
1984-05-23,DXY,LEVERAGE_DOWN,148.93230261223863,114.67647035262476,0.2987171836932092,1.0,273,Leverage duration 273d > 60d
1984-05-24,DXY,LEVERAGE_UP,148.55111781597978,114.67647035262476,0.2953931818723759,2.0,274,PnL=29.5% | Days=274 | Signals agree | Max leverage criteria met -> 2.0x
1984-05-25,DXY,LEVERAGE_DOWN,148.06579302176135,114.67647035262476,0.2911610600366927,1.0,275,Leverage duration 275d > 60d
1984-05-28,DXY,LEVERAGE_UP,146.62671696732934,114.67647035262476,0.2786120510725441,2.0,278,PnL=27.9% | Days=278 | Signals agree | Max leverage criteria met -> 2.0x
1984-05-28,SP500,ENTRY,401.0503493524628,401.0503493524628,0.0,1.0,0,Mom=25.5% | Price>SMA200 | GoldenCross | Breakout>402.54
1984-05-29,DXY,LEVERAGE_DOWN,146.1001610336654,114.67647035262476,0.2740203860863022,1.0,279,Pullback 2.4% > 2%
1984-05-31,DXY,LEVERAGE_UP,148.24052042072367,114.67647035262476,0.2926847152244138,2.0,281,PnL=29.3% | Days=281 | Signals agree -> 1.5x
1984-06-01,DXY,LEVERAGE_DOWN,145.9212943007171,114.67647035262476,0.2724606351417686,1.0,282,Pullback 2.5% > 2%
1984-06-04,DXY,LEVERAGE_UP,147.50296173484102,114.67647035262476,0.2862530672706994,2.0,285,PnL=28.6% | Days=285 | Signals agree -> 1.5x
1984-06-05,DXY,LEVERAGE_DOWN,147.347966300651,114.67647035262476,0.2849014784599047,1.0,286,Leverage duration 286d > 60d
1984-06-06,DXY,LEVERAGE_UP,148.24184909369262,114.67647035262476,0.2926963014980832,2.0,287,PnL=29.3% | Days=287 | Signals agree | Max leverage criteria met -> 2.0x
1984-06-07,DXY,LEVERAGE_DOWN,150.00760403117022,114.67647035262476,0.3080940106536579,1.0,288,Leverage duration 288d > 60d
1984-06-07,SP500,LEVERAGE_UP,418.5720413192495,401.0503493524628,0.0436895068040142,1.5,10,PnL=4.4% | Days=10 | Signals agree -> 1.5x
1984-06-08,DXY,LEVERAGE_UP,148.78796233775668,114.67647035262476,0.2974585098428708,2.0,289,PnL=29.7% | Days=289 | Signals agree | Max leverage criteria met -> 2.0x
1984-06-11,DXY,LEVERAGE_DOWN,148.78914538428714,114.67647035262476,0.2974688262271022,1.0,292,Leverage duration 292d > 60d
1984-06-12,DXY,LEVERAGE_UP,148.7423873664564,114.67647035262476,0.297061087676317,2.0,293,PnL=29.7% | Days=293 | Signals agree | Max leverage criteria met -> 2.0x
1984-06-13,DXY,LEVERAGE_DOWN,147.71234581093634,114.67647035262476,0.2880789350834379,1.0,294,Leverage duration 294d > 60d
1984-06-14,DXY,LEVERAGE_UP,148.21396023789657,114.67647035262476,0.2924531055250096,2.0,295,PnL=29.2% | Days=295 | Signals agree -> 1.5x
1984-06-15,DXY,LEVERAGE_DOWN,149.56655631738423,114.67647035262476,0.3042479931364654,1.0,296,Leverage duration 296d > 60d
1984-06-18,DXY,LEVERAGE_UP,149.9692223655183,114.67647035262476,0.3077593154408222,2.0,299,PnL=30.8% | Days=299 | Signals agree -> 1.5x
1984-06-19,DXY,LEVERAGE_DOWN,150.42981069723922,114.67647035262476,0.3117757307551812,1.0,300,Leverage duration 300d > 60d
1984-06-20,DXY,LEVERAGE_UP,151.3318496181982,114.67647035262476,0.3196416767350779,2.0,301,PnL=32.0% | Days=301 | Signals agree | Max leverage criteria met -> 2.0x
1984-06-21,DXY,LEVERAGE_DOWN,150.4705700172874,114.67647035262476,0.3121311595534591,1.0,302,Leverage duration 302d > 60d
1984-06-22,DXY,LEVERAGE_UP,150.18899824557508,114.67647035262476,0.3096758017032697,2.0,303,PnL=31.0% | Days=303 | Signals agree | Max leverage criteria met -> 2.0x
1984-06-25,DXY,LEVERAGE_DOWN,148.3662326832258,114.67647035262476,0.2937809493700548,1.0,306,Leverage duration 306d > 60d
1984-06-26,DXY,LEVERAGE_UP,149.08704839373547,114.67647035262476,0.3000665954864132,2.0,307,PnL=30.0% | Days=307 | Signals agree -> 1.5x
1984-06-27,DXY,LEVERAGE_DOWN,149.26525632793937,114.67647035262476,0.3016206015842284,1.0,308,Leverage duration 308d > 60d
1984-06-28,DXY,LEVERAGE_UP,149.32339141136634,114.67647035262476,0.3021275502481366,2.0,309,PnL=30.2% | Days=309 | Signals agree -> 1.5x
1984-06-28,SILVER,ENTRY,11.06781949652017,11.06781949652017,0.0,1.0,0,Mom=18.0% | Price>SMA200 | GoldenCross | Breakout>11.08
1984-06-29,DXY,LEVERAGE_DOWN,148.3721430211274,114.67647035262476,0.2938324886080816,1.0,310,Leverage duration 310d > 60d
1984-07-03,DXY,LEVERAGE_UP,148.62725336921037,114.67647035262476,0.2960570979573101,2.0,314,PnL=29.6% | Days=314 | Signals agree -> 1.5x
1984-07-04,DXY,LEVERAGE_DOWN,148.03372624606223,114.67647035262476,0.2908814318304834,1.0,315,Pullback 2.2% > 2%
1984-07-06,DXY,LEVERAGE_UP,148.5561508240866,114.67647035262476,0.2954370706325665,2.0,317,PnL=29.5% | Days=317 | Signals agree | Max leverage criteria met -> 2.0x
1984-07-09,DXY,LEVERAGE_DOWN,150.1443379634851,114.67647035262476,0.3092863557955552,1.0,320,Leverage duration 320d > 60d
1984-07-09,SILVER,LEVERAGE_UP,11.48185697226495,11.06781949652017,0.0374091279565009,1.5,11,PnL=3.7% | Days=11 | Signals agree -> 1.5x
1984-07-10,DXY,LEVERAGE_UP,151.76326982345304,114.67647035262476,0.3234037405998642,2.0,321,PnL=32.3% | Days=321 | Signals agree | Max leverage criteria met -> 2.0x
1984-07-11,DXY,LEVERAGE_DOWN,151.30778054037805,114.67647035262476,0.3194317899313933,1.0,322,Leverage duration 322d > 60d
1984-07-11,SP500,LEVERAGE_DOWN,421.8047879468766,401.0503493524628,0.051750206995017,1.0,44,Pullback 2.2% > 2%
1984-07-12,DXY,LEVERAGE_UP,152.4668840047649,114.67647035262476,0.3295393862048281,2.0,323,PnL=33.0% | Days=323 | Signals agree | Max leverage criteria met -> 2.0x
1984-07-12,SP500,LEVERAGE_UP,425.56947206669344,401.0503493524628,0.0611372680607791,1.5,45,PnL=6.1% | Days=45 | Signals agree -> 1.5x
1984-07-13,DXY,LEVERAGE_DOWN,152.35748589228493,114.67647035262476,0.3285854144602882,1.0,324,Leverage duration 324d > 60d
1984-07-16,DXY,LEVERAGE_UP,152.99771956002422,114.67647035262476,0.3341683702817449,2.0,327,PnL=33.4% | Days=327 | Signals agree | Max leverage criteria met -> 2.0x
1984-07-17,DXY,LEVERAGE_DOWN,152.80635682480138,114.67647035262476,0.3324996518896074,1.0,328,Leverage duration 328d > 60d
1984-07-18,DXY,LEVERAGE_UP,152.81887859548954,114.67647035262476,0.3326088440425369,2.0,329,PnL=33.3% | Days=329 | Signals agree | Max leverage criteria met -> 2.0x
1984-07-18,SILVER,LEVERAGE_UP,12.83792189067896,11.06781949652017,0.1599323511478775,2.0,20,PnL=16.0% | Days=20 | Signals agree | Max leverage criteria met -> 2.0x
1984-07-19,DXY,LEVERAGE_DOWN,153.81615636680357,114.67647035262476,0.3413052903863025,1.0,330,Leverage duration 330d > 60d
1984-07-20,DXY,LEVERAGE_UP,152.89422018585446,114.67647035262476,0.333265836624653,2.0,331,PnL=33.3% | Days=331 | Signals agree | Max leverage criteria met -> 2.0x
1984-07-20,SP500,LEVERAGE_UP,435.4223691981568,401.0503493524628,0.0857049991383656,2.0,53,PnL=8.6% | Days=53 | Signals agree | Max leverage criteria met -> 2.0x
1984-07-20,SILVER,LEVERAGE_DOWN,12.434909970029311,11.06781949652017,0.1235194045167584,1.0,22,Pullback 4.0% > 2%
1984-07-23,DXY,LEVERAGE_DOWN,152.53166021099173,114.67647035262476,0.330104246686038,1.0,334,Leverage duration 334d > 60d
1984-07-23,SILVER,LEVERAGE_UP,12.499121637003515,11.06781949652017,0.1293210592143612,2.0,25,PnL=12.9% | Days=25 | Signals agree | Max leverage criteria met -> 2.0x
1984-07-24,DXY,LEVERAGE_UP,151.77187577032953,114.67647035262476,0.323478786045979,2.0,335,PnL=32.3% | Days=335 | Signals agree | Max leverage criteria met -> 2.0x
1984-07-24,SILVER,EXIT,12.044870121048469,11.06781949652017,0.0882785109420597,2.0,26,TRAILING STOP: Price 12.04 vs stop 12.19
1984-07-25,DXY,LEVERAGE_DOWN,152.57959776111596,114.67647035262476,0.3305222709762592,1.0,336,Leverage duration 336d > 60d
1984-07-25,SP500,LEVERAGE_DOWN,426.5363628201172,401.0503493524628,0.0635481642362468,1.0,58,Pullback 2.0% > 2%
1984-07-26,DXY,LEVERAGE_UP,151.76962208316047,114.67647035262476,0.3234591334776525,2.0,337,PnL=32.3% | Days=337 | Signals agree -> 1.5x
1984-07-26,SP500,LEVERAGE_UP,426.61779679505264,401.0503493524628,0.0637512159854022,1.5,59,PnL=6.4% | Days=59 | Signals agree -> 1.5x
1984-07-27,DXY,LEVERAGE_DOWN,151.68961266504465,114.67647035262476,0.3227614365754911,1.0,338,Leverage duration 338d > 60d
1984-07-27,SP500,LEVERAGE_DOWN,423.6785471006369,401.0503493524628,0.0564223364590248,1.0,60,Pullback 2.7% > 2%
1984-07-30,DXY,LEVERAGE_UP,149.78686049659842,114.67647035262476,0.3061690862651323,2.0,341,PnL=30.6% | Days=341 | Signals agree -> 1.5x
1984-07-30,SP500,LEVERAGE_UP,419.9622219350545,401.0503493524628,0.0471558561490518,1.5,63,PnL=4.7% | Days=63 | Signals agree -> 1.5x
1984-07-31,DXY,LEVERAGE_DOWN,150.93610844656064,114.67647035262476,0.3161907406326615,1.0,342,Leverage duration 342d > 60d
1984-07-31,SP500,LEVERAGE_DOWN,424.6189814583665,401.0503493524628,0.0587672648682584,1.0,64,Pullback 2.5% > 2%
1984-08-01,DXY,LEVERAGE_UP,152.3597835808169,114.67647035262476,0.3286054507286256,2.0,343,PnL=32.9% | Days=343 | Signals agree -> 1.5x
1984-08-02,DXY,LEVERAGE_DOWN,152.25208251470312,114.67647035262476,0.3276662775418106,1.0,344,Leverage duration 344d > 60d
1984-08-02,SP500,EXIT,416.81558127457,401.0503493524628,0.0393098570978975,1.0,66,TRAILING STOP: Price 416.82 vs stop 417.99
1984-08-03,DXY,LEVERAGE_UP,153.3414815801911,114.67647035262476,0.3371660385837935,2.0,345,PnL=33.7% | Days=345 | Signals agree -> 1.5x
1984-08-06,DXY,LEVERAGE_DOWN,152.80940349555482,114.67647035262476,0.3325262194212385,1.0,348,Leverage duration 348d > 60d
1984-08-07,DXY,LEVERAGE_UP,153.71522387279498,114.67647035262476,0.340425140398269,2.0,349,PnL=34.0% | Days=349 | Signals agree | Max leverage criteria met -> 2.0x
1984-08-07,WHEAT,ENTRY,4.564115524167839,4.564115524167839,0.0,1.0,0,Mom=6.5% | Price>SMA200 | GoldenCross | Breakout>4.53
1984-08-08,DXY,LEVERAGE_DOWN,153.92974165877686,114.67647035262476,0.3422957751093152,1.0,350,Leverage duration 350d > 60d
1984-08-09,DXY,LEVERAGE_UP,154.45974446386293,114.67647035262476,0.3469174974509284,2.0,351,PnL=34.7% | Days=351 | Signals agree | Max leverage criteria met -> 2.0x
1984-08-10,DXY,LEVERAGE_DOWN,154.744481352469,114.67647035262476,0.349400455704967,1.0,352,Leverage duration 352d > 60d
1984-08-13,DXY,LEVERAGE_UP,154.9984821567701,114.67647035262476,0.3516153896275064,2.0,355,PnL=35.2% | Days=355 | Signals agree | Max leverage criteria met -> 2.0x
1984-08-14,DXY,LEVERAGE_DOWN,156.0882331555218,114.67647035262476,0.3611182195925443,1.0,356,Leverage duration 356d > 60d
1984-08-14,WHEAT,EXIT,4.442668148259461,4.564115524167839,-0.026609180960756,1.0,7,TRAILING STOP: Price 4.44 vs stop 4.51
1984-08-15,DXY,LEVERAGE_UP,157.07549854425142,114.67647035262476,0.3697273561110804,2.0,357,PnL=37.0% | Days=357 | Signals agree | Max leverage criteria met -> 2.0x
1984-08-16,DXY,LEVERAGE_DOWN,156.6384503075174,114.67647035262476,0.3659162147724071,1.0,358,Leverage duration 358d > 60d
1984-08-17,DXY,LEVERAGE_UP,154.7396152840386,114.67647035262476,0.3493580226895852,2.0,359,PnL=34.9% | Days=359 | Signals agree -> 1.5x
1984-08-20,DXY,LEVERAGE_DOWN,154.5799732100633,114.67647035262476,0.3479659143217185,1.0,362,Leverage duration 362d > 60d
1984-08-21,DXY,LEVERAGE_UP,153.60832421625102,114.67647035262476,0.3394929556509076,2.0,363,PnL=33.9% | Days=363 | Signals agree -> 1.5x
1984-08-22,DXY,LEVERAGE_DOWN,154.30523011916176,114.67647035262476,0.3455701038293245,1.0,364,Leverage duration 364d > 60d
1984-08-23,DXY,LEVERAGE_UP,153.58966577410493,114.67647035262476,0.3393302505895404,2.0,365,PnL=33.9% | Days=365 | Signals agree -> 1.5x
1984-08-24,DXY,LEVERAGE_DOWN,154.2297649031609,114.67647035262476,0.344912033208832,1.0,366,Leverage duration 366d > 60d
1984-08-27,DXY,LEVERAGE_UP,152.33508332824923,114.67647035262476,0.3283900599645769,2.0,369,PnL=32.8% | Days=369 | Signals agree -> 1.5x
1984-08-28,DXY,LEVERAGE_DOWN,153.45394584168022,114.67647035262476,0.3381467477139516,1.0,370,Pullback 2.3% > 2%
1984-08-29,DXY,LEVERAGE_UP,152.21565076285728,114.67647035262476,0.3273485859374752,2.0,371,PnL=32.7% | Days=371 | Signals agree -> 1.5x
1984-08-30,DXY,LEVERAGE_DOWN,152.19985006194787,114.67647035262476,0.3272108009074614,1.0,372,Pullback 3.1% > 2%
1984-08-31,DXY,LEVERAGE_UP,153.42721455394698,114.67647035262476,0.3379136459481662,2.0,373,PnL=33.8% | Days=373 | Signals agree | Max leverage criteria met -> 2.0x
1984-09-03,DXY,LEVERAGE_DOWN,153.22197785158832,114.67647035262476,0.336123944000351,1.0,376,Pullback 2.5% > 2%
1984-09-03,GOLD,ENTRY,371.6730483573476,371.6730483573476,0.0,1.0,0,Mom=4.8% | Price>SMA200 | GoldenCross | Breakout>374.85
1984-09-04,DXY,EXIT,151.515431983108,114.67647035262476,0.3212425488612018,1.0,377,TRAILING STOP: Price 151.52 vs stop 151.72
1984-09-06,SP500,ENTRY,417.8043665887082,417.8043665887082,0.0,1.0,0,Mom=24.0% | Price>SMA200 | GoldenCross | Breakout>421.28
1984-09-06,WHEAT,ENTRY,4.770095369736848,4.770095369736848,0.0,1.0,0,Mom=11.9% | Price>SMA200 | GoldenCross | Breakout>4.78
1984-09-13,GOLD,LEVERAGE_UP,385.8192775873466,371.6730483573476,0.0380609497850863,1.5,10,PnL=3.8% | Days=10 | Signals agree -> 1.5x
1984-09-14,GOLD,LEVERAGE_DOWN,392.7649570218932,371.6730483573476,0.0567485556398661,1.0,11,Momentum decay 76.4%
1984-09-17,GOLD,LEVERAGE_UP,392.0033160235648,371.6730483573476,0.0546993325345197,1.5,14,PnL=5.5% | Days=14 | Signals agree -> 1.5x
1984-09-18,SILVER,ENTRY,11.817230836837638,11.817230836837638,0.0,1.0,0,Mom=7.9% | Price>SMA200 | GoldenCross | Breakout>11.55
1984-09-20,WHEAT,EXIT,4.598452306644671,4.770095369736848,-0.0359831512344891,1.0,14,TRAILING STOP: Price 4.60 vs stop 4.62
1984-09-24,GOLD,LEVERAGE_DOWN,391.73248211517017,371.6730483573476,0.0539706439476242,1.0,21,Momentum decay 77.6%
1984-09-25,GOLD,LEVERAGE_UP,383.40065875762826,371.6730483573476,0.0315535669107894,1.5,22,PnL=3.2% | Days=22 | Signals agree -> 1.5x
1984-09-26,GOLD,EXIT,368.47788996367234,371.6730483573476,-0.0085966911181659,1.5,23,TRAILING STOP: Price 368.48 vs stop 376.75
1984-10-01,SP500,LEVERAGE_UP,432.87074365351725,417.8043665887082,0.0360608415556378,1.5,25,PnL=3.6% | Days=25 | Signals agree -> 1.5x
1984-10-01,GOLD,ENTRY,394.3586662536081,394.3586662536081,0.0,1.0,0,Mom=10.8% | Price>SMA200 | GoldenCross | Breakout>398.32
1984-10-04,SILVER,EXIT,11.415347375661083,11.817230836837638,-0.0340082602028699,1.0,16,TRAILING STOP: Price 11.42 vs stop 11.53
1984-10-10,SP500,LEVERAGE_DOWN,432.3700217827981,417.8043665887082,0.0348623814370722,1.0,34,Pullback 2.5% > 2%
1984-10-11,SP500,LEVERAGE_UP,438.1150900591834,417.8043665887082,0.0486129995153194,1.5,35,PnL=4.9% | Days=35 | Signals agree -> 1.5x
1984-10-12,WHEAT,ENTRY,4.733246654335942,4.733246654335942,0.0,1.0,0,Mom=8.6% | Price>SMA200 | GoldenCross | Breakout>4.76
1984-10-15,SP500,LEVERAGE_DOWN,439.717115741252,417.8043665887082,0.0524473914225864,1.0,39,Momentum decay 78.5%
1984-10-16,SP500,LEVERAGE_UP,441.6517497862301,417.8043665887082,0.0570778697030651,1.5,40,PnL=5.7% | Days=40 | Signals agree -> 1.5x
1984-10-17,GOLD,EXIT,369.8448063017282,394.3586662536081,-0.0621613319285223,1.0,16,TRAILING STOP: Price 369.84 vs stop 382.45
1984-10-22,WHEAT,LEVERAGE_UP,4.878753087113519,4.733246654335942,0.0307413586072646,1.5,10,PnL=3.1% | Days=10 | Signals agree -> 1.5x
1984-10-25,WHEAT,LEVERAGE_DOWN,4.848325475376477,4.733246654335942,0.0243128722089974,1.0,13,Pullback 2.1% > 2%
1984-10-25,SILVER,ENTRY,12.103840076227357,12.103840076227357,0.0,1.0,0,Mom=21.7% | Price>SMA200 | GoldenCross | Breakout>12.16
1984-10-26,WHEAT,LEVERAGE_UP,4.924926548126321,4.733246654335942,0.0404964937998294,1.5,14,PnL=4.0% | Days=14 | Signals agree -> 1.5x
1984-10-29,SP500,LEVERAGE_DOWN,434.3763363618484,417.8043665887082,0.039664424545026,1.0,53,Pullback 2.7% > 2%
1984-10-30,SP500,LEVERAGE_UP,430.86540321504674,417.8043665887082,0.0312611300187678,1.5,54,PnL=3.1% | Days=54 | Signals agree -> 1.5x
1984-11-01,WHEAT,LEVERAGE_UP,5.242652238580944,4.733246654335942,0.1076228689198682,2.0,20,PnL=10.8% | Days=20 | Signals agree | Max leverage criteria met -> 2.0x
1984-11-06,SP500,LEVERAGE_DOWN,444.11989067673807,417.8043665887082,0.0629852777817786,1.0,61,Leverage duration 61d > 60d
1984-11-06,SILVER,LEVERAGE_UP,12.506594247694132,12.103840076227357,0.0332749085356645,1.5,12,PnL=3.3% | Days=12 | Signals agree -> 1.5x
1984-11-07,SP500,LEVERAGE_UP,440.5904587316023,417.8043665887082,0.0545377070348454,1.5,62,PnL=5.5% | Days=62 | Signals agree -> 1.5x
1984-11-07,WHEAT,LEVERAGE_DOWN,5.1256724233151525,4.733246654335942,0.0829083708578179,1.0,26,Pullback 2.6% > 2%
1984-11-07,SILVER,LEVERAGE_DOWN,12.24195326611864,12.103840076227357,0.0114106918978999,1.0,13,Pullback 3.9% > 2%
1984-11-08,SP500,LEVERAGE_DOWN,437.1644003755004,417.8043665887082,0.0463375573234505,1.0,63,Pullback 2.4% > 2%
1984-11-08,WHEAT,LEVERAGE_UP,5.14917266037639,4.733246654335942,0.0878733005936706,2.0,27,PnL=8.8% | Days=27 | Signals agree -> 1.5x
1984-11-09,SP500,LEVERAGE_UP,435.8305757079953,417.8043665887082,0.0431450950751606,1.5,64,PnL=4.3% | Days=64 | Signals agree -> 1.5x
1984-11-09,WHEAT,LEVERAGE_DOWN,5.156597779059389,4.733246654335942,0.0894420163664261,1.0,28,Pullback 2.0% > 2%
1984-11-09,SILVER,LEVERAGE_UP,12.589505706296018,12.103840076227357,0.0401249212654863,1.5,15,PnL=4.0% | Days=15 | Signals agree -> 1.5x
1984-11-09,GOLD,ENTRY,398.7269451429256,398.7269451429256,0.0,1.0,0,Mom=21.4% | Price>SMA200 | GoldenCross | Breakout>397.68
1984-11-12,SP500,LEVERAGE_DOWN,440.2270837794965,417.8043665887082,0.0536679819166694,1.0,67,Leverage duration 67d > 60d
1984-11-12,WHEAT,LEVERAGE_UP,5.13334253799849,4.733246654335942,0.0845288472968201,2.0,31,PnL=8.5% | Days=31 | Signals agree -> 1.5x
1984-11-13,SP500,LEVERAGE_UP,439.9023339581872,417.8043665887082,0.0528907046853162,1.5,68,PnL=5.3% | Days=68 | Signals agree -> 1.5x
1984-11-13,WHEAT,LEVERAGE_DOWN,5.138041171968813,4.733246654335942,0.0855215346240311,1.0,32,Pullback 2.4% > 2%
1984-11-13,SILVER,LEVERAGE_DOWN,12.228147179843342,12.103840076227357,0.010270055026597,1.0,19,Pullback 4.1% > 2%
1984-11-14,SP500,LEVERAGE_DOWN,434.4012874297844,417.8043665887082,0.0397241440451826,1.0,69,Pullback 3.0% > 2%
1984-11-14,WHEAT,LEVERAGE_UP,5.071001551931601,4.733246654335942,0.0713579752464948,1.5,33,PnL=7.1% | Days=33 | Signals agree -> 1.5x
1984-11-15,SP500,LEVERAGE_UP,433.1253580662691,417.8043665887082,0.0366702521628814,1.5,70,PnL=3.7% | Days=70 | Signals agree -> 1.5x
1984-11-15,WHEAT,EXIT,4.928667608949001,4.733246654335942,0.0412868732361626,1.5,34,TRAILING STOP: Price 4.93 vs stop 5.03
1984-11-16,SP500,LEVERAGE_DOWN,436.26172309247016,417.8043665887082,0.0441770311173688,1.0,71,Pullback 2.6% > 2%
1984-11-16,TBOND,ENTRY,133.74206971424792,133.74206971424792,0.0,1.0,0,Mom=0.3% | Price>SMA200 | GoldenCross | Breakout>134.15
1984-11-20,SP500,LEVERAGE_UP,442.5015337201877,417.8043665887082,0.0591117975456481,1.5,75,PnL=5.9% | Days=75 | Signals agree -> 1.5x
1984-11-20,TBOND,EXIT,133.2230709551032,133.74206971424792,-0.0038805946420121,1.0,4,MOMENTUM REVERSAL: 12m momentum = -1.0%
1984-11-21,SP500,LEVERAGE_DOWN,433.9043039619219,417.8043665887082,0.0385346316618626,1.0,76,Pullback 3.1% > 2%
1984-11-22,SP500,LEVERAGE_UP,436.5792204572613,417.8043665887082,0.0449369498501083,1.5,77,PnL=4.5% | Days=77 | Signals agree -> 1.5x
1984-11-23,SP500,LEVERAGE_DOWN,438.43377143106,417.8043665887082,0.0493757521272142,1.0,78,Pullback 2.1% > 2%
1984-11-26,SP500,LEVERAGE_UP,437.1654235197368,417.8043665887082,0.0463400061830561,1.5,81,PnL=4.6% | Days=81 | Signals agree -> 1.5x
1984-11-26,GOLD,EXIT,380.8946835712244,398.7269451429256,-0.0447229909814826,1.0,17,TRAILING STOP: Price 380.89 vs stop 387.97
1984-11-27,SP500,LEVERAGE_DOWN,441.25948319774056,417.8043665887082,0.0561389934732823,1.0,82,Leverage duration 82d > 60d
1984-11-28,SP500,LEVERAGE_UP,441.184949028283,417.8043665887082,0.0559605985702655,1.5,83,PnL=5.6% | Days=83 | Signals agree -> 1.5x
1984-11-28,SILVER,LEVERAGE_UP,12.827814774218366,12.103840076227357,0.0598136371128149,1.5,34,PnL=6.0% | Days=34 | Signals agree -> 1.5x
1984-11-29,SP500,LEVERAGE_DOWN,441.8646982762585,417.8043665887082,0.0575875543953698,1.0,84,Leverage duration 84d > 60d
1984-11-29,SILVER,LEVERAGE_DOWN,12.346595716049404,12.103840076227357,0.0200560845395532,1.0,35,Pullback 3.8% > 2%
1984-11-30,SP500,LEVERAGE_UP,439.7912434013006,417.8043665887082,0.0526248133596855,1.5,85,PnL=5.3% | Days=85 | Signals agree -> 1.5x
1984-11-30,SILVER,LEVERAGE_UP,12.487213726191332,12.103840076227357,0.0316737206993458,1.5,36,PnL=3.2% | Days=36 | Signals agree -> 1.5x
1984-12-03,SP500,LEVERAGE_DOWN,442.0763001565821,417.8043665887082,0.0580940160248911,1.0,88,Leverage duration 88d > 60d
1984-12-04,SP500,LEVERAGE_UP,441.6568937837585,417.8043665887082,0.0570901816795298,1.5,89,PnL=5.7% | Days=89 | Signals agree -> 1.5x
1984-12-05,SP500,LEVERAGE_DOWN,435.7369594787432,417.8043665887082,0.0429210279357564,1.0,90,Pullback 2.7% > 2%
1984-12-05,SILVER,LEVERAGE_UP,13.360221131188084,12.103840076227357,0.1038002028321848,2.0,41,PnL=10.4% | Days=41 | Signals agree | Max leverage criteria met -> 2.0x
1984-12-11,SP500,LEVERAGE_UP,444.8286502785366,417.8043665887082,0.0646816688644889,1.5,96,PnL=6.5% | Days=96 | Signals agree -> 1.5x
1984-12-12,SP500,LEVERAGE_DOWN,446.768917480578,417.8043665887082,0.0693256299075083,1.0,97,Leverage duration 97d > 60d
1984-12-13,SP500,LEVERAGE_UP,452.0121928722149,417.8043665887082,0.0818752244329252,2.0,98,PnL=8.2% | Days=98 | Signals agree | Max leverage criteria met -> 2.0x
1984-12-14,SP500,LEVERAGE_DOWN,450.0422169082957,417.8043665887082,0.0771601565172793,1.0,99,Leverage duration 99d > 60d
1984-12-14,WHEAT,ENTRY,5.085166439542225,5.085166439542225,0.0,1.0,0,Mom=22.7% | Price>SMA200 | GoldenCross | Breakout>5.12
1984-12-17,SP500,LEVERAGE_UP,448.5737344935856,417.8043665887082,0.0736453957054191,1.5,102,PnL=7.4% | Days=102 | Signals agree -> 1.5x
1984-12-17,TBOND,ENTRY,135.7468462894376,135.7468462894376,0.0,1.0,0,Mom=0.1% | Price>SMA200 | GoldenCross | Breakout>136.27
1984-12-18,SP500,LEVERAGE_DOWN,447.9806294727068,417.8043665887082,0.0722258197787206,1.0,103,Leverage duration 103d > 60d
1984-12-18,TBOND,EXIT,135.58569394908807,135.7468462894376,-0.0011871534754179,1.0,1,MOMENTUM REVERSAL: 12m momentum = -0.1%
1984-12-19,SP500,LEVERAGE_UP,446.8167428810362,417.8043665887082,0.0694400983149324,1.5,104,PnL=6.9% | Days=104 | Signals agree -> 1.5x
1984-12-20,SP500,LEVERAGE_DOWN,447.1451400015505,417.8043665887082,0.0702261052281574,1.0,105,Leverage duration 105d > 60d
1984-12-21,SILVER,LEVERAGE_DOWN,15.239027206930103,12.103840076227357,0.2590241700946161,1.0,57,Pullback 2.1% > 2%
1984-12-24,SILVER,LEVERAGE_UP,15.16156062191985,12.103840076227357,0.2526240041536928,2.0,60,PnL=25.3% | Days=60 | Signals agree | Max leverage criteria met -> 2.0x
1984-12-25,SILVER,LEVERAGE_DOWN,15.56786910469038,12.103840076227357,0.2861925642314604,1.0,61,Leverage duration 61d > 60d
1984-12-26,SILVER,LEVERAGE_UP,15.789636468888403,12.103840076227357,0.30451463084845,2.0,62,PnL=30.5% | Days=62 | Signals agree -> 1.5x
1984-12-26,TBOND,ENTRY,135.71169166946083,135.71169166946083,0.0,1.0,0,Mom=3.5% | Price>SMA200 | GoldenCross | Breakout>136.41
1984-12-27,SP500,EXIT,434.08329529900266,417.8043665887082,0.0389630411075134,1.0,112,TRAILING STOP: Price 434.08 vs stop 434.38
1984-12-27,SILVER,LEVERAGE_DOWN,16.21764985080378,12.103840076227357,0.3398764151433383,1.0,63,Leverage duration 63d > 60d
1984-12-28,SILVER,LEVERAGE_UP,16.11484505570696,12.103840076227357,0.3313828466188553,2.0,64,PnL=33.1% | Days=64 | Signals agree -> 1.5x
1984-12-28,WHEAT,LEVERAGE_UP,5.258078508481004,5.085166439542225,0.0340032270319052,1.5,14,PnL=3.4% | Days=14 | Signals agree -> 1.5x
1984-12-31,SILVER,LEVERAGE_DOWN,15.72611881787153,12.103840076227357,0.2992669036299099,1.0,67,Pullback 3.0% > 2%
1985-01-01,SILVER,LEVERAGE_UP,15.5003462480267,12.103840076227357,0.2806139332979356,2.0,68,PnL=28.1% | Days=68 | Signals agree -> 1.5x
1985-01-02,SILVER,LEVERAGE_DOWN,15.922927128432006,12.103840076227357,0.3155268929656099,1.0,69,Leverage duration 69d > 60d
1985-01-03,SILVER,LEVERAGE_UP,15.78413821562176,12.103840076227357,0.3040603739157725,2.0,70,PnL=30.4% | Days=70 | Signals agree -> 1.5x
1985-01-04,SILVER,LEVERAGE_DOWN,15.63523753128946,12.103840076227357,0.2917584363988724,1.0,71,Pullback 3.6% > 2%
1985-01-07,SILVER,LEVERAGE_UP,15.31433112914127,12.103840076227357,0.2652456602776422,2.0,74,PnL=26.5% | Days=74 | Signals agree | Max leverage criteria met -> 2.0x
1985-01-07,WHEAT,LEVERAGE_DOWN,5.310419381470994,5.085166439542225,0.0442960804934924,1.0,24,Pullback 2.9% > 2%
1985-01-08,SILVER,LEVERAGE_DOWN,15.596506924453983,12.103840076227357,0.2885585753141622,1.0,75,Pullback 3.8% > 2%
1985-01-08,WHEAT,LEVERAGE_UP,5.301446880958704,5.085166439542225,0.0425316347041629,1.5,25,PnL=4.3% | Days=25 | Signals agree -> 1.5x
1985-01-09,SILVER,LEVERAGE_UP,15.277493618276214,12.103840076227357,0.2622022037685458,2.0,76,PnL=26.2% | Days=76 | Signals agree -> 1.5x
1985-01-09,WHEAT,LEVERAGE_DOWN,5.275131377212394,5.085166439542225,0.0373566804407821,1.0,26,Pullback 3.6% > 2%
1985-01-09,TBOND,EXIT,132.53958359345896,135.71169166946083,-0.0233738746970147,1.0,14,TRAILING STOP: Price 132.54 vs stop 132.63
1985-01-10,SILVER,LEVERAGE_DOWN,15.453214867859774,12.103840076227357,0.2767200136930745,1.0,77,Pullback 4.7% > 2%
1985-01-10,WHEAT,LEVERAGE_UP,5.2644147658406535,5.085166439542225,0.0352492545582371,1.5,27,PnL=3.5% | Days=27 | Signals agree -> 1.5x
1985-01-11,SILVER,LEVERAGE_UP,15.905020332812589,12.103840076227357,0.3140474620158746,2.0,78,PnL=31.4% | Days=78 | Signals agree | Max leverage criteria met -> 2.0x
1985-01-11,WHEAT,EXIT,5.164557047864076,5.085166439542225,0.0156121946578797,1.5,28,TRAILING STOP: Price 5.16 vs stop 5.24
1985-01-14,SILVER,LEVERAGE_DOWN,16.721870737850367,12.103840076227357,0.381534342203768,1.0,81,Leverage duration 81d > 60d
1985-01-14,SP500,ENTRY,449.28471540841554,449.28471540841554,0.0,1.0,0,Mom=24.6% | Price>SMA200 | GoldenCross | Breakout>450.59
1985-01-15,SILVER,LEVERAGE_UP,16.783613541246275,12.103840076227357,0.3866354343370964,2.0,82,PnL=38.7% | Days=82 | Signals agree | Max leverage criteria met -> 2.0x
1985-01-16,SILVER,LEVERAGE_DOWN,16.657487911986543,12.103840076227357,0.376215135616573,1.0,83,Leverage duration 83d > 60d
1985-01-17,SILVER,LEVERAGE_UP,16.874309986941764,12.103840076227357,0.3941286303083173,2.0,84,PnL=39.4% | Days=84 | Signals agree | Max leverage criteria met -> 2.0x
1985-01-18,SILVER,LEVERAGE_DOWN,16.753496754162903,12.103840076227357,0.3841472333286806,1.0,85,Leverage duration 85d > 60d
1985-01-21,SILVER,LEVERAGE_UP,16.515837053707795,12.103840076227357,0.3645121671878213,2.0,88,PnL=36.5% | Days=88 | Signals agree | Max leverage criteria met -> 2.0x
1985-01-22,SILVER,LEVERAGE_DOWN,16.4784172763204,12.103840076227357,0.3614206047455109,1.0,89,Pullback 2.3% > 2%
1985-01-23,SILVER,LEVERAGE_UP,17.366590478497606,12.103840076227357,0.4348000609002259,2.0,90,PnL=43.5% | Days=90 | Signals agree | Max leverage criteria met -> 2.0x
1985-01-23,WHEAT,ENTRY,5.434701079000276,5.434701079000276,0.0,1.0,0,Mom=28.5% | Price>SMA200 | GoldenCross | Breakout>5.49
1985-01-24,SILVER,LEVERAGE_DOWN,17.20243438456687,12.103840076227357,0.4212377457261228,1.0,91,Leverage duration 91d > 60d
1985-01-25,SILVER,LEVERAGE_UP,16.33182252875042,12.103840076227357,0.3493091800532844,2.0,92,PnL=34.9% | Days=92 | Signals agree -> 1.5x
1985-01-25,TBOND,ENTRY,136.04034163839415,136.04034163839415,0.0,1.0,0,Mom=8.7% | Price>SMA200 | GoldenCross | Breakout>136.50
1985-01-28,SILVER,EXIT,16.174860421591738,12.103840076227357,0.3363412206147784,2.0,95,TRAILING STOP: Price 16.17 vs stop 16.22
1985-01-29,WHEAT,EXIT,5.131778335651027,5.434701079000276,-0.0557386209371744,1.0,6,TRAILING STOP: Price 5.13 vs stop 5.14
1985-01-30,SP500,LEVERAGE_UP,464.4759336816156,449.28471540841554,0.0338120077363209,1.5,16,PnL=3.4% | Days=16 | Signals agree -> 1.5x
1985-02-04,TBOND,EXIT,132.03763728673445,136.04034163839415,-0.029422921932225,1.0,10,TRAILING STOP: Price 132.04 vs stop 132.30
1985-02-07,SILVER,ENTRY,17.233353976803752,17.233353976803752,0.0,1.0,0,Mom=94.0% | Price>SMA200 | GoldenCross | Breakout>17.38
1985-02-08,SP500,LEVERAGE_DOWN,468.2178436098404,449.28471540841554,0.0421406016098588,1.0,25,Pullback 2.7% > 2%
1985-02-11,SP500,LEVERAGE_UP,463.81739988341207,449.28471540841554,0.0323462694736583,1.5,28,PnL=3.2% | Days=28 | Signals agree -> 1.5x
1985-02-12,SP500,LEVERAGE_DOWN,467.4372977102962,449.28471540841554,0.0404032936784402,1.0,29,Pullback 2.8% > 2%
1985-02-13,SP500,LEVERAGE_UP,470.19221733010784,449.28471540841554,0.0465350838892586,1.5,30,PnL=4.7% | Days=30 | Signals agree -> 1.5x
1985-02-14,SP500,LEVERAGE_DOWN,468.5235580431391,449.28471540841554,0.042821048602187,1.0,31,Pullback 2.6% > 2%
1985-02-15,SP500,EXIT,459.8440764254788,449.28471540841554,0.0235026045955389,1.0,32,TRAILING STOP: Price 459.84 vs stop 461.32
1985-02-19,SILVER,EXIT,16.04666059783865,17.233353976803752,-0.0688602683239956,1.0,12,TRAILING STOP: Price 16.05 vs stop 16.17
1985-02-21,WHEAT,ENTRY,5.371517845716634,5.371517845716634,0.0,1.0,0,Mom=21.8% | Price>SMA200 | GoldenCross | Breakout>5.40
1985-02-26,SILVER,ENTRY,17.627485988723034,17.627485988723034,0.0,1.0,0,Mom=99.6% | Price>SMA200 | GoldenCross | Breakout>17.40
1985-02-27,TBOND,ENTRY,135.00466808733907,135.00466808733907,0.0,1.0,0,Mom=7.2% | Price>SMA200 | GoldenCross | Breakout>136.36
1985-03-05,WHEAT,EXIT,5.150095484691805,5.371517845716634,-0.0412215629519682,1.0,12,TRAILING STOP: Price 5.15 vs stop 5.15
1985-03-07,SILVER,EXIT,16.156638317176842,17.627485988723034,-0.0834405809476829,1.0,9,STOP LOSS: PnL -8.3% < -8%
1985-03-07,SP500,ENTRY,476.0208727474406,476.0208727474406,0.0,1.0,0,Mom=23.5% | Price>SMA200 | GoldenCross | Breakout>475.48
1985-03-11,WHEAT,ENTRY,5.365643865366356,5.365643865366356,0.0,1.0,0,Mom=24.5% | Price>SMA200 | GoldenCross | Breakout>5.40
1985-03-20,TBOND,LEVERAGE_UP,139.07989033607072,135.00466808733907,0.0301857876950984,1.5,21,PnL=3.0% | Days=21 | Signals agree -> 1.5x
1985-03-21,SP500,LEVERAGE_UP,494.4031474666915,476.0208727474406,0.0386165308532676,1.5,14,PnL=3.9% | Days=14 | Signals agree -> 1.5x
1985-04-01,WHEAT,EXIT,5.0501912270176765,5.365643865366356,-0.0587911993907819,1.0,21,TRAILING STOP: Price 5.05 vs stop 5.12
1985-04-02,SP500,LEVERAGE_UP,514.6559838350666,476.0208727474406,0.081162640756983,2.0,26,PnL=8.1% | Days=26 | Signals agree | Max leverage criteria met -> 2.0x
1985-04-15,SILVER,ENTRY,16.076665074036008,16.076665074036008,0.0,1.0,0,Mom=84.6% | Price>SMA200 | GoldenCross | Breakout>16.19
1985-04-23,SILVER,EXIT,14.95810440837468,16.076665074036008,-0.0695766603652031,1.0,8,TRAILING STOP: Price 14.96 vs stop 15.07
1985-04-25,TBOND,LEVERAGE_UP,147.34343535258952,135.00466808733907,0.0913951157397616,2.0,57,PnL=9.1% | Days=57 | Signals agree | Max leverage criteria met -> 2.0x
1985-04-25,SP500,LEVERAGE_DOWN,513.0673054357728,476.0208727474406,0.0778252274412087,1.0,49,Pullback 2.1% > 2%
1985-04-26,SP500,LEVERAGE_UP,512.0149807093786,476.0208727474406,0.0756145581478213,1.5,50,PnL=7.6% | Days=50 | Signals agree -> 1.5x
1985-04-29,TBOND,LEVERAGE_DOWN,148.65858674426676,135.00466808733907,0.1011366410537338,1.0,61,Leverage duration 61d > 60d
1985-04-29,SP500,LEVERAGE_DOWN,511.3190533553775,476.0208727474406,0.0741525899992726,1.0,53,Pullback 2.4% > 2%
1985-04-30,TBOND,LEVERAGE_UP,149.96362202900775,135.00466808733907,0.1108032348332668,2.0,62,PnL=11.1% | Days=62 | Signals agree -> 1.5x
1985-04-30,SP500,LEVERAGE_UP,514.2265864251449,476.0208727474406,0.0802605849134159,2.0,54,PnL=8.0% | Days=54 | Signals agree -> 1.5x
1985-05-01,TBOND,LEVERAGE_DOWN,150.781262601929,135.00466808733907,0.1168596222493841,1.0,63,Leverage duration 63d > 60d
1985-05-01,SP500,LEVERAGE_DOWN,512.2416074874726,476.0208727474406,0.0760906439479796,1.0,55,Pullback 2.2% > 2%
1985-05-02,TBOND,LEVERAGE_UP,152.38553214006706,135.00466808733907,0.1287426894119225,2.0,64,PnL=12.9% | Days=64 | Signals agree | Max leverage criteria met -> 2.0x
1985-05-02,SP500,EXIT,507.0884177427534,476.0208727474406,0.0652650897764227,1.0,56,TRAILING STOP: Price 507.09 vs stop 508.08
1985-05-03,TBOND,LEVERAGE_DOWN,150.394546353575,135.00466808733907,0.1139951564954754,1.0,65,Leverage duration 65d > 60d
1985-05-06,TBOND,LEVERAGE_UP,150.8767080581942,135.00466808733907,0.1175666011829085,2.0,68,PnL=11.8% | Days=68 | Signals agree | Max leverage criteria met -> 2.0x
1985-05-07,TBOND,LEVERAGE_DOWN,149.5897698393325,135.00466808733907,0.1080340551080635,1.0,69,Leverage duration 69d > 60d
1985-05-08,TBOND,LEVERAGE_UP,150.01592967413472,135.00466808733907,0.1111906854738116,2.0,70,PnL=11.1% | Days=70 | Signals agree -> 1.5x
1985-05-09,TBOND,LEVERAGE_DOWN,149.29884654414926,135.00466808733907,0.1058791422498279,1.0,71,Pullback 2.0% > 2%
1985-05-10,TBOND,LEVERAGE_UP,149.38830098561368,135.00466808733907,0.1065417448304036,2.0,72,PnL=10.7% | Days=72 | Signals agree -> 1.5x
1985-05-13,TBOND,LEVERAGE_DOWN,151.01323818597515,135.00466808733907,0.1185779004936303,1.0,75,Leverage duration 75d > 60d
1985-05-14,TBOND,LEVERAGE_UP,150.69427131064208,135.00466808733907,0.1162152645947981,2.0,76,PnL=11.6% | Days=76 | Signals agree -> 1.5x
1985-05-15,TBOND,LEVERAGE_DOWN,152.0403262194044,135.00466808733907,0.1261856969348969,1.0,77,Leverage duration 77d > 60d
1985-05-16,TBOND,LEVERAGE_UP,153.74053053791908,135.00466808733907,0.138779367528678,2.0,78,PnL=13.9% | Days=78 | Signals agree | Max leverage criteria met -> 2.0x
1985-05-17,TBOND,LEVERAGE_DOWN,152.31463558194963,135.00466808733907,0.1282175478807307,1.0,79,Leverage duration 79d > 60d
1985-05-20,TBOND,LEVERAGE_UP,154.22853521679437,135.00466808733907,0.1423940920103498,2.0,82,PnL=14.2% | Days=82 | Signals agree | Max leverage criteria met -> 2.0x
1985-05-21,TBOND,LEVERAGE_DOWN,154.777658467204,135.00466808733907,0.1464615309973808,1.0,83,Leverage duration 83d > 60d
1985-05-22,TBOND,LEVERAGE_UP,153.79139932949897,135.00466808733907,0.13915616036333,2.0,84,PnL=13.9% | Days=84 | Signals agree -> 1.5x
1985-05-23,TBOND,LEVERAGE_DOWN,154.15301451614897,135.00466808733907,0.141834698755914,1.0,85,Leverage duration 85d > 60d
1985-05-23,SILVER,ENTRY,15.54884856666258,15.54884856666258,0.0,1.0,0,Mom=56.1% | Price>SMA200 | GoldenCross | Breakout>15.29
1985-05-24,TBOND,LEVERAGE_UP,153.7812373370995,135.00466808733907,0.1390808889483231,2.0,86,PnL=13.9% | Days=86 | Signals agree -> 1.5x
1985-05-27,TBOND,LEVERAGE_DOWN,156.1427128246194,135.00466808733907,0.1565726951278855,1.0,89,Leverage duration 89d > 60d
1985-05-28,TBOND,LEVERAGE_UP,153.01721469473222,135.00466808733907,0.133421657655128,2.0,90,PnL=13.3% | Days=90 | Signals agree -> 1.5x
1985-05-29,TBOND,LEVERAGE_DOWN,155.50277473503698,135.00466808733907,0.1518325768886524,1.0,91,Leverage duration 91d > 60d
1985-05-30,TBOND,LEVERAGE_UP,155.49303936149064,135.00466808733907,0.1517604655040295,2.0,92,PnL=15.2% | Days=92 | Signals agree | Max leverage criteria met -> 2.0x
1985-05-31,TBOND,LEVERAGE_DOWN,156.24077705309188,135.00466808733907,0.1572990717033165,1.0,93,Leverage duration 93d > 60d
1985-06-03,TBOND,LEVERAGE_UP,155.81848189130352,135.00466808733907,0.1541710675552292,2.0,96,PnL=15.4% | Days=96 | Signals agree | Max leverage criteria met -> 2.0x
1985-06-04,TBOND,LEVERAGE_DOWN,155.54098694950767,135.00466808733907,0.1521156205419724,1.0,97,Leverage duration 97d > 60d
1985-06-04,SILVER,LEVERAGE_UP,16.285220978913383,15.54884856666258,0.0473586458247215,1.5,12,PnL=4.7% | Days=12 | Signals agree -> 1.5x
1985-06-05,TBOND,LEVERAGE_UP,153.42885075521687,135.00466808733907,0.1364707082273523,2.0,98,PnL=13.6% | Days=98 | Signals agree -> 1.5x
1985-06-05,SILVER,LEVERAGE_DOWN,15.956446696156249,15.54884856666258,0.0262140394348925,1.0,13,Pullback 6.4% > 2%
1985-06-06,TBOND,LEVERAGE_DOWN,153.25402203629983,135.00466808733907,0.1351757254582829,1.0,99,Leverage duration 99d > 60d
1985-06-07,TBOND,LEVERAGE_UP,154.08475813733313,135.00466808733907,0.1413291134322148,2.0,100,PnL=14.1% | Days=100 | Signals agree | Max leverage criteria met -> 2.0x
1985-06-07,SILVER,EXIT,15.675655027552384,15.54884856666258,0.0081553602085804,1.0,15,TRAILING STOP: Price 15.68 vs stop 15.93
1985-06-10,TBOND,LEVERAGE_DOWN,153.2848011794162,135.00466808733907,0.135403711227608,1.0,103,Leverage duration 103d > 60d
1985-06-11,TBOND,LEVERAGE_UP,153.89654885017146,135.00466808733907,0.1399350187699479,2.0,104,PnL=14.0% | Days=104 | Signals agree -> 1.5x
1985-06-12,TBOND,LEVERAGE_DOWN,153.74871450273363,135.00466808733907,0.1388399873941278,1.0,105,Leverage duration 105d > 60d
1985-06-13,TBOND,LEVERAGE_UP,151.98708249509937,135.00466808733907,0.1257913126142705,2.0,106,PnL=12.6% | Days=106 | Signals agree -> 1.5x
1985-06-13,COPPER,ENTRY,1.08634477192525,1.08634477192525,0.0,1.0,0,Mom=1.0% | Price>SMA200 | GoldenCross | Breakout>1.08
1985-06-14,TBOND,LEVERAGE_DOWN,153.0006059080927,135.00466808733907,0.1332986338599154,1.0,107,Pullback 2.1% > 2%
1985-06-14,SILVER,ENTRY,17.12687321760961,17.12687321760961,0.0,1.0,0,Mom=57.3% | Price>SMA200 | GoldenCross | Breakout>17.19
1985-06-17,TBOND,LEVERAGE_UP,155.8310161593295,135.00466808733907,0.1542639107746787,2.0,110,PnL=15.4% | Days=110 | Signals agree | Max leverage criteria met -> 2.0x
1985-06-18,TBOND,LEVERAGE_DOWN,153.8552204953856,135.00466808733907,0.1396288933939044,1.0,111,Leverage duration 111d > 60d
1985-06-18,COPPER,EXIT,1.097076060576711,1.08634477192525,0.0098783451891083,1.0,5,MOMENTUM REVERSAL: 12m momentum = -0.5%
1985-06-19,TBOND,LEVERAGE_UP,152.88470293077427,135.00466808733907,0.1324401229731404,2.0,112,PnL=13.2% | Days=112 | Signals agree -> 1.5x
1985-06-19,SILVER,EXIT,15.783498214707564,17.12687321760961,-0.0784366758504877,1.0,5,TRAILING STOP: Price 15.78 vs stop 15.85
1985-06-20,TBOND,LEVERAGE_DOWN,152.47094327789637,135.00466808733907,0.1293753426308027,1.0,113,Pullback 2.4% > 2%
1985-06-21,TBOND,LEVERAGE_UP,153.77545282385782,135.00466808733907,0.139038042183662,2.0,114,PnL=13.9% | Days=114 | Signals agree -> 1.5x
1985-06-24,TBOND,LEVERAGE_DOWN,153.15704355742045,135.00466808733907,0.13445739119434,1.0,117,Leverage duration 117d > 60d
1985-06-25,TBOND,LEVERAGE_UP,154.80198154197905,135.00466808733907,0.1466416956918291,2.0,118,PnL=14.7% | Days=118 | Signals agree | Max leverage criteria met -> 2.0x
1985-06-25,COPPER,ENTRY,1.1351406394948311,1.1351406394948311,0.0,1.0,0,Mom=10.3% | Price>SMA200 | GoldenCross | Breakout>1.12
1985-06-26,TBOND,LEVERAGE_DOWN,153.83657281451062,135.00466808733907,0.1394907672006463,1.0,119,Leverage duration 119d > 60d
1985-06-27,TBOND,LEVERAGE_UP,153.02142883180645,135.00466808733907,0.1334528724059506,2.0,120,PnL=13.3% | Days=120 | Signals agree -> 1.5x
1985-06-28,TBOND,LEVERAGE_DOWN,153.89328239880538,135.00466808733907,0.1399108236705314,1.0,121,Leverage duration 121d > 60d
1985-07-01,TBOND,LEVERAGE_UP,152.52004922826205,135.00466808733907,0.1297390778338989,2.0,124,PnL=13.0% | Days=124 | Signals agree -> 1.5x
1985-07-01,SILVER,ENTRY,17.387172360425623,17.387172360425623,0.0,1.0,0,Mom=48.7% | Price>SMA200 | GoldenCross | Breakout>17.16
1985-07-02,TBOND,LEVERAGE_DOWN,154.3858958789126,135.00466808733907,0.1435596862401466,1.0,125,Leverage duration 125d > 60d
1985-07-03,TBOND,LEVERAGE_UP,154.6075413175141,135.00466808733907,0.145201447534342,2.0,126,PnL=14.5% | Days=126 | Signals agree | Max leverage criteria met -> 2.0x
1985-07-04,TBOND,LEVERAGE_DOWN,154.926077874228,135.00466808733907,0.1475608959980636,1.0,127,Leverage duration 127d > 60d
1985-07-05,TBOND,LEVERAGE_UP,155.3017303362852,135.00466808733907,0.1503434106131447,2.0,128,PnL=15.0% | Days=128 | Signals agree | Max leverage criteria met -> 2.0x
1985-07-05,COPPER,LEVERAGE_UP,1.1895799914704837,1.1351406394948311,0.0479582441871513,1.5,10,PnL=4.8% | Days=10 | Signals agree -> 1.5x
1985-07-08,TBOND,LEVERAGE_DOWN,155.27947043208889,135.00466808733907,0.1501785281352891,1.0,131,Leverage duration 131d > 60d
1985-07-09,TBOND,LEVERAGE_UP,155.54216287513088,135.00466808733907,0.1521243308009573,2.0,132,PnL=15.2% | Days=132 | Signals agree | Max leverage criteria met -> 2.0x
1985-07-09,COPPER,LEVERAGE_DOWN,1.1557792645884446,1.1351406394948311,0.0181815577519962,1.0,14,Pullback 4.8% > 2%
1985-07-10,TBOND,LEVERAGE_DOWN,155.06451696681327,135.00466808733907,0.1485863352998787,1.0,133,Leverage duration 133d > 60d
1985-07-10,COPPER,LEVERAGE_UP,1.1821809132793837,1.1351406394948311,0.0414400402451332,1.5,15,PnL=4.1% | Days=15 | Signals agree -> 1.5x
1985-07-11,COPPER,LEVERAGE_DOWN,1.171283326397702,1.1351406394948311,0.0318398316872481,1.0,16,Pullback 3.5% > 2%
1985-07-11,SILVER,EXIT,16.56376258143904,17.387172360425623,-0.0473573138816245,1.0,10,TRAILING STOP: Price 16.56 vs stop 16.77
1985-07-15,TBOND,LEVERAGE_UP,154.2009900131708,135.00466808733907,0.1421900605200776,2.0,138,PnL=14.2% | Days=138 | Signals agree -> 1.5x
1985-07-16,TBOND,LEVERAGE_DOWN,154.33097986179456,135.00466808733907,0.14315291499367,1.0,139,Leverage duration 139d > 60d
1985-07-17,TBOND,LEVERAGE_UP,154.38098228967235,135.00466808733907,0.1435232905413175,2.0,140,PnL=14.4% | Days=140 | Signals agree -> 1.5x
1985-07-17,COPPER,LEVERAGE_UP,1.1975366491604833,1.1351406394948311,0.0549676467344344,1.5,22,PnL=5.5% | Days=22 | Signals agree -> 1.5x
1985-07-18,TBOND,LEVERAGE_DOWN,154.55579505479253,135.00466808733907,0.1448181551381999,1.0,141,Leverage duration 141d > 60d
1985-07-19,TBOND,LEVERAGE_UP,155.9568917247183,135.00466808733907,0.1551962901299422,2.0,142,PnL=15.5% | Days=142 | Signals agree | Max leverage criteria met -> 2.0x
1985-07-19,SP500,ENTRY,486.087071642054,486.087071642054,0.0,1.0,0,Mom=15.7% | Price>SMA200 | GoldenCross | Breakout>489.59
1985-07-22,TBOND,LEVERAGE_DOWN,155.97507498724465,135.00466808733907,0.155330976306235,1.0,145,Leverage duration 145d > 60d
1985-07-22,COPPER,LEVERAGE_DOWN,1.1677770524892186,1.1351406394948311,0.028750986317353,1.0,27,Pullback 4.0% > 2%
1985-07-23,TBOND,LEVERAGE_UP,157.24122557452202,135.00466808733907,0.1647095452491862,2.0,146,PnL=16.5% | Days=146 | Signals agree | Max leverage criteria met -> 2.0x
1985-07-24,TBOND,LEVERAGE_DOWN,157.45957431333184,135.00466808733907,0.1663268873893007,1.0,147,Leverage duration 147d > 60d
1985-07-24,COPPER,LEVERAGE_UP,1.1792671937739083,1.1351406394948311,0.0388732045561462,1.5,29,PnL=3.9% | Days=29 | Signals agree -> 1.5x
1985-07-25,TBOND,LEVERAGE_UP,158.4962115664,135.00466808733907,0.1740054163450368,2.0,148,PnL=17.4% | Days=148 | Signals agree | Max leverage criteria met -> 2.0x
1985-07-25,COPPER,LEVERAGE_DOWN,1.150910675638233,1.1351406394948311,0.0138925835220028,1.0,30,Pullback 5.4% > 2%
1985-07-26,TBOND,LEVERAGE_DOWN,159.05286565143496,135.00466808733907,0.1781286373634006,1.0,149,Leverage duration 149d > 60d
1985-07-29,TBOND,LEVERAGE_UP,157.8344823502857,135.00466808733907,0.1691038879350249,2.0,152,PnL=16.9% | Days=152 | Signals agree | Max leverage criteria met -> 2.0x
1985-07-30,TBOND,LEVERAGE_DOWN,158.2964278466584,135.00466808733907,0.1725255881096725,1.0,153,Leverage duration 153d > 60d
1985-07-31,TBOND,LEVERAGE_UP,160.83165035373847,135.00466808733907,0.1913043647475289,2.0,154,PnL=19.1% | Days=154 | Signals agree | Max leverage criteria met -> 2.0x
1985-07-31,SP500,LEVERAGE_UP,502.0266542259452,486.087071642054,0.0327916200898855,1.5,12,PnL=3.3% | Days=12 | Signals agree -> 1.5x
1985-08-01,TBOND,LEVERAGE_DOWN,161.04047367469684,135.00466808733907,0.1928511506766146,1.0,155,Leverage duration 155d > 60d
1985-08-01,COPPER,EXIT,1.1387892508311062,1.1351406394948311,0.0032142372577714,1.0,37,TRAILING STOP: Price 1.14 vs stop 1.15
1985-08-02,TBOND,LEVERAGE_UP,162.74918158604842,135.00466808733907,0.2055078086689601,2.0,156,PnL=20.6% | Days=156 | Signals agree | Max leverage criteria met -> 2.0x
1985-08-05,TBOND,LEVERAGE_DOWN,163.31517710617214,135.00466808733907,0.2097002231101968,1.0,159,Leverage duration 159d > 60d
1985-08-06,TBOND,LEVERAGE_UP,163.56615462923412,135.00466808733907,0.2115592515913424,2.0,160,PnL=21.2% | Days=160 | Signals agree | Max leverage criteria met -> 2.0x
1985-08-07,TBOND,LEVERAGE_DOWN,162.99505779736927,135.00466808733907,0.2073290509623139,1.0,161,Leverage duration 161d > 60d
1985-08-08,TBOND,LEVERAGE_UP,164.03045709322518,135.00466808733907,0.2149984101817009,2.0,162,PnL=21.5% | Days=162 | Signals agree | Max leverage criteria met -> 2.0x
1985-08-08,SP500,LEVERAGE_UP,530.6242024512403,486.087071642054,0.0916237715575012,2.0,20,PnL=9.2% | Days=20 | Signals agree | Max leverage criteria met -> 2.0x
1985-08-09,TBOND,LEVERAGE_DOWN,167.59352245032684,135.00466808733907,0.2413905743015119,1.0,163,Leverage duration 163d > 60d
1985-08-12,TBOND,LEVERAGE_UP,167.0249429688589,135.00466808733907,0.2371790200676975,2.0,166,PnL=23.7% | Days=166 | Signals agree | Max leverage criteria met -> 2.0x
1985-08-13,TBOND,LEVERAGE_DOWN,168.12696436056393,135.00466808733907,0.2453418592296151,1.0,167,Leverage duration 167d > 60d
1985-08-14,TBOND,LEVERAGE_UP,169.45961853964278,135.00466808733907,0.255213030337689,2.0,168,PnL=25.5% | Days=168 | Signals agree | Max leverage criteria met -> 2.0x
1985-08-15,TBOND,LEVERAGE_DOWN,170.49721622506115,135.00466808733907,0.2628986733611371,1.0,169,Leverage duration 169d > 60d
1985-08-16,TBOND,LEVERAGE_UP,170.85975807840785,135.00466808733907,0.2655840757141295,2.0,170,PnL=26.6% | Days=170 | Signals agree | Max leverage criteria met -> 2.0x
1985-08-19,TBOND,LEVERAGE_DOWN,172.72808922230985,135.00466808733907,0.2794230871377442,1.0,173,Leverage duration 173d > 60d
1985-08-19,COPPER,ENTRY,1.1877238596635231,1.1877238596635231,0.0,1.0,0,Mom=22.6% | Price>SMA200 | GoldenCross | Breakout>1.20
1985-08-20,TBOND,LEVERAGE_UP,172.5739678570786,135.00466808733907,0.2782814868700294,2.0,174,PnL=27.8% | Days=174 | Signals agree | Max leverage criteria met -> 2.0x
1985-08-21,TBOND,LEVERAGE_DOWN,174.7581602897927,135.00466808733907,0.294460130643303,1.0,175,Leverage duration 175d > 60d
1985-08-22,TBOND,LEVERAGE_UP,173.7790322349725,135.00466808733907,0.2872075810189688,2.0,176,PnL=28.7% | Days=176 | Signals agree | Max leverage criteria met -> 2.0x
1985-08-23,TBOND,LEVERAGE_DOWN,174.9359262848333,135.00466808733907,0.2957768702609702,1.0,177,Leverage duration 177d > 60d
1985-08-23,COPPER,EXIT,1.1479441926907743,1.1877238596635231,-0.0334923531670216,1.0,4,TRAILING STOP: Price 1.15 vs stop 1.15
1985-08-26,TBOND,LEVERAGE_UP,173.49568931764367,135.00466808733907,0.2851088171662587,2.0,180,PnL=28.5% | Days=180 | Signals agree -> 1.5x
1985-08-26,SP500,EXIT,529.5094800111178,486.087071642054,0.0893305148445489,2.0,38,TRAILING STOP: Price 529.51 vs stop 533.19
1985-08-27,TBOND,LEVERAGE_DOWN,172.7551716033318,135.00466808733907,0.2796236904309905,1.0,181,Leverage duration 181d > 60d
1985-08-28,TBOND,LEVERAGE_UP,171.088668425981,135.00466808733907,0.2672796492881119,2.0,182,PnL=26.7% | Days=182 | Signals agree -> 1.5x
1985-08-29,TBOND,LEVERAGE_DOWN,173.33435411200423,135.00466808733907,0.2839137828913323,1.0,183,Leverage duration 183d > 60d
1985-08-30,TBOND,LEVERAGE_UP,173.98689906520542,135.00466808733907,0.2887472820765533,2.0,184,PnL=28.9% | Days=184 | Signals agree -> 1.5x
1985-09-02,TBOND,LEVERAGE_DOWN,174.12252436846376,135.00466808733907,0.2897518792151544,1.0,187,Leverage duration 187d > 60d
1985-09-03,TBOND,LEVERAGE_UP,175.07338941893892,135.00466808733907,0.2967950804906837,2.0,188,PnL=29.7% | Days=188 | Signals agree -> 1.5x
1985-09-04,TBOND,LEVERAGE_DOWN,172.67569346208523,135.00466808733907,0.2790349838153412,1.0,189,Leverage duration 189d > 60d
1985-09-05,TBOND,LEVERAGE_UP,170.76447316736653,135.00466808733907,0.2648782859633656,2.0,190,PnL=26.5% | Days=190 | Signals agree -> 1.5x
1985-09-06,TBOND,LEVERAGE_DOWN,171.58150298016903,135.00466808733907,0.2709301493868877,1.0,191,Leverage duration 191d > 60d
1985-09-09,TBOND,LEVERAGE_UP,171.44823329307994,135.00466808733907,0.2699430006536092,2.0,194,PnL=27.0% | Days=194 | Signals agree -> 1.5x
1985-09-10,TBOND,LEVERAGE_DOWN,173.4819838856551,135.00466808733907,0.2850072989581645,1.0,195,Leverage duration 195d > 60d
1985-09-11,TBOND,LEVERAGE_UP,173.02541582772872,135.00466808733907,0.2816254302835865,2.0,196,PnL=28.2% | Days=196 | Signals agree | Max leverage criteria met -> 2.0x
1985-09-12,TBOND,LEVERAGE_DOWN,173.60599576243897,135.00466808733907,0.2859258736899926,1.0,197,Leverage duration 197d > 60d
1985-09-13,TBOND,LEVERAGE_UP,172.9319568599696,135.00466808733907,0.2809331655709423,2.0,198,PnL=28.1% | Days=198 | Signals agree | Max leverage criteria met -> 2.0x
1985-09-16,TBOND,LEVERAGE_DOWN,174.50406122986504,135.00466808733907,0.2925779804663679,1.0,201,Leverage duration 201d > 60d
1985-09-17,TBOND,LEVERAGE_UP,175.69704449440394,135.00466808733907,0.3014145879810586,2.0,202,PnL=30.1% | Days=202 | Signals agree | Max leverage criteria met -> 2.0x
1985-09-17,SILVER,ENTRY,17.59277402596492,17.59277402596492,0.0,1.0,0,Mom=49.4% | Price>SMA200 | GoldenCross | Breakout>17.72
1985-09-18,TBOND,LEVERAGE_DOWN,175.13696818279917,135.00466808733907,0.2972660180127783,1.0,203,Leverage duration 203d > 60d
1985-09-18,SP500,ENTRY,548.4341887462696,548.4341887462696,0.0,1.0,0,Mom=26.7% | Price>SMA200 | GoldenCross | Breakout>553.72
1985-09-19,TBOND,LEVERAGE_UP,175.2698431968109,135.00466808733907,0.2982502433428668,2.0,204,PnL=29.8% | Days=204 | Signals agree -> 1.5x
1985-09-20,TBOND,LEVERAGE_DOWN,175.26731569967615,135.00466808733907,0.2982315217892303,1.0,205,Leverage duration 205d > 60d
1985-09-23,TBOND,LEVERAGE_UP,175.0866330809249,135.00466808733907,0.2968931782985123,2.0,208,PnL=29.7% | Days=208 | Signals agree | Max leverage criteria met -> 2.0x
1985-09-24,TBOND,LEVERAGE_DOWN,173.92310678386113,135.00466808733907,0.2882747629981536,1.0,209,Leverage duration 209d > 60d
1985-09-25,TBOND,LEVERAGE_UP,173.240658898259,135.00466808733907,0.2832197682689296,2.0,210,PnL=28.3% | Days=210 | Signals agree | Max leverage criteria met -> 2.0x
1985-09-26,TBOND,LEVERAGE_DOWN,173.8743907024384,135.00466808733907,0.2879139156132971,1.0,211,Leverage duration 211d > 60d
1985-09-27,TBOND,LEVERAGE_UP,171.47337026149984,135.00466808733907,0.2701291939814106,2.0,212,PnL=27.0% | Days=212 | Signals agree -> 1.5x
1985-09-30,TBOND,EXIT,169.20818066259656,135.00466808733907,0.2533505919449399,2.0,215,TRAILING STOP: Price 169.21 vs stop 169.97
1985-09-30,SILVER,LEVERAGE_UP,18.51471319476969,17.59277402596492,0.0524044228297422,1.5,13,PnL=5.2% | Days=13 | Signals agree -> 1.5x
1985-10-02,SILVER,LEVERAGE_DOWN,18.180775435709624,17.59277402596492,0.0334228933354614,1.0,15,Pullback 2.5% > 2%
1985-10-03,SILVER,LEVERAGE_UP,18.560647571008268,17.59277402596492,0.0550154025519156,1.5,16,PnL=5.5% | Days=16 | Signals agree -> 1.5x
1985-10-03,COPPER,ENTRY,1.0859026685038489,1.0859026685038489,0.0,1.0,0,Mom=14.0% | Price>SMA200 | GoldenCross | Breakout>1.09
1985-10-08,SILVER,LEVERAGE_UP,19.103723559709856,17.59277402596492,0.0858846667111705,2.0,21,PnL=8.6% | Days=21 | Signals agree | Max leverage criteria met -> 2.0x
1985-10-11,SILVER,LEVERAGE_DOWN,19.259379407483227,17.59277402596492,0.0947323815481621,1.0,24,Pullback 2.7% > 2%
1985-10-14,SILVER,EXIT,18.38394309671005,17.59277402596492,0.0449712518092628,1.0,27,TRAILING STOP: Price 18.38 vs stop 18.41
1985-10-18,COPPER,LEVERAGE_UP,1.119354494842524,1.0859026685038489,0.0308055475954994,1.5,15,PnL=3.1% | Days=15 | Signals agree -> 1.5x
1985-10-23,COPPER,LEVERAGE_UP,1.1820559196879823,1.0859026685038489,0.0885468412345031,2.0,20,PnL=8.9% | Days=20 | Signals agree | Max leverage criteria met -> 2.0x
1985-10-29,COPPER,LEVERAGE_DOWN,1.159063681212226,1.0859026685038489,0.0673734532848861,1.0,26,Pullback 2.6% > 2%
1985-10-30,COPPER,LEVERAGE_UP,1.1875443567364978,1.0859026685038489,0.0936011036538756,2.0,27,PnL=9.4% | Days=27 | Signals agree -> 1.5x
1985-10-31,COPPER,LEVERAGE_DOWN,1.198668101770566,1.0859026685038489,0.1038448808879757,1.0,28,Momentum decay 59.1%
1985-11-01,SP500,EXIT,538.1074368684481,548.4341887462696,-0.0188295188187093,1.0,44,TRAILING STOP: Price 538.11 vs stop 541.96
1985-11-01,COPPER,LEVERAGE_UP,1.1923448839944029,1.0859026685038489,0.0980218748676707,2.0,29,PnL=9.8% | Days=29 | Signals agree -> 1.5x
1985-11-01,TBOND,ENTRY,171.77632353309022,171.77632353309022,0.0,1.0,0,Mom=30.4% | Price>SMA200 | GoldenCross | Breakout>173.29
1985-11-04,COPPER,LEVERAGE_DOWN,1.1710225935178422,1.0859026685038489,0.0783863300854312,1.0,32,Pullback 2.3% > 2%
1985-11-05,COPPER,LEVERAGE_UP,1.1604786976028243,1.0859026685038489,0.0686765317574234,1.5,33,PnL=6.9% | Days=33 | Signals agree -> 1.5x
1985-11-06,COPPER,LEVERAGE_DOWN,1.1580470018910762,1.0859026685038489,0.0664372005703121,1.0,34,Pullback 3.4% > 2%
1985-11-07,COPPER,LEVERAGE_UP,1.1666876270210684,1.0859026685038489,0.0743942904464215,1.5,35,PnL=7.4% | Days=35 | Signals agree -> 1.5x
1985-11-08,COPPER,EXIT,1.1472179610596598,1.0859026685038489,0.0564648143284248,1.5,36,TRAILING STOP: Price 1.15 vs stop 1.15
1985-11-20,SP500,ENTRY,547.1543429515857,547.1543429515857,0.0,1.0,0,Mom=23.8% | Price>SMA200 | GoldenCross | Breakout>550.70
1985-11-22,GOLD,ENTRY,352.84160658850715,352.84160658850715,0.0,1.0,0,Mom=1.5% | Price>SMA200 | GoldenCross | Breakout>350.43
1985-11-25,GOLD,EXIT,346.2677167972243,352.84160658850715,-0.0186312772318529,1.0,3,MOMENTUM REVERSAL: 12m momentum = -1.6%
1985-11-28,TBOND,LEVERAGE_UP,177.23796047447564,171.77632353309022,0.0317950508489798,1.5,27,PnL=3.2% | Days=27 | Signals agree -> 1.5x
1985-11-28,GOLD,ENTRY,353.19516665095,353.19516665095,0.0,1.0,0,Mom=0.5% | Price>SMA200 | GoldenCross | Breakout>353.28
1985-11-29,GOLD,EXIT,347.53686011627764,353.19516665095,-0.0160203396561886,1.0,1,MOMENTUM REVERSAL: 12m momentum = -0.5%
1985-12-02,SP500,LEVERAGE_UP,574.8701511254658,547.1543429515857,0.0506544607219401,1.5,12,PnL=5.1% | Days=12 | Signals agree -> 1.5x
1985-12-02,COPPER,ENTRY,1.2044218010511902,1.2044218010511902,0.0,1.0,0,Mom=19.0% | Price>SMA200 | GoldenCross | Breakout>1.19
1985-12-04,TBOND,LEVERAGE_DOWN,175.62967614282832,171.77632353309022,0.02243238492059,1.0,33,Pullback 2.3% > 2%
1985-12-05,TBOND,LEVERAGE_UP,178.05717326013055,171.77632353309022,0.0365641177890876,1.5,34,PnL=3.7% | Days=34 | Signals agree -> 1.5x
1985-12-06,TBOND,LEVERAGE_DOWN,176.1124312054466,171.77632353309022,0.0252427551316237,1.0,35,Pullback 2.0% > 2%
1985-12-06,SILVER,ENTRY,17.67930103999175,17.67930103999175,0.0,1.0,0,Mom=15.5% | Price>SMA200 | GoldenCross | Breakout>17.80
1985-12-09,TBOND,LEVERAGE_UP,177.41703284606135,171.77632353309022,0.0328375249682448,1.5,38,PnL=3.3% | Days=38 | Signals agree -> 1.5x
1985-12-10,SP500,LEVERAGE_UP,597.2703913578586,547.1543429515857,0.0915939881531879,2.0,20,PnL=9.2% | Days=20 | Signals agree | Max leverage criteria met -> 2.0x
1985-12-11,TBOND,LEVERAGE_DOWN,175.78059280851735,171.77632353309022,0.0233109499206144,1.0,40,Pullback 2.2% > 2%
1985-12-12,TBOND,EXIT,172.45405726907856,171.77632353309022,0.0039454432488059,1.0,41,TRAILING STOP: Price 172.45 vs stop 172.78
1985-12-19,SP500,LEVERAGE_DOWN,597.8806135070848,547.1543429515857,0.0927092532645538,1.0,29,Pullback 2.9% > 2%
1985-12-20,SP500,LEVERAGE_UP,600.3158622332255,547.1543429515857,0.0971600060686053,2.0,30,PnL=9.7% | Days=30 | Signals agree | Max leverage criteria met -> 2.0x
1985-12-20,COPPER,EXIT,1.1611622237172026,1.2044218010511902,-0.0359172984881473,1.0,18,TRAILING STOP: Price 1.16 vs stop 1.17
1985-12-23,SP500,LEVERAGE_DOWN,596.6272078327231,547.1543429515857,0.0904184815828373,1.0,33,Pullback 3.1% > 2%
1985-12-24,SP500,LEVERAGE_UP,607.4444971602209,547.1543429515857,0.1101885692497735,2.0,34,PnL=11.0% | Days=34 | Signals agree | Max leverage criteria met -> 2.0x
1985-12-26,SP500,LEVERAGE_DOWN,603.3807099938778,547.1543429515857,0.1027614379134466,1.0,36,Pullback 2.0% > 2%
1985-12-27,SP500,LEVERAGE_UP,608.2390997521671,547.1543429515857,0.1116408150414451,2.0,37,PnL=11.2% | Days=37 | Signals agree -> 1.5x
1985-12-31,SILVER,LEVERAGE_UP,18.722767273938345,17.67930103999175,0.059021916736765,1.5,25,PnL=5.9% | Days=25 | Signals agree -> 1.5x
