Date,Open,High,Low,Close,Volume
2007-03-01,20.516290268517057,20.57389692877141,20.516290268517057,20.54920768737793,4600
2007-03-02,20.59035787163689,20.787867107688903,20.532751207329703,20.540979385375977,2400
2007-03-05,20.664427263941903,20.68088519227288,20.656197514944356,20.672657012939453,1100
2007-03-06,20.656192779541016,20.656192779541016,20.656192779541016,20.656192779541016,400
2007-03-07,20.639734727252502,20.639734727252502,20.56566856774385,20.573898315429688,2800
2007-03-08,20.697344690267975,20.697344690267975,20.672657012939453,20.672657012939453,42200
2007-03-09,20.738491120611968,20.738491120611968,20.7055721282959,20.7055721282959,700
2007-03-12,20.639734268188477,20.639734268188477,20.639734268188477,20.639734268188477,200
2007-03-13,20.573899238021095,20.59035873413086,20.573899238021095,20.59035873413086,1100
2007-03-14,20.606817367057193,20.606817367057193,20.540979385375977,20.540979385375977,2000
2007-03-15,20.540979385375977,20.540979385375977,20.540979385375977,20.540979385375977,0
2007-03-16,20.458685382770256,20.483373056641284,20.458685382770256,20.46691513061523,4000
2007-03-19,20.466914734841556,20.573898315429688,20.466914734841556,20.573898315429688,2200
2007-03-20,20.475142384670836,20.475142384670836,20.450454711914062,20.450454711914062,1400
2007-03-21,20.392850875854492,20.392850875854492,20.392850875854492,20.392850875854492,200
2007-03-22,20.409308803418913,20.409308803418913,20.24471854012634,20.392850875854492,17500
2007-03-23,20.466915653354405,20.516292572021484,20.466915653354405,20.516292572021484,4100
2007-03-26,20.49983162709144,20.49983162709144,20.450454711914062,20.450454711914062,3100
2007-03-27,20.466915654078495,20.466915654078495,20.44222640991211,20.44222640991211,200
2007-03-28,20.40930741769026,20.450456157967572,20.40930741769026,20.44222640991211,3400
2007-03-29,20.46691513061523,20.46691513061523,20.46691513061523,20.46691513061523,100
2007-03-30,20.40930735622318,20.40930735622318,20.401079177856445,20.401079177856445,200
2007-04-02,20.43399521696699,20.450454711914062,20.376388554316073,20.450454711914062,4100
2007-04-03,20.4833750886272,20.4833750886272,20.47514533996582,20.47514533996582,5200
2007-04-04,20.450454711914062,20.450454711914062,20.450454711914062,20.450454711914062,500
2007-04-05,20.384618759155273,20.384618759155273,20.384618759155273,20.384618759155273,1100
2007-04-09,20.516292572021484,20.540980246523056,20.508062823966316,20.516292572021484,22700
2007-04-10,20.442224964440527,20.466914206861137,20.43399521696699,20.450454711914062,30500
2007-04-11,20.450454711914062,20.787866510009863,20.425765469493456,20.450454711914062,172000
2007-04-12,20.392847516803897,20.392847516803897,20.32701110839844,20.32701110839844,8900
2007-04-13,20.294091657833366,20.33523882352708,20.277632163690377,20.31878089904785,8300
2007-04-16,20.318786172041857,20.318786172041857,20.23649024963379,20.23649024963379,22600
2007-04-17,20.244715720521995,20.244715720521995,20.203566983181847,20.228256225585938,23600
2007-04-18,20.178879831505064,20.21179725256335,20.129501345421826,20.203567504882812,18300
2007-04-19,20.195339326866144,20.21179725256335,20.17065008382453,20.203567504882812,26800
2007-04-20,20.203565587857987,20.203565587857987,20.104811764389556,20.129499435424805,24200
2007-04-23,20.26940767679852,20.26940767679852,20.203571252804895,20.23649024963379,29300
2007-04-24,20.23648695783896,20.269404379649135,20.162420796686185,20.2117977142334,42300
2007-04-25,20.19533636978207,20.203564546593935,20.162417383880044,20.178876876831055,7600
2007-04-26,20.26940333341955,20.27763308086329,20.244715660752185,20.26117515563965,40800
2007-04-27,20.1624221166004,20.24471803100912,20.11304519582077,20.195341110229492,55800
2007-04-30,20.17065146731522,20.18711096380525,20.13773247433517,20.154191970825195,6300
2007-05-01,20.162418442265857,20.285861506551065,20.162418442265857,20.277631759643555,2500
2007-05-02,20.285864337637307,20.30232383374941,20.228257670908896,20.29409408569336,21300
2007-05-03,20.294091657833366,20.36815781181306,20.294091657833366,20.31878089904785,13100
2007-05-04,20.277634065997415,20.29409356168452,20.2117976529129,20.24471664428711,90800
2007-05-07,20.244717167021,20.36816024853387,20.244717167021,20.29409408569336,52500
2007-05-08,20.294093164986663,20.359929576784243,20.294093164986663,20.35169982910156,147000
2007-05-09,20.31055213969481,20.376388549804688,20.31055213969481,20.376388549804688,9700
2007-05-10,20.401079177856445,20.45868584440724,20.376389933764415,20.401079177856445,15000
2007-05-11,20.42576552935801,20.433995276855665,20.384618361533565,20.41753578186035,24100
2007-05-14,20.359930437703063,20.40930735622318,20.07189553528515,20.401079177856445,15400
2007-05-15,20.417537228894226,20.417537228894226,20.277634650846565,20.335241317749023,31100
2007-05-16,20.392850474414665,20.4339976470118,20.310554559556376,20.42576789855957,13000
2007-05-17,20.47514533996582,20.4833750886272,20.45868741230711,20.47514533996582,8100
2007-05-18,20.466917102461583,20.475145281435385,20.4257683592723,20.433998107910156,10400
2007-05-21,20.508065256729836,20.52452475479268,20.48337600963557,20.491605758666992,16400
2007-05-22,20.499832153320312,20.508061901005103,20.475142910265937,20.499832153320312,7800
2007-05-23,20.45045621931113,20.49160339004792,20.244717226299276,20.483373641967773,9900
2007-05-24,20.475143831745633,20.516292572021484,20.475143831745633,20.516292572021484,6100
2007-05-25,20.508061901005103,20.508061901005103,20.466914732245016,20.499832153320312,10700
2007-05-29,20.433998101964427,20.50806427001953,20.417538604693505,20.50806427001953,9600
2007-05-30,20.508061964199246,20.54920913308613,20.48337272106879,20.540979385375977,22600
2007-05-31,20.475145275477683,20.50806427001953,20.475145275477683,20.50806427001953,2400
2007-06-01,20.540980246523056,20.557439742633395,20.491603327855973,20.516292572021484,12500
2007-06-04,20.433998107910156,20.433998107910156,20.4257683592723,20.433998107910156,8000
2007-06-05,20.368158802332974,20.40930597002771,20.244715729584936,20.376388549804688,95700
2007-06-06,20.44222456175545,20.475141981337327,20.1377301898881,20.40930557250977,54500
2007-06-07,20.47514297335864,20.540979385375977,20.458685047602213,20.540979385375977,16300
2007-06-08,20.647966325284703,20.647966325284703,20.21179907683192,20.60681915283203,8400
2007-06-11,20.647963032430127,20.672652273762797,20.623273791097457,20.656192779541016,9700
2007-06-12,20.67265614999597,20.697343826293945,20.63150740672591,20.697343826293945,156700
2007-06-13,20.746717328634585,20.75494707593199,20.71379990910875,20.738489151000977,10200
2007-06-14,20.74671837627813,20.7631778717041,20.713800955090075,20.7631778717041,12100
2007-06-15,20.697339482086623,20.713798975939927,20.64796257019043,20.64796257019043,52500
2007-06-18,20.63150550473126,20.697341918229913,20.623275756835938,20.623275756835938,54900
2007-06-19,20.66442686889603,20.66442686889603,20.631507873535156,20.631507873535156,2500
2007-06-20,20.615046766820424,23.8410342861806,19.816780027594245,19.849699020385746,4300
2007-06-21,20.656192779541016,20.75494660554417,20.60681586653944,20.656192779541016,3300
2007-06-22,20.5738982520125,20.61504542065098,20.532751083374023,20.532751083374023,46800
2007-06-25,20.58212754117853,20.61504496142326,20.57389779370139,20.598587036132812,9400
2007-06-26,20.55743835857801,20.59035734858238,20.516291190736386,20.5656681060791,17800
2007-06-27,20.58212754117853,20.598587036132812,20.58212754117853,20.598587036132812,2400
2007-06-28,20.549208551269967,20.598587036132812,20.549208551269967,20.598587036132812,5900
2007-06-29,20.50806433461135,20.565671005576966,20.47514533996582,20.47514533996582,3600
2007-07-02,20.44222449635613,20.45045424364122,20.261174765075506,20.3681583404541,15800
2007-07-03,20.335241317749023,20.417537228894226,20.335241317749023,20.335241317749023,6500
2007-07-05,20.41753861063444,20.433998107910156,20.41753861063444,20.433998107910156,12100
2007-07-06,20.41753855203315,20.41753855203315,20.392850875854492,20.392850875854492,500
2007-07-09,20.401079177856445,20.425766852284536,20.39284942982577,20.401079177856445,8800
2007-07-10,20.32701156552568,20.32701156552568,20.26117515563965,20.26117515563965,4900
2007-07-11,20.228260500426565,20.26117949725546,20.228260500426565,20.23649024963379,4900
2007-07-12,20.21179725256335,20.22825674792443,20.195339326866144,20.203567504882812,73000
2007-07-13,20.203564615879262,20.22002410888672,20.203564615879262,20.22002410888672,600
2007-07-16,20.2117977142334,20.22825720997044,20.187110040291746,20.2117977142334,3800
2007-07-17,20.2117977142334,20.22002746210192,20.2117977142334,20.2117977142334,700
2007-07-18,20.1624221166004,20.195341110229492,20.1624221166004,20.195341110229492,1100
2007-07-19,20.162417846189015,20.18710708618164,20.15418809952481,20.18710708618164,11200
2007-07-20,20.14596222258018,20.154191970825195,20.12950272609016,20.154191970825195,600
2007-07-23,20.1624221166004,20.195341110229492,20.15419236819313,20.195341110229492,16800
2007-07-24,20.145962164207372,20.162421660649706,20.038978576660156,20.038978576660156,18100
2007-07-25,20.195339788160265,20.23648695783896,20.195339788160265,20.2117977142334,6100
2007-07-26,20.211795209430313,20.211795209430313,20.113041386574228,20.12127113342285,3000
2007-07-27,20.277634128473863,21.808332699484875,20.277634128473863,20.285863876342773,26500
2007-07-30,20.302321404904863,20.31878089904785,20.302321404904863,20.31878089904785,5200
2007-07-31,20.30232337208059,20.30232337208059,19.997828979586608,20.285863876342773,6600
2007-08-01,20.33524125630967,20.33524125630967,20.25294691507705,20.29409408569336,11200
2007-08-02,20.30232186662247,20.32701110839844,20.2776326248465,20.32701110839844,900
2007-08-03,20.23648695687767,20.23648695687767,20.137731552124023,20.137731552124023,20100
2007-08-06,20.14595789092903,20.178876876831055,20.14595789092903,20.178876876831055,3300
2007-08-07,20.187113324054614,20.25294974804823,20.187113324054614,20.23649024963379,13700
2007-08-08,20.154187637404537,20.18710662330656,20.154187637404537,20.178876876831055,4300
2007-08-09,20.335241317749023,20.335241317749023,20.310553643170223,20.335241317749023,6200
2007-08-10,20.359929576784243,20.368159324466927,20.3352403337362,20.35169982910156,40500
2007-08-13,20.368158405616462,20.433994814444027,20.343469163682204,20.40930557250977,25400
2007-08-14,20.47514297335864,20.540979385375977,20.47514297335864,20.540979385375977,39600
2007-08-15,20.623278124694934,20.65619712005581,20.59036069899816,20.631507873535156,26800
2007-08-16,20.59035781080136,20.615045484194997,20.56566856774385,20.573898315429688,30800
2007-08-17,20.285864335468535,20.57389923874374,20.285864335468535,20.516292572021484,16300
2007-08-20,20.55743835857801,20.573897853580196,20.53275068573857,20.5656681060791,13300
2007-08-21,20.557438820058017,20.573898315429688,20.557438820058017,20.573898315429688,6800
2007-08-22,20.524522320076656,20.549209994578224,20.516292572021484,20.516292572021484,21200
2007-08-23,20.50806288620822,20.50806288620822,20.475143893887623,20.483373641967773,1200
2007-08-24,20.425768300647388,20.425768300647388,20.351702132783313,20.392850875854492,52000
2007-08-27,20.35992905486126,20.376388549804688,20.35992905486126,20.376388549804688,2500
2007-08-28,20.368158802332974,20.376388549804688,20.35169930738955,20.376388549804688,17200
2007-08-29,20.37638762530015,20.39284711949679,20.351698384005196,20.359928131103516,3900
2007-08-30,20.43399521696699,20.450454711914062,20.376388554316073,20.450454711914062,27500
2007-08-31,20.351700689672388,20.43399660031521,20.351700689672388,20.401079177856445,5700
2007-09-04,20.48337503007324,20.4916047787111,20.433998107910156,20.433998107910156,4700
2007-09-05,20.351698384005196,20.359928131103516,20.33523888980856,20.359928131103516,900
2007-09-06,20.376390459567336,20.376390459567336,20.294094546800903,20.302324295043945,40600
2007-09-07,20.19533683284585,20.21179475651059,20.17887733951743,20.18710708618164,3000
2007-09-10,20.178881677042227,20.18711142547545,20.145962683309335,20.16242218017578,49600
2007-09-11,20.19533683284585,20.19533683284585,20.13772860619639,20.18710708618164,3500
2007-09-12,20.129501279321484,20.15419052228203,20.071894615410745,20.088354110717773,8200
2007-09-13,20.154189601403463,20.17064909595843,20.145959854125977,20.145959854125977,2500
2007-09-14,20.145962619785852,20.195341110229492,20.145962619785852,20.195341110229492,2400
2007-09-17,20.162417383880044,20.203564546593935,20.162417383880044,20.178876876831055,2500
2007-09-18,20.211798578084693,20.220028326304956,20.063666249447973,20.11304473876953,10700
2007-09-19,20.113044277450445,20.154191447944005,20.096584781387445,20.104814529418945,28000
2007-09-20,19.989601197327875,19.997829375695854,19.890845790608772,19.956682205200195,53900
2007-09-21,19.981370002073852,19.989599749509704,19.956680759766297,19.96491050720215,7500
2007-09-24,19.93199296110443,19.96491195323211,19.923763213072515,19.956682205200195,33800
2007-09-25,19.882615520346665,19.915534511609703,19.85792627689938,19.907304763793945,27800
2007-09-26,19.931993881840945,20.647966297052168,19.915535954680788,19.973142623901367,17700
2007-09-27,19.882613220766626,19.94021987915039,19.866153727038775,19.94021987915039,128700
2007-09-28,19.849699608721508,19.866157535941092,19.75094419708392,19.792091369628903,44800
2007-10-01,19.833241495712738,19.84147124472877,19.380614717815547,19.816781997680664,44600
2007-10-02,19.91553220822233,19.948449626014316,19.899072714494476,19.94021987915039,99700
2007-10-03,19.899073701966987,20.006057277179544,19.87438446015003,19.997827529907227,48800
2007-10-04,20.014289796297778,20.014289796297778,19.9566831270772,19.973142623901367,16600
2007-10-05,19.95667937287824,19.95667937287824,19.8743834739027,19.94021987915039,29000
2007-10-08,19.981371050665107,20.08012488575012,19.97314130279737,20.06366539001465,48600
2007-10-09,20.055435636010337,20.063663813567658,19.956680239020848,19.989599227905273,92800
2007-10-10,19.90730390443078,19.94845107206943,19.87438491458879,19.93199157714844,49800
2007-10-11,19.89907317583638,19.948450088500977,19.816777274952884,19.948450088500977,90600
2007-10-12,19.907303318577597,19.92376124335042,19.874384329704384,19.9155330657959,14100
2007-10-15,19.874386755995403,19.890846252441406,19.833239584544373,19.890846252441406,18400
2007-10-16,19.899073571359295,19.93199099056872,19.89084382414099,19.9155330657959,295500
2007-10-17,19.866156024715146,19.915534511609703,19.84969809874752,19.907304763793945,44200
2007-10-18,19.75917382245533,19.783863067626953,19.734484577283705,19.783863067626953,22600
2007-10-19,19.74271011352539,19.808546516939376,19.726250620255975,19.74271011352539,51100
2007-10-22,19.866156024715146,19.96491142884037,19.85792627689938,19.907304763793945,96800
2007-10-23,19.775633319236412,19.79209124635349,19.74271432567425,19.783863067626953,39600
2007-10-24,19.792087487349814,19.80854698100484,19.742710576048463,19.750940322875977,37100
2007-10-25,19.718023176100782,19.74271241888788,19.68510575538185,19.709794998168945,19500
2007-10-26,19.635730282258017,19.652188208994847,19.59458154125602,19.627500534057617,67100
2007-10-29,19.62750059691092,19.62750059691092,19.545204684307357,19.594581604003903,26400
2007-10-30,19.619271246620848,19.668648167318903,19.54520508074176,19.635730743408203,245300
2007-10-31,19.6357279048289,19.726251984745,19.52051301363711,19.545202255249023,72500
2007-11-01,19.619267955020753,19.63572744904663,19.553431548580967,19.611038208007812,92600
2007-11-02,19.55343338432349,19.55343338432349,19.36415389424688,19.42176055908203,65000
2007-11-05,19.52874137381672,19.55343061367508,19.495823957002575,19.520511627197266,83300
2007-11-06,19.42999181352854,19.46290923755948,19.421762065104804,19.454679489135746,28100
2007-11-07,19.421759106671917,19.421759106671917,19.257167302596756,19.35592269897461,134400
2007-11-08,19.339466094970703,19.347695843370797,19.265399929033865,19.339466094970703,150000
2007-11-09,20.08835593307517,20.08835593307517,19.27362967743396,19.339466094970703,130500
2007-11-12,20.573895649532236,20.573895649532236,19.355921403799208,19.520511627197266,186300
2007-11-13,19.75094174837607,19.75094174837607,19.331234047863425,19.446447372436523,154800
2007-11-14,21.21580641021524,21.21580641021524,19.339466150531443,19.454679489135746,123100
2007-11-15,19.446448694674615,19.520514856840173,19.41353127241433,19.504056930541992,117100
2007-11-16,19.545202711996723,19.545202711996723,19.429989387776324,19.47936630249023,79400
2007-11-19,19.42999030686761,19.48759697170276,19.339464650890147,19.42176055908203,597100
2007-11-20,19.635727404874768,19.635727404874768,17.981585930924567,19.240707397460938,216600
2007-11-21,19.207788917300547,19.240706333794773,19.14195251464844,19.14195251464844,97900
2007-11-23,19.240709704308237,19.290088192194993,19.21602203002879,19.281858444213867,25300
2007-11-26,19.49582771455926,19.49582771455926,19.16664563465409,19.183103561401367,110600
2007-11-27,19.133722793735146,19.339461748506487,19.133722793735146,19.290084838867188,140600
2007-11-28,19.611040047432397,19.611040047432397,19.323005153618094,19.347694396972656,231200
2007-11-29,19.923764161640687,19.923764161640687,19.40530256825733,19.454679489135746,75900
2007-11-30,20.57389814982376,20.57389814982376,19.429989914985992,19.60280990600586,105100
2007-12-03,19.940219700977284,19.940219700977284,19.51228228585922,19.56166076660156,120200
2007-12-04,19.42176055908203,19.446448232774873,19.3970713157253,19.42176055908203,103200
2007-12-05,19.42176114246781,19.66864730479547,19.42176114246781,19.660417556762695,108500
2007-12-06,20.006056714501455,20.006056714501455,19.61103827452295,19.652185440063477,1259400
2007-12-07,19.94844999599213,19.94844999599213,19.60280846961533,19.685104370117188,278000
2007-12-10,19.347693031345106,19.62749815762493,19.347693031345106,19.545202255249023,482100
2007-12-11,19.372384102172987,19.652187685209174,19.372384102172987,19.504056930541992,213600
2007-12-12,19.80031808048787,19.80031808048787,19.54520219658566,19.578121185302734,83600
2007-12-13,19.611040054259284,19.676876466897134,19.58635081089613,19.643959045410156,181700
2007-12-14,20.09658524902451,20.09658524902451,19.80032059165237,19.890846252441406,312600
2007-12-17,20.222775516193213,20.222775516193213,19.932337317535076,20.05681037902832,188800
2007-12-18,19.907442030910826,19.932337276262263,19.85765312296879,19.865951538085938,174300
2007-12-19,19.915739518618892,19.96552842424242,19.89084427442674,19.92403793334961,76900
2007-12-20,19.957231521606445,19.99042518304429,19.924039442929494,19.957231521606445,117800
2007-12-21,19.890844724221004,20.189581330239104,19.890844724221004,20.007020950317383,255400
2007-12-24,19.91573899443946,20.03191363209026,19.874248504638672,19.874248504638672,32700
2007-12-26,19.83275834741489,19.998723488167503,19.774671022979746,19.7995662689209,117500
2007-12-27,19.78296668374301,19.78296668374301,19.65019522273217,19.67508888244629,224700
2007-12-28,19.608705991583943,19.63360123766394,18.91995334431296,19.542320251464844,194700
2007-12-31,19.525722041693925,19.70828240363906,19.51742362759269,19.666791915893555,112600
2008-01-02,19.782967085804486,19.782967085804486,19.44274001220448,19.492528915405273,97700
2008-01-03,19.475936279467152,19.558918857839817,19.451042613888077,19.534025192260746,70000
2008-01-04,19.226985402687436,19.500826736096663,19.21868698861314,19.32656478881836,1094600
2008-01-07,19.583809359817316,19.600406188021623,19.50912521565859,19.517423629760746,313200
2008-01-08,19.550616232932978,19.55891464725989,19.41784476922374,19.492528915405273,86000
2008-01-09,19.467637447102703,19.77467250568832,19.467637447102703,19.64190101623535,98800
2008-01-10,19.76637019014604,19.76637019014604,19.42614311769935,19.451038360595703,131900
2008-01-11,19.426145601946644,19.542320251464844,19.426145601946644,19.542320251464844,34400
2008-01-14,19.45933822387637,19.45933822387637,19.37635565747017,19.44274139404297,128300
2008-01-15,19.21039150304865,19.48423287820337,19.193794672369968,19.426145553588867,153900
2008-01-16,19.48422997118777,19.675088747234135,19.451037897543493,19.666791915893555,322200
2008-01-17,19.71658280158657,19.71658280158657,19.550617668384135,19.63360023498535,86900
2008-01-18,19.658496458960396,19.699986952947192,19.641899628261324,19.691688537597656,102200
2008-01-22,19.6418976561033,19.816159612664016,19.59210875176606,19.72488021850586,169000
2008-01-23,19.915738007887892,19.915738007887892,19.583809357641893,19.666791915893555,158100
2008-01-24,19.542324013378597,19.592114515123303,19.45934300932648,19.50083351135254,135500
2008-01-25,19.56721404750766,19.633599782707215,19.51742514179819,19.550617218017575,161200
2008-01-28,19.550618618157213,19.558917033496556,19.401250307570844,19.426145553588867,378900
2008-01-29,19.2435828197278,19.500827332860627,19.2435828197278,19.417844772338867,240900
2008-01-30,19.58381176489152,19.62530225773705,19.301671981811523,19.301671981811523,47000
2008-01-31,19.293371654440183,19.48423043503015,19.293371654440183,19.451038360595703,443700
2008-02-01,19.583807907961564,19.583807907961564,19.40954439025677,19.525720596313477,209300
2008-02-04,19.31826696282216,19.5091257440591,19.31826696282216,19.492528915405273,225600
2008-02-05,19.625303254375677,19.716584242584418,19.451041276261815,19.699987411499023,298000
2008-02-06,19.66679533208916,19.699987411499023,19.633601669918377,19.699987411499023,180000
2008-02-07,19.932336418893765,19.932336418893765,19.791266533491942,19.890844345092773,231800
2008-02-08,19.890845273099774,19.890845273099774,19.774670626558425,19.8327579498291,187600
2008-02-11,19.907442041197925,19.907442041197925,19.74977531941236,19.79126739501953,155800
2008-02-12,19.63359924158697,19.733178633022188,19.63359924158697,19.72488021850586,72800
2008-02-13,19.724883633060895,19.80786620982849,19.724883633060895,19.758075714111328,118800
2008-02-14,19.832758433018004,19.832758433018004,19.633601212911785,19.691688537597656,166500
2008-02-15,19.62530279756225,19.691688537597656,19.575513888225917,19.691688537597656,141900
2008-02-19,19.70828576703311,19.70828576703311,19.57551428427608,19.658496856689453,108900
2008-02-20,19.849352277838697,19.849352277838697,19.525722041693925,19.666791915893555,144300
2008-02-21,19.741474598692474,19.741474598692474,19.467631701904853,19.525720596313477,109400
2008-02-22,19.4676355359545,19.49253078131833,19.301671981811523,19.301671981811523,224900
2008-02-25,19.42614608593364,19.50083024327343,19.37635717529409,19.4012508392334,55500
2008-02-26,19.3099666464049,19.401246029488263,19.25187933459897,19.268474578857425,176500
2008-02-27,19.251882633123508,19.251882633123508,19.09421591495032,19.144004821777344,176700
2008-02-28,19.127408398465608,19.16060205889636,18.92825118416364,19.036128997802734,196600
2008-02-29,19.019532625781295,19.09421678078883,19.002935795166092,19.0444278717041,195300
2008-03-03,19.0859160624994,19.0859160624994,18.91995094189513,19.002933502197266,96300
2008-03-04,18.97804226548491,19.061023253622803,18.969743850118935,19.052724838256836,52300
2008-03-05,19.019534090952053,19.0610245879254,18.936551514244343,18.96144676208496,74200
2008-03-06,18.919951408782527,18.919951408782527,18.845267260943697,18.86186408996582,76300
2008-03-07,18.82037457878901,18.969742882233497,18.18970928800163,18.919952392578125,181600
2008-03-10,18.99463555662136,18.99463555662136,18.8286720146823,18.86186408996582,83700
2008-03-11,19.027831646950947,19.027831646950947,18.70420135345422,18.986339569091797,140500
2008-03-12,19.26847786825724,19.66679387090845,18.654409408569336,18.654409408569336,114300
2008-03-13,18.538234245072314,18.67100571464448,18.50504058629889,18.6046199798584,113600
2008-03-14,18.853567619366157,18.886761280832864,18.480148424431057,18.63781356811523,203500
2008-03-17,18.27269268076908,18.637813458183913,18.25609585013362,18.480148315429688,155700
2008-03-18,18.637811063617992,18.695899963378903,18.505039601114408,18.695899963378903,360700
2008-03-19,18.778883451309916,18.778883451309916,18.588024646286243,18.71249771118164,332100
2008-03-20,19.019531653990587,19.036128483757786,18.845268106956592,18.91165542602539,793700
2008-03-24,18.99463703500425,19.19379425048828,18.99463703500425,19.19379425048828,491100
2008-03-25,19.144003251152903,19.144003251152903,18.695899960951657,18.770584106445312,164400
2008-03-26,18.51333762916634,18.637810674821782,18.47184714153474,18.50503921508789,216300
2008-03-27,18.505041051086216,18.662707768698535,18.505041051086216,18.53823471069336,77400
2008-03-28,18.712495677592216,18.720794092051527,18.521636893310212,18.55483055114746,121400
2008-03-31,18.50504157081661,18.969743321803332,18.480147908172896,18.588024139404297,255500
2008-04-01,18.87845993041992,18.903355172649473,18.720793228487388,18.87845993041992,1428500
2008-04-02,18.92824923137984,18.92824923137984,18.67100472062423,18.695899963378903,306200
2008-04-03,18.55483340216428,18.79548112741782,18.55483340216428,18.76228904724121,504600
2008-04-04,18.76228915453023,18.76228915453023,18.51334142935777,18.57972717285156,1336500
2008-04-07,18.795480282032205,18.795480282032205,18.621218307730825,18.71249771118164,309100
2008-04-08,18.753989787987372,18.753989787987372,18.621218307730825,18.71249771118164,144200
2008-04-09,18.7954797694931,18.7954797694931,18.538235231356023,18.588024139404297,152500
2008-04-10,18.679303663509845,18.679303663509845,18.505040124816716,18.67100524902344,190300
2008-04-11,18.729093034737208,18.729093034737208,18.538234245072314,18.6046199798584,325700
2008-04-14,18.388865946113437,18.62121680924511,18.38056753142008,18.6046199798584,298700
2008-04-15,18.695900427112292,18.695900427112292,18.61291786529908,18.629514694213867,162000
2008-04-16,18.62121635864631,18.62121635864631,18.380567086644547,18.44695281982422,300400
2008-04-17,18.471847531723117,18.57142533724663,18.446952288961896,18.546531677246097,117300
2008-04-18,18.82037354425734,18.82037354425734,18.64611000556421,18.67100524902344,751500
2008-04-21,18.778883879609264,18.778883879609264,18.463552002498258,18.529937744140625,186600
2008-04-22,18.49674613802665,18.662709704999063,18.397166731634428,18.463552474975582,225900
2008-04-23,18.60462096967401,18.63781304745257,18.563130476760584,18.588024139404297,316900
2008-04-24,18.903356629347957,18.903356629347957,18.712496256401597,18.79547882080078,1365700
2008-04-25,18.944843811253055,18.944843811253055,18.72908981460316,18.845264434814453,924800
2008-04-28,18.928253594468615,18.928253594468615,18.76229001946377,18.820377349853516,1325200
2008-04-29,18.91165450718348,18.97804024026606,18.795478287218423,18.895057678222656,2241800
2008-04-30,18.96144627658375,18.96144627658375,18.712498552834855,18.76228904724121,3543000
2008-05-01,18.986338129357808,18.986338129357808,18.861865070741008,18.919952392578125,2696800
2008-05-02,19.044428403967224,19.044428403967224,18.969744246872377,19.019533157348633,2295700
2008-05-05,19.02783066544395,19.02783066544395,18.89505918866524,18.928251266479492,797000
2008-05-06,18.919951408782527,18.986337142110298,18.753987866843467,18.86186408996582,1646800
2008-05-07,18.994637984663623,19.03613006252278,18.978042736280894,18.986339569091797,1196300
2008-05-08,19.027831646950947,19.027831646950947,18.911656994467187,18.986339569091797,808000
2008-05-09,18.986337142110298,18.986337142110298,18.836970429193364,18.86186408996582,586000
2008-05-12,19.011235172300974,19.019533588028416,18.803779527397857,18.836973190307617,655500
2008-05-13,18.836971408674135,18.94484763740581,18.836971408674135,18.919952392578125,511200
2008-05-14,18.96144393635399,18.96974235106419,18.89505820143317,18.944847106933594,837400
2008-05-15,18.936549681623266,18.978041757342147,18.845268697802585,18.928251266479492,538200
2008-05-16,18.836970368657457,18.903356101771884,18.67100524449102,18.745689392089844,886700
2008-05-19,18.687599331030697,18.853562848081044,18.687599331030697,18.845264434814453,750200
2008-05-20,18.729093560143887,18.729093560143887,18.629515746551693,18.654409408569336,770400
2008-05-21,18.596323025583843,18.629516686964052,18.496745206964988,18.521638870239254,571700
2008-05-22,18.48844683979773,18.63781356811523,18.48844683979773,18.63781356811523,339100
2008-05-23,18.538236159691035,18.571428239131755,18.505042497489388,18.529937744140625,255500
2008-05-27,18.596323074042743,18.671007229581942,18.596323074042743,18.63781356811523,476300
2008-05-28,18.80378107376934,18.80378107376934,18.6544127439137,18.72079849243164,331400
2008-05-29,18.80377722892327,18.878461378580276,18.76228673811861,18.870162963867188,835300
2008-05-30,18.911651740947185,18.911651740947185,18.787177124708805,18.845264434814453,571300
2008-06-02,18.878464680243265,18.878464680243265,18.770588435628166,18.820377349853516,238200
2008-06-03,18.87846190062613,18.953146052348373,18.87016348568357,18.919952392578125,725600
2008-06-04,18.95314499233217,18.97804023576751,18.88675925926533,18.969741821289062,606500
2008-06-05,18.98633614789335,18.98633614789335,18.82037261464495,18.87845993041992,1365200
2008-06-06,18.77058609640292,18.795479759032776,18.637813037079997,18.662708282470703,664300
2008-06-09,18.612921694026667,18.820377349853516,18.612921694026667,18.820377349853516,338500
2008-06-10,18.928252169174726,19.019533157348633,18.903358505317065,19.019533157348633,760700
2008-06-11,19.002933900946577,19.002933900946577,18.836970359620487,18.895057678222656,589800
2008-06-12,19.027831174919825,19.08591849972071,18.98633909808998,19.052724838256836,854800
2008-06-13,19.12740846065948,19.144005290928817,19.077619552612305,19.077619552612305,1118800
2008-06-16,19.061022272393963,19.061022272393963,18.928250798895103,18.99463653564453,570800
2008-06-17,18.98633614703024,18.98633614703024,18.928248831257907,18.953144073486328,278500
2008-06-18,18.903356157757074,18.994635551834296,18.903356157757074,18.936548233032227,387100
2008-06-19,18.96144248756247,18.99463456110638,18.91995041718177,18.953144073486328,299500
2008-06-20,18.92825021975461,18.92825021975461,18.77888192094836,18.828672409057617,350700
2008-06-23,18.96144347655914,18.96974189106811,18.895057743248103,18.936548233032227,379200
2008-06-24,18.878462296553323,18.919952789375476,18.803778143264772,18.88676071166992,770400
2008-06-25,18.903356629347957,18.919951876019176,18.753988329981578,18.79547882080078,490800
2008-06-26,18.70420127688702,18.729094940739675,18.563131378265247,18.67930603027344,755400
2008-06-27,18.63781297510557,18.687603465721423,18.579725652147925,18.621217727661133,445300
2008-06-30,18.65440986734047,18.679305112731175,18.579725713929196,18.662708282470703,359900
2008-07-01,18.71249626968228,18.71249626968228,18.554831138248773,18.64611053466797,331700
2008-07-02,18.57972421176467,18.588022626223985,18.521636893310212,18.55483055114746,198000
2008-07-03,18.778881006832428,18.778881006832428,18.637811129578033,18.737390518188477,256900
2008-07-07,18.77058899089091,18.845271573057644,18.671009576733457,18.72079849243164,445400
2008-07-08,18.68759926023371,18.812072293240035,18.68759926023371,18.803773880004883,267900
2008-07-09,18.870162448415066,18.870162448415066,18.662706834537023,18.67100524902344,227600
2008-07-10,18.62121733162554,18.72079514521774,18.62121733162554,18.654409408569336,295300
2008-07-11,18.55483299079186,18.58802507023258,18.44695517139743,18.529937744140625,883400
2008-07-14,18.720796956877244,18.720796956877244,18.339079329899352,18.496746063232425,665700
2008-07-15,18.34737683586777,18.496745146065148,18.33907842055004,18.480148315429688,1314400
2008-07-16,18.46355206196923,18.579726714527336,18.380569488958756,18.571428298950195,357000
2008-07-17,18.629515223938466,18.65440888525777,18.480146924979586,18.6046199798584,415100
2008-07-18,18.588023150471685,18.637812055871056,18.554831074459027,18.6046199798584,319600
2008-07-21,18.588023617343268,18.60462044714684,18.513339465988004,18.53823471069336,117400
2008-07-22,18.42205914547408,18.67100524902344,18.42205914547408,18.67100524902344,272100
2008-07-23,18.68760207345981,18.76228622105863,18.67100524449102,18.745689392089844,291500
2008-07-24,18.737391966558125,18.787180873331604,18.704199889629407,18.729093551635746,216100
2008-07-25,18.712498095681543,18.77058700440316,18.712498095681543,18.753990173339844,144200
2008-07-28,18.753989787987372,18.753989787987372,18.66270880177566,18.71249771118164,159300
2008-07-29,18.720794664553186,18.895058208006446,18.720794664553186,18.870162963867188,465600
2008-07-30,18.97804368781927,18.97804368781927,18.828675365559015,18.85356903076172,457000
2008-07-31,18.753991204428896,18.969745271831364,18.687605459286676,18.85356903076172,201500
2008-08-01,18.961444332566188,18.961444332566188,18.828672859950192,18.91165542602539,412300
2008-08-04,18.93654922246325,18.93654922246325,18.836971408674135,18.919952392578125,170100
2008-08-05,18.98633765495343,19.119110707956057,18.978040822978993,19.06102180480957,922400
2008-08-06,19.102515184165668,19.144005677916883,19.069321522955992,19.119112014770508,957900
2008-08-07,19.08591749152358,19.21868896484375,19.08591749152358,19.21868896484375,1697100
2008-08-08,19.57550949447462,19.832753981527812,19.45933487117844,19.525720596313477,2911000
2008-08-11,19.66679389473016,19.74977487857057,19.484231931655327,19.63360023498535,2393100
2008-08-12,19.61700143237157,19.650195088778332,19.550615702318694,19.59210777282715,1078400
2008-08-13,19.583809358725457,19.658493502880024,19.42614265631464,19.59210777282715,1106600
2008-08-14,19.641896740428024,19.741476127221,19.575511010152923,19.708282470703125,969500
2008-08-15,19.81616249292073,19.865952987255696,19.766373581346727,19.857654571533203,1891900
2008-08-18,19.83275834741489,19.83275834741489,19.74147894448575,19.7995662689209,1111500
2008-08-19,19.832755517123857,19.832755517123857,19.68338722831471,19.708282470703125,899500
2008-08-20,19.766372680664062,19.832758420658095,19.71658377135876,19.766372680664062,570300
2008-08-21,19.58381232826484,19.61700440694394,19.51742658814574,19.542320251464844,985000
2008-08-22,19.641896672511304,19.74147605895996,19.641896672511304,19.74147605895996,703400
2008-08-25,19.69168892219779,19.73318099975586,19.65019842740064,19.73318099975586,492500
2008-08-26,19.83275314930848,19.8659468018634,19.79956107951403,19.849349975585938,1442900
2008-08-27,19.74977531941236,19.849354718108728,19.733180071930335,19.79126739501953,1064500
2008-08-28,19.691689422605236,19.857654571533203,19.683391006882744,19.857654571533203,977500
2008-08-29,19.77467055455817,19.882546785559384,19.766372139441025,19.865951538085938,557400
2008-09-02,20.08170562443131,20.09830087193912,19.98212622558021,20.05681037902832,4217400
2008-09-03,20.073406290243145,20.114896781254316,20.023615801716804,20.040212631225582,2612800
2008-09-04,20.031914658035156,20.206178206197077,20.031914658035156,20.19787979125977,2249100
2008-09-05,20.164688020146667,20.272565841674805,20.13149594004944,20.272565841674805,2403800
2008-09-08,20.305755608140316,20.53810647339074,20.27256353182499,20.38043975830078,3389300
2008-09-09,20.43852562717038,20.45512245552956,20.239368435142246,20.388736724853516,2818700
2008-09-10,20.372140873656416,20.521509170532227,20.347247212684277,20.521509170532227,1179600
2008-09-11,20.60449462772291,20.60449462772291,20.53810888453788,20.579599380493164,1997400
2008-09-12,20.330648881888397,20.372139368951267,20.18957901000977,20.18957901000977,2134700
2008-09-15,20.172984500402364,20.214476574994215,19.74147800397276,20.007020950317383,3414700
2008-09-16,20.02361350948106,20.338946903006452,19.882543640327192,20.297454833984375,1613200
2008-09-17,20.247670613924672,20.247670613924672,19.83275932436572,19.857654571533203,1605500
2008-09-18,19.699986391161055,19.99042458906884,19.66679431347034,19.940635681152344,2039600
2008-09-19,19.79956344202735,19.98212380458136,19.625299910841587,19.78296661376953,2924700
2008-09-22,19.46763321596724,19.8908428401527,18.911653713946293,19.334861755371097,6980400
2008-09-23,19.276775281133343,19.600407115386897,19.276775281133343,19.45933723449707,1320600
2008-09-24,19.31826740850853,19.666792904476186,19.31826740850853,19.650196075439453,646400
2008-09-25,19.417845286315263,19.716581878996664,19.37635479633651,19.617002487182617,1124400
2008-09-26,19.492529434485615,19.641897730826315,19.492529434485615,19.617002487182617,725700
2008-09-29,19.675091694636933,19.86595208203556,19.51742655137666,19.766372680664062,840500
2008-09-30,19.924040745594095,20.314056796423273,19.915742329692073,20.280864715576172,679900
2008-10-01,20.579598292065093,20.579598292065093,20.206179099934275,20.363845825195312,679100
2008-10-02,20.72066689262357,21.135578135363204,20.496616024442357,20.64598274230957,1859100
2008-10-03,20.76215883804143,20.76215883804143,20.41363333298699,20.56300163269043,797800
2008-10-06,20.753861452980917,20.93642183791995,20.712369377248734,20.811948776245117,1779800
2008-10-07,20.587896336479396,20.778756719519528,20.529809013156218,20.662580490112305,1067200
2008-10-08,20.55470282348206,20.795350515127524,20.480018675063633,20.596193313598633,1246700
2008-10-09,20.554704642217143,20.737265030748546,20.54640622690742,20.704072952270508,650200
2008-10-10,20.704072555337028,21.177071139597203,20.612791571440905,20.73726463317871,1533300
2008-10-13,20.704073544391424,20.82854661207543,20.463424241809538,20.72066879272461,1838900
2008-10-14,20.69577276503688,20.7538600844708,20.529807638573608,20.71236801147461,1099500
2008-10-15,20.81194640523169,20.96961310953,20.745560674384087,20.95301628112793,557100
2008-10-16,21.40112268808026,21.40112268808026,20.977913030003904,21.060894012451172,497600
2008-10-17,21.035996475893292,21.12727585632336,20.994504409551904,21.094083786010746,535100
2008-10-20,21.168774550223212,21.27665079096392,21.12728247089141,21.260055541992188,489500
2008-10-21,21.359628153971585,21.60857582092285,21.33473291244828,21.60857582092285,751700
2008-10-22,21.87412025279665,21.98199647470594,21.79943610579764,21.865821838378903,1315200
2008-10-23,21.948803873791423,21.973697533687375,21.699856195507188,21.74134826660156,1329300
2008-10-24,22.073280426247443,22.30562973022461,21.890718449967174,22.30562973022461,911700
2008-10-27,22.56287586357208,22.56287586357208,22.156262998851112,22.30562973022461,949300
2008-10-28,22.38861275010441,22.43010482861563,22.048385620117188,22.048385620117188,1148000
2008-10-29,21.915611284431897,21.92390969905499,21.58368261331191,21.691558837890625,1968800
2008-10-30,21.591981879092643,21.8326295816057,21.50899931235128,21.66666603088379,1491800
2008-10-31,21.97369667501842,22.08987288678217,21.907310946622257,21.990293502807617,723300
2008-11-03,21.96540166411752,22.147963632560874,21.90731434061676,22.098173141479492,697100
2008-11-04,21.84922648376369,21.857524898741353,21.60857878045479,21.633472442626953,1084300
2008-11-05,21.674964508557252,21.733051830616056,21.45921046750968,21.70815658569336,601400
2008-11-06,21.890713594486275,22.031783461794163,21.75794214087421,22.01518821716309,845100
2008-11-07,21.907315277165395,21.998596265289383,21.83263112011139,21.965402603149418,279700
2008-11-10,21.83262824183863,22.00689177957783,21.816032995717386,21.981996536254883,408100
2008-11-11,22.023488656605224,22.32222366333008,22.006891827686974,22.32222366333008,732700
2008-11-12,22.32222418687924,22.40520675065604,22.255838452409947,22.372013092041016,727200
2008-11-13,22.380308923215978,22.463291477413655,22.00688980346726,22.01518821716309,858400
2008-11-14,22.172856753968517,22.2143488288566,22.04008527984829,22.197751998901367,425400
2008-11-17,22.2143498198385,22.22264823518631,22.07327992444753,22.181156158447266,321500
2008-11-18,22.197752519340096,22.30562875105669,22.131366780723532,22.247541427612305,559000
2008-11-19,22.048382317221876,22.355417321166573,21.94880450923383,22.32222366333008,672600
2008-11-20,22.28903347156751,22.479892271971824,22.272436641246916,22.471593856811523,1364100
2008-11-21,22.29733229310547,22.52968159078508,22.28073546248239,22.36371803283691,811800
2008-11-24,22.015191527380093,22.03178677450644,21.807735902073023,21.8160343170166,1552400
2008-11-25,21.6168737091798,21.766242000103315,21.54218956371804,21.55878639221191,1348600
2008-11-26,21.741351152081783,21.907314710203707,21.683262244840183,21.7994384765625,590800
2008-11-28,22.006894209004113,22.08987677981399,21.94880688426547,22.031787872314453,293600
2008-12-01,22.12306778427524,22.20605035105582,22.04008521749466,22.156261444091797,723500
2008-12-02,22.01519262436119,22.08987677981399,21.94050846890839,22.031787872314453,338500
2008-12-03,22.17285577766006,22.17285577766006,22.056681138610433,22.064979553222656,694900
2008-12-04,22.11476938692705,22.156261461730782,21.882420099069428,22.006893157958984,707600
2008-12-05,22.123068387020183,22.239243034021698,22.073279478699657,22.098173141479492,389000
2008-12-08,21.807734989349367,21.849225479569945,21.716454011551196,21.72475242614746,699000
2008-12-09,21.899017290350805,21.93221095314061,21.674966397563445,21.7828426361084,652300
2008-12-10,21.708156062867864,21.741349721965346,21.61687508311057,21.658367156982425,492800
2008-12-11,20.91982638680799,21.35133450630558,19.973829156399475,21.177072525024418,2303800
2008-12-12,21.0443002008582,21.260054252009436,21.0443002008582,21.127281188964844,854300
2008-12-15,20.935137945613064,20.960200536465884,20.726287802039987,20.75970458984375,1893300
2008-12-16,20.25846290588379,20.784764540074637,20.1999851235737,20.25846290588379,2074300
2008-12-17,20.233401547385913,20.28352672961589,19.9577194187217,20.016197204589844,1866600
2008-12-18,20.032907712106702,20.40883865149082,20.02455351418702,20.358715057373047,1063300
2008-12-19,20.609334555561357,20.79312212900662,20.600980357668348,20.66781234741211,606100
2008-12-22,20.58427007231682,20.7095814358085,20.56756327146475,20.65945625305176,712200
2008-12-23,20.609334588152393,20.709583369626724,20.59262619233995,20.642749786376953,693500
2008-12-24,20.592622709550135,20.659454688096424,20.57591431656355,20.6343936920166,133700
2008-12-26,20.567562151569096,20.58426895151149,20.50073017159926,20.52579116821289,165000
2008-12-29,20.291879612119843,20.642746304599093,20.28352541562271,20.626039505004883,592200
2008-12-30,20.48402367131365,20.559209854903155,20.45060688154043,20.53414726257324,221000
2008-12-31,20.642746304599093,20.7597034621589,20.60097691551348,20.626039505004883,365700
2009-01-02,20.73464351670163,20.826538096488225,20.60097954250309,20.81818389892578,318200
2009-01-05,21.04374122619629,21.077156421097904,20.976909242992893,21.04374122619629,737100
2009-01-06,21.21917462523519,21.269298214383735,20.99361608396651,21.010324478149418,994500
2009-01-07,20.826537709615884,20.91843228769545,20.73464313153632,20.87666130065918,613400
2009-01-08,20.64274975373308,20.74299853504888,20.63439714924039,20.66781234741211,518200
2009-01-09,20.86830475994607,21.001968716652527,20.83488956746948,20.985261917114254,712800
2009-01-12,21.035386665719663,21.143988039023956,21.001969877995183,21.08551025390625,915100
2009-01-13,21.336133967841217,21.394611760047145,21.269300384291196,21.32777976989746,1041600
2009-01-14,21.453086902528273,21.453086902528273,21.336131332561884,21.41131591796875,1083200
2009-01-15,21.4113181500368,21.56169052332669,21.344486161174657,21.402965545654297,570600
2009-01-16,21.143987255203733,21.31942219745351,21.127280455360964,21.219173431396484,358200
2009-01-20,21.795600538285573,21.84572412527455,21.72041436110206,21.829015731811523,671800
2009-01-21,21.75383231972849,21.862433696287425,21.595105760080653,21.63687515258789,917100
2009-01-22,21.72876974862574,21.75383234019377,21.595105780396608,21.620166778564453,492100
2009-01-23,21.803956256937393,21.904203437912617,21.561689315013545,21.611814498901367,611800
2009-01-26,21.42802695842182,21.45308955225308,21.2860087801787,21.32777976989746,585600
2009-01-27,21.29435919770442,21.402962158292425,21.26929660832256,21.30271339416504,312200
2009-01-28,21.152340649895027,21.44473114695946,21.14398645359033,21.377899169921875,540000
2009-01-29,21.327776668060498,21.553333606136263,21.327776668060498,21.544981002807617,368000
2009-01-30,21.57839731510399,21.72041548005575,21.57839731510399,21.678646087646484,671200
2009-02-02,21.778893287198738,21.787247484368457,21.6034599268352,21.661937713623047,681600
2009-02-03,21.54498181125371,21.57004280898023,21.36954686016726,21.394609451293945,730100
2009-02-04,21.570043532910105,21.64522971541337,21.47814895576162,21.59510612487793,360400
2009-02-05,21.6034599268352,21.67864610796248,21.553334743816887,21.661937713623047,306000
2009-02-06,21.62016758477681,21.62852178227768,21.41131742745578,21.4781494140625,558700
2009-02-09,21.277652669212024,21.361193047738297,21.235883276648984,21.336132049560547,715500
2009-02-10,21.411318872655713,21.645231638267767,21.319425880744127,21.586753845214844,616200
2009-02-11,21.553334794449885,21.703707157057707,21.494857007524665,21.620166778564453,280000
2009-02-12,21.77053681094553,21.845722984201824,21.678643838498953,21.703704833984375,453000
2009-02-13,21.678646138495317,21.71206133382107,21.60345995726214,21.63687515258789,371100
2009-02-17,22.037864657278263,22.12140502659653,21.996095269319135,22.06292724609375,473600
2009-02-18,22.12140460232773,22.20494497004377,22.087989411281303,22.163175582885746,575900
2009-02-19,21.879143523116205,22.05457689521276,21.87078932538776,22.03786849975586,345900
2009-02-20,22.17153413012328,22.17153413012328,21.6702934188594,21.728771209716797,722500
2009-02-23,21.8290191004524,21.93762208132151,21.77889550572838,21.92926788330078,432200
2009-02-24,21.9626816218021,22.021159406416388,21.795600871418316,21.81230926513672,1189400
2009-02-25,21.920910971522662,22.096345921438814,21.912556774536167,22.07963752746582,522800
2009-02-26,21.97938687677548,22.06292724609375,21.96268007763184,22.06292724609375,432300
2009-02-27,22.17988433971935,22.213301127115752,22.05457457378311,22.12140655517578,418400
2009-03-02,22.271779609198365,22.34696578979492,22.24671701786612,22.34696578979492,770000
2009-03-03,22.280133816381703,22.41379778341375,22.246717027923605,22.338611602783203,677500
2009-03-04,22.34696466520114,22.37202725527213,22.179883918194736,22.213300704956055,366600
2009-03-05,22.397091312374855,22.413799708038624,22.28848992736102,22.330259323120117,337100
2009-03-06,22.087990931780908,22.280132675374517,22.037865751660764,22.221654891967773,818500
2009-03-09,22.413797773280734,22.413797773280734,22.271779609198365,22.34696578979492,423200
2009-03-10,22.096345128467597,22.321902065407876,22.029513148374164,22.221654891967773,540800
2009-03-11,22.03786506490963,22.11305123934678,21.920909501740756,21.979387283325195,808400
2009-03-12,22.046220017641755,22.196592371674644,21.862432470157167,21.870786666870117,471500
2009-03-13,21.879142426685895,21.954328609073837,21.85407983475651,21.895849227905273,1653800
2009-03-16,21.712060164370545,21.837369928543037,21.712060164370545,21.829015731811523,668300
2009-03-17,21.86243287264716,21.89584806671404,21.753831500179658,21.79560089111328,246700
2009-03-18,21.611811542420305,21.670289322222832,21.07715414122576,21.093862533569336,1188400
2009-03-19,20.801475472212164,20.91843264450847,20.71793509011487,20.843246459960938,1708400
2009-03-20,20.960200878949188,21.085510648460527,20.910077289824684,21.018678665161133,575500
2009-03-23,21.035385903986235,21.118926276872138,20.885013551471623,20.910076141357425,559000
2009-03-24,21.06880337858925,21.14398956298828,20.976910392523965,21.14398956298828,411200
2009-03-25,21.102219409138893,21.135634604668866,20.868306666828335,20.976909637451172,516900
2009-03-26,20.98526115192467,21.1356319026864,20.98526115192467,21.110570907592773,228300
2009-03-27,21.344484309131232,21.411316292194417,21.311069114299723,21.36119270324707,386600
2009-03-30,21.544981061245743,21.586750451602676,21.46979488388319,21.494855880737305,738100
2009-03-31,21.38625491074843,21.49485628375272,21.369546516932346,21.41967010498047,341400
2009-04-01,21.428024282103575,21.511564657706735,21.41131588830292,21.436378479003903,291400
2009-04-02,21.202463518037582,21.210817714060052,21.060445372455536,21.152339935302734,633400
2009-04-03,21.18575902367956,21.202465824141655,21.08551025390625,21.08551025390625,543600
2009-04-06,21.102218216494524,21.26094476814158,21.102218216494524,21.18575859069824,357300
2009-04-07,21.319421426317273,21.386253403471244,21.302713033678774,21.344482421875,674800
2009-04-08,21.35283851623535,21.41131630226813,21.277652336078877,21.35283851623535,274200
2009-04-09,21.31106871229923,21.494856263906076,21.294360318498573,21.436378479003903,339400
2009-04-13,21.31106647292972,21.319420668952187,21.118924744612823,21.152339935302734,400200
2009-04-14,21.22752955686328,21.260946346385406,21.160697571219245,21.20246696472168,209300
2009-04-15,21.336128655033516,21.35283545336061,21.227525702207775,21.23587989807129,120000
2009-04-16,21.24423560292148,21.386253755888948,21.24423560292148,21.31106758117676,127000
2009-04-17,21.461440648293973,21.52827262878418,21.453086451557684,21.52827262878418,577800
2009-04-20,21.628520571456,21.737123539487193,21.6118137707898,21.69535255432129,377800
2009-04-21,21.67864803860312,21.687000643116516,21.578399257038804,21.64523124694824,129800
2009-04-22,21.611816439409107,21.611816439409107,21.528276052161917,21.586753845214844,150000
2009-04-23,21.57004094229466,21.57004094229466,21.327775622636523,21.344482421875,214100
2009-04-24,21.1523437184852,21.194114706068454,21.110574324302195,21.177406311035156,344200
2009-04-27,21.319424816719877,21.46144298993205,21.252592828937697,21.42802619934082,287100
2009-04-28,21.38625569044055,21.402964084865783,21.25259172183906,21.294361114501953,229900
2009-04-29,21.16069795805479,21.177406353121295,21.027033984323236,21.14398956298828,534100
2009-04-30,21.18575861021096,21.227528000651237,21.11892662946645,21.169050216674805,114600
2009-05-01,21.143987999299263,21.16905059004554,21.1105728050377,21.118927001953125,193300
2009-05-04,21.102217547639473,21.12728013712624,20.910075808441107,20.926782608032227,383600
2009-05-05,20.868308230397982,21.05209739648399,20.868308230397982,20.99361801147461,521100
2009-05-06,20.94349287917125,21.06044845379759,20.926784484681715,20.951847076416016,177800
2009-05-07,20.88501509185808,21.001970666484414,20.826537304544907,20.951847076416016,274400
2009-05-08,20.801474837038366,20.843245823511666,20.5174385026208,20.575916290283203,779900
2009-05-11,20.676166523551327,20.684520721435547,20.600980335993658,20.684520721435547,225200
2009-05-12,20.525792699915456,20.626041474051156,20.5174385026208,20.575916290283203,479000
2009-05-13,20.617686870919353,20.66781046030047,20.56756328153824,20.65110206604004,224100
2009-05-14,20.651098635135963,20.65945283087824,20.534143081543903,20.584266662597656,374700
2009-05-15,20.60097617827576,20.759702719240902,20.542498398288604,20.72628593444824,337900
2009-05-18,20.651102421036896,20.709581801953675,20.600978830794144,20.617687225341797,273700
2009-05-19,20.550853777585004,20.575914774222245,20.442250814156655,20.509082794189453,272200
2009-05-20,20.400481060094027,20.400481060094027,20.20833932010372,20.25846290588379,775800
2009-05-21,20.283526281817284,20.316941475832735,20.07467614067032,20.124799728393555,612600
2009-05-22,19.999486940377412,20.041256324935222,19.94100916463653,19.982778549194336,901900
2009-05-26,20.124800162611155,20.141508556679444,19.99113619686514,20.02455139160156,387800
2009-05-27,19.991137702535575,20.133155876012104,19.991137702535575,20.091384887695312,434000
2009-05-28,20.133152035230392,20.166567226108963,20.04961166793401,20.108089447021484,427500
2009-05-29,19.874181810560746,19.915951204822605,19.7989956261692,19.82405662536621,717300
2009-06-01,19.72381172040826,19.80735051858295,19.673686529422916,19.773935317993164,1017800
2009-06-02,19.698744572303664,19.732161358570877,19.573434810601743,19.59014320373535,861600
2009-06-03,19.765578450726153,19.907596619208302,19.748870055987023,19.88253402709961,1080100
2009-06-04,19.890886678963614,19.91594926912497,19.782285308397963,19.840763092041016,780000
2009-06-05,20.016196383018578,20.199985523517807,20.016196383018578,20.183277130126953,1046600
2009-06-08,20.23340261848995,20.308588802414913,20.149863830484655,20.191633224487305,1448000
2009-06-09,20.024552133148177,20.049614725178728,19.899242359795853,19.93265914916992,537000
2009-06-10,19.941012578156005,20.14986272349597,19.932658381134388,20.04961395263672,586800
2009-06-11,19.98278123971436,19.98278123971436,19.78228529872192,19.849117279052734,511100
2009-06-12,20.032903662045655,20.099735638491342,19.966071685599964,20.041257858276367,451200
2009-06-15,20.14986451500012,20.408838272094727,20.14986451500012,20.408838272094727,1460600
2009-06-16,20.141508102416992,20.166569099554057,20.057967727359827,20.141508102416992,837700
2009-06-17,20.124800162611155,20.174923751415868,19.974427802796846,20.02455139160156,595400
2009-06-18,20.032905166202152,20.158214932271616,19.991135775312372,20.116445541381836,257800
2009-06-19,20.09138337447457,20.099737571508715,19.94936521169441,20.02455139160156,516000
2009-06-22,20.174924871436296,20.191633266432163,20.099738687355146,20.15821647644043,559400
2009-06-23,20.01619794618411,20.041260538227657,19.86582717412348,19.924304962158203,640000
2009-06-24,19.890885512923564,20.141506619644904,19.890885512923564,20.041257858276367,835300
2009-06-25,20.1331543596453,20.174923751415868,19.999490393899286,20.02455139160156,470000
2009-06-26,19.882530186170428,19.932655360704576,19.83240660503619,19.9075927734375,439700
2009-06-29,19.899244319626263,19.932661112291473,19.87418331852773,19.89089012145996,313100
2009-06-30,19.907596202904312,20.01619757963715,19.907596202904312,19.966073989868164,215300
2009-07-01,19.798995573742644,19.865827560424805,19.74887038868084,19.865827560424805,918700
2009-07-02,19.941012981517655,19.999490768451693,19.941012981517655,19.974428176879883,346800
2009-07-06,20.116444383681625,20.116444383681625,19.999488821200927,20.007843017578125,358800
2009-07-07,20.00784609786229,20.09973908535867,19.982783504872216,20.091384887695312,446900
2009-07-08,20.08303072068672,20.13315430936626,20.04961393263359,20.066322326660156,332200
2009-07-09,19.915950795844783,19.966074386609765,19.83241041563633,19.899242401123047,768700
2009-07-10,20.016195686333266,20.016195686333266,19.93265690908683,19.949363708496097,294200
2009-07-13,19.95771825715831,20.016196039622972,19.899240474693645,19.91594886779785,264000
2009-07-14,19.87418136116552,19.966074345143777,19.865827163822,19.93265914916992,286600
2009-07-15,19.757225058017276,19.790641848856513,19.707101465158708,19.740516662597656,996500
2009-07-16,19.70709798875339,19.748867376533873,19.690389596281193,19.723806381225582,520800
2009-07-17,19.748868922504023,19.790639906954407,19.723807925233928,19.76557731628418,197100
2009-07-20,19.615209555795523,19.673687354329925,19.590148552652497,19.63191795349121,481600
2009-07-21,19.56508214422417,19.682037718506407,19.54001955256361,19.640268325805664,1464100
2009-07-22,19.648620652534618,19.6653290453844,19.548371888835952,19.606849670410156,257500
2009-07-23,19.640266456109725,19.648620652534618,19.506602500111537,19.606849670410156,337900
2009-07-24,19.581789016723633,19.623558406177963,19.55672642701099,19.581789016723633,131600
2009-07-27,19.54837606098166,19.606853855036587,19.531667664565855,19.56508445739746,284800
2009-07-28,19.615203848016716,19.682035825951697,19.590142852166124,19.623558044433594,852200
2009-07-29,19.682036940783544,19.824055101114585,19.673682743893465,19.76557731628418,754400
2009-07-30,19.723809860578328,19.782287651146703,19.698747267448898,19.740516662597656,557300
2009-07-31,19.665329821734836,19.665329821734836,19.448125486312943,19.48154067993164,1076700
2009-08-03,19.381294321149692,19.406355319068137,19.272691352169183,19.32281494140625,916500
2009-08-04,19.314462337700217,19.356231729831073,19.28104554927539,19.32281494140625,516700
2009-08-05,19.314460773230127,19.364584358407186,19.24762879519404,19.297752380371097,800900
2009-08-06,19.33952103951664,19.439769799488815,19.33952103951664,19.389644622802734,1258900
2009-08-07,19.49825019030567,19.673683552002927,19.464833401372747,19.615205764770508,1820500
2009-08-10,19.66533055278526,19.740515139572302,19.631913764524203,19.682037353515625,2331900
2009-08-11,19.715454121652535,19.73216251576601,19.648622138598803,19.698745727539062,1350900
2009-08-12,19.6653290453844,19.70709843410882,19.548371888835952,19.606849670410156,1706000
2009-08-13,19.49824712878689,19.523309716551378,19.456477742579356,19.514955520629883,867400
2009-08-14,19.464831848633366,19.631912593169304,19.464831848633366,19.59014320373535,775200
2009-08-17,19.740517019943248,19.78228800924844,19.698747624038376,19.707101821899418,2538400
2009-08-18,19.73215905204436,19.73215905204436,19.6152019071805,19.656972885131836,1729900
2009-08-19,19.66533136718148,19.67368397119248,19.464833816112307,19.531665802001953,1064400
2009-08-20,19.548374585062664,19.556728782639816,19.456481598514515,19.473188400268555,652700
2009-08-21,19.372939709864543,19.464832689267865,19.32281452829895,19.406354904174805,880600
2009-08-24,19.406356757953887,19.464834548632997,19.38964836250263,19.44812774658203,1089500
2009-08-25,19.38964836250263,19.456481944307654,19.36458736272604,19.44812774658203,685100
2009-08-26,19.53166612648864,19.590145509338814,19.523313522338867,19.523313522338867,1010000
2009-08-27,19.531666580151537,19.565083371127816,19.331170614494756,19.414710998535156,879300
2009-08-28,19.36458736272604,19.481542944084257,19.347878967274777,19.44812774658203,1452400
2009-08-31,19.498251361037028,19.50660555877187,19.372941581815,19.431419372558594,944800
2009-09-01,19.473187982458263,19.62356034882014,19.414710194073137,19.55672836303711,2118400
2009-09-02,19.55672685732384,19.58178944758794,19.439771289558244,19.48154067993164,2107300
2009-09-03,19.439771270130723,19.51495744744778,19.439771270130723,19.49824905395508,821000
2009-09-04,19.523312047826938,19.54001884826494,19.381293887003032,19.42306327819824,1273800
2009-09-08,19.19750594049865,19.205860137939453,19.13067395437247,19.205860137939453,2140600
2009-09-09,19.1139640515006,19.164089232190808,19.07219466099221,19.139026641845703,1904000
2009-09-10,19.122318611556828,19.189150593679955,19.04713243249329,19.097257614135746,1325900
2009-09-11,19.0220714846286,19.08890346692584,18.98865469677991,19.05548667907715,1558500
2009-09-14,19.09725799876283,19.09725799876283,19.00536342396768,19.038780212402344,1119700
2009-09-15,19.088900044713817,19.113961037707313,18.971942901611328,18.971942901611328,1399900
2009-09-16,18.97194901562053,19.013720006404156,18.913471221923828,18.913471221923828,1243000
2009-09-17,18.955242168107773,18.980303169118606,18.888410176411593,18.946887969970703,1339800
2009-09-18,18.97194666575731,19.03878024273311,18.94688566779156,19.013717651367188,3574400
2009-09-21,19.139025112161637,19.356229430925495,19.0304237494797,19.080547332763672,2285600
2009-09-22,18.896762868819735,18.938532262776445,18.87170027640556,18.880054473876953,3452500
2009-09-23,18.913471155230543,18.980303146848303,18.82993236075862,18.96359634399414,2267600
2009-09-24,18.95524133543521,19.13067470840604,18.93017874212497,19.105613708496097,4276300
2009-09-25,19.08890346692584,19.097257663888016,18.98865469677991,19.05548667907715,1945500
2009-09-28,19.097259186303127,19.130674383415503,19.022073001049943,19.11396598815918,1531300
2009-09-29,19.16409113142532,19.214214723682858,19.13902853859642,19.147382736206055,1740900
2009-09-30,19.0554870132195,19.11396479957999,18.997009226859017,19.038780212402344,1564000
2009-10-01,19.09725911227946,19.180797901436723,19.0805507170879,19.17244529724121,1340700
2009-10-02,19.14738084840592,19.14738084840592,19.030425280202603,19.130672454833984,2019600
2009-10-05,19.088903821919008,19.10561221615408,19.013717641261373,19.022071838378903,795600
2009-10-06,18.963590647766654,18.963590647766654,18.880050284987973,18.93852806091309,2633500
2009-10-07,18.963594446925324,19.005363839982785,18.93853185505072,18.95524024963379,1319200
2009-10-08,18.880051026734485,18.93017460901096,18.78815646472765,18.829927444458008,4580500
2009-10-09,18.90511662225562,18.99701120662754,18.89676401767666,18.980302810668945,2509300
2009-10-12,18.89676094055176,18.913467740389496,18.85498995745721,18.89676094055176,1555900
2009-10-13,18.8466377153565,18.88840870278297,18.80486832133028,18.854991912841797,3072700
2009-10-14,18.746389428965553,18.779804623539743,18.687911643410605,18.71297264099121,4504800
2009-10-15,18.746389418970324,18.763096219548437,18.687911633446554,18.72132682800293,1935200
2009-10-16,18.788158436370143,18.813221026838445,18.74638904565643,18.77145004272461,1991300
2009-10-19,18.763094669132443,18.771448865431257,18.67120169664552,18.679555892944336,1616700
2009-10-20,18.67120477542197,18.813222949119773,18.66285057774559,18.763097763061523,3970700
2009-10-21,18.712973036206108,18.712973036206108,18.59601746262613,18.646141052246097,3670600
2009-10-22,18.704618849230815,18.73803563792913,18.621080064285405,18.637786865234375,2454600
2009-10-23,18.696264217125194,18.746389399006603,18.662849022604405,18.738035202026367,3610500
2009-10-26,18.721326036494258,18.88840678241267,18.679556646714698,18.863344192504883,6861400
2009-10-27,18.863347626383852,18.938533816394003,18.83828503191368,18.913471221923828,5984700
2009-10-28,18.905114712379017,19.00536348460267,18.87169951723792,18.98865509033203,6781100
2009-10-29,18.896762900268264,18.905115504353315,18.81322251881557,18.854991912841797,4342500
2009-10-30,18.88841015424911,18.96359634399414,18.87170175799458,18.96359634399414,5804400
2009-11-02,18.90511354377059,18.96359292010295,18.82992896100056,18.89676094055176,4952000
2009-11-03,19.055489358951853,19.055489358951853,18.91347117742243,18.946887969970703,5590000
2009-11-04,18.86334648828864,18.871700685941324,18.75474510560428,18.804868698120117,10913500
2009-11-05,18.79651438281351,19.339524479636957,18.754744988211808,19.164091110229492,13281500
2009-11-06,19.205859017555593,19.205859017555593,18.997008873919626,19.072195053100582,6841400
2009-11-09,18.93852880495703,18.93852880495703,18.78815646472765,18.829927444458008,3541300
2009-11-10,18.86334495989888,18.86334495989888,18.587662833298328,18.74638938903809,5252000
2009-11-11,18.679557054715737,18.863344604520233,18.646140267442128,18.779804229736328,4285400
2009-11-12,18.888407529901656,19.164089656196808,18.82992974453604,19.04713249206543,7572000
2009-11-13,18.721327233376133,18.754744022056233,18.629432657906044,18.646141052246097,8880100
2009-11-16,18.596017878905688,18.6712040617188,18.504123301378502,18.56260108947754,6236600
2009-11-17,18.67120169664552,18.746387869934832,18.654493304047893,18.679555892944336,5152400
2009-11-18,18.58765980999966,18.6461375859186,18.562597223148735,18.612722396850582,3051000
2009-11-19,18.68791009853856,18.72967948665339,18.65449331332668,18.671201705932617,3793100
2009-11-20,18.7881587805169,18.7881587805169,18.72132679811071,18.74638938903809,4063500
2009-11-23,18.587663629868516,18.629433023137345,18.562601037867086,18.604372024536133,3869700
2009-11-24,18.604373909547675,18.66285170340915,18.587665513187147,18.621082305908203,3221600
2009-11-25,18.48741221822524,18.51247480665175,18.395519247461348,18.403873443603516,6839000
2009-11-27,18.71297149411775,18.721325690599325,18.56259914424947,18.59601593017578,5706700
2009-11-30,18.56259954432703,18.57095374098866,18.495767564434043,18.520830154418945,3144300
2009-12-01,18.420583703575304,18.454000494422743,18.395522703840008,18.437292098999023,4075000
2009-12-02,18.44564590891533,18.51247789580487,18.42893751384288,18.495769500732425,3581100
2009-12-03,18.52083208280709,18.52083208280709,18.470708491018502,18.50412368774414,2810700
2009-12-04,18.629431873805324,18.813221017009937,18.60437087675023,18.779804229736328,12900300
2009-12-07,18.82992941064674,18.82992941064674,18.679557054715737,18.779804229736328,6668900
2009-12-08,18.804866399863336,18.89676096941161,18.796512203231668,18.8716983795166,6778700
2009-12-09,18.84663619121776,18.8800529784565,18.77145001333071,18.79651260375977,4979000
2009-12-10,18.78815840695008,18.84663619121776,18.763095816521027,18.79651260375977,2473500
2009-12-11,18.90511697928536,18.997011565392743,18.896764374548663,18.946887969970703,15164200
2009-12-14,18.92182352220106,18.93853191683864,18.88005412900732,18.905115127563477,4768100
2009-12-15,19.013717621076346,19.0805496045455,19.00536342396768,19.038780212402344,14616400
2009-12-16,19.013717641261373,19.05548703344887,18.938531460603738,19.022071838378903,5668900
2009-12-17,19.18915172223594,19.255983708289605,19.18079752480421,19.22256851196289,11718000
2009-12-18,19.22256851196289,19.381295076365433,19.22256851196289,19.22256851196289,13168800
2009-12-21,19.18914943893325,19.30610659566069,19.18914943893325,19.281044006347656,6847200
2009-12-22,19.281045519096537,19.372940093720796,19.264337124910277,19.347877502441406,7170900
2009-12-23,19.289400477122225,19.31446306939029,19.197505898872887,19.239276885986328,4524400
2009-12-24,19.205860096295577,19.247631083409015,19.205860096295577,19.239276885986328,1335200
2009-12-28,19.180795659947883,19.205858249806383,19.164088860108965,19.189149856567383,2958200
2009-12-29,19.139028099962076,19.255983677015983,19.12231970512574,19.247631072998047,3863900
2009-12-30,19.29775466410683,19.322815662961105,19.22256848074354,19.247631072998047,3216900
2009-12-31,19.197503635370925,19.289398202785335,19.18079524249557,19.281044006347656,2822600
2010-01-04,19.10561334155815,19.15573693381569,19.080550748729255,19.147382736206055,5083600
2010-01-05,19.1223182482823,19.180796032354095,19.08054885777391,19.139026641845703,6185000
2010-01-06,19.172445718867344,19.18915252102604,19.07219693891366,19.088905334472656,5693300
2010-01-07,19.1807975352061,19.239276917259975,19.1807975352061,19.214214324951172,5844100
2010-01-08,19.12231671993365,19.23927387212957,19.07219313664968,19.080547332763672,7371900
2010-01-11,18.99701120662754,19.005365404606835,18.92182501821421,18.980302810668945,8037200
2010-01-12,18.980302810668945,18.988657008648243,18.90511662225562,18.980302810668945,10486900
2010-01-13,18.90511695710328,18.980303146848303,18.89676435237638,18.96359634399414,4659400
2010-01-14,18.94688801455073,18.97194901562053,18.880056022697303,18.913471221923828,7799800
2010-01-15,19.005363444143835,19.07219542768394,19.005363444143835,19.022071838378903,3053400
2010-01-19,19.09725572499166,19.139025112161637,19.07219313664968,19.080547332763672,3527200
2010-01-20,19.272691675511332,19.33952366008206,19.264337478264967,19.314462661743164,8332600
2010-01-21,19.347877857328427,19.38964725016006,19.247630677172435,19.314462661743164,7817500
2010-01-22,19.31446079209837,19.347875984449033,19.230920421121635,19.281044006347656,3961500
2010-01-25,19.29775242756223,19.29775242756223,19.239274645812657,19.2559814453125,4221400
2010-01-26,19.36458781654256,19.37294201446397,19.29775582657159,19.33952522277832,7508800
2010-01-27,19.35623131600935,19.431417494957604,19.32281452829895,19.406354904174805,7955000
2010-01-28,19.406354864579463,19.45648004604279,19.39800066766891,19.43977165222168,5930300
2010-01-29,19.506602831467383,19.59014320373535,19.489894438333778,19.59014320373535,8886700
2010-02-01,19.514959345874484,19.556728740269488,19.49825095075638,19.50660514831543,5346900
2010-02-02,19.48154104337431,19.498249437195422,19.43977165222168,19.43977165222168,4624700
2010-02-03,19.48989448596628,19.57343485843842,19.47318609279184,19.54837226867676,7748900
2010-02-04,19.631915677855527,19.682039271732005,19.615207282096595,19.67368507385254,9522800
2010-02-05,19.732162131989835,19.857471898603375,19.72380793509558,19.75722312927246,17374200
2010-02-08,19.748868942260746,19.773931532956045,19.698745354270272,19.748868942260746,10965400
2010-02-09,19.67368162953482,19.740513607469797,19.556726066498616,19.623558044433594,11684600
2010-02-10,19.67368315645036,19.748869336637572,19.64862215865473,19.682037353515625,6164200
2010-02-11,19.71545606324987,19.790642250764748,19.64862407361446,19.67368507385254,6182500
2010-02-12,19.798996046566323,19.83241124400527,19.723809860578328,19.740516662597656,4336300
2010-02-16,19.70710070848476,19.7154549058738,19.556728342282465,19.573436737060547,5956700
2010-02-17,19.65697595334168,19.782285719955222,19.640267559553173,19.75722312927246,4796600
2010-02-18,19.75722312927246,19.82405511102636,19.690391147518564,19.75722312927246,3961800
2010-02-19,19.907597017859676,19.94936641214371,19.79064143914417,19.815702438354492,5482400
2010-02-22,19.76557729654415,19.81570088443442,19.74886890278068,19.782285690307617,3619000
2010-02-23,19.824058129529913,19.89089012145996,19.782288732098777,19.89089012145996,3647400
2010-02-24,19.832408885620005,19.86582567248546,19.732161711823835,19.849117279052734,5542600
2010-02-25,19.924303504909656,19.924303504909656,19.798993740657412,19.80734634399414,4687800
2010-02-26,19.80734672714965,19.832409317844952,19.6820369604734,19.748868942260746,4837100
2010-03-01,19.874181821112497,19.957720609680567,19.79899563668103,19.815702438354492,6130600
2010-03-02,19.807346717237852,19.865826095497628,19.732162131989835,19.75722312927246,4698800
2010-03-03,19.71545450738715,19.73216290182753,19.590144735884735,19.640268325805664,6455000
2010-03-04,19.690391157371835,19.798994123651347,19.6820369604734,19.748868942260746,4037300
2010-03-05,19.798996046566323,19.815702848585655,19.732164058288134,19.740516662597656,3555100
2010-03-08,19.665330492668296,19.76557767034468,19.65697629562857,19.732162475585938,4168100
2010-03-09,19.798994103844485,19.807346707334432,19.74051472561395,19.76557731628418,2696900
2010-03-10,19.773931867384405,19.790640261463857,19.698745687427035,19.732162475585938,2315800
2010-03-11,19.732162525832337,19.76557772067617,19.682037343466344,19.690391540527344,3525800
2010-03-12,19.606853855036587,19.631916449660288,19.55673025918956,19.56508445739746,5689400
2010-03-15,19.64026987573499,19.71545606324987,19.631915677855527,19.67368507385254,3116600
2010-03-16,19.606851985302836,19.623560380125305,19.531665802001953,19.531665802001953,5086700
2010-03-17,19.548372278256355,19.581789064621617,19.49824869210854,19.54001808166504,4740400
2010-03-18,19.60685308421713,19.723810261129337,19.590146281858516,19.67368507385254,5246900
2010-03-19,19.80734634399414,19.840763130941458,19.740514363499603,19.80734634399414,6911200
2010-03-22,19.865826095497628,19.87418029239188,19.74886893237821,19.75722312927246,4476300
2010-03-23,19.82405662536621,19.840765020431057,19.748870440974663,19.82405662536621,3182100
2010-03-24,20.0496154927788,20.091384887695312,19.999491900198933,20.091384887695312,6944000
2010-03-25,20.057969293265728,20.166570673938363,20.016198305776065,20.15821647644043,7722800
2010-03-26,20.091383384534645,20.1080917786113,19.999490403913345,20.016197204589844,3919600
2010-03-29,19.966072453710417,19.98278084681462,19.91594886779785,19.91594886779785,3267200
2010-03-30,19.915952269839774,19.99949265623112,19.907598071860612,19.991138458251953,6498400
2010-03-31,19.874181423130267,19.890888224469172,19.82405623891288,19.88253402709961,3890100
2010-04-01,19.86582608556497,19.88253288594499,19.76557731628418,19.76557731628418,3173700
2010-04-05,19.8407649678939,19.882534362045156,19.815702375363,19.865827560424805,1792100
2010-04-06,19.95772015814938,19.974428552845083,19.91595076481035,19.924304962158203,3353700
2010-04-07,19.982782384257888,19.991136581452754,19.92430459729404,19.966073989868164,6376200
2010-04-08,20.007843083328652,20.024549882737915,19.94101110549148,19.949363708496097,4863200
2010-04-09,19.932656107280028,19.941010303348627,19.798992156982425,19.798992156982425,6529400
2010-04-12,19.723808298610724,19.74051509930701,19.69039151041783,19.7154541015625,5244300
2010-04-13,19.67368311632138,19.75722349340346,19.66533051267332,19.7154541015625,3626800
2010-04-14,19.656976750936664,19.69039194646939,19.581790569237786,19.615205764770508,11851800
2010-04-15,19.707099934649342,19.732162525832337,19.67368314640535,19.690391540527344,1795100
2010-04-16,19.74886893237821,19.79899411374373,19.71545373820133,19.75722312927246,3078000
2010-04-19,19.857473772729392,19.87418216809482,19.79064178466797,19.79064178466797,1276100
2010-04-20,19.7989956261692,19.840765020431057,19.790641428636775,19.82405662536621,1551600
2010-04-21,19.8407649678939,19.89924275706576,19.8407649678939,19.865827560424805,3057400
2010-04-22,19.924306511615292,20.00784689819027,19.924306511615292,19.95772171020508,2696600
2010-04-23,20.041258629279284,20.041258629279284,19.89088627814154,19.91594886779785,2684800
2010-04-26,19.957716354571737,19.98277894183881,19.9075927734375,19.9075927734375,1501400
2010-04-27,20.007846023826332,20.149864196777344,19.94936664039922,20.149864196777344,5873800
2010-04-28,20.116445511879807,20.23340108091977,20.108091315034077,20.141508102416992,3993200
2010-04-29,20.099737541366267,20.1164459354095,20.032905558593484,20.04961395263672,1994200
2010-04-30,19.98278200983669,20.074676583858142,19.97442781279836,20.016197204589844,1674000
2010-05-03,20.099737118188347,20.183277493245512,20.091382921342618,20.141508102416992,1618200
2010-05-04,20.291877042835747,20.37541581042959,20.291877042835747,20.36706161499023,5771400
2010-05-05,20.600979217361104,20.600979217361104,20.46731524527216,20.5592098236084,22279700
2010-05-06,20.67616235065925,20.843243087822557,20.60097617827576,20.72628593444824,10922000
2010-05-07,20.72628666664271,20.809827038175584,20.60097690604343,20.6343936920166,7668700
2010-05-10,20.442248521778765,20.626037641309043,20.408833332209568,20.584266662597656,7777100
2010-05-11,20.651102035721344,20.692873021311097,20.584270052177917,20.676164627075195,3656300
2010-05-12,20.676164243468055,20.742996225771545,20.62604065509048,20.734642028808594,3318500
2010-05-13,20.80982744239763,20.85995102893096,20.7597038558643,20.85159683227539,3893000
2010-05-14,20.90172306271405,21.077156421097904,20.893368865638607,21.04374122619629,5043500
2010-05-17,21.077156421097904,21.19411358675397,21.01867863496995,21.04374122619629,3893700
2010-05-18,20.985263814830105,21.336132131263895,20.976909617605468,21.269298553466797,6966500
2010-05-19,21.202467763555493,21.22753035664136,21.052096985241153,21.068803787231445,7345400
2010-05-20,21.14398689844925,21.194112077332058,20.851596395233067,20.9601993560791,9121600
2010-05-21,20.92678490212714,20.951847494361388,20.83489191740203,20.86830711364746,6179500
2010-05-24,21.068803776552112,21.118928962698437,21.027034381497124,21.077157974243164,2736000
2010-05-25,21.28600774484948,21.302716139924307,21.127282771839404,21.13563537597656,6295400
2010-05-26,21.202468459501937,21.29436304376616,21.169053261024253,21.27765464782715,3516700
2010-05-27,21.20246425932121,21.26094363352306,21.010322524286625,21.052093505859375,3287800
2010-05-28,21.060447252089908,21.169050216674805,21.035386255185784,21.169050216674805,2520300
2010-06-01,21.235884100251464,21.244238297768117,21.01867974501928,21.177406311035156,2820800
2010-06-02,21.202465410347006,21.260944787723545,21.143987626370578,21.169050216674805,3214000
2010-06-03,21.160699063054743,21.29436304376616,21.152344865085244,21.27765464782715,4739300
2010-06-04,21.402962864540054,21.536626825520468,21.3695460775949,21.52827262878418,3850400
2010-06-07,21.553335158862716,21.58675194818509,21.503211568279372,21.578397750854492,2386800
2010-06-08,21.544982952047683,21.57004395110117,21.444734175633005,21.511566162109375,3156000
2010-06-09,21.369548409206445,21.43638039698863,21.302716421424265,21.42802619934082,3190700
2010-06-10,21.252592149004872,21.277653147746243,21.18576016336084,21.20246696472168,3290400
2010-06-11,21.28600694791607,21.352838932312977,21.227529160743806,21.269298553466797,2557600
2010-06-14,21.027034381497124,21.08551217193422,20.968556591060032,21.077157974243164,4114000
2010-06-15,20.96855584745242,21.01032524102614,20.89336966429955,20.901723861694336,3993800
2010-06-16,20.96020125320284,20.976909647676067,20.901723465946745,20.968555450439453,2259100
2010-06-17,20.83489226241118,20.90172424940896,20.801475472212164,20.843246459960938,2443900
2010-06-18,20.843244562389778,20.868305559357225,20.81818197202221,20.834890365600582,2724000
2010-06-21,20.81818157184292,20.935137137843135,20.793118981957125,20.910076141357425,3589200
2010-06-22,20.9100776938091,20.960201283901995,20.868306707564855,20.943492889404297,2555800
2010-06-23,20.96020170222248,21.018679490731316,20.82653773037365,20.859952926635746,1969000
2010-06-24,20.859952926635746,20.885015518882486,20.7764141392804,20.859952926635746,1669700
2010-06-25,20.868307902275266,20.88501629772952,20.73464392544182,20.742998123168945,2246300
2010-06-28,20.78476485243092,20.85995102893096,20.7597038558643,20.85159683227539,2390300
2010-06-29,20.94349287917125,20.99361646923965,20.91007768359238,20.951847076416016,2982500
2010-06-30,20.91843190128691,20.935138702392575,20.843245719410703,20.935138702392575,1887000
2010-07-01,20.717932882237,20.717932882237,20.517436942610203,20.550853729248047,5147100
2010-07-02,20.484021778256775,20.559207954897857,20.467313384914295,20.52579116821289,3738500
2010-07-06,20.467315684426246,20.50908507907517,20.375421104118285,20.458961486816406,5670200
2010-07-07,20.450607689083327,20.45896188685652,20.358714700378822,20.39212989807129,2385100
2010-07-08,20.36706161499023,20.417186787626363,20.350354817511377,20.36706161499023,2430200
2010-07-09,20.417192459106445,20.425546656866427,20.38377566806652,20.417192459106445,1964800
2010-07-12,20.49237634713717,20.509083147383016,20.458959559845248,20.47566795349121,1727600
2010-07-13,20.39212841637008,20.39212841637008,20.25846444851171,20.300233840942383,4354600
2010-07-14,20.308586491663853,20.31694068819387,20.20833932010372,20.25846290588379,2252600
2010-07-15,20.108091768542863,20.116445965577007,20.00784459093343,20.02455139160156,5089100
2010-07-16,19.991136156909008,20.074676533683338,19.982781959891557,20.05796813964844,3920400
2010-07-19,20.057968119653633,20.08303071068099,20.02455133161715,20.074676513671875,1528600
2010-07-20,20.166567226108963,20.166567226108963,20.083028452212552,20.108089447021484,4164000
2010-07-21,20.15821415988163,20.28352551454974,20.15821415988163,20.24175453186035,2954800
2010-07-22,20.124800102326443,20.141508496344684,20.041259725635392,20.074676513671875,1705400
2010-07-23,20.149860815875616,20.174921811167746,20.024549465814943,20.041257858276367,2370600
2010-07-26,19.991136937174325,20.01619793580466,19.91595075448289,19.93265914916992,2145700
2010-07-27,19.941012991683763,20.01619757963715,19.9326587944889,19.966073989868164,1691900
2010-07-28,19.949367512207544,19.96607590820261,19.899243917622695,19.95772171020508,2006900
2010-07-29,19.82405662536621,19.84911921796348,19.790641428636775,19.82405662536621,2504100
2010-07-30,19.88253440414562,19.88253440414562,19.78228722061024,19.83241081237793,1285200
2010-08-02,19.71545258330776,19.72380677971264,19.62355801625411,19.64862060546875,2919300
2010-08-03,19.59014705202117,19.631916449660288,19.55673025918956,19.56508445739746,2652500
2010-08-04,19.590146281858516,19.707101865370404,19.58179208397905,19.67368507385254,6548500
2010-08-05,19.640266456109725,19.682035844834143,19.606849670410156,19.606849670410156,3025400
2010-08-06,19.523313543433535,19.540020345151383,19.44812735880232,19.50660514831543,2938500
2010-08-09,19.565080281685734,19.61520386683505,19.556726085260845,19.606849670410156,1497300
2010-08-10,19.74886777552724,19.798992953956528,19.590142824034626,19.64862060546875,3830200
2010-08-11,19.87418287334428,20.016199458789117,19.86582867536511,19.991138458251953,7122600
2010-08-12,20.04125974561354,20.074676533683338,20.007844550943904,20.05796813964844,4587500
2010-08-13,20.074676121051283,20.141508102416992,20.03290513682264,20.141508102416992,2758600
2010-08-16,20.032905598666503,20.041259795704832,19.96607361576003,20.016197204589844,1788300
2010-08-17,19.949363708496097,20.016195686333266,19.93265690908683,19.949363708496097,2259000
2010-08-18,19.924304587136447,19.99113657126109,19.915950389945845,19.974428176879883,1187100
2010-08-19,19.932658421006877,20.04961399274316,19.89924163285356,20.016197204589844,1582100
2010-08-20,20.174924871436296,20.225048463023647,20.149863872342745,20.15821647644043,4274600
2010-08-23,20.149863820041777,20.208341608975275,20.10809283266053,20.199987411499023,3078500
2010-08-24,20.225048452507025,20.233402650000613,20.091384479410095,20.16657066345215,4447000
2010-08-25,20.208341608975275,20.233402608003775,20.149863820041777,20.199987411499023,2598500
2010-08-26,20.11644590531732,20.13315429933556,20.032905528626273,20.074676513671875,3139400
2010-08-27,20.11644364309112,20.166567226108963,20.04125747186437,20.108089447021484,4012200
2010-08-30,20.108092874397272,20.174924860945737,20.091384479410095,20.16657066345215,1738200
2010-08-31,20.11644740624757,20.174925196274405,20.09138481335023,20.149864196777344,1783400
2010-09-01,19.966075864314448,20.00784685421029,19.94936746835611,19.991138458251953,3436700
2010-09-02,19.982782374070485,20.02455176662332,19.96607397968928,19.974428176879883,1842500
2010-09-03,19.95771862032896,19.95771862032896,19.87417984008789,19.87417984008789,2943600
2010-09-07,19.99949222344867,20.091385212430307,19.9827838278519,20.083032608032227,1444600
2010-09-08,20.04961399274316,20.04961399274316,19.96607361576003,20.016197204589844,1817900
2010-09-09,19.97442781279836,20.04961399274316,19.96607361576003,20.016197204589844,1564100
2010-09-10,20.04126168378729,20.066324277263416,20.0078464858861,20.03290748596191,616300
2010-09-13,19.89088862278596,19.899242820322815,19.79899563668103,19.815702438354492,1699300
2010-09-14,19.82405394977113,19.83240814617601,19.615203819849228,19.64862060546875,2215500
2010-09-15,19.740515079225503,19.773931867384405,19.682037293347587,19.732162475585938,1103300
2010-09-16,19.67368539880656,19.71545638889383,19.631916002119635,19.665332794189453,4234800
2010-09-17,19.66533051267332,19.732162495658947,19.64862211857687,19.7154541015625,1661900
2010-09-20,19.707099934649342,19.707099934649342,19.640267951561516,19.690391540527344,1923300
2010-09-21,19.598498177125315,19.640269165011077,19.414710610628752,19.473188400268555,4914100
2010-09-22,19.297752029359113,19.372938202457135,19.264335244248873,19.331167221069336,4480900
2010-09-23,19.347875235630987,19.406353015031428,19.331166843402293,19.389644622802734,2624000
2010-09-24,19.23927503628438,19.24762923290388,19.189149856567383,19.189149856567383,3329500
2010-09-27,19.19750593007863,19.247631114696244,19.18915173264237,19.214214324951172,5305500
2010-09-28,19.22256896392501,19.27269255629371,19.088904988674965,19.11396598815918,5065400
2010-09-29,19.088901528877663,19.11396252381966,19.047130548307702,19.080547332763672,2850000
2010-09-30,19.0304237494797,19.139025112161637,19.022069553365707,19.080547332763672,3536400
2010-10-01,18.963594488135357,18.98865548666421,18.913469304277225,18.92182350158691,2995700
2010-10-04,18.988653164430826,19.013715753294843,18.96359216896683,19.005361557006836,2082800
2010-10-05,18.88005642652036,18.905117428126182,18.813224433237473,18.84663963317871,3393500
2010-10-06,18.821575558420488,18.82992975539184,18.729680985135744,18.754743576049805,3956700
2010-10-07,18.68791125153414,18.838282014065022,18.679557054715737,18.779804229736328,5534100
2010-10-08,18.738035231971967,18.763096229552573,18.69626424700404,18.71297264099121,2977200
2010-10-11,18.71297413853762,18.79651452175883,18.71297413853762,18.78816032409668,2644000
2010-10-12,18.80486719447663,18.854990782984565,18.712972621045285,18.72968101501465,3458200
2010-10-13,18.70461688844076,18.729679477337204,18.654493304047893,18.679555892944336,3574300
2010-10-14,18.587663691912603,18.60437208663599,18.537540101142653,18.55424690246582,4090500
2010-10-15,18.52918545849501,18.69626462151307,18.52083126133408,18.66284942626953,8807200
2010-10-18,18.69626464186606,18.721327233376133,18.629432657906044,18.646141052246097,3236300
2010-10-19,18.89676435237638,18.980303146848303,18.85499336174005,18.96359634399414,10822800
2010-10-20,18.846638537976453,18.854992735826393,18.67120516332869,18.704620361328125,8742200
2010-10-21,18.68791126129718,18.79651263319291,18.629431883537816,18.77145004272461,9596700
2010-10-22,18.74638904565643,18.79651263319291,18.72132645518813,18.77145004272461,4695700
2010-10-25,18.629432607273458,18.704618788199145,18.612725806378997,18.687911987304688,5641400
2010-10-26,18.788158387380253,18.846636171587026,18.763095796977304,18.813220977783203,5790100
2010-10-27,18.854991516509617,18.963594488135357,18.846637319199928,18.92182350158691,15417300
2010-10-28,18.746389418970324,18.7798046135267,18.687911633446554,18.72132682800293,5232300
2010-10-29,18.729681379641104,18.746389773935743,18.679557790157368,18.687911987304688,4144900
2010-11-01,18.654494845490028,18.746389418970324,18.637786451511765,18.72132682800293,3610600
2010-11-02,18.587665557861328,18.604373954262012,18.554248765059956,18.587665557861328,4533900
2010-11-03,18.596018277766856,18.646141869583943,18.378813922025795,18.495769500732425,11546800
2010-11-04,18.337041522598984,18.387165106201625,18.30362473793056,18.353748321533203,14712400
2010-11-05,18.470706558229768,18.537538538087947,18.437289771600636,18.529184341430664,5827400
2010-11-08,18.621080064285405,18.66284945675811,18.60437166993625,18.637786865234375,4274100
2010-11-09,18.579308266908303,18.83828199440807,18.570954070098622,18.79651260375977,5428700
2010-11-10,18.813221017009937,18.91346819203053,18.75474323268124,18.779804229736328,6243300
2010-11-11,18.83828503191368,18.938533816394003,18.83828503191368,18.913471221923828,5170700
2010-11-12,18.838285378375083,18.930179966388753,18.788161781913267,18.888410568237305,5481200
2010-11-15,18.92182304628119,19.038780212402344,18.913468849172528,19.038780212402344,4708100
2010-11-16,19.02207295886209,19.20586052607322,18.997010366033187,19.147382736206055,6354000
2010-11-17,19.11396406126205,19.130672454833984,19.05548627716039,19.130672454833984,4547000
2010-11-18,18.99700927734375,19.05548706385964,18.971946685951146,18.99700927734375,3587900
2010-11-19,18.963590647766654,19.013714228073916,18.93852806091309,18.93852806091309,2623400
2010-11-22,18.980300883082013,19.06384126099051,18.963594082220457,18.99700927734375,2035600
2010-11-23,19.130673902543908,19.26433787443415,19.12231970512574,19.247631072998047,7245400
2010-11-24,19.214213939204935,19.289400121221668,19.1724445462624,19.27269172668457,3561400
2010-11-26,19.389644622802734,19.431415603374468,19.372937823974027,19.389644622802734,6484300
2010-11-29,19.540020345151383,19.590145530505698,19.49825095075638,19.50660514831543,7682700
2010-11-30,19.640272152339055,19.6486263511869,19.548377558413275,19.63191795349121,6908700
2010-12-01,19.52331168324965,19.573435270427925,19.42306291549299,19.464832305908203,5591900
2010-12-02,19.489895666224275,19.4982498633174,19.322814911162016,19.347877502441406,5658500
2010-12-03,19.1807979757842,19.21421476629685,19.097259186303127,19.11396598815918,10896200
2010-12-06,19.264337926624833,19.281046321506437,19.180797545617047,19.205860137939453,3287700
2010-12-07,19.122319342315137,19.29775429796767,19.11396514505547,19.289400100708008,3274200
2010-12-08,19.33116757268912,19.3729385548367,19.272689791082545,19.297752380371097,3977900
2010-12-09,19.3061084644968,19.398001447406426,19.2810458727577,19.314462661743164,3275700
2010-12-10,19.32281526558933,19.36458625182116,19.289400070004067,19.314462661743164,2232000
2010-12-13,19.20586089493648,19.230923488246727,19.0554885218756,19.105613708496097,8888500
2010-12-14,19.1139640515006,19.164089232190808,19.04713207064711,19.139026641845703,3055900
2010-12-15,19.18915284699355,19.347879420699737,19.164091846629645,19.33952522277832,5926900
2010-12-16,19.306108495227335,19.38129467716411,19.289400100708008,19.289400100708008,4830300
2010-12-17,19.322816783409632,19.431419762743023,19.31446417890736,19.372941970825195,6085700
2010-12-20,19.381295800959172,19.456481987255504,19.364587405471035,19.414710998535156,5458800
2010-12-21,19.381291947548753,19.481539113745743,19.3645835553826,19.456478118896484,2988600
2010-12-22,19.431417455311124,19.464832649553205,19.42306325840057,19.43977165222168,1805600
2010-12-23,19.464833034445423,19.464833034445423,19.364585856336785,19.38129425048828,4953900
2010-12-27,19.33952522277832,19.37294201446397,19.33117102485691,19.33952522277832,1378400
2010-12-28,19.255982927817147,19.372940093720796,19.255982927817147,19.347877502441406,1783900
2010-12-29,19.314463100786153,19.322815704822183,19.18915173264237,19.214214324951172,1802300
2010-12-30,19.147382736206055,19.197506328463582,19.122320143377152,19.147382736206055,2199700
2010-12-31,19.04712906739155,19.04712906739155,18.963590299546738,18.971942901611328,3413900
2011-01-03,19.063840866088867,19.10561185087793,19.013717277742135,19.063840866088867,1876500
2011-01-04,19.01371880342178,19.139028581043664,19.01371880342178,19.11396598815918,2474300
2011-01-05,19.32281718483202,19.339525580984315,19.264339391699338,19.30611038208008,4296600
2011-01-06,19.3228125749672,19.473184917662664,19.3144599722841,19.456478118896484,4132800
2011-01-07,19.464830345100903,19.523309716551378,19.42306095889337,19.514955520629883,4977100
2011-01-10,19.5233139327124,19.54837493248899,19.44812774658203,19.44812774658203,2047400
2011-01-11,19.464832649553205,19.531664631437504,19.431417455311124,19.43977165222168,2853500
2011-01-12,19.36458665005195,19.389647648906227,19.230922678161708,19.247631072998047,4674100
2011-01-13,19.07219508296504,19.097257673864657,18.99700890366635,19.04713249206543,4646000
2011-01-14,19.047132836331336,19.08054962480147,18.98865504990877,19.022071838378903,5341100
2011-01-18,18.96359216896683,19.030424145870853,18.8884059957748,19.005361557006836,3015100
2011-01-19,18.854993774995823,18.91347156976801,18.846639576685455,18.888410568237305,3512300
2011-01-20,18.955242168107773,19.03042835794102,18.9218253755595,18.946887969970703,2165000
2011-01-21,18.838283916669297,18.863346509655734,18.771451928772382,18.78816032409668,3009600
2011-01-24,18.82157556842007,18.82157556842007,18.696264207183333,18.74638938903809,2429600
2011-01-25,18.821575578428565,18.83828237898889,18.70461841410543,18.738035202026367,2205900
2011-01-26,18.721328757028004,18.763098152877383,18.68791355902856,18.704620361328125,4090200
2011-01-27,18.65449331332668,18.72967948665339,18.646139117023708,18.671201705932617,1964100
2011-01-28,18.704619940875475,18.813222917083127,18.679558941289308,18.78816032409668,3585000
2011-01-31,18.679555892944336,18.712971084739575,18.629430715151447,18.679555892944336,4983400
2011-02-01,18.58766408023063,18.629433474511497,18.487415303196197,18.495769500732425,4269700
2011-02-02,18.529184341430664,18.57095373131699,18.49576755480153,18.529184341430664,2462600
2011-02-03,18.654493304047893,18.70461688844076,18.637784911450265,18.679555892944336,1928300
2011-02-04,18.738035202026367,18.788158790507627,18.712972611085664,18.738035202026367,1840800
2011-02-07,18.796512987487866,18.81322138144833,18.721326808065896,18.738035202026367,1629800
2011-02-08,18.696264237035535,18.738035221981193,18.637786451511765,18.72132682800293,1894500
2011-02-09,18.679557851107266,18.704618849230815,18.60437166993625,18.637786865234375,2407800
2011-02-10,18.771451928772382,18.813222917083127,18.73803673152407,18.78816032409668,3205800
2011-02-11,18.871700328796692,18.888408723785854,18.804868342240272,18.83828353881836,2861300
2011-02-14,18.896760979048597,18.905113582284443,18.846635799233027,18.863344192504883,1822700
2011-02-15,18.83828348652,18.880054473876953,18.82157668497746,18.880054473876953,2435000
2011-02-16,18.888407204843222,18.90511400508864,18.754743242479197,18.77145004272461,1528500
2011-02-17,18.746389418970324,18.754743615959455,18.704618434024667,18.72132682800293,1578600
2011-02-18,18.696262748064424,18.71297114071203,18.60436977530264,18.629430770874023,1785600
2011-02-22,18.654493304047893,18.696262692141943,18.621078112252658,18.679555892944336,2004600
2011-02-23,18.60437015511805,18.61272435161241,18.537538176563253,18.570953369140625,2497600
2011-02-24,18.495769490212663,18.53754047787003,18.470708491018502,18.50412368774414,2977300
2011-02-25,18.54589272509532,18.579307918306977,18.52918433178945,18.537538528442383,1279500
2011-02-28,18.428937879915942,18.479063066128976,18.42058368221377,18.45400047302246,2951400
2011-03-01,18.428935945756702,18.512476320610386,18.412229145506064,18.479061126708984,3844200
2011-03-02,18.403875380981845,18.412229578003465,18.35375019885214,18.378812789916992,3669400
2011-03-03,18.353748321533203,18.387165106201625,18.337041522598984,18.353748321533203,3457700
2011-03-04,18.328689575195312,18.353750573371393,18.295272786426953,18.328689575195312,3214200
2011-03-07,18.295274355168516,18.362106345035603,18.295274355168516,18.34539794921875,2298700
2011-03-08,18.45399859519489,18.46235279204696,18.40387500748258,18.428936004638672,2595800
2011-03-09,18.403877269167797,18.420584071524942,18.37046047765286,18.395523071289062,2462400
2011-03-10,18.504121741830637,18.55424532834817,18.495767545177703,18.537538528442383,4492900
2011-03-11,18.52918319893609,18.52918319893609,18.395519247461348,18.403873443603516,2370300
2011-03-14,18.362104790979956,18.370458988181333,18.303627003970497,18.311981201171875,3112000
2011-03-15,18.42893675470001,18.44564514908419,18.303626983619044,18.328689575195312,3599800
2011-03-16,18.37881277991164,18.428936368613904,18.345395991843365,18.38716697692871,2927000
2011-03-17,18.22844123840332,18.261858027971172,18.20338023962766,18.22844123840332,5179000
2011-03-18,18.169961958404517,18.195024548522905,18.119838371567845,18.144899368286133,3530900
2011-03-21,18.10313036031771,18.161608145094995,18.0613609693054,18.086421966552734,3842200
2011-03-22,18.08642386315455,18.11148645643016,18.069715467637476,18.09477806091309,1974700
2011-03-23,18.178318002594725,18.19502639770508,18.12819441066393,18.19502639770508,2353700
2011-03-24,18.18667034210452,18.195024538806187,18.09477577178628,18.15325355529785,2896700
2011-03-25,18.178317273285305,18.295272847565016,18.16160887884529,18.278564453125,3976000
2011-03-28,18.27856669688947,18.27856669688947,18.22844310081676,18.261859893798828,1343100
2011-03-29,18.32033387072788,18.32033387072788,18.253501892089844,18.253501892089844,1219500
2011-03-30,18.286920928929018,18.31198352371188,18.2117347379808,18.236797332763672,1260200
2011-03-31,18.195024480693174,18.203378677368164,18.16160769399324,18.203378677368164,2074400
2011-04-01,18.295271673434755,18.362103653505564,18.16160771329314,18.186670303344727,3038600
2011-04-04,18.169961909977,18.21173129999622,18.153253516609276,18.186670303344727,979400
2011-04-05,18.2367957920807,18.253504187191048,18.1532554099292,18.19502639770508,1381500
2011-04-06,18.136547456305472,18.153255851822543,18.07806966539601,18.09477806091309,2367400
2011-04-07,18.144897819793467,18.15325201578665,18.09477423723436,18.10312843322754,1802900
2011-04-08,17.99452785415058,18.002880457106798,17.95275687236934,17.961111068725586,3407700
2011-04-11,17.96946904822786,17.994531642573083,17.944406453882642,17.986177444458008,2502200
2011-04-12,17.910989406439246,17.977821391062516,17.90263520918631,17.94440460205078,3409300
2011-04-13,17.936048479656844,18.002880457106798,17.910987483988126,17.961111068725586,2176300
2011-04-14,17.95275726234445,17.96111145888217,17.87757108690503,17.89427947998047,2267700
2011-04-15,17.9444046225523,17.969467214339737,17.90263522964011,17.927696228027344,2900300
2011-04-18,18.011237676728015,18.16161004958108,17.986176676852704,18.09477806091309,5069700
2011-04-19,18.019592643517935,18.019592643517935,17.96111485011279,17.986177444458008,1742200
2011-04-20,17.810739517211914,17.835802107400898,17.78567852042303,17.810739517211914,2558000
2011-04-21,17.727197629086046,17.760614413150282,17.693782438421774,17.743906021118164,2779400
2011-04-25,17.702140472525837,17.77732665957189,17.693786274698464,17.718847274780273,4248900
2011-04-26,17.710495039075525,17.718847643676487,17.66872404906901,17.677078247070312,3700000
2011-04-27,17.668720997365106,17.727198779873728,17.54341123578948,17.56011962890625,7640400
2011-04-28,17.535059006671755,17.56847579665467,17.476581217601904,17.50999641418457,9306000
2011-04-29,17.50164031982422,17.518347118083675,17.45151514484606,17.50164031982422,1900000
2011-05-02,17.48493540463362,17.51835060119629,17.426457615598764,17.51835060119629,8945400
2011-05-03,17.51835060119629,17.526704798687017,17.443164417179975,17.51835060119629,7702800
2011-05-04,17.44316442761899,17.518350611680297,17.409749231036322,17.50999641418457,11583200
2011-05-05,17.601889738300002,17.777324686402064,17.59353554139989,17.768970489501953,18200000
2011-05-06,17.752261316193362,17.952757252791773,17.735552923126814,17.902633666992188,11396500
2011-05-09,17.944404999408853,18.002882788074114,17.860864618429808,17.877573013305664,7344500
2011-05-10,17.89428142907295,17.919344021416,17.835803640339417,17.860864639282227,4739100
2011-05-11,17.910987097805,18.06135944217519,17.902632901628877,18.027942657470703,10728600
2011-05-12,18.027943008728013,18.078066593361356,17.952756835077988,17.99452781677246,5359000
2011-05-13,17.977822447106405,18.17831841275365,17.96946824936273,18.11984062194824,8998100
2011-05-16,18.078070022661787,18.08642422058542,18.002883834749397,18.061363220214844,3876600
2011-05-17,18.119837203602867,18.13654400253814,18.02794263915887,18.04465103149414,5683500
2011-05-18,18.053009055057284,18.078070055473347,17.994531262886028,18.036300659179688,3862600
2011-05-19,18.04465143888804,18.053005635244286,17.95275687236934,17.961111068725586,7557200
2011-05-20,18.01958998489296,18.11983875408269,18.011235788010474,18.086421966552734,6635900
2011-05-23,18.253502264017985,18.261856460692965,18.17831608734321,18.203378677368164,9300000
2011-05-24,18.169961948701182,18.178316145402853,18.128192558592943,18.15325355529785,2746300
2011-05-25,18.19502647174725,18.203380669336426,18.094777694077457,18.136547088623047,3335600
2011-05-26,18.03630062644394,18.1281952102036,17.99453123022609,18.061363220214844,2937400
2011-05-27,17.952761066841358,17.969469463457592,17.8775748754687,17.910991668701172,4988700
2011-05-31,17.80238530107369,17.84415628467646,17.80238530107369,17.82744789123535,4834000
2011-06-01,17.77732584122359,17.88592722117955,17.74390905145238,17.869218826293945,6895300
2011-06-02,17.77732470620677,17.835802491172558,17.72719952475026,17.752262115478516,5355900
2011-06-03,17.718844200373567,17.7271983967514,17.601888637883985,17.61859703063965,6503400
2011-06-06,17.62695276058684,17.685430546919278,17.61859856348218,17.66872215270996,4869000
2011-06-07,17.58518252478802,17.593536722248853,17.55176732834494,17.5684757232666,6575000
2011-06-08,17.61859858362985,17.66872217291495,17.59353599228721,17.652013778686523,5609600
2011-06-09,17.743908282691805,17.743908282691805,17.677076299445137,17.710493087768555,5576000
2011-06-10,17.76897163341307,17.902635605619448,17.760617435975142,17.877573013305664,5967100
2011-06-13,17.835804364194107,17.85251275976757,17.76897237530056,17.785680770874023,4014500
2011-06-14,17.768970499394996,17.777324696299758,17.710492714461793,17.760616302490234,3011000
2011-06-15,17.919341275779598,18.069712026597053,17.89427868727669,18.04465103149414,8706300
2011-06-16,18.094778451350944,18.10313264928974,18.01959226330209,18.036300659179688,5024600
2011-06-17,17.944404947204898,17.961113342032146,17.885927158709762,17.919343948364258,5367200
2011-06-20,17.92769655237765,17.936050749791274,17.885927158709762,17.919343948364258,3632900
2011-06-21,17.860863113939644,17.860863113939644,17.785678530131854,17.802385330200195,4552700
2011-06-22,17.82744943248017,17.877573023736748,17.768971643780787,17.869218826293945,3971300
2011-06-23,18.04465143888804,18.094775023625495,17.961111068725586,17.961111068725586,5851300
2011-06-24,18.0195881025219,18.103128469219815,18.002879710502324,18.069711685180664,5286200
2011-06-27,18.1031330312683,18.111487229383375,17.96946904822786,17.986177444458008,3540600
2011-06-28,17.944404947204898,17.961113342032146,17.860864566468887,17.919343948364258,3647800
2011-06-29,17.86921730091944,17.910988284567747,17.794031123752593,17.810739517211914,4950700
2011-06-30,17.7606182530811,17.785680846547926,17.70214046172547,17.727201461791992,4203500
2011-07-01,17.760616676853513,17.81074026593847,17.702138890687703,17.710493087768555,3130300
2011-07-05,17.73555559490333,17.802387583837387,17.71884719931974,17.777326583862305,2326900
2011-07-06,17.86086270334224,17.927694682279533,17.852510100200135,17.88592529296875,3624100
2011-07-07,17.910988235818877,17.9193424325258,17.82744786214974,17.852510452270508,3831100
2011-07-08,17.852510090691933,17.94440306580673,17.82744750107877,17.89427947998047,3677400
2011-07-11,18.094777694077457,18.16160968139056,18.069715101309935,18.136547088623047,5459300
2011-07-12,18.161610006514575,18.161610006514575,18.044654424972993,18.12819480895996,4557900
2011-07-13,18.02794690859446,18.06136370117887,17.877574528765344,17.936052322387695,6012700
2011-07-14,17.844159329581302,17.9444065205338,17.827450933289096,17.936052322387695,6399300
2011-07-15,17.92769466319195,17.969465645858325,17.860862684325813,17.902633666992188,2203700
2011-07-18,17.977821391062516,18.053007572938725,17.936050404797847,17.94440460205078,4890800
2011-07-19,17.894279470458912,17.936048859725226,17.83580168812605,17.902633666992188,4166300
2011-07-20,17.835804006810935,17.869219203888004,17.79403301871426,17.819095611572266,2817200
2011-07-21,17.702138961371798,17.735554156428474,17.610244386515635,17.652013778686523,9599900
2011-07-22,17.652013778686523,17.693784764257586,17.643661174972486,17.652013778686523,3334100
2011-07-25,17.635305404663086,17.668720596738886,17.601888619187253,17.635305404663086,2808400
2011-07-26,17.535057440245943,17.543411636995383,17.468225459650537,17.484933853149414,5351600
2011-07-27,17.518348267505697,17.652012222750944,17.518348267505697,17.61859703063965,5544200
2011-07-28,17.685430567143374,17.693784764257586,17.635306977858274,17.652013778686523,1660100
2011-07-29,17.57682992072743,17.610245117170514,17.526704735962447,17.5684757232666,2555000
2011-08-01,17.551766590075953,17.727199949173535,17.54341239296652,17.660367965698242,6863400
2011-08-02,17.702137011773036,17.718843810761307,17.63530503561995,17.685428619384766,3316800
2011-08-03,17.601890563964844,17.64366155042478,17.57682956548909,17.601890563964844,3012500
2011-08-04,17.810741027202475,17.885927210743592,17.79403263232662,17.877573013305664,11101100
2011-08-05,17.785680846547926,17.83580444008128,17.71049465954775,17.727201461791992,6898500
2011-08-08,17.810739900444304,17.835802491172558,17.710492724331562,17.752262115478516,8774900
2011-08-09,17.68543094348451,17.760617125712187,17.568475368197102,17.601890563964844,5483500
2011-08-10,17.668721739784473,17.76897050929735,17.668721739784473,17.752262115478516,4908100
2011-08-11,17.7606182530811,17.794033450969895,17.677077868258642,17.727201461791992,2866800
2011-08-12,17.685432066080917,17.743909857436545,17.668723670436364,17.727201461791992,2129000
2011-08-15,17.585180644320126,17.593534840887603,17.518348665180383,17.543411254882812,6366500
2011-08-16,17.576829941655497,17.59353674319681,17.51835055936005,17.551767349243164,2022000
2011-08-17,17.468227020106173,17.526704809176028,17.434811823523507,17.50999641418457,1707600
2011-08-18,17.60189055368945,17.67707673587324,17.593536356402343,17.610244750976562,3394600
2011-08-19,17.53505893342328,17.57682992072743,17.476581144597702,17.5684757232666,2535600
2011-08-22,17.526704381737165,17.601890563964844,17.526704381737165,17.601890563964844,1686100
2011-08-23,17.526704788208008,17.568475775636678,17.50999639323654,17.526704788208008,5855900
2011-08-24,17.51834864611433,17.585180625181334,17.48493345328086,17.56011962890625,1760500
2011-08-25,17.551766963366997,17.668722538586128,17.526704371505666,17.610244750976562,1799400
2011-08-26,17.56847579665467,17.677077177298646,17.49328961259336,17.50999641418457,3423400
2011-08-29,17.468225459650537,17.518349046747066,17.459871262901096,17.484933853149414,1383900
2011-08-30,17.56847574418472,17.601890940667587,17.52670475683083,17.551767349243164,1742300
2011-08-31,17.526704381737165,17.601890563964844,17.526704381737165,17.601890563964844,1337400
2011-09-01,17.66872404906901,17.735556039679093,17.63530885046414,17.677078247070312,2502000
2011-09-02,17.71049465954775,17.743909857436545,17.685432066080917,17.727201461791992,2804300
2011-09-06,17.961112611814446,18.0362987920801,17.91098902277073,18.00288200378418,6146600
2011-09-07,17.969465645858325,17.986174038924876,17.894279470458912,17.902633666992188,6186300
2011-09-08,17.986174790763137,18.10313036031771,17.9444038063507,18.086421966552734,5632300
2011-09-09,18.228440832706085,18.328689605778244,18.220086635500053,18.303627014160156,10893700
2011-09-12,18.32868959557463,18.420582577989418,18.270211808565172,18.311981201171875,12886300
2011-09-13,18.286917084708833,18.303625477718356,18.211730909566032,18.253501892089844,12661100
2011-09-14,18.236793870668013,18.328688440692755,18.17831608734321,18.203378677368164,7503000
2011-09-15,18.069715467637476,18.16161004958108,18.011237676728015,18.09477806091309,9403600
2011-09-16,18.161609649658203,18.20338063753108,18.11984025518559,18.161609649658203,3597900
2011-09-19,18.328691886362577,18.38716968068081,18.22844310081676,18.261859893798828,8314200
2011-09-20,18.270214092044345,18.295275093380507,18.21173470432572,18.261859893798828,4153600
2011-09-21,18.286916291013124,18.420580242487866,18.169960731822723,18.403873443603516,7469800
2011-09-22,18.59601593017578,18.646139515665187,18.52918395172322,18.59601593017578,12225600
2011-09-23,18.562601424418045,18.637787608587804,18.48741524024828,18.545894622802734,8853000
2011-09-26,18.57095373131699,18.646139907832453,18.52083014477338,18.529184341430664,8770100
2011-09-27,18.378812426744403,18.42893601448349,18.328688839005316,18.420581817626953,7307900
2011-09-28,18.39552042970241,18.495767603051146,18.345395249627952,18.48741340637207,9008500
2011-09-29,18.40387689087596,18.504124076559552,18.353751704633876,18.445646286010746,4365800
2011-09-30,18.60437166993625,18.646141062408955,18.545893883114385,18.637786865234375,6549200
2011-10-03,18.70461991968817,18.82157709342549,18.64614212951965,18.804868698120117,12602800
2011-10-04,18.8382823890152,18.896761767907968,18.721326818029965,18.72968101501465,9702200
2011-10-05,18.712971094047447,18.771448874768215,18.637784920720737,18.671201705932617,8043400
2011-10-06,18.729681860260975,18.74639025498437,18.55424690246582,18.55424690246582,6071100
2011-10-07,18.504123249930636,18.637787220471154,18.445645461994182,18.604372024536133,5596700
2011-10-10,18.362104790979956,18.362104790979956,18.26185761136379,18.311981201171875,6098700
2011-10-11,18.378813205855092,18.403875797487142,18.286918629937755,18.29527282714844,3785000
2011-10-12,18.211731309686144,18.22843970306276,18.13654513289147,18.178316116333008,7011400
2011-10-13,18.22008742868797,18.27856521827574,18.153255441530487,18.16996383666992,4061100
2011-10-14,18.094776163435224,18.136545554447533,18.0613609693054,18.086421966552734,6447000
2011-10-17,18.16160769399324,18.220085477318044,18.14489930064327,18.203378677368164,5592000
2011-10-18,18.245148096439376,18.303625879857435,18.11148413622664,18.178316116333008,10824400
2011-10-19,18.10313181799841,18.220087396970342,18.094777620443228,18.19502639770508,4863000
2011-10-20,18.186672242381928,18.29527362405088,18.14490125450905,18.161609649658203,6883400
2011-10-21,18.011234616050224,18.06971239702246,17.986173620433565,17.99452781677246,12673800
2011-10-24,18.0446514482804,18.053005644640994,17.919341689671512,17.952756881713867,8551800
2011-10-25,17.952758768608636,18.01959075311764,17.927696176892685,17.969467163085938,7586100
2011-10-26,17.902635178576933,18.078068540387996,17.89428098133828,17.969467163085938,5256100
2011-10-27,17.710493138233257,17.75226253035638,17.60189016927286,17.66872215270996,13005800
2011-10-28,17.702140841074222,17.710495039075525,17.652015653066403,17.677078247070312,4652600
2011-10-31,17.885928304774033,18.03630068105411,17.869219908876172,18.01959228515625,9507400
2011-11-01,18.261856136190463,18.278562935843475,18.136544781692493,18.21173095703125,9132500
2011-11-02,18.086423454373,18.203380626948796,18.06971505923356,18.16996383666992,3508400
2011-11-03,18.136545554447533,18.23679432363726,18.036298378657936,18.086421966552734,3488100
2011-11-04,18.144901286212217,18.21173327352533,18.111486089255795,18.136547088623047,2576300
2011-11-07,18.144901621778963,18.18667261049732,18.094778028717226,18.11984062194824,2438700
2011-11-08,18.086424253412147,18.128195243106138,18.02794646124089,18.036300659179688,3504900
2011-11-09,18.28691634559635,18.387165106201625,18.28691634559635,18.353748321533203,5592000
2011-11-10,18.27856442254207,18.36210480120217,18.2618576215302,18.303627014160156,4264600
2011-11-11,18.203381005984667,18.211733610328046,18.07806963322988,18.11984062194824,3606000
2011-11-14,18.220087020279387,18.286919005938817,18.220087020279387,18.24514961242676,3536100
2011-11-15,18.337041522598984,18.403873498535837,18.30362473793056,18.353748321533203,3720400
2011-11-16,18.41222763061523,18.4289344294913,18.337041458772976,18.41222763061523,5031400
2011-11-17,18.37046011070443,18.454000494422743,18.35375171528071,18.437292098999023,6614900
2011-11-18,18.32033499419231,18.40387537096285,18.31198079717524,18.38716697692871,7932000
2011-11-21,18.44564440819656,18.48741379907911,18.387166623600937,18.420581817626953,4543400
2011-11-22,18.420580233353274,18.453997017905383,18.38716504220115,18.41222763061523,5219800
2011-11-23,18.545896115686205,18.646143307048614,18.53754191750594,18.621082305908203,7065900
2011-11-25,18.704618424060605,18.746389408984008,18.65449483555267,18.72968101501465,6343400
2011-11-28,18.562602561790538,18.662851344626105,18.545895759151566,18.654497146606445,3536000
2011-11-29,18.612728152462356,18.6210823506627,18.537541962059652,18.587665557861328,3047200
2011-11-30,18.37045822007429,18.45399859519489,18.362104023222216,18.428936004638672,5716900
2011-12-01,18.39552082045747,18.42893601448349,18.353749836174796,18.420581817626953,2867100
2011-12-02,18.378812358204545,18.529184714261145,18.370458161379165,18.479061126708984,3208300
2011-12-05,18.403874948680684,18.50412212378501,18.378812358204545,18.479061126708984,3726200
2011-12-06,18.50412405512057,18.50412405512057,18.437292066942177,18.46235466003418,2880900
2011-12-07,18.487415691869895,18.504124087293615,18.40387690155187,18.437292098999023,1642300
2011-12-08,18.495767545177703,18.570953721654043,18.487413348524765,18.537538528442383,4189400
2011-12-09,18.529184714261145,18.537538911086525,18.462352733058225,18.479061126708984,3152100
2011-12-12,18.621078121514817,18.70461689774448,18.61272392521185,18.671201705932617,4463600
2011-12-13,18.687912743336653,18.88840870278297,18.63778755842489,18.854991912841797,7047600
2011-12-14,18.921821937008406,18.96359292010295,18.88005254731394,18.89676094055176,4584500
2011-12-15,18.829932829908294,18.896764823191184,18.75474663829,18.84663963317871,5480700
2011-12-16,18.82157711474527,18.863346509655734,18.763097731110236,18.78816032409668,2741300
2011-12-19,18.81322251881557,18.854991912841797,18.78815992635969,18.854991912841797,3798600
2011-12-20,18.654496778442812,18.70462037217119,18.637788382733252,18.696266174316406,2974800
2011-12-21,18.696266174316406,18.729682965735535,18.654496778442812,18.696266174316406,2205100
2011-12-22,18.729682965735535,18.738037163590313,18.671205174152377,18.696266174316406,1088500
2011-12-23,18.696266163478185,18.712974559178065,18.679559361178622,18.704620361328125,877000
2011-12-27,18.67120362343046,18.67955782059139,18.63778683478674,18.66284942626953,1978500
2011-12-28,18.721327960694687,18.86334613130211,18.712973763200104,18.83828353881836,6855200
2011-12-29,18.854992290635952,18.88005488359401,18.79651450046743,18.804868698120117,5397900
2011-12-30,18.77145004272461,18.779804239547374,18.704618061542597,18.77145004272461,2222200
2012-01-03,18.6461375859186,18.654491781535572,18.579305614382683,18.612722396850582,11581900
2012-01-04,18.71297264099121,18.77145042654616,18.687911643410605,18.71297264099121,3994200
2012-01-05,18.871701824540576,18.921825420080555,18.871701824540576,18.913471221923828,6060500
2012-01-06,18.9468876121521,19.02207380056543,18.9468876121521,18.980302810668945,5033300
2012-01-09,18.938533816394003,18.980303213777255,18.905117023767104,18.913471221923828,5967100
2012-01-10,18.88005254731394,18.90511354377059,18.86334415407612,18.89676094055176,1946300
2012-01-11,18.97194861268965,19.030427998544724,18.97194861268965,18.980302810668945,3701100
2012-01-12,18.88840870278297,18.905115504353315,18.838283517871208,18.854991912841797,5006700
2012-01-13,18.997007360718833,19.08890192648687,18.988653164430826,19.005361557006836,5596100
2012-01-17,18.946882256530944,18.955236452148803,18.896758676223687,18.93852806091309,4433600
2012-01-18,18.838282023906626,18.85499041755216,18.77145004272461,18.77145004272461,3362100
2012-01-19,18.72967948665339,18.763094678465247,18.671201705932617,18.671201705932617,8162200
2012-01-20,18.729681379641104,18.738035576788423,18.679557790157368,18.687911987304688,2612900
2012-01-23,18.596017858196443,18.61272625289191,18.554246871457774,18.579309463500977,5025900
2012-01-24,18.679558207140204,18.696265008407607,18.604372024536133,18.604372024536133,2846000
2012-01-25,18.679556704189817,18.721326094097897,18.50412176109568,18.520830154418945,9775700
2012-01-26,18.44564589842409,18.52083208280709,18.42893750336114,18.50412368774414,4780200
2012-01-27,18.487414174471333,18.4957683714975,18.353750208852933,18.370458602905273,7104000
2012-01-30,18.495769889581755,18.504124087293615,18.428937901287163,18.437292098999023,2236500
2012-01-31,18.387166555029925,18.529184714261145,18.387166555029925,18.479061126708984,4211700
2012-02-01,18.378814675531594,18.395523071289062,18.320336883780772,18.395523071289062,3585600
2012-02-02,18.403873443603516,18.420580242487866,18.353748266750497,18.403873443603516,1509400
2012-02-03,18.470705419340888,18.479059615483056,18.378810855177004,18.403873443603516,6590300
2012-02-06,18.50412060133356,18.50412060133356,18.40387343447721,18.41222763061523,2234400
2012-02-07,18.362102906483976,18.387165495515944,18.278562536444095,18.28691673278809,5194100
2012-02-08,18.303627014160156,18.345396406790112,18.270211818736232,18.303627014160156,4589800
2012-02-09,18.270211808565172,18.311981201171875,18.245149216961035,18.311981201171875,2764100
2012-02-10,18.428936004638672,18.445644398342814,18.40387500748258,18.428936004638672,5713900
2012-02-13,18.353748266750497,18.403873443603516,18.345394070608325,18.403873443603516,1274500
2012-02-14,18.454000106451556,18.554247290085737,18.42893751384288,18.495769500732425,4218500
2012-02-15,18.50412331169587,18.579309494550905,18.495769114334177,18.55424690246582,2198000
2012-02-16,18.6210789598372,18.62943156311619,18.453998213055858,18.48741340637207,8186200
2012-02-17,18.437289819697703,18.495767603051146,18.437289819697703,18.48741340637207,2386100
2012-02-21,18.40387343447721,18.4289344294913,18.3704566499251,18.41222763061523,3000400
2012-02-22,18.454000494422743,18.479063087558323,18.428937901287163,18.437292098999023,2492500
2012-02-23,18.387167403065774,18.42058259850832,18.29527282714844,18.29527282714844,4149900
2012-02-24,18.261856126653832,18.27021032317601,18.203378344398683,18.22008514404297,8854600
2012-02-27,18.295272847565016,18.303627044785024,18.245149257645167,18.278564453125,7572600
2012-02-28,18.2367957920807,18.286919384011497,18.19502639770508,18.19502639770508,3676300
2012-02-29,18.18667296915962,18.362106345035603,18.161610375434343,18.34539794921875,4824700
2012-03-01,18.353752147127175,18.353752147127175,18.30362855307694,18.34539794921875,2609300
2012-03-02,18.453998546037628,18.495767936786603,18.44564434920781,18.470706939697266,3417700
2012-03-05,18.45400047302246,18.479063066128976,18.43729207761811,18.45400047302246,3121200
2012-03-06,18.570953369140625,18.57930756563498,18.545892373057608,18.570953369140625,4045400
2012-03-07,18.5793098194336,18.59601821444916,18.52918622778718,18.545894622802734,2678500
2012-03-08,18.470706998766165,18.470706998766165,18.387166623600937,18.420581817626953,2426000
2012-03-09,18.570953340731048,18.62107851962051,18.56259914424947,18.59601593017578,3080600
2012-03-12,18.58766176212934,18.62107854810677,18.562599172646262,18.570953369140625,1342200
2012-03-13,18.654493359845432,18.662847556169236,18.57930718633123,18.629430770874023,8949200
2012-03-14,18.646140638567985,18.73803521199933,18.646140638567985,18.72968101501465,4204500
2012-03-15,18.68791393868508,18.77145273208098,18.58766515584952,18.654497146606445,2866700
2012-03-16,18.738034477662477,18.738034477662477,18.512475948116094,18.529184341430664,9272200
2012-03-19,18.529184773463417,18.537538970315488,18.41222920433465,18.428936004638672,6392200
2012-03-20,18.49576985742323,18.512478252817903,18.437292066942177,18.46235466003418,3295300
2012-03-21,18.470706939697266,18.520830527276058,18.43729015237799,18.470706939697266,2641700
2012-03-22,18.537540488413544,18.54589468594977,18.470708501524005,18.495769500732425,1273700
2012-03-23,18.437292467282415,18.44564666516115,18.37046047765286,18.395523071289062,1801000
2012-03-26,18.337043833665053,18.353750634704873,18.278564453125,18.278564453125,8065200
2012-03-27,18.31198275098537,18.34539794921875,18.31198275098537,18.34539794921875,1676200
2012-03-28,18.328689565019577,18.387167351931552,18.328689565019577,18.33704376220703,1145000
2012-03-29,18.36210477056348,18.387167362139753,18.328689575195312,18.328689575195312,1441900
2012-03-30,18.270211818736232,18.320335408572216,18.2618576215302,18.303627014160156,1650300
2012-04-02,18.32033768811706,18.328691886362577,18.25350569555331,18.261859893798828,1642900
2012-04-03,18.2785658943871,18.420584071524942,18.253504894151217,18.395523071289062,3016100
2012-04-04,18.495767603051146,18.504121799730225,18.47070660641401,18.48741340637207,2792300
2012-04-05,18.570955621925822,18.570955621925822,18.52918622778718,18.545894622802734,1669100
2012-04-09,18.54589278312561,18.54589278312561,18.453998213055858,18.48741340637207,1963400
2012-04-10,18.49576947970241,18.54589466486276,18.479062678049218,18.51247787475586,1990300
2012-04-11,18.44564401637678,18.495767603051146,18.428935623018628,18.48741340637207,1157500
2012-04-12,18.420584115131444,18.428938313029956,18.35375212534368,18.362106323242188,2004300
2012-04-13,18.437291690415588,18.51247787475586,18.437291690415588,18.51247787475586,1916100
2012-04-16,18.529186680429195,18.54589507585292,18.41223109926373,18.437292098999023,1837600
2012-04-17,18.41222920433465,18.445644398342814,18.387166613778433,18.428936004638672,944400
2012-04-18,18.479061185751107,18.479061185751107,18.40387500748258,18.428936004638672,1434800
2012-04-19,18.453998605053098,18.453998605053098,18.39552082045747,18.420581817626953,1457400
2012-04-20,18.35375058357033,18.362104780767066,18.31198119098686,18.320335388183594,2116600
2012-04-23,18.38716698693861,18.42893637864654,18.362104395873757,18.378812789916992,1088200
2012-04-24,18.3370437723874,18.345396376179306,18.303626983619044,18.328689575195312,584200
2012-04-25,18.295270929132077,18.353748710139985,18.278562536444095,18.28691673278809,1123800
2012-04-26,18.270214092044345,18.28692089513499,18.236797299062275,18.261859893798828,1235600
2012-04-27,18.220087041011357,18.22844123840332,18.186671844843733,18.22844123840332,2506100
2012-04-30,18.228439340565146,18.245147733609485,18.211730947520795,18.22008514404297,700100
2012-05-01,18.195027934859283,18.270214125807495,18.178319538337373,18.236797332763672,819300
2012-05-02,18.328689615991177,18.345396417012353,18.29527282714844,18.29527282714844,1063900
2012-05-03,18.303627003970497,18.32868959557463,18.295272806769116,18.311981201171875,714000
2012-05-04,18.31198079717524,18.39552117394578,18.286918206124035,18.38716697692871,1369300
2012-05-07,18.420580233353274,18.43728862562933,18.40387343447721,18.41222763061523,716400
2012-05-08,18.462354670724633,18.504124065835207,18.428937879915942,18.45400047302246,2177900
2012-05-09,18.537538538087947,18.579307927974273,18.504121751458815,18.529184341430664,3137000
2012-05-10,18.51247783277162,18.554247226910267,18.495769437756064,18.545894622802734,1127300
2012-05-11,18.57095526615324,18.579309463500977,18.529185872814793,18.579309463500977,992100
2012-05-14,18.66284942626953,18.67955782059139,18.629432637625808,18.66284942626953,3494800
2012-05-15,18.721326406372505,18.813220977783203,18.70461801277054,18.813220977783203,8029300
2012-05-16,18.81322251881557,18.86334611032709,18.78815992635969,18.854991912841797,2850000
2012-05-17,18.86334613130211,18.888408723785854,18.79651414474569,18.83828353881836,3531300
2012-05-18,18.813222949119773,18.84663814642499,18.746390961109057,18.763097763061523,2897900
2012-05-21,18.813223339977014,18.82993173567689,18.704620361328125,18.704620361328125,2053200
2012-05-22,18.796512174524924,18.921821937008406,18.771449584668193,18.89676094055176,5485400
2012-05-23,18.89676435237638,19.01371993935737,18.88841015424911,18.96359634399414,2700000
2012-05-24,18.971946635533016,19.047132816110835,18.946885637607192,19.038780212402344,2006300
2012-05-25,19.04713247217324,19.063840866088867,19.005363080784324,19.063840866088867,2210700
2012-05-29,19.005363100632888,19.097257673864657,18.980300509733276,19.04713249206543,5488000
2012-05-30,19.12231786744132,19.1975040435791,19.113963670826,19.1975040435791,2566700
2012-05-31,19.155736546694875,19.23092273026186,19.147382349254073,19.205860137939453,3406600
2012-06-01,19.16409113142532,19.214214723682858,19.097259143948524,19.147382736206055,4633900
2012-06-04,19.080549260004492,19.10561185087793,19.055486669131053,19.063840866088867,2541400
2012-06-05,19.130672454833984,19.16408924197785,19.105611457876194,19.130672454833984,1299600
2012-06-06,19.10560843564272,19.113961037707313,18.971942901611328,18.971942901611328,3597600
2012-06-07,18.92182309656612,19.013717671605484,18.913468899435255,18.99700927734375,2318100
2012-06-08,19.130672858336563,19.139027055298737,19.038779878552948,19.05548667907715,1487700
2012-06-11,18.97194437668175,19.080547332763672,18.97194437668175,19.080547332763672,842200
2012-06-12,19.055487043576885,19.09725802918676,19.005363454245213,19.013717651367188,1430100
2012-06-13,18.988655445399715,19.013718037274316,18.905115065884583,18.95524024963379,1996500
2012-06-14,18.955240657719227,18.955240657719227,18.86334607893417,18.880054473876953,1372000
2012-06-15,18.86334458483713,18.888407175266185,18.78815840695008,18.79651260375977,2414300
2012-06-18,18.87170027640556,18.91346967036227,18.85499188146278,18.880054473876953,1576100
2012-06-19,18.804867184468097,18.81322138144833,18.696264217125194,18.738035202026367,3698500
2012-06-20,18.729682565756303,18.821577146796145,18.696265775050808,18.763097763061523,2013500
2012-06-21,18.82157816263135,18.97194894872104,18.81322396450409,18.96359634399414,2785300
2012-06-22,18.92182350158691,18.98030128935452,18.905115106967536,18.92182350158691,1272800
2012-06-25,18.99701120662754,19.005365404606835,18.96359600811069,18.980302810668945,1872800
2012-06-26,18.988657367255676,19.02207415980395,18.938533771833637,18.946887969970703,783600
2012-06-27,18.997007360718833,19.038778342158857,18.988653164430826,19.005361557006836,889700
2012-06-28,19.03878022250372,19.072195417555942,19.01371763116443,19.030426025390625,1846800
2012-06-29,18.74638904565643,18.788158436370143,18.729680652010895,18.77145004272461,3169700
2012-07-02,18.813220977783203,18.846636171587026,18.80486678098222,18.813220977783203,2582300
2012-07-03,18.84663619121776,18.85499038802745,18.7798042101404,18.79651260375977,642900
2012-07-05,19.03877988849904,19.07219508296504,19.0304256915325,19.04713249206543,1576700
2012-07-06,19.113965914070754,19.189152099032505,19.09725911227946,19.17244529724121,2134600
2012-07-09,19.155736976299988,19.17244537155631,19.11396598815918,19.11396598815918,1315600
2012-07-10,19.1139655906691,19.205860169267584,19.1139655906691,19.180797576904297,1263100
2012-07-11,19.155734653902588,19.222566633425053,19.130672064056636,19.1975040435791,1362900
2012-07-12,19.25598368743147,19.272692082276848,19.22256849114095,19.239276885986328,4914600
2012-07-13,19.23927347453402,19.23927347453402,19.139024716637817,19.155733108520508,3152600
2012-07-16,19.139027005437644,19.17244379319928,19.080549220254923,19.097257614135746,1222600
2012-07-17,19.10560992110565,19.205857087673593,19.080547332763672,19.080547332763672,3565400
2012-07-18,19.130672848351225,19.130672848351225,19.063840866088867,19.063840866088867,1012900
2012-07-19,19.08890346692584,19.10561186085019,19.030425681590778,19.05548667907715,1243200
2012-07-20,19.155734653902588,19.20585824019442,19.147380457287273,19.1975040435791,2744000
2012-07-23,19.289400498016555,19.30610889288003,19.205860117099416,19.22256851196289,2129000
2012-07-24,19.239274598764524,19.33116757268912,19.23092040233501,19.297752380371097,3442300
2012-07-25,19.21421243680974,19.25598182648625,19.189149846963783,19.1975040435791,1060000
2012-07-26,19.005361557006836,19.038778342158857,18.96359216896683,19.005361557006836,2042200
2012-07-27,18.971946685951146,19.030426065867218,18.905114702304385,18.99700927734375,2241100
2012-07-30,19.05548703344887,19.05548703344887,19.013717641261373,19.022071838378903,1311000
2012-07-31,19.00535968346914,19.02206807439805,18.938527713153377,18.971942901611328,1186700
2012-08-01,18.971948137575076,19.113966312865877,18.963595533205293,19.105613708496097,1895900
2012-08-02,19.130672445064004,19.180796032354095,19.08054885777391,19.139026641845703,1220200
2012-08-03,19.03042649394511,19.038780691263906,18.896762523644902,18.905115127563477,1787800
2012-08-06,18.90511547289088,18.921823867833663,18.84663768399139,18.880054473876953,1869000
2012-08-07,18.84663768399139,18.888408671348344,18.829930882448853,18.880054473876953,2148900
2012-08-08,18.938533816394003,18.938533816394003,18.888410220854027,18.913471221923828,1274700
2012-08-09,18.980302810668945,19.013719602586132,18.9468876121521,18.980302810668945,1609400
2012-08-10,19.02207415980395,19.03042835794102,18.930179573696567,18.946887969970703,691500
2012-08-13,18.905115106967536,18.93853189620629,18.871699911128992,18.92182350158691,1348600
2012-08-14,18.930173873901367,18.955236460766333,18.913465482658054,18.930173873901367,1726300
2012-08-15,18.980302810668945,18.99701120662754,18.96359600811069,18.980302810668945,548400
2012-08-16,18.94688801455073,18.955242212707457,18.89676441901075,18.913471221923828,662000
2012-08-17,18.9218253755595,18.997011565392743,18.9218253755595,18.946887969970703,1324400
2012-08-20,18.971947092044832,18.971947092044832,18.92182350158691,18.92182350158691,489900
2012-08-21,18.79651260375977,18.804866800569453,18.763095816521027,18.79651260375977,2244500
2012-08-22,18.82157753782695,18.82993173567689,18.68791355902856,18.704620361328125,1277900
2012-08-23,18.68791009853856,18.69626270144151,18.62943072441777,18.671201705932617,3212400
2012-08-24,18.73803521199933,18.73803521199933,18.67120322952203,18.72968101501465,1645400
2012-08-27,18.712972601134915,18.74638938903809,18.704618404159124,18.74638938903809,808400
2012-08-28,18.66284750962965,18.671201705932617,18.646139117023708,18.671201705932617,813200
2012-08-29,18.68791355902856,18.721328757028004,18.679559361178622,18.704620361328125,1194600
2012-08-30,18.687911603607688,18.754743586013877,18.671203209656102,18.74638938903809,1063900
2012-08-31,18.60436977530264,18.662847556169236,18.570952990007427,18.629430770874023,2845200
2012-09-04,18.637788750567125,18.662851344626105,18.62108194792815,18.654497146606445,661900
2012-09-05,18.621080064285405,18.646141062408955,18.60437166993625,18.637786865234375,928100
2012-09-06,18.65449755006369,18.67956014466472,18.579311359660984,18.587665557861328,1709300
2012-09-07,18.43729056563097,18.45399895966511,18.37881277991164,18.38716697692871,6999500
2012-09-10,18.4205836928897,18.445646286010746,18.387168495461932,18.445646286010746,1036600
2012-09-11,18.353750603996144,18.353750603996144,18.295272816954128,18.303627014160156,2639400
2012-09-12,18.270209933500137,18.303625125476067,18.261855737156143,18.28691673278809,2335400
2012-09-13,18.270212614106285,18.3036278109849,18.144901243960767,18.16996383666992,5859700
2012-09-14,18.078067779541016,18.10313037020216,18.0195899947318,18.078067779541016,5673000
2012-09-17,18.078065845248,18.119836825213895,18.04465065467525,18.10312843322754,3049800
2012-09-18,18.136547056934475,18.16996384723278,18.111486057611017,18.161609649658203,1785600
2012-09-19,18.15325201578665,18.169960407773004,18.09477423723436,18.10312843322754,1007800
2012-09-20,18.23679389004781,18.253502283415536,18.186670303344727,18.186670303344727,1485100
2012-09-21,18.136547046391048,18.17831803423964,18.119840244651872,18.16996383666992,889800
2012-09-24,18.245147743137395,18.25350193966393,18.203378353904775,18.21173095703125,1002600
2012-09-25,18.186671824149784,18.24514961242676,18.161609232002412,18.24514961242676,756800
2012-09-26,18.286918650345008,18.320335439225037,18.278564453125,18.278564453125,1436800
2012-09-27,18.25350383057921,18.31198161892272,18.195026042235696,18.22844123840332,1382600
2012-09-28,18.22844082255828,18.320335398373253,18.2200866253569,18.311981201171875,884300
2012-10-01,18.25350187312112,18.286917065705385,18.228439283632877,18.27021026611328,3236000
2012-10-02,18.236793499080317,18.270210285099367,18.195024109956567,18.253501892089844,888500
2012-10-03,18.295272816954128,18.328689605778244,18.286918619748096,18.303627014160156,861200
2012-10-04,18.22843970306276,18.236793899751067,18.153253526268085,18.178316116333008,1189300
2012-10-05,18.13654513289147,18.195024509709626,18.11148413622664,18.178316116333008,1400300
2012-10-08,18.228439340565146,18.236793537087312,18.203378344398683,18.22008514404297,508400
2012-10-09,18.278564381894867,18.345396365994297,18.261857580920154,18.33704376220703,1672100
2012-10-10,18.303627024359123,18.328689615991177,18.27856443272707,18.29527282714844,966300
2012-10-11,18.25350569555331,18.270214092044345,18.24515149730779,18.261859893798828,733500
2012-10-12,18.2117347379808,18.253505729285585,18.2117347379808,18.236797332763672,623000
2012-10-15,18.2367954150443,18.278564808556357,18.2367954150443,18.24514961242676,576500
2012-10-16,18.16996383666992,18.203380626948796,18.144901243960767,18.16996383666992,806000
2012-10-17,18.086421976428063,18.10313037020216,18.06136097916705,18.078067779541016,1749200
2012-10-18,18.111484165189612,18.169961948701182,18.103129968487945,18.15325355529785,1423400
2012-10-19,18.17831575483217,18.236793537087312,18.17831575483217,18.22008514404297,1017000
2012-10-22,18.211730947520795,18.236793537087312,18.186669951354336,18.22008514404297,766000
2012-10-23,18.295272816954128,18.328689605778244,18.295272816954128,18.303627014160156,891100
2012-10-24,18.286918619748096,18.337043802984276,18.27856442254207,18.303627014160156,1214200
2012-10-25,18.286918599396664,18.328689585380324,18.27021179840339,18.320335388183594,290600
2012-10-26,18.328689585380324,18.3453963863736,18.286918599396664,18.320335388183594,586800
2012-10-31,18.278562536444095,18.303625125476067,18.261855737156143,18.28691673278809,1560300
2012-11-01,18.28691860956774,18.32868959557463,18.270211808565172,18.311981201171875,499900
2012-11-02,18.40387690155187,18.454000494422743,18.40387690155187,18.437292098999023,2291600
2012-11-05,18.479061126708984,18.495767926959623,18.462352733058225,18.479061126708984,911800
2012-11-06,18.45400047302246,18.470708868426804,18.43729207761811,18.45400047302246,708400
2012-11-07,18.495767603051146,18.5124759964093,18.479060803093084,18.48741340637207,1777800
2012-11-08,18.504121799730225,18.529184389767455,18.479060803093084,18.48741340637207,1490700
2012-11-09,18.537538538087947,18.54589273474523,18.512475948116094,18.529184341430664,1655200
2012-11-12,18.52918433178945,18.54589272509532,18.52083013513651,18.537538528442383,622700
2012-11-13,18.56260109982752,18.57095529718921,18.520831706419266,18.55424690246582,1232700
2012-11-14,18.537540425294956,18.554247226910267,18.495769437756064,18.545894622802734,1553600
2012-11-15,18.537540425294956,18.545894622802734,18.51247783277162,18.545894622802734,2094200
2012-11-16,18.56260106880551,18.629433054187157,18.56260106880551,18.579309463500977,1677000
2012-11-19,18.520832093341095,18.52918629087732,18.470708501524005,18.495769500732425,1250700
2012-11-20,18.5124759964093,18.529184389767455,18.48741340637207,18.48741340637207,1288300
2012-11-21,18.51247789580487,18.51247789580487,18.495769500732425,18.495769500732425,484200
2012-11-23,18.38716737235726,18.395521569553992,18.31198119098686,18.320335388183594,818600
2012-11-26,18.345396376179306,18.353750573371393,18.328689575195312,18.328689575195312,425800
2012-11-27,18.362104385877505,18.39552117394578,18.353750188860435,18.38716697692871,453300
2012-11-28,18.412227694702946,18.420580297470057,18.3453941253661,18.353748321533203,691500
2012-11-29,18.303626983619044,18.36210477056348,18.286918589234865,18.328689575195312,809800
2012-11-30,18.33704379277601,18.345396396577197,18.295272806769116,18.311981201171875,819400
2012-12-03,18.27856288820407,18.27856288820407,18.236793499080317,18.253501892089844,1113600
2012-12-04,18.203380595260253,18.220087396970342,18.186672200149903,18.19502639770508,682900
2012-12-05,18.236797332763672,18.236797332763672,18.2117347379808,18.236797332763672,1768400
2012-12-06,18.261857580920154,18.353750563181745,18.253503383732703,18.33704376220703,1037000
2012-12-07,18.395521193983782,18.40387539100995,18.337043408200753,18.370458602905273,1147500
2012-12-10,18.33704534471065,18.370460542944027,18.33704534471065,18.34539794921875,1620600
2012-12-11,18.295272847565016,18.31198124200503,18.278564453125,18.278564453125,1749100
2012-12-12,18.26185800719167,18.278564808556357,18.178317626767328,18.24514961242676,1649800
2012-12-13,18.25350569555331,18.27856669688947,18.22844310081676,18.261859893798828,577700
2012-12-14,18.23679582382741,18.25350421896685,18.1616096391002,18.16996383666992,1519500
2012-12-17,18.16996383666992,18.17831803423964,18.144901243960767,18.16996383666992,1643700
2012-12-18,18.14489972166308,18.15325391853191,18.094776133850235,18.11148452758789,1702300
2012-12-19,18.05300485066843,18.10312843322754,18.04465065467525,18.10312843322754,1890100
2012-12-20,18.0613609693054,18.11983875408269,18.05300677242291,18.086421966552734,1931100
2012-12-21,18.13654513289147,18.195024509709626,18.13654513289147,18.178316116333008,2173500
2012-12-24,18.153253526268085,18.20337870639793,18.153253526268085,18.178316116333008,526000
2012-12-26,18.1699619196447,18.186670313021313,18.128192529603258,18.178316116333008,424400
2012-12-27,18.13654513289147,18.220085506374453,18.128192529603258,18.178316116333008,442300
2012-12-28,18.19502639770508,18.203380595260253,18.178318002594725,18.19502639770508,408400
2012-12-31,18.186669951354336,18.236793537087312,18.186669951354336,18.22008514404297,340800
2013-01-02,18.161609252667844,18.25350383057921,18.14490085788392,18.22844123840332,898700
2013-01-03,18.295272423069907,18.37881279993144,18.286918226043735,18.370458602905273,1314200
2013-01-04,18.40387539100995,18.420582191662135,18.362104405879105,18.370458602905273,1087600
2013-01-07,18.370458988181333,18.387167382584092,18.311981201171875,18.311981201171875,1973600
2013-01-08,18.345396365994297,18.37045895755665,18.33704376220703,18.33704376220703,1172100
2013-01-09,18.395523071289062,18.41223146704653,18.37046047765286,18.395523071289062,832400
2013-01-10,18.270210332717,18.278562935843475,18.186669960851702,18.21173095703125,2258100
2013-01-11,18.136547056934475,18.17831804480735,18.12819445276016,18.161609649658203,1126900
2013-01-14,18.15325548380139,18.169963878979733,18.11984028684497,18.136547088623047,879800
2013-01-15,18.169961909977,18.220085496680085,18.144899319925415,18.186670303344727,1684000
2013-01-16,18.195024480693174,18.220085477318044,18.186670284018195,18.203378677368164,1140900
2013-01-17,18.18667223180936,18.203380626948796,18.1616096391002,18.16996383666992,416900
2013-01-18,18.24514769558508,18.303625477718356,18.236793499080317,18.253501892089844,722800
2013-01-22,18.236797332763672,18.26185992754654,18.22008893624176,18.236797332763672,747900
2013-01-23,18.2117347379808,18.278566730668057,18.20338213312024,18.236797332763672,748300
2013-01-24,18.26185992754654,18.270214125807495,18.22008893624176,18.236797332763672,255600
2013-01-25,18.203380595260253,18.21173319941517,18.178318002594725,18.19502639770508,996000
2013-01-28,18.195024480693174,18.220085477318044,18.195024480693174,18.203378677368164,191200
2013-01-29,18.178316145402853,18.18667034210452,18.136545161894517,18.15325355529785,890800
2013-01-30,18.10313037020216,18.111484567089217,18.053006782279997,18.078067779541016,2960500
2013-01-31,18.078070022661787,18.08642422058542,18.044654824367573,18.061363220214844,1539900
2013-02-01,18.036296835326503,18.078066222764686,17.986173251720686,18.04465103149414,1045700
2013-02-04,18.11984028684497,18.15325548380139,18.094777694077457,18.136547088623047,846700
2013-02-05,18.178318401992023,18.19502679746948,18.11148641348251,18.12819480895996,594500
2013-02-06,18.195024500028588,18.203378696712452,18.169961909977,18.186670303344727,738700
2013-02-07,18.24514734446816,18.311979321820058,18.23679314812417,18.28691673278809,1216100
2013-02-08,18.27856443272707,18.31198122156981,18.261857631705897,18.29527282714844,900500
2013-02-11,18.311981201171875,18.33704379277601,18.28691860956774,18.311981201171875,1008700
2013-02-12,18.303625458697542,18.311979655193625,18.228439283632877,18.27021026611328,487100
2013-02-13,18.25350345486517,18.286918650345008,18.23679506042516,18.278564453125,224900
2013-02-14,18.36210477056348,18.37045896775557,18.32033537800322,18.328689575195312,621700
2013-02-15,18.362106345035603,18.378814740852455,18.34539794921875,18.34539794921875,1042200
2013-02-19,18.37881091003452,18.387165106201625,18.3453941253661,18.353748321533203,522300
2013-02-20,18.378812036344257,18.504121799730225,18.378812036344257,18.48741340637207,1373200
2013-02-21,18.545894288163687,18.58766368154865,18.51247749873554,18.56260108947754,1818900
2013-02-22,18.57930756563498,18.61272435161241,18.562599172646262,18.570953369140625,437100
2013-02-25,18.52083128149609,18.679557840926194,18.512477084326065,18.646141052246097,3314000
2013-02-26,18.63778683478674,18.67955782059139,18.59601744238227,18.66284942626953,988300
2013-02-27,18.6210823506627,18.637789153663004,18.579311359660984,18.587665557861328,1192500
2013-02-28,18.629432607273458,18.696264591051825,18.612725806378997,18.687911987304688,1144000
2013-03-01,18.771450386565313,18.813221371444275,18.73803519206229,18.74638938903809,3861200
2013-03-04,18.771450396547156,18.77980459352739,18.721326808065896,18.738035202026367,1776600
2013-03-05,18.687911643410605,18.746389428965553,18.67955744641702,18.71297264099121,730500
2013-03-06,18.73803673152407,18.804868719420977,18.73803673152407,18.78816032409668,1083300
2013-03-07,18.712974559178065,18.721328757028004,18.67120516332869,18.704620361328125,633800
2013-03-08,18.85499383151412,18.88005642652036,18.821578631572883,18.84663963317871,855600
2013-03-11,18.854992290635952,18.86334648828864,18.804868698120117,18.804868698120117,601900
2013-03-12,18.77145001333071,18.82157519418882,18.77145001333071,18.79651260375977,213700
2013-03-13,18.854989986253265,18.91346776927486,18.846635789621597,18.8716983795166,504900
2013-03-14,18.89676137207587,18.90511397548544,18.77145001333071,18.79651260375977,706700
2013-03-15,18.704618443997624,18.729681034978384,18.687911643410605,18.71297264099121,1333200
2013-03-18,18.821573248511935,18.83828004700413,18.763093876889435,18.829927444458008,2671100
2013-03-19,18.821578575154746,18.91347156976801,18.813224376844374,18.888410568237305,1268900
2013-03-20,18.796516036566647,18.85499383151412,18.788161838231236,18.84663963317871,882400
2013-03-21,18.8382854348433,18.863348029849536,18.804870234902054,18.84663963317871,337400
2013-03-22,18.788158800507265,18.796512997491945,18.712972621045285,18.72968101501465,530700
2013-03-25,18.779803819545677,18.863344192504883,18.779803819545677,18.863344192504883,735100
2013-03-26,18.8466377153565,18.88005450529768,18.821576716300864,18.854991912841797,407400
2013-03-27,18.930173873901367,18.955236460766333,18.92181967827971,18.930173873901367,1034100
2013-03-28,18.90511547289088,18.90511547289088,18.84663768399139,18.880054473876953,773100
2013-04-01,18.854990368388005,18.86334456518899,18.796512584181237,18.813220977783203,404300
2013-04-02,18.8466377153565,18.871700307812382,18.82993091378616,18.854991912841797,507600
2013-04-03,18.82992937138517,18.82992937138517,18.788158387380253,18.813220977783203,540800
2013-04-04,18.938532695214796,18.946886892876943,18.779806126434533,18.78816032409668,1112300
2013-04-05,18.754743576049805,18.763096179621012,18.712972591193036,18.754743576049805,493400
2013-04-08,18.76309770985669,18.829931291078175,18.76309770985669,18.804868698120117,592600
2013-04-09,18.738035221981193,18.77145041653757,18.696264237035535,18.72132682800293,487600
2013-04-10,18.721326808065896,18.763096199566924,18.712972611085664,18.738035202026367,1021800
2013-04-11,18.687911987304688,18.687911987304688,18.654495198715413,18.687911987304688,807600
2013-04-12,18.69626462151307,18.704618818674,18.6544952291086,18.66284942626953,1658200
2013-04-15,18.67120323946829,18.72968102499206,18.67120323946829,18.72132682800293,838900
2013-04-16,18.646139544189783,18.671202133672853,18.55424497615191,18.570953369140625,1223700
2013-04-17,18.65449447400611,18.788158436370143,18.65449447400611,18.77145004272461,956800
2013-04-18,18.746390961109057,18.77980615841427,18.712974170403555,18.763097763061523,460400
2013-04-19,18.73803481949209,18.813220997379137,18.704618032253347,18.79651260375977,1373100
2013-04-22,18.838283916669297,18.84663811433144,18.779806126434533,18.78816032409668,807200
2013-04-23,18.854991912841797,18.88005450529768,18.821576716300864,18.854991912841797,1002200
2013-04-24,18.863348029849536,18.88005642652036,18.821578631572883,18.84663963317871,1951500
2013-04-25,18.771451907509377,18.829931291078175,18.771451907509377,18.804868698120117,747400
2013-04-26,18.746389418970324,18.754743615959455,18.704618434024667,18.72132682800293,466200
2013-04-29,18.66284945675811,18.67120365393269,18.637786865234375,18.637786865234375,1675500
2013-04-30,18.629433411080026,18.629433411080026,18.5208320302794,18.545894622802734,1611900
2013-05-01,18.504121751458815,18.54589273474523,18.47906075488705,18.529184341430664,590200
2013-05-02,18.637788750567125,18.68791393868508,18.62108194792815,18.654497146606445,1081900
2013-05-03,18.68791203809622,18.69626464186606,18.587663265456104,18.646141052246097,562700
2013-05-06,18.654495198715413,18.704618788199145,18.654495198715413,18.687911987304688,296200
2013-05-07,18.637786804420777,18.687911987304688,18.637786804420777,18.687911987304688,379900
2013-05-08,18.587663629868516,18.604372024536133,18.55424684053327,18.604372024536133,524400
2013-05-09,18.65449446426053,18.804866820191535,18.65449446426053,18.779804229736328,334300
2013-05-10,18.84663768399139,18.938532262776445,18.83828348652,18.880054473876953,738300
2013-05-13,18.880056022697303,18.921825420080555,18.863347626383852,18.913471221923828,1317200
2013-05-14,18.930177303784976,18.98865509033203,18.896762108643877,18.98865509033203,1252600
2013-05-15,19.047132816110835,19.0805496045455,19.00536342396768,19.038780212402344,757200
2013-05-16,19.022071828277525,19.047132826216647,18.955239844772912,19.030426025390625,1887500
2013-05-17,19.13902853859642,19.16409113142532,19.11396594576752,19.147382736206055,1011900
2013-05-20,19.09725800889524,19.09725800889524,19.00536343405133,19.030426025390625,677500
2013-05-21,19.088903801654165,19.11396479957999,18.988655029750348,19.038780212402344,1028900
2013-05-22,19.038779486720117,19.16408925177345,18.93853071863738,19.122318267822266,1448300
2013-05-23,19.013717671605484,19.047132866728777,18.980300883082013,18.99700927734375,858400
2013-05-24,18.988651292540236,18.99700548800469,18.94688190861783,18.971942901611328,918400
2013-05-28,19.030427521965652,19.12232051063596,19.01371912642549,19.105613708496097,502700
2013-05-29,18.98865734497557,19.005365741230104,18.938533749612343,18.96359634399414,445700
2013-05-30,18.871700328796692,18.89676292128044,18.813222539734856,18.83828353881836,820900
2013-05-31,18.880056369926933,18.96359675963023,18.871702171616565,18.888410568237305,1526200
2013-06-03,18.880053343819817,18.91346853830509,18.68791159367912,18.754743576049805,1843900
2013-06-04,18.788160356090646,18.821577146796145,18.75474515878543,18.763097763061523,832600
2013-06-05,18.763096209553225,18.7714504065379,18.712972621045285,18.72968101501465,1766400
2013-06-06,18.662848349832498,18.671202546511573,18.378812036344257,18.48741340637207,2643100
2013-06-07,18.520832072282587,18.554247268989233,18.48741528217569,18.51247787475586,1114000
2013-06-10,18.58766213431193,18.61272472429683,18.495767564434043,18.520830154418945,1415900
2013-06-11,18.47070930252251,18.479063500421024,18.362106323242188,18.362106323242188,1210800
2013-06-12,18.37881091003452,18.395519302368733,18.295270541763458,18.353748321533203,634000
2013-06-13,18.32033541878049,18.345396417012353,18.261857631705897,18.29527282714844,587100
2013-06-14,18.337043833665053,18.337043833665053,18.26185765208518,18.278564453125,612000
2013-06-17,18.286919005938817,18.3286899928511,18.24514961242676,18.24514961242676,579700
2013-06-18,18.32033768811706,18.32033768811706,18.236797299062275,18.261859893798828,608200
2013-06-19,18.253502650945524,18.46235279204696,18.228440060389307,18.428936004638672,1676000
2013-06-20,18.54589272509532,18.604370508265784,18.52918433178945,18.537538528442383,3540400
2013-06-21,18.629432637625808,18.704618818674,18.604371639543203,18.66284942626953,1795700
2013-06-24,18.738033673636014,18.738033673636014,18.64613910774908,18.679555892944336,7513000
2013-06-25,18.69626424700404,18.746389428965553,18.67955744641702,18.71297264099121,979700
2013-06-26,18.75474319357644,18.821575174584183,18.73803479997447,18.813220977783203,938200
2013-06-27,18.804868698120117,18.854992290635952,18.771451907509377,18.804868698120117,1745900
2013-06-28,18.788161838231236,18.88841062485577,18.788161838231236,18.84663963317871,1184200
2013-07-01,18.838283895330584,18.854992290635952,18.79651450046743,18.804868698120117,1386400
2013-07-02,18.9051112870364,18.938528069523024,18.854987706706357,18.930173873901367,1648300
2013-07-03,18.905115504353315,18.905115504353315,18.81322251881557,18.854991912841797,496400
2013-07-05,19.11396406126205,19.14738084840592,19.105611457876194,19.130672454833984,1436600
2013-07-08,19.09725572499166,19.09725572499166,19.063838940535685,19.080547332763672,11033500
2013-07-09,19.08890113438969,19.19750249482729,19.08890113438969,19.155733108520508,1441100
2013-07-10,19.105612206008335,19.11396480972126,18.930177253433616,19.030426025390625,991200
2013-07-11,18.80486719447663,18.8382823890152,18.69626422707592,18.72968101501465,3677500
2013-07-12,18.82157522366121,18.829929420483975,18.74638904565643,18.77145004272461,799200
2013-07-15,18.813222917083127,18.838283916669297,18.779806126434533,18.78816032409668,1286000
2013-07-16,18.729683335383033,18.74639173142235,18.637788750567125,18.654497146606445,795800
2013-07-17,18.637788382733252,18.754745559299877,18.637788382733252,18.696266174316406,8168300
2013-07-18,18.75474360596869,18.788158800507265,18.712972621045285,18.72968101501465,506800
2013-07-19,18.712971084739575,18.72132528103839,18.662847500346707,18.679555892944336,521900
2013-07-22,18.612724323138934,18.612724323138934,18.554244947767895,18.59601593017578,1621900
2013-07-23,18.59601631161285,18.612724704918723,18.52083013513651,18.537538528442383,1086400
2013-07-24,18.570955235200895,18.637787220471154,18.545894236599683,18.604372024536133,1054600
2013-07-25,18.579308301813303,18.579308301813303,18.470706929883605,18.479061126708984,908600
2013-07-26,18.470708857731516,18.49576985742323,18.437292066942177,18.46235466003418,643200
2013-07-29,18.4874156597259,18.512478252817903,18.454000462336847,18.46235466003418,1401400
2013-07-30,18.454000095955557,18.53754047787003,18.454000095955557,18.50412368774414,2149000
2013-07-31,18.562601856350124,18.57931025175447,18.40387688020971,18.45400047302246,2205500
2013-08-01,18.529182034080723,18.629429194684647,18.529182034080723,18.612722396850582,1741300
2013-08-02,18.562601466515957,18.562601466515957,18.48741528217569,18.51247787475586,776900
2013-08-05,18.520830193088376,18.54589278312561,18.48741340637207,18.48741340637207,953900
2013-08-06,18.462354692134603,18.479063087558323,18.420583703575304,18.437292098999023,383900
2013-08-07,18.403877312734743,18.412231510633255,18.35375212534368,18.362106323242188,1735600
2013-08-08,18.320335408572216,18.328689605778244,18.2618576215302,18.303627014160156,1749900
2013-08-09,18.328689585380324,18.33704378257706,18.31198119098686,18.320335388183594,799100
2013-08-12,18.395521193983782,18.395521193983782,18.362104405879105,18.370458602905273,1564000
2013-08-13,18.46235466003418,18.49576985742323,18.454000462336847,18.46235466003418,976900
2013-08-14,18.462354670724633,18.470708868426804,18.428937879915942,18.45400047302246,614100
2013-08-15,18.48741454164445,18.51247713322072,18.31198118081113,18.328689575195312,1530200
2013-08-16,18.303628531352935,18.38716891693772,18.303628531352935,18.362106323242188,1645600
2013-08-19,18.337041522598984,18.362102517700308,18.337041522598984,18.353748321533203,760500
2013-08-20,18.2618560696172,18.278562869209303,18.228439283632877,18.27021026611328,983000
2013-08-21,18.32869112504847,18.395523114836234,18.311982729251444,18.362106323242188,1618800
2013-08-22,18.403873443603516,18.428934438630037,18.378810855177004,18.403873443603516,325600
2013-08-23,18.43729058571447,18.43729058571447,18.337043408200753,18.370458602905273,1691100
2013-08-26,18.370458602905273,18.40387539100995,18.362104405879105,18.370458602905273,363600
2013-08-27,18.353750593778575,18.353750593778575,18.311981201171875,18.311981201171875,491100
2013-08-28,18.37881277991164,18.428936368613904,18.37881277991164,18.38716697692871,976300
2013-08-29,18.504123677229135,18.537540467336036,18.48741528217569,18.51247787475586,786100
2013-08-30,18.52918433178945,18.579307918306977,18.52083013513651,18.537538528442383,843200
2013-09-03,18.579307537212625,18.629431122702034,18.579307537212625,18.59601593017578,1264500
2013-09-04,18.57095373131699,18.587662124631557,18.529184341430664,18.529184341430664,1956500
2013-09-05,18.596019353869178,18.662851344626105,18.579310957829858,18.654497146606445,1345500
2013-09-06,18.570955621925822,18.5793098194336,18.51247783277162,18.545894622802734,533300
2013-09-09,18.495769868133035,18.51247826353738,18.43729207761811,18.45400047302246,557700
2013-09-10,18.470708868426804,18.479063066128976,18.45400047302246,18.45400047302246,1808300
2013-09-11,18.44564476264804,18.45399895966511,18.37881277991164,18.38716697692871,629700
2013-09-12,18.42058217159683,18.42058217159683,18.345395991843365,18.38716697692871,411200
2013-09-13,18.387166996957617,18.428936388688303,18.362104405879105,18.370458602905273,963600
2013-09-16,18.270211788250872,18.328689575195312,18.270211788250872,18.328689575195312,894700
2013-09-17,18.303627024359123,18.328689615991177,18.29527282714844,18.29527282714844,685200
2013-09-18,18.295272108414544,18.303626305297033,18.06971357278776,18.086421966552734,2489800
2013-09-19,18.069713543243747,18.12819292132555,18.069713543243747,18.11148452758789,4203300
2013-09-20,18.128194819691913,18.16161001726631,18.111486424204568,18.11984062194824,2028500
2013-09-23,18.11148641348251,18.15325580877585,18.11148641348251,18.12819480895996,1721600
2013-09-24,18.153255452083627,18.16996384723278,18.12819445276016,18.161609649658203,420300
2013-09-25,18.128191021207073,18.13654362380029,18.086420041241183,18.10312843322754,725300
2013-09-26,18.136545171580003,18.178316155110647,18.12819256827397,18.144899368286133,495300
2013-09-27,18.069713582653964,18.094776173315115,18.04465258539295,18.078067779541016,516900
2013-09-30,18.044650690551265,18.07806588119045,18.036296494541475,18.069711685180664,281900
2013-10-01,18.027944534716365,18.078068123592455,18.019590337670326,18.053007125854492,339200
2013-10-02,17.977823246342936,18.00288424728779,17.96946904822786,17.986177444458008,772400
2013-10-03,17.99452975480189,18.002882358640342,17.936050374131337,17.969467163085938,1360200
2013-10-04,18.00288194357824,18.061361322900535,17.98617514288632,18.053007125854492,445500
2013-10-07,18.01123620085816,18.05300718622806,17.994529400110366,18.00288200378418,1020300
2013-10-08,18.002881993726586,18.027944584934524,17.97782099591881,18.0112361907959,935000
2013-10-09,18.11148645643016,18.144901654064007,18.08642386315455,18.09477806091309,1066900
2013-10-10,18.136547413298395,18.15325580877585,18.094778018005055,18.12819480895996,3259800
2013-10-11,18.08642386315455,18.12819485194723,18.069715467637476,18.09477806091309,883300
2013-10-14,18.05300902229121,18.078070022661787,18.03630062644394,18.061363220214844,323200
2013-10-15,18.15325580877585,18.161610006514575,18.103132215743784,18.12819480895996,624900
2013-10-16,18.08642383097355,18.18667261049732,18.08642383097355,18.11984062194824,706700
2013-10-17,17.944404947204898,17.961113342032146,17.919343948364258,17.919343948364258,1094000
2013-10-18,17.92769655237765,17.936050749791274,17.90263555353701,17.919343948364258,497500
2013-10-21,17.961114916826006,17.961114916826006,17.91934551949586,17.936052322387695,288300
2013-10-22,17.89428177546122,17.89428177546122,17.819095590376907,17.835803985595703,1984700
2013-10-23,17.835802068547327,17.85251046197025,17.8190936751244,17.84415626525879,2519600
2013-10-24,17.81074141395293,17.835804006810935,17.81074141395293,17.819095611572266,490000
2013-10-25,17.82744789123535,17.835802087955905,17.810739497794245,17.82744789123535,290700
2013-10-28,17.85251203523478,17.869218836729907,17.827449442891737,17.860864639282227,798000
2013-10-29,17.8775748754687,17.936052670225124,17.844159675636632,17.910991668701172,1168300
2013-10-30,17.910989406439246,17.98617558831545,17.877572617427507,17.94440460205078,1204200
2013-10-31,18.002879710502324,18.069711685180664,17.98617291188271,18.069711685180664,1646900
2013-11-01,18.144901243960767,18.18667223180936,18.136547046391048,18.16996383666992,2661500
2013-11-04,18.144901621778963,18.15325581952263,18.11984062194824,18.11984062194824,583100
2013-11-05,18.153255452083627,18.186672242381928,18.153255452083627,18.161609649658203,439700
2013-11-06,18.111482629220717,18.128191021207073,18.086420041241183,18.10312843322754,898800
2013-11-07,18.27021067678326,18.286917476750897,18.153253516609276,18.186670303344727,2729200
2013-11-08,18.27856443272707,18.345396417012353,18.270211828916576,18.29527282714844,689600
2013-11-11,18.26185800719167,18.27021220457413,18.2367954150443,18.24514961242676,309200
2013-11-12,18.261856088594605,18.27856288820407,18.228439302575556,18.253501892089844,410800
2013-11-13,18.23679354661086,18.286917132370007,18.19502415737824,18.21173095703125,937600
2013-11-14,18.23679354661086,18.25350193966393,18.186669960851702,18.21173095703125,662700
2013-11-15,18.195024509709626,18.211731309686144,18.178316116333008,18.178316116333008,503700
2013-11-18,18.128192558592943,18.169961948701182,18.111484165189612,18.15325355529785,384100
2013-11-19,18.161607761698388,18.178316155110647,18.12819256827397,18.144899368286133,265800
2013-11-20,18.111485661716294,18.25350383057921,18.10313146432433,18.22844123840332,537100
2013-11-21,18.236795435795283,18.25350383057921,18.21173284361939,18.22844123840332,441200
2013-11-22,18.169961948701182,18.178316145402853,18.144899358596184,18.15325355529785,548000
2013-11-25,18.20337870639793,18.220085506374453,18.178316116333008,18.178316116333008,310400
2013-11-26,18.17831841275365,18.195026808240996,18.11984062194824,18.11984062194824,280100
2013-11-27,18.119838371567845,18.161607761698388,18.111484174861715,18.144899368286133,265800
2013-11-29,18.103132215743784,18.136547413298395,18.08642382026633,18.12819480895996,314400
2013-12-02,18.186670303344727,18.195024500028588,18.16160771329314,18.186670303344727,481300
2013-12-03,18.136547413298395,18.14490161103712,18.08642382026633,18.12819480895996,298900
2013-12-04,18.17831841275365,18.18667261049732,18.094778028717226,18.11984062194824,919600
2013-12-05,18.086420437303556,18.094774633479677,18.027942657470703,18.027942657470703,625800
2013-12-06,18.06135944217519,18.069712044951313,18.027942657470703,18.027942657470703,323900
2013-12-09,18.036298782003836,18.036298782003836,18.002881993726586,18.0112361907959,561800
2013-12-10,17.961111068725586,17.97781946143808,17.94440267601309,17.961111068725586,524600
2013-12-11,17.952756881713867,17.986173667156255,17.919341689671512,17.952756881713867,950300
2013-12-12,17.986177086760865,18.027946483105183,17.969468690863003,18.01959228515625,569000
2013-12-13,18.019588461294585,18.053005245999067,18.019588461294585,18.027942657470703,617400
2013-12-16,17.99452781677246,18.011234616050224,17.969465227755776,17.99452781677246,607100
2013-12-17,18.01958881238912,18.03629720506691,17.969465227755776,17.99452781677246,441300
2013-12-18,17.98617291188271,18.094774273210028,17.919340937204375,18.069711685180664,2020800
2013-12-19,18.10313033071906,18.12819292132555,18.094776133850235,18.11148452758789,1888400
2013-12-20,18.136547456305472,18.136547456305472,18.069715467637476,18.09477806091309,1297400
2013-12-23,18.061363220214844,18.06971582473815,18.03630062644394,18.061363220214844,333000
2013-12-24,18.094776173315115,18.10313037020216,18.069713582653964,18.078067779541016,333400
2013-12-26,18.069711685180664,18.08642007720024,18.069711685180664,18.069711685180664,270500
2013-12-27,17.97782286700843,18.053009055057284,17.961114471130834,18.036300659179688,794800
2013-12-30,17.99452786351685,17.99452786351685,17.936048488992675,17.952756881713867,968300
2013-12-31,17.97782325744629,18.00288425840662,17.95276066308559,17.97782325744629,656900
2014-01-02,18.10313036031771,18.11983875408269,18.078067769670245,18.086421966552734,1220400
2014-01-03,18.11984025518559,18.16996384723278,18.111486057611017,18.161609649658203,968800
2014-01-06,18.15325391853191,18.16160811540074,18.078067740112576,18.11148452758789,707400
2014-01-07,18.12819445276016,18.17831804480735,18.11984025518559,18.161609649658203,947700
2014-01-08,18.178318002594725,18.228441594525524,18.1532554099292,18.19502639770508,1141700
2014-01-09,18.20337870639793,18.211731309686144,18.1699619196447,18.178316116333008,651800
2014-01-10,18.144897819793467,18.144897819793467,18.061359046661607,18.10312843322754,486200
2014-01-13,18.09477841850906,18.11148681435633,18.061363220214844,18.061363220214844,541100
2014-01-14,18.08642386315455,18.10313225867162,18.061362863279236,18.09477806091309,509400
2014-01-15,18.186670313021313,18.211731309686144,18.1699619196447,18.178316116333008,453600
2014-01-16,18.136547056934475,18.186672242381928,18.12819445276016,18.161609649658203,638200
2014-01-17,18.195026042235696,18.245149633187246,18.17831764745177,18.22844123840332,1170200
2014-01-21,18.228441594525524,18.2367957920807,18.186672200149903,18.19502639770508,581900
2014-01-22,18.186669951354336,18.22008514404297,18.186669951354336,18.22008514404297,347900
2014-01-23,18.094778451350944,18.10313264928974,18.036300659179688,18.036300659179688,1391300
2014-01-24,18.044654824367573,18.061363220214844,18.027946428520305,18.061363220214844,1208100
2014-01-27,18.044654824367573,18.06971582473815,18.027946428520305,18.061363220214844,946000
2014-01-28,18.044650690551265,18.08642007720024,18.044650690551265,18.069711685180664,448200
2014-01-29,18.044650690551265,18.08642007720024,18.044650690551265,18.069711685180664,903700
2014-01-30,18.16160771329314,18.203378696712452,18.144899319925415,18.186670303344727,2343900
2014-01-31,18.228443134502715,18.253505729285585,18.20338213312024,18.236797332763672,1531000
2014-02-03,18.211731309686144,18.22843970306276,18.161607722956393,18.178316116333008,1813700
2014-02-04,18.203380595260253,18.220087396970342,18.186672200149903,18.19502639770508,528000
2014-02-05,18.203380626948796,18.22008742868797,18.1616096391002,18.16996383666992,755800
2014-02-06,18.119838371567845,18.153253564992266,18.103129978155582,18.144899368286133,3575900
2014-02-07,18.128192950965175,18.136545554447533,18.078067769670245,18.086421966552734,369200
2014-02-10,18.08642007720024,18.094774273210028,18.06135908257084,18.069711685180664,697500
2014-02-11,18.069711685180664,18.08642007720024,18.027942298531688,18.069711685180664,594200
2014-02-12,18.1114845572002,18.11983875408269,18.078067769670245,18.086421966552734,523700
2014-02-13,18.00288424728779,18.011238445402864,17.986177444458008,17.986177444458008,2552100
2014-02-14,17.961111078074463,17.96946527443506,17.952756881713867,17.952756881713867,511900
2014-02-18,17.92769655237765,17.936050749791274,17.910989750950634,17.919343948364258,1244500
2014-02-19,17.936050374131337,17.977821360324587,17.927696176892685,17.969467163085938,589600
2014-02-20,17.986173620433565,18.01958881238912,17.969465227755776,17.99452781677246,378000
2014-02-21,18.00288425840662,18.00288425840662,17.95276066308559,17.97782325744629,958700
2014-02-24,17.977821360324587,18.002882358640342,17.952758768608636,17.969467163085938,464000
2014-02-25,17.936050404797847,17.977821391062516,17.91934360369218,17.94440460205078,438200
2014-02-26,18.002881993726586,18.036298782003836,17.994529390057437,18.0112361907959,389100
2014-02-27,18.019592654647084,18.019592654647084,17.96111486120582,17.97782325744629,255900
2014-02-28,17.869218836729907,17.902635626520635,17.835803640339417,17.860864639282227,603200
2014-03-03,17.89428103237763,17.93605042528982,17.877572637852673,17.927696228027344,877500
2014-03-04,17.91934360369218,17.96111299655665,17.910989406439246,17.94440460205078,295200
2014-03-05,17.961114916826006,17.961114916826006,17.91934551949586,17.936052322387695,392800
2014-03-06,17.86086498502363,17.869219182633024,17.810741392767508,17.835803985595703,1978100
2014-03-07,17.860863055577337,17.86921725228426,17.83580205885666,17.852510452270508,752100
2014-03-10,17.860864639282227,17.869218836729907,17.8441578377871,17.860864639282227,581600
2014-03-11,17.869218836729907,17.87757303417759,17.835803640339417,17.860864639282227,418700
2014-03-12,17.835802107400898,17.844156304130557,17.80238532048225,17.810739517211914,1455100
2014-03-13,17.768972019256527,17.835804006810935,17.752263624017857,17.819095611572266,878100
2014-03-14,17.810741781629183,17.810741781629183,17.743909792695124,17.777326583862305,215100
2014-03-17,17.78567889320452,17.79403149670915,17.743907908680708,17.760616302490234,456600
2014-03-18,17.777324686402064,17.802385683702262,17.760616292601842,17.768970489501953,1077000
2014-03-19,17.785678102326465,17.92769466319195,17.752261316193362,17.902633666992188,1102000
2014-03-20,17.961111068725586,17.986173657794332,17.936048479656844,17.961111068725586,595200
2014-03-21,17.936052322387695,17.9527607186799,17.91099132134976,17.936052322387695,601400
2014-03-24,17.961111468448212,17.961111468448212,17.852510100200135,17.88592529296875,448200
2014-03-25,17.927694672731285,17.96111145888217,17.86921689036731,17.89427947998047,312500
2014-03-26,17.927694672731285,17.936048869269005,17.88592528344275,17.89427947998047,175300
2014-03-27,17.936050404797847,17.952758799303716,17.90263520918631,17.94440460205078,403000
2014-03-28,17.927696207544912,17.96111299655665,17.91934360369218,17.94440460205078,337900
2014-03-31,17.93605042528982,17.9444046225523,17.89428103237763,17.927696228027344,320100
2014-04-01,17.91098942690259,17.93605042528982,17.89428103237763,17.927696228027344,198800
2014-04-02,17.94440267601309,17.969465265081833,17.927694283300596,17.961111068725586,306600
2014-04-03,18.0112361907959,18.027944584934524,18.002881993726586,18.0112361907959,363600
2014-04-04,18.002880419711328,18.03629720506691,17.986173620433565,17.99452781677246,658500
2014-04-07,17.961111078074463,17.96946527443506,17.936048488992675,17.952756881713867,294700
2014-04-08,17.8441581832051,17.86086498502363,17.819095590376907,17.835803985595703,1182400
2014-04-09,17.827448274402595,17.844156668202817,17.768970489501953,17.768970489501953,782400
2014-04-10,17.78567889320452,17.79403149670915,17.735553711775946,17.760616302490234,776400
2014-04-11,17.768970489501953,17.768970489501953,17.74390789880162,17.768970489501953,549600
2014-04-14,17.8274498091916,17.835804006810935,17.81074141395293,17.819095611572266,358200
2014-04-15,17.8441581832051,17.86086498502363,17.810741392767508,17.835803985595703,431100
2014-04-16,17.83580205885666,17.852510452270508,17.82744786214974,17.852510452270508,192500
2014-04-17,17.810739468735893,17.852510452270508,17.802385272028967,17.852510452270508,243900
2014-04-21,17.844157827365777,17.877573023736748,17.844157827365777,17.869218826293945,160300
2014-04-22,17.844156255563586,17.877571448991183,17.83580205885666,17.852510452270508,177300
2014-04-23,17.844156255563586,17.852510452270508,17.819093665442814,17.852510452270508,107500
2014-04-24,17.86921728143802,17.86921728143802,17.82744789123535,17.82744789123535,467800
2014-04-25,17.819093694514798,17.82744789123535,17.80238530107369,17.82744789123535,285800
2014-04-28,17.78567852042303,17.827447910671236,17.78567852042303,17.810739517211914,243500
2014-04-29,17.819093694514798,17.84415628467646,17.819093694514798,17.82744789123535,133800
2014-04-30,17.777326583862305,17.79403338604559,17.75226399048692,17.777326583862305,545500
2014-05-01,17.768970489501953,17.777324686402064,17.75226209570173,17.768970489501953,598500
2014-05-02,17.835802471302706,17.835802471302706,17.75226209570173,17.768970489501953,330900
2014-05-05,17.752262105585473,17.760616302490234,17.743907908680708,17.760616302490234,238000
2014-05-06,17.677078247070312,17.685432445071616,17.660369851067706,17.677078247070312,581200
2014-05-07,17.668720226996495,17.6937828155789,17.668720226996495,17.685428619384766,802800
2014-05-08,17.71049465954775,17.743909857436545,17.70214046172547,17.727201461791992,880100
2014-05-09,17.80238719515811,17.8525123808145,17.80238719515811,17.835803985595703,553000
2014-05-12,17.819093665442814,17.852510452270508,17.819093665442814,17.852510452270508,381800
2014-05-13,17.86921689036731,17.91098787305591,17.86921689036731,17.89427947998047,278500
2014-05-14,17.894279489510918,17.894279489510918,17.87757109642658,17.88592529296875,385000
2014-05-15,17.91098981350796,17.919344010950763,17.85251202480858,17.869218826293945,427900
2014-05-16,17.860864628851143,17.88592722117955,17.860864628851143,17.869218826293945,358700
2014-05-19,17.85251202480858,17.869218826293945,17.83580362992297,17.869218826293945,201900
2014-05-20,17.877573013305664,17.885927210743592,17.869218815867736,17.877573013305664,420800
2014-05-21,17.910989803057376,17.936050801970925,17.877573013305664,17.877573013305664,864300
2014-05-22,17.927698471917004,17.927698471917004,17.910991668701172,17.910991668701172,217700
2014-05-23,17.952758799303716,17.96111299655665,17.936050404797847,17.94440460205078,639100
2014-05-27,17.9444065205338,17.969469114972107,17.936052322387695,17.936052322387695,330200
2014-05-28,17.977823246342936,17.986177444458008,17.96946904822786,17.986177444458008,1722800
2014-05-29,17.969469059326055,17.986177455566523,17.936052266845124,17.97782325744629,384000
2014-05-30,17.936052322387695,17.961114916826006,17.92769812424159,17.936052322387695,248900
2014-06-02,17.986175203036385,18.00288200378418,17.961112611814446,18.00288200378418,1003500
2014-06-03,17.96111485011279,17.986177444458008,17.96111485011279,17.986177444458008,191700
2014-06-04,17.977821005962404,18.01123620085816,17.977821005962404,18.00288200378418,503600
2014-06-05,18.044653396301847,18.044653396301847,17.919343624165066,17.927696228027344,599300
2014-06-06,17.9527607186799,17.969469114972107,17.936052322387695,17.936052322387695,363900
2014-06-09,17.994529400110366,18.019590397932134,17.969466808888424,18.00288200378418,1982400
2014-06-10,18.01959226330209,18.044654857118484,18.011238065363294,18.036300659179688,393900
2014-06-11,18.002883867424494,18.036300659179688,18.002883867424494,18.036300659179688,200500
2014-06-12,18.002880419711328,18.011234616050224,17.977819424094672,17.99452781677246,4938800
2014-06-13,17.977819424094672,18.011234616050224,17.977819424094672,17.99452781677246,876400
2014-06-16,17.96111299655665,17.969467193809585,17.94440460205078,17.94440460205078,465900
2014-06-17,17.986173620433565,17.99452781677246,17.969465227755776,17.99452781677246,633900
2014-06-18,17.961114916826006,17.986177511264316,17.92769812424159,17.936052322387695,461600
2014-06-19,17.885925273925636,17.91934206005874,17.86921688085909,17.902633666992188,1804200
2014-06-20,17.936052670225124,17.94440686853324,17.910991668701172,17.910991668701172,606700
2014-06-23,17.902635605619448,17.919344000495304,17.877573013305664,17.877573013305664,1338500
2014-06-24,17.88592528344275,17.936048869269005,17.88592528344275,17.89427947998047,467300
2014-06-25,17.869218815867736,17.885927210743592,17.860864618429808,17.877573013305664,229300
2014-06-26,17.90263368605309,17.91934207913743,17.87757109642658,17.88592529296875,362800
2014-06-27,17.860863084717465,17.860863084717465,17.82744789123535,17.82744789123535,275400
2014-06-30,17.819094087423434,17.819094087423434,17.760616302490234,17.760616302490234,900200
2014-07-01,17.777324686402064,17.785678883302175,17.768970489501953,17.768970489501953,367700
2014-07-02,17.819093723668637,17.819093723668637,17.802385330200195,17.802385330200195,191300
2014-07-03,17.877573023736748,17.894281418622356,17.869218826293945,17.869218826293945,352800
2014-07-07,17.885927210743592,17.885927210743592,17.869218815867736,17.877573013305664,219800
2014-07-08,17.877573023736748,17.877573023736748,17.85251202480858,17.869218826293945,274300
2014-07-09,17.860863084717465,17.877571478158572,17.819093694514798,17.82744789123535,1009400
2014-07-10,17.852510452270508,17.86921725228426,17.844156255563586,17.852510452270508,695100
2014-07-11,17.860864639282227,17.87757303417759,17.85251203523478,17.860864639282227,373800
2014-07-14,17.86921725228426,17.86921725228426,17.852510452270508,17.852510452270508,307200
2014-07-15,17.860866478852465,17.91934586700929,17.852513873944748,17.910991668701172,595600
2014-07-16,17.952756881713867,17.952756881713867,17.936048488992675,17.952756881713867,591700
2014-07-17,17.94440460205078,17.96111299655665,17.927696207544912,17.94440460205078,862100
2014-07-18,17.969467193809585,17.977821391062516,17.936050404797847,17.94440460205078,1315700
2014-07-21,17.9444065205338,17.961114916826006,17.936052322387695,17.936052322387695,3294900
2014-07-22,17.986173620433565,18.011234616050224,17.986173620433565,17.99452781677246,436200
2014-07-23,17.986175203036385,18.019590397932134,17.986175203036385,18.00288200378418,2365200
2014-07-24,18.01123426511846,18.027942657470703,18.01123426511846,18.027942657470703,216500
2014-07-25,18.05300902229121,18.06971582473815,18.03630062644394,18.061363220214844,337800
2014-07-28,18.061363220214844,18.061363220214844,18.044654824367573,18.061363220214844,176500
2014-07-29,18.07806966539601,18.10313225867162,18.07806966539601,18.09477806091309,293700
2014-07-30,18.15325548380139,18.169963878979733,18.11984028684497,18.136547088623047,3327900
2014-07-31,18.153255452083627,18.161609649658203,18.136547056934475,18.161609649658203,820900
2014-08-01,18.12819448443414,18.144901286212217,18.08642349648828,18.136547088623047,1786300
2014-08-04,18.119840611221235,18.12819480895996,18.11148641348251,18.12819480895996,787500
2014-08-05,18.1616096391002,18.18667223180936,18.153255441530487,18.16996383666992,529100
2014-08-06,18.195024548522905,18.195024548522905,18.136545171580003,18.144899368286133,1290300
2014-08-07,18.1616096391002,18.203380626948796,18.1616096391002,18.16996383666992,1517300
2014-08-08,18.14490161103712,18.14490161103712,18.094778018005055,18.12819480895996,904000
2014-08-11,18.136547088623047,18.144901286212217,18.136547088623047,18.136547088623047,169900
2014-08-12,18.16160775199952,18.178316145402853,18.144899358596184,18.15325355529785,320800
2014-08-13,18.144901243960767,18.195026429379077,18.136547046391048,18.16996383666992,306000
2014-08-14,18.14490125450905,18.17831804480735,18.12819445276016,18.161609649658203,439400
2014-08-15,18.136547413298395,18.15325580877585,18.119840611221235,18.12819480895996,418100
2014-08-18,18.136547056934475,18.16996384723278,18.136547056934475,18.161609649658203,194800
2014-08-19,18.21173284361939,18.236795435795283,18.21173284361939,18.22844123840332,342200
2014-08-20,18.253503414162413,18.320335398373253,18.253503414162413,18.311981201171875,885900
2014-08-21,18.303625125476067,18.311979321820058,18.278562536444095,18.28691673278809,306600
2014-08-22,18.286918589234865,18.353750573371393,18.286918589234865,18.328689575195312,1079100
2014-08-25,18.378812789916992,18.378812789916992,18.35375019885214,18.378812789916992,496600
2014-08-26,18.362106279774125,18.41223146704653,18.35375208189539,18.395523071289062,969600
2014-08-27,18.370456713867416,18.37881091003452,18.337041522598984,18.353748321533203,1081800
2014-08-28,18.395519302368733,18.395519302368733,18.3453941253661,18.353748321533203,561700
2014-08-29,18.37046047765286,18.41223146704653,18.33704527953824,18.395523071289062,756000
2014-09-02,18.470708868426804,18.479063066128976,18.44564627532029,18.45400047302246,2210600
2014-09-03,18.437292098999023,18.454000494422743,18.428937901287163,18.437292098999023,884600
2014-09-04,18.53753779811224,18.662847556169236,18.53753779811224,18.629430770874023,1796000
2014-09-05,18.629430770874023,18.646139163521628,18.596015578978836,18.629430770874023,763300
2014-09-08,18.679557416564872,18.771450396547156,18.671203219584637,18.738035202026367,1138800
2014-09-09,18.77980654857726,18.7881607464272,18.696266163478185,18.704620361328125,1404100
2014-09-10,18.771450396547156,18.771450396547156,18.72968100504613,18.738035202026367,758500
2014-09-11,18.729680985135744,18.763096179621012,18.72132678816439,18.754743576049805,622200
2014-09-12,18.763096199566924,18.77980459352739,18.696264217125194,18.738035202026367,633100
2014-09-15,18.738035202026367,18.746389399006603,18.721326808065896,18.738035202026367,917700
2014-09-16,18.72968295487794,18.73803715272788,18.654496767628807,18.704620361328125,1488200
2014-09-17,18.68791120284894,18.838281964988084,18.679557006052303,18.82157516479492,2058700
2014-09-18,18.771450396547156,18.788158790507627,18.72968100504613,18.738035202026367,1146700
2014-09-19,18.79651414474569,18.85499193380753,18.79651414474569,18.83828353881836,4859200
2014-09-22,18.838281964988084,18.87169875217464,18.82157516479492,18.82157516479492,1261500
2014-09-23,18.78815837760837,18.846636161784723,18.771449984015092,18.82157516479492,716900
2014-09-24,18.88840832632611,18.92182352220106,18.88005412900732,18.905115127563477,1746800
2014-09-25,18.980297445602485,18.988651641220343,18.921819669677372,18.93852806091309,4432700
2014-09-26,18.988654706699815,19.05548668903197,18.980300509733276,19.04713249206543,1206900
2014-09-29,19.022071828277525,19.047132826216647,19.00536343405133,19.030426025390625,1324300
2014-09-30,19.13902890617612,19.13902890617612,19.08890531295593,19.105613708496097,2182500
2014-10-01,19.12232053219035,19.13902892774935,19.06384274113416,19.088905334472656,2711200
2014-10-02,19.022071828277525,19.08054961466904,18.988655039825133,19.030426025390625,2002000
2014-10-03,19.230920421121635,19.281044006347656,19.22256622468396,19.281044006347656,4528100
2014-10-06,19.222567421487017,19.23092161844483,19.03042567165776,19.063840866088867,2433400
2014-10-07,19.047132826216647,19.09725800889524,19.00536343405133,19.030426025390625,1793900
2014-10-08,19.03878255607809,19.08890615150013,18.930179573696567,18.946887969970703,5304300
2014-10-09,18.955237972678823,19.038778342158857,18.93017538381481,19.005361557006836,2343300
2014-10-10,19.080549220254923,19.10561181107615,19.04713243249329,19.097257614135746,5000900
2014-10-13,18.997009287467353,19.030426076008627,18.980300893196713,18.98865509033203,1278100
2014-10-14,19.047132462240217,19.088903447007496,19.02207146477999,19.072195053100582,1088200
2014-10-15,18.888406772779938,18.955238752433203,18.75474281347341,18.8716983795166,3995200
2014-10-16,18.91346776927486,18.946884555801535,18.821574793126672,18.8716983795166,2590000
2014-10-17,18.88005029357133,18.938528069523024,18.87169609794967,18.930173873901367,774900
2014-10-20,18.921821975556306,18.921821975556306,18.854989995868955,18.863344192504883,632500
2014-10-21,18.913471155230543,18.96359634399414,18.913471155230543,18.96359634399414,975900
2014-10-22,19.0304256915325,19.063840885998506,19.013717297599428,19.04713249206543,1199500
2014-10-23,19.04713247217324,19.088903456962303,19.04713247217324,19.063840866088867,1654900
2014-10-24,19.022071828277525,19.047132826216647,18.988655039825133,19.030426025390625,760600
2014-10-27,19.013719602586132,19.02207380056543,18.96359600811069,18.980302810668945,1045400
2014-10-28,18.938533771833637,18.980303169118606,18.930179573696567,18.946887969970703,824900
2014-10-29,18.946887159021777,19.105613730031656,18.90511617012428,19.088905334472656,4131300
2014-10-30,19.130672445064004,19.139026641845703,19.08890305455561,19.139026641845703,1385100
2014-10-31,19.33952369086579,19.356232085385116,19.27269170618868,19.289400100708008,2494300
2014-11-03,19.364585856336785,19.406355248315357,19.35623165926104,19.38129425048828,3115800
2014-11-04,19.372938202457135,19.381292398734697,19.28939783308155,19.331167221069336,961900
2014-11-05,19.44812586895545,19.45648006587452,19.398000687441034,19.42306327819824,1306900
2014-11-06,19.473187982458263,19.565082560435016,19.464833785060357,19.55672836303711,2041900
2014-11-07,19.51495783101653,19.523312027927084,19.414709061490015,19.43977165222168,2449300
2014-11-10,19.414708679891667,19.50660325070143,19.40635448314532,19.49824905395508,3801400
2014-11-11,19.49824945706973,19.51495785090787,19.381293887003032,19.42306327819824,1471200
2014-11-12,19.439773182283684,19.514959366996276,19.423064787147496,19.489896774291992,881500
2014-11-13,19.464834202691403,19.498250993000013,19.44812740093736,19.473188400268555,1127000
2014-11-14,19.57343563594122,19.581789832860288,19.389646490521965,19.42306327819824,1879500
2014-11-17,19.481542534588737,19.523313522338867,19.481542534588737,19.523313522338867,941000
2014-11-18,19.431419372558594,19.464834570097665,19.42306517482375,19.431419372558594,2395500
2014-11-19,19.431417112256057,19.47318650267127,19.381293525077783,19.464832305908203,1783800
2014-11-20,19.431417455311124,19.48154104337431,19.414709061490015,19.43977165222168,1938900
2014-11-21,19.540019603453658,19.61520578523096,19.540019603453658,19.59849739074707,1371800
2014-11-24,19.59849585480001,19.59849585480001,19.540018072089534,19.54837226867676,647100
2014-11-25,19.573437135387593,19.573437135387593,19.48154255563827,19.50660514831543,2760200
2014-11-26,19.464834548632997,19.473188746358623,19.406356757953887,19.44812774658203,1043100
2014-11-28,19.514956696536427,19.606849670410156,19.514956696536427,19.606849670410156,652300
2014-12-01,19.49824712878689,19.523309716551378,19.4731845410224,19.514955520629883,755600
2014-12-02,19.631915677855527,19.67368507385254,19.615207282096595,19.67368507385254,884000
2014-12-03,19.732162475585938,19.74886927626523,19.70709988446676,19.732162475585938,1289900
2014-12-04,19.67367968291249,19.690388074093025,19.56507832703878,19.656972885131836,2190000
2014-12-05,19.782285347183752,19.840763130941458,19.782285347183752,19.80734634399414,976700
2014-12-08,19.807346707334432,19.824055101114585,19.71545372834385,19.76557731628418,1889500
2014-12-09,19.64026987573499,19.682039271732005,19.54002109458172,19.67368507385254,1616200
2014-12-10,19.631916449660288,19.648624846076093,19.54837606098166,19.56508445739746,980100
2014-12-11,19.64862252302585,19.682037718506407,19.631914128585475,19.640268325805664,2236800
2014-12-12,19.556728342282465,19.60685193321649,19.53166575011534,19.573436737060547,1318500
2014-12-15,19.606851567537277,19.63191415923697,19.548373780304857,19.615205764770508,1093700
2014-12-16,19.44812740093736,19.540020387485512,19.439773203360208,19.473188400268555,1392600
2014-12-17,19.540019150350123,19.748869296355235,19.52331234965384,19.7154541015625,2199500
2014-12-18,19.78228951649072,19.80735051858295,19.75722692099805,19.773935317993164,1398100
2014-12-19,19.773931092341737,19.865825662776732,19.748868502204896,19.857471466064453,1562600
2014-12-22,19.85747144667964,19.89088664009605,19.824054659863137,19.87417984008789,1002000
2014-12-23,19.974428176879883,19.974428176879883,19.941012981517655,19.974428176879883,876100
2014-12-24,19.94101110549148,19.949363708496097,19.924302712682177,19.949363708496097,231500
2014-12-26,19.949367512207544,19.974430106200145,19.949367512207544,19.95772171020508,400400
2014-12-29,19.949363642937744,20.024549816932485,19.93265684358338,20.007843017578125,924000
2014-12-30,19.932660709612826,19.95772171020508,19.91595231361776,19.95772171020508,1883200
2014-12-31,19.98278199983099,20.03290558863571,19.966073605762706,20.02455139160156,2858800
2015-01-02,20.1498637991819,20.21669578552246,20.1415096017143,20.21669578552246,1887600
2015-01-05,20.308586491663853,20.308586491663853,20.233400316293725,20.25846290588379,2855500
2015-01-06,20.300233840942383,20.308588038108553,20.208340858914863,20.300233840942383,2262700
2015-01-07,20.408836404699127,20.44225159929888,20.33365022509949,20.37541961669922,2384600
2015-01-08,20.458961486816406,20.467315684426246,20.4004836969478,20.458961486816406,1685500
2015-01-09,20.46731036686264,20.46731036686264,20.350354817511377,20.36706161499023,2320100
2015-01-12,20.408832592187007,20.417186787626363,20.350354817511377,20.36706161499023,1938700
2015-01-13,20.44225344822904,20.467316041495792,20.392129855095824,20.425546646118164,1003700
2015-01-14,20.350358609127557,20.40883639469859,20.33365021513579,20.383773803710938,1373300
2015-01-15,20.408836001681152,20.53414576740598,20.38377341117614,20.450605392456055,2587500
2015-01-16,20.550857555148333,20.667813143353932,20.509086564074632,20.542503356933594,3106100
2015-01-20,20.559207526427873,20.634393701502017,20.550853329930742,20.626039505004883,1526900
2015-01-21,20.467311438800103,20.617683777784254,20.40883366106181,20.56756019592285,2895500
2015-01-22,20.684519540493024,20.893369695473687,20.626041752042475,20.87666130065918,3542900
2015-01-23,21.05209699592049,21.060449600219727,20.9351398215274,21.060449600219727,2381900
2015-01-26,21.052097353045223,21.052097353045223,20.976911165874323,21.027034759521484,2516900
2015-01-27,20.8515952659243,20.88501205003634,20.759702296416116,20.82653427124023,2282400
2015-01-28,20.876660894613313,20.96855547090555,20.834891501789674,20.951847076416016,1987000
2015-01-29,20.935138661493003,21.043741632168775,20.88501507147352,20.968555450439453,1564500
2015-01-30,20.99361801147461,21.01868060505006,20.96855701129947,20.99361801147461,1740900
2015-02-02,20.96855547090555,20.976909668150316,20.901723486347613,20.951847076416016,1816100
2015-02-03,20.809828553541443,20.82653694774473,20.62604099750581,20.70958137512207,4196800
2015-02-04,20.75970418789801,20.843244562389778,20.75970418789801,20.834890365600582,1158600
2015-02-05,20.759706908993213,20.776415304761656,20.659458127782884,20.684520721435547,922900
2015-02-06,20.885015112275173,20.960201294151386,20.868306717769304,20.935138702392575,2861900
2015-02-09,20.92678483970404,20.93513903709054,20.8683070513988,20.918432235717773,1661800
2015-02-10,20.943492889404297,20.968555481150844,20.91843189105795,20.943492889404297,1133800
2015-02-11,20.968555076036633,21.035387059336024,20.960200878949188,21.018678665161133,2328700
2015-02-12,20.88501588602505,20.901724281149935,20.77641450451383,20.81818389892578,1878600
2015-02-13,20.793119410963502,20.826536198167357,20.759704217159765,20.80982780456543,1038800
2015-02-17,20.776412640117623,20.843244621219647,20.768058443304856,20.784765243530273,754000
2015-02-18,20.81818202096848,20.90172239565666,20.76805843351562,20.793119430541992,1736200
2015-02-19,20.83489191740203,20.86830711364746,20.818183522579197,20.86830711364746,523800
2015-02-20,20.935137205431,20.95184559874214,20.78476485243092,20.85159683227539,1902500
2015-02-23,20.893367748100225,20.935137137843135,20.876659354843028,20.910076141357425,2062500
2015-02-24,20.918432298115956,20.98526428400705,20.859952916236043,20.86830711364746,1096300
2015-02-25,20.843242663296255,20.910074638120378,20.809825879184213,20.82653427124023,1104000
2015-02-26,20.960200848842003,21.06880222402246,20.95184665176656,21.04374122619629,1625200
2015-02-27,21.052093505859375,21.077154501403005,21.010322524286625,21.052093505859375,2502900
2015-03-02,21.043738949938597,21.102216729741126,21.01867636142323,21.093862533569336,2238700
2015-03-03,21.068801860044008,21.09386445083737,21.010324074926302,21.08551025390625,1175900
2015-03-04,21.135633400414186,21.227527971336016,21.135633400414186,21.19411277770996,1635700
2015-03-05,21.286006917289335,21.33613210056504,21.24423752462644,21.294361114501953,1929500
2015-03-06,21.51156389285432,21.570041675677288,21.51156389285432,21.553333282470703,3306000
2015-03-09,21.536626482664197,21.57839587228058,21.51156389285432,21.553333282470703,2286300
2015-03-10,21.703706338621167,21.787246713964155,21.636874357026805,21.778892517089844,4272800
2015-03-11,21.92926365129037,22.054573410617735,21.895846865656384,22.02115821838379,3921600
2015-03-12,21.879142416399603,21.94597440144633,21.845725627176133,21.904203414916992,2784500
2015-03-13,21.97103418892542,22.138114939032885,21.97103418892542,22.1297607421875,3128100
2015-03-16,21.98774372243419,22.02116051154802,21.904203343049826,21.962682723999023,3028400
2015-03-17,21.90420492136768,21.979391108891164,21.870789723246308,21.971036911010746,2263500
2015-03-18,21.97103583790707,21.97103583790707,21.528274525672146,21.53662872314453,6037600
2015-03-19,21.795600499525246,21.91255606675824,21.778892106091934,21.8624324798584,3046600
2015-03-20,21.620167154450098,21.67029233845763,21.461442185293546,21.570043563842773,5947100
2015-03-23,21.369547244930946,21.453087623457215,21.319423655175257,21.336132049560547,4322300
2015-03-24,21.352840358957465,21.453089138950823,21.352840358957465,21.402965545654297,1700100
2015-03-25,21.277650444721026,21.3611908145135,21.277650444721026,21.344482421875,5766300
2015-03-26,21.294360338160097,21.486502086844677,21.269297747435967,21.41967010498047,1953900
2015-03-27,21.44473267590423,21.469795266605225,21.352838103400742,21.436378479003903,1464600
2015-03-30,21.553335127977917,21.61181450920827,21.511565734785023,21.60346031188965,2087300
2015-03-31,21.703707136639583,21.720415531002555,21.54498217039193,21.63687515258789,2205300
2015-04-01,21.603461850779965,21.70370903894396,21.586753454952525,21.64523124694824,1787000
2015-04-02,21.46979680996188,21.494857809064243,21.42802582245752,21.4781494140625,2079800
2015-04-06,21.219173013550733,21.386253755888948,21.18575782112312,21.31106758117676,4332500
2015-04-07,21.48650130304444,21.561687479073996,21.428023520221473,21.553333282470703,3336400
2015-04-08,21.428027268785225,21.611816439409107,21.428027268785225,21.586753845214844,1595900
2015-04-09,21.645228514752933,21.8373702623142,21.62852012103453,21.81230926513672,5820800
2015-04-10,21.8624324798584,21.904201870041582,21.820663089675215,21.8624324798584,2372800
2015-04-13,21.90420342521507,21.920911819834657,21.862434032066307,21.895849227905273,3787600
2015-04-14,21.737125407467897,21.737125407467897,21.636876627855003,21.728771209716797,1565500
2015-04-15,21.728769738400945,21.803955919669473,21.60345996742012,21.628520965576172,1838800
2015-04-16,21.53662913266864,21.620167922180556,21.402965157369245,21.461442947387695,2882400
2015-04-17,21.48650209677575,21.494856293687658,21.394609117545077,21.41131591796875,1840500
2015-04-20,21.53662872314453,21.570043919633846,21.494857735782585,21.53662872314453,1430500
2015-04-21,21.62851753561836,21.636871731478923,21.469792594467464,21.56168556213379,1709900
2015-04-22,21.52827037209147,21.58674814971548,21.519916176230907,21.56168556213379,693600
2015-04-23,21.54498372116138,21.56169052332669,21.36119455674027,21.402965545654297,1236700
2015-04-24,21.319425582885746,21.411318573513473,21.2860087910936,21.319425582885746,2295700
2015-04-27,21.327776355500124,21.352837351918993,21.202464999805464,21.25259017944336,2261800
2015-04-28,21.210819981222528,21.210819981222528,21.09386441120685,21.118927001953125,3006600
2015-04-29,20.99361648976292,21.00197068701585,20.801474733146033,20.935138702392575,6270900
2015-04-30,20.943491766580618,20.968554356983503,20.768058413960727,20.80982780456543,4334100
2015-05-01,20.80982737521432,20.96855392435753,20.784764785328527,20.910076141357425,3059800
2015-05-04,20.943492858729613,21.001970645985708,20.943492858729613,20.968555450439453,1788900
2015-05-05,20.96855392435753,21.00196911747184,20.86830515821443,20.910076141357425,4566800
2015-05-06,20.742996610618626,20.759705004854524,20.626041037767667,20.676164627075195,4300300
2015-05-07,20.75970424649209,20.82653622759411,20.742995852866553,20.784765243530273,5211300
2015-05-08,20.77641261076169,20.876659785573025,20.759704217159765,20.80982780456543,2066800
2015-05-11,20.893369695473687,20.90172389288094,20.843246104430392,20.87666130065918,1624500
2015-05-12,20.75970458984375,20.76805878679469,20.70122680458731,20.75970458984375,1658100
2015-05-13,20.6176872767565,20.634395671345818,20.5174385026208,20.575916290283203,3241200
2015-05-14,20.46731340419399,20.584268970901356,20.46731340419399,20.509082794189453,2641300
2015-05-15,20.600977719035686,20.61768611268165,20.442251166199288,20.47566795349121,2638400
2015-05-18,20.575915855059964,20.692873021311097,20.575915855059964,20.676164627075195,1648900
2015-05-19,20.93513903709054,20.960201629250022,20.893369643558284,20.918432235717773,2874900
2015-05-20,20.97690774904004,21.027031334522796,20.918429967076815,20.9601993560791,3120700
2015-05-21,20.935136804527815,20.96019939401458,20.90172161194552,20.926782608032227,1373500
2015-05-22,21.068801820460575,21.13563380238384,21.068801820460575,21.118927001953125,2198500
2015-05-26,21.32777751844997,21.377901107420897,21.294360730202573,21.35283851623535,3438300
2015-05-27,21.44473308042609,21.45308727748401,21.32777750841556,21.36119270324707,2553500
2015-05-28,21.39460796183181,21.44473154719547,21.277650804783185,21.30271339416504,2598500
2015-05-29,21.29436114514071,21.327777934039258,21.235883357968444,21.269298553466797,1380600
2015-06-01,21.29436068018738,21.444733040147145,21.277652286102928,21.394609451293945,1924200
2015-06-02,21.127283171098465,21.135635775393467,20.993617601374133,21.068803787231445,2613000
2015-06-03,21.06044656516153,21.06044656516153,20.90172161194552,20.926782608032227,2798100
2015-06-04,20.93513868192648,20.96855547090555,20.859952500123775,20.951847076416016,2653700
2015-06-05,21.25259254810009,21.269299349774656,21.102220179227167,21.13563537597656,9123700
2015-06-08,21.02702980716367,21.043738198910944,20.876657468238076,20.89336585998535,2181900
2015-06-09,20.92678490212714,20.9602016917728,20.843246114813443,20.86830711364746,1720800
2015-06-10,20.717935519289412,20.809830100840067,20.70958291496689,20.751352310180664,3695600
2015-06-11,20.876659785573025,20.926783372978687,20.793119410963502,20.80982780456543,2166800
2015-06-12,20.876659805230172,20.89336819884783,20.75135003989796,20.793119430541992,1882300
2015-06-15,20.893368534268163,20.893368534268163,20.76805876692424,20.776412963867188,3983700
2015-06-16,20.81818389892578,20.85995329333773,20.793121306238454,20.81818389892578,2510200
2015-06-17,20.776411845602468,20.859950623735283,20.609331102536725,20.6343936920166,3489300
2015-06-18,20.509080824784615,20.63439216953804,20.500728222307664,20.56756019592285,3449400
2015-06-19,20.617687225341797,20.642748223763068,20.58427043624649,20.617687225341797,1866100
2015-06-22,20.60933266369519,20.67616464730401,20.559209074338625,20.65945625305176,4485400
2015-06-23,20.926784860478477,20.935139057873265,20.83489187593625,20.901723861694336,2062300
2015-06-24,20.893369716298068,20.910078111129227,20.82653773037365,20.859952926635746,1201100
2015-06-25,20.843242663296255,20.86830365798032,20.818180075212226,20.82653427124023,2613500
2015-06-26,20.910078079880183,20.94349327609234,20.851598698058517,20.8850154876709,1349400
2015-06-29,20.9100769381532,20.93513793559388,20.717933595173815,20.76805877685547,3796100
2015-06-30,20.80982737521432,20.943491334471737,20.801473178585724,20.910076141357425,7634100
2015-07-01,21.018680183806072,21.093866369625275,20.98526498644214,21.077157974243164,2330200
2015-07-02,21.03538895736273,21.043743155203977,20.98526536371557,21.027034759521484,3496800
2015-07-06,21.127283171098465,21.127283171098465,21.01032599676471,21.068803787231445,1954800
2015-07-07,21.25259254810009,21.269299349774656,21.093865981689756,21.13563537597656,3097000
2015-07-08,21.068800305088452,21.11892548297575,21.035385113230276,21.052093505859375,1298400
2015-07-09,21.068801820460575,21.16905059004554,21.06044762354515,21.118927001953125,3374900
2015-07-10,20.91843186041997,21.027033237695548,20.91007766318336,20.968555450439453,2044100
2015-07-13,21.127282719335497,21.18576050855181,21.102220126785543,21.177406311035156,1643500
2015-07-14,21.085511773655757,21.16069795805479,21.085511773655757,21.14398956298828,612000
2015-07-15,21.21081731048075,21.27764928398892,21.21081731048075,21.23587989807129,1598600
2015-07-16,21.35283851623535,21.3611927132972,21.269298139017025,21.35283851623535,2289000
2015-07-17,21.36119455674027,21.402965545654297,21.36119455674027,21.402965545654297,1151700
2015-07-20,21.42802431179256,21.436378508704465,21.36954652680937,21.41131591796875,2512700
2015-07-21,21.37790184993144,21.386256047283453,21.22752948439566,21.26094627380371,2840400
2015-07-22,21.336130170547506,21.37789955943203,21.31106758117676,21.31106758117676,1785000
2015-07-23,21.29436151130293,21.29436151130293,21.20246693365197,21.227529525756836,3810000
2015-07-24,21.311069864515563,21.311069864515563,21.22752948439566,21.26094627380371,743400
2015-07-27,21.07715414122576,21.102216729741126,21.03538475376681,21.093862533569336,5693200
2015-07-28,21.160694491180017,21.177402883509096,21.110570907592773,21.110570907592773,2007400
2015-07-29,21.14398914547416,21.252592117861703,21.052096161223417,21.227529525756836,1706900
2015-07-30,21.30271338471984,21.369545362975117,21.30271338471984,21.31106758117676,2261100
2015-07-31,21.06880294201768,21.269298898460484,21.05209614069761,21.244237899780273,1651200
2015-08-03,21.2692985228641,21.311069508927183,21.24423752462644,21.294361114501953,1996500
2015-08-04,21.286008370095324,21.4113181500368,21.252593172364406,21.402965545654297,1009500
2015-08-05,21.38625525425172,21.453087237189372,21.34448426904058,21.394609451293945,884200
2015-08-06,21.402963698606445,21.402963698606445,21.33613171551182,21.35283851623535,1835600
2015-08-07,21.444735365305615,21.46144376120169,21.29436298904163,21.319425582885746,1993200
2015-08-10,21.327776394074935,21.33613059069636,21.18575823831086,21.219173431396484,1613700
2015-08-11,21.160695648446584,21.260944414503612,21.15234145182516,21.219173431396484,5032700
2015-08-12,21.04374319862551,21.04374319862551,20.935140219865534,20.99361801147461,2714900
2015-08-13,21.077158353168645,21.118929342374877,21.027034759521484,21.027034759521484,1704900
2015-08-14,21.052095059581905,21.102218647768492,21.010324074926302,21.08551025390625,5183200
2015-08-17,21.068801820460575,21.160696393130113,21.068801820460575,21.118927001953125,865800
2015-08-18,21.18575861021096,21.18575861021096,21.143987626370578,21.169050216674805,567100
2015-08-19,21.17740328250886,21.17740328250886,21.027030935514,21.035385131835938,1372300
2015-08-20,20.976910024023017,21.010325220168777,20.91007803833128,20.918432235717773,3300700
2015-08-21,20.7931217483943,20.826538539354654,20.684520364573725,20.71793556213379,5819900
2015-08-24,20.233401454499916,20.475668387298793,20.216694653900113,20.37541961669922,4701500
2015-08-25,20.525791177876343,20.667809334554125,20.517436981201172,20.517436981201172,3267600
2015-08-26,20.692872597733132,20.79311977429615,20.6176864186108,20.76805877685547,4857700
2015-08-27,20.89336966429955,20.943493255268056,20.84324607333104,20.901723861694336,9085500
2015-08-28,20.88501507147352,21.018679040458935,20.88501507147352,20.968555450439453,1192600
2015-08-31,20.901723506781043,21.00197068701585,20.901723506781043,20.935138702392575,1489000
2015-09-01,20.851597195170132,20.89336817917495,20.793119410963502,20.80982780456543,1700600
2015-09-02,20.91007803833128,20.93513903709054,20.88501544617179,20.918432235717773,864900
2015-09-03,21.04374125642347,21.07715645137308,20.9936160738988,21.018678665161133,2175700
2015-09-04,21.01868060505006,21.06880419880065,20.951848615582502,20.99361801147461,1015000
2015-09-08,20.95184743186353,20.960201629250022,20.893369643558284,20.918432235717773,602000
2015-09-09,21.00197102278228,21.027033614941768,20.918432235717773,20.918432235717773,1448900
2015-09-10,20.910076543303163,20.9434917370598,20.801473578443833,20.834890365600582,1149500
2015-09-11,20.834892704767046,20.843246902494172,20.742998123168945,20.742998123168945,679600
2015-09-14,20.751352310180664,20.809830100840067,20.751352310180664,20.751352310180664,667300
2015-09-15,20.776412581476382,20.859951362568037,20.7680583846872,20.834890365600582,780800
2015-09-16,20.809828158238833,20.818182355181783,20.7429961760954,20.776412963867188,909000
2015-09-17,20.734643189450047,20.78476678063334,20.5592098236084,20.5592098236084,2143500
2015-09-18,20.550854436435404,20.78476557734921,20.550854436435404,20.76805877685547,1347200
2015-09-21,20.834888082269828,20.926781050079963,20.818179690522552,20.89336585998535,746200
2015-09-22,20.95184513123762,21.018677109590847,20.9351367382993,20.985261917114254,1691700
2015-09-23,21.001968716652527,21.027031306060007,20.9351367382993,20.985261917114254,526900
2015-09-24,20.88501544617179,20.92678483970404,20.801475065707056,20.918432235717773,1780900
2015-09-25,21.001970666484414,21.018679060973955,20.951847076416016,20.951847076416016,626700
2015-09-28,21.02703137257923,21.03538556907482,20.89336741544993,20.926782608032227,1812100
2015-09-29,20.96019783357451,20.96019783357451,20.86830327236444,20.89336585998535,620200
2015-09-30,20.968555450439453,21.01032484322232,20.96020125320284,20.968555450439453,821100
2015-10-01,20.97690774904004,20.97690774904004,20.90172157411588,20.9601993560791,1220500
2015-10-02,20.768057985471412,20.910076141357425,20.734641198957014,20.910076141357425,1398600
2015-10-05,20.88501544617179,20.943493234477035,20.8683070513988,20.918432235717773,1415100
2015-10-06,20.893368534268163,20.893368534268163,20.76805876692424,20.776412963867188,698600
2015-10-07,20.78476712976051,20.834892315186007,20.76806032801894,20.801475524902344,965500
2015-10-08,20.79312170539444,20.809830100840067,20.67616612407564,20.751352310180664,1499500
2015-10-09,20.659456263170256,20.67616465743069,20.60933267378914,20.65110206604004,1041500
2015-10-12,20.626039495523308,20.6343936920166,20.592622709550135,20.6343936920166,1162800
2015-10-13,20.634395640446957,20.651102441611048,20.60097885131836,20.60097885131836,819900
2015-10-14,20.517439634629007,20.550856425651343,20.40883825060699,20.425546646118164,1267500
2015-10-15,20.542501428747222,20.57591662506934,20.48402364013334,20.5592098236084,891500
2015-10-16,20.56756176082049,20.617685346495584,20.542499171282913,20.592622756958008,851800
2015-10-19,20.62604106804957,20.66781046030047,20.617686870919353,20.65110206604004,657500
2015-10-20,20.609331102536725,20.65110049160313,20.592622709550135,20.6343936920166,696400
2015-10-21,20.634395255073564,20.66781045017788,20.62604105794744,20.65945625305176,973200
2015-10-22,20.859950591713535,20.96855355255957,20.859950591713535,20.9601993560791,1042400
2015-10-23,21.068803389077516,21.152343771051388,21.060449191540105,21.13563537597656,1556600
2015-10-26,21.127283171098465,21.127283171098465,21.043742787545863,21.068803787231445,457700
2015-10-27,21.077156056975127,21.102218647768492,21.043740862650782,21.08551025390625,428300
2015-10-28,21.043741922852057,21.277653075107516,20.968555740084167,21.26094627380371,1547600
2015-10-29,21.244236394187393,21.244236394187393,21.152341823138652,21.169050216674805,847700
2015-10-30,21.093862533569336,21.118925122084704,21.01032216525144,21.093862533569336,1029400
2015-11-02,21.03538857918818,21.102220567316326,21.03538857918818,21.077157974243164,713500
2015-11-03,21.1606979685888,21.210821560413024,21.13563537597656,21.13563537597656,1132700
2015-11-04,21.252589799378395,21.336130170547506,21.24423560292148,21.31106758117676,2291200
2015-11-05,21.31942557195371,21.344486572384632,21.294362978122457,21.32777976989746,2320000
2015-11-06,21.578397750854492,21.611814540176866,21.544982554932336,21.578397750854492,3481300
2015-11-09,21.603460709523404,21.603460709523404,21.503211933254978,21.53662872314453,2125700
2015-11-10,21.62852132076815,21.64522971541337,21.570043532910105,21.59510612487793,1386900
2015-11-11,21.54498292061692,21.570043919633846,21.503211933254978,21.53662872314453,12430500
2015-11-12,21.56168823576604,21.56168823576604,21.411315878429715,21.444732666015625,5168800
2015-11-13,21.528274546601605,21.586752335564935,21.519920349121097,21.519920349121097,1042200
2015-11-16,21.578397365717684,21.63687515258789,21.5700431685362,21.63687515258789,2398900
2015-11-17,21.66193770346896,21.70370709589779,21.62852091480575,21.67029190063477,3042600
2015-11-18,21.66193770346896,21.720415490229396,21.62852091480575,21.67029190063477,3710500
2015-11-19,21.528274546601605,21.570043940603917,21.46979675763827,21.519920349121097,2226900
2015-11-20,21.55333473371371,21.67029190063477,21.544982129948092,21.67029190063477,1627100
2015-11-23,21.695350637689227,21.73712161916496,21.636872857023224,21.703704833984375,1602300
2015-11-24,21.670291910792763,21.695352908901736,21.62852092494417,21.661937713623047,1288100
2015-11-25,21.728767422869815,21.778891007240674,21.66193544590866,21.703704833984375,875500
2015-11-27,21.778892881049345,21.778892881049345,21.72876929236596,21.737123489379883,1755600
2015-11-30,21.787248611450195,21.80395700665398,21.76218601864452,21.787248611450195,1890200
2015-12-01,21.720415155457736,21.73712354953182,21.670291566635647,21.68699836730957,1095100
2015-12-02,21.778892881049345,21.83737066674665,21.712060898338112,21.737123489379883,1853600
2015-12-03,21.478147153060355,21.494855546303206,21.202465038153633,21.219173431396484,6194000
2015-12-04,21.319425204209836,21.428026588804656,21.25259321521295,21.369548797607425,1944000
2015-12-07,21.469795266605225,21.478147870105417,21.402963284802723,21.436378479003903,2440500
2015-12-08,21.37790299540707,21.411318193205357,21.36119459980777,21.369548797607425,1419700
2015-12-09,21.23588414245382,21.25259253752033,21.11057436625552,21.14398956298828,3344400
2015-12-10,21.21917528704365,21.277653075107516,21.21082108969164,21.26094627380371,2889700
2015-12-11,21.194114706068454,21.235884100251464,21.127282719335497,21.177406311035156,845400
2015-12-14,21.177404041689435,21.219173431396484,21.110572062118113,21.219173431396484,1320300
2015-12-15,21.227529079456335,21.344484653353003,21.227529079456335,21.336132049560547,1141700
2015-12-16,21.311069457982608,21.39460983650888,21.185759686893295,21.336132049560547,2429500
2015-12-17,21.486503538310195,21.561689722161457,21.45308834182088,21.53662872314453,2856500
2015-12-18,21.51991888442337,21.51991888442337,21.402963314456983,21.41131591796875,1650200
2015-12-21,21.39460983650888,21.40296403370153,21.327777852367905,21.336132049560547,1357900
2015-12-22,21.2860050012438,21.3277759835469,21.26094400526199,21.30271339416504,1639300
2015-12-23,21.344484653353003,21.411316637493982,21.327777852367905,21.336132049560547,1887000
2015-12-24,21.26094783434359,21.286008834838867,21.24423943841318,21.286008834838867,834200
2015-12-28,21.2525920764517,21.269298877755503,21.235883681747673,21.26094627380371,1159600
2015-12-29,21.32777978083378,21.369549177173624,21.29436298904163,21.319425582885746,1025800
2015-12-30,21.319425582885746,21.369549177173624,21.319425582885746,21.319425582885746,666100
2015-12-31,21.377902606854253,21.444734594636436,21.369548409206445,21.42802619934082,1500400
2016-01-04,21.42802615686271,21.544983330299885,21.411317761600216,21.461442947387695,1136200
2016-01-05,21.570045449085335,21.636877440203012,21.56169125102058,21.586753845214844,1524800
2016-01-06,21.603458806010675,21.611813002746963,21.511564235311603,21.52827262878418,1032100
2016-01-07,21.436377341230394,21.47814673011492,21.30271338471984,21.31106758117676,4223300
2016-01-08,21.41131630226813,21.45308728757737,21.35283851623535,21.35283851623535,2147600
2016-01-11,21.42802235722909,21.461439141828585,21.37789877372984,21.45308494567871,2310300
2016-01-12,21.478147496970394,21.544981071011943,21.444732303349724,21.486501693725582,2911700
2016-01-13,21.519916921477712,21.528271117627582,21.45308494567871,21.45308494567871,1176400
2016-01-14,21.444734175633005,21.544982952047683,21.419671583179277,21.511566162109375,1238700
2016-01-15,21.36954836684426,21.478149749249916,21.361194169213015,21.461442947387695,4286300
2016-01-19,21.536626854739517,21.536626854739517,21.45308648066339,21.503210067749023,1620600
2016-01-20,21.48650356965565,21.52827455707853,21.444734175633005,21.511566162109375,1599100
2016-01-21,21.586750461387805,21.611813051653385,21.469794893615305,21.486501693725582,1752900
2016-01-22,21.536628326740885,21.61181450920827,21.519919932103644,21.60346031188965,1102500
2016-01-25,21.54498292061692,21.578398117106236,21.528274525672146,21.53662872314453,431700
2016-01-26,21.544981061245743,21.553333664597048,21.486501683985896,21.494855880737305,722100
2016-01-27,21.461442612461006,21.511566204065986,21.444734217459263,21.4781494140625,1386700
2016-01-28,21.411314361740654,21.428022754350057,21.34448238470307,21.377899169921875,1931000
2016-01-29,21.57004352261516,21.653583902401163,21.57004352261516,21.60346031188965,1775200
2016-02-01,21.5115665397749,21.528274935037395,21.45308874975645,21.461442947387695,1233300
2016-02-02,21.444732666015625,21.494856253994353,21.41967007532619,21.444732666015625,675700
2016-02-03,21.311070729391822,21.311070729391822,21.010325986115017,21.077157974243164,2496900
2016-02-04,20.943492899645513,20.99361648976292,20.893369309528108,20.935138702392575,2113400
2016-02-05,21.043743155203977,21.093866748851138,21.001972165997746,21.027034759521484,1477100
2016-02-08,21.09386521190635,21.09386521190635,20.93513865128847,20.976909637451172,905600
2016-02-09,20.818180075212226,20.86830365798032,20.742993904360095,20.82653427124023,1361400
2016-02-10,20.8766598150706,20.97690858342369,20.768058443304856,20.784765243530273,1109000
2016-02-11,20.69287074305558,20.759702719240902,20.651099762064753,20.72628593444824,2050000
2016-02-12,20.834892294050665,20.86830749090017,20.793121306238454,20.81818389892578,1285800
2016-02-16,20.94349250486964,21.027032882424077,20.935138307774174,21.001970291137695,779200
2016-02-17,21.04374319862551,21.05209739648399,20.96855701129947,20.99361801147461,688400
2016-02-18,21.052095473710462,21.052095473710462,20.96855509615602,21.001970291137695,535800
2016-02-19,21.04374166299029,21.052095860239135,20.935138692155448,20.943492889404297,2762000
2016-02-22,21.13563573259152,21.14398993026989,21.09386633759995,21.10222053527832,764700
2016-02-23,21.127279299921852,21.15234029501548,21.085508319099155,21.110570907592773,588700
2016-02-24,21.185760886573217,21.194115084238938,21.06880371265346,21.127283096313477,1143800
2016-02-25,21.160694491180017,21.177402883509096,21.07715412293462,21.110570907592773,1267000
2016-02-26,21.202464999805464,21.29435956907486,21.18575819999291,21.25259017944336,1476000
2016-02-29,21.32777790335242,21.32777790335242,21.2692985228641,21.294361114501953,782000
2016-03-01,21.311067590625655,21.36954537244995,21.30271339416504,21.30271339416504,1250000
2016-03-02,21.352840825160172,21.36954922109058,21.26930043890846,21.286008834838867,946900
2016-03-03,21.24423449814993,21.2525886941724,21.127278940635293,21.152339935302734,933200
2016-03-04,21.13563192102829,21.143986117200075,21.02703055759502,21.093862533569336,919100
2016-03-07,21.160694871148483,21.169049067463032,21.027030916915724,21.052093505859375,834700
2016-03-08,21.010326007422854,21.085512193318305,21.00197180972333,21.060449600219727,413600
2016-03-09,21.143989973088757,21.152344170784048,21.01032599676471,21.068803787231445,637500
2016-03-10,21.06880308182457,21.06880308182457,20.79312094071133,20.859952926635746,1419000
2016-03-11,20.88501585430945,20.91007844695872,20.793121274662408,20.843246459960938,1090600
2016-03-14,20.910075808441107,20.96019939401458,20.876659022458753,20.926782608032227,1779800
2016-03-15,20.935138692155448,20.968555481150844,20.91843189105795,20.943492889404297,944300
2016-03-16,21.001971911695648,21.02703450491592,20.701228760053905,20.71793556213379,2988300
2016-03-17,20.550855657459852,20.57591665638953,20.50073206620026,20.53414726257324,1744500
2016-03-18,20.559205668770737,20.60932924982449,20.525788885801628,20.584266662597656,2202900
2016-03-21,20.60933267378914,20.66781046030047,20.60933267378914,20.65110206604004,1761900
2016-03-22,20.701227178020428,20.73464237302683,20.676164586715498,20.70958137512207,1180700
2016-03-23,20.784767108676014,20.843246491613105,20.784767108676014,20.81818389892578,1560900
2016-03-24,20.8515952659243,20.85994946195231,20.809825879184213,20.82653427124023,809400
2016-03-28,20.768058443304856,20.79311944034304,20.75135004967932,20.784765243530273,856100
2016-03-29,20.76805961016093,20.79312060860717,20.584270456754066,20.60097885131836,2853300
2016-03-30,20.57591665638953,20.57591665638953,20.475669473870347,20.53414726257324,3034800
2016-03-31,20.46731563152202,20.500732421875,20.417192039392816,20.500732421875,1858700
2016-04-01,20.5341476294258,20.59262541917343,20.467315642085612,20.49237823486328,1064500
2016-04-04,20.458959559845248,20.500730543960152,20.442251166199288,20.47566795349121,822700
2016-04-05,20.50073243245584,20.567564419796025,20.458961444493056,20.49237823486328,1372300
2016-04-06,20.50908317690097,20.517437373735973,20.408836001681152,20.450605392456055,2582100
2016-04-07,20.47566795349121,20.49237634713717,20.42554436595344,20.47566795349121,932800
2016-04-08,20.425544768697492,20.450605766260463,20.36706538978355,20.400482177734375,797900
2016-04-11,20.36706767280932,20.36706767280932,20.291883078292525,20.350360870361328,1338500
2016-04-12,20.358715068285488,20.42554705827845,20.33365247451301,20.350360870361328,1052700
2016-04-13,20.45895920751488,20.534145384226782,20.45895920751488,20.509082794189453,1139800
2016-04-14,20.542501428747222,20.57591662506934,20.517438836455455,20.5592098236084,1303700
2016-04-15,20.517439223651223,20.52579342123947,20.45060723634553,20.500732421875,1007700
2016-04-18,20.49237827725576,20.49237827725576,20.42554628977732,20.458961486816406,724900
2016-04-19,20.350360859453364,20.37542185981209,20.325298265694315,20.358715057373047,1030800
2016-04-20,20.38377338183854,20.47566795349121,20.358712384769717,20.47566795349121,1428700
2016-04-21,20.38377338183854,20.49237634713717,20.37541918501556,20.47566795349121,1002600
2016-04-22,20.550853367795437,20.609331149983056,20.50908238523281,20.592622756958008,1517300
2016-04-25,20.534145364884132,20.534145364884132,20.484021778256775,20.52579116821289,676400
2016-04-26,20.400481785263725,20.484022160133463,20.38377339160975,20.467313766479492,881700
2016-04-27,20.42554440516642,20.525791580434408,20.36706502729329,20.442251205444336,1056700
2016-04-28,20.342005172320313,20.35871356693648,20.27517318725586,20.27517318725586,1081600
2016-04-29,20.149862309104893,20.1749233062542,20.124799718555465,20.133153915405273,2024500
2016-05-02,20.099737531335524,20.10809172835297,20.024551351578644,20.05796813964844,3467800
2016-05-03,20.024550969344173,20.1331539350978,20.01619677248619,20.116445541381836,3855300
2016-05-04,20.15821643456499,20.20834161944846,20.1331554355235,20.191633224487305,2898800
2016-05-05,20.25011057478127,20.316942559777903,20.241756377481668,20.291881561279297,1761200
2016-05-06,20.27517472600423,20.342006716140784,20.258466330120015,20.316944122314453,2125600
2016-05-09,20.35871281609942,20.383773813699197,20.342004422099464,20.37541961669922,2404200
2016-05-10,20.3837757002981,20.408838293617674,20.342006304832445,20.39212989807129,1076200
2016-05-11,20.333650954377113,20.333650954377113,20.26681896938048,20.291881561279297,924700
2016-05-12,20.316938035753957,20.37541581042959,20.291877042835747,20.36706161499023,721700
2016-05-13,20.45060728920657,20.51743927668501,20.45060728920657,20.458961486816406,1182800
2016-05-16,20.44225119562105,20.467313786126063,20.417190198516156,20.450605392456055,554100
2016-05-17,20.450605392456055,20.458959589291062,20.400481804846148,20.450605392456055,662200
2016-05-18,20.50908238523281,20.609331149983056,20.46731299607024,20.592622756958008,1650600
2016-05-19,20.634393701502017,20.642746304599093,20.584268522519217,20.626039505004883,2701700
2016-05-20,20.60097691551348,20.651100501096224,20.59262271901635,20.626039505004883,888000
2016-05-23,20.642748223763068,20.65945661831072,20.575916238972667,20.617687225341797,1127200
2016-05-24,20.659458127782884,20.70122911720399,20.651103929898664,20.684520721435547,1107700
2016-05-25,20.676163090587625,20.684517287084756,20.61768530850775,20.626039505004883,1408500
2016-05-26,20.542499171282913,20.617685346495584,20.53414497477039,20.592622756958008,1425600
2016-05-27,20.64274779830893,20.71793397882354,20.64274779830893,20.70958137512207,1906300
2016-05-31,20.692874519521265,20.751352310180664,20.6511035309072,20.751352310180664,1066700
2016-06-01,20.659454688096424,20.69287147406959,20.626039495523308,20.6343936920166,1106000
2016-06-02,20.62604105794744,20.67616464730401,20.617686860821316,20.65945625305176,834700
2016-06-03,20.392128375635465,20.400482572784945,20.325296391839775,20.333650588989254,2995100
2016-06-06,20.350358983288224,20.375419981336496,20.275172802343057,20.333650588989254,941100
2016-06-07,20.308588038108553,20.333650629607067,20.283527040010224,20.300233840942383,1145800
2016-06-08,20.225046138784595,20.250108728398228,20.199985142571023,20.24175453186035,1564500
2016-06-09,20.31694219469029,20.350358983288224,20.30858799754081,20.333650588989254,1355200
2016-06-10,20.38377339160975,20.49237635696045,20.37541919478277,20.467313766479492,1867100
2016-06-13,20.467316052266035,20.475670250026013,20.38377566806652,20.417192459106445,1033900
2016-06-14,20.509086564074632,20.567565951577816,20.509086564074632,20.542503356933594,1682700
2016-06-15,20.5341476294258,20.5341476294258,20.417192049930534,20.49237823486328,1713800
2016-06-16,20.592623532084037,20.651101316472815,20.45060537282552,20.467313766479492,1753600
2016-06-17,20.400482207699152,20.44225159929888,20.35871281609942,20.37541961669922,1038700
2016-06-20,20.225046119763704,20.283525495473853,20.225046119763704,20.25846290588379,1573700
2016-06-21,20.291883067415903,20.358715057373047,20.291883067415903,20.358715057373047,812800
2016-06-22,20.25846289636941,20.308586482125936,20.208339310612885,20.266817092895508,1529300
2016-06-23,20.15821454971636,20.233400726611205,20.149861946417015,20.17492294311523,2863000
2016-06-24,20.73464238313304,20.742996580238753,20.550854827007825,20.70122718811035,5926400
2016-06-27,20.834891907023135,20.93513908910973,20.826537709615884,20.87666130065918,4645600
2016-06-28,20.776412963867188,20.859951746496375,20.776412963867188,20.776412963867188,5571900
2016-06-29,20.71793397882354,20.726288175925184,20.667810389613855,20.70958137512207,1328200
2016-06-30,20.717935519289412,20.85159949605384,20.70122871724408,20.751352310180664,2207400
2016-07-01,20.659458127782884,20.72629011745633,20.642749732014444,20.684520721435547,736500
2016-07-05,20.692870321592,20.82653427124023,20.692870321592,20.82653427124023,887000
2016-07-06,20.79311977429615,20.87666015036543,20.75970457990853,20.76805877685547,1914600
2016-07-07,20.75970610938895,20.834892294050665,20.74299771426407,20.81818389892578,548200
2016-07-08,20.793117487128193,20.86830365798032,20.77641068847214,20.82653427124023,1173400
2016-07-11,20.851598698058517,20.901723882477093,20.84324609405565,20.8850154876709,1126300
2016-07-12,20.83489191740203,20.86830711364746,20.80982932516778,20.86830711364746,659100
2016-07-13,20.81818389892578,20.826538096488225,20.76806030695139,20.81818389892578,1157000
2016-07-14,20.79311977429615,20.809828168190037,20.75970457990853,20.76805877685547,884500
2016-07-15,20.83489003236434,20.88501361889767,20.80982744239763,20.85159683227539,2601900
2016-07-18,20.876661311058875,20.876661311058875,20.83489191740203,20.86830711364746,488400
2016-07-19,20.951847055966223,20.993616448749098,20.951847055966223,20.968555450439453,1071200
2016-07-20,21.018677109590847,21.027031306060007,20.968553524175935,20.985261917114254,1111200
2016-07-21,20.976909668150316,21.018679060973955,20.951847076416016,20.951847076416016,614200
2016-07-22,20.98526500772456,21.07715799561878,20.976910810025032,21.060449600219727,1118300
2016-07-25,21.052097353045223,21.068804155327403,21.01868056168024,21.027034759521484,1383800
2016-07-26,20.98526349034694,21.010324488233156,20.9518467019651,21.001970291137695,1717400
2016-07-27,21.00197104363135,21.06880302938944,20.89336966429955,20.901723861694336,1522600
2016-07-28,20.851594880617164,20.901720055858988,20.82653388639619,20.89336585998535,1165900
2016-07-29,20.692875332789843,20.709583728892135,20.592626549576412,20.60933494567871,3306200
2016-08-01,20.67616654530512,20.68452074319813,20.64274975373308,20.66781234741211,705500
2016-08-02,20.550853758226616,20.559207954897857,20.50908277487041,20.52579116821289,1902300
2016-08-03,20.60098039024617,20.642749786376953,20.584271994433728,20.642749786376953,1459400
2016-08-04,20.66781042995725,20.692873021311097,20.651102035721344,20.676164627075195,349800
2016-08-05,20.818182030781344,20.851597224632297,20.75970424649209,20.784765243530273,834700
2016-08-08,20.82653811761509,20.82653811761509,20.801475524902344,20.801475524902344,601800
2016-08-09,20.801473981198303,20.80982817814925,20.742996195941867,20.75970458984375,671700
2016-08-10,20.634395265179787,20.67616465743069,20.62604106804957,20.65110206604004,1372100
2016-08-11,20.676164586715498,20.71793397882354,20.64274779830893,20.70958137512207,740500
2016-08-12,20.60933264353177,20.676164627075195,20.600978446413816,20.676164627075195,745900
2016-08-15,20.659458182189397,20.659458182189397,20.61768878605861,20.642749786376953,539000
2016-08-16,20.51743927668501,20.525793474294847,20.45060728920657,20.458961486816406,1974600
2016-08-17,20.49237634713717,20.53414573785196,20.40883597230748,20.47566795349121,1490000
2016-08-18,20.4088348649257,20.417189061295385,20.316940298259222,20.325294494628903,1147700
2016-08-19,20.425544768697492,20.43389737228505,20.400482177734375,20.400482177734375,1072200
2016-08-22,20.433899250473452,20.44225344822904,20.40048405285141,20.425546646118164,1017400
2016-08-23,20.392129876565964,20.417192469859103,20.375421481037204,20.408838272094727,1427500
2016-08-24,20.458959569652507,20.50073055378743,20.45060537282552,20.467313766479492,1047400
2016-08-25,20.442251175998535,20.47566796330648,20.43389697917155,20.467313766479492,987200
2016-08-26,20.425545468244415,20.642748223763068,20.350359286180183,20.617687225341797,2873900
2016-08-29,20.6845172775763,20.69287147406959,20.626039495523308,20.6343936920166,1152900
2016-08-30,20.701228727933604,20.768060716350323,20.69287453020647,20.742998123168945,4898800
2016-08-31,20.76805881666041,20.77641301362336,20.717933634882684,20.734642028808594,2955800
2016-09-01,20.759705025165065,20.776413419417313,20.651102055925634,20.65945625305176,1397600
2016-09-02,20.61768680040417,20.726288175925184,20.609332603302526,20.70958137512207,2454100
2016-09-06,20.651101316472815,20.6594555132998,20.467313766479492,20.467313766479492,3033400
2016-09-07,20.46731563152202,20.52579342123947,20.45060723634553,20.500732421875,1175200
2016-09-08,20.417189798286937,20.542499561555378,20.400481404944458,20.52579116821289,1295000
2016-09-09,20.592620858339934,20.63439183705132,20.575912466855375,20.584266662597656,1208100
2016-09-12,20.5842689224858,20.600977315804723,20.500730142691367,20.550853729248047,1337500
2016-09-13,20.609331102536725,20.659454688096424,20.567561713470315,20.6343936920166,771400
2016-09-14,20.63439183705132,20.642744439393688,20.55085147302846,20.584266662597656,413600
2016-09-15,20.59262468487252,20.626041474051156,20.550855291799433,20.575916290283203,994000
2016-09-16,20.701228727933604,20.75135232089607,20.676166134752226,20.742998123168945,1459600
2016-09-19,20.676164606879055,20.692873001098633,20.65110201554968,20.692873001098633,2601000
2016-09-20,20.701224939253745,20.734640130646408,20.69287074305558,20.72628593444824,2403400
2016-09-21,20.717932470149417,20.742995059629298,20.592622709550135,20.6343936920166,1220700
2016-09-22,20.534148756618727,20.60933494567871,20.51744036051643,20.60933494567871,1275800
2016-09-23,20.642748223763068,20.651102421036896,20.600978830794144,20.617687225341797,632200
2016-09-26,20.559209489094098,20.575916290283203,20.53414689721012,20.575916290283203,362400
2016-09-27,20.62603954300811,20.651100539145627,20.58426856044548,20.592622756958008,317200
2016-09-28,20.61768914372986,20.667812738636396,20.592626549576412,20.60933494567871,259900
2016-09-29,20.642746304599093,20.651100501096224,20.575914326022083,20.626039505004883,958900
2016-09-30,20.617687225341797,20.651102421036896,20.58427043624649,20.617687225341797,1338600
2016-10-03,20.634395255073564,20.68451884443013,20.634395255073564,20.65945625305176,732500
2016-10-04,20.776414903349103,20.82653849628569,20.70122871724408,20.751352310180664,1735000
2016-10-05,20.759704569981295,20.809828158238833,20.751350373038346,20.776412963867188,4292500
2016-10-06,20.84324609405565,20.910078079880183,20.83489189665255,20.8850154876709,1200900
2016-10-07,20.85995102893096,20.94349140208657,20.83489003236434,20.85159683227539,2114200
2016-10-10,20.926784505139643,20.951847096898447,20.893369309528108,20.935138702392575,818600
2016-10-11,21.01032216525144,21.118925122084704,21.00196796907965,21.093862533569336,2256000
2016-10-12,21.143985739280264,21.17740252337014,21.102216352567883,21.152339935302734,1502100
2016-10-13,21.11057476500738,21.13563576468026,21.060449578861057,21.077157974243164,919700
2016-10-14,21.143987606896328,21.194112787458625,21.110572413254907,21.18575859069824,689500
2016-10-17,21.1606979685888,21.169052166126217,21.118928574301993,21.13563537597656,945200
2016-10-18,21.13563154325779,21.160694131325204,21.110570548590353,21.152339935302734,1219300
2016-10-19,21.143987636119228,21.169050226435015,21.11892663920355,21.16069602966309,1853000
2016-10-20,21.20246693365197,21.252592117861703,21.1941143296839,21.227529525756836,676300
2016-10-21,21.30271339416504,21.33613018000752,21.29435919770442,21.30271339416504,3574000
2016-10-24,21.294362978122457,21.344486572384632,21.2860087801787,21.32777976989746,721000
2016-10-25,21.3862575730697,21.40296596896577,21.29436298904163,21.319425582885746,1204400
2016-10-26,21.260943995835312,21.31106758117676,21.235881406464564,21.31106758117676,833800
2016-10-27,21.30271492726442,21.377901107420897,21.286006533140725,21.35283851623535,1390300
2016-10-28,21.33613249814438,21.33613249814438,21.210821131020253,21.227529525756836,1992400
2016-10-31,21.286003479852436,21.311066067442976,21.23587989807129,21.23587989807129,1010000
2016-11-01,21.169052491241786,21.1774066889075,21.085512107984897,21.127283096313477,2885900
2016-11-02,21.043739309544826,21.060446108773903,20.985261528742996,21.052093505859375,1744300
2016-11-03,21.03538900076703,21.05209739648399,20.96855701129947,20.99361801147461,1328500
2016-11-04,21.00197068701585,21.010324884268783,20.935138702392575,20.935138702392575,940800
2016-11-07,21.093862515263694,21.143986098850934,21.093862515263694,21.110570907592773,2672900
2016-11-08,21.110572432698373,21.169050216674805,21.09386403916222,21.169050216674805,913400
2016-11-09,21.202464630037653,21.30271339416504,21.194112026977084,21.30271339416504,2429100
2016-11-10,21.3611908145135,21.402961796109743,21.302713033678774,21.344482421875,2705400
2016-11-11,21.319421389188992,21.402961758835975,21.311067192884295,21.377899169921875,1098700
2016-11-14,21.57839964715009,21.636877440203012,21.553337052955825,21.586753845214844,7033900
2016-11-15,21.620166778564453,21.653583567321828,21.586751583207263,21.620166778564453,4443000
2016-11-16,21.645229298998927,21.72041548005575,21.628520904675145,21.678646087646484,3750500
2016-11-17,21.64522852452873,21.803955078125,21.64522852452873,21.803955078125,2053000
2016-11-18,21.854078263754104,21.920910244027965,21.82066307031722,21.879140853881836,1549400
2016-11-21,21.812309284846783,21.86243287264716,21.770538300513028,21.79560089111328,3162100
2016-11-22,21.8123089317486,21.88749510893211,21.795600538285573,21.829015731811523,2045200
2016-11-23,21.97103532787727,22.01280631426956,21.92926593488519,21.962682723999023,2362100
2016-11-25,21.879140492136276,21.929264078162916,21.85407790242292,21.920909881591797,3108300
2016-11-28,21.920910263474894,21.92926446019155,21.854078283141742,21.8624324798584,2102900
2016-11-29,21.89584804692849,21.90420224378769,21.78724667455911,21.81230926513672,1772200
2016-11-30,21.89585109121787,21.987745676045527,21.879144288576764,21.92926788330078,3417000
2016-12-01,21.887495443469412,21.929264834365295,21.803955068277517,21.81230926513672,1638200
2016-12-02,21.778890628017137,21.803953216466173,21.74547543681841,21.762182235717773,1791600
2016-12-05,21.686998762679018,21.703707157057707,21.56168899163923,21.620166778564453,4654700
2016-12-06,21.67028964220381,21.720413226574667,21.64522705331837,21.703704833984375,2478800
2016-12-07,21.686998742276614,21.686998742276614,21.628520955406405,21.63687515258789,1903600
2016-12-08,21.78724634155406,21.862432518737577,21.75383114802811,21.829015731811523,2135000
2016-12-09,21.91255568502068,21.971033467618437,21.895847291878443,21.920909881591797,1499800
2016-12-12,21.820663481713535,21.870787069513913,21.770538300513028,21.79560089111328,1717500
2016-12-13,21.803956964325724,21.837372161268153,21.753833372211943,21.82066535949707,1766700
2016-12-14,21.787245489852573,22.08799018683,21.74547610122795,22.029512405395508,3033900
2016-12-15,22.21330222660006,22.355320393263927,22.19659383207485,22.27178001403809,3657600
2016-12-16,22.263428137296422,22.28013653356315,22.138118352096704,22.196596145629883,2103900
2016-12-19,22.221658337864486,22.271781932357168,22.163180545389636,22.263427734375,1334000
2016-12-20,22.35532035216824,22.36367454941549,22.271779973095978,22.30519676208496,2896300
2016-12-21,22.213300675952947,22.263424262629385,22.188238085914683,22.23836326599121,1278800
2016-12-22,22.21330413988232,22.271781932357168,22.146472149425296,22.263427734375,1713900
2016-12-23,22.263425847551236,22.280134242099543,22.213302257306527,22.24671745300293,909600
2016-12-27,22.263424262629385,22.263424262629385,22.23836326599121,22.23836326599121,655300
2016-12-28,22.330259680884453,22.36367647274737,22.27178188852469,22.296844482421875,1247400
2016-12-29,22.246716261887588,22.246716261887588,22.163177480419236,22.171531677246097,1331900
2016-12-30,22.08799328674645,22.104700088500977,22.01280710195017,22.104700088500977,1767900
2017-01-03,22.31354936593201,22.41379813949877,22.23001058025994,22.30519676208496,3455500
2017-01-04,22.19659080130393,22.213299193547737,22.113050433484872,22.138113021850582,3534000
2017-01-05,22.029514781104787,22.037867385010443,21.870788219093733,21.904203414916992,4269600
2017-01-06,22.046218853550094,22.087989834909234,21.971032680503654,22.06292724609375,3202700
2017-01-09,22.071287561710275,22.087995958886395,21.97939297064207,22.00445556640625,3506100
2017-01-10,21.996095638547946,22.037865027208216,21.937617857063547,22.01280403137207,2060000
2017-01-11,22.138116086646004,22.23001066330883,21.862433950057746,21.962682723999023,4496600
2017-01-12,21.82901567362637,21.91255604731872,21.762183693352505,21.879140853881836,2173900
2017-01-13,21.870788595094293,21.95432897618897,21.829017607846836,21.854080200195312,1828400
2017-01-17,21.661935815700456,21.695351008051457,21.645227422824934,21.653581619262695,3444500
2017-01-18,21.737124622702904,21.870788595094293,21.695353635455447,21.854080200195312,3939800
2017-01-19,21.895849950967605,21.95432933406732,21.812311161911396,21.82066535949707,1595500
2017-01-20,21.82901837436812,21.862435165339512,21.737125385997388,21.74547958374023,11995800
2017-01-23,21.678646148688653,21.712061344030115,21.60345996742012,21.628520965576172,2300900
2017-01-24,21.628520955406405,21.661937744132345,21.5700431685362,21.63687515258789,1638200
2017-01-25,21.62851753561836,21.645225927339485,21.56168556213379,21.56168556213379,2168900
2017-01-26,21.686996441394083,21.745475815460107,21.66193544590866,21.703704833984375,3848100
2017-01-27,21.6786476380562,21.72877123121209,21.661939242537475,21.71206283569336,2262300
2017-01-30,21.762184882658225,21.77053907982403,21.645229309137356,21.67029190063477,1139200
2017-01-31,21.528272667742932,21.536626864494337,21.453086490380375,21.494855880737305,3570300
2017-02-01,21.57004395110117,21.5951065435549,21.478149372171067,21.511566162109375,4271800
2017-02-02,21.461440628920247,21.553333606136263,21.42802384200526,21.544981002807617,1361500
2017-02-03,21.570043919633846,21.570043919633846,21.47814934083781,21.53662872314453,2033200
2017-02-06,21.603458462090455,21.62851945850026,21.536626482664197,21.553333282470703,1703300
2017-02-07,21.686998711732016,21.72876969758061,21.6034599268352,21.661937713623047,1601500
2017-02-08,21.63687515258789,21.65358354695086,21.586751562899167,21.63687515258789,1412300
2017-02-09,21.636874738540428,21.728769312378063,21.62852054151881,21.720415115356445,1191500
2017-02-10,21.795603176797027,21.803957374539873,21.712062792768844,21.74547958374023,1022100
2017-02-13,21.78724669424653,21.820663481713535,21.77889249737978,21.79560089111328,1089600
2017-02-14,21.77053982950248,21.879142802997524,21.77053982950248,21.845726013183594,2502000
2017-02-15,21.9209106474064,21.937619041132347,21.795600881262025,21.803955078125,934400
2017-02-16,21.72041548005575,21.72876967721764,21.661937693322702,21.678646087646484,2129400
2017-02-17,21.686999833627763,21.787248611450195,21.686999833627763,21.787248611450195,999100
2017-02-21,21.895847644199,21.929264431021178,21.862432450776925,21.887495040893555,1421800
2017-02-22,21.912556095973297,21.945972882884472,21.82901572209545,21.83736991882324,2048700
2017-02-23,21.81231120425587,21.82901800605939,21.770540216246413,21.787248611450195,1291600
2017-02-24,21.78724634155406,21.829015731811523,21.770537948091036,21.829015731811523,714500
2017-02-27,21.778892144822542,21.837369928543037,21.728768557833572,21.829015731811523,768600
2017-02-28,21.78724667455911,21.8457244591734,21.74547728366323,21.81230926513672,2266900
2017-03-01,21.98774372243419,22.004452116991104,21.91255754032828,21.962682723999023,1646400
2017-03-02,22.046222676058967,22.071285269219956,22.012807478577937,22.054576873779297,2871200
2017-03-03,21.979388047091387,22.02115903067467,21.8624324798584,21.8624324798584,2932900
2017-03-06,21.88749657262296,21.95432855754424,21.88749657262296,21.937620162963867,1043200
2017-03-07,21.97938952515573,21.98774372243419,21.93762013216365,21.962682723999023,687200
2017-03-08,22.004453302242357,22.04622269748431,21.996099104513902,22.03786849975586,1171800
2017-03-09,21.97939107630982,22.021162065650017,21.96268427397406,21.9960994720459,1519800
2017-03-10,21.93762059177167,21.954328986678636,21.820665014223383,21.845726013183594,2008600
2017-03-13,21.854078263754104,21.879140853881836,21.82901567362637,21.879140853881836,1252100
2017-03-14,21.929265945140212,21.954328536987305,21.8874965521286,21.954328536987305,1214100
2017-03-15,21.92926529104988,21.92926529104988,21.69535255432129,21.69535255432129,3038700
2017-03-16,21.653583567321828,21.69535295986836,21.620166778564453,21.620166778564453,2869100
2017-03-17,21.645229359947,21.653583557132414,21.60345996742012,21.628520965576172,1814700
2017-03-20,21.61181415444362,21.661937744132345,21.60345995726214,21.63687515258789,742900
2017-03-21,21.52827265799189,21.52827265799189,21.48650167425378,21.503210067749023,1933800
2017-03-22,21.494855890480785,21.51991848074636,21.469794893615305,21.486501693725582,970200
2017-03-23,21.49485776714022,21.52827455707853,21.48650356965565,21.511566162109375,1110700
2017-03-24,21.503210067749023,21.51991846124427,21.461440677411016,21.503210067749023,2017600
2017-03-27,21.32778128262587,21.394613277515788,21.319427084089575,21.386259078979492,1814800
2017-03-28,21.38625450008251,21.51991846124427,21.36954610658727,21.503210067749023,1657600
2017-03-29,21.586750393051258,21.59510458978,21.544981002807617,21.544981002807617,550700
2017-03-30,21.578396992628353,21.68699836730957,21.56168859855427,21.68699836730957,1195300
2017-03-31,21.653583496160817,21.69535288857008,21.628520904675145,21.678646087646484,880100
2017-04-03,21.69535288857008,21.72041548005575,21.670291890484595,21.678646087646484,645000
2017-04-04,21.712059030279523,21.728767422869815,21.686996441394083,21.703704833984375,813100
2017-04-05,21.712060948387652,21.812309719385663,21.670291556621905,21.69535255432129,4699400
2017-04-06,21.703708595025997,21.74547958374023,21.69535439728315,21.74547958374023,807500
2017-04-07,21.778894026955967,21.854080210637076,21.753833027995757,21.845726013183594,1037600
2017-04-10,21.82066347185095,21.8290160753138,21.78724668439905,21.803955078125,666800
2017-04-11,21.762184487021496,21.762184487021496,21.712060898338112,21.737123489379883,688200
2017-04-12,21.737123935586357,21.77053913092782,21.611814164605537,21.628520965576172,1544800
2017-04-13,21.64522705331837,21.712059030279523,21.64522705331837,21.703704833984375,820600
2017-04-17,21.6285228511208,21.66193964277568,21.578399257038804,21.64523124694824,880800
2017-04-18,21.53662913266864,21.57004432979335,21.461442947387695,21.461442947387695,1290900
2017-04-19,21.519920328199753,21.553335524689068,21.511566130727363,21.53662872314453,417500
2017-04-20,21.478147428977643,21.544981002807617,21.4530864321915,21.544981002807617,668900
2017-04-21,21.553331366273227,21.58674814971548,21.5449787638126,21.56168556213379,745900
2017-04-24,21.36119270324707,21.402963688536666,21.36119270324707,21.36119270324707,1643100
2017-04-25,21.377899568910568,21.377899568910568,21.2860050012438,21.30271339416504,1698300
2017-04-26,21.386255304482745,21.428024696391827,21.33613171551182,21.35283851623535,863600
2017-04-27,21.394613277515788,21.43638267679682,21.3695506819069,21.386259078979492,724600
2017-04-28,21.35283850618915,21.386255294420824,21.336131705473477,21.36119270324707,840200
2017-05-01,21.352836581007775,21.386253366226576,21.327775585493693,21.377899169921875,617700
2017-05-02,21.377899207152,21.402961796109743,21.344482421875,21.344482421875,332500
2017-05-03,21.369548409206445,21.43638039698863,21.344485816263024,21.42802619934082,876700
2017-05-04,21.394609887653164,21.394609887653164,21.294361114501953,21.294361114501953,885400
2017-05-05,21.311069864515563,21.319424061867576,21.2525920764517,21.26094627380371,680100
2017-05-08,21.34448238470307,21.394607562531277,21.34448238470307,21.377899169921875,773200
2017-05-09,21.469794893615305,21.511564283991166,21.444732303349724,21.486501693725582,1847600
2017-05-10,21.46979488388319,21.519918470991524,21.46979488388319,21.494855880737305,549000
2017-05-11,21.51991846124427,21.51991846124427,21.478147477506155,21.503210067749023,349100
2017-05-12,21.428024646062692,21.428024646062692,21.394609451293945,21.394609451293945,690600
2017-05-15,21.319423655175257,21.361193047738297,21.319423655175257,21.336132049560547,739800
2017-05-16,21.21082150770151,21.227529902734812,21.16069791600185,21.177406311035156,1746200
2017-05-17,21.11892550165531,21.127279697977247,21.035385131835938,21.035385131835938,1257800
2017-05-18,21.06044573060554,21.160694491180017,21.043738931676454,21.110570907592773,1206800
2017-05-19,20.98526194552051,21.001968745081392,20.943490963118165,20.9601993560791,1152100
2017-05-22,20.918430004936695,20.935136804527815,20.88501321895434,20.926782608032227,1134000
2017-05-23,20.910077289824684,21.02703286224858,20.90172309273724,21.018678665161133,1008900
2017-05-24,21.018679060973955,21.03538745546349,20.951847076416016,20.951847076416016,1115900
2017-05-25,20.96020124298609,20.993616438516057,20.95184704575355,20.976909637451172,1103100
2017-05-26,21.03538895736273,21.052097353045223,21.010326363838992,21.027034759521484,413400
2017-05-30,21.018678685328616,21.035387079519538,20.98526349034694,21.001970291137695,1113800
2017-05-31,20.96855547090555,20.96855547090555,20.901723486347613,20.951847076416016,959000
2017-06-01,20.993616438516057,21.0019706357486,20.96020124298609,20.976909637451172,917100
2017-06-02,20.90172389288094,20.910078090288195,20.859952905844672,20.87666130065918,1416000
2017-06-05,20.901720055858988,20.918428447606264,20.885011664111712,20.89336585998535,1086100
2017-06-06,20.851599064110435,20.876661656759698,20.83489226241118,20.843246459960938,895700
2017-06-07,20.893369705881707,20.92678490212714,20.83489191740203,20.86830711364746,522500
2017-06-08,20.9267844949066,20.976909678399693,20.9267844949066,20.943492889404297,724300
2017-06-09,21.052095463606673,21.052095463606673,20.99361608396651,21.010324478149418,652100
2017-06-12,20.98526383468371,21.01867903021368,20.968555440218633,20.976909637451172,429800
2017-06-13,20.960201273660783,20.96855547090555,20.93513868192648,20.951847076416016,398000
2017-06-14,20.843245719410703,20.976909688657248,20.809828930398968,20.935138702392575,1676600
2017-06-15,21.035388600521433,21.07715799561878,21.035388600521433,21.060449600219727,1148400
2017-06-16,21.027031306060007,21.035385502529167,20.968553524175935,20.985261917114254,917400
2017-06-19,21.018680183806072,21.077157974243164,21.010325986115017,21.077157974243164,637300
2017-06-20,21.07715412293462,21.127279299921852,21.07715412293462,21.110570907592773,615200
2017-06-21,21.1022205780126,21.11057477570789,21.052096985241153,21.068803787231445,1105800
2017-06-22,21.068803776552112,21.093866369625275,21.052096974570286,21.077157974243164,896800
2017-06-23,21.03538706942377,21.03538706942377,20.98526348027523,21.010324478149418,323100
2017-06-26,20.985263440068337,21.052095423271737,20.976909242992893,21.04374122619629,596600
2017-06-27,20.90172237597591,20.91843076957784,20.80982780456543,20.80982780456543,1282600
2017-06-28,20.818184309312795,20.818184309312795,20.72628972771469,20.742998123168945,944400
2017-06-29,20.726290172038844,20.726290172038844,20.642749786376953,20.642749786376953,1831800
2017-06-30,20.684518824193145,20.709581415546996,20.659456232839293,20.676164627075195,1529700
2017-07-03,20.776414525589857,20.801475524902344,20.759706130448027,20.801475524902344,794300
2017-07-05,20.851597195170132,20.851597195170132,20.801473607764464,20.80982780456543,1570200
2017-07-06,20.74299815535406,20.759706550834235,20.70958295779399,20.71793556213379,357800
2017-07-07,20.759706507903477,20.79312170539444,20.74299811245785,20.751352310180664,376400
2017-07-10,20.77641298374563,20.784765587296427,20.75135039289281,20.75970458984375,212900
2017-07-11,20.776415304761656,20.784767909245556,20.676166523551327,20.684520721435547,1556800
2017-07-12,20.70958331508821,20.742998513224773,20.676166523551327,20.684520721435547,900900
2017-07-13,20.692873001098633,20.734642393247412,20.684518803988844,20.692873001098633,411500
2017-07-14,20.609329581907364,20.617683777784254,20.55920600004596,20.56756019592285,768100
2017-07-17,20.56756019592285,20.584266994276692,20.54249760829218,20.56756019592285,508200
2017-07-18,20.45060728920657,20.475669882036083,20.42554628977732,20.458961486816406,970500
2017-07-19,20.46731340419399,20.509082794189453,20.46731340419399,20.509082794189453,785600
2017-07-20,20.475668377265503,20.484022574261385,20.342004412131672,20.383773803710938,1016700
2017-07-21,20.358715112025003,20.36706771656678,20.30023572643023,20.316944122314453,644600
2017-07-24,20.325294494628903,20.35871128010764,20.316940298259222,20.325294494628903,419700
2017-07-25,20.300235671935265,20.358715057373047,20.266820473656857,20.358715057373047,757900
2017-07-26,20.367064293128397,20.39212688274203,20.199985142571023,20.24175453186035,1329500
2017-07-27,20.283528923946346,20.36706771656678,20.266820528062127,20.316944122314453,1390700
2017-07-28,20.250111013451107,20.25846521093169,20.183279027006726,20.191633224487305,859200
2017-07-31,20.22504500519644,20.23339920126608,20.083028452212552,20.108089447021484,1432700
2017-08-01,20.116445511879807,20.158214902708327,20.083030317897013,20.141508102416992,1150800
2017-08-02,20.1331539350978,20.141508131955774,20.032905166202152,20.116445541381836,2221800
2017-08-03,20.13315430936626,20.141508506379544,20.066322326660156,20.066322326660156,2071800
2017-08-04,20.14986155674382,20.300232314225433,20.14150736020594,20.24175453186035,2543100
2017-08-07,20.27517323884396,20.27517323884396,20.225048054867926,20.233402252197266,852700
2017-08-08,20.208339310612885,20.32529487517813,20.191630917560687,20.266817092895508,1390400
2017-08-09,20.300234216745448,20.325296808707925,20.241756428899876,20.250110626220703,1164800
2017-08-10,20.26681937692782,20.28352777186302,20.20834158805486,20.21669578552246,947700
2017-08-11,20.183277493245512,20.225046884074036,20.124799708725533,20.141508102416992,1472100
2017-08-14,20.21669546125216,20.24175645985275,20.19998706658496,20.225048065185547,832100
2017-08-15,20.350360914082895,20.36706771656678,20.30023572643023,20.316944122314453,915100
2017-08-16,20.37542039923267,20.37542039923267,20.23340223157905,20.250110626220703,757500
2017-08-17,20.316942559777903,20.316942559777903,20.258464772080877,20.291881561279297,542600
2017-08-18,20.225048065185547,20.27517324918715,20.21669546125216,20.225048065185547,249100
2017-08-21,20.199987453426505,20.208341650920097,20.14150966437163,20.16657066345215,632900
2017-08-22,20.225048034258226,20.266819020862354,20.225048034258226,20.250110626220703,558000
2017-08-23,20.21669584841368,20.225048452507025,20.16657066345215,20.16657066345215,686900
2017-08-24,20.199985494478693,20.21669388784553,20.183277101111855,20.20833969116211,807600
2017-08-25,20.183276007398455,20.225045395152012,20.024549465814943,20.041257858276367,1768700
2017-08-28,20.03290212934369,20.03290212934369,19.966070158011256,19.982778549194336,1302600
2017-08-29,19.890885861697395,20.007843017578125,19.890885861697395,20.007843017578125,1602900
2017-08-30,20.07467613085673,20.141508112255085,20.057967737157114,20.133153915405273,1435200
2017-08-31,20.16656949397189,20.17492369098101,20.074676513671875,20.074676513671875,1254400
2017-09-01,20.066321953634077,20.141508131955774,20.04961355991811,20.116445541381836,1087700
2017-09-05,20.057966602441276,20.057966602441276,19.98278042844653,20.007843017578125,702800
2017-09-06,19.99949265623112,20.016199458789117,19.941014863777283,19.991138458251953,3111600
2017-09-07,19.8574714757691,19.907595062667184,19.824054688903644,19.849117279052734,2717600
2017-09-08,19.77392956877663,19.82405315178824,19.765575372708035,19.798992156982425,922300
2017-09-11,19.890888162452335,19.94101334651344,19.865827163822,19.93265914916992,1451100
2017-09-12,19.941013356853905,19.95772015814938,19.899242370114656,19.924304962158203,2010900
2017-09-13,19.94101069030783,20.066320446968504,19.94101069030783,20.041257858276367,1976200
2017-09-14,20.041256324935222,20.041256324935222,19.966070158011256,19.982778549194336,1644000
2017-09-15,19.91594886779785,19.941011457454167,19.865825281885293,19.91594886779785,1469500
2017-09-18,19.941012991683763,19.999490778647615,19.907596202904312,19.966073989868164,611100
2017-09-19,19.915946969193193,19.966070550327427,19.890884381926117,19.9075927734375,582300
2017-09-20,19.899241573194814,20.108091718326413,19.83240959048871,20.066322326660156,2371000
2017-09-21,20.04961240606408,20.04961240606408,19.974426232069337,20.007843017578125,1203900
2017-09-22,19.966075864314448,19.99949265623112,19.93266066579811,19.991138458251953,1051700
2017-09-25,20.066320060073277,20.11644364309112,20.04961166793401,20.108089447021484,1238200
2017-09-26,20.18327713981467,20.241754923310644,20.149861946417015,20.17492294311523,1075800
2017-09-27,20.291881581872023,20.3002341857799,20.216695399499493,20.27517318725586,1619600
2017-09-28,20.24175678452502,20.24175678452502,20.19998739058726,20.21669578552246,816300
2017-09-29,20.191633214022776,20.241756805480023,20.174924819070277,20.199987411499023,642100
2017-10-02,20.30023572643023,20.350360914082895,20.27517472600423,20.316944122314453,1225700
2017-10-03,20.316942225116097,20.32529642227809,20.27517283270631,20.3085880279541,442700
2017-10-04,20.283527374267575,20.30023417547505,20.26681897965989,20.283527374267575,637400
2017-10-05,20.350360502605636,20.40048409584448,20.333652107059255,20.39212989807129,831400
2017-10-06,20.425547047330188,20.442253849769227,20.34200666153368,20.358715057373047,1172000
2017-10-09,20.35035708373795,20.35871128010764,20.30858610188954,20.325294494628903,1368300
2017-10-10,20.25846517946022,20.25846517946022,20.19998739058726,20.21669578552246,2710800
2017-10-11,20.18327906893423,20.208341661428022,20.149863872342745,20.15821647644043,1299800
2017-10-12,20.199987411499023,20.233402608003775,20.16657062159403,20.199987411499023,1161600
2017-10-13,20.13315542508928,20.208341608975275,20.12480122761303,20.199987411499023,824600
2017-10-16,20.23340223157905,20.25846482354153,20.19998703569596,20.250110626220703,733500
2017-10-17,20.316942235274723,20.35035902393941,20.283527040010224,20.300233840942383,1242500
2017-10-18,20.325296777704143,20.33365097501223,20.266818989947776,20.27517318725586,726100
2017-10-19,20.233402262519142,20.25011065718635,20.19998706658496,20.225048065185547,490100
2017-10-20,20.3085879874197,20.358713170291615,20.30023379027438,20.342004776000977,577900
2017-10-23,20.408832592187007,20.417186787626363,20.358709012950733,20.36706161499023,610200
2017-10-24,20.392127980746668,20.40883637472208,20.350358589208287,20.400482177734375,419800
2017-10-25,20.350360870361328,20.375421870733483,20.325298276588843,20.350360870361328,459500
2017-10-26,20.417187856938696,20.5759127983998,20.417187856938696,20.56756019592285,2757500
2017-10-27,20.642748223763068,20.676165012858373,20.59262463352032,20.617687225341797,2014700
2017-10-30,20.6427467445286,20.6427467445286,20.509082784525997,20.517436981201172,707600
2017-10-31,20.550855657459852,20.559209854903155,20.517438867686632,20.53414726257324,683200
2017-11-01,20.59262468487252,20.60097888216718,20.53414689721012,20.575916290283203,1327300
2017-11-02,20.58427048757786,20.59262468487252,20.50908430532614,20.575916290283203,1168200
2017-11-03,20.550853329930742,20.642746304599093,20.550853329930742,20.626039505004883,1159700
2017-11-06,20.651102472534923,20.651102472534923,20.575916290283203,20.575916290283203,753800
2017-11-07,20.63439753983216,20.667812738636396,20.600980747627563,20.60933494567871,830000
2017-11-08,20.60097885131836,20.62604144316481,20.59262465403621,20.60097885131836,1051800
2017-11-09,20.584268961202476,20.592623157877647,20.500730181250912,20.517436981201172,794900
2017-11-10,20.500732421875,20.50908502606298,20.46731563152202,20.500732421875,779300
2017-11-13,20.517436981201172,20.542499571226692,20.509082784525997,20.517436981201172,383600
2017-11-14,20.42554479869908,20.45060579629886,20.35871281609942,20.37541961669922,2395500
2017-11-15,20.342000622072025,20.3921242013083,20.325292231193313,20.36706161499023,976000
2017-11-16,20.3837757002981,20.408838293617674,20.36706730475172,20.39212989807129,751700
2017-11-17,20.358713180437707,20.375419981336496,20.31694219469029,20.333650588989254,969800
2017-11-20,20.3754173320413,20.442249307147215,20.3754173320413,20.433895111083984,737700
2017-11-21,20.42554666762349,20.42554666762349,20.383775678801584,20.408838272094727,914100
2017-11-22,20.350359400670403,20.350359400670403,20.241756428899876,20.250110626220703,1565200
2017-11-24,20.166570673938363,20.166570673938363,20.13315547734688,20.15821647644043,751900
2017-11-27,20.108090953268192,20.19163132682238,20.099736756572764,20.183277130126953,1222300
2017-11-28,20.208339310612885,20.275171289421607,20.208339310612885,20.266817092895508,1448100
2017-11-29,20.27517129894383,20.30023229513383,20.233400316293725,20.25846290588379,869700
2017-11-30,20.23340068781227,20.24175488449569,20.149861907778273,20.20833969116211,2147600
2017-12-01,20.250111013451107,20.266819408412264,20.12480123804292,20.191633224487305,1941700
2017-12-04,20.25846290588379,20.283525495473853,20.250108709353768,20.25846290588379,1310800
2017-12-05,20.300234165178697,20.316942559777903,20.26681896938048,20.291881561279297,593900
2017-12-06,20.3085879874197,20.358713170291615,20.3085879874197,20.342004776000977,327700
2017-12-07,20.375419606715056,20.392128000706823,20.33365021513579,20.383773803710938,431300
2017-12-08,20.40048406358648,20.44225345898609,20.3921298658265,20.417192459106445,370500
2017-12-11,20.40048406358648,20.425546656866427,20.36706727254656,20.417192459106445,562900
2017-12-12,20.458959589291062,20.48402217979607,20.44225119562105,20.450605392456055,503300
2017-12-13,20.41719099765984,20.433897798583647,20.30023383079211,20.3085880279541,2250900
2017-12-14,20.35035708373795,20.383772275816657,20.30858610188954,20.325294494628903,1208600
2017-12-15,20.35036048114436,20.42554666762349,20.35036048114436,20.408838272094727,1388900
2017-12-18,20.327726749204817,20.377899169921875,20.30264213374808,20.377899169921875,1257400
2017-12-19,20.36953696812221,20.377899038187664,20.319364547729492,20.319364547729492,591800
2017-12-20,20.32772578249639,20.336087852218235,20.269192889345216,20.294279098510746,421500
2017-12-21,20.3193620560144,20.32772412505443,20.277553305715827,20.28591537475586,1463000
2017-12-22,20.311003237954427,20.336087852218235,20.294279098510746,20.294279098510746,184700
2017-12-26,20.28591562749382,20.28591562749382,20.269191489205394,20.27755355834961,517500
2017-12-27,20.227384313871468,20.252468928356308,20.21902224407594,20.235746383666992,678700
2017-12-28,20.17721176147461,20.193935900954905,20.160489216896043,20.17721176147461,426100
2017-12-29,20.101955666879064,20.110316141444347,20.05178325007733,20.09359359741211,1459200
2018-01-02,20.00997734069824,20.043424028416556,20.00161527004319,20.00997734069824,546200
2018-01-03,20.051783502716617,20.093593850578173,20.0434214331443,20.08523178100586,679900
2018-01-04,20.02669931950797,20.035059794358354,20.00161311025164,20.01833724975586,650500
2018-01-05,20.051783114040177,20.068507252860627,20.026698500711163,20.035058975219727,370100
2018-01-08,20.118676886771883,20.135401024605073,20.101954343840266,20.127038955688477,969800
2018-01-09,20.16048978244227,20.185574397464663,20.15212771246755,20.168851852416992,1158400
2018-01-10,20.068510125238923,20.14376716580072,20.068510125238923,20.118680953979492,485100
2018-01-11,20.051783114040177,20.051783114040177,20.009974361890716,20.035058975219727,586800
2018-01-12,19.901268686112292,19.9179928246232,19.826011657714844,19.826011657714844,1098700
2018-01-16,19.784203003905485,19.800927142498868,19.69222183654352,19.717308044433594,2527000
2018-01-17,19.767478942871097,19.784203081530094,19.66713730072038,19.767478942871097,1057700
2018-01-18,19.750755562627692,19.767478105676812,19.717307286726296,19.742393493652344,425700
2018-01-19,19.7340320080662,19.775840759277344,19.717307869621095,19.775840759277344,748900
2018-01-22,19.725670366835317,19.76747911895359,19.700584158623357,19.708946228027344,1338400
2018-01-23,19.70058408154454,19.70894615091581,19.642051190847305,19.658775329589844,735500
2018-01-24,19.49154007659647,19.499902147231015,19.44136924769109,19.466455459594727,2078500
2018-01-25,19.374473208842208,19.550071897776164,19.307578242357582,19.491539001464844,4503100
2018-01-26,19.458091989466713,19.466454059499828,19.391197024103555,19.449729919433594,1603500
2018-01-29,19.516623049015585,19.558431800346753,19.48317477202934,19.49989891052246,1411200
2018-01-30,19.41628303578745,19.499902147231015,19.407920965152904,19.466455459594727,1466600
2018-01-31,19.407917918391423,19.491537016708,19.374471236005775,19.44136619567871,1401800
2018-02-01,19.433005573290806,19.44136764323525,19.32430185381659,19.34102439880371,1743300
2018-02-02,19.45808982849121,19.52498478642515,19.42464155207344,19.45808982849121,3709800
2018-02-05,19.524987666575097,19.56679642336296,19.51662559623716,19.541711807250977,3408900
2018-02-06,19.633691717241263,19.65877792867172,19.541712131800004,19.583520889282227,2694900
2018-02-07,19.625328270918818,19.74239565448532,19.608605726039393,19.734033584594727,2405400
2018-02-08,19.66713862037177,19.74239565448532,19.658776550481175,19.734033584594727,1663600
2018-02-09,19.742395147731276,19.775841831533363,19.71730893870343,19.750757217407227,1841300
2018-02-12,19.734035422620547,19.734035422620547,19.675502522836428,19.68386459350586,1097600
2018-02-13,19.59188130506849,19.600243374839067,19.558433025986197,19.575157165527344,1308500
2018-02-14,19.62532744711099,19.63368951665057,19.42464256286621,19.42464256286621,1639500
2018-02-15,19.38283474852592,19.424643503346363,19.332663923761032,19.34102439880371,1538000
2018-02-16,19.44136518575397,19.49153600417702,19.399556436218344,19.47481346130371,812600
2018-02-20,19.56679433696091,19.60860468419239,19.558432267514625,19.600242614746097,1366800
2018-02-21,19.616962576634307,19.69221959684351,19.566791761461992,19.67549705505371,1138000
2018-02-22,19.625326974927468,19.633689044265857,19.583518223137187,19.608604431152344,2011900
2018-02-23,19.64205525677863,19.66714147008532,19.61696904347194,19.65041732788086,523300
2018-02-26,19.64205029459564,19.675498570554502,19.62532615661621,19.62532615661621,1095400
2018-02-27,19.675500185225395,19.775841831533363,19.66713811554945,19.750757217407227,1527100
2018-02-28,19.77584355797576,19.826014385509684,19.767481487569796,19.80929183959961,1119700
2018-03-01,19.851097200528724,19.87618340745477,19.717307286726296,19.742393493652344,1405800
2018-03-02,19.683861537703656,19.70058408154454,19.650413260218578,19.658775329589844,602700
2018-03-05,19.70058408154454,19.70894615091581,19.642051190847305,19.658775329589844,1274300
2018-03-06,19.61696490558908,19.61696490558908,19.5751561537988,19.608604431152344,1492700
2018-03-07,19.58351872878555,19.683861968535407,19.57515665923125,19.591880798339844,443000
2018-03-08,19.61696480777494,19.734032183026976,19.61696480777494,19.717308044433594,520100
2018-03-09,19.734034854707403,19.734034854707403,19.675501956607764,19.692224502563477,641000
2018-03-12,19.692221758885605,19.70894589741303,19.650413007468664,19.667137145996097,1024800
2018-03-13,19.65041452720029,19.67550073693156,19.59188163272908,19.616966247558594,609600
2018-03-14,19.62532615661621,19.658774432575072,19.616964087626496,19.62532615661621,1280200
2018-03-15,19.65041358945453,19.725670620155213,19.65041358945453,19.700584411621097,564300
2018-03-16,19.70058479935153,19.775841831533363,19.70058479935153,19.750757217407227,782500
2018-03-19,19.683861284523523,19.70058382814932,19.64205093820495,19.667137145996097,403400
2018-03-20,19.72566968677532,19.784202575683594,19.72566968677532,19.784202575683594,841100
2018-03-21,19.7173073206015,19.75075559656036,19.616964087626496,19.62532615661621,1043800
2018-03-22,19.65041732788086,19.692226088490028,19.64205525677863,19.65041732788086,723600
2018-03-23,19.60860710071268,19.61696757628763,19.566796748328592,19.583520889282227,798700
2018-03-26,19.516625211984756,19.533349352331363,19.474816456020044,19.491539001464844,1186400
2018-03-27,19.583520889282227,19.60024503023586,19.541712131800004,19.583520889282227,533400
2018-03-28,19.650415310448647,19.759119033813477,19.650415310448647,19.759119033813477,696500
2018-03-29,19.7005831487756,19.759116036701464,19.7005831487756,19.742393493652344,942600
2018-04-02,19.683862760152945,19.750757724375905,19.683862760152945,19.734033584594727,301100
2018-04-03,19.767478942871097,19.784203081530094,19.750756399113737,19.767478942871097,541300
2018-04-04,19.73403441798411,19.759119033813477,19.708948207252924,19.759119033813477,634500
2018-04-05,19.800928696559563,19.85946159132867,19.7842045566536,19.834375381469727,720400
2018-04-06,19.759119033813477,19.79256731478839,19.74239648822784,19.759119033813477,1083700
2018-04-09,19.700584158623357,19.71730829743133,19.69222208921937,19.708946228027344,2411100
2018-04-10,19.650413260218578,19.69222201217327,19.633689121476035,19.658775329589844,876800
2018-04-11,19.64204978942871,19.667135995752673,19.591878971682327,19.64204978942871,696500
2018-04-12,19.717311281281685,19.734035422620547,19.667140452166993,19.68386459350586,1713300
2018-04-13,19.692225069273388,19.70058713994282,19.667140452166993,19.68386459350586,1506500
2018-04-16,19.600243702639503,19.63369038737944,19.59188163272908,19.616966247558594,512100
2018-04-17,19.65041452720029,19.667138667021135,19.616966247558594,19.616966247558594,574000
2018-04-18,19.633689121476035,19.667137398961113,19.616964982733492,19.658775329589844,388000
2018-04-19,19.642051015665015,19.734032183026976,19.642051015665015,19.717308044433594,298900
2018-04-20,19.809290766512547,19.85109952137569,19.792566626606583,19.834375381469727,1691000
2018-04-23,19.901270046123813,19.968165009837268,19.901270046123813,19.95980453491211,1482900
2018-04-24,19.95144131703618,19.96816386082599,19.90963097030754,19.934717178344727,1062600
2018-04-25,20.00997518000375,20.035059794358354,19.99325104049953,20.01833724975586,816400
2018-04-26,19.976527301313233,20.11867930014429,19.976527301313233,20.11031723022461,958500
2018-04-27,20.152126488779125,20.16885062771303,20.09359359741211,20.09359359741211,826800
2018-04-30,20.17721176147461,20.185573831214757,20.127040937935455,20.17721176147461,782700
2018-05-01,20.2775544532702,20.336087344961346,20.269192383756938,20.31100273132324,2809700
2018-05-02,20.311003135120856,20.402982711791992,20.260830717043824,20.402982711791992,1757300
2018-05-03,20.327726617794944,20.361174898056756,20.29427993243492,20.319364547729492,883200
2018-05-04,20.394618908510264,20.411343046447676,20.3277239516622,20.34444808959961,925100
2018-05-07,20.40297940092735,20.419703537572477,20.369532722538555,20.386255264282227,997100
2018-05-08,20.4698774962425,20.50332577466953,20.428068743110412,20.461515426635746,767000
2018-05-09,20.43643081271717,20.4698774962425,20.419706673503654,20.461515426635746,583000
2018-05-10,20.369537353515625,20.444794390626782,20.344451142844633,20.369537353515625,673200
2018-05-11,20.311005470869112,20.361176299814037,20.302643400227975,20.336090087890625,369600
2018-05-14,20.285916598761204,20.369535699305324,20.277554529216623,20.361173629760746,946400
2018-05-15,20.520049153041327,20.55349583532652,20.46151466796437,20.486600875854492,1044400
2018-05-16,20.536771774291992,20.570220051605148,20.511687161208773,20.536771774291992,2209100
2018-05-17,20.57022310877908,20.58694724992122,20.536774826494796,20.561861038208008,796700
2018-05-18,20.62875060333422,20.637112671714508,20.578579787953963,20.60366439819336,484000
2018-05-21,20.620389352675534,20.645475558811217,20.5785806040176,20.586942672729492,971300
2018-05-22,20.570220694082412,20.603667377538574,20.561858624492945,20.578582763671875,740900
2018-05-23,20.687289046965983,20.72909940010428,20.662202835083008,20.662202835083008,2260800
2018-05-24,20.653839617550805,20.653839617550805,20.59530513092767,20.637115478515625,471600
2018-05-25,20.737459182739254,20.74582125308744,20.71237456659656,20.737459182739254,604700
2018-05-29,20.83780130706354,20.904696271335744,20.829439237166795,20.879610061645508,1098400
2018-05-30,20.779268444391523,20.79599258421053,20.704011410107753,20.72073554992676,2345800
2018-05-31,20.72073605734281,20.75418274289812,20.687287776885707,20.704011917114254,3064000
2018-06-01,20.72909870729292,20.804354150622864,20.71237456659656,20.737459182739254,1583400
2018-06-04,20.67056313046974,20.73745809484401,20.65384058555249,20.72073554992676,2888900
2018-06-05,20.73745694568832,20.779267292918934,20.653839441030428,20.695648193359375,1837200
2018-06-06,20.612029269962857,20.637115478515625,20.57022051727658,20.637115478515625,1524800
2018-06-07,20.561859711260436,20.595306396484375,20.553497641229008,20.595306396484375,1027100
2018-06-08,20.637112671714508,20.64547474009479,20.60366439819336,20.60366439819336,586500
2018-06-11,20.603667706257372,20.628753915426,20.578583091990463,20.620391845703125,948400
2018-06-12,20.62039407684661,20.695651117593645,20.603669935591288,20.662202835083008,1051300
2018-06-13,20.64547971024472,20.72073674888306,20.603669358277944,20.628755569458008,1800800
2018-06-14,20.754181699465704,20.896333694458008,20.754181699465704,20.896333694458008,3826300
2018-06-15,20.871247991748763,20.904696271335744,20.862887516753773,20.879610061645508,1226700
2018-06-18,20.904696271335744,20.91305834123249,20.879610061645508,20.879610061645508,1152700
2018-06-19,20.96322929878561,20.97995343868526,20.92978261388806,20.93814468383789,849600
2018-06-20,20.93814386495788,20.97159054854734,20.92978179533509,20.95486640930176,1258100
2018-06-21,20.93814404292734,20.954866587413356,20.862887010584256,20.896333694458008,3080000
2018-06-22,20.83780148673945,20.896334381619617,20.82107734680176,20.82107734680176,1596700
2018-06-25,20.80435262574558,20.82107676521613,20.77090594170621,20.78763008117676,941900
2018-06-26,20.837800801502656,20.896333694458008,20.82943873180879,20.896333694458008,1220600
2018-06-27,20.938143435840953,21.046847148906,20.938143435840953,21.02176094055176,1612500
2018-06-28,21.030123010003173,21.046847148906,20.979952188196354,21.02176094055176,798900
2018-06-29,20.92141957402237,20.93814371314669,20.85452461242676,20.85452461242676,1134200
2018-07-02,20.996676757415713,20.996676757415713,20.95486640930176,20.95486640930176,788600
2018-07-03,20.904696017642287,20.904696017642287,20.87124773846123,20.88797187805176,492100
2018-07-05,20.83780148673945,20.862887696645995,20.812715276832908,20.82107734680176,860800
2018-07-06,20.745818838828065,20.77090504695324,20.72073422560454,20.754180908203125,727600
2018-07-09,20.712373806611648,20.795992912123435,20.704011736570298,20.762544631958008,791800
2018-07-10,20.821077273097977,20.83780141297647,20.770906448364254,20.770906448364254,873200
2018-07-11,20.770903441337698,20.929779557379195,20.770903441337698,20.913055419921875,795600
2018-07-12,20.929780960083008,20.93814302937209,20.896332682926676,20.929780960083008,1109800
2018-07-13,20.971590472702957,20.988314611888057,20.904695510864254,20.904695510864254,543700
2018-07-16,20.862885863558127,20.896332545593005,20.846161725089875,20.871246337890625,458500
2018-07-17,20.904695333957196,20.996676503795147,20.904695333957196,20.963228225708008,1234200
2018-07-18,21.030124337269456,21.030124337269456,20.97159144231706,20.98831558227539,507500
2018-07-19,21.097017716862737,21.105379786213536,20.963227797053275,21.030122756958008,1390200
2018-07-20,20.896335022180544,20.913059162630905,20.84616419573128,20.86288833618164,1048500
2018-07-23,20.862887010584256,20.921419903539608,20.862887010584256,20.896333694458008,1576300
2018-07-24,20.896333441271707,20.913057580456808,20.85452468821066,20.904695510864254,353900
2018-07-25,20.854524223076886,20.90469504461149,20.795991332136243,20.804351806640625,397200
2018-07-26,20.8796077287489,20.946502685546875,20.871245659786457,20.946502685546875,1280000
2018-07-27,20.9381451913304,20.9381451913304,20.913058980872886,20.92142105102539,439700
2018-07-30,20.87960756936476,20.87960756936476,20.829436750874653,20.846160888671875,591300
2018-07-31,20.87124773846123,20.896333947847022,20.85452519377243,20.88797187805176,576200
2018-08-01,20.913055419921875,20.929779557379195,20.89633128246455,20.913055419921875,445800
2018-08-02,20.988314005105668,21.0468468956596,20.971589866404074,21.030122756958008,906700
2018-08-03,21.063574345798596,21.063574345798596,20.9966793753772,21.046850204467773,730700
2018-08-06,21.097019703020216,21.113743843296287,21.071935087507907,21.08029556274414,647900
2018-08-07,21.030121999028477,21.071932344275613,21.021759929979048,21.05520820617676,304900
2018-08-08,21.0552089650104,21.071933103711995,21.02176068760721,21.030122756958008,288500
2018-08-09,21.063572331679836,21.15555191040039,21.055210261814015,21.15555191040039,474400
2018-08-10,21.31443049123449,21.33951670370749,21.25589759036609,21.306068420410156,718400
2018-08-13,21.297704189515315,21.347876609372697,21.272619574488395,21.314428329467773,700800
2018-08-14,21.32278756131429,21.423130792771275,21.314425492451075,21.39804458618164,1770600
2018-08-15,21.456577473322568,21.46493954218578,21.389682517318427,21.39804458618164,877900
2018-08-16,21.372960790911144,21.42313320975092,21.322789966973108,21.381322860717773,640800
2018-08-17,21.314426090675827,21.331150228871643,21.27261734008789,21.27261734008789,1019300
2018-08-20,21.272618859822195,21.297703474006383,21.214085966856807,21.22244644165039,606200
2018-08-21,21.155552090213156,21.17227623008695,21.046848370837026,21.09701919555664,1564500
2018-08-22,21.038484573364254,21.08029332471393,21.021760434863733,21.038484573364254,983300
2018-08-23,21.13882695511663,21.197359842601156,21.097016610555137,21.172273635864254,1141900
2018-08-24,21.113740588332263,21.13046472603009,21.03848356359361,21.071931838989254,767500
2018-08-27,21.03848640724862,21.046848477227787,20.97159144231706,20.98831558227539,1301900
2018-08-28,20.913058547364663,20.98831558227539,20.913058547364663,20.98831558227539,993500
2018-08-29,20.98831468779292,21.021761371382382,20.946504339678967,20.95486640930176,597200
2018-08-30,20.996676250376836,21.03012293315861,20.971590042114254,20.971590042114254,610000
2018-08-31,21.038485720812645,21.105380683561584,21.00503903688903,21.06357192993164,988600
2018-09-04,21.172276050132037,21.214086399461152,21.147191435436316,21.15555191040039,2664700
2018-09-05,21.08029556274414,21.122105913434325,21.08029556274414,21.08029556274414,476900
2018-09-06,21.06357301736987,21.10538177315825,21.046848877093797,21.08029556274414,873700
2018-09-07,21.11374206928157,21.163912890992545,21.09701793041069,21.13882827758789,741000
2018-09-10,21.09701919555664,21.105381265493538,21.071934580647714,21.09701919555664,955000
2018-09-11,21.113740921020508,21.13882712796253,21.097016783059164,21.113740921020508,621900
2018-09-12,21.088655393964192,21.105379532464713,21.005037891264845,21.038484573364254,850100
2018-09-13,20.946503581240453,20.996675997160537,20.93814310682208,20.979951858520508,518500
2018-09-14,21.005037386781787,21.080292818423448,20.988313248682932,21.05520820617676,1536400
2018-09-17,20.96322847892455,20.97995261817013,20.95486640930176,20.95486640930176,338400
2018-09-18,20.94650523237956,21.01340019731112,20.921420617343827,20.98831558227539,393500
2018-09-19,20.98831392784052,21.01339854089892,20.954865650560468,20.979951858520508,267900
2018-09-20,20.854523463163396,20.88797014466715,20.821075186758033,20.829437255859375,1248000
2018-09-21,20.91305783384574,20.92978197323347,20.87960955507027,20.896333694458008,742700
2018-09-24,20.82943873180879,20.91305783384574,20.812714592421056,20.896333694458008,2013500
2018-09-25,20.87960714500723,20.913055419921875,20.85452253372278,20.913055419921875,695100
2018-09-26,20.954867736733608,20.954867736733608,20.846164014554653,20.92142105102539,629000
2018-09-27,21.046845632442523,21.088654381785528,21.00503688309951,21.071931838989254,2658200
2018-09-28,21.15555323878573,21.163915309176616,21.08865827056047,21.122106552124023,1125200
2018-10-01,21.130467295704673,21.18063811999786,21.113743155973022,21.15555191040039,1595100
2018-10-02,21.21408538442255,21.23080792845232,21.17227503709395,21.18899917602539,1471500
2018-10-03,21.22244352574126,21.28097800556588,21.21408305209638,21.25589179992676,1033800
2018-10-04,21.264257431030273,21.306066185865173,21.222447081293605,21.264257431030273,1018000
2018-10-05,21.247532143958747,21.28098042194217,21.23080800496703,21.23917007446289,1279500
2018-10-08,21.32279032575984,21.331152395707175,21.264257431030273,21.264257431030273,761000
2018-10-09,21.331148821942627,21.35623502758175,21.247529731380386,21.25589179992676,898600
2018-10-10,21.23080825805664,21.25589446684326,21.19736157457618,21.23080825805664,1051600
2018-10-11,21.1471891969432,21.188997946944987,21.113740921020508,21.113740921020508,446700
2018-10-12,21.16391322048789,21.205723568316024,21.15555115092226,21.18063735961914,1070400
2018-10-15,21.130464553833008,21.147188691394543,21.113740416271472,21.130464553833008,422600
2018-10-16,21.08029379153981,21.13882827758789,21.08029379153981,21.13882827758789,244900
2018-10-17,21.205725042385087,21.26425793851157,21.180638831944393,21.247533798217773,641500
2018-10-18,21.272620717532615,21.347877756460708,21.255896576681515,21.339515686035156,541900
2018-10-19,21.331152977356663,21.339515047532007,21.255895940680347,21.297704696655273,667200
2018-10-22,21.339514359590193,21.381323114217295,21.339514359590193,21.372961044311523,1247000
2018-10-23,21.356239826886256,21.3729623728355,21.31442947475851,21.339515686035156,711300
2018-10-24,21.456581369698117,21.473305510461536,21.42313468307313,21.448219299316406,1189200
2018-10-25,21.456579284299295,21.531836315518483,21.456579284299295,21.506750106811523,1760100
2018-10-26,21.531838408231657,21.531838408231657,21.431495158552988,21.448219299316406,585100
2018-10-29,21.498388037242535,21.531836315518483,21.481665493006258,21.506750106811523,400700
2018-10-30,21.54019910060336,21.60709406447566,21.53183703075661,21.598731994628903,571700
2018-10-31,21.623818458002315,21.640541002990386,21.57364603833283,21.590370178222656,814100
2018-11-01,21.506752197086527,21.506752197086527,21.42313468307313,21.448219299316406,781400
2018-11-02,21.46494160663715,21.523474499407648,21.423132853201576,21.498388290405273,802900
2018-11-05,21.498388856333488,21.498388856333488,21.43985596202216,21.490028381347656,752800
2018-11-06,21.464941784772083,21.473303854508934,21.43149350582467,21.439855575561523,422200
2018-11-07,21.339511699040713,21.423130792771275,21.339511699040713,21.39804458618164,892800
2018-11-08,21.43985464080293,21.556922017113124,21.41477002758776,21.523473739624023,960500
2018-11-09,21.58200536451737,21.615453640044688,21.548558683891613,21.565282821655273,756900
2018-11-12,21.69907361669525,21.757606506347656,21.673987409029237,21.757606506347656,617600
2018-11-13,21.699074297660253,21.71579684172743,21.64053981126928,21.682350158691406,1204600
2018-11-14,21.68235275786337,21.6907148283502,21.57364743643648,21.60709571838379,714100
2018-11-15,21.690712988582945,21.690712988582945,21.607093885708956,21.657264709472656,475800
2018-11-16,21.523474499407648,21.531836569075107,21.49002781563953,21.498388290405273,991400
2018-11-19,21.481666564941406,21.498389110012145,21.439856215010135,21.481666564941406,496700
2018-11-20,21.506751073675275,21.6154563880574,21.506751073675275,21.590370178222656,374800
2018-11-21,21.54856142339985,21.590370178222656,21.540199353454938,21.590370178222656,514600
2018-11-23,21.590370816641652,21.640541642892902,21.590370816641652,21.63218116760254,147200
2018-11-26,21.590367341376194,21.673986434936523,21.590367341376194,21.673986434936523,244700
2018-11-27,21.657265927149805,21.765971245468453,21.657265927149805,21.73252296447754,1076000
2018-11-28,21.74088322778256,21.774331505993494,21.582007096083984,21.623817443847656,1654300
2018-11-29,21.6154563880574,21.640541002990386,21.590370178222656,21.590370178222656,535900
2018-11-30,21.64053815955177,21.73251932195829,21.64053815955177,21.673986434936523,325700
2018-12-03,21.64053981126928,21.682350158691406,21.632179336686537,21.682350158691406,478600
2018-12-04,21.55692356672988,21.68235142652706,21.55692356672988,21.640541076660156,879100
2018-12-06,21.63218116760254,21.640541642892902,21.56528620096693,21.63218116760254,492100
2018-12-07,21.590368776865848,21.61545498507233,21.55692209415886,21.573644638061523,1236600
2018-12-10,21.61545577761471,21.73252156373393,21.61545577761471,21.715797424316406,1093100
2018-12-11,21.73251979402103,21.807776820369867,21.724157724993205,21.774330139160156,554600
2018-12-12,21.740882796517155,21.740882796517155,21.65726369755022,21.690711975097656,874300
2018-12-13,21.707434518969716,21.749244865904014,21.682349905710797,21.690711975097656,832900
2018-12-14,21.816138889397692,21.841225096481164,21.774330139160156,21.774330139160156,446600
2018-12-17,21.72415949402517,21.74088363344269,21.69071281009184,21.715797424316406,437300
2018-12-18,21.665626853780207,21.72415974752283,21.665626853780207,21.707435607910156,903600
2018-12-19,21.640540391839277,21.715797424316406,21.582007498779667,21.715797424316406,850000
2018-12-20,21.590367939330072,21.632178284718965,21.4983867743761,21.548559188842773,1127500
2018-12-21,21.590368737357,21.71579658835658,21.590368737357,21.690711975097656,1157000
2018-12-24,21.653526251128874,21.653526251128874,21.543651877635593,21.594362258911133,907100
2018-12-26,21.619716706133033,21.7380414579805,21.602812709568013,21.704235076904297,723700
2018-12-27,21.687331556654502,21.687331556654502,21.569006802208293,21.611265182495117,571600
2018-12-28,21.5267470469189,21.594361423354712,21.5267470469189,21.55210304260254,892100
2018-12-31,21.56900811446512,21.57746011344748,21.509845733642575,21.509845733642575,625300
2019-01-02,21.687331319138845,21.72113931264115,21.653524937690403,21.670427322387695,1241600
2019-01-03,21.645073414721992,21.645073414721992,21.55210304260254,21.55210304260254,486200
2019-01-04,21.653525654518017,21.653525654518017,21.518295288085938,21.518295288085938,1367300
2019-01-07,21.433779299986114,21.45913368481431,21.416875302064668,21.42532730102539,947600
2019-01-08,21.48448890405516,21.50984490001956,21.467584906745564,21.49294090270996,1929000
2019-01-09,21.425325027875324,21.44222902400332,21.290096282958984,21.290096282958984,1293800
2019-01-10,21.349259556578694,21.425325930304755,21.349259556578694,21.41687393188477,691400
2019-01-11,21.40842086147843,21.459131237405288,21.40842086147843,21.43377685546875,624700
2019-01-14,21.4168728594752,21.44222885346553,21.399968863481657,21.43377685546875,597000
2019-01-15,21.476037737713146,21.58591211242984,21.459133739748424,21.509845733642575,1286500
2019-01-16,21.51829802690492,21.552106025829456,21.51829802690492,21.535202026367188,268900
2019-01-17,21.535202026367188,21.594364412431,21.526750026636055,21.535202026367188,330400
2019-01-18,21.543651342010257,21.62816971673746,21.543651342010257,21.602813720703125,1957700
2019-01-22,21.661976099395996,21.661976099395996,21.585911335400816,21.602813720703125,794700
2019-01-23,21.594361423354712,21.619717419038352,21.55210304260254,21.55210304260254,1153800
2019-01-24,21.577459928716248,21.704236688258316,21.577459928716248,21.67888069152832,267400
2019-01-25,21.594361123275604,21.594361123275604,21.49294036605819,21.501392364501953,619100
2019-01-28,21.501392902829103,21.526747286741312,21.46758490820761,21.518295288085938,932700
2019-01-29,21.51829284483359,21.526744842529297,21.48448646610448,21.526744842529297,591200
2019-01-30,21.52674668723693,21.552102682496905,21.3830659382048,21.41687393188477,1213100
2019-01-31,21.39151686891348,21.476035236840985,21.39151686891348,21.459131240844727,1455000
2019-02-01,21.425324860906,21.484487234839115,21.425324860906,21.459131240844727,1043600
2019-02-04,21.518295288085938,21.552103282707435,21.518295288085938,21.518295288085938,806700
2019-02-05,21.560557243826413,21.602815628895776,21.53520124555236,21.57746124267578,633000
2019-02-06,21.594361483970097,21.67042785918064,21.594361483970097,21.661975860595703,575200
2019-02-07,21.67888045078037,21.71268844604492,21.67042845196423,21.71268844604492,396900
2019-02-08,21.712688447025283,21.7380428314209,21.69578444939224,21.7380428314209,263800
2019-02-11,21.788754880738413,21.8479172605533,21.788754880738413,21.82256126403809,829300
2019-02-12,21.805656671413587,21.822560668629187,21.73804229460509,21.74649429321289,437000
2019-02-13,21.822562391320275,21.864822387695312,21.780304006999263,21.864822387695312,374100
2019-02-14,21.839466094970703,21.890176477881973,21.822562096648944,21.839466094970703,522600
2019-02-15,21.831013261960365,21.87327164409667,21.788754879824054,21.79720687866211,480000
2019-02-19,21.79720682215236,21.79720682215236,21.704236447228784,21.71268844604492,1069200
2019-02-20,21.73804146056379,21.746493458847304,21.678879084633024,21.729589462280273,352200
2019-02-21,21.71268791083559,21.76339829042849,21.71268791083559,21.74649429321289,209100
2019-02-22,21.74649483023742,21.763398827870457,21.712688447025283,21.7380428314209,165800
2019-02-25,21.704235910622565,21.75494629021171,21.704235910622565,21.72113990783691,372100
2019-02-26,21.687331854671537,21.729590235539053,21.602813480882592,21.636621475219727,391400
2019-02-27,21.61126631160371,21.67042869191783,21.61126631160371,21.653526306152344,389100
2019-02-28,21.645072939314822,21.695783317514422,21.636620940939252,21.670427322387695,340500
2019-03-01,21.661975384667087,21.763397753404124,21.645072999922466,21.754945755004883,886700
2019-03-04,21.780302047729492,21.822560428249105,21.780302047729492,21.780302047729492,254100
2019-03-05,21.814110097488065,21.873272479560217,21.805658098327186,21.839466094970703,426200
2019-03-06,21.831014095809824,21.847918094131582,21.822562096648944,21.839466094970703,782600
2019-03-07,21.93243657927027,22.033857345581055,21.93243657927027,22.033857345581055,689700
2019-03-08,21.96624183654785,21.96624183654785,21.940885840244608,21.96624183654785,512400
2019-03-11,21.932435155753257,21.96624153831132,21.915531158447266,21.915531158447266,605700
2019-03-12,21.890174031222443,21.898626029438645,21.84791565219526,21.87327003479004,593800
2019-03-13,21.83946687694012,21.847918876403625,21.763400493822623,21.771852493286133,519800
2019-03-14,21.831014095809824,21.847918094131582,21.822562096648944,21.839466094970703,266500
2019-03-15,21.822560430136328,21.822560430136328,21.780302049613063,21.80565643310547,349800
2019-03-18,21.763398050700093,21.814108429734404,21.763398050700093,21.780302047729492,381500
2019-03-19,21.74649375660564,21.77184975180337,21.7380417582064,21.754945755004883,269400
2019-03-20,21.763396850750528,21.788752844896596,21.602812111933034,21.6281681060791,1034500
2019-03-21,21.712688742609988,21.814109505681028,21.704236743678408,21.763399124145508,575800
2019-03-22,21.80565643310547,21.85636842419805,21.79720604664392,21.80565643310547,690100
2019-03-25,21.771850051097633,21.814108431620895,21.771850051097633,21.80565643310547,416100
2019-03-26,21.831011655762858,21.87327003479004,21.822559657546655,21.87327003479004,254000
2019-03-27,21.881724236728463,21.90708023393069,21.86482185064764,21.89862823486328,225300
2019-03-28,21.96624129977863,22.000049294023484,21.949337302656204,21.974693298339844,315000
2019-03-29,21.957791501372597,22.00005149841309,21.9493395019645,22.00005149841309,582400
2019-04-01,21.949336766712484,22.00004875684151,21.940884768357645,21.983144760131836,877300
2019-04-02,22.01695143927172,22.059211431617467,22.000049054387297,22.008501052856445,325500
2019-04-03,21.957789301217417,21.974693298339844,21.93243491758767,21.974693298339844,2471200
2019-04-04,22.016953885175223,22.016953885175223,22.00005149841309,22.00005149841309,294000
2019-04-05,22.00849968525768,22.05075806292364,22.00849968525768,22.025402069091797,222400
2019-04-08,21.957789004062068,21.97469300095573,21.940885007168404,21.94933700561523,329800
2019-04-09,21.915530088259743,21.957788467407227,21.915530088259743,21.957788467407227,958800
2019-04-10,21.991598908984567,21.991598908984567,21.915532528406555,21.92398452758789,1064300
2019-04-11,21.98314422377521,22.00004822007245,21.957788229329346,21.991596221923828,287100
2019-04-12,21.907081065672713,21.95779144994848,21.89862906628441,21.940887451171875,336400
2019-04-15,21.915530085552813,21.949336466455858,21.915530085552813,21.93243408203125,197500
2019-04-16,21.96624076342216,21.983144760131836,21.940884768357645,21.983144760131836,267200
2019-04-17,21.96624183654785,21.983145834083345,21.957789837780105,21.96624183654785,162200
2019-04-18,22.05075973404897,22.093018114917495,22.042307735464487,22.084566116333008,491700
2019-04-22,22.050761343984192,22.05921334318576,22.033857345581055,22.033857345581055,230300
2019-04-23,22.12682640645363,22.160632789191745,22.109922409057617,22.109922409057617,734000
2019-04-24,22.16908323840719,22.2620536055333,22.135276858031936,22.21979522705078,565400
2019-04-25,22.25360435155851,22.270508349857504,22.228248354110026,22.262056350708008,709900
2019-04-26,22.22824615232247,22.23669815063477,22.185987772814837,22.23669815063477,268300
2019-04-29,22.23669976137601,22.25360375922506,22.185989379882812,22.185989379882812,293500
2019-04-30,22.109921872356768,22.1521802527671,22.101469873863927,22.11837387084961,1107300
2019-05-01,22.093018171936432,22.16908454733921,22.033855793746252,22.14373016357422,732900
2019-05-02,22.152178944358027,22.2028909323198,22.152178944358027,22.194438934326172,240100
2019-05-03,22.202892782681783,22.21134478137979,22.109922409057617,22.109922409057617,1292700
2019-05-06,22.160631713739093,22.16908371202693,22.11837333435377,22.1268253326416,453100
2019-05-07,22.152180550126616,22.185988544551805,22.13527816496792,22.14373016357422,451300
2019-05-08,22.135277333493793,22.169083714595203,22.118373336916168,22.152179718017575,254100
2019-05-09,22.152180790493738,22.16908478788975,22.076116026319504,22.109922409057617,205000
2019-05-10,22.07611656260959,22.10992294616895,22.0507605658996,22.101470947265625,273200
2019-05-13,22.03385656809294,22.10992294616895,22.03385656809294,22.101470947265625,395400
2019-05-14,22.135277333493793,22.152179718017575,22.135277333493793,22.152179718017575,200100
2019-05-15,22.177537084781505,22.194441082404808,22.13527870277719,22.160633087158203,414700
2019-05-16,22.194439232728985,22.24514960931877,22.194439232728985,22.21979522705078,169400
2019-05-17,22.228247817772193,22.2705078125,22.228247817772193,22.2705078125,399700
2019-05-20,22.262054980196552,22.262054980196552,22.245150982938217,22.253602981567383,400400
2019-05-21,22.287410736083984,22.304313121106404,22.236698744855055,22.287410736083984,758700
2019-05-22,22.28741127423742,22.30431365966797,22.278959275495183,22.30431365966797,311500
2019-05-23,22.363477116393955,22.371929115543452,22.23670035325952,22.262056350708008,538400
2019-05-24,22.22824776245148,22.23669976137601,22.185989379882812,22.185989379882812,228000
2019-05-28,22.22824537883424,22.295859750925946,22.22824537883424,22.27895736694336,455000
2019-05-29,22.312765954683652,22.338121951247043,22.29586195697472,22.329669952392575,355200
2019-05-30,22.346573412835827,22.363475798084433,22.329669415533314,22.33812141418457,228300
2019-05-31,22.304313899553417,22.304313899553417,22.236699520942253,22.24515151977539,569600
2019-06-03,22.22824608798792,22.22824608798792,22.101469337778106,22.1268253326416,2164100
2019-06-04,22.143730941782277,22.160633327534978,22.084566949458964,22.101470947265625,880800
2019-06-05,22.08456564037044,22.177536010742188,22.06766325561965,22.177536010742188,1373700
2019-06-06,22.101470947265625,22.135278942878944,22.0507605658996,22.101470947265625,567000
2019-06-07,22.02540343774087,22.042307434679167,21.974693058979845,22.008501052856445,685100
2019-06-10,22.042309344782623,22.093019727938017,22.033857345581055,22.033857345581055,497700
2019-06-11,22.042306900024418,22.06766289481683,22.025402903496136,22.042306900024418,160500
2019-06-12,22.067664563706263,22.10992294616895,22.03385656809294,22.101470947265625,407200
2019-06-13,22.11837387084961,22.135277867835295,22.101469873863927,22.11837387084961,288800
2019-06-14,22.194439771127133,22.253602147259357,22.17753577450254,22.23669815063477,541100
2019-06-17,22.20289313766364,22.25360351860853,22.20289313766364,22.24515151977539,226000
2019-06-18,22.21979499286984,22.295859750925946,22.21979499286984,22.27895736694336,782400
2019-06-19,22.23669838750462,22.253602384309275,22.135277630784408,22.177536010742188,853600
2019-06-20,22.050758898288553,22.07611489308097,22.033854901760275,22.042306900024418,652300
2019-06-21,22.025402838554996,22.05075883327265,21.93243408203125,21.93243408203125,1123300
2019-06-24,21.923984232065507,21.940886618146333,21.89017623579587,21.89862823486328,3073800
2019-06-25,21.898626626988115,21.983144999402565,21.88172263009445,21.94933700561523,1605700
2019-06-26,21.957789837780105,21.983145834083345,21.9155314559953,21.96624183654785,224300
2019-06-27,21.957789837780105,21.9746938353156,21.957789837780105,21.96624183654785,753200
2019-06-28,21.94933700561523,21.983144999402565,21.923982622328612,21.94933700561523,285900
2019-07-01,22.01695203543345,22.118374407755624,22.008501648789363,22.109922409057617,1022300
2019-07-02,22.076115193420605,22.109921574883256,22.050759198283227,22.093017578125,383900
2019-07-03,22.076115193420605,22.109921574883256,22.050759198283227,22.093017578125,677800
2019-07-05,22.20289367357028,22.2620560547763,22.20289367357028,22.211345672607425,389700
2019-07-08,22.236698984309047,22.262054980196552,22.22824698567988,22.253602981567383,316900
2019-07-09,22.27895981144556,22.28741181039112,22.26205581355444,22.2705078125,370400
2019-07-10,22.219796002753828,22.23669838750462,22.16908401233986,22.177536010742188,540500
2019-07-11,22.16908401233986,22.20289200594917,22.16908401233986,22.177536010742188,158900
2019-07-12,22.1775351727947,22.1775351727947,22.118372798267632,22.135276794433594,208900
2019-07-15,22.135278166576448,22.169084548950195,22.135278166576448,22.169084548950195,217900
2019-07-16,22.228247817772193,22.27895981144556,22.228247817772193,22.2705078125,485600
2019-07-17,22.262056593157585,22.262056593157585,22.21134620976234,22.228248596191406,260000
2019-07-18,22.22824716672189,22.245151164117903,22.109922409057617,22.109922409057617,350600
2019-07-19,22.211343228943516,22.253601607426035,22.194439232728985,22.21979522705078,332100
2019-07-22,22.245152352409015,22.262056350708008,22.23670035325952,22.262056350708008,286100
2019-07-23,22.33812141565901,22.37192779821236,22.33812141565901,22.363475799560547,309900
2019-07-24,22.355025412962643,22.38037979686418,22.329669417007196,22.363475799560547,292300
2019-07-25,22.34657263941188,22.422639012586604,22.32121664433569,22.40573501586914,1315600
2019-07-26,22.414188385811904,22.464898767013537,22.414188385811904,22.439542770385746,438500
2019-07-29,22.473351599697395,22.481803598886913,22.44799560212884,22.45644760131836,803900
2019-07-30,22.473351599697395,22.49025559807643,22.45644760131836,22.45644760131836,274300
2019-07-31,22.464899946349696,22.600128711355765,22.439543948390792,22.591676712036133,810400
2019-08-01,22.65083796234869,22.65083796234869,22.515609204106017,22.52406120300293,1117900
2019-08-02,22.532512904345495,22.532512904345495,22.464898526117047,22.473350524902344,370700
2019-08-05,22.38037979686418,22.39728379416781,22.329669417007196,22.363475799560547,1188500
2019-08-06,22.388830184936523,22.405734181024137,22.355023804815097,22.388830184936523,369900
2019-08-07,22.346572878059433,22.380379259801533,22.312764884263466,22.37192726135254,1999900
2019-08-08,22.405734181024137,22.405734181024137,22.329667810683674,22.388830184936523,2407900
2019-08-09,22.363475799560547,22.38883179551599,22.32121741835538,22.363475799560547,523600
2019-08-12,22.338118970901128,22.35502296635473,22.321214975447525,22.34657096862793,650200
2019-08-13,22.346573472201033,22.447994232177734,22.33812147352732,22.447994232177734,483800
2019-08-14,22.439540923017567,22.49870491027832,22.42263853871117,22.49870491027832,813600
2019-08-15,22.481801452385987,22.540963829009936,22.473349454003444,22.515607833862305,2435300
2019-08-16,22.574772957143967,22.574772957143967,22.51561057332177,22.532514572143555,730300
2019-08-19,22.5494150552282,22.591673433639997,22.540963057135077,22.583221435546875,517900
2019-08-20,22.591676955965752,22.600128955376647,22.524062572732664,22.532514572143555,516700
2019-08-21,22.5409668658257,22.574773251856556,22.532514866304464,22.557870864868164,1076900
2019-08-22,22.54096221923828,22.566318212575105,22.515606225901458,22.54096221923828,299600
2019-08-23,22.566321140663177,22.62548352073862,22.405736386134137,22.41418838500977,2520300
2019-08-26,22.498708186554037,22.532514572143555,22.490256187143142,22.532514572143555,487700
2019-08-27,22.498705449151075,22.515607833862305,22.49025345076853,22.515607833862305,284900
2019-08-28,22.549416422100617,22.574770805863075,22.540964423495165,22.566320419311523,808700
2019-08-29,22.591674565138355,22.642386556236975,22.56632018164293,22.6254825592041,1463500
2019-08-30,22.64238661556651,22.75225937246032,22.608578621412175,22.71000099182129,623500
2019-09-03,22.811423961363644,22.82832796007937,22.735357579196915,22.760713577270508,1803600
2019-09-04,22.66774147766025,22.676193476377264,22.6085790986951,22.61703109741211,1136600
2019-09-05,22.549416184610056,22.6254825592041,22.54096418609362,22.6254825592041,799900
2019-09-06,22.59167593320344,22.633935928344727,22.566321548172652,22.633935928344727,813300
2019-09-09,22.600128711355765,22.6085807106754,22.566322326131267,22.591676712036133,936100
2019-09-10,22.6085790986951,22.62548309612912,22.60012709997809,22.61703109741211,286900
2019-09-11,22.68464469909668,22.710000694380337,22.676192700668796,22.68464469909668,449500
2019-09-12,22.718451857908395,22.735355855342416,22.583223102544064,22.61703109741211,450400
2019-09-13,22.574769437453757,22.608577429826237,22.56631905141444,22.583221435546875,2010800
2019-09-16,22.650836705385142,22.70154869595245,22.650836705385142,22.68464469909668,433100
2019-09-17,22.667739804424276,22.68464380061052,22.583221435546875,22.583221435546875,395400
2019-09-18,22.61702949151655,22.70154786063161,22.608577493399665,22.667739868164062,895600
2019-09-19,22.61703109741211,22.64238709356314,22.591675101261075,22.61703109741211,517200
2019-09-20,22.676193237304688,22.701549233188395,22.667741238676783,22.676193237304688,303200
2019-09-23,22.726903376844568,22.726903376844568,22.693096994744124,22.71000099182129,355300
2019-09-24,22.693096935281712,22.693096935281712,22.6254825592041,22.6254825592041,513600
2019-09-25,22.7353546049184,22.811420977133995,22.718450608414084,22.802968978881836,894900
2019-09-26,22.777616261529815,22.87058502499316,22.76071226378959,22.862133026123047,821500
2019-09-27,22.853683176161056,22.853683176161056,22.8029711817491,22.82832717895508,394300
2019-09-30,22.90439224243164,22.912844241014646,22.870584248099615,22.90439224243164,427500
2019-10-01,22.95510394087698,22.963555939945643,22.81987517988642,22.82832717895508,972700
2019-10-02,22.845228432887396,22.853680430940788,22.802968442620436,22.811420440673828,713300
2019-10-03,22.81987297538615,22.82832497363831,22.7353546049184,22.802968978881836,896300
2019-10-04,22.802970052598123,22.819874049898395,22.77761566870163,22.78606605529785,2127300
2019-10-07,22.777616796597115,22.82832717895508,22.769164797528457,22.82832717895508,452900
2019-10-08,22.81987464382643,22.887489022733387,22.81987464382643,22.862133026123047,1320500
2019-10-09,22.819872201294075,22.86213057906755,22.819872201294075,22.84522819519043,346000
2019-10-10,22.786066591472007,22.81142258801906,22.743808209280868,22.752260208129883,467300
2019-10-11,22.667739868164062,22.70154786063161,22.642385485867212,22.667739868164062,558800
2019-10-14,22.718451380118747,22.735355377197266,22.70154899509412,22.735355377197266,336600
2019-10-15,22.743806239162236,22.76071023539601,22.659287870047176,22.667739868164062,413600
2019-10-16,22.650836107241116,22.667740103650495,22.5916737318621,22.608577728271484,614600
2019-10-17,22.53251320189984,22.549417199693664,22.507157205209104,22.52406120300293,545400
2019-10-18,22.490254763641328,22.50715714933924,22.439542770385746,22.439542770385746,397300
2019-10-21,22.43109321580382,22.473351599697395,22.43109321580382,22.45644760131836,391100
2019-10-22,22.490253986956116,22.51560837065436,22.44799399403588,22.507156372070312,2139300
2019-10-23,22.515607294584715,22.53251129094493,22.481800913918104,22.49870491027832,408100
2019-10-24,22.490254043916348,22.58322280446853,22.490254043916348,22.566320419311523,624900
2019-10-25,22.574772713396865,22.6085807106754,22.557870326811635,22.591676712036133,368600
2019-10-28,22.574769973754883,22.583221972048797,22.5578675892209,22.574769973754883,505800
2019-10-29,22.574770805863075,22.58322280446853,22.540964423495165,22.566320419311523,325400
2019-10-30,22.566319824157567,22.63393419916406,22.50715583547976,22.515607833862305,319200
2019-10-31,22.49025452247294,22.515608906774897,22.473350524902344,22.473350524902344,293500
2019-11-01,22.481801152301177,22.490253150570904,22.447993159222264,22.46489715576172,648800
2019-11-04,22.49870521067501,22.549415588378903,22.490253212382058,22.549415588378903,389200
2019-11-05,22.59167593320344,22.650838314347254,22.583223934175184,22.633935928344727,1795200
2019-11-06,22.608579931259953,22.642387927372983,22.608579931259953,22.633935928344727,425200
2019-11-07,22.650836705385142,22.710000694380337,22.650836705385142,22.68464469909668,548200
2019-11-08,22.743807375736523,22.75225937427578,22.718451380118747,22.735355377197266,237400
2019-11-11,22.710003436826472,22.710003436826472,22.693099437929387,22.70155143737793,135500
2019-11-12,22.735355377197266,22.75225937427578,22.718451380118747,22.735355377197266,347500
2019-11-13,22.752258002145258,22.752258002145258,22.72690200805664,22.72690200805664,150900
2019-11-14,22.743807373921733,22.7607113709989,22.693096994744124,22.71000099182129,123200
2019-11-15,22.676194311777476,22.68464631080586,22.659290313720703,22.659290313720703,439200
2019-11-18,22.64238709356314,22.64238709356314,22.591675101261075,22.61703109741211,528700
2019-11-19,22.62548339248129,22.64238739013672,22.61703139365357,22.64238739013672,269700
2019-11-20,22.650837776910492,22.67619377339364,22.64238739013672,22.64238739013672,473500
2019-11-21,22.642386854846983,22.693097234560497,22.63393485621908,22.676193237304688,111300
2019-11-22,22.659288467645176,22.752258837329048,22.659288467645176,22.743806838989254,225800
2019-11-25,22.760713577270508,22.76916557662837,22.726905579839052,22.760713577270508,601200
2019-11-26,22.75225937427578,22.769163371354296,22.735355377197266,22.735355377197266,307900
2019-11-27,22.769163131713867,22.7860655165606,22.760711133263563,22.769163131713867,176000
2019-11-29,22.77761483234843,22.80296921531396,22.735354840649464,22.743806838989254,2004200
2019-12-02,22.718449407621097,22.72690140542652,22.64238465147977,22.650835037231445,704800
2019-12-03,22.6254825592041,22.642386556236975,22.60857856217123,22.6254825592041,499700
2019-12-04,22.566321789407688,22.617032172065347,22.54941779117047,22.600128173828125,317000
2019-12-05,22.583221969496893,22.583221969496893,22.549415588378903,22.549415588378903,270800
2019-12-06,22.617031930288213,22.667742312403774,22.608579931259953,22.633935928344727,313400
2019-12-09,22.600125730066793,22.63393372288556,22.600125730066793,22.608577728271484,212200
2019-12-10,22.574769437453757,22.608577429826237,22.56631905141444,22.583221435546875,205700
2019-12-11,22.56631928366536,22.58322166797176,22.473348915737997,22.49870491027832,552300
2019-12-12,22.490256187143142,22.600128955376647,22.490256187143142,22.532514572143555,627300
2019-12-13,22.464900188910462,22.532514572143555,22.464900188910462,22.532514572143555,291700
2019-12-16,22.473351357638,22.507157741977927,22.456447359441036,22.49025535583496,814400
2019-12-17,22.51561057332177,22.532514572143555,22.50715857391088,22.532514572143555,199300
2019-12-18,22.5578675892209,22.583221972048797,22.54941559092699,22.574769973754883,237900
2019-12-19,22.583221972048797,22.591673970342708,22.5578675892209,22.574769973754883,427300
2019-12-20,22.617028658063493,22.65928703503687,22.617028658063493,22.650835037231445,686800
2019-12-23,22.73359885677167,22.73359885677167,22.621524831764944,22.63876724243164,826000
2019-12-24,22.647388447764985,22.656009653098337,22.621524831764944,22.63876724243164,274200
2019-12-26,22.621526698588635,22.638769110678243,22.59566308045422,22.604284286499023,235100
2019-12-27,22.51807400458353,22.53531477119001,22.474967977250305,22.492210388183594,573300
2019-12-30,22.449106216430664,22.45772577765161,22.41462139423957,22.449106216430664,527600
2019-12-31,22.38013650016839,22.39737891120856,22.35427452793496,22.388757705688477,505200
2020-01-02,22.45772553526793,22.483589151632103,22.405999946866388,22.466346740722656,556500
2020-01-03,22.51807400458353,22.51807400458353,22.449106005177185,22.492210388183594,663500
2020-01-06,22.43186570168239,22.457727676185208,22.43186570168239,22.440486907958984,308800
2020-01-07,22.500833530575605,22.53531671108377,22.500833530575605,22.518075942993164,145100
2020-01-08,22.543935817415097,22.595661405522783,22.535314612009348,22.57842063903809,685600
2020-01-09,22.621524810791016,22.656009632092427,22.621524810791016,22.621524810791016,167000
2020-01-10,22.638769110678243,22.64739031672305,22.59566308045422,22.604284286499023,211800
2020-01-13,22.63014790463344,22.638769110678243,22.59566308045422,22.604284286499023,217000
2020-01-14,22.647390326513463,22.656011532562,22.604284296270805,22.612905502319336,589900
2020-01-15,22.569799433632337,22.60428261092853,22.569799433632337,22.57842063903809,242500
2020-01-16,22.57842232245213,22.621526708367867,22.57842232245213,22.612905502319336,108600
2020-01-17,22.66463256373439,22.690494537353516,22.66463256373439,22.690494537353516,284500
2020-01-21,22.63877083058947,22.6818752197613,22.63877083058947,22.673254013061523,327200
2020-01-22,22.647390375353776,22.699115967429595,22.647390375353776,22.6560115814209,216500
2020-01-23,22.699115772828023,22.73360059680088,22.69049456683481,22.716358184814453,126400
2020-01-24,22.74221993483863,22.776704758472388,22.74221993483863,22.75084114074707,221800
2020-01-27,22.759462386257997,22.793947209951764,22.759462386257997,22.78532600402832,226800
2020-01-28,22.811187977471747,22.82843038931863,22.78532600402832,22.78532600402832,158400
2020-01-29,22.82843016579997,22.837051371638996,22.793946986770734,22.819808959960938,152600
2020-01-30,22.785325964380828,22.793947170289268,22.75084114074707,22.75084114074707,160900
2020-01-31,22.716358379563843,22.72497958563097,22.647390375353776,22.6560115814209,784700
2020-02-03,22.742218049457897,22.78532407542651,22.742218049457897,22.768081665039062,860600
2020-02-04,22.785326023807094,22.802568435668945,22.785326023807094,22.802568435668945,469400
2020-02-05,22.862914806191565,22.888776779174805,22.845672394651498,22.888776779174805,388100
2020-02-06,22.88877682933173,22.94912526985422,22.88877682933173,22.931882858276367,140600
2020-02-07,22.923263352527165,22.98361015319824,22.923263352527165,22.98361015319824,95700
2020-02-10,23.000850697674885,23.026712670531985,22.98360828621891,23.01809310913086,256100
2020-02-11,23.009469964324193,23.009469964324193,22.98360634931984,22.99222755432129,268900
2020-02-12,22.983609965874848,23.06119917877014,22.983609965874848,23.05257797241211,172400
2020-02-13,23.05257609555604,23.078439712524418,23.035333684243795,23.078439712524418,592400
2020-02-14,23.078439702356427,23.087060908008752,23.04395487974713,23.0698184967041,162600
2020-02-18,23.156030654907227,23.16465186120961,23.10430341709295,23.156030654907227,148400
2020-02-19,23.199132919311523,23.224996535852075,23.190511713798006,23.199132919311523,246100
2020-02-20,23.22499635561913,23.26810073852539,23.216375150172514,23.26810073852539,385600
2020-02-21,23.224996717159833,23.224996717159833,23.121543894516837,23.130165100097656,1199500
2020-02-24,23.16464993267187,23.173269493929674,23.087060726736997,23.13878631591797,335800
2020-02-25,23.13016529194353,23.138786497595856,23.04395487974713,23.0698184967041,355000
2020-02-26,23.095684042065525,23.13878842959936,23.069820422949032,23.08706283569336,1037600
2020-02-27,22.9663641484015,23.000848968721257,22.923259767328545,22.94912338256836,1103600
2020-02-28,22.949123549491247,23.026711107121564,22.837049526963597,22.87153434753418,4081100
2020-03-02,22.76808355256395,22.776704758472388,22.66463237031646,22.75084114074707,1447200
2020-03-03,22.750841559505417,22.750841559505417,22.612905551085277,22.6560115814209,1429500
2020-03-04,22.73360061645508,22.768083796130835,22.707736998453075,22.73360061645508,613900
2020-03-05,22.62152500085518,22.656009822446332,22.552557001999674,22.56117820739746,848300
2020-03-06,22.35427457925797,22.449106195869792,22.345653373718097,22.43186378479004,1574800
2020-03-09,22.190475463867188,22.19909666960179,21.24216420931009,22.190475463867188,2684400
2020-03-10,22.33703390126272,22.552559123501325,22.33703390126272,22.518075942993164,5135700
2020-03-11,22.4491077141045,22.56118010504871,22.42324409573571,22.55255889892578,722700
2020-03-12,22.630145702243695,22.983606894046883,22.578420115335778,22.7939453125,3224700
2020-03-13,22.906017510004556,24.112958275694552,22.880155538918917,23.65604591369629,1333500
2020-03-16,22.97498720263263,23.00947202572791,22.69911519517786,22.897397994995117,1673200
2020-03-17,23.2163732912216,23.36293048342549,23.199130881708985,23.302583694458008,1456000
2020-03-18,23.47500389446308,24.1474430962444,23.466382689325616,23.65604591369629,4116300
2020-03-19,24.90609549581538,24.914716702488032,23.92330095571135,24.21641540527344,4056500
2020-03-20,24.13882637931914,24.20779438891554,23.862954340933538,24.14744758605957,6811700
2020-03-23,24.018128937735455,24.13882252417174,23.906054912335943,24.112958908081055,2220200
2020-03-24,23.750879119772335,23.914678751063217,23.716395938847764,23.83708953857422,5991000
2020-03-25,23.750877746319095,23.828466954321307,23.535352533941147,23.61294174194336,4433200
2020-03-26,23.406036960188604,23.41465816571742,23.22499657706396,23.233617782592773,7221000
2020-03-27,23.345692401691036,23.371556020754504,22.992231162791835,23.043956756591797,4150600
2020-03-30,23.18189070976523,23.23361794329591,23.13878632614983,23.14740753173828,2272500
2020-03-31,23.25947989515628,23.31982668989518,23.09568192210121,23.130165100097656,1534800
2020-04-01,23.268102655537437,23.31982824815188,23.23361947523679,23.276723861694336,3000000
2020-04-02,23.380176300782527,23.457763866244942,23.311208297006107,23.397417068481445,3650000
2020-04-03,23.500869780526173,23.57845898993324,23.48362736858529,23.5267333984375,3110700
2020-04-06,23.50948882835023,23.587078030634693,23.49224641799218,23.535350799560547,1704900
2020-04-07,23.2853448534641,23.36293406383488,23.27672364738658,23.319828033447266,2140300
2020-04-08,23.33707028049644,23.40603828430176,23.33707028049644,23.40603828430176,2153400
2020-04-09,23.233617782592773,23.276722165910027,23.181890549419883,23.233617782592773,1685500
2020-04-13,23.224996535852075,23.250858508065807,23.173269302770972,23.199132919311523,1185600
2020-04-14,23.121544086291205,23.138786497595856,23.0698184967041,23.0698184967041,2435900
2020-04-15,23.319828209369184,23.328449415511745,23.173270993599548,23.24223899841309,2069600
2020-04-16,23.293964185582595,23.43190018307239,23.26810056943071,23.34568977355957,2609300
2020-04-17,23.29396628367512,23.311208695996072,23.250860252872744,23.28534507751465,881600
2020-04-20,23.33707049426233,23.362934112548828,23.28534490201627,23.362934112548828,1298900
2020-04-21,23.449144304558946,23.46638507225786,23.362933888756693,23.397417068481445,1643800
2020-04-22,23.362933705007784,23.475006093640424,23.362933705007784,23.466384887695312,947700
2020-04-23,23.483625401415257,23.50086781191178,23.36293181659311,23.475004196166992,1491100
2020-04-24,23.44914433401362,23.47500630775794,23.414659509918636,23.423280715942383,843600
2020-04-27,23.328449288166833,23.388796086508393,23.319828082071336,23.362934112548828,2184200
2020-04-28,23.259479353645094,23.345689763119363,23.25085814826499,23.337068557739254,1051400
2020-04-29,23.259481410698207,23.311208647553563,23.224998230454904,23.24223899841309,781800
2020-04-30,23.250858913131303,23.27672253012244,23.069818527173904,23.09568214416504,1839200
2020-05-01,23.09568191187317,23.138786295431345,23.052575883988165,23.121543884277344,1096100
2020-05-04,23.216377033975743,23.259481420379547,23.19913462168345,23.2508602142334,1000500
2020-05-05,23.276721943972003,23.302585560311844,23.190511533832673,23.26810073852539,4938200
2020-05-06,23.3370705136761,23.38879610596519,23.31120853969502,23.380176544189453,755100
2020-05-07,23.406038704204818,23.431902322718397,23.285345106462007,23.311208724975582,653200
2020-05-08,23.302583694458008,23.328445664400256,23.199130881708985,23.302583694458008,1091300
2020-05-11,23.345689563108053,23.41465756123123,23.328447152495563,23.3887939453125,4346000
2020-05-12,23.293964185582595,23.34568977355957,23.26810056943071,23.34568977355957,629400
2020-05-13,23.293963975597364,23.40603635592499,23.276721564984875,23.3887939453125,826600
2020-05-14,23.440521208727013,23.45776197503595,23.388793976819866,23.41465759277344,940300
2020-05-15,23.380174436787325,23.449142435065237,23.354310820810564,23.431900024414062,450800
2020-05-18,23.345691827796863,23.362934240081984,23.233619436597465,23.24223899841309,1819600
2020-05-19,23.216375361247465,23.233617772297453,23.16464977242432,23.22499656677246,803400
2020-05-20,23.130165120561387,23.15602873732673,23.095681942534437,23.14740753173828,1790200
2020-05-21,23.138786125043723,23.224996535852075,23.130164919530205,23.199132919311523,1025400
2020-05-22,23.276721943972003,23.302585560311844,23.259479533078775,23.26810073852539,2072200
2020-05-26,23.112922911165615,23.121544116829327,23.061197321510193,23.09568214416504,1059900
2020-05-27,23.08706283569336,23.16465204871585,23.069820422949032,23.08706283569336,581800
2020-05-28,23.03533381552418,23.05257622693469,22.94050384142007,22.966365814208984,3065100
2020-05-29,22.91464044669851,22.974987242894137,22.871536062080743,22.931882858276367,1369300
2020-06-01,22.871536438789445,22.888777206324395,22.802568435668945,22.802568435668945,1381400
2020-06-02,22.759462376368617,22.7939472000474,22.724979197016737,22.776704788208008,787400
2020-06-03,22.742218417778233,22.750839623111577,22.63876724243164,22.63876724243164,6785400
2020-06-04,22.656011728074,22.656011728074,22.50083330651514,22.55255889892578,3238700
2020-06-05,22.552556781090157,22.61290357395676,22.535314370463475,22.59566116333008,4095300
2020-06-08,22.552556970708174,22.578420586865654,22.518073793491663,22.535314559936523,1794500
2020-06-09,22.535314740033648,22.54393594548837,22.440484768685288,22.466346740722656,1034100
2020-06-10,22.40600033906281,22.474968339581025,22.311168721727704,22.35427474975586,1231100
2020-06-11,22.44910584660547,22.587041844443835,22.388757408765237,22.57842063903809,1079800
2020-06-12,22.569799244091648,22.73359885677167,22.535314422758265,22.63876724243164,1784900
2020-06-15,22.656011718328408,22.67325248623991,22.50945450295552,22.54393768310547,725200
2020-06-16,22.561179910355065,22.673252300332138,22.561179910355065,22.612905502319336,1421400
2020-06-17,22.621526727903984,22.699115938080855,22.621526727903984,22.63014793395996,751200
2020-06-18,22.6818733608416,22.742220158467184,22.66463259318208,22.716358184814453,616000
2020-06-19,22.673251922016192,22.776704748545487,22.673251922016192,22.74221992492676,1957900
2020-06-22,22.69049280906706,22.69049280906706,22.595661194814955,22.621524810791016,935100
2020-06-23,22.500833296836294,22.54393768310547,22.457727266240195,22.54393768310547,1563800
2020-06-24,22.595663129220117,22.66463277772741,22.587043567483633,22.647390365600582,1174900
2020-06-25,22.71635623519779,22.733598645704397,22.68187141418457,22.68187141418457,1144800
2020-06-26,22.699115772828023,22.768083776446822,22.69049456683481,22.716358184814453,556200
2020-06-29,22.65600949542612,22.750839464779403,22.65600949542612,22.724977493286133,551400
2020-06-30,22.750841334900695,22.76808374686472,22.656011357752377,22.690494537353516,995400
2020-07-01,22.68187162477159,22.69911403543828,22.6129036264316,22.63876724243164,736900
2020-07-02,22.6215267571524,22.699115967429595,22.58704357721083,22.6560115814209,519300
2020-07-06,22.518073793491663,22.561178176094003,22.492210177334183,22.535314559936523,984100
2020-07-07,22.54393773151836,22.604284530155564,22.54393773151836,22.58704376220703,598100
2020-07-08,22.535314740033648,22.54393594548837,22.45772553526793,22.466346740722656,439000
2020-07-09,22.449107704447908,22.55255888922469,22.440486498328685,22.54393768310547,629200
2020-07-10,22.492212314762657,22.526695495256096,22.466348696147367,22.50945472717285,219500
2020-07-13,22.4749698638916,22.49221227627229,22.423244271076488,22.4749698638916,374500
2020-07-14,22.49221057924235,22.49221057924235,22.406000168170408,22.43186378479004,774400
2020-07-15,22.328411153328965,22.39737915391016,22.302549180815287,22.371517181396484,525400
2020-07-16,22.397378983144023,22.45772577765161,22.33703218863644,22.449106216430664,373900
2020-07-17,22.388757927851547,22.388757927851547,22.337032338544596,22.35427474975586,420100
2020-07-20,22.354276619129557,22.388759800108897,22.311170587496665,22.31979179382324,296500
2020-07-21,22.29392827821889,22.302549483949573,22.13874986372032,22.181854248046875,1351000
2020-07-22,22.112886438847656,22.138750056264644,22.087024465757544,22.12150764465332,653800
2020-07-23,22.138750269795207,22.14737147568402,22.035297443456315,22.07840347290039,1249900
2020-07-24,22.026676391644287,22.05254000949165,21.974950800276467,21.983572006225582,1095200
2020-07-27,21.837015132502636,21.85425754466836,21.76804712816667,21.81977272033691,1412600
2020-07-28,21.837015171421708,21.86287878971639,21.802531991355732,21.854257583618164,1246000
2020-07-29,21.79390902077559,21.79390902077559,21.6990774056998,21.750802993774418,1282400
2020-07-30,21.724943093825683,21.76804748061096,21.65597508837306,21.664594650268555,537200
2020-07-31,21.681835046731788,21.80253027829682,21.6645926358901,21.793909072875977,1742100
2020-08-03,21.888739043851672,21.90598145469336,21.785287867455132,21.793909072875977,1447400
2020-08-04,21.845634831509763,21.854256036997867,21.716320037841797,21.716320037841797,1094400
2020-08-05,21.604246160071664,21.647352187809982,21.56114177666017,21.621488571166992,1266200
2020-08-06,21.630109776714654,21.69045657122148,21.58700539330316,21.621488571166992,766900
2020-08-07,21.768045404574885,21.8197709926495,21.74218178837418,21.750802993774418,1201700
2020-08-10,21.785287857055664,21.811149828979055,21.733560624555288,21.785287857055664,1037600
2020-08-11,21.776668334249532,21.837015132502636,21.742183509918085,21.81977272033691,1124600
2020-08-12,21.750802993774418,21.785287815375355,21.71631981650027,21.750802993774418,607700
2020-08-13,21.69907929886765,21.759426097607545,21.64735370628016,21.742183685302734,1077600
2020-08-14,21.699077616537483,21.71632002750549,21.66459279460147,21.707698822021484,1913500
2020-08-17,21.65597529421728,21.65597529421728,21.612869262695312,21.612869262695312,951900
2020-08-18,21.48355103627917,21.53527662154307,21.457687421483868,21.492172241210938,1104800
2020-08-19,21.509417871245375,21.68183706271345,21.483554252578035,21.664594650268555,1512800
2020-08-20,21.716320167212594,21.716320167212594,21.604246139526367,21.604246139526367,933200
2020-08-21,21.72494123298949,21.776666821566696,21.707698822021484,21.707698822021484,1667500
2020-08-24,21.64735370628016,21.742183685302734,21.64735370628016,21.742183685302734,450400
2020-08-25,21.673215856491,21.716321887603236,21.65597508837306,21.664594650268555,869200
2020-08-26,21.716320208483435,21.716320208483435,21.621488591695915,21.638731002807617,879900
2020-08-27,21.569764670475543,21.74218386194362,21.552522258030653,21.664594650268555,698300
2020-08-28,21.51803421167953,21.56114023633837,21.48355103627917,21.492172241210938,1200300
2020-08-31,21.466312408447266,21.50079723425003,21.42320802052081,21.466312408447266,1732200
2020-09-01,21.38010203483381,21.52665925616076,21.38010203483381,21.509418487548828,1022900
2020-09-02,21.595625176543827,21.63873120472531,21.578384409598076,21.587005615234375,1923900
2020-09-03,21.612867334776777,21.66459292366212,21.58700536249751,21.595624923706055,1004400
2020-09-04,21.67321417041927,21.707698992626305,21.587005403555334,21.630109786987305,1193400
2020-09-08,21.73356247915033,21.76804730375995,21.707700505020057,21.742183685302734,1556900
2020-09-09,21.72494123298949,21.72494123298949,21.681835205569477,21.707698822021484,646300
2020-09-10,21.61286699602424,21.75942419917465,21.587005024150333,21.750802993774418,950300
2020-09-11,21.699077616537483,21.75080320511469,21.699077616537483,21.707698822021484,467800
2020-09-14,21.638732929150205,21.681837316439903,21.621490516503535,21.655975341796875,611900
2020-09-15,21.638730781196816,21.6990775751429,21.63010957572926,21.67321395874023,448500
2020-09-16,21.638734616257015,21.72494504188495,21.621492202266005,21.69908142089844,601600
2020-09-17,21.724941393412134,21.724941393412134,21.621488571166992,21.621488571166992,875600
2020-09-18,21.64735221862793,21.664592985420978,21.595624985268305,21.64735221862793,820100
2020-09-21,21.759426165149097,21.845636582613803,21.75080495896993,21.80253219604492,1408500
2020-09-22,21.81115132000872,21.9146041477548,21.793910552323464,21.88011932373047,1328300
2020-09-23,21.940467640495115,22.018056849779924,21.89736161071083,22.00081443786621,12116400
2020-09-24,22.01805872207333,22.035299491126203,21.93184829950081,21.966331481933594,2385000
2020-09-25,22.0439185897095,22.069782207305977,22.01805661643991,22.026676177978516,1410500
2020-09-28,21.94046568536554,21.983570066981866,21.923223274988313,21.957706451416016,756400
2020-09-29,21.897361969782366,21.91460438197882,21.854257583618164,21.854257583618164,1239000
2020-09-30,21.897361969782366,21.9404680002735,21.81115155312703,21.854257583618164,1218000
2020-10-01,21.837015132502636,21.880119518590018,21.81977272033691,21.81977272033691,915800
2020-10-02,21.871498107910156,21.880117668937427,21.83701328649391,21.871498107910156,1354000
2020-10-05,21.785289754751695,21.785289754751695,21.74218372391312,21.776668548583984,1047100
2020-10-06,21.742183529308413,21.85425756415864,21.742183529308413,21.83701515197754,2283000
2020-10-07,21.819772710595615,21.828393916674628,21.793910736685504,21.8111515045166,1158500
2020-10-08,21.811151757897143,21.85425778879297,21.79391098986576,21.80253219604492,885300
2020-10-09,21.6990775751429,21.72494119154557,21.65597319213193,21.67321395874023,1993200
2020-10-12,21.664592985420978,21.67321419098091,21.64735221862793,21.64735221862793,676000
2020-10-13,21.74218372391312,21.785289754751695,21.73356251774541,21.776668548583984,12537500
2020-10-14,21.733560814827506,21.75080322581191,21.69907763718549,21.72494125366211,879300
2020-10-15,21.828392028808594,21.854255644808777,21.81114961814181,21.828392028808594,1417200
2020-10-16,21.79391098986576,21.811151757897143,21.776668577507422,21.80253219604492,951300
2020-10-19,21.69907928921508,21.75080488177956,21.69045808306651,21.733562469482425,545900
2020-10-20,21.68183706271345,21.699079475158342,21.638732675928168,21.664594650268555,1538500
2020-10-21,21.595625135726294,21.595625135726294,21.51803592947312,21.552520751953125,1624000
2020-10-22,21.587005413799343,21.638731002807617,21.587005413799343,21.638731002807617,1276100
2020-10-23,21.578384409598076,21.63873120472531,21.578384409598076,21.587005615234375,481500
2020-10-26,21.63011146970572,21.664594650268555,21.63011146970572,21.664594650268555,368300
2020-10-27,21.604246160071664,21.630109776714654,21.58700539330316,21.621488571166992,181800
2020-10-28,21.750803004190363,21.78528782580782,21.72494103230407,21.759424209594727,648700
2020-10-29,21.811149639082537,21.905981253514124,21.811149639082537,21.84563446044922,1219600
2020-10-30,21.82839208113985,21.89736007964555,21.811149670431725,21.871498107910156,608500
2020-11-02,21.91460416739872,21.923225373412528,21.880119343343473,21.897361755371097,1713500
2020-11-03,21.75080493008084,21.785289754751695,21.707700543569207,21.776668548583984,6207800
2020-11-04,21.78528971606476,21.811151690195036,21.716321711172466,21.742183685302734,1126600
2020-11-05,21.561141937148005,21.612867526492177,21.509416347803832,21.5352783203125,1556800
2020-11-06,21.483552902320113,21.526657286396247,21.44044851824398,21.45768928527832,3497000
2020-11-09,21.43182695151466,21.6301097458475,21.43182695151466,21.595624923706055,1846300
2020-11-10,21.55252054035607,21.604246129241417,21.55252054035607,21.595624923706055,734400
2020-11-11,21.655973393357648,21.681835365673816,21.621488571166992,21.621488571166992,495700
2020-11-12,21.63873098226232,21.647352187809982,21.595624954524,21.621488571166992,497400
2020-11-13,21.595625166351677,21.604246371983905,21.569763193781835,21.578384399414062,1036000
2020-11-16,21.561141926923177,21.56976313253092,21.526657104492188,21.526657104492188,2991700
2020-11-17,21.474929831347403,21.509414651074472,21.474929831347403,21.492172241210938,1027300
2020-11-18,21.48355485879708,21.500797271728516,21.449070032934205,21.500797271728516,408400
2020-11-19,21.561144035077863,21.561144035077863,21.457691201996575,21.466312408447266,302800
2020-11-20,21.457687421483868,21.500793446142705,21.457687421483868,21.492172241210938,333800
2020-11-23,21.4232059258529,21.578384338138665,21.414584720245156,21.526657104492188,749600
2020-11-24,21.50079553694993,21.52665750993343,21.423206329345703,21.423206329345703,665600
2020-11-25,21.423206289080124,21.44044870058796,21.380100260310535,21.388721466064453,599100
2020-11-27,21.38010238377382,21.38010238377382,21.336997995049984,21.345619201660156,198300
2020-11-30,21.28527029568484,21.39734268188477,21.276649089926863,21.39734268188477,435700
2020-12-01,21.311130922442267,21.336994538082426,21.190437338108385,21.207679748535156,980900
2020-12-02,21.23354168795007,21.242162893150503,21.173194895873785,21.18181610107422,1125200
2020-12-03,21.069746017456055,21.112850403827252,21.043882399037173,21.069746017456055,1003000
2020-12-04,21.04388216563124,21.121471375700377,21.035260959587237,21.09560775756836,1834200
2020-12-07,21.10422900266973,21.13871382690957,21.069745822756804,21.13009262084961,896900
2020-12-08,21.11285023795108,21.164575830055515,21.11285023795108,21.155956268310547,612100
2020-12-09,21.13009049299322,21.20767969539251,21.112848082609656,21.164573669433594,518700
2020-12-10,21.16457577139775,21.16457577139775,21.078366999571593,21.104228973388672,608700
2020-12-11,21.13871385616676,21.164575830055515,21.130092650094863,21.155956268310547,1017700
2020-12-14,21.04388216563124,21.121471375700377,21.035260959587237,21.09560775756836,455400
2020-12-15,21.052503556713837,21.07836717507318,21.01801873223471,21.026639938354492,853900
2020-12-16,20.97491457959476,21.086986971746377,20.96629337337895,21.000778198242188,749800
2020-12-17,20.880081187092497,20.897323598063753,20.85421921496242,20.888702392578125,922000
2020-12-18,20.92318724553747,20.949049217705884,20.90594483454065,20.914566040039062,898400
2020-12-21,21.00939744426065,21.018017005345293,20.914565829061576,20.957670211791992,618900
2020-12-22,20.98353560038672,21.07836722359568,20.98353560038672,21.069746017456055,1401500
2020-12-23,20.974912643432617,21.01801702620581,20.94904902717262,20.974912643432617,758600
2020-12-24,20.974914569998145,21.000778188633745,20.974914569998145,20.992156982421875,280500
2020-12-28,20.957672157574414,21.009399394845605,20.93181018326577,20.992156982421875,1036100
2020-12-29,20.923187255859375,20.9404296668647,20.880081228346057,20.923187255859375,1444700
2020-12-30,20.86284253142738,20.871462093458355,20.82835770599556,20.836978912353516,1463900
2020-12-31,20.836976814296,20.92318722486812,20.836976814296,20.89732360839844,801500
2021-01-04,20.80249201288655,20.914566040039062,20.80249201288655,20.914566040039062,1322800
2021-01-05,20.862842747852703,20.880083516420484,20.7852535341532,20.793874740600582,723300
2021-01-06,20.84559839225962,20.880081570508533,20.768009185791016,20.768009185791016,1042800
2021-01-07,20.871459981606865,20.923187214520645,20.871459981606865,20.888702392578125,1018000
2021-01-08,20.854219256164885,20.9835340500512,20.845598050662225,20.923187255859375,1677700
2021-01-11,21.06974408916804,21.09560606089311,21.009397296040483,21.052501678466797,1445200
2021-01-12,21.043880864980267,21.043880864980267,20.923187276477684,20.9404296875,1360500
2021-01-13,21.000776301276797,21.0266382732612,20.966291479528515,21.009397506713867,956500
2021-01-14,21.0438825464341,21.052503752634113,20.93181015448784,20.966293334960938,614300
2021-01-15,21.052503381427595,21.104228973388672,21.043882175379593,21.104228973388672,1177500
2021-01-19,21.026639957739658,21.061124782250577,21.01801875161193,21.043882369995117,1408600
2021-01-20,21.061124772546076,21.086986746590412,21.018018741927293,21.035261154174805,489300
2021-01-21,20.974912865217817,20.992155276240133,20.93180848198884,20.9404296875,803900
2021-01-22,20.992155064677203,20.992155064677203,20.94904903755584,20.98353385925293,847100
2021-01-25,20.992155095839728,21.043880684135345,20.983533890402654,21.009397506713867,580600
2021-01-26,20.974914521896597,20.992156934280786,20.940431341455167,20.949050903320312,857300
2021-01-27,21.043880504473865,21.13009091378175,21.026638093746932,21.078365325927734,982200
2021-01-28,21.052503556713837,21.061124762833614,21.009399170441867,21.026639938354492,663600
2021-01-29,21.009397296040483,21.06112288381742,21.009397296040483,21.052501678466797,876000
2021-02-01,21.104229031879186,21.164575830055515,21.095607825807292,21.155956268310547,2183100
2021-02-02,21.18181610107422,21.21630092187596,21.16457369067335,21.18181610107422,1459000
2021-02-03,21.19043920454801,21.21630282246622,21.17319679260254,21.17319679260254,1656900
2021-02-04,21.23354343563723,21.2852706710974,21.23354343563723,21.268028259277344,1394400
2021-02-05,21.199060644570825,21.207681850638743,21.14733505249023,21.14733505249023,1402500
2021-02-08,21.155954339893388,21.16457390085266,21.12146951874919,21.13871192932129,1732500
2021-02-09,21.052503556713837,21.0697459689534,21.009399170441867,21.026639938354492,2006900
2021-02-10,20.992154843512004,21.018016815185547,20.98353363817856,21.018016815185547,654000
2021-02-11,20.992155095839728,21.0266382732612,20.983533890402654,21.009397506713867,257000
2021-02-12,21.0697459689534,21.07836717507318,21.000777964322083,21.026639938354492,501800
2021-02-16,21.035261144474273,21.061124762833614,21.009399170441867,21.026639938354492,1107500
2021-02-17,21.130092601312967,21.155956219468937,21.112850189208984,21.112850189208984,937800
2021-02-18,21.061124782250577,21.104229168562288,21.03526116386739,21.043882369995117,585300
2021-02-19,20.992156982421875,21.01801895673052,20.96629336378628,20.992156982421875,1163300
2021-02-22,20.949049238366698,20.97491285488743,20.90594485515895,20.931808471679688,706800
2021-02-23,20.949050903320312,20.974914521896597,20.91456772287888,20.949050903320312,441600
2021-02-24,20.983534039699524,21.01801721736635,20.914566040039062,20.914566040039062,913600
2021-02-25,20.85421906654245,20.98353385925293,20.836976655693903,20.98353385925293,952200
2021-02-26,21.02663790492942,21.13871192932129,21.02663790492942,21.13871192932129,1347700
2021-03-01,21.121471444022973,21.17319703612741,21.121471444022973,21.155956268310547,2242400
2021-03-02,21.147333324508683,21.173195296272297,21.078365325927734,21.078365325927734,1381600
2021-03-03,21.147333134607337,21.155954339893388,21.09560590289104,21.13871192932129,1015200
2021-03-04,21.181817854370077,21.30251144851289,21.1473346750408,21.276649475097656,2128000
2021-03-05,21.328374892600287,21.38872168918035,21.319753686756435,21.354238510131836,2631000
2021-03-08,21.423206127113367,21.474931716918945,21.40596371573589,21.474931716918945,1656300
2021-03-09,21.380100483336506,21.3973428950242,21.354238510131836,21.354238510131836,1468100
2021-03-10,21.336994149614803,21.397340940683055,21.319751739501953,21.319751739501953,2050200
2021-03-11,21.293892081311885,21.32837526095595,21.2163028717041,21.2163028717041,1643300
2021-03-12,21.34561557526122,21.36285798555226,21.276647578423816,21.285268783569336,789100
2021-03-15,21.3456172743344,21.362859685997908,21.311132451007396,21.3283748626709,504500
2021-03-16,21.33699606850265,21.38010045333453,21.319753656839147,21.3283748626709,338800
2021-03-17,21.336994559408293,21.371479380296304,21.21630097495378,21.22492218017578,3055700
2021-03-18,21.328374892600287,21.354238510131836,21.28527050770792,21.354238510131836,901800
2021-03-19,21.388721699168897,21.41458531671252,21.3456173142564,21.36285972595215,2222500
2021-03-22,21.328372944558375,21.354236559727656,21.3025093293891,21.319751739501953,850600
2021-03-23,21.41458489107877,21.449068069458008,21.39734247972573,21.449068069458008,1252400
2021-03-24,21.492176065262797,21.509418478194235,21.457691239399924,21.500797271728516,1726800
2021-03-25,21.5007932707215,21.587003675009093,21.5007932707215,21.561140060424805,1476700
2021-03-26,21.55252073153617,21.561141937148005,21.51803590908883,21.5352783203125,654800
2021-03-29,21.54389958705289,21.587005615234375,21.526657175780297,21.587005615234375,1128400
2021-03-30,21.65597319213193,21.68183516420779,21.647351986664376,21.67321395874023,749900
2021-03-31,21.647354135473535,21.655975341796875,21.595626897533535,21.655975341796875,1381600
2021-04-01,21.595623235543822,21.63010805498954,21.561140060424805,21.561140060424805,1955700
2021-04-05,21.543897826474836,21.552519031406604,21.48355103627917,21.492172241210938,1704600
2021-04-06,21.474931939772276,21.483553145550477,21.431827555208123,21.440448760986328,1845900
2021-04-07,21.42320802052081,21.483554821348648,21.397344401168738,21.466312408447266,758900
2021-04-08,21.41458532670507,21.41458532670507,21.36285973592056,21.37148094177246,582000
2021-04-09,21.423206289080124,21.43182749483404,21.380100260310535,21.388721466064453,691200
2021-04-12,21.371480688821144,21.397342661743856,21.371480688821144,21.38010025024414,479900
2021-04-13,21.362861568699344,21.362861568699344,21.302513122558594,21.302513122558594,498700
2021-04-14,21.2852706810117,21.311132654426935,21.250785857355527,21.276649475097656,632200
2021-04-15,21.25940706326957,21.293891886925746,21.250785857355527,21.276649475097656,390300
2021-04-16,21.25078392028809,21.26802633054448,21.233541510031692,21.25078392028809,431700
2021-04-19,21.14733503296953,21.17319700682249,21.13009262084961,21.13009262084961,1068000
2021-04-20,21.138711698185,21.18181607981716,21.12146928780144,21.164573669433594,827200
2021-04-21,21.207679927282907,21.22492233785501,21.13871192932129,21.13871192932129,417300
2021-04-22,21.164577520370393,21.216304760932967,21.164577520370393,21.19906234741211,358100
2021-04-23,21.104227297691345,21.147333324508683,21.06974412056427,21.078365325927734,567800
2021-04-26,21.104227297691345,21.112848503054813,21.0611229152008,21.078365325927734,802000
2021-04-27,21.095605839659623,21.11284825018004,21.06974386820577,21.086984634399418,364800
2021-04-28,21.121469888742176,21.13009109417925,21.009397506713867,21.009397506713867,472700
2021-04-29,21.02663802051899,21.06112284185276,21.018016815185547,21.018016815185547,266300
2021-04-30,21.078366835147243,21.190439224243164,21.078366835147243,21.190439224243164,1124700
2021-05-03,21.13871378778839,21.13871378778839,21.078366989807268,21.09560775756836,1026600
2021-05-04,21.16457560630092,21.199060430223913,21.14733483866633,21.190439224243164,1225600
2021-05-05,21.190437306274653,21.199058511475087,21.173194895873785,21.18181610107422,1427800
2021-05-06,21.12146970841828,21.12146970841828,21.078365325927734,21.078365325927734,476200
2021-05-07,21.018017227735033,21.03525963874036,20.923187255859375,20.923187255859375,1844700
2021-05-10,20.880081228346057,20.93180846136204,20.880081228346057,20.923187255859375,659600
2021-05-11,20.905946731567383,20.91456793784809,20.880083112725263,20.905946731567383,549500
2021-05-12,21.00077800301303,21.061124801635746,20.97491438460603,21.061124801635746,2379900
2021-05-13,21.043882350594057,21.07836717507318,21.01801873223471,21.026639938354492,450000
2021-05-14,20.957670454195497,20.966291659706656,20.9404296875,20.9404296875,638300
2021-05-17,20.949049217705884,20.957670423204295,20.90594483454065,20.914566040039062,251800
2021-05-18,20.819734573364254,20.85421939560549,20.81111336780395,20.819734573364254,673700
2021-05-19,20.86284045137542,20.940429656534292,20.811113218384957,20.914566040039062,1294600
2021-05-20,20.862840590880293,20.862840590880293,20.811113357543945,20.811113357543945,848700
2021-05-21,20.836978697088956,20.914567909182008,20.836978697088956,20.880083084106445,685900
2021-05-24,20.84559820031368,20.854219405878236,20.819734583620015,20.82835578918457,716000
2021-05-25,20.802494049072266,20.836978874441343,20.785253280714706,20.802494049072266,618800
2021-05-26,20.85422110962674,20.897325496644225,20.811115078282285,20.880083084106445,336300
2021-05-27,20.88008332822684,20.897325740966213,20.854221353444768,20.862842559814453,354600
2021-05-28,20.94905108993061,20.94905108993061,20.87146187783755,20.880083084106445,600300
2021-06-01,20.819736509088223,20.845600128173828,20.7938745343296,20.845600128173828,740200
2021-06-02,20.88008330929432,20.89732572201806,20.845600128173828,20.845600128173828,1497400
2021-06-03,20.931808260659423,21.000776259692618,20.931808260659423,20.974912643432617,2083200
2021-06-04,20.89732360839844,20.90594481388833,20.871459991928756,20.89732360839844,1383300
2021-06-07,20.871462121857157,20.888704534596528,20.84560014707508,20.862842559814453,842900
2021-06-08,20.897323598063753,20.905944803549385,20.871459981606865,20.888702392578125,691000
2021-06-09,20.836978725648695,20.91456793784809,20.828357519367987,20.905946731567383,814700
2021-06-10,20.940429625491905,20.940429625491905,20.862840420448048,20.888702392578125,769600
2021-06-11,20.94905095136255,21.01801895673052,20.94905095136255,20.992156982421875,1090100
2021-06-14,20.95767023259262,20.992155054272615,20.95767023259262,20.974912643432617,905900
2021-06-15,20.98353577621001,21.009399394845605,20.98353577621001,20.992156982421875,469600
2021-06-16,20.99215449857821,21.173194874625377,20.983533293386422,21.164573669433594,1917600
2021-06-17,21.259406860343763,21.33699606850265,21.24216444868026,21.3283748626709,1970500
2021-06-18,21.38872147612679,21.42320629915869,21.37148070893771,21.39734268188477,1275600
2021-06-21,21.328373175662264,21.345615585961944,21.28526879423981,21.29388999938965,655200
2021-06-22,21.3197538404722,21.345617458190222,21.25078583755102,21.25940704345703,454500
2021-06-23,21.23354156334076,21.30250956021274,21.21630079736783,21.29388999938965,1048400
2021-06-24,21.276649475097656,21.311132654426935,21.25940706326957,21.276649475097656,414200
2021-06-25,21.23354155269622,21.302509549533625,21.21630078673193,21.285268783569336,356900
2021-06-28,21.30250956021274,21.31975197051242,21.276647589089965,21.29388999938965,777600
2021-06-29,21.35424040827033,21.371482821490677,21.32837678843981,21.345619201660156,634300
2021-06-30,21.37148071898384,21.43182751499116,21.37148071898384,21.40596389770508,869600
2021-07-01,21.41458681407012,21.466312408447266,21.388723194718047,21.466312408447266,2239600
2021-07-02,21.449068251916145,21.46631066341586,21.371480688821144,21.38010025024414,1107400
2021-07-06,21.43182731256338,21.483552902320113,21.414584901202183,21.45768928527832,1152100
2021-07-07,21.466308626415636,21.526655416611295,21.4490662165521,21.492172241210938,699100
2021-07-08,21.397342691943052,21.43182751499116,21.388721486181023,21.40596389770508,1236800
2021-07-09,21.371480921819536,21.38872168918035,21.345617304287984,21.354238510131836,1252200
2021-07-12,21.397342661743856,21.397342661743856,21.35423827732143,21.38010025024414,426500
2021-07-13,21.474933661670956,21.509418487548828,21.42320806718115,21.509418487548828,1477500
2021-07-14,21.414585103467104,21.43182751499116,21.40596389770508,21.40596389770508,890100
2021-07-15,21.449069995545884,21.483554821348648,21.4318292269715,21.466312408447266,376900
2021-07-16,21.474929831347403,21.500793446142705,21.457687421483868,21.492172241210938,812600
2021-07-19,21.49217392638804,21.535278310099933,21.466310309564797,21.526657104492188,1113000
2021-07-20,21.58700557443313,21.595625135726294,21.54389954633312,21.552520751953125,1459200
2021-07-21,21.56976527912726,21.57838648559298,21.492176065262797,21.500797271728516,754900
2021-07-22,21.431827131460647,21.535278310099933,21.431827131460647,21.526657104492188,953500
2021-07-23,21.526657114700665,21.561141937148005,21.526657114700665,21.5352783203125,429200
2021-07-26,21.50079723425003,21.50079723425003,21.440450433422193,21.466312408447266,449400
2021-07-27,21.431827545166016,21.46631072393581,21.397342722069357,21.431827545166016,787300
2021-07-28,21.46631091748958,21.50079574089717,21.37148094177246,21.37148094177246,749500
2021-07-29,21.31113076536258,21.31975197051242,21.28526879423981,21.29388999938965,826200
2021-07-30,21.311132480912587,21.362859715975684,21.29389171355177,21.354238510131836,624000
2021-08-02,21.311132451007396,21.3456172743344,21.302511245175644,21.3283748626709,908000
2021-08-03,21.31113246098385,21.354238490162786,21.31113246098385,21.33699607849121,584100
2021-08-04,21.276649321728456,21.388721709149372,21.276649321728456,21.37148094177246,651900
2021-08-05,21.37148094177246,21.388721709149372,21.345617324216764,21.37148094177246,154500
2021-08-06,21.466308626415636,21.509414651074472,21.4490662165521,21.492172241210938,1315500
2021-08-09,21.483552730968327,21.543899525924335,21.483552730968327,21.5352783203125,432600
2021-08-10,21.57838436881313,21.57838436881313,21.552520751953125,21.552520751953125,868700
2021-08-11,21.518038049691295,21.543901669099697,21.492176074609898,21.509418487548828,993700
2021-08-12,21.5352783203125,21.55252073153617,21.526657114700665,21.5352783203125,178900
2021-08-13,21.474931929709967,21.4921743412583,21.414585133617685,21.431827545166016,741000
2021-08-16,21.431827302431813,21.45768927513453,21.423206096755298,21.449068069458008,487200
2021-08-17,21.518035959988467,21.578384399414062,21.518035959988467,21.578384399414062,1009400
2021-08-18,21.561141988149608,21.604246371983905,21.526657165620698,21.578384399414062,537400
2021-08-19,21.638730791528996,21.681835174560547,21.62148838058565,21.681835174560547,990400
2021-08-20,21.681837316439903,21.690458522763237,21.647354135473535,21.655975341796875,775600
2021-08-23,21.56976313253092,21.587005543746415,21.526657104492188,21.526657104492188,1123400
2021-08-24,21.53528046263023,21.552522875569167,21.492176074609898,21.509418487548828,1077100
2021-08-25,21.543897826474836,21.56976144127014,21.492172241210938,21.492172241210938,668400
2021-08-26,21.526657135093117,21.561141957573128,21.526657135093117,21.552520751953125,322000
2021-08-27,21.56114210911864,21.578384520479833,21.449068079597723,21.45768928527832,860300
2021-08-30,21.45768928527832,21.483552902320113,21.449068079597723,21.45768928527832,380200
2021-08-31,21.423206106882784,21.474931696639516,21.40596369552159,21.45768928527832,697100
2021-09-01,21.405963907759315,21.423206319291467,21.388721496227166,21.41458511352539,1026700
2021-09-02,21.388721699168897,21.405964110864645,21.35423852010427,21.36285972595215,806600
2021-09-03,21.311130534445525,21.336994149614803,21.293889768659405,21.319751739501953,726500
2021-09-07,21.39734271203534,21.431827535115826,21.380100300495094,21.423206329345703,452600
2021-09-08,21.46631049095892,21.50079531368131,21.44044851824398,21.45768928527832,1004800
2021-09-09,21.40596389770508,21.449068282188342,21.388721486181023,21.40596389770508,197600
2021-09-10,21.397342732095307,21.44906832243766,21.388721526317106,21.440448760986328,399600
2021-09-13,21.46631073399407,21.46631073399407,21.431827555208123,21.440448760986328,157500
2021-09-14,21.3801003205389,21.457689528215862,21.371480759087564,21.440448760986328,380500
2021-09-15,21.405963887642734,21.43182750491666,21.39734268188477,21.39734268188477,187700
2021-09-16,21.500793446142705,21.51803421167953,21.492172241210938,21.492172241210938,424200
2021-09-17,21.526659058989868,21.578386297332884,21.509418290535848,21.569765090942383,2018400
2021-09-20,21.595625166351677,21.604246371983905,21.561141988149608,21.578384399414062,1386000
2021-09-21,21.569761265286235,21.595623235543822,21.561140060424805,21.561140060424805,625000
2021-09-22,21.578384187755496,21.647352187809982,21.526656954469512,21.621488571166992,883600
2021-09-23,21.55252073153617,21.561141937148005,21.51803590908883,21.5352783203125,515700
2021-09-24,21.604246129241417,21.612867334776777,21.578384156962155,21.595624923706055,459200
2021-09-27,21.630109776714654,21.630109776714654,21.595624954524,21.621488571166992,255500
2021-09-28,21.68183900690743,21.716323834889447,21.664596592916425,21.69908142089844,2258100
2021-09-29,21.768047166962827,21.854257583618164,21.759425960864597,21.854257583618164,843000
2021-09-30,21.837015132502636,21.85425754466836,21.785289540332393,21.81977272033691,777700
2021-10-01,21.75080493008084,21.793910960919412,21.75080493008084,21.776668548583984,1521900
2021-10-04,21.707698822021484,21.72494123298949,21.681835205569477,21.707698822021484,875100
2021-10-05,21.768045404574885,21.768045404574885,21.71631981650027,21.750802993774418,648000
2021-10-06,21.83701512275364,21.854257534911664,21.802531942764514,21.8111515045166,1121500
2021-10-07,21.80253219604492,21.811151757897143,21.776668577507422,21.80253219604492,480000
2021-10-08,21.768045446222207,21.802530267889125,21.759424240805476,21.785287857055664,383500
2021-10-11,21.793908872725986,21.84563446044922,21.77666646204264,21.84563446044922,1882400
2021-10-12,21.85425569720203,21.88873887429149,21.84563449184797,21.871498107910156,778800
2021-10-13,21.811149787249263,21.8197709926495,21.750802993774418,21.750802993774418,759800
2021-10-14,21.724941021900506,21.75942419917465,21.724941021900506,21.750802993774418,509000
2021-10-15,21.742182020319703,21.768045636796327,21.716320048169905,21.72494125366211,488200
2021-10-18,21.74218367563099,21.759426087928137,21.70770049536365,21.733562469482425,1630300
2021-10-19,21.6645927636172,21.699077585503893,21.64735199700067,21.681835174560547,968400
2021-10-20,21.67321419098091,21.690456602100788,21.630109807508052,21.64735221862793,780500
2021-10-21,21.64735582325252,21.69908142089844,21.638734616257015,21.69908142089844,538700
2021-10-22,21.664594903793233,21.690458522763237,21.638732929150205,21.655975341796875,378400
2021-10-25,21.699077595856643,21.716320006808218,21.69045639038086,21.69045639038086,354900
2021-10-26,21.69045808306651,21.75080488177956,21.69045808306651,21.733562469482425,784000
2021-10-27,21.690456431693285,21.72494125366211,21.673214020708873,21.72494125366211,336100
2021-10-28,21.66459292366212,21.66459292366212,21.569762951426792,21.595624923706055,567800
2021-10-29,21.65597494128696,21.811151719256188,21.65597494128696,21.768047332763672,799200
2021-11-01,21.759428225539864,21.768049432535367,21.69908142089844,21.69908142089844,2226100
2021-11-02,21.733560582973944,21.77666660997512,21.724941021900506,21.750802993774418,1107800
2021-11-03,21.768049432535367,21.785291846526377,21.690460213902934,21.69908142089844,1701600
2021-11-04,21.78528953060649,21.84563632883265,21.78528953060649,21.8111515045166,1068900
2021-11-05,21.8370134556534,21.87149827733678,21.785287867455132,21.793909072875977,636700
2021-11-08,21.768045404574885,21.77666660997512,21.733560582973944,21.750802993774418,604700
2021-11-09,21.733560814827506,21.768045636796327,21.707698842677697,21.72494125366211,305300
2021-11-10,21.77666607543536,21.957706451416016,21.75942366505813,21.957706451416016,1698500
2021-11-11,21.957710320788127,22.009437561035156,21.957710320788127,22.009437561035156,568000
2021-11-12,22.01805683002207,22.026676391644287,21.966329594327345,21.983572006225582,259500
2021-11-15,21.99219282629438,22.104265213012695,21.97495041469868,22.104265213012695,505600
2021-11-16,22.13874987378643,22.190475463867188,22.112886256582627,22.190475463867188,1412100
2021-11-17,22.173233265239453,22.199096882691528,22.130128880479543,22.147371292114254,683000
2021-11-18,22.130129073857272,22.147371485642655,22.087024688720703,22.087024688720703,708100
2021-11-19,22.155992295321767,22.20771788542602,22.147371089583245,22.1990966796875,678500
2021-11-22,22.28530669822344,22.319789876240193,22.250821875879858,22.311168670654297,1089500
2021-11-23,22.31979203804608,22.328413244466994,22.276687650268517,22.30255126953125,776400
2021-11-24,22.39737891120856,22.414621322248728,22.362895733455048,22.388757705688477,1009200
2021-11-26,22.250822289986637,22.25944349573298,22.190475494089092,22.216339111328125,1100400
2021-11-29,22.26806448874504,22.29392810573699,22.250822077417073,22.259443283081055,750000
2021-11-30,22.11288647882832,22.34565410302144,22.08702450569145,22.15599250793457,2115600
2021-12-01,22.15599231543058,22.22496031707447,22.11288628669886,22.216339111328125,1826900
2021-12-02,22.155990424043495,22.233579624810183,22.155990424043495,22.224958419799805,732400
2021-12-03,22.233581522820813,22.29392831871836,22.190475494089092,22.216339111328125,1324100
2021-12-06,22.242200861600697,22.285306889900937,22.233581300267495,22.250822067260746,682100
2021-12-07,22.31979007840209,22.31979007840209,22.250822077417073,22.259443283081055,2785100
2021-12-08,22.224960510177695,22.233581715998945,22.14737130211332,22.15599250793457,584500
2021-12-09,22.20771792570628,22.26806472165851,22.199096719952124,22.23358154296875,751800
2021-12-10,22.242201064053237,22.268064681268793,22.18185426821046,22.1990966796875,560700
2021-12-13,22.20771770355281,22.27668570456928,22.20771770355281,22.268064498901367,711700
2021-12-14,22.250821875879858,22.319789876240193,22.24220067029396,22.311168670654297,621700
2021-12-15,22.31979200979332,22.397381223156316,22.259445209250313,22.276687622070312,734900
2021-12-16,22.181854248046875,22.22496027670029,22.16461183658551,22.181854248046875,1118600
2021-12-17,22.20771941910921,22.337034225463867,22.20771941910921,22.337034225463867,545200
2021-12-20,22.28530669822344,22.319789876240193,22.268064287051647,22.311168670654297,1423000
2021-12-21,22.302549341893535,22.33703252026976,22.285306930541992,22.285306930541992,887000
2021-12-22,22.242201064053237,22.250822269791755,22.190475473948982,22.1990966796875,2101600
2021-12-23,22.250822249565477,22.250822249565477,22.181854248046875,22.181854248046875,2216500
2021-12-27,22.2249602868056,22.2249602868056,22.190475463867188,22.190475463867188,1344300
2021-12-28,22.20771790558178,22.250822289986637,22.199096699835437,22.216339111328125,820200
2021-12-29,22.190475686892693,22.190475686892693,22.121507684649572,22.15599250793457,1252000
2021-12-30,22.190475463867188,22.2249602868056,22.16461184666338,22.190475463867188,367600
2021-12-31,22.147371231956026,22.164611999217033,22.087024435725315,22.095643997192383,1161300
2022-01-03,22.190475514197967,22.2508223101502,22.190475514197967,22.23358154296875,3449500
2022-01-04,22.250822067260746,22.25944327292079,22.190475271967255,22.250822067260746,1310300
2022-01-05,22.17323118973753,22.233579624810183,22.147369219033116,22.224958419799805,1029900
2022-01-06,22.216338878798947,22.259443262752647,22.190475261830617,22.24220085144043,1398600
2022-01-07,22.19047564677175,22.19909685257741,22.104265233041993,22.12150764465332,540400
2022-01-10,22.216339060860363,22.22496026658712,22.155992265099904,22.17323303222656,1004300
2022-01-11,22.16461224313476,22.190475860801207,22.07840347290039,22.07840347290039,1311700
2022-01-12,22.00943391449216,22.00943391449216,21.923223506024243,21.93184471130371,3489200
2022-01-13,21.871499811006668,21.92322540283203,21.862878604981287,21.92322540283203,3801200
2022-01-14,21.93184641485777,22.00943562407295,21.914604002959525,21.983572006225582,2303000
2022-01-18,22.069782054146216,22.13012885045898,22.052539642534892,22.12150764465332,1940200
2022-01-19,22.061161051195143,22.08702466884995,22.04391863942527,22.06978225708008,1510100
2022-01-20,22.06116086829966,22.138750076293945,22.035297250859273,22.138750076293945,1033000
2022-01-21,22.052539855233945,22.08702467878921,22.052539855233945,22.07840347290039,1224500
2022-01-24,22.173233265239453,22.199096882691528,22.121507674662183,22.147371292114254,1946000
2022-01-25,22.207718098535196,22.224960510177695,22.14737130211332,22.15599250793457,1312800
2022-01-26,22.164613583067315,22.29393003489031,22.164613583067315,22.276687622070312,1583300
2022-01-27,22.42324235777584,22.47496794617738,22.397378741411664,22.466346740722656,1530300
2022-01-28,22.449105963778408,22.474967935803836,22.414621141975424,22.457725524902344,1791500
2022-01-31,22.388760045086386,22.40600245792821,22.28530885668943,22.30255126953125,2055800
2022-02-01,22.24220085144043,22.285306879720977,22.233581290111168,22.24220085144043,4019500
2022-02-02,22.15599250793457,22.190475686892693,22.13875009629207,22.15599250793457,4401600
2022-02-03,22.078403433112257,22.087024638985536,21.992193018706356,22.04391860961914,6514000
2022-02-04,22.069782207305977,22.09564418057557,22.01805661643991,22.026676177978516,2243900
2022-02-07,22.061161011406988,22.061161011406988,22.009435420517555,22.035297393798828,1159800
2022-02-08,22.061161051195143,22.095644230407995,22.052539845310207,22.06978225708008,1590900
2022-02-09,22.03529740374586,22.069782227238974,22.018056636326193,22.04391860961914,638800
2022-02-10,22.138750269795207,22.155992681572837,21.966329440672684,22.07840347290039,2931500
2022-02-11,22.121507442192865,22.19047544368008,22.078403057885925,22.17323303222656,2208700
2022-02-14,22.224960337214593,22.259443515904355,22.199096719952124,22.23358154296875,1933900
2022-02-15,22.181854471056813,22.2249605001436,22.1387500862969,22.147371292114254,1251000
2022-02-16,22.138750036204097,22.138750036204097,22.078403239946017,22.104265213012695,695200
2022-02-17,22.112886428833008,22.130128840436523,22.087024455754605,22.112886428833008,859500
2022-02-18,22.130128647919623,22.199096649406844,22.121507442192865,22.17323303222656,1144300
2022-02-22,22.16461183658551,22.181854248046875,22.13012865798964,22.181854248046875,1171700
2022-02-23,22.147373001803285,22.216341009339327,22.130130588837524,22.207719802856445,1214300
2022-02-24,22.44910614432906,22.552557321916417,22.362895733455048,22.388757705688477,4162400
2022-02-25,22.35427683543331,22.362898041843312,22.276687622070312,22.276687622070312,1293400
2022-02-28,22.35427469858378,22.35427469858378,22.293927903809337,22.311168670654297,1352500
2022-03-01,22.414621172988696,22.518073994213974,22.397378762063347,22.48358917236328,2498000
2022-03-02,22.518073973451006,22.578420767307275,22.449105974140014,22.466346740722656,1451400
2022-03-03,22.526695280556993,22.604284491336426,22.50945451263807,22.55255889892578,1780800
2022-03-04,22.802566696419493,22.819807462639417,22.724977493286133,22.724977493286133,3212400
2022-03-07,22.78532559858811,22.914640396484913,22.776704392818072,22.888776779174805,2507900
2022-03-08,22.845672607421875,22.906019404047292,22.7680833990958,22.845672607421875,1497200
2022-03-09,22.630146016116367,22.681871603741705,22.57842042849103,22.621524810791016,1594900
2022-03-10,22.681873380451076,22.742220178128832,22.664632612776657,22.73360061645508,1098000
2022-03-11,22.750840997319997,22.897398208185752,22.724979024084615,22.854293823242188,1661300
2022-03-14,22.81118778402056,22.854293813272204,22.759462193245472,22.845672607421875,1739500
2022-03-15,22.759462163414614,22.86291498915608,22.733600190224415,22.819808959960938,762600
2022-03-16,22.73360079169809,22.845673181916855,22.6560115814209,22.6560115814209,1958400
2022-03-17,22.64739031672305,22.66463272881266,22.526695076422698,22.604284286499023,3088600
2022-03-18,22.724979556248787,22.733600762304764,22.621526727903984,22.63014793395996,913700
2022-03-21,22.647390181195657,22.716358184814453,22.630147769209227,22.716358184814453,1232300
2022-03-22,22.690494557015175,22.724979380973103,22.664632583373635,22.70773696899414,928500
2022-03-23,22.768083796130835,22.79394741413284,22.724979410454413,22.73360061645508,465600
2022-03-24,22.78532597430397,22.811187947713655,22.733600383157697,22.759462356567383,1666300
2022-03-25,22.750839254651616,22.78532407542651,22.71635607820349,22.768081665039062,599200
2022-03-28,22.89739627581184,22.89739627581184,22.811185868873363,22.83704948425293,1086700
2022-03-29,22.630147749614743,22.716358165145326,22.59566292567175,22.699115753173828,1542200
2022-03-30,22.56117822822659,22.587041844443835,22.5266934066036,22.57842063903809,3972300
2022-03-31,22.65601324398902,22.69049642646107,22.57842402801809,22.673254013061523,1679100
2022-04-01,22.733600586962588,22.759462560604128,22.70773696899414,22.70773696899414,1824200
2022-04-04,22.785325770961737,22.828430155811137,22.76808335929122,22.811187744140625,1158100
2022-04-05,22.802568060096192,22.931882858276367,22.776704442729407,22.931882858276367,2081500
2022-04-06,22.897396152088724,23.000848968721257,22.888774947008788,22.94912338256836,1653400
2022-04-07,22.93188076363785,23.009469964324193,22.914638353634945,22.99222755432129,880400
2022-04-08,23.061195550006182,23.087059165010537,22.98360634931984,22.99222755432129,1706700
2022-04-11,23.035335550237303,23.052577962946287,23.009473575500817,23.043956756591797,797200
2022-04-12,23.026712267257164,23.121543884277344,23.009471500429992,23.121543884277344,1410200
2022-04-13,23.156028857775052,23.16465006340834,23.00085044502951,23.02671241760254,2906500
2022-04-14,23.104301483355197,23.216375511579013,23.104301483355197,23.130165100097656,1525700
2022-04-18,23.173269333622493,23.242237333495627,23.156028566899323,23.22499656677246,1149000
2022-04-19,23.268102655537437,23.28534506785123,23.23361947523679,23.276723861694336,1498500
2022-04-20,23.138788194659547,23.156030607228804,23.095683807563372,23.112924575805664,1235200
2022-04-21,23.078439310254325,23.1991328986826,23.06119689924262,23.1818904876709,2180300
2022-04-22,23.259481235231533,23.354312857757353,23.250860029154012,23.319828033447266,1207300
2022-04-25,23.431900024414062,23.475004406715215,23.406036408437306,23.431900024414062,2316400
2022-04-26,23.492248371378835,23.58707999190662,23.48362716548295,23.578458786010746,2241400
2022-04-27,23.750875703802244,23.80260293423989,23.690528912618394,23.725013732910156,3872300
2022-04-28,23.897436367000942,23.940542398616895,23.854331979711965,23.862953186035156,2427100
2022-04-29,23.79398151965417,23.81122392964823,23.69052870401655,23.76811790466309,3029200
2022-05-02,23.862951046475025,23.914676635449457,23.81122545750059,23.888813018798828,2294100
2022-05-03,23.776740846358837,23.87157246392611,23.75949843510536,23.8457088470459,2199600
2022-05-04,23.79398381566274,23.888813791127266,23.61294178190887,23.64742660522461,10608800
2022-05-05,23.79398325761231,23.957782875866652,23.79398325761231,23.8457088470459,3165300
2022-05-06,23.819845018723974,23.914676635449457,23.793983046400168,23.888813018798828,2506400
2022-05-09,23.91467664572697,23.97502344027755,23.828466234514647,23.89743423461914,3017700
2022-05-10,23.880195431115048,23.96640420508808,23.880195431115048,23.94916343688965,10162000
2022-05-11,23.888812859054536,23.97502326965332,23.81984485944087,23.97502326965332,2300200
2022-05-12,24.069856245562413,24.181928634643555,24.043992627623577,24.181928634643555,3214900
2022-05-13,24.199169317389885,24.199169317389885,24.0784757309536,24.112958908081055,2855600
2022-05-16,24.07847805514668,24.11296123560265,24.000888843712055,24.018131256103516,1721900
2022-05-17,23.85433193215761,23.871574344769616,23.80260633864856,23.819847106933594,7703800
2022-05-18,23.87157231346833,23.949161519293103,23.819845080033932,23.940540313720703,2184000
2022-05-19,23.75949877866186,23.75949877866186,23.65604759829881,23.69053077697754,6258400
2022-05-20,23.73363495947004,23.802602955789265,23.72501375438929,23.74225616455078,2677600
2022-05-23,23.57845898993324,23.595701401874127,23.509490986496616,23.5267333984375,3716700
2022-05-24,23.50086779072883,23.50948899596932,23.41465738265067,23.457761764526367,3642500
2022-05-25,23.56121633449218,23.595701158017555,23.500869537649667,23.543973922729492,1545200
2022-05-26,23.500869711475755,23.518112123365977,23.44914412013199,23.466384887695312,1289400
2022-05-27,23.43190000340915,23.48362559098953,23.380174415828783,23.41465759277344,2677900
2022-05-31,23.483625380247844,23.526731406450303,23.42327858789117,23.457761764526367,2716100
2022-06-01,23.48362697320282,23.67328856837858,23.475005767377528,23.638805389404297,3746400
2022-06-02,23.526731638668736,23.561214815644306,23.431900024414062,23.431900024414062,6241000
2022-06-03,23.49224641799218,23.56121441509762,23.45776159727608,23.535350799560547,5713900
2022-06-06,23.526733204861397,23.612941975202684,23.51811199896189,23.587080001831055,2805900
2022-06-07,23.67328874226836,23.67328874226836,23.5525951484815,23.561216354370117,1496600
2022-06-08,23.58707978880264,23.630184173583984,23.56121617133771,23.630184173583984,1002500
2022-06-09,23.64742436636902,23.811223972957045,23.621560751330893,23.802602767944336,4253600
2022-06-10,23.94916322204275,24.009510021013288,23.940542015857396,23.992267608642575,2510900
2022-06-13,24.138824298100804,24.250896687409572,24.112960680109435,24.225034713745117,6183800
2022-06-14,24.173307019655574,24.319862575879498,24.16468581440827,24.276758193969727,4136500
2022-06-15,24.225035084729885,24.319865063496646,24.069856663059085,24.087099075317383,5882000
2022-06-16,24.03537044812455,24.104338448841084,23.785362062149677,23.85433006286621,4908000
2022-06-17,24.06123356198832,24.181927149637307,24.052612356538138,24.095718383789062,2106900
2022-06-21,24.000886927427175,24.05261251614472,23.957782544217025,24.00950813293457,2527800
2022-06-22,24.00950809162356,24.00950809162356,23.888812859054536,23.97502326965332,1780800
2022-06-23,24.009508122617948,24.061233711313267,23.940540122915248,24.000886917114254,2163500
2022-06-24,23.98364661761347,24.009510236401553,23.914678611838863,23.94916343688965,1427100
2022-06-27,23.914678564033547,23.93192097652447,23.845710558396817,23.90605735778809,1464900
2022-06-28,24.01812911691036,24.06123349972294,23.992265500626733,24.043991088867188,1676900
2022-06-29,24.104339425153952,24.190549840623166,24.095719863501248,24.181928634643555,2025400
2022-06-30,24.199171221744542,24.21641363382856,24.078477625810272,24.104339599609375,2113500
2022-07-01,24.259517844133153,24.31986464166353,24.17330907299085,24.181928634643555,2964500
2022-07-05,24.526771545410156,24.58711834601336,24.49228671973576,24.526771545410156,3325500
2022-07-06,24.62159921780849,24.699188423970877,24.59573724530559,24.63884162902832,4650600
2022-07-07,24.63884163923515,24.69056722858922,24.59573725549456,24.647462844848633,2323700
2022-07-08,24.656084030027028,24.71643082494457,24.595737235109485,24.630220413208008,1736300
2022-07-11,24.8802297287749,24.93195531660163,24.828502496621375,24.91471290588379,4233500
2022-07-12,24.906091690063477,24.92333410077407,24.828502486192573,24.906091690063477,1586700
2022-07-13,24.957821038548175,24.975061806393953,24.74229581937013,24.854368209838867,1624200
2022-07-14,25.121618688588295,25.173345924421525,24.957820708097117,25.02678871154785,3071100
2022-07-15,24.940578655648174,24.966440629610663,24.84574703291392,24.880231857299805,2392000
2022-07-18,24.725051900401517,24.750913872757568,24.604358311201747,24.74229431152344,3623300
2022-07-19,24.55263332340591,24.59573935515316,24.50952893598564,24.58711814880371,3228200
2022-07-20,24.56125244320819,24.70780965004443,24.552631237591136,24.656084060668945,2222100
2022-07-21,24.69056933634315,24.716432955391497,24.58711814880371,24.58711814880371,2831800
2022-07-22,24.587116200839496,24.595737406505915,24.440558993164103,24.552631378173828,3151300
2022-07-25,24.47504239351811,24.56125280663745,24.466421187773488,24.51814842224121,2012600
2022-07-26,24.638841448195897,24.707809448242188,24.638841448195897,24.707809448242188,2452400
2022-07-27,24.6560844052224,24.74229481827084,24.475042373387993,24.500905990600582,4947700
2022-07-28,24.51815029191678,24.604360711610255,24.475044259906547,24.483665466308594,2361500
2022-07-29,24.535389566564625,24.569874390073213,24.38883399963379,24.38883399963379,5538600
2022-08-01,24.302623738890656,24.328485712358773,24.242276941695856,24.294002532958984,5826900
2022-08-02,24.35434708350528,24.49228307703386,24.319862262959763,24.44917869567871,15058800
2022-08-03,24.492284805007348,24.612978396778313,24.483663599262727,24.51814842224121,2811300
2022-08-04,24.509527563251133,24.526769974984315,24.34572794043967,24.36297035217285,2536100
2022-08-05,24.604360542534295,24.621601310892927,24.535390891791874,24.56987571716309,3199400
2022-08-08,24.50952697388221,24.544010152192484,24.449180178594084,24.535388946533203,2802800
2022-08-09,24.449180410560224,24.526769617903053,24.44055920481915,24.5095272064209,1437600
2022-08-10,24.24227523803711,24.276758415013543,24.121580007802624,24.24227523803711,6198200
2022-08-11,24.164689593130603,24.259519577026367,24.121583560153415,24.259519577026367,2888900
2022-08-12,24.3371067246264,24.41469593306713,24.319864312900265,24.35434913635254,3069800
2022-08-15,24.43193970433219,24.56987571716309,24.43193970433219,24.56987571716309,4475400
2022-08-16,24.604358622344044,24.604358622344044,24.509527004301106,24.56125259399414,3038700
2022-08-17,24.6043586629596,24.6388418413696,24.5353890174859,24.59573745727539,2704800
2022-08-18,24.638843174716055,24.81988521522802,24.638843174716055,24.785400390625,2970300
2022-08-19,24.923336048635196,24.966440434453688,24.906093636577033,24.94057846069336,3143700
2022-08-22,25.009545913562636,25.173345535852352,25.009545913562636,25.14748191833496,4688200
2022-08-23,25.138858941714822,25.14748014694668,24.94057615436251,25.04402732849121,14555300
2022-08-24,25.14748208210633,25.18196526136054,25.00092487054043,25.06127166748047,4544400
2022-08-25,25.0526487652983,25.087133586544475,24.983680767132736,25.018165588378903,2440300
2022-08-26,24.880231075074764,25.13023946670456,24.82850384012222,25.11299705505371,2743800
2022-08-29,25.10437750354319,25.15610309418944,25.05265026857007,25.121618270874023,3902000
2022-08-30,25.06127146442804,25.19058626315565,25.04402905277719,25.11299705505371,2619700
2022-08-31,25.173345739615048,25.19058650710598,25.026788527817303,25.09575653076172,2497800
2022-09-01,25.25093441854691,25.4061111886701,25.233692007090937,25.319902420043945,4864200
2022-09-02,25.21644934382466,25.337142934157523,25.15610254865823,25.328521728515625,2678200
2022-09-06,25.457837816045632,25.544046582616303,25.40611058291104,25.475078582763672,15048800
2022-09-07,25.552670293656732,25.5612915000245,25.29404067993164,25.29404067993164,3382800
2022-09-08,25.406110955371147,25.440595777966433,25.31990218753663,25.34576416015625,2431100
2022-09-09,25.173345555821555,25.19920752903258,25.13023952659171,25.164724349975582,3388900
2022-09-12,25.02678872139257,25.05265069499245,24.957820717914707,25.035409927368164,3580900
2022-09-13,25.268174994150016,25.397489790435937,25.21644940450102,25.3802490234375,7862100
2022-09-14,25.311280961558676,25.36300655108321,25.268174933349194,25.328521728515625,2120700
2022-09-15,25.354385365805072,25.371627777102713,25.302659776238993,25.34576416015625,2349500
2022-09-16,25.43197457231761,25.44921698361525,25.29403857059017,25.34576416015625,3646500
2022-09-19,25.43197455189154,25.440595757533433,25.311280961558676,25.328521728515625,1741700
2022-09-20,25.457838048252437,25.483700020728804,25.397489609044964,25.449216842651367,2065100
2022-09-21,25.56991157823741,25.79405800092898,25.552669166262618,25.69922637939453,4722000
2022-09-22,25.66474323899811,25.76819442235116,25.63025841499582,25.73371124267578,2584200
2022-09-23,25.906129323047317,26.182002970300132,25.906129323047317,26.138896942138672,4964300
2022-09-26,26.242350958431093,26.46649738208032,26.199244928309945,26.4320125579834,7721000
2022-09-27,26.371665769911235,26.51822298372361,26.311318972046188,26.44063377380371,7688600
2022-09-28,26.46649639395281,26.492358366733026,26.061307947576314,26.095792770385746,9864700
2022-09-29,26.130274173755563,26.173380199339014,25.966476209518664,25.992338180541992,6257300
2022-09-30,26.09579099761554,26.09579099761554,25.94061259416859,25.992338180541992,4762000
2022-10-03,26.009582886491906,26.052687271553193,25.82854085171534,25.871646881103516,3432000
2022-10-04,25.707846250760955,25.72508866184061,25.50094225078558,25.51818466186523,12310600
2022-10-05,25.794057806477703,25.888889427297254,25.72508980342537,25.75957298278809,4949000
2022-10-06,25.914749010801703,26.035444238257593,25.863023424364464,26.01820182800293,3243700
2022-10-07,26.069928921071487,26.156139333000315,26.00096092039379,26.121654510498047,4733000
2022-10-10,26.225109109952612,26.27683470288264,26.138898692184593,26.23373031616211,4099600
2022-10-11,26.216486018096468,26.285454018484906,26.04406519496197,26.2509708404541,4843100
2022-10-12,26.259590401716675,26.319938840842536,26.190622401328245,26.2509708404541,2466400
2022-10-13,26.34580113800338,26.36304354939472,25.98371872041963,26.078550338745117,7358300
2022-10-14,26.147515866787693,26.285451856217808,26.130273457027258,26.25958824157715,3993800
2022-10-17,26.07854858738216,26.09579099761554,25.94061259416859,25.992338180541992,4010000
2022-10-18,25.931993271863664,26.061308069349536,25.914750860378383,25.97509765625,5326500
2022-10-19,26.13027767186493,26.216488090246248,26.095794491108585,26.16476249694824,3372900
2022-10-20,26.13027578734584,26.207864993860586,26.00096099126355,26.18200302124023,3437500
2022-10-21,26.268212319962473,26.285454731609075,25.9061298970182,25.957857131958008,6352400
2022-10-24,26.044065667965334,26.0613080794573,25.92337207617529,25.983718872070312,3132200
2022-10-25,25.81992161889117,25.81992161889117,25.68198561174665,25.69922637939453,5338900
2022-10-26,25.59577402864571,25.59577402864571,25.414731999822465,25.431974411010746,7681000
2022-10-27,25.587154174260544,25.64750097227948,25.457839372173257,25.630258560180664,4312800
2022-10-28,25.673364639282227,25.750953849547628,25.63887981501897,25.673364639282227,2480000
2022-10-31,25.845783283322852,25.906130080185765,25.82854087155434,25.88888931274414,2920800
2022-11-01,25.72508967972055,25.931993687882624,25.70784726795866,25.880268096923828,3313600
2022-11-02,25.794055395838335,25.992338180541992,25.604393816251363,25.992338180541992,5314900
2022-11-03,26.20786476135254,26.23372837807028,26.09579237756265,26.20786476135254,8854500
2022-11-04,25.888889642261116,25.975098413547183,25.690605193053187,25.716468811035156,5481400
2022-11-07,25.61301634303532,25.664743579725492,25.53542877665393,25.56991195678711,3220200
2022-11-08,25.595775977173513,25.604397183423956,25.380250753893268,25.457839965820312,4722300
2022-11-09,25.58715419375637,25.69060537777425,25.466460597626533,25.64750099182129,2870800
2022-11-10,25.22507129083692,25.25955447009113,25.06127166748047,25.06127166748047,10429200
2022-11-11,24.83712423245709,24.914713438017753,24.664705054576487,24.699188232421875,8430900
2022-11-14,24.854366513900914,24.888851335893253,24.74229413107944,24.811262130737305,6588500
2022-11-15,24.61297975071316,24.87161100429823,24.58711777638352,24.725053787231445,5245200
2022-11-16,24.6560840810612,24.75953525989773,24.63884166981283,24.67332649230957,2510600
2022-11-17,24.854368376097668,24.897472762490843,24.768157958984375,24.768157958984375,3651700
2022-11-18,24.785400186047596,24.86298939643703,24.742295799976542,24.83712577819824,3321400
2022-11-21,25.0267865729318,25.095754570489007,25.00092295722531,25.052648544311523,3623300
2022-11-22,24.97506159137405,24.99230400339831,24.88885281990658,24.897472381591797,3115900
2022-11-23,24.828503219465908,24.837124425075825,24.630220423418404,24.63884162902832,4713200
2022-11-25,24.70780962958079,24.733673246410532,24.630220423418404,24.63884162902832,1306400
2022-11-28,24.621600800783774,24.828504815743496,24.595738826618152,24.81988525390625,2833000
2022-11-29,24.828504601300267,24.86298942565918,24.742295829056843,24.86298942565918,1322500
2022-11-30,24.7595352496624,24.931956073421137,24.604358481471753,24.664705276489254,4062300
2022-12-01,24.406074737178923,24.466421533918176,24.34572794043967,24.36297035217285,6989500
2022-12-02,24.449180736513203,24.518148739034427,24.31124473147076,24.33710670471191,3845600
2022-12-05,24.354348560668836,24.544010152192484,24.32848494369099,24.535388946533203,5149200
2022-12-06,24.48366337716934,24.595737406505915,24.431937787497684,24.552631378173828,4039400
2022-12-07,24.457801576012756,24.53538913890091,24.440559164559005,24.47504234313965,2869900
2022-12-08,24.449180542831776,24.483663721655777,24.38883374664462,24.39745330810547,2483300
2022-12-09,24.43193628540595,24.475040666761103,24.33710467323252,24.44917869567871,2643000
2022-12-12,24.43193794875292,24.52676956738257,24.388833564463187,24.466421127319336,4195200
2022-12-13,24.164687683370268,24.26813886568561,24.15606647745617,24.250896453857425,9962200
2022-12-14,24.216411759588095,24.285379758259428,24.095718172994957,24.138822555541992,5789100
2022-12-15,24.190549523494795,24.440559560645287,24.1733087560885,24.36297035217285,9086600
2022-12-16,24.380212550878863,24.423316935508304,24.31124454887565,24.40607452392578,5050300
2022-12-19,24.37737609357455,24.455648213245222,24.34258774758775,24.41216278076172,5859400
2022-12-20,24.281707975329304,24.299102147014953,24.18604168985775,24.246919631958008,3683600
2022-12-21,24.281709034302384,24.342586979057653,24.238225261991364,24.30780029296875,4431800
2022-12-22,24.351283603391146,24.403464460934533,24.32519234521967,24.342586517333984,2743500
2022-12-23,24.35998217467925,24.394768862229277,24.307801313954386,24.333890914916992,1852300
2022-12-27,24.35128466445973,24.359981750895844,24.281709631770397,24.325193405151367,3022400
2022-12-28,24.28170980091048,24.41216278076172,24.246921454923676,24.41216278076172,1992100
2022-12-29,24.30780008222285,24.333889681863436,24.23822505184867,24.264314651489254,2110500
2022-12-30,24.229526306050868,24.29040424610837,24.15125419489138,24.1860408782959,3437100
2023-01-03,24.41216066215925,24.490432775037096,24.34258563502333,24.446949005126953,4482600
2023-01-04,24.32519128680165,24.412160484789545,24.299101688564924,24.3599796295166,1979100
2023-01-05,24.525223584466033,24.612191133032496,24.516526497849455,24.586101531982425,3417800
2023-01-06,24.57740311757285,24.63828106180031,24.264314651489254,24.264314651489254,3794000
2023-01-09,24.15995386196688,24.16865094844717,24.055590483003034,24.11646842956543,9855100
2023-01-10,24.116465463578074,24.168647976042095,24.081678780734823,24.133859634399418,1670000
2023-01-11,24.125162548988744,24.186040488064005,24.107768378167403,24.133859634399418,1929800
2023-01-12,23.97731614915973,24.13386037374872,23.864257352956283,23.89904403686523,4370500
2023-01-13,23.959923465385277,23.968620551602353,23.881651348231166,23.89034843444824,2049500
2023-01-17,23.864258162433163,23.986014048443685,23.83816690451682,23.959922790527344,2566900
2023-01-18,23.76859187553945,23.97731696247157,23.751197703595217,23.959922790527344,3212900
2023-01-19,23.91643820821945,23.97731614915973,23.864257352956283,23.89904403686523,2509100
2023-01-20,23.96862144072572,24.00340978688451,23.864259719848633,23.864259719848633,2634900
2023-01-23,23.92513529389656,23.942529465250775,23.864257352956283,23.89904403686523,3615600
2023-01-24,23.90774200746217,23.986014122653824,23.85556115026758,23.872955322265625,1754000
2023-01-25,23.864258486342617,23.890348085813535,23.78598637033074,23.7946834564209,2230900
2023-01-26,23.8294709509268,23.93383432875201,23.8207738645414,23.855562210083008,2657100
2023-01-27,23.93383386553363,23.951228037967784,23.86425883459659,23.89034843444824,2554400
2023-01-30,23.899045692342224,23.977317810058594,23.872956092303163,23.977317810058594,3006500
2023-01-31,23.959923251920912,24.012105768758467,23.916439480022515,23.92513656616211,2126300
2023-02-01,23.85556271907162,23.92513775283969,23.67292721868066,23.699018478393555,7138000
2023-02-02,23.75989591864321,23.8990459832104,23.751198832257803,23.855562210083008,4302100
2023-02-03,24.046894025700382,24.168651580810547,24.003410250960837,24.168651580810547,7868200
2023-02-06,24.264314861858143,24.359981151501895,24.238225261991364,24.30780029296875,6884400
2023-02-07,24.359980940303593,24.403464712237614,24.16865002147449,24.264314651489254,4282800
2023-02-08,24.246919843843376,24.29910235935633,24.22952733080525,24.2904052734375,1416500
2023-02-09,24.09907291141585,24.255617141723633,24.09907291141585,24.255617141723633,3609000
2023-02-10,24.26431588101729,24.35998217467925,24.246921707842446,24.333890914916992,3201800
2023-02-13,24.34258676801015,24.351283854156875,24.24692047919582,24.264314651489254,2010600
2023-02-14,24.281707975329304,24.325191745743915,24.159952091128787,24.246919631958008,3456700
2023-02-15,24.42955695375512,24.47304072743899,24.40346569426502,24.41216278076172,4805900
2023-02-16,24.47303860355324,24.50782694652095,24.40346357641732,24.446949005126953,4101800
2023-02-17,24.516525095335226,24.551311781011837,24.412161720706244,24.429555892944336,4187800
2023-02-21,24.46434423260251,24.52522383955177,24.403466284452936,24.507829666137695,2532000
2023-02-22,24.507829411232876,24.60349570521558,24.47304106476656,24.586101531982425,1745200
2023-02-23,24.58610004830767,24.65567507824206,24.568705876124184,24.594797134399418,4056600
2023-02-24,24.77743148803711,24.78612857431212,24.733947715461664,24.77743148803711,4869300
2023-02-27,24.681765064408317,24.69915923686432,24.60349460595548,24.6469783782959,3470300
2023-02-28,24.620886447278973,24.716552734375,24.577402676125985,24.716552734375,4060400
2023-03-01,24.577404445365843,24.64697947949881,24.54261609889953,24.586101531982425,3932300
2023-03-02,24.751339419537484,24.777430677509003,24.699158562393983,24.716552734375,3976200
2023-03-03,24.67307027506519,24.74264530788893,24.612190669894737,24.620887756347656,2795100
2023-03-06,24.594798618599,24.620888219649075,24.53391901228295,24.586101531982425,4169000
2023-03-07,24.65567513695811,24.899186912908593,24.646978050845657,24.890491485595703,4149300
2023-03-08,24.88179397583008,24.93397483281678,24.82961146004384,24.88179397583008,3127600
2023-03-09,24.829612133351823,24.83830921955203,24.78612836115034,24.812219619750977,2749300
2023-03-10,24.65567398071289,24.673068152122088,24.52522101274288,24.65567398071289,5632800
2023-03-13,24.490433836978085,24.516525095335226,24.4034646345872,24.429555892944336,5300200
2023-03-14,24.446950065182424,24.525222181454268,24.42085880682529,24.429555892944336,3386400
2023-03-15,24.76003905606684,24.794827403612423,24.68176693288899,24.69046401977539,5141900
2023-03-16,24.69046299860759,24.70785717166098,24.62088796519368,24.66437339782715,2670100
2023-03-17,24.603494896497047,24.638281583020262,24.48173734666679,24.525222778320312,2192400
2023-03-20,24.403464672278865,24.429555930676297,24.386072158813477,24.386072158813477,2226300
2023-03-21,24.3425882097492,24.412163244244105,24.325194036425557,24.377376556396484,2354900
2023-03-22,24.342587446425657,24.38607287837117,24.099074003929648,24.194740295410156,5645600
2023-03-23,24.15995339542487,24.255618027261455,24.11646796386315,24.229528427124023,3328800
2023-03-24,24.35128529641102,24.40346615758228,24.35128529641102,24.377376556396484,2368700
2023-03-27,24.34258655475621,24.351283640826736,24.299102783203125,24.299102783203125,1910500
2023-03-28,24.24692009282576,24.28170843685829,24.203436321584643,24.212133407592773,2077200
2023-03-29,24.273012161254883,24.307800506448892,24.23822547486047,24.273012161254883,1684100
2023-03-30,24.15995216369629,24.186041762503613,24.142557991958395,24.15995216369629,1006600
2023-03-31,24.21213294738622,24.264313803643656,24.168649176971613,24.246919631958008,2569800
2023-04-03,24.203434658885342,24.229525915117357,24.125162548988744,24.133859634399418,1753500
2023-04-04,24.13386285721384,24.14255994378591,24.00340987623207,24.038196563720703,2610700
2023-04-05,24.046892974306303,24.142559265110147,23.994712115140395,24.107770919799805,2528900
2023-04-06,24.168649461708856,24.177344888854613,24.081680261055517,24.125164031982425,2156600
2023-04-10,24.29040590992941,24.333889681863436,24.264314651489254,24.264314651489254,1882500
2023-04-11,24.168651755256608,24.22083261708064,24.151257581715367,24.17734718322754,785100
2023-04-12,24.046892166137695,24.09037759631417,24.020802566831364,24.046892166137695,2645600
2023-04-13,23.91643990334067,23.942531162221265,23.881651558166553,23.933834075927734,2468300
2023-04-14,23.97731650302535,24.107769472508284,23.968619417219884,24.072982788085938,2777400
2023-04-17,24.159953608653364,24.229528640966564,24.14255943587516,24.194740295410156,2011700
2023-04-18,24.151256351437738,24.168650524092907,24.107770919799805,24.107770919799805,1713400
2023-04-19,24.142557991958395,24.177344676634664,24.11646673435155,24.15995216369629,2011200
2023-04-20,24.142557991958395,24.15995216369629,24.099072562613657,24.15995216369629,1992300
2023-04-21,24.125162548988744,24.229525915117357,24.116465463578074,24.133859634399418,1885500
2023-04-24,24.09907344804619,24.116467620423172,24.03819550352634,24.05558967590332,1424500
2023-04-25,24.10777197385563,24.194741182134408,24.10777197385563,24.168651580810547,2056500
2023-04-26,23.97731734696623,24.0990732349292,23.968620260854653,24.090377807617188,2395100
2023-04-27,24.15125592708281,24.168650099432355,24.08168089648421,24.09907341003418,1971100
2023-04-28,24.177343402653335,24.212131744296016,24.090375866145493,24.133859634399418,3285800
2023-05-01,24.151255427384804,24.273011313713287,24.151255427384804,24.255617141723633,3558800
2023-05-02,24.29040658689066,24.325193273647457,24.186043209021054,24.194740295410156,7964800
2023-05-03,24.107770958577213,24.125165131260363,24.003409240077524,24.064287185668945,3155000
2023-05-04,24.090377807617188,24.133861579375516,24.046892377059297,24.090377807617188,3589400
2023-05-05,24.13386179280015,24.151255965177132,24.03819550352634,24.05558967590332,2238100
2023-05-08,24.029498204836138,24.0990732349292,24.02080277752412,24.090377807617188,1426500
2023-05-09,24.186044095426563,24.203438268842255,24.14256032068701,24.168651580810547,1240200
2023-05-10,24.09907277414656,24.15995237576357,24.081680261055517,24.125164031982425,1378900
2023-05-11,24.2469213252198,24.299103843920864,24.22952881111907,24.281709671020508,3647200
2023-05-12,24.32519294000199,24.43825340270996,24.31649585373218,24.43825340270996,2961100
2023-05-15,24.394766737972994,24.412160909633176,24.368677139282227,24.368677139282227,1000300
2023-05-16,24.394767548468156,24.446950065182424,24.351283776672496,24.429555892944336,2215200
2023-05-17,24.481736713180855,24.54261465712091,24.464342540969536,24.473039627075195,1376300
2023-05-18,24.603493125284785,24.673068152122088,24.603493125284785,24.65567398071289,2358100
2023-05-19,24.612191133032496,24.64697947949881,24.53391901228295,24.586101531982425,1897300
2023-05-22,24.603492736816406,24.629582334718783,24.56870439454729,24.603492736816406,1093400
2023-05-23,24.664371914240583,24.699158599455263,24.620886484222805,24.67306900024414,925500
2023-05-24,24.68176435350788,24.777430640460864,24.68176435350788,24.76003646850586,2664200
2023-05-25,24.820917513314075,24.881795459896193,24.820917513314075,24.87309837341309,2450100
2023-05-26,24.83830960464231,24.90788463652311,24.82091709077181,24.86440086364746,1989400
2023-05-30,24.80352164958906,24.86439959202137,24.80352164958906,24.838308334350582,2059000
2023-05-31,24.90788357492366,24.977458603839107,24.864399803901332,24.88179397583008,1903400
2023-06-01,24.838310408664555,24.838310408664555,23.829471584336694,24.586101531982425,5617500
2023-06-02,24.70785768176421,24.855704838171093,24.69916059505796,24.847007751464844,7704500
2023-06-05,24.907883825006586,24.916580911058276,24.80352210998535,24.80352210998535,2170600
2023-06-06,24.91658066088803,24.93397483281678,24.864399803901332,24.88179397583008,704000
2023-06-07,24.82961188280852,24.899186912908593,24.768733938820898,24.890491485595703,890200
2023-06-08,24.77743322983963,24.77743322983963,24.69046401977539,24.69046401977539,1922100
2023-06-09,24.742644378692127,24.777431064397792,24.716553120313208,24.768733978271484,1252100
2023-06-12,24.760037315487093,24.820916919412152,24.751340229212087,24.77743148803711,1207500
2023-06-13,24.699159622192383,24.742645054010797,24.664372935537266,24.699159622192383,2690300
2023-06-14,24.60349528161732,24.707857001620145,24.560009849283116,24.577404022216797,6221200
2023-06-15,24.586100551697587,24.586100551697587,24.42955631644015,24.43825340270996,1918400
2023-06-16,24.446950450615756,24.51652548186548,24.429556278103423,24.48173713684082,1682400
2023-06-20,24.560008578936912,24.612189436239316,24.55131149291992,24.55131149291992,1405700
2023-06-21,24.577403465427775,24.5947976379674,24.42955631644015,24.43825340270996,1237700
2023-06-22,24.490434432997493,24.542615292182116,24.45564774647428,24.525222778320312,1311100
2023-06-23,24.620885637894496,24.6904606647318,24.612188552189895,24.65567398071289,1626800
2023-06-26,24.62958335876465,24.646977530622426,24.60349375977752,24.62958335876465,1055900
2023-06-27,24.54261525350018,24.60349485771916,24.52522273966579,24.568706512451172,1113700
2023-06-28,24.67306917539539,24.733947119052907,24.646977917199504,24.681764602661133,1333200
2023-06-29,24.7861270904541,24.812218347717135,24.73394623472753,24.7861270904541,722600
2023-06-30,24.72525003298761,24.7426442051182,24.6556750032648,24.681764602661133,1517000
2023-07-03,24.716552310450716,24.725249396292053,24.655674368360856,24.707855224609375,847300
2023-07-05,24.71655375213268,24.8209171295166,24.71655375213268,24.8209171295166,828400
2023-07-06,24.76003646850586,24.873096927413844,24.751339382528357,24.76003646850586,882700
2023-07-07,24.69046155159269,24.69915863760968,24.54261440690293,24.55131149291992,1959500
2023-07-10,24.586100938279007,24.60349511109213,24.481737560199885,24.490434646606445,1270700
2023-07-11,24.46434257862095,24.49913092309713,24.412161720706244,24.429555892944336,2025000
2023-07-12,24.255617855172815,24.255617855172815,24.142559051513672,24.142559051513672,1287900
2023-07-13,24.055589927774967,24.06428701405452,23.95992363749949,23.977317810058594,1183700
2023-07-14,23.99471219247124,24.038195965449702,23.968620933404395,24.02080345153809,838300
2023-07-17,24.046893690309457,24.081682036655632,23.994712829589844,23.994712829589844,1196900
2023-07-18,24.01210594177246,24.064286800186427,23.98601468316569,24.01210594177246,669900
2023-07-19,24.099073833472215,24.168650524092907,24.072984233289063,24.107770919799805,1566900
2023-07-20,24.168649176971613,24.281707975329304,24.159952091128787,24.246919631958008,2486600
2023-07-21,24.299101475631527,24.35128233044721,24.299101475631527,24.31649398803711,2215600
2023-07-24,24.37737567075814,24.41216235734195,24.333890239028875,24.403465270996097,1487700
2023-07-25,24.473041192077183,24.473041192077183,24.377376556396484,24.377376556396484,1526200
2023-07-26,24.368678237724016,24.394767837590795,24.281709034302384,24.30780029296875,1435500
2023-07-27,24.43825374801683,24.542615467130005,24.43825374801683,24.533918380737305,3183500
2023-07-28,24.50782733490319,24.525221506662696,24.429555220784945,24.49913024902344,1139000
2023-07-31,24.525221470220156,24.560008154887957,24.473038955019184,24.542613983154297,889000
2023-08-01,24.64697689500829,24.6904606647318,24.612188552189895,24.65567398071289,1082000
2023-08-02,24.69915983148498,24.786129037059148,24.69915983148498,24.742645263671875,726900
2023-08-03,24.77743110217847,24.794825274457605,24.69046189958235,24.725250244140625,519600
2023-08-04,24.577401480114567,24.620885249151502,24.54261313784545,24.603492736816406,851800
2023-08-07,24.620887756347656,24.664373188612267,24.603495242241443,24.620887756347656,348300
2023-08-08,24.76873444026076,24.81221987170339,24.73394775390625,24.73394775390625,649200
2023-08-09,24.725251265392124,24.751340866088867,24.690462919396953,24.751340866088867,889100
2023-08-10,24.69916021407494,24.79482650756836,24.63828226686991,24.79482650756836,1192400
2023-08-11,24.820918150145776,24.864401924877345,24.777432716614527,24.847007751464844,1444900
2023-08-14,24.96876381533399,25.003552162392474,24.864402091757917,24.933977127075195,846800
2023-08-15,24.881792881869057,24.96006499330754,24.855701625123075,24.942670822143555,952900
2023-08-16,24.942672056272325,25.029641257595916,24.916580798235383,25.01224708557129,1066900
2023-08-17,24.93397644972707,25.05573234352481,24.92527936319871,25.003551483154297,686700
2023-08-18,25.03833876765613,25.05573128117577,24.986156250698485,25.02094459533691,677100
2023-08-21,25.00355105976976,25.038339405294128,24.97745980062649,24.994853973388672,2276700
2023-08-22,25.04703500323804,25.099217521879517,25.03833957559742,25.081823348999023,649000
2023-08-23,25.107914437543243,25.11660986512472,24.994853973388672,24.994853973388672,2112800
2023-08-24,25.12530640846362,25.194881439208984,25.08182263629761,25.194881439208984,1421000
2023-08-25,25.19488122644416,25.29924460108067,25.12530619628634,25.22966957092285,2377400
2023-08-28,25.21227518758392,25.229669359677622,25.18618392944336,25.18618392944336,710700
2023-08-29,25.28185157677962,25.28185157677962,25.038339789570227,25.047035217285156,2199100
2023-08-30,24.968763137040863,25.012248569682654,24.92527936319871,25.003551483154297,2983600
2023-08-31,25.099215577281463,25.15139643308053,25.099215577281463,25.12530517578125,2707600
2023-09-01,25.06442863490682,25.290547901071783,25.055731548654368,25.281850814819336,1260500
2023-09-05,25.360121162139055,25.438393274148083,25.360121162139055,25.41230201721191,1215500
2023-09-06,25.403605355396557,25.47318204172048,25.37751575682459,25.42099952697754,647600
2023-09-07,25.4731828533716,25.51666662491007,25.46448576730399,25.48187828063965,1034600
2023-09-08,25.473184122732192,25.507970809936523,25.403607430724257,25.507970809936523,1033200
2023-09-11,25.394910388560387,25.412302901657014,25.35142495881998,25.386213302612305,630500
2023-09-12,25.45578829454964,25.46448538048513,25.403605778936686,25.429697036743164,1827200
2023-09-13,25.421000797598825,25.447092056274418,25.386214111497615,25.447092056274418,549400
2023-09-14,25.542757844382496,25.61233287401829,25.507969500164823,25.603635787963867,1268500
2023-09-15,25.586240768432617,25.603634939965353,25.54275699840027,25.586240768432617,1295700
2023-09-18,25.568846632838035,25.603634975952403,25.51666577696598,25.54275703430176,479400
2023-09-19,25.525365366106488,25.56884914046455,25.507971192843396,25.560152053833008,366500
2023-09-20,25.52536367227366,25.62102830127315,25.44709155658345,25.603635787963867,827900
2023-09-21,25.65581724517731,25.681908503950428,25.603636386430665,25.621028900146484,980500
2023-09-22,25.681907653808594,25.70799725291848,25.621028052019938,25.681907653808594,1063900
2023-09-25,25.760180118459733,25.82105806227534,25.751483032371855,25.777572631835938,1412600
2023-09-26,25.794966554454028,25.864541583684403,25.78626946845029,25.855844497680664,1642700
2023-09-27,25.916724305946275,26.012390600072276,25.908028878116333,25.977603912353516,1609900
2023-09-28,25.88193490674175,25.908026163897155,25.821056965511968,25.838449478149418,1106400
2023-09-29,25.78626946845029,25.873238669688146,25.78626946845029,25.855844497680664,1590300
2023-10-02,25.960207337026375,26.06456904932585,25.960207337026375,26.055871963500977,3727200
2023-10-03,26.090661579046817,26.151539523989992,26.021086547854676,26.08196449279785,2486400
2023-10-04,25.99499554062001,26.07326765881843,25.986298454286896,26.003692626953125,1114900
2023-10-05,25.968905768996997,26.003692455300214,25.916723251342773,25.916723251342773,1368300
2023-10-06,26.01238915433309,26.047177498918018,25.829755321660933,25.86454200744629,1492000
2023-10-09,25.934116612914774,25.942813698918513,25.855844497680664,25.855844497680664,1777700
2023-10-10,25.838451424435465,25.855845597182615,25.777573478620035,25.794967651367188,2275900
2023-10-11,25.777573478620035,25.86454268355619,25.751483878298917,25.794967651367188,1343600
2023-10-12,25.881935259414504,26.021085315207095,25.881935259414504,26.012388229370117,1691000
2023-10-13,26.012390982734907,26.073268931238047,26.00369389597736,26.02978515625,942200
2023-10-16,25.9776028552727,26.021086627851624,25.916723251342773,25.916723251342773,761500
2023-10-17,25.986298707233168,25.994995793650936,25.89063407423694,25.9254207611084,603400
2023-10-18,25.986297395221076,26.04717699707174,25.96890488206328,26.021085739135746,799000
2023-10-19,25.9949928196796,26.012386990525155,25.890631112205163,25.942811965942383,1728900
2023-10-20,25.95151138305664,25.986298069073825,25.93411721064826,25.95151138305664,769500
2023-10-23,25.95151124810074,25.977602506577632,25.79496701483854,25.82105827331543,1462800
2023-10-24,25.91672198014455,25.994994093987096,25.908026553094945,25.968904495239254,1564900
2023-10-25,26.038480758666992,26.05587327239093,25.98629824109641,26.038480758666992,1347000
2023-10-26,26.081963433189195,26.15153846155477,26.064569261397917,26.09935760498047,1026300
2023-10-27,26.047176960133474,26.0906607311656,26.021085702234476,26.0645694732666,1032400
2023-10-30,26.021086838445296,26.02978392479139,25.951511806476177,25.960208892822266,719400
2023-10-31,26.04717759388776,26.15153931042391,26.02978342153188,26.11675262451172,970400
2023-11-01,26.203718680485768,26.238507023221775,26.108054055560707,26.12544822692871,3264600
2023-11-02,25.951509440871774,26.038478637605415,25.925418184211843,25.994993209838867,1849900
2023-11-03,25.78627060398362,25.82975603591726,25.699301398915964,25.751483917236328,3525400
2023-11-06,25.734088860196092,25.78626971792382,25.707997601932448,25.777572631835938,1529900
2023-11-07,25.890633265884983,25.91672286552411,25.829755321660933,25.86454200744629,1004600
2023-11-08,25.9080270137031,25.916722440907296,25.838450325673183,25.855844497680664,585300
2023-11-09,25.86454112384936,25.977601581088376,25.8297544392524,25.968904495239254,1062400
2023-11-10,25.95151138305664,25.994995155278016,25.93411721064826,25.95151138305664,836200
2023-11-13,25.96020868272129,25.98629828274881,25.89933073759096,25.916723251342773,3831800
2023-11-14,25.6645150493551,25.67321213585609,25.49927372343553,25.507970809936523,2938300
2023-11-15,25.58624161585503,25.638422473381983,25.55145327163736,25.603635787963867,1378300
2023-11-16,25.586242213915252,25.629725986404193,25.525364268910906,25.621028900146484,790900
2023-11-17,25.56015039644854,25.586241654651356,25.48187828063965,25.48187828063965,1455100
2023-11-20,25.438396669368256,25.447093756174432,25.368821633718554,25.403608322143555,1715000
2023-11-21,25.342727836187773,25.46448538048513,25.342727836187773,25.429697036743164,1349700
2023-11-22,25.55145500748351,25.603637527355055,25.51666831970215,25.51666831970215,4330300
2023-11-24,25.447093756174432,25.455790842980605,25.39491289413708,25.403608322143555,983600
2023-11-27,25.394910601002625,25.42100020026559,25.35142517089844,25.35142517089844,1450400
2023-11-28,25.307943135724013,25.33403273677673,25.220973928349085,25.26445770263672,1524100
2023-11-29,25.281849331494147,25.32533476020505,25.238365561582743,25.290546417236328,1900400
2023-11-30,25.420998258734446,25.4818761974312,25.38621157610748,25.473180770874023,4121100
2023-12-01,25.49057544180431,25.51666670008399,25.36012246800502,25.39491081237793,2520400
2023-12-04,25.525364982938505,25.560151670142837,25.473184122732192,25.507970809936523,2271800
2023-12-05,25.542757844382496,25.62102830127315,25.499272414110408,25.603635787963867,1836800
2023-12-06,25.5688482508073,25.664514541625977,25.5688482508073,25.664514541625977,1537500
2023-12-07,25.57754286890907,25.594937039888407,25.438392818673275,25.525362014770508,2570400
2023-12-08,25.664514331435015,25.664514331435015,25.560150955142134,25.621028900146484,1460900
2023-12-11,25.67320929558936,25.690603466667,25.62972386789526,25.65581512451172,956200
2023-12-12,25.62102745269859,25.655815795764063,25.57754368266625,25.586240768432617,1034200
2023-12-13,25.56884627680489,25.62972421760784,25.32533451359308,25.368818283081055,1509200
2023-12-14,25.212276713254116,25.229670886400395,25.0992179054026,25.134004592895508,3746200
2023-12-15,25.247063070473796,25.316638098777844,25.23836598458585,25.299243927001953,4411500
2023-12-18,25.27703882610527,25.32330093747784,25.267786403830755,25.295543670654297,1916800
2023-12-19,25.23077901910033,25.24003144157274,25.17526448426587,25.18451690673828,2544400
2023-12-20,25.212273634902775,25.30479609292881,25.20302121262826,25.295543670654297,2362500
2023-12-21,25.147508369274536,25.21227356028535,25.129003524780273,25.129003524780273,1696100
2023-12-22,25.082743052478666,25.138255820963963,25.04573336367574,25.1197509765625,1511500
2023-12-26,25.0919948605273,25.10124551778252,25.05498517263022,25.064237594604492,1106200
2023-12-27,25.017979589789164,25.017979589789164,24.9162047032706,24.934709548950195,783700
2023-12-28,24.962464133219065,25.045734170990652,24.906951362944387,25.01797866821289,2087100
2023-12-29,25.05498517263022,25.07349001657876,24.999472405503656,25.064237594604492,983800
2024-01-02,25.2492830723909,25.286290996401064,25.22152580584396,25.27703857421875,2109400
2024-01-03,25.3695620233742,25.415822371375643,25.31404925282864,25.36030960083008,1222900
2024-01-04,25.3695620233742,25.37881444591832,25.304796830284516,25.36030960083008,2839300
2024-01-05,25.37881444591832,25.38806686846244,25.22152679210659,25.36030960083008,1082100
2024-01-08,25.33255184710388,25.341804269470455,25.267786655256945,25.314048767089844,1193100
2024-01-09,25.34180335415817,25.425073387730663,25.332550932125777,25.39731788635254,407200
2024-01-10,25.38806674260532,25.406569822882673,25.341804630114055,25.351057052612305,1514800
2024-01-11,25.39731750738222,25.462082695923517,25.332550554121887,25.36956024169922,1172800
2024-01-12,25.351055776190563,25.406568543665873,25.304795430747653,25.39731788635254,849300
2024-01-16,25.563856880488085,25.637874494030957,25.554606222924445,25.61937141418457,1061500
2024-01-17,25.674884292560172,25.711893981848856,25.637874603271484,25.637874603271484,930100
2024-01-18,25.674884670383133,25.702641937758113,25.656379825466477,25.665632247924805,2123700
2024-01-19,25.66563188699608,25.684136731652504,25.61937154007413,25.628623962402344,1116600
2024-01-22,25.61937152334626,25.65637944791583,25.591614256379746,25.637874603271484,2171700
2024-01-23,25.674883267588857,25.767405722397847,25.674883267588857,25.702640533447266,996900
2024-01-24,25.508344236854697,25.63787462001144,25.499091814526484,25.628623962402344,851100
2024-01-25,25.64712600173044,25.74890087849224,25.64712600173044,25.702640533447266,1250900
2024-01-26,25.66563084563605,25.702640533447266,25.637873579777636,25.702640533447266,1154700
2024-01-29,25.767405722397847,25.795161223537217,25.69338811149446,25.702640533447266,1286200
2024-01-30,25.68413734436035,25.74890253748373,25.65638007671355,25.68413734436035,460600
2024-01-31,25.63787406636568,25.776658633572723,25.58236129831431,25.7489013671875,3424500
2024-02-01,25.730396952139326,25.75815421898757,25.59161414733633,25.61937141418457,3755500
2024-02-02,25.795162954791667,25.878432993236565,25.77665987436326,25.850677490234375,3216000
2024-02-05,25.96170272406262,26.026467916592548,25.96170272406262,25.98945999145508,3422600
2024-02-06,25.998711547745533,26.007963969901432,25.906189090905624,25.915441513061523,621700
2024-02-07,25.9061906211617,25.91544304386413,25.869180930351973,25.887685775756836,849000
2024-02-08,25.961701859121938,25.980206703433733,25.906189090905624,25.915441513061523,1686900
2024-02-09,25.92469368282344,25.93394610488926,25.887683994560156,25.896936416625977,1118200
2024-02-12,25.933946483480188,25.970954407564655,25.906189216877515,25.924694061279297,1127700
2024-02-13,26.072729723260785,26.14674733738715,26.072729723260785,26.12824249267578,3596900
2024-02-14,26.128242005131657,26.128242005131657,26.06347681456947,26.081981658935547,3242200
2024-02-15,26.00796471049541,26.03572021303438,25.96170259839857,25.980207443237305,948900
2024-02-16,26.072730028913313,26.072730028913313,25.97095514652677,25.98945999145508,643500
2024-02-20,25.906189451878987,25.96170222086881,25.87843218502453,25.952449798583984,1142700
2024-02-21,25.943198905681076,25.980206829765542,25.924694061279297,25.924694061279297,878600
2024-02-22,25.961701985363764,25.980206829765542,25.924694061279297,25.924694061279297,895300
2024-02-23,25.915441890842516,25.95244981528651,25.90618946855174,25.943199157714844,538700
2024-02-26,25.896936416625977,25.92469368282344,25.887683994560156,25.896936416625977,636800
2024-02-27,25.915441513061523,25.933946357373323,25.878431824437925,25.915441513061523,1424900
2024-02-28,25.952451597979135,25.98020886675813,25.924696093919373,25.933948516845703,502900
2024-02-29,25.90618995399684,26.017217258847538,25.87843268660438,25.98945999145508,1038700
2024-03-01,26.00796434903117,26.054224695765935,25.93394673542407,25.943199157714844,779700
2024-03-04,25.943199157714844,25.95244981528651,25.90618946855174,25.943199157714844,853200
2024-03-05,25.933946357373323,25.952449436966035,25.869179402282025,25.915441513061523,1249300
2024-03-06,25.85992953533597,25.86918019305556,25.78591192054528,25.822919845581055,841600
2024-03-07,25.776659931206652,25.79516301167586,25.693389892578125,25.693389892578125,1081500
2024-03-08,25.637873579777636,25.702640533447266,25.62862292254388,25.702640533447266,940100
2024-03-11,25.71189319139556,25.748901114827408,25.702640769357835,25.730396270751953,541900
2024-03-12,25.76740621144431,25.813666557367277,25.73964894505909,25.7489013671875,832000
2024-03-13,25.730398052561263,25.74890289791816,25.684137703888197,25.721145629882812,304700
2024-03-14,25.77665999960267,25.878433118970452,25.77665999960267,25.85993003845215,1062900
2024-03-15,25.896938198459267,25.9061906211617,25.869180930351973,25.887685775756836,396600
2024-03-18,25.89693704626097,25.95244981528651,25.89693704626097,25.943199157714844,659700
2024-03-19,26.017215602417075,26.03571868144821,25.989458336791827,26.007963180541992,909000
2024-03-20,26.081983123069527,26.09123554577196,25.887685775756836,25.887685775756836,837900
2024-03-21,25.98020652837707,26.072728984593557,25.97095410628352,26.0634765625,719600
2024-03-22,26.146746296515605,26.202259063720703,26.128241452540887,26.202259063720703,736500
2024-03-25,26.137495040893555,26.146747463293796,26.10973777369283,26.137495040893555,255200
2024-03-26,26.109738024882834,26.165252559818356,26.10048560239358,26.1560001373291,245800
2024-03-27,26.183753983600894,26.20225882740872,26.165250904512103,26.174503326416016,209600
2024-03-28,26.202259693760396,26.24852180480957,26.18375484934073,26.24852180480957,392000
2024-04-01,26.25777355926327,26.378053288296925,26.248522901386075,26.350296020507812,664400
2024-04-02,26.33179081520588,26.33179081520588,26.276278045106007,26.31328773498535,582100
2024-04-03,26.2855308842976,26.29478330691412,26.174505342337696,26.19300842285156,3024900
2024-04-04,26.11899080663857,26.19300842285156,26.109738384022048,26.19300842285156,1404900
2024-04-05,26.28553126203206,26.304036107531022,26.19300879925644,26.220766067504883,469200
2024-04-08,26.2115131423502,26.2115131423502,26.165252794208676,26.18375587463379,379200
2024-04-09,26.11898879499254,26.193006405504807,26.109736373088623,26.174503326416016,599900
2024-04-10,26.35954777729851,26.479827503294057,26.35954777729851,26.452070236206055,1016800
2024-04-11,26.424313220388356,26.54459294752765,26.424313220388356,26.4705753326416,1112400
2024-04-12,26.664871466968,26.701881157543717,26.646366621680144,26.68337631225586,620700
2024-04-15,26.69262731475987,26.73888766079913,26.683374892608203,26.72963523864746,614100
2024-04-16,26.729635742214647,26.803653356103347,26.70188023995583,26.766645431518555,1490800
2024-04-17,26.7203842381124,26.757393928688114,26.646366621680144,26.68337631225586,1293500
2024-04-18,26.68337692180135,26.738889694213867,26.674124498946068,26.738889694213867,826400
2024-04-19,26.68337692180135,26.75739453992444,26.66487207609078,26.738889694213867,831000
2024-04-22,26.80365310379721,26.80365310379721,26.72038306836636,26.748140335083008,302600
2024-04-23,26.72038375135576,26.729636173831143,26.60935821108948,26.637115478515625,780900
2024-04-24,26.65561879326353,26.70188090604745,26.646366370706744,26.664871215820312,299700
2024-04-25,26.711132714929537,26.720383372554632,26.600105411518093,26.609357833862305,639700
2024-04-26,26.69262731475987,26.78514977155747,26.683374892608203,26.72963523864746,1018400
2024-04-29,26.69262823173235,26.720383734421755,26.60010577175633,26.64636611938477,783200
2024-04-30,26.729636227532215,26.81290626525879,26.701880724769456,26.81290626525879,819900
2024-05-01,26.80365360806087,26.82215845288677,26.664870801304872,26.7851505279541,3025300
2024-05-02,26.692627491043165,26.729635415175164,26.572347766996213,26.581600189208984,1344600
2024-05-03,26.46132136598095,26.553843820368947,26.415059256427437,26.50758171081543,856400
2024-05-06,26.489077245254617,26.544591777511577,26.489077245254617,26.53533935546875,1365000
2024-05-07,26.535340219827717,26.627862678550738,26.526087797483505,26.609357833862305,450300
2024-05-08,26.64636611938477,26.6648709643238,26.627863039164875,26.64636611938477,361700
2024-05-09,26.62786206423126,26.637114486362016,26.553844451904297,26.553844451904297,388400
2024-05-10,26.58160031517014,26.627862426453223,26.55384481311939,26.59085273742676,406200
2024-05-13,26.544592265076982,26.60010503363453,26.544592265076982,26.581600189208984,371700
2024-05-14,26.544593559927826,26.563096640536862,26.52608871459961,26.52608871459961,525200
2024-05-15,26.424313762489664,26.498331378894203,26.359548568725582,26.359548568725582,705600
2024-05-16,26.424312591552734,26.452069858244126,26.38730466734998,26.424312591552734,1726900
2024-05-17,26.47057470270505,26.479827124935515,26.396557089580444,26.424312591552734,698000
2024-05-20,26.44281793961048,26.461322784423828,26.433565517203807,26.461322784423828,296000
2024-05-21,26.4705752068305,26.489078286924716,26.44281793961048,26.461322784423828,281200
2024-05-22,26.507584120028618,26.563096891819228,26.489079274525352,26.544593811035156,309400
2024-05-23,26.489079882145944,26.600107192993164,26.479829223901312,26.600107192993164,326300
2024-05-24,26.526088589002136,26.544593434242735,26.48907889852094,26.516836166381836,253100
2024-05-28,26.424313345891814,26.498330961129415,26.424313345891814,26.479827880859375,402200
2024-05-29,26.55384531556348,26.62786293029785,26.535340470700103,26.62786293029785,383000
2024-05-30,26.544593811035156,26.553846233786793,26.507584120028618,26.544593811035156,322100
2024-05-31,26.47982836599825,26.544593559927826,26.452071098005927,26.52608871459961,797000
2024-06-03,26.49832984183737,26.516834686044913,26.387304306030273,26.387304306030273,786900
2024-06-04,26.44281720026884,26.45206962241682,26.378052009952096,26.396556854248047,540300
2024-06-05,26.415062201234775,26.489079820053004,26.405811543011826,26.43356704711914,1348600
2024-06-06,26.44281720026884,26.461322044564792,26.396556854248047,26.396556854248047,222500
2024-06-07,26.57234827014025,26.627862804468045,26.57234827014025,26.61861038208008,369400
2024-06-10,26.729636660756327,26.738889083400256,26.67412388961193,26.68337631225586,752800
2024-06-11,26.7573942888522,26.76664671162067,26.701881516960583,26.72038459777832,396600
2024-06-12,26.489079882145944,26.600107192993164,26.47057680093744,26.600107192993164,835200
2024-06-13,26.461321821678897,26.738887424903872,26.433564555468767,26.701879501342773,2156700
2024-06-14,26.859168503625916,26.886924006518775,26.80365396840189,26.82215881347656,434500
2024-06-17,26.812905652276346,26.84066291912368,26.75739288330078,26.75739288330078,204900
2024-06-18,26.78515002403854,26.78515002403854,26.72038306836636,26.748140335083008,179600
2024-06-20,26.803654470084567,26.859169006347656,26.79440204737405,26.859169006347656,346900
2024-06-21,26.905428184558897,26.94243787379071,26.89617576225094,26.923933029174805,935100
2024-06-24,26.831411361694336,26.868421052017045,26.812906516532983,26.831411361694336,1158700
2024-06-25,26.886924509760014,26.91468177789156,26.849916583637143,26.859169006347656,872400
2024-06-26,26.988697052001953,27.016454317723927,26.951687364372656,26.988697052001953,334700
2024-06-27,26.914680841643968,26.960941188868155,26.905428419255305,26.951688766479492,314400
2024-06-28,26.970193611256818,26.99795087842281,26.92393326403263,26.951688766479492,941200
2024-07-01,26.905428544825337,26.99795100442464,26.86842061981709,26.960941314697266,770900
2024-07-02,26.960940953687505,26.979445798303413,26.91468060686685,26.923933029174805,544000
2024-07-03,26.859168377728633,26.859168377728633,26.75739349501412,26.81290626525879,1535700
2024-07-05,26.7573942888522,26.80365463797535,26.72038459777832,26.72038459777832,969300
2024-07-08,26.72038331988867,26.77589785384453,26.71113266228181,26.766645431518555,333900
2024-07-09,26.785150636859015,26.822158561942157,26.76664579195788,26.803653717041016,633200
2024-07-10,26.79440105975616,26.79440105975616,26.775897979736328,26.775897979736328,929600
2024-07-11,26.6001057886141,26.655618558747243,26.57234852118796,26.637115478515625,1004700
2024-07-12,26.57234931457086,26.600106582825767,26.535341388283523,26.544593811035156,1111400
2024-07-15,26.544592390862775,26.60935758193999,26.535339968606156,26.59085273742676,1727000
2024-07-16,26.646365506247356,26.66487035076059,26.59085273742676,26.59085273742676,382600
2024-07-17,26.47982775509225,26.507583257725056,26.452070487740304,26.4705753326416,1065900
2024-07-18,26.52608754634954,26.60935758193999,26.516835124092925,26.59085273742676,1840600
2024-07-19,26.627863290312337,26.664871215820312,26.627863290312337,26.664871215820312,378000
2024-07-22,26.65561854185428,26.674123386793315,26.64636611938477,26.64636611938477,1065600
2024-07-23,26.692628860473633,26.711133705848543,26.674124015098723,26.692628860473633,359000
2024-07-24,26.627863541111463,26.68337631225586,26.609358695823605,26.68337631225586,313800
2024-07-25,26.68337631225586,26.701881157543717,26.63711596375539,26.68337631225586,272000
2024-07-26,26.65561879326353,26.683376060933877,26.646366370706744,26.664871215820312,230400
2024-07-29,26.75739453992444,26.794402466626376,26.729637271358577,26.738889694213867,1107000
2024-07-30,26.785150150148116,26.8036532299939,26.73888803873589,26.75739288330078,273800
2024-07-31,26.600105411518093,26.711132714929537,26.59085298917388,26.609357833862305,533400
2024-08-01,26.674122235132646,26.72963500283383,26.637114311571548,26.701879501342773,1206500
2024-08-02,26.489079820053004,26.489079820053004,26.405811543011826,26.43356704711914,1180300
2024-08-05,26.202260054017724,26.350295281972244,26.193007631680675,26.28553009033203,2084300
2024-08-06,26.39655647564053,26.39655647564053,26.350294365564192,26.368799209594727,787300
2024-08-07,26.442817436013662,26.452069858244126,26.405809511810904,26.424312591552734,921900
2024-08-08,26.489078286924716,26.52608797655141,26.452070362017153,26.461322784423828,304900
2024-08-09,26.442819470061323,26.452071893003502,26.415062201234775,26.43356704711914,350500
2024-08-12,26.470576738887875,26.489079820053004,26.43356704711914,26.43356704711914,181600
2024-08-13,26.396557520025432,26.396557520025432,26.294782638549805,26.294782638549805,229400
2024-08-14,26.30403543817505,26.322540283203125,26.23001782278191,26.322540283203125,615900
2024-08-15,26.46132215426663,26.46132215426663,26.38730454149505,26.41506004333496,378400
2024-08-16,26.350295281972244,26.39655739365748,26.28553009033203,26.28553009033203,320200
2024-08-19,26.248522471284577,26.248522471284577,26.146747589111328,26.146747589111328,4595700
2024-08-20,26.10048627054221,26.11899111599442,26.03572107617865,26.05422592163086,487200
2024-08-21,26.054224931671364,26.118990123574097,25.91544212549135,25.97095489501953,568500
2024-08-22,26.017216594050552,26.118989709117425,26.017216594050552,26.09123420715332,3506400
2024-08-23,26.091233368865648,26.10048402607707,25.850675692830773,25.869178771972656,968500
2024-08-26,25.91544163907841,25.943198905681076,25.887684372475736,25.924694061279297,318200
2024-08-27,25.91544064471598,25.92469306656186,25.84142303466797,25.84142303466797,1806500
2024-08-28,25.98945999145508,26.017217258847538,25.943199643853458,25.98945999145508,588200
2024-08-29,26.072729236752508,26.128242005131657,26.05422439238643,26.081981658935547,1799000
2024-08-30,26.137495292350593,26.183755640077713,26.10048560239358,26.1560001373291,2138600
2024-09-03,26.146746296515605,26.230016329682776,26.118989030553532,26.202259063720703,2698700
2024-09-04,26.156001058683756,26.165253481498933,26.06347859525123,26.072731018066406,738600
2024-09-05,26.03571891784668,26.100484106841275,25.99871099472936,26.03571891784668,426500
2024-09-06,26.06347859525123,26.118991367423064,25.96170370900353,26.072731018066406,759100
2024-09-09,26.1467479490644,26.18375587463379,26.137495526492263,26.18375587463379,361600
2024-09-10,26.20226084546809,26.230018113317648,26.183756000235043,26.19300842285156,371600
2024-09-11,26.220766067504883,26.230018490254366,26.19300879925644,26.220766067504883,332800
2024-09-12,26.183755009653,26.202259854185968,26.100484973973753,26.10973739624023,330200
2024-09-13,26.03572132680571,26.091235863696753,26.026468903990537,26.072731018066406,957300
2024-09-16,25.97095514652677,26.026467916592548,25.96170272406262,25.98945999145508,1623800
2024-09-17,26.017218245894572,26.072731018066406,26.017218245894572,26.072731018066406,456000
2024-09-18,25.98946121003384,26.118991601167043,25.87843389997736,26.100486755371097,638800
2024-09-19,26.072730028913313,26.109737954050782,25.97095514652677,25.98945999145508,331100
2024-09-20,26.04497133980577,26.100484106841275,25.99871099472936,26.03571891784668,370000
2024-09-23,26.06347859525123,26.10048652179272,26.03572132680571,26.072731018066406,310900
2024-09-24,26.017216518569107,26.054224442653577,25.924694061279297,25.924694061279297,213000
2024-09-25,25.924696014467237,26.109739178269063,25.91544359156926,26.100486755371097,263300
2024-09-26,26.04497263545375,26.09123474755059,25.97095502081794,25.980207443237305,389400
2024-09-27,25.9246945478659,26.007964584517737,25.9061897031168,25.97095489501953,845300
2024-09-30,25.970956131818703,26.10048652179272,25.970956131818703,26.072731018066406,1322300
2024-10-01,26.156000371636537,26.23001798749447,26.128243103920127,26.18375587463379,1300200
2024-10-02,26.248522291362224,26.31328748331249,26.248522291362224,26.294782638549805,815000
2024-10-03,26.36880124243257,26.4335664368133,26.350296396975452,26.378053665161133,1203700
2024-10-04,26.553845982591938,26.58160148586508,26.5168362919355,26.52608871459961,456200
2024-10-07,26.535341388283523,26.553846233786793,26.507584120028618,26.544593811035156,283200
2024-10-08,26.516836542780258,26.581601737322497,26.516836542780258,26.544593811035156,5172200
2024-10-09,26.618610867755557,26.664871215820312,26.609358445198772,26.664871215820312,222300
2024-10-10,26.64636624508937,26.738888705501875,26.64636624508937,26.65561866760254,349900
2024-10-11,26.66486943475068,26.683374278628225,26.64636459087314,26.674121856689453,270200
2024-10-14,26.75739288330078,26.794400807711455,26.720383194171,26.75739288330078,1291800
2024-10-15,26.711132787869097,26.79440105975616,26.711132787869097,26.775897979736328,373800
2024-10-16,26.785149361430324,26.868419394801247,26.775896939420328,26.84991455078125,191500
2024-10-17,26.92393315504137,26.933185577392575,26.89617588798775,26.933185577392575,720000
2024-10-18,26.859169006347656,26.877672087049497,26.840664160926625,26.859169006347656,352900
2024-10-21,26.88692395067077,26.997951256169053,26.88692395067077,26.979446411132812,304500
2024-10-22,26.98869730444976,27.01645457043137,26.970192460462023,27.0072021484375,197200
2024-10-23,27.090471394193052,27.145984159823563,27.090471394193052,27.09972381591797,1481600
2024-10-24,27.04421185587057,27.0719691236834,26.99795150756836,26.99795150756836,294400
2024-10-25,27.016455561102756,27.099725597381976,27.016455561102756,27.090473175048828,211400
2024-10-28,27.06271590804938,27.10897625499601,27.06271590804938,27.090473175048828,208700
2024-10-29,27.17374142499832,27.182992082004237,27.081218972468132,27.09972381591797,423900
2024-10-30,27.108975497620342,27.118227919694995,27.016454806311952,27.034957885742188,395000
2024-10-31,26.997949852581076,27.090472308232997,26.98869743054398,27.016454696655273,754400
2024-11-01,27.025704678078956,27.13673197502836,27.01645402099227,27.127479553222656,591000
2024-11-04,26.979446896169932,27.025707244873047,26.95168962811655,27.025707244873047,504800
2024-11-05,26.951688405296604,26.98869809435529,26.88692321416302,26.91468048095703,1181500
2024-11-06,27.395795191264973,27.40504761330703,27.284767891479348,27.349533081054688,1287600
2024-11-07,27.173741662251164,27.220002006560655,27.099724052524568,27.127479553222656,1276600
2024-11-08,27.23850908707573,27.386544318685992,27.229256664510192,27.31252670288086,439600
2024-11-11,27.46981430053711,27.516074648550447,27.46056187799061,27.46981430053711,1832800
2024-11-12,27.57158686060411,27.65485689711668,27.56233620296415,27.590091705322266,1604300
2024-11-13,27.599344074954335,27.747379302978516,27.599344074954335,27.747379302978516,778700
2024-11-14,27.756633088209583,27.876911055115375,27.710372738950248,27.858407974243164,678000
2024-11-15,27.812145484248617,27.858407597601698,27.756632712944096,27.830650329589844,738200
2024-11-18,27.76588544584189,27.77513786861588,27.65485813727317,27.69186782836914,1559100
2024-11-19,27.673360950708165,27.728873718556507,27.664108528613596,27.682613372802734,707200
2024-11-20,27.802891030034345,27.86765798399617,27.802891030034345,27.82139587402344,717900
2024-11-21,27.81214456754948,27.941676715949495,27.74737937570903,27.91391944885254,706200
2024-11-22,28.04344965367773,28.135972112025044,28.01569415147691,28.061954498291016,337600
2024-11-25,27.81214408188779,27.941676228025894,27.80289165968371,27.867658615112305,1069600
2024-11-26,27.876909633662994,27.96017966985919,27.858406553734262,27.90466690063477,904800
2024-11-27,27.70111987430833,27.75663264547791,27.617849835194363,27.66411018371582,780700
2024-11-29,27.673362120169863,27.70111938762658,27.617849349975582,27.617849349975582,475200
2024-12-02,27.78438949584961,27.867659533712107,27.73812738330425,27.78438949584961,850200
2024-12-03,27.710371755080608,27.784389370099035,27.70111933261341,27.775136947631836,375700
2024-12-04,27.82139525808466,27.84915252345378,27.701117304256496,27.76588249206543,475100
2024-12-05,27.65485727519873,27.70111938762658,27.608596927490016,27.617849349975582,1046900
2024-12-06,27.62710263367039,27.7473806002939,27.617850210896396,27.69186782836914,557500
2024-12-09,27.664109141084545,27.756631599359565,27.64560429648572,27.738126754760746,1351700
2024-12-10,27.79364202711041,27.867659642753452,27.78438960456513,27.802892684936523,480300
2024-12-11,27.839901583443098,27.913919196981325,27.830649161160927,27.895414352416992,1269400
2024-12-12,27.91391840845013,27.98793601989746,27.8491532190236,27.98793601989746,815600
2024-12-13,27.960180784692515,28.006442898156703,27.950928361999676,27.997190475463867,1272800
2024-12-16,27.98793742431532,28.03419777202157,27.932424654123988,27.950927734375,1629900
2024-12-17,27.9694329564185,27.997190224247955,27.932425030698404,27.97868537902832,392100
2024-12-18,28.015695080418823,28.339521048293157,27.97868538996509,28.302513122558594,988500
2024-12-19,28.284008886733535,28.39503619576774,28.265504041107963,28.3580265045166,713700
2024-12-20,28.302512131834145,28.3117645541237,28.163729326929047,28.219242095947266,992000
2024-12-23,28.322710037231445,28.38072804416753,28.284030136367935,28.322710037231445,818700
2024-12-24,28.33237845588233,28.400068283081055,28.31304034961333,28.400068283081055,388600
2024-12-26,28.371058571180704,28.38072854656776,28.31304056321758,28.34204864501953,554600
2024-12-27,28.293699264526367,28.342047294799123,28.28402928959999,28.293699264526367,462200
2024-12-30,28.36138809373577,28.41940610067185,28.322710037231445,28.322710037231445,775000
2024-12-31,28.38072777471627,28.487093812362698,28.3710577995922,28.448415756225582,752400
2025-01-02,28.535444831873956,28.728838809030357,28.51610488085054,28.690160751342773,1397600
2025-01-03,28.65148028016371,28.699830156761823,28.58379229728556,28.603132247924805,7968000
2025-01-06,28.41940689086914,28.45808679280814,28.38072883328938,28.41940689086914,3883300
2025-01-07,28.400068012906125,28.525774002075195,28.390398037684015,28.525774002075195,1505600
2025-01-08,28.670819168767807,28.68048914372923,28.60313118839698,28.63214111328125,2158500
2025-01-10,28.7578473972887,28.835205353423177,28.699829391277632,28.77718734741211,1409900
2025-01-13,28.86421585083008,28.91256388273792,28.835205925069857,28.86421585083008,1352600
2025-01-14,28.777188403581267,28.79652835441448,28.680490493774418,28.680490493774418,1161100
2025-01-15,28.554783157949,28.71916904357493,28.52577323306473,28.63214111328125,1056200
2025-01-16,28.690159118690655,28.728837174177208,28.593461213435557,28.63214111328125,658100
2025-01-17,28.70950014287674,28.748178199810564,28.603132258680105,28.738508224487305,1072300
2025-01-21,28.467755416271757,28.50643347201458,28.351717560324992,28.371057510375977,1743100
2025-01-22,28.400068784258877,28.44841681732339,28.39039880877413,28.41940689086914,1497400
2025-01-23,28.43874655946699,28.516104518217656,28.35171862532759,28.40973663330078,876500
2025-01-24,28.274359589535855,28.293699539576615,28.177661683691184,28.235681533813477,10044500
2025-01-27,28.158323796891587,28.25501985912875,28.158323796891587,28.245349884033203,978000
2025-01-28,28.35171727787846,28.40006715252425,28.3420473029493,28.361387252807617,390100
2025-01-29,28.43874684183864,28.45808679280814,28.371058857804627,28.41940689086914,1136700
2025-01-30,28.33237895586563,28.46775676829289,28.31304084925537,28.41940689086914,897100
2025-01-31,28.49676435837239,28.545114234961343,28.35171841732393,28.535444259643555,810300
2025-02-03,28.748177911314464,28.79652778744555,28.564453915093896,28.661149978637695,2511700
2025-02-04,28.51610429813188,28.53544424876009,28.400068283081055,28.400068283081055,1148400
2025-02-05,28.29370089404732,28.35171890258789,28.245351016630813,28.35171890258789,1628200
2025-02-06,28.40973634541795,28.438746271290192,28.322710256519624,28.332378387451172,1254400
2025-02-07,28.351718130732657,28.516104020755016,28.342048155512614,28.458086013793945,1054500
2025-02-10,28.535444541798505,28.55478449262532,28.49676464014488,28.54511451721191,754200
2025-02-11,28.487093812362698,28.506433762610833,28.39039774984034,28.448415756225582,973400
2025-02-12,28.516104303582857,28.564454180162617,28.36138838724604,28.467756271362305,865600
2025-02-13,28.409735551102905,28.429075501143668,28.20667160875233,28.235681533813477,1642600
2025-02-14,28.119643388280764,28.158323287963867,28.10030343843921,28.158323287963867,658600
2025-02-18,28.20667295054501,28.245351008107303,28.177663024103857,28.21634292602539,1484900
2025-02-19,28.25501985912875,28.3227096847976,28.22601177820127,28.245349884033203,518600
2025-02-20,28.167993255956265,28.17766323150782,28.022947311401367,28.022947311401367,1311300
2025-02-21,28.129314140226953,28.14865409060274,28.08096610864667,28.119644165039062,680500
2025-02-24,28.129314704793806,28.167992761962484,28.080966672243157,28.13898468017578,885500
2025-02-25,28.071295561584673,28.109973617189105,28.013275711639302,28.032615661621097,1099300
2025-02-26,28.10997525078834,28.138985177446923,28.02294731517184,28.090635299682617,610400
2025-02-27,28.255019364820857,28.3227091893055,28.226011284400855,28.293699264526367,1078900
2025-02-28,28.33237895586563,28.42907686635389,28.31304084925537,28.41940689086914,2018300
2025-03-03,28.197002970779472,28.216342921737297,28.1196450113074,28.14865493774414,1346700
2025-03-04,28.051955596109163,28.10030362667779,27.897239685058594,27.897239685058594,971100
2025-03-05,27.636155791543533,27.65549574144327,27.539457886403973,27.55879783630371,1374200
2025-03-06,27.47177124492696,27.56846915477901,27.413753236759423,27.539459228515625,575500
2025-03-07,27.375072767691204,27.491110625980475,27.3654027924705,27.452430725097656,531300
2025-03-10,27.423423207496224,27.510451141912277,27.413753232076747,27.471771240234375,1299800
2025-03-11,27.326724723751543,27.375072755474307,27.28804482288599,27.317054748535156,1346900
2025-03-12,27.413752662472064,27.442760743768535,27.33639470508283,27.384742736816406,408700
2025-03-13,27.49111147332149,27.500781448840247,27.42342348904944,27.481441497802734,468900
2025-03-14,27.433092619015433,27.471770675539062,27.413752668574023,27.452430725097656,1693600
2025-03-17,27.394413554460595,27.40408352997652,27.326725570208396,27.34606552124023,569900
2025-03-18,27.384743013642133,27.41375293959104,27.307385055470903,27.326725006103516,457600
2025-03-19,27.423422920339423,27.49111090320775,27.37507304374833,27.39441299438477,382600
2025-03-20,27.53945922381148,27.55879917465043,27.471771240234375,27.471771240234375,765300
2025-03-21,27.539457886403973,27.58780776115332,27.52011793650423,27.55879783630371,621400
2025-03-24,27.558799184042247,27.665167069333503,27.558799184042247,27.607147216796875,551000
2025-03-25,27.54912842599624,27.59747830173656,27.520118500552048,27.57813835144043,329100
2025-03-26,27.655496039523246,27.70384407043457,27.616816139306863,27.70384407043457,318900
2025-03-27,27.65549737645149,27.674837327494615,27.56846944111666,27.61681747436523,618200
2025-03-28,27.597478019019075,27.61681612475792,27.529788193676065,27.56846809387207,364700
2025-03-31,27.56846894053921,27.655496874293817,27.56846894053921,27.59747886657715,980900
2025-04-01,27.62648582458496,27.655495749442963,27.578137794180765,27.62648582458496,371300
2025-04-02,27.549128419382978,27.578138344820204,27.48144043772195,27.51045036315918,382800
2025-04-03,26.930264374576815,27.09465026095333,26.8722463689025,27.02696228027344,5057800
2025-04-04,27.11399108222245,27.365403063009524,27.09465113158984,27.326725006103516,1486100
2025-04-07,27.31705447967185,27.481440368014155,27.31705447967185,27.442760467529297,2740500
2025-04-08,27.326724723751543,27.452430712846233,27.268706716812396,27.317054748535156,491600
2025-04-09,27.05597018135412,27.404081901807803,27.05597018135412,27.35573387145996,1720700
2025-04-10,26.95927321442933,26.978613164985113,26.71752936555964,26.785219192504883,1867600
2025-04-11,26.40809829132326,26.649842147124648,26.388760184572178,26.543476104736328,1811600
2025-04-14,26.5724836167716,26.59182356746688,26.42743767527544,26.45644760131836,967700
2025-04-15,26.51446590072231,26.62083378635725,26.485455974360267,26.60149383544922,757700
2025-04-16,26.437107362563204,26.466117288290025,26.34040945449965,26.37908935546875,1330500
2025-04-17,26.42743788953495,26.45644781581306,26.369419881337947,26.398427963256836,499900
2025-04-21,26.12767466807504,26.18569267325055,26.09866474330772,26.14701461791992,1208900
2025-04-22,26.19536294608579,26.31139895775646,26.16635302098855,26.29206085205078,2219200
2025-04-23,26.37908992864821,26.562813929165905,26.35008000229104,26.53380584716797,3933500
2025-04-24,26.41776657104492,26.47578457629232,26.38875849060079,26.41776657104492,757100
2025-04-25,26.51446448413831,26.543474408950445,26.446776503935787,26.485454559326172,680600
2025-04-28,26.475785633819555,26.485455609140228,26.311399742086554,26.321069717407227,520300
2025-04-29,26.350080212008336,26.417768196354547,26.340410236478984,26.408098220825195,852100
2025-04-30,26.46611701824763,26.5144650496065,26.427437117673197,26.50479507446289,829300
2025-05-01,26.582153607694885,26.717529573922725,26.57248363234158,26.65951156616211,1921400
2025-05-02,26.533804512901284,26.640170548810424,26.45644655753139,26.620832443237305,1285500
2025-05-05,26.48545513078911,26.611162963328233,26.48545513078911,26.57248306274414,617700
2025-05-06,26.466118074001304,26.49512615623011,26.408098220825195,26.408098220825195,650000
2025-05-07,26.485455974360267,26.611163810903232,26.456447892357453,26.60149383544922,812100
2025-05-08,26.61116249171621,26.852906333005,26.60149251674156,26.823896408081055,869400
2025-05-09,26.73687009402084,26.765880020698553,26.678852085024666,26.74654006958008,1307000
2025-05-12,27.055971151254028,27.18167898563939,27.0269630697491,27.123659133911133,1948500
2025-05-13,27.01729222671014,27.03663033230592,26.891584396362305,26.891584396362305,736900
2025-05-14,26.814226230162497,26.949604034423828,26.794886280359577,26.949604034423828,1026600
2025-05-15,26.862577939377992,26.92059594839025,26.83356801269224,26.881916046142575,850400
2025-05-16,26.8915844041409,26.997952284564583,26.852906348579012,26.959272384643555,807800
2025-05-19,26.73686903423275,26.80455701610517,26.72719905905681,26.775548934936523,894200
2025-05-20,26.79488675108199,26.79488675108199,26.67885073894423,26.69819068908691,430300
2025-05-21,26.572483345063738,26.591823295561262,26.495125387432836,26.5821533203125,859200
2025-05-22,26.630503484461407,26.717529573922725,26.620833509108103,26.65951156616211,656700
2025-05-23,26.533805842682767,26.5628139246758,26.437107932534456,26.46611785888672,1261300
2025-05-27,26.49512623069847,26.611164093017575,26.49512623069847,26.611164093017575,1060500
2025-05-28,26.669180763872895,26.69819068908691,26.620832732875357,26.69819068908691,801300
2025-05-29,26.572482497488064,26.591822447368703,26.51446449220527,26.553142547607425,980400
2025-05-30,26.60149411370807,26.64017217156948,26.53380612918116,26.543476104736328,1030000
2025-06-02,26.427436821218816,26.446776771289084,26.350078865296897,26.35974884033203,1051200
2025-06-03,26.5047959208108,26.54347582262036,26.47578599445363,26.53380584716797,1306600
2025-06-04,26.46611644571703,26.48545455122674,26.379088515666368,26.41776657104492,769700
2025-06-05,26.301731897714912,26.42743788953495,26.301731897714912,26.398427963256836,1105500
2025-06-06,26.562813929165905,26.57248390461829,26.495125945358417,26.53380584716797,758400
2025-06-09,26.543475818133523,26.543475818133523,26.46611785888672,26.46611785888672,604600
2025-06-10,26.446776786051025,26.524134742016123,26.446776786051025,26.49512481689453,732100
2025-06-11,26.446777840387025,26.4661177912391,26.369419881337947,26.398427963256836,833300
2025-06-12,26.19536428045645,26.24371231372218,26.166354353881463,26.205034255981445,1260800
2025-06-13,26.36942015516799,26.388760106220904,26.243712317683332,26.272722244262695,2720900
2025-06-16,26.20503320261541,26.30173110961914,26.15668332693396,26.30173110961914,1534100
2025-06-17,26.292062207099207,26.495126160168024,26.292062207099207,26.475786209106445,2361400
2025-06-18,26.44677763116253,26.543475540298683,26.388759623424516,26.52413558959961,2202600
2025-06-20,26.45644676109156,26.514464766975593,26.427436835969964,26.49512481689453,1191600
2025-06-23,26.611163512911283,26.620833488257013,26.36941966234565,26.38875961303711,2885600
2025-06-24,26.311399736678876,26.32106971199756,26.20503369689176,26.253381729125977,1538800
2025-06-25,26.32106970655992,26.32106970655992,26.17602376552804,26.185693740844727,1828600
2025-06-26,26.069654747393987,26.11800462187424,26.011636742376815,26.07932472229004,1559900
2025-06-27,26.098666083874413,26.156684092030037,26.059988026557072,26.127676010131836,1373700
2025-06-30,26.10833598656795,26.10833598656795,25.98262999518772,25.992298126220703,1023100
2025-07-01,25.943949874758456,26.021307832884297,25.924609924137194,25.982629776000977,1503800
2025-07-02,26.050317192408496,26.079325273350467,25.963289260864254,25.963289260864254,774500
2025-07-03,26.059986899215076,26.10833492986005,26.02130699921178,26.0889949798584,1148900
2025-07-07,26.137345426785885,26.243711465404097,26.12767545157347,26.176023483276367,1337800
2025-07-08,26.253382006579137,26.29206190826265,26.185694022992205,26.19536399841309,1337300
2025-07-09,26.205033973833963,26.234042055737376,26.185694022992205,26.19536399841309,703200
2025-07-10,26.243711471557617,26.31139945370122,26.22437336548744,26.243711471557617,1244700
2025-07-11,26.29206163580442,26.34040966804857,26.263051709842404,26.321069717407227,597500
2025-07-14,26.350079711654185,26.39842774402363,26.321069785616995,26.38875961303711,1313500
2025-07-15,26.398428035193753,26.553143953713512,26.3887599041006,26.53380584716797,1713300
2025-07-16,26.562813074298653,26.60149297486338,26.28239117264108,26.43710708618164,2539400
2025-07-17,26.553142547607425,26.582152472428387,26.533804442085913,26.553142547607425,1520200
2025-07-18,26.427437399170948,26.51446533203125,26.40809744867773,26.51446533203125,910600
2025-07-21,26.39842824135214,26.41776819240795,26.292062199263658,26.340410232543945,2401200
2025-07-22,26.33074024908789,26.35008020013788,26.19536428045645,26.205034255981445,1688600
2025-07-23,26.26305113242954,26.282391082645677,26.156683250599936,26.166353225708008,2129500
2025-07-24,26.2050331330166,26.243711189099862,26.15668325746357,26.234041213989254,895000
2025-07-25,26.35007885788611,26.37908878298336,26.29206085205078,26.29206085205078,871000
2025-07-28,26.495125668725812,26.601493553232284,26.466117587030748,26.59182357788086,1843200
2025-07-29,26.707861442928635,26.72719954927603,26.6401716154555,26.65951156616211,1876000
2025-07-30,26.84323721117072,26.939935119631347,26.75620927799207,26.920595169067383,1900300
2025-07-31,26.978612899780273,26.99795285014594,26.901254942676783,26.978612899780273,1316200
2025-08-01,26.65951156616211,26.74653949998264,26.620833509108103,26.65951156616211,3105600
2025-08-04,26.611163251949336,26.669181259095556,26.59182330144753,26.64984130859375,935500
2025-08-05,26.678851234346457,26.717529290990875,26.611163251949336,26.64984130859375,1073700
2025-08-06,26.562812797819095,26.57248277285963,26.46611673613209,26.49512481689453,1137500
2025-08-07,26.50479613569881,26.58215409558587,26.475786209106445,26.475786209106445,1405500
2025-08-08,26.51446561425007,26.543475540298683,26.485455688201466,26.52413558959961,490900
2025-08-11,26.59182280053068,26.649840806584,26.572482850393182,26.630502700805664,1225200
2025-08-12,26.60149269798122,26.60149269798122,26.437106811010494,26.49512481689453,863100
2025-08-13,26.42743682861328,26.42743682861328,26.369418822745395,26.42743682861328,962300
2025-08-14,26.504795638900536,26.562813646638546,26.495125663551,26.52413558959961,657100
2025-08-15,26.43710708618164,26.456447036464,26.408097160758096,26.43710708618164,660600
2025-08-18,26.485455124175676,26.53380499989372,26.485455124175676,26.50479507446289,646000
2025-08-19,26.514465056227177,26.57248306274414,26.504795081081152,26.57248306274414,582100
2025-08-20,26.543474417026236,26.562812522547745,26.51446449220527,26.553142547607425,658600
2025-08-21,26.591822526187865,26.688520431518555,26.591822526187865,26.688520431518555,1186400
2025-08-22,26.698190596595328,26.70786057163317,26.38875877282107,26.42743682861328,1552700
2025-08-25,26.485455137368938,26.659511001322244,26.45644705628283,26.64017105102539,791300
2025-08-26,26.58215303789017,26.601492988182212,26.543474981665245,26.57248306274414,675500
2025-08-27,26.698191178938448,26.698191178938448,26.562813369814975,26.5821533203125,524000
2025-08-28,26.533804434013067,26.55314253952869,26.45644647887317,26.485454559326172,819400
2025-08-29,26.55314394922505,26.5628139246758,26.46611785888672,26.46611785888672,661500
2025-09-02,26.659511001322244,26.659511001322244,26.553143119048737,26.64017105102539,931700
2025-09-03,26.620833503935135,26.6498415856302,26.553143676475155,26.59182357788086,577200
2025-09-04,26.62083272573692,26.67885073179024,26.62083272573692,26.630502700805664,906000
2025-09-05,26.475784866813463,26.514464766975593,26.408096885888902,26.49512481689453,1127400
2025-09-08,26.4274381718839,26.475786205171406,26.408098220825195,26.408098220825195,513600
2025-09-09,26.427437399170948,26.52413530727786,26.3887593425437,26.51446533203125,385200
2025-09-10,26.5047959208108,26.54347582262036,26.466117863360477,26.53380584716797,465200
2025-09-11,26.504795350857496,26.504795350857496,26.44677734375,26.44677734375,926000
2025-09-12,26.543474408950445,26.543474408950445,26.47578458438879,26.485454559326172,1069900
2025-09-15,26.437107864960986,26.45644781581306,26.398427963256836,26.398427963256836,586800
2025-09-16,26.31139917051495,26.321069145625557,26.21470310812721,26.234041213989254,874700
2025-09-17,26.272721685163074,26.330739692727896,26.118005768750745,26.321069717407227,1662000
2025-09-18,26.427437393261105,26.504795350857496,26.417767418016656,26.44677734375,1542100
2025-09-19,26.51446561425007,26.533805564949148,26.475785712851923,26.52413558959961,715300
2025-09-22,26.4564467537268,26.504794784556843,26.42743682861328,26.42743682861328,805500
2025-09-23,26.4467781229426,26.466118074001304,26.398428245295843,26.408098220825195,886000
2025-09-24,26.58215388454119,26.611163810903232,26.56281393363316,26.60149383544922,802100
2025-09-25,26.67885130880728,26.804557298701464,26.67885130880728,26.785219192504883,1273600
2025-09-26,26.746538436973314,26.746538436973314,26.678850456549572,26.688520431518555,605500
2025-09-29,26.601492775599425,26.649840806584,26.59182280053068,26.630502700805664,748800
2025-09-30,26.62083378635725,26.630503761811266,26.55314395817914,26.60149383544922,1106800
2025-10-01,26.52413559478009,26.620833503935135,26.514465619428663,26.59182357788086,1273400
2025-10-02,26.572482850393182,26.69819068192773,26.572482850393182,26.630502700805664,949500
2025-10-03,26.601493270810025,26.620833221307542,26.562813369814975,26.5821533203125,707700
2025-10-06,26.746539002990584,26.756208978164207,26.67885102113441,26.707860946655273,967700
2025-10-07,26.804557586065133,26.862577438354492,26.77554950427967,26.862577438354492,891000
2025-10-08,26.9109251937854,26.97861317640008,26.891585243221435,26.920595169067383,937200
2025-10-09,26.959272743845737,27.133328607091176,26.959272743845737,27.104320526123047,2422400
2025-10-10,27.084980498831733,27.084980498831733,26.93026458624475,26.96894264221191,1210600
2025-10-13,27.036631477037584,27.07531137858513,27.02696334600991,27.06564140319824,580700
2025-10-14,27.05597113997753,27.07531109054555,26.97861318206462,26.988283157348633,805500
2025-10-15,26.96894291822313,26.96894291822313,26.88191498595738,26.910924911499023,1133500
2025-10-16,26.872247628504883,26.891585735063337,26.794887824834124,26.80455780029297,868100
2025-10-17,26.833566665649418,26.881914696672684,26.823896690572926,26.833566665649418,670700
2025-10-20,26.862576597973664,26.901254653930664,26.843236647815583,26.901254653930664,714500
2025-10-21,26.98828372151304,27.00762367248535,26.94960566392766,27.00762367248535,1433400
2025-10-22,27.036630906518095,27.036630906518095,26.949604818590952,26.978612899780273,1081100
2025-10-23,27.02696305848469,27.02696305848469,26.988283157348633,26.988283157348633,501300
2025-10-24,26.988283157348633,27.036631189409498,26.97861318206462,26.988283157348633,691800
2025-10-27,26.968942359623817,27.00762225954484,26.959272384643555,26.959272384643555,818000
2025-10-28,26.988283717268033,27.0076236682373,26.920595733234833,26.9399356842041,1573900
2025-10-29,26.988282387822647,27.1333283242287,26.930264382132055,27.094650268554688,1968800
2025-10-30,27.19134924872957,27.201017379760746,27.152669347167993,27.201017379760746,1519100
2025-10-31,27.230027592508776,27.27837562561035,27.230027592508776,27.27837562561035,972400
2025-11-03,27.32672415844748,27.346064108480174,27.249366202675848,27.29771423339844,852300
2025-11-04,27.375072761597856,27.413752662472064,27.346064680301385,27.384742736816406,1204600
2025-11-05,27.413752945021205,27.442761026616655,27.384743019066548,27.39441299438477,1340000
2025-11-06,27.30738476718001,27.32672471760844,27.249366760253903,27.249366760253903,1293800
2025-11-07,27.22035627010351,27.24936619514454,27.18167821440796,27.230026245117188,1150600
2025-11-10,27.23969678503969,27.288044816751583,27.230026809825475,27.249366760253903,997900
2025-11-11,27.17200957972565,27.220357612819775,27.16233960423498,27.2106876373291,1383900
2025-11-12,27.278373992669486,27.288043967582787,27.20101603772223,27.220355987548828,1043900
2025-11-13,27.172009575515375,27.18167955100455,27.094651615961222,27.14299964904785,1014100
2025-11-14,27.142998871124533,27.21068685324956,27.133328895912506,27.181678771972656,1099300
2025-11-17,27.23969678503969,27.268706710682338,27.22035683461126,27.249366760253903,1188500
2025-11-18,27.2493675434931,27.29771557659468,27.220357617016617,27.27837562561035,1428100
2025-11-19,27.355734661608984,27.46210070031836,27.336394711167575,27.452430725097656,1917200
2025-11-20,27.413753232076747,27.471771240234375,27.394413281237796,27.471771240234375,1492900
2025-11-21,27.491110625980475,27.510450576421885,27.433092619015433,27.452430725097656,1305200
2025-11-24,27.44276074987695,27.48144065075977,27.433092619015433,27.452430725097656,996000
2025-11-25,27.38474245436686,27.394412429485676,27.30738449777551,27.375072479248047,1281600
2025-11-26,27.394412139202768,27.394412139202768,27.28804425838209,27.29771423339844,1130500
2025-11-28,27.336395478563333,27.336395478563333,27.2493675434931,27.27837562561035,1215800
2025-12-01,27.19134931643408,27.27837540644587,27.18167934101961,27.268707275390625,2996300
2025-12-02,27.288045099406197,27.317055025349333,27.249367042507888,27.259037017822266,1528300
2025-12-03,27.162339035063304,27.17200901035135,27.094651052406203,27.123659133911133,1962500
2025-12-04,27.094650839423565,27.181678771972656,27.094650839423565,27.181678771972656,1479800
2025-12-05,27.152667999267575,27.201016029460256,27.133328049446856,27.152667999267575,1639400
2025-12-08,27.152669128291237,27.230027086431587,27.152669128291237,27.191349029541016,1143400
2025-12-09,27.210686295089836,27.268706145171887,27.201016320076164,27.230026245117188,1191700
2025-12-10,27.23002594587921,27.23002594587921,27.0559700862641,27.084980010986328,2309500
2025-12-11,26.97861318206462,27.017293083200673,26.939935125287768,26.988283157348633,1143000
2025-12-12,27.02696228027344,27.05597036093102,27.007622330262283,27.02696228027344,1141700
2025-12-15,26.98828372151304,27.036631754584576,26.959273795054575,27.00762367248535,568400
2025-12-16,26.930264868225287,27.01729280051161,26.89158496749395,26.978612899780273,881400
2025-12-17,27.065640555745496,27.065640555745496,26.997952574515885,27.036630630493164,655400
2025-12-18,27.00762311355891,27.08498107148798,27.00762311355891,27.055971145629883,764300
2025-12-19,27.094651615961222,27.14299964904785,27.084981640472048,27.14299964904785,553300
2025-12-22,27.020000457763672,27.040000915527344,27.0,27.030000686645508,1148200
2025-12-23,26.969999313354492,26.989999771118164,26.93000030517578,26.940000534057617,1032800
2025-12-24,26.940000534057617,26.959999084472656,26.93000030517578,26.950000762939453,699400
2025-12-26,26.920000076293945,27.0,26.920000076293945,26.969999313354492,743400
2025-12-29,26.959999084472656,27.01499938964844,26.940000534057617,26.982999801635746,697078
