Price,Close,High,Low,Open,Volume
Ticker,ZB=F,ZB=F,ZB=F,ZB=F,ZB=F
Date,,,,,
2000-09-21,98.46875,98.5,98.09375,98.125,45131
2000-09-22,98.125,98.15625,98.0625,98.09375,36588
2000-09-25,98.375,98.40625,98.34375,98.34375,38899
2000-09-26,98.84375,98.84375,98.75,98.78125,66654
2000-09-27,98.375,98.375,98.3125,98.34375,34663
2000-09-28,98.5625,98.59375,98.46875,98.53125,41809
2000-09-29,98.625,98.6875,98.5625,98.6875,35290
2000-10-02,98.1875,98.1875,98.0625,98.125,46915
2000-10-03,97.90625,98.0625,97.84375,97.875,53638
2000-10-04,97.875,97.90625,97.8125,97.84375,43379
2000-10-05,98.375,98.375,98.25,98.25,65873
2000-10-06,99.09375,99.15625,99.03125,99.15625,65873
2000-10-09,98.875,99.15625,99.03125,99.15625,40254
2000-10-10,99.375,99.40625,99.125,99.1875,71280
2000-10-11,99.25,99.34375,99.1875,99.3125,65035
2000-10-12,99.53125,99.75,98.9375,99.09375,53388
2000-10-13,99.4375,99.8125,99.15625,99.53125,32274
2000-10-16,99.375,99.5,99.15625,99.375,56433
2000-10-17,100.03130340576172,100.15630340576172,99.21875,99.34375,68630
2000-10-18,100.0,100.875,99.875,100.09380340576172,40424
2000-10-19,100.3125,100.59380340576172,99.78125,99.9375,29068
2000-10-20,100.65630340576172,100.84380340576172,100.15630340576172,100.25,46736
2000-10-23,101.21880340576172,101.3125,100.5,100.65630340576172,51739
2000-10-24,100.8125,101.25,100.59380340576172,101.21880340576172,52130
2000-10-25,100.34380340576172,101.125,100.15630340576172,100.90630340576172,82379
2000-10-26,100.5,101.34380340576172,100.1875,100.3125,33558
2000-10-27,100.4375,100.84380340576172,100.125,100.5,27608
2000-10-30,100.25,100.5625,100.1875,100.40630340576172,44970
2000-10-31,99.78125,100.65630340576172,99.75,100.34380340576172,51447
2000-11-01,100.03130340576172,100.15630340576172,99.53125,99.84375,27870
2000-11-02,99.9375,100.1875,99.84375,100.0,59178
2000-11-03,99.09375,100.1875,99.0,99.875,39354
2000-11-06,98.75,99.15625,98.5,99.03125,36908
2000-11-07,98.78125,99.0,98.46875,98.875,86321
2000-11-08,99.125,99.71875,98.1875,99.0,68472
2000-11-09,99.28125,99.8125,99.09375,99.125,33499
2000-11-10,99.3125,99.5625,99.03125,99.28125,40059
2000-11-13,99.65625,99.84375,99.34375,99.4375,43624
2000-11-14,99.96875,100.0625,99.21875,99.625,48526
2000-11-15,100.4375,100.5625,99.84375,99.9375,43453
2000-11-16,100.8125,100.84380340576172,100.40630340576172,100.4375,36097
2000-11-17,100.375,100.875,100.25,100.78130340576172,28146
2000-11-20,100.5625,100.78130340576172,100.34380340576172,100.34380340576172,21798
2000-11-21,100.875,100.9375,100.34380340576172,100.5625,40623
2000-11-22,101.8125,101.875,100.75,100.875,16222
2000-11-24,101.53130340576172,101.625,101.28130340576172,101.53130340576172,30122
2000-11-27,101.28130340576172,101.3125,101.0625,101.25,69214
2000-11-28,101.5,101.71880340576172,100.9375,101.25,12530
2000-11-29,101.9375,101.9375,101.1875,101.53130340576172,5281
2000-11-30,102.3125,102.8125,101.78130340576172,101.78130340576172,3042
2000-12-01,102.09380340576172,102.4375,101.90630340576172,102.25,1285
2000-12-04,101.65630340576172,102.4375,101.59380340576172,102.125,1039
2000-12-05,102.71880340576172,102.75,101.5625,101.71880340576172,55
2000-12-06,103.71880340576172,103.71880340576172,102.59380340576172,102.6875,3762
2000-12-07,103.6875,103.875,102.96880340576172,103.53130340576172,980
2000-12-08,103.65630340576172,103.84380340576172,102.9375,103.59380340576172,261
2000-12-11,103.375,103.40630340576172,103.03130340576172,103.09380340576172,785
2000-12-12,103.4375,103.4375,102.875,103.125,21
2000-12-13,104.21880340576172,104.21880340576172,103.0625,103.15630340576172,790
2000-12-14,104.53130340576172,104.875,104.0625,104.0625,1
2000-12-15,104.53130340576172,104.6875,104.53130340576172,104.53130340576172,1116
2000-12-18,104.5,105.125,104.5,104.8125,577
2000-12-19,104.21880340576172,104.46880340576172,104.03130340576172,104.46880340576172,45370
2000-12-20,105.40630340576172,105.4375,104.375,104.46880340576172,51773
2000-12-21,105.28130340576172,105.53130340576172,104.625,105.375,12952
2000-12-22,105.40630340576172,105.65630340576172,104.9375,105.28130340576172,18255
2000-12-26,105.375,105.6875,104.5,105.59380340576172,13536
2000-12-27,104.71880340576172,105.3125,104.5625,105.1875,20979
2000-12-28,104.71880340576172,105.125,104.46880340576172,104.71880340576172,9600
2000-12-29,104.6875,105.3125,104.53130340576172,104.71880340576172,35571
2001-01-02,106.34380340576172,106.375,104.5625,104.5625,57692
2001-01-03,104.15630340576172,106.9375,104.09380340576172,106.25,52510
2001-01-04,104.96880340576172,105.125,104.125,104.25,49811
2001-01-05,105.8125,105.84380340576172,104.5625,105.03130340576172,52930
2001-01-08,105.34380340576172,105.75,105.21880340576172,105.6875,68840
2001-01-09,105.28130340576172,105.46880340576172,104.75,105.375,61126
2001-01-10,104.34380340576172,105.375,104.28130340576172,105.28130340576172,65141
2001-01-11,103.84380340576172,104.6875,103.5625,104.40630340576172,46970
2001-01-12,102.96880340576172,103.84380340576172,102.78130340576172,103.84380340576172,50978
2001-01-16,103.21880340576172,103.40619659423828,102.8125,102.9375,84708
2001-01-17,104.03130340576172,104.375,102.65630340576172,103.1875,75430
2001-01-18,104.53130340576172,104.875,103.78130340576172,104.09380340576172,47191
2001-01-19,103.6875,104.625,103.59380340576172,104.5625,52849
2001-01-22,103.25,103.75,103.03130340576172,103.75,67112
2001-01-23,102.59380340576172,103.71880340576172,102.5625,103.25,64278
2001-01-24,102.5,103.0,102.1875,102.5,70482
2001-01-25,103.1875,103.25,101.96880340576172,102.5,47728
2001-01-26,102.75,103.4375,102.5,103.34380340576172,34649
2001-01-29,102.375,103.03130340576172,102.25,102.78130340576172,57888
2001-01-30,103.40630340576172,103.65630340576172,102.28130340576172,102.40630340576172,74978
2001-01-31,104.375,104.40630340576172,103.40630340576172,103.5,77021
2001-02-01,104.875,105.46880340576172,104.25,104.3125,60197
2001-02-02,104.3125,105.28130340576172,104.3125,104.96880340576172,44625
2001-02-05,104.59380340576172,105.0,104.28130340576172,104.3125,60495
2001-02-06,104.5,104.90630340576172,104.21880340576172,104.625,66269
2001-02-07,104.15630340576172,104.875,104.15630340576172,104.46880340576172,76297
2001-02-08,104.375,104.5625,103.75,104.1875,66562
2001-02-09,104.90630340576172,105.09380340576172,104.25,104.40630340576172,48874
2001-02-12,104.4375,105.0,104.34380340576172,104.96880340576172,86058
2001-02-13,104.375,105.0625,103.96880340576172,104.625,64013
2001-02-14,103.8125,104.4375,103.78130340576172,104.3125,77734
2001-02-15,103.34380340576172,103.90630340576172,102.96880340576172,103.8125,62270
2001-02-16,103.8125,103.90630340576172,102.625,103.375,52631
2001-02-20,103.78130340576172,103.9375,103.28130340576172,103.875,89382
2001-02-21,103.4375,103.90630340576172,103.0625,103.75,95229
2001-02-22,103.09380340576172,103.8125,102.9375,103.4375,72186
2001-02-23,103.84380340576172,104.09380340576172,101.4375,103.09380340576172,62442
2001-02-26,104.4375,104.4375,103.4375,103.75,102860
2001-02-27,105.46880340576172,105.625,104.3125,104.40630340576172,16056
2001-02-28,105.84380340576172,105.90630340576172,105.09380340576172,105.53130340576172,2601
2001-03-01,105.96880340576172,106.46880340576172,105.78130340576172,105.78130340576172,1465
2001-03-02,105.15630340576172,106.5,105.03130340576172,106.21880340576172,1032
2001-03-05,105.0625,106.5,104.84380340576172,106.21880340576172,659
2001-03-06,105.03130340576172,105.53130340576172,104.75,104.875,456
2001-03-07,105.78130340576172,105.96880340576172,104.9375,105.09380340576172,807
2001-03-08,105.875,106.15630340576172,105.75,105.78130340576172,318
2001-03-09,105.6875,106.21880340576172,105.21880340576172,105.90630340576172,209
2001-03-12,105.84380340576172,106.25,105.65630340576172,105.8125,128
2001-03-13,105.625,106.03130340576172,105.625,106.0,76
2001-03-14,106.53130340576172,106.625,105.75,105.875,223
2001-03-15,106.75,106.84380340576172,106.09380340576172,106.46880340576172,48
2001-03-16,106.8125,107.0625,106.4375,106.53130340576172,37
2001-03-19,106.40630340576172,106.71880340576172,106.3125,106.71880340576172,182
2001-03-20,106.90630340576172,106.9375,106.1875,106.5,558
2001-03-21,106.5625,107.0625,106.5625,106.90630340576172,107456
2001-03-22,106.53130340576172,107.25,106.1875,106.34380340576172,65378
2001-03-23,105.96880340576172,106.59380340576172,105.96880340576172,106.53130340576172,58600
2001-03-26,105.28130340576172,106.0625,105.21880340576172,106.0,84599
2001-03-27,104.0625,105.71880340576172,103.96880340576172,105.3125,66307
2001-03-28,104.0625,104.46880340576172,103.8125,104.1875,75729
2001-03-29,103.59380340576172,104.375,103.53130340576172,104.125,76323
2001-03-30,104.375,104.65630340576172,103.53130340576172,103.65630340576172,75222
2001-04-02,103.875,104.46880340576172,103.65630340576172,104.34380340576172,76101
2001-04-03,104.03119659423828,104.21880340576172,103.5,103.875,93533
2001-04-04,104.15630340576172,104.25,103.53130340576172,104.15630340576172,80977
2001-04-05,103.59380340576172,104.1875,103.5,104.03130340576172,100066
2001-04-06,104.625,104.875,103.5,103.5625,55785
2001-04-09,104.0625,104.71880340576172,104.03130340576172,104.625,123240
2001-04-10,102.375,104.09380340576172,102.15630340576172,104.0625,94939
2001-04-11,102.3125,102.75,101.96880340576172,102.4375,74393
2001-04-12,102.1875,102.90630340576172,102.125,102.34380340576172,71788
2001-04-16,101.375,102.5,101.09380340576172,102.25,83053
2001-04-17,101.6875,101.9375,101.3125,101.46880340576172,123094
2001-04-18,101.875,102.09380340576172,100.75,101.53130340576172,124182
2001-04-19,100.1875,101.90630340576172,100.03130340576172,101.8125,82934
2001-04-20,100.34380340576172,101.0625,99.96875,100.1875,74558
2001-04-23,101.28130340576172,101.4375,100.34380340576172,100.5,93110
2001-04-24,100.84380340576172,101.34380340576172,100.65630340576172,101.3125,99657
2001-04-25,100.6875,101.53130340576172,100.46880340576172,100.96880340576172,96958
2001-04-26,101.5625,101.71880340576172,100.46880340576172,100.6875,84275
2001-04-27,100.28130340576172,101.90630340576172,100.125,101.5625,64070
2001-04-30,100.375,100.59380340576172,99.96875,100.25,69441
2001-05-01,101.0625,101.34380340576172,100.28130340576172,100.40630340576172,101740
2001-05-02,101.5625,101.75,100.75,101.0,89548
2001-05-03,102.3125,102.5,101.53130340576172,101.5625,111857
2001-05-04,102.03130340576172,103.28130340576172,101.90630340576172,102.3125,44796
2001-05-07,102.09380340576172,102.3125,101.84380340576172,102.125,78187
2001-05-08,101.4375,102.4375,101.375,102.125,105500
2001-05-09,102.1875,102.3125,101.34380340576172,101.59380340576172,97786
2001-05-10,100.90630340576172,102.28130340576172,100.875,102.21880340576172,105587
2001-05-11,99.625,101.09380340576172,99.09375,100.90630340576172,70326
2001-05-14,99.625,99.75,99.34375,99.625,91643
2001-05-15,98.90625,99.8125,98.75,99.625,120193
2001-05-16,99.53125,100.0,98.9375,98.9375,129411
2001-05-17,100.375,100.375,99.1875,99.46875,88690
2001-05-18,100.375,100.78130340576172,100.09380340576172,100.40630340576172,74725
2001-05-21,100.5625,100.71880340576172,99.75,100.3125,68330
2001-05-22,100.21880340576172,100.65630340576172,100.21880340576172,100.5625,100521
2001-05-23,100.1875,100.71880340576172,99.8125,100.21880340576172,110618
2001-05-24,99.3125,100.59380340576172,99.0625,100.1875,77585
2001-05-25,99.28125,99.71875,99.09375,99.46875,75761
2001-05-29,99.125,99.71875,99.0,99.375,12587
2001-05-30,99.375,99.53125,99.0625,99.1875,5307
2001-05-31,100.34380340576172,100.4375,99.375,99.46875,1413
2001-06-01,101.03130340576172,101.25,99.9375,100.21880340576172,413
2001-06-04,101.28130340576172,101.4375,101.0,101.125,448
2001-06-05,101.59380340576172,101.78130340576172,100.9375,101.09380340576172,5652
2001-06-06,101.75,101.78130340576172,101.25,101.46880340576172,92
2001-06-07,101.03130340576172,101.9375,100.96880340576172,101.75,939
2001-06-08,100.875,101.15630340576172,100.8125,101.0,87
2001-06-11,101.5,101.53130340576172,100.8125,100.84380340576172,52
2001-06-12,101.9375,102.09380340576172,101.375,101.4375,229
2001-06-13,101.84380340576172,102.1875,101.5,102.15630340576172,1107
2001-06-14,102.3125,102.375,101.9375,101.96880340576172,21
2001-06-15,102.25,102.25,101.71880340576172,102.15630340576172,1001
2001-06-18,101.78130340576172,101.90630340576172,101.5625,101.84380340576172,81
2001-06-19,101.34380340576172,101.96880340576172,101.3125,101.34380340576172,83
2001-06-20,102.1875,102.25,101.90630340576172,102.0,109124
2001-06-21,102.03130340576172,102.3125,101.46880340576172,101.46880340576172,64547
2001-06-22,102.65630340576172,102.78130340576172,101.90630340576172,102.0,57497
2001-06-25,102.46880340576172,102.75,102.3125,102.65630340576172,110703
2001-06-26,101.625,102.625,101.46880340576172,102.5,77850
2001-06-27,101.8125,102.3125,101.46880340576172,101.65630340576172,153021
2001-06-28,101.09380340576172,102.46880340576172,100.9375,101.8125,108370
2001-06-29,100.09380340576172,101.25,100.0625,101.15630340576172,70318
2001-07-02,101.03130340576172,101.0625,100.03130340576172,100.21880340576172,44869
2001-07-03,100.53130340576172,101.0,100.375,101.0,65174
2001-07-05,100.25,100.8125,99.78125,100.53130340576172,82168
2001-07-06,100.5625,100.5625,99.8125,100.25,54763
2001-07-09,101.03130340576172,101.0625,100.25,100.59380340576172,76817
2001-07-10,101.4375,101.5,100.5625,101.0,100702
2001-07-11,101.125,101.71880340576172,100.96880340576172,101.4375,90595
2001-07-12,101.625,101.9375,100.84380340576172,100.96880340576172,74535
2001-07-13,101.9375,101.9375,101.3125,101.5,53415
2001-07-16,102.46880340576172,102.5,101.84380340576172,101.875,78711
2001-07-17,102.1875,102.5,101.96880340576172,102.46880340576172,115672
2001-07-18,103.4375,103.59380340576172,102.125,102.21880340576172,82569
2001-07-19,103.21880340576172,103.40630340576172,103.0,103.34380340576172,64230
2001-07-20,103.03130340576172,103.625,102.875,103.3125,51129
2001-07-23,103.375,103.46880340576172,102.84380340576172,103.0625,83226
2001-07-24,103.5,103.71880340576172,103.25,103.40630340576172,95760
2001-07-25,102.78130340576172,103.5625,102.75,103.46880340576172,84067
2001-07-26,103.03130340576172,103.15630340576172,102.75,102.78130340576172,92032
2001-07-27,103.5,103.9375,102.9375,103.0625,46912
2001-07-30,103.8125,103.84380340576172,103.1875,103.5,93066
2001-07-31,103.84380340576172,104.15630340576172,103.5,103.78130340576172,78267
2001-08-01,103.75,104.125,103.4375,103.84380340576172,66441
2001-08-02,103.09380340576172,103.75,103.03130340576172,103.71880340576172,95006
2001-08-03,103.0625,103.21880340576172,102.5625,103.09380340576172,37359
2001-08-06,102.96880340576172,103.125,102.59380340576172,103.125,79793
2001-08-07,102.875,103.375,102.78130340576172,102.96880340576172,90169
2001-08-08,104.09380340576172,104.125,102.875,102.90630340576172,113275
2001-08-09,103.625,104.40630340576172,103.5625,104.03130340576172,73508
2001-08-10,104.125,104.28130340576172,103.625,103.65630340576172,74196
2001-08-13,104.03130340576172,104.53130340576172,103.9375,104.0,75428
2001-08-14,104.0625,104.125,103.59380340576172,104.0625,98407
2001-08-15,103.90630340576172,104.34380340576172,103.53130340576172,104.0625,110253
2001-08-16,104.40630340576172,104.5625,103.90630340576172,103.90630340576172,88808
2001-08-17,105.28130340576172,105.34380340576172,104.3125,104.40630340576172,54289
2001-08-20,104.8125,105.3125,104.625,105.28130340576172,62280
2001-08-21,105.15630340576172,105.21880340576172,104.5625,104.8125,87809
2001-08-22,105.125,105.1875,104.40630340576172,105.1875,82251
2001-08-23,105.40630340576172,105.5625,104.90630340576172,105.0625,79106
2001-08-24,104.9375,105.40630340576172,104.59380340576172,105.375,38754
2001-08-27,104.90630340576172,105.09380340576172,104.75,104.90630340576172,100803
2001-08-28,105.625,105.78130340576172,104.78130340576172,104.84380340576172,109892
2001-08-29,106.21880340576172,106.28130340576172,105.4375,105.625,17240
2001-08-30,105.875,106.53130340576172,105.8125,106.28130340576172,4072
2001-08-31,106.0625,106.09380340576172,105.625,105.84380340576172,5329
2001-09-04,104.5625,106.125,104.3125,106.0625,1805
2001-09-05,104.625,104.8125,104.5,104.625,1254
2001-09-06,105.4375,105.625,104.53130340576172,104.5625,1708
2001-09-07,106.21880340576172,106.4375,105.40630340576172,105.40630340576172,992
2001-09-10,105.375,106.625,105.28130340576172,106.5,203
2001-09-11,105.4375,106.65630340576172,105.21880340576172,105.4375,203
2001-09-12,106.625,105.4375,105.4375,105.4375,764
2001-09-13,106.5,106.5,105.53130340576172,106.34380340576172,2326
2001-09-14,106.875,107.0,106.21880340576172,106.46880340576172,273
2001-09-17,106.375,107.03130340576172,106.25,107.03130340576172,1045
2001-09-18,105.0625,106.125,104.34380340576172,106.125,526
2001-09-19,104.625,104.71880340576172,103.96880340576172,104.625,128599
2001-09-20,102.78130340576172,103.90630340576172,102.5625,103.59380340576172,91551
2001-09-21,103.3125,103.375,102.65630340576172,102.75,69630
2001-09-24,103.375,103.5625,102.8125,103.21880340576172,103371
2001-09-25,103.5625,104.0,103.1875,103.3125,122803
2001-09-26,104.5625,104.625,103.53130340576172,103.59380340576172,107932
2001-09-27,105.34380340576172,105.4375,104.5,104.53130340576172,115217
2001-09-28,105.46880340576172,106.125,105.1875,105.21880340576172,68799
2001-10-01,106.09380340576172,106.21880340576172,105.0625,105.375,106035
2001-10-02,106.65630340576172,106.90630340576172,105.90630340576172,106.0625,131741
2001-10-03,106.90630340576172,107.34380340576172,106.59380340576172,106.65630340576172,121002
2001-10-04,106.9375,107.28130340576172,106.53130340576172,106.90630340576172,69743
2001-10-05,106.78130340576172,107.28130340576172,106.65630340576172,106.875,66020
2001-10-09,105.90630340576172,107.03130340576172,105.84380340576172,106.84380340576172,103321
2001-10-10,106.125,106.375,105.59380340576172,105.9375,107642
2001-10-11,105.5,106.46880340576172,105.21880340576172,106.1875,76634
2001-10-12,105.3125,105.9375,105.1875,105.46880340576172,51803
2001-10-15,106.09380340576172,106.09380340576172,105.34380340576172,105.46880340576172,68082
2001-10-16,106.4375,106.5,105.9375,106.09380340576172,99020
2001-10-17,106.84380340576172,107.0,106.0625,106.3125,90017
2001-10-18,106.75,107.125,106.71880340576172,106.75,96705
2001-10-19,106.3125,107.21880340576172,106.1875,106.78130340576172,65311
2001-10-22,106.0625,106.6875,106.03130340576172,106.25,89984
2001-10-23,106.0625,106.21880340576172,105.78130340576172,106.125,118507
2001-10-24,106.875,107.28130340576172,106.0625,106.125,126046
2001-10-25,107.40630340576172,107.8125,106.84380340576172,106.90630340576172,94712
2001-10-26,107.71880340576172,107.8125,107.0,107.40630340576172,68729
2001-10-29,107.875,108.1875,107.6875,107.6875,94113
2001-10-30,108.5625,108.59380340576172,107.875,107.875,224447
2001-10-31,110.6875,111.28130340576172,108.21880340576172,108.5625,223594
2001-11-01,110.8125,112.59380340576172,110.4375,110.71880340576172,164930
2001-11-02,109.28130340576172,111.09380340576172,109.03130340576172,110.84380340576172,74995
2001-11-05,110.15630340576172,110.3125,109.3125,109.3125,120702
2001-11-06,110.625,110.9375,109.90630340576172,110.15630340576172,134014
2001-11-07,111.625,111.6875,110.5625,110.65630340576172,144039
2001-11-08,110.59380340576172,112.0,110.375,111.5625,76393
2001-11-09,110.40630340576172,111.21880340576172,110.34380340576172,110.4375,84939
2001-11-13,109.8125,110.8125,109.625,110.46880340576172,144869
2001-11-14,108.46880340576172,109.96880340576172,108.4375,109.875,180427
2001-11-15,105.9375,108.53130340576172,105.84380340576172,108.5,165360
2001-11-16,105.28130340576172,106.75,104.65630340576172,106.0,110499
2001-11-19,105.84380340576172,106.3125,104.6875,105.28130340576172,134642
2001-11-20,104.9375,106.46880340576172,104.875,105.9375,109816
2001-11-21,104.0625,105.3125,103.3125,105.0,42030
2001-11-23,103.46880340576172,104.625,103.34380340576172,103.875,100527
2001-11-26,103.3125,104.40630340576172,103.1875,103.375,139401
2001-11-27,104.0,104.03130340576172,102.75,103.375,132248
2001-11-28,103.6875,104.34380340576172,103.40630340576172,104.03130340576172,25111
2001-11-29,105.0,105.03130340576172,103.5625,103.71880340576172,8365
2001-11-30,104.625,105.4375,104.15630340576172,104.75,8567
2001-12-03,105.34380340576172,105.375,104.5,104.65630340576172,1775
2001-12-04,106.09380340576172,106.25,105.03130340576172,105.25,3826
2001-12-05,103.875,106.0,102.71880340576172,105.96880340576172,2233
2001-12-06,102.65630340576172,103.71880340576172,102.59380340576172,103.625,4701
2001-12-07,101.125,103.21880340576172,100.5,102.71880340576172,180
2001-12-10,101.03130340576172,101.75,100.65630340576172,100.65630340576172,619
2001-12-11,101.53130340576172,102.25,101.3125,101.40630340576172,2236
2001-12-12,102.4375,102.53130340576172,101.65630340576172,101.71880340576172,934
2001-12-13,101.875,103.1875,101.21880340576172,103.1875,65
2001-12-14,100.84380340576172,102.21880340576172,100.84380340576172,101.9375,52
2001-12-17,99.5625,101.15630340576172,99.28125,100.40630340576172,70
2001-12-18,101.65630340576172,101.71880340576172,100.96880340576172,101.21880340576172,3
2001-12-19,102.40630340576172,102.5625,101.8125,101.875,73881
2001-12-20,101.6875,101.78130340576172,100.84380340576172,101.46880340576172,42548
2001-12-21,101.125,101.78130340576172,101.0,101.6875,8565
2001-12-24,100.6875,101.3125,100.5,101.125,19335
2001-12-26,100.15630340576172,100.8125,100.15630340576172,100.625,33426
2001-12-27,101.28130340576172,101.3125,100.03130340576172,100.15630340576172,43158
2001-12-28,100.59380340576172,101.25,99.875,101.15630340576172,20212
2001-12-31,101.46880340576172,101.59380340576172,100.53130340576172,100.53130340576172,93819
2002-01-02,100.3125,101.90630340576172,99.9375,101.53130340576172,64136
2002-01-03,100.6875,100.75,100.15630340576172,100.3125,103221
2002-01-04,100.40630340576172,101.0625,99.3125,100.6875,90795
2002-01-07,101.5,101.5,100.25,100.40630340576172,103560
2002-01-08,101.21880340576172,101.75,101.09380340576172,101.4375,97678
2002-01-09,101.65630340576172,101.75,100.8125,101.28130340576172,127892
2002-01-10,102.75,103.125,101.34380340576172,101.5625,116641
2002-01-11,103.4375,103.84380340576172,102.5625,102.6875,104121
2002-01-14,103.28130340576172,104.0,103.25,103.40630340576172,124854
2002-01-15,103.90630340576172,104.28130340576172,103.09380340576172,103.25,129739
2002-01-16,103.78130340576172,104.34380340576172,103.34380340576172,103.90630340576172,95302
2002-01-17,103.0625,103.8125,102.75,103.75,65616
2002-01-18,103.71880340576172,103.75,102.5625,103.0625,79889
2002-01-22,103.28130340576172,103.625,103.03130340576172,103.5,108506
2002-01-23,102.1875,103.40630340576172,101.96880340576172,103.25,118858
2002-01-24,102.625,102.71880340576172,101.9375,102.125,127912
2002-01-25,102.25,102.65630340576172,101.375,102.59380340576172,81482
2002-01-28,102.3125,102.59380340576172,101.65630340576172,102.21880340576172,141901
2002-01-29,103.5,103.5,101.75,102.3125,139119
2002-01-30,102.90630340576172,103.6875,102.84380340576172,103.40630340576172,119625
2002-01-31,102.75,103.59380340576172,102.6875,102.875,110141
2002-02-01,103.4375,103.59380340576172,102.40630340576172,102.78130340576172,70284
2002-02-04,104.1875,104.25,103.34380340576172,103.34380340576172,132623
2002-02-05,104.15630340576172,104.5,103.40630340576172,104.15630340576172,102349
2002-02-06,103.78130340576172,104.3125,103.5625,104.1875,123677
2002-02-07,103.4375,104.0,102.9375,103.78130340576172,123563
2002-02-08,103.96880340576172,104.4375,102.96880340576172,103.375,63338
2002-02-11,103.53130340576172,103.875,103.34380340576172,103.875,93122
2002-02-12,102.84380340576172,103.84380340576172,102.75,103.5,110154
2002-02-13,102.8125,103.0625,102.0,102.90630340576172,118910
2002-02-14,103.46880340576172,103.625,102.5625,102.8125,88428
2002-02-15,104.25,104.4375,103.4375,103.46880340576172,87818
2002-02-19,104.03130340576172,104.5,103.65630340576172,104.15630340576172,93327
2002-02-20,103.96880340576172,104.5,103.6875,104.0,82724
2002-02-21,104.40630340576172,104.4375,103.625,103.9375,97418
2002-02-22,104.71880340576172,105.125,104.34380340576172,104.40630340576172,77375
2002-02-25,104.53130340576172,104.9375,104.25,104.65630340576172,126834
2002-02-26,103.625,104.625,103.53130340576172,104.46880340576172,132441
2002-02-27,104.53130340576172,104.625,103.46880340576172,103.625,16379
2002-02-28,104.0625,104.625,103.75,104.5625,6992
2002-03-01,102.90630340576172,104.21880340576172,102.8125,104.0625,3181
2002-03-04,102.90630340576172,103.0,102.3125,102.9375,1166
2002-03-05,103.0,103.09380340576172,102.28130340576172,102.9375,1096
2002-03-06,102.40630340576172,103.28130340576172,102.40630340576172,103.15630340576172,2831
2002-03-07,100.8125,102.46880340576172,100.75,102.34380340576172,786
2002-03-08,100.125,101.09380340576172,99.9375,101.09380340576172,79
2002-03-11,100.25,100.59380340576172,99.96875,100.34380340576172,29
2002-03-12,100.09380340576172,100.6875,99.90625,100.34380340576172,414
2002-03-13,100.21880340576172,100.46880340576172,99.6875,100.125,40
2002-03-14,98.875,100.03130340576172,98.875,99.96875,219
2002-03-15,99.90625,99.9375,98.5,99.0,209
2002-03-18,100.25,100.34380340576172,99.6875,99.8125,7
2002-03-19,100.34380340576172,100.4375,100.1875,100.34380340576172,152246
2002-03-20,98.03125,99.4375,97.75,99.125,121815
2002-03-21,98.46875,98.59375,97.5,98.0,105245
2002-03-22,98.03125,98.59375,97.8125,98.53125,85237
2002-03-25,98.125,98.28125,97.53125,98.15625,130818
2002-03-26,99.03125,99.25,97.90625,98.125,76506
2002-03-27,98.9375,99.34375,98.78125,99.0,86202
2002-03-28,98.1875,99.21875,97.6875,98.90625,93191
2002-04-01,98.21875,98.75,97.96875,98.15625,96417
2002-04-02,99.25,99.34375,97.8125,98.15625,118832
2002-04-03,99.84375,99.875,98.875,99.21875,109637
2002-04-04,99.9375,100.34380340576172,99.625,99.75,123510
2002-04-05,100.5625,100.78130340576172,99.6875,99.875,85809
2002-04-08,100.0625,100.875,100.03130340576172,100.71880340576172,80593
2002-04-09,100.59380340576172,100.625,99.90625,100.0,103517
2002-04-10,100.15630340576172,100.75,100.0,100.5,108331
2002-04-11,100.625,100.9375,99.875,100.125,105133
2002-04-12,100.96880340576172,101.15630340576172,100.21880340576172,100.5625,70987
2002-04-15,101.3125,101.4375,100.78130340576172,100.96880340576172,109858
2002-04-16,100.90630340576172,101.28130340576172,100.21880340576172,101.28130340576172,125871
2002-04-17,100.0625,100.78130340576172,99.875,100.75,147853
2002-04-18,100.28130340576172,101.1875,99.59375,99.96875,91509
2002-04-19,100.5625,100.71880340576172,99.96875,100.34380340576172,58076
2002-04-22,100.75,100.78130340576172,100.3125,100.53130340576172,101098
2002-04-23,100.9375,101.1875,100.5,100.6875,120250
2002-04-24,101.75,101.8125,100.8125,100.9375,162379
2002-04-25,101.8125,102.34380340576172,101.59380340576172,101.65630340576172,110428
2002-04-26,102.21880340576172,102.3125,101.53130340576172,101.65630340576172,85509
2002-04-29,101.96880340576172,102.3125,101.78130340576172,102.1875,113856
2002-04-30,102.3125,102.4375,101.75,101.84380340576172,124088
2002-05-01,102.6875,103.125,102.3125,102.3125,102124
2002-05-02,102.15630340576172,102.8125,102.0625,102.71880340576172,122857
2002-05-03,102.71880340576172,103.0,102.03130340576172,102.25,36300
2002-05-06,102.625,102.8125,102.5,102.78130340576172,88253
2002-05-07,102.59380340576172,102.90630340576172,102.34380340576172,102.75,140293
2002-05-08,101.125,102.625,101.0,102.625,119407
2002-05-09,101.53130340576172,101.6875,100.78130340576172,101.0625,110381
2002-05-10,102.0625,102.1875,101.15630340576172,101.6875,102114
2002-05-13,101.03130340576172,102.0625,100.84380340576172,102.0625,139528
2002-05-14,100.125,101.125,99.84375,100.96880340576172,138674
2002-05-15,100.375,100.59380340576172,99.9375,100.25,118760
2002-05-16,100.875,101.0,100.3125,100.46880340576172,116238
2002-05-17,100.1875,100.875,99.9375,100.875,76050
2002-05-20,100.8125,100.875,100.125,100.1875,115278
2002-05-21,101.25,101.34380340576172,100.5,100.75,114623
2002-05-22,101.8125,101.90630340576172,101.125,101.28130340576172,159266
2002-05-23,101.3125,102.5625,101.1875,101.59380340576172,87559
2002-05-24,101.53130340576172,101.84380340576172,101.1875,101.28130340576172,122349
2002-05-28,101.5,101.78130340576172,101.0,101.34380340576172,117394
2002-05-29,102.03130340576172,102.15630340576172,101.375,101.5,137095
2002-05-30,102.4375,102.65630340576172,101.90630340576172,102.09380340576172,15726
2002-05-31,102.28130340576172,102.875,101.78130340576172,102.5625,5400
2002-06-03,102.34380340576172,102.6875,101.59380340576172,102.15630340576172,5850
2002-06-04,102.5,103.09380340576172,102.3125,102.53130340576172,1906
2002-06-05,102.0,102.4375,101.875,102.375,2005
2002-06-06,102.53130340576172,102.75,101.65630340576172,102.03130340576172,7445
2002-06-07,101.9375,102.84380340576172,101.78130340576172,102.4375,2407
2002-06-10,102.375,102.5,101.78130340576172,101.9375,1110
2002-06-11,103.0,103.09380340576172,102.0,102.375,289
2002-06-12,103.375,103.5,102.8125,103.0625,1080
2002-06-13,103.75,104.0625,103.125,103.15630340576172,544
2002-06-14,105.0625,105.15630340576172,103.875,103.875,520
2002-06-17,104.3125,105.15630340576172,104.3125,105.0625,869
2002-06-18,104.40630340576172,104.875,104.21880340576172,104.46880340576172,278
2002-06-19,105.1875,105.21880340576172,104.8125,104.84380340576172,145974
2002-06-20,103.3125,104.5,103.28130340576172,104.375,88707
2002-06-21,104.125,104.21880340576172,103.375,103.71880340576172,158989
2002-06-24,103.25,104.65630340576172,103.09380340576172,104.0625,157921
2002-06-25,103.1875,103.5,102.59380340576172,103.25,225006
2002-06-26,104.21880340576172,105.5,103.8125,104.125,204528
2002-06-27,102.90630340576172,104.1875,102.59380340576172,103.9375,125750
2002-06-28,102.78130340576172,103.3125,102.4375,102.71880340576172,102885
2002-07-01,102.9375,103.375,102.28130340576172,102.9375,134551
2002-07-02,103.71880340576172,103.96880340576172,103.0625,103.34380340576172,100577
2002-07-03,103.71880340576172,103.9375,103.46880340576172,103.84380340576172,70382
2002-07-05,102.65630340576172,103.59380340576172,102.59380340576172,103.5625,90964
2002-07-08,103.0,103.34380340576172,102.625,102.65630340576172,155572
2002-07-09,103.8125,104.09380340576172,102.71880340576172,103.125,187744
2002-07-10,104.78130340576172,105.15630340576172,103.5625,103.9375,250495
2002-07-11,105.09380340576172,105.9375,104.65630340576172,104.84380340576172,142905
2002-07-12,105.25,105.65630340576172,104.5,104.65630340576172,148782
2002-07-15,104.84380340576172,105.75,104.5,105.4375,206817
2002-07-16,103.78130340576172,105.125,103.59380340576172,104.5625,185755
2002-07-17,104.21880340576172,104.3125,103.21880340576172,103.9375,154958
2002-07-18,104.5625,104.78130340576172,103.6875,104.09380340576172,143822
2002-07-19,105.15630340576172,105.59380340576172,104.53130340576172,104.5625,181090
2002-07-22,106.125,106.40630340576172,105.28130340576172,105.59380340576172,186567
2002-07-23,106.21880340576172,106.5625,105.4375,106.25,267889
2002-07-24,105.9375,107.8125,105.21880340576172,106.28130340576172,192852
2002-07-25,106.1875,106.46880340576172,105.3125,105.5,123159
2002-07-26,105.90630340576172,106.59380340576172,105.59380340576172,106.09380340576172,158180
2002-07-29,104.59380340576172,105.875,104.28130340576172,105.6875,161029
2002-07-30,104.6875,105.1875,104.3125,104.59380340576172,168547
2002-07-31,105.9375,106.21880340576172,104.53130340576172,104.59380340576172,126856
2002-08-01,106.25,106.4375,105.65630340576172,105.90630340576172,163728
2002-08-02,107.71880340576172,107.875,106.3125,106.375,133754
2002-08-05,107.9375,108.3125,107.375,107.40630340576172,126622
2002-08-06,106.84380340576172,108.28130340576172,106.71880340576172,108.15630340576172,144799
2002-08-07,107.53130340576172,107.84380340576172,106.84380340576172,107.0,116415
2002-08-08,107.03130340576172,107.4375,106.71880340576172,107.375,147139
2002-08-09,108.625,108.8125,107.0625,107.28130340576172,110985
2002-08-12,109.3125,109.6875,108.5,108.75,145299
2002-08-13,110.25,110.65630340576172,109.125,109.3125,232531
2002-08-14,111.1875,112.375,110.46880340576172,110.65630340576172,156610
2002-08-15,110.0625,111.125,109.53130340576172,110.5625,135826
2002-08-16,108.5625,110.4375,108.40630340576172,110.0,114718
2002-08-19,108.90630340576172,109.0,108.25,108.65630340576172,134361
2002-08-20,110.0625,110.28130340576172,108.84380340576172,109.0,117014
2002-08-21,109.78130340576172,110.25,109.09380340576172,110.15630340576172,111526
2002-08-22,108.84380340576172,109.6875,108.625,109.5625,100369
2002-08-23,109.9375,110.15630340576172,108.625,108.6875,67467
2002-08-26,110.125,110.28130340576172,109.375,109.75,120404
2002-08-27,109.09380340576172,110.375,108.9375,109.9375,108643
2002-08-28,109.875,110.0625,109.15630340576172,109.15630340576172,24284
2002-08-29,110.5625,111.03130340576172,109.78130340576172,109.9375,6742
2002-08-30,110.875,111.0625,110.46880340576172,110.5625,7125
2002-09-03,112.71880340576172,112.90630340576172,111.0,111.0,1333
2002-09-04,112.9375,113.375,112.46880340576172,112.8125,1961
2002-09-05,113.40630340576172,113.5,112.5,112.75,551
2002-09-06,111.8125,113.1875,111.71880340576172,113.09380340576172,533
2002-09-09,111.8125,112.40630340576172,111.6875,112.0,981
2002-09-10,112.40630340576172,112.65630340576172,111.1875,111.71880340576172,677
2002-09-11,111.6875,112.03130340576172,111.0625,112.03130340576172,236
2002-09-12,112.71880340576172,112.75,111.65630340576172,111.65630340576172,471
2002-09-13,113.625,113.71880340576172,112.8125,112.8125,612
2002-09-16,113.9375,114.03130340576172,113.125,113.125,1197
2002-09-17,114.0625,114.28130340576172,112.90630340576172,113.4375,287
2002-09-18,113.9375,114.4375,113.875,114.0,109
2002-09-19,114.25,114.6875,114.0,114.0,139300
2002-09-20,113.0625,113.53130340576172,112.34380340576172,113.40630340576172,119342
2002-09-23,114.09380340576172,114.1875,112.8125,113.21880340576172,153519
2002-09-24,114.5,114.96880340576172,113.8125,113.96880340576172,158880
2002-09-25,113.0625,114.90630340576172,112.84380340576172,114.625,176553
2002-09-26,113.0,113.34380340576172,112.125,113.125,124495
2002-09-27,113.71880340576172,113.9375,112.6875,113.03130340576172,152861
2002-09-30,114.25,114.96880340576172,113.8125,114.03130340576172,169348
2002-10-01,113.3125,114.3125,112.6875,114.15630340576172,133137
2002-10-02,113.53130340576172,113.75,112.71880340576172,113.0625,128580
2002-10-03,113.4375,114.0,113.09380340576172,113.625,195920
2002-10-04,113.625,114.21880340576172,112.25,113.40630340576172,130959
2002-10-07,113.9375,114.4375,113.6875,114.0,194634
2002-10-08,113.84380340576172,115.09380340576172,113.625,113.9375,172909
2002-10-09,114.625,114.78130340576172,114.0,114.03130340576172,173098
2002-10-10,113.75,114.90630340576172,113.46880340576172,114.65630340576172,141400
2002-10-11,112.3125,113.90630340576172,112.0,113.65630340576172,141420
2002-10-14,112.3125,112.3125,112.3125,112.3125,190477
2002-10-15,110.15630340576172,112.34380340576172,109.625,112.09380340576172,160128
2002-10-16,109.78130340576172,110.53130340576172,109.40630340576172,110.3125,183336
2002-10-17,108.78130340576172,109.46880340576172,108.0625,109.46880340576172,199971
2002-10-18,108.6875,109.3125,107.5,108.375,132714
2002-10-21,108.0625,109.21880340576172,107.78130340576172,108.875,150646
2002-10-22,107.71880340576172,108.3125,107.40630340576172,107.9375,173753
2002-10-23,107.625,108.71880340576172,107.5,107.5625,182493
2002-10-24,108.4375,108.875,107.0625,107.625,114267
2002-10-25,109.0,109.15630340576172,108.40630340576172,108.8125,122898
2002-10-28,108.96880340576172,109.375,108.84380340576172,109.15630340576172,202961
2002-10-29,110.5625,111.03130340576172,108.90630340576172,108.90630340576172,142551
2002-10-30,110.21880340576172,110.75,109.90630340576172,110.1875,146089
2002-10-31,110.65630340576172,111.03130340576172,109.90630340576172,110.25,201074
2002-11-01,110.34380340576172,111.0,109.34380340576172,110.6875,112796
2002-11-04,109.6875,110.09380340576172,109.34380340576172,109.96880340576172,102327
2002-11-05,109.4375,109.78130340576172,109.09380340576172,109.625,184498
2002-11-06,109.90630340576172,110.71880340576172,108.625,109.5625,209771
2002-11-07,111.9375,112.21880340576172,110.3125,110.3125,156643
2002-11-08,112.96880340576172,113.1875,111.875,111.875,157896
2002-11-11,112.96880340576172,112.96880340576172,112.96880340576172,112.96880340576172,128975
2002-11-12,112.84380340576172,113.75,112.6875,113.375,153723
2002-11-13,113.0625,113.3125,112.3125,112.90630340576172,182325
2002-11-14,111.21880340576172,113.25,110.75,113.125,144444
2002-11-18,111.53099822998047,111.90599822998047,110.55999755859375,111.25,143524
2002-11-19,112.09300231933594,112.625,111.68699645996094,111.84300231933594,144282
2002-11-20,111.0,112.71820068359375,110.78119659423828,112.125,167174
2002-11-21,110.125,111.3125,109.65630340576172,111.09380340576172,112710
2002-11-22,109.875,110.40630340576172,109.71880340576172,110.03130340576172,94553
2002-11-25,109.84380340576172,110.5,109.5625,109.875,104654
2002-11-26,110.90630340576172,111.125,109.84380340576172,109.84380340576172,222
2002-11-27,109.71880340576172,109.875,109.65630340576172,109.875,3345
2002-11-29,109.1875,109.34380340576172,108.65630340576172,108.75,4016
2002-12-02,109.34380340576172,109.53130340576172,107.6875,108.78130340576172,2127
2002-12-03,109.1875,109.84380340576172,108.96880340576172,109.0625,2668
2002-12-04,109.78130340576172,110.25,109.46880340576172,109.46880340576172,1535
2002-12-05,110.46880340576172,110.625,109.09380340576172,110.09380340576172,1355
2002-12-06,110.53130340576172,112.0,110.125,110.28130340576172,400
2002-12-09,111.125,111.28130340576172,110.28130340576172,110.53130340576172,1136
2002-12-10,111.4375,111.53130340576172,110.9375,111.09380340576172,570
2002-12-11,112.21880340576172,112.3125,111.40630340576172,111.5,203
2002-12-12,112.25,112.4375,111.625,112.0,1110
2002-12-13,111.375,112.125,111.15630340576172,112.125,590
2002-12-16,110.46880340576172,111.4375,110.375,111.4375,689
2002-12-17,110.53130340576172,110.84380340576172,110.5,110.71880340576172,506
2002-12-18,111.1875,111.40630340576172,110.625,110.65630340576172,312
2002-12-19,111.90630340576172,111.90630340576172,111.0,111.09380340576172,66002
2002-12-20,110.96880340576172,111.15630340576172,110.46880340576172,110.8125,39200
2002-12-23,110.84380340576172,111.28130340576172,110.28130340576172,110.9375,25172
2002-12-24,111.5625,111.84380340576172,110.78130340576172,110.84380340576172,17617
2002-12-26,111.71880340576172,111.8125,111.375,111.5625,42688
2002-12-27,112.84380340576172,112.9375,111.71880340576172,111.78130340576172,60581
2002-12-30,113.125,113.25,112.40630340576172,112.8125,51325
2002-12-31,112.6875,113.8125,112.59380340576172,113.15630340576172,119926
2003-01-02,110.15630340576172,112.90630340576172,109.96880340576172,112.53130340576172,78295
2003-01-03,110.28130340576172,110.4375,109.59380340576172,110.25,95677
2003-01-06,110.03130340576172,110.3125,109.34380340576172,110.21880340576172,131547
2003-01-07,110.34380340576172,110.75,109.71880340576172,110.09380340576172,119986
2003-01-08,111.03130340576172,111.21880340576172,110.46880340576172,110.5625,203391
2003-01-09,109.03130340576172,110.84380340576172,108.5625,110.65630340576172,146311
2003-01-10,109.03130340576172,109.875,108.59380340576172,109.0,112705
2003-01-13,109.46880340576172,109.625,108.40630340576172,109.0,114418
2003-01-14,109.875,110.09380340576172,109.1875,109.5625,137640
2003-01-15,110.28130340576172,110.6875,109.71880340576172,109.90630340576172,150577
2003-01-16,110.40630340576172,110.5625,109.0625,110.375,108009
2003-01-17,111.0625,111.375,110.4375,110.46880340576172,116779
2003-01-21,111.375,111.59380340576172,110.6875,111.1875,116276
2003-01-22,112.0,112.1875,111.40630340576172,111.5,121598
2003-01-23,111.5625,111.96880340576172,111.34380340576172,111.96880340576172,120543
2003-01-24,112.375,112.875,111.59380340576172,111.65630340576172,121131
2003-01-27,111.78130340576172,112.6875,111.40630340576172,112.125,128299
2003-01-28,111.71880340576172,112.09380340576172,111.03130340576172,111.71880340576172,121100
2003-01-29,111.0625,112.1875,110.8125,111.8125,150996
2003-01-30,111.71880340576172,112.15630340576172,110.75,111.25,141094
2003-01-31,112.1875,112.46880340576172,111.4375,111.90630340576172,117007
2003-02-03,112.15630340576172,112.3125,111.53130340576172,112.03130340576172,115088
2003-02-04,112.78130340576172,112.84380340576172,112.0625,112.1875,197820
2003-02-05,111.75,113.03130340576172,111.5625,112.84380340576172,151947
2003-02-06,112.65630340576172,112.8125,111.75,111.875,175605
2003-02-07,113.03130340576172,113.09380340576172,111.34380340576172,112.65630340576172,128346
2003-02-10,112.25,113.0,111.96880340576172,112.78130340576172,156673
2003-02-11,112.3125,112.4375,111.75,112.1875,138825
2003-02-12,112.6875,112.75,112.03130340576172,112.21880340576172,206365
2003-02-13,113.40630340576172,114.21880340576172,112.6875,112.71880340576172,128070
2003-02-14,112.34380340576172,113.5625,112.0625,113.46880340576172,99648
2003-02-18,112.625,112.71880340576172,111.84380340576172,112.03130340576172,134907
2003-02-19,113.46880340576172,113.59380340576172,112.75,112.75,123510
2003-02-20,113.78130340576172,113.84380340576172,113.0625,113.40630340576172,156672
2003-02-21,113.125,113.84380340576172,112.9375,113.59380340576172,94998
2003-02-24,113.59380340576172,113.8125,113.21880340576172,113.28130340576172,174855
2003-02-25,114.0625,114.625,113.75,113.75,132513
2003-02-26,114.75,114.84380340576172,113.96880340576172,113.96880340576172,34390
2003-02-27,115.0,115.125,114.25,114.84380340576172,8688
2003-02-28,115.8125,115.875,114.5625,114.96880340576172,2814
2003-03-03,115.875,116.15630340576172,115.34380340576172,115.625,6843
2003-03-04,116.03130340576172,116.1875,115.40630340576172,115.8125,4168
2003-03-05,116.25,116.34380340576172,115.5625,116.25,1627
2003-03-06,115.90630340576172,116.375,115.59380340576172,116.15630340576172,1214
2003-03-07,116.25,116.65630340576172,115.46880340576172,115.71880340576172,230
2003-03-10,116.6875,116.90630340576172,116.25,116.25,267
2003-03-11,116.78130340576172,117.0,116.53130340576172,116.75,467
2003-03-12,116.90630340576172,117.125,116.53130340576172,116.71880340576172,822
2003-03-13,115.125,116.875,114.90630340576172,116.875,347
2003-03-14,115.5,115.6875,114.96880340576172,115.34380340576172,1185
2003-03-17,114.1875,116.25,113.90630340576172,115.9375,409
2003-03-18,113.34380340576172,114.53130340576172,113.1875,114.40630340576172,313
2003-03-19,112.71880340576172,113.25,112.46880340576172,113.21880340576172,1065
2003-03-20,112.53130340576172,113.09380340576172,112.03130340576172,112.09380340576172,181718
2003-03-21,109.6875,111.03130340576172,109.46880340576172,111.0,137493
2003-03-24,111.03130340576172,111.375,110.0,110.125,159346
2003-03-25,111.0625,111.71880340576172,110.4375,111.09380340576172,105700
2003-03-26,111.21880340576172,111.53130340576172,110.84380340576172,111.25,128675
2003-03-27,111.34380340576172,112.0,111.09380340576172,111.3125,108938
2003-03-28,111.71880340576172,112.125,111.3125,111.3125,136558
2003-03-31,112.75,113.0625,112.03130340576172,112.03130340576172,182938
2003-04-01,112.75,113.46880340576172,112.1875,113.3125,145641
2003-04-02,111.5625,112.8125,111.5,112.8125,160968
2003-04-03,111.53130340576172,112.0,110.90630340576172,111.71880340576172,134583
2003-04-04,111.25,111.71880340576172,110.625,111.625,126633
2003-04-07,110.78130340576172,111.25,109.8125,110.65630340576172,122135
2003-04-08,111.84380340576172,111.9375,110.65630340576172,111.21880340576172,162335
2003-04-09,112.0625,112.34380340576172,111.34380340576172,111.90630340576172,107604
2003-04-10,111.71880340576172,112.3125,111.53130340576172,112.25,156299
2003-04-11,111.46880340576172,111.84380340576172,110.625,111.625,86713
2003-04-14,111.15630340576172,111.625,110.875,111.34380340576172,143605
2003-04-15,111.8125,112.03130340576172,110.84380340576172,111.0625,123918
2003-04-16,112.15630340576172,112.25,111.25,111.4375,99338
2003-04-17,112.3125,112.84380340576172,112.09380340576172,112.125,119497
2003-04-21,112.09380340576172,112.3125,111.375,112.28130340576172,150934
2003-04-22,112.0625,112.78130340576172,111.84380340576172,112.09380340576172,128731
2003-04-23,112.125,112.4375,111.84380340576172,112.125,198050
2003-04-24,113.28130340576172,113.5625,112.28130340576172,112.3125,143929
2003-04-25,113.40630340576172,113.71880340576172,112.90630340576172,113.25,111103
2003-04-28,113.40630340576172,113.84380340576172,113.21880340576172,113.59380340576172,134851
2003-04-29,113.09380340576172,113.40630340576172,112.625,113.21880340576172,185714
2003-04-30,114.03130340576172,114.21880340576172,112.8125,113.15630340576172,163747
2003-05-01,114.03130340576172,114.8125,113.84380340576172,114.15630340576172,178953
2003-05-02,113.5,114.28130340576172,113.21880340576172,114.0625,97063
2003-05-05,113.90630340576172,114.03130340576172,113.15630340576172,113.40630340576172,144844
2003-05-06,114.6875,114.90630340576172,113.5625,114.03130340576172,226119
2003-05-07,115.875,116.0625,114.78130340576172,114.8125,268522
2003-05-08,116.28130340576172,116.65630340576172,115.78130340576172,116.0625,152365
2003-05-09,116.28130340576172,116.46880340576172,115.71880340576172,116.125,157059
2003-05-12,116.84380340576172,117.1875,116.34380340576172,116.34380340576172,175474
2003-05-13,117.09380340576172,117.34380340576172,116.5625,116.71880340576172,296446
2003-05-14,118.4375,118.84380340576172,116.90630340576172,117.28130340576172,301743
2003-05-15,118.40630340576172,119.15630340576172,118.09380340576172,118.34380340576172,232620
2003-05-16,119.25,119.78130340576172,118.25,118.5,244819
2003-05-19,119.03130340576172,120.3125,118.75,119.75,259360
2003-05-20,120.4375,120.65630340576172,118.53130340576172,118.8125,325612
2003-05-21,120.40630340576172,121.5,119.75,120.46880340576172,199900
2003-05-22,121.15630340576172,121.59380340576172,120.1875,120.40630340576172,139094
2003-05-23,121.28130340576172,121.875,121.15630340576172,121.4375,243618
2003-05-27,119.875,121.6875,119.34380340576172,121.34380340576172,222906
2003-05-28,119.53130340576172,119.71880340576172,118.625,119.5625,24720
2003-05-29,120.59380340576172,120.84380340576172,119.125,119.71880340576172,8297
2003-05-30,120.5,120.96880340576172,119.5,120.71880340576172,4429
2003-06-02,119.5625,120.09380340576172,119.15630340576172,119.8125,3392
2003-06-03,120.6875,121.09380340576172,119.59380340576172,119.59380340576172,4272
2003-06-04,121.15630340576172,121.34380340576172,120.125,120.6875,4020
2003-06-05,120.46880340576172,121.84380340576172,120.21880340576172,120.875,2036
2003-06-06,120.65630340576172,121.0625,119.8125,120.6875,507
2003-06-09,121.40630340576172,121.53130340576172,120.6875,120.78130340576172,539
2003-06-10,122.75,122.8125,121.15630340576172,121.4375,409
2003-06-11,122.71880340576172,123.28130340576172,122.34380340576172,122.84380340576172,240
2003-06-12,123.09380340576172,123.5,122.375,122.875,248
2003-06-13,124.0,124.1875,123.125,123.125,460
2003-06-16,123.0625,124.3125,122.875,124.09380340576172,792
2003-06-17,121.96880340576172,123.375,121.9375,123.1875,593
2003-06-18,120.75,122.125,120.625,121.9375,1071
2003-06-19,120.8125,121.0625,119.875,120.46880340576172,148054
2003-06-20,118.5625,119.8125,118.03130340576172,119.25,110816
2003-06-23,119.53130340576172,119.625,118.53130340576172,118.9375,151028
2003-06-24,120.28130340576172,120.46880340576172,119.09380340576172,119.59380340576172,241464
2003-06-25,118.84380340576172,120.96880340576172,118.34380340576172,120.21880340576172,268383
2003-06-26,117.09380340576172,118.90630340576172,116.9375,118.6875,197288
2003-06-27,116.65630340576172,117.75,116.25,117.125,171482
2003-06-30,117.34380340576172,117.6875,116.4375,116.75,174412
2003-07-01,117.09380340576172,118.03130340576172,116.8125,117.75,158774
2003-07-02,117.3125,117.5625,116.28130340576172,116.9375,186409
2003-07-03,115.9375,117.4375,115.75,117.40630340576172,157056
2003-07-07,115.3125,116.15630340576172,115.0,116.03130340576172,175805
2003-07-08,115.0625,115.71880340576172,114.59380340576172,115.125,167297
2003-07-09,115.25,115.71880340576172,115.03130340576172,115.3125,155132
2003-07-10,115.4375,115.96880340576172,115.03130340576172,115.59380340576172,133877
2003-07-11,115.9375,116.125,115.09380340576172,115.6875,151874
2003-07-14,114.6875,116.25,114.625,116.125,368364
2003-07-15,112.46880340576172,115.03130340576172,111.875,114.71880340576172,333939
2003-07-16,112.4375,112.8125,111.09380340576172,111.875,246457
2003-07-17,112.4375,112.96880340576172,111.375,112.71880340576172,122426
2003-07-18,112.3125,112.6875,111.78130340576172,112.6875,231792
2003-07-21,110.0,112.1875,109.5,112.1875,292449
2003-07-22,110.40630340576172,110.65630340576172,109.375,109.84380340576172,229535
2003-07-23,110.71880340576172,111.375,110.28130340576172,110.625,221598
2003-07-24,109.875,111.125,109.5,110.71880340576172,235575
2003-07-25,109.65630340576172,110.84380340576172,109.3125,109.9375,200737
2003-07-28,108.3125,109.53130340576172,108.125,109.5,349808
2003-07-29,107.0625,109.15630340576172,106.46880340576172,108.15630340576172,323517
2003-07-30,108.0,108.40630340576172,106.71880340576172,106.75,464602
2003-07-31,105.625,108.875,105.09380340576172,108.0625,356468
2003-08-01,105.96880340576172,106.3125,104.1875,106.1875,237057
2003-08-04,106.6875,107.0625,105.5,106.28130340576172,297664
2003-08-05,105.28130340576172,107.25,105.03130340576172,107.09380340576172,273362
2003-08-06,107.5,107.8125,105.34380340576172,105.8125,242798
2003-08-07,107.84380340576172,108.25,106.75,107.625,186850
2003-08-08,107.65630340576172,109.15630340576172,107.59380340576172,108.21880340576172,135722
2003-08-11,106.90630340576172,107.96880340576172,106.5625,107.90630340576172,183112
2003-08-12,107.0625,107.84380340576172,106.15630340576172,107.125,279944
2003-08-13,104.53130340576172,106.375,104.28130340576172,106.3125,274546
2003-08-14,104.8125,106.375,103.84380340576172,104.65630340576172,73740
2003-08-15,105.09380340576172,105.9375,104.96880340576172,105.375,149786
2003-08-18,105.75,106.15630340576172,104.71880340576172,105.0625,219302
2003-08-19,107.34380340576172,107.59380340576172,105.375,105.96880340576172,200831
2003-08-20,106.6875,107.875,106.21880340576172,107.3125,238980
2003-08-21,106.28130340576172,107.15630340576172,105.75,106.6875,155406
2003-08-22,107.09380340576172,107.53130340576172,106.34380340576172,106.5,162349
2003-08-25,106.21880340576172,107.59380340576172,105.4375,106.875,182499
2003-08-26,106.90630340576172,107.09380340576172,105.46880340576172,106.15630340576172,143743
2003-08-27,106.28130340576172,107.21880340576172,106.0,106.875,158708
2003-08-28,107.59380340576172,107.8125,106.125,106.25,28452
2003-08-29,107.40630340576172,107.78130340576172,106.9375,107.71880340576172,10971
2003-09-02,105.6875,107.34380340576172,105.3125,107.34380340576172,9784
2003-09-03,105.65630340576172,106.1875,105.46880340576172,105.75,29167
2003-09-04,106.25,106.59380340576172,105.75,105.78130340576172,5536
2003-09-05,108.125,108.46880340576172,106.25,106.375,708
2003-09-08,107.84380340576172,108.96880340576172,107.40630340576172,108.09380340576172,1164
2003-09-09,108.0625,108.21880340576172,107.0625,107.53130340576172,457
2003-09-10,109.25,109.40630340576172,108.0,108.34380340576172,842
2003-09-11,108.46880340576172,109.46880340576172,108.21880340576172,109.21880340576172,891
2003-09-12,109.15630340576172,110.25,108.5625,108.5625,420
2003-09-15,109.28130340576172,109.625,108.65630340576172,109.1875,343
2003-09-16,108.59380340576172,109.09380340576172,108.46880340576172,108.9375,253
2003-09-17,110.09380340576172,110.3125,108.96880340576172,108.96880340576172,128
2003-09-18,110.15630340576172,110.625,109.625,110.625,207
2003-09-19,110.71880340576172,110.875,110.40630340576172,110.8125,213881
2003-09-22,108.0625,109.15630340576172,107.21880340576172,108.90630340576172,163022
2003-09-23,108.6875,108.90630340576172,107.46880340576172,108.25,201776
2003-09-24,109.75,110.0625,108.375,108.59380340576172,210538
2003-09-25,110.28130340576172,110.53130340576172,109.40630340576172,109.71880340576172,181859
2003-09-26,111.125,111.46880340576172,110.0,110.28130340576172,164101
2003-09-29,110.34380340576172,111.375,110.28130340576172,111.15630340576172,259734
2003-09-30,112.15630340576172,112.34380340576172,110.28130340576172,110.40630340576172,191684
2003-10-01,112.0625,112.25,111.53130340576172,112.15630340576172,238452
2003-10-02,111.3125,111.9375,110.375,111.9375,259748
2003-10-03,108.875,111.34380340576172,108.625,111.3125,107294
2003-10-06,109.5625,109.65630340576172,108.59380340576172,108.96880340576172,199352
2003-10-07,108.34380340576172,109.59380340576172,108.09380340576172,109.3125,171110
2003-10-08,108.21880340576172,108.65630340576172,107.75,108.09380340576172,199454
2003-10-09,107.46880340576172,108.4375,106.875,108.3125,106990
2003-10-10,108.125,108.34380340576172,107.21880340576172,107.5625,107140
2003-10-13,108.125,108.125,108.125,108.125,141301
2003-10-14,106.90630340576172,107.625,106.78130340576172,107.625,199903
2003-10-15,106.375,107.125,105.875,106.96880340576172,265110
2003-10-16,106.0,107.125,105.625,106.4375,147320
2003-10-17,106.84380340576172,106.9375,105.78130340576172,106.0,171977
2003-10-20,107.21880340576172,107.625,106.1875,106.4375,165239
2003-10-21,107.3125,107.90630340576172,107.0,107.03130340576172,197277
2003-10-22,108.46880340576172,108.78130340576172,107.4375,107.59380340576172,224097
2003-10-23,108.0,109.3125,107.46880340576172,108.75,185128
2003-10-24,109.28130340576172,109.4375,107.9375,108.125,141429
2003-10-27,108.78130340576172,109.21880340576172,108.40630340576172,109.0,254136
2003-10-28,109.5625,109.6875,108.125,108.65630340576172,209873
2003-10-29,108.5625,109.59380340576172,108.1875,109.59380340576172,251167
2003-10-30,108.0,108.6875,107.125,108.34380340576172,180828
2003-10-31,108.71880340576172,108.96880340576172,107.875,107.96880340576172,160903
2003-11-03,108.15630340576172,108.875,107.65630340576172,108.84380340576172,153259
2003-11-04,108.84380340576172,109.03130340576172,108.0625,108.34380340576172,190067
2003-11-05,108.15630340576172,109.09380340576172,108.09380340576172,108.78130340576172,194073
2003-11-06,107.34380340576172,108.375,107.09380340576172,108.09380340576172,214307
2003-11-07,107.125,108.40630340576172,106.34380340576172,107.34380340576172,99029
2003-11-10,106.96880340576172,107.625,106.71880340576172,107.09380340576172,100786
2003-11-11,106.96880340576172,106.96880340576172,106.96880340576172,106.96880340576172,154384
2003-11-12,107.75,108.03130340576172,107.0625,107.25,253028
2003-11-13,109.53130340576172,109.6875,107.71880340576172,107.84380340576172,229106
2003-11-14,110.25,110.46880340576172,109.1875,109.5,209020
2003-11-17,110.65630340576172,111.25,110.28130340576172,110.5,190189
2003-11-18,110.96880340576172,111.34380340576172,110.1875,110.4375,255032
2003-11-19,110.0625,111.375,109.8125,111.125,217886
2003-11-20,110.9375,111.46880340576172,110.0,110.09380340576172,138442
2003-11-21,111.125,111.625,110.84380340576172,110.96880340576172,138665
2003-11-24,110.21880340576172,111.15630340576172,110.0,110.96880340576172,166853
2003-11-25,110.78130340576172,111.125,109.75,110.09380340576172,38051
2003-11-26,110.21880340576172,111.03130340576172,110.0625,110.8125,9593
2003-11-28,109.28130340576172,110.21880340576172,109.03130340576172,110.125,9520
2003-12-01,108.84380340576172,109.25,107.96880340576172,109.1875,6030
2003-12-02,109.0,109.21880340576172,108.28130340576172,108.8125,7072
2003-12-03,108.5,109.28130340576172,108.15630340576172,108.875,4095
2003-12-04,109.03130340576172,109.1875,108.3125,108.53130340576172,2141
2003-12-05,110.6875,111.28130340576172,108.96880340576172,109.125,1129
2003-12-08,110.0,110.90630340576172,109.90630340576172,110.75,700
2003-12-09,109.21880340576172,110.65630340576172,109.0,110.125,763
2003-12-10,109.5625,109.9375,109.21880340576172,109.21880340576172,340
2003-12-11,110.34380340576172,110.4375,108.84380340576172,109.125,135
2003-12-12,110.4375,111.0,110.34380340576172,110.34380340576172,110
2003-12-15,110.25,110.90630340576172,109.96880340576172,110.15630340576172,469
2003-12-16,110.71880340576172,110.84380340576172,110.28130340576172,110.4375,629
2003-12-17,111.4375,111.90630340576172,111.125,111.125,652
2003-12-18,112.28130340576172,112.46880340576172,111.3125,111.8125,319
2003-12-19,111.875,112.28130340576172,111.71880340576172,112.28130340576172,110854
2003-12-22,110.53130340576172,111.34380340576172,110.25,111.09380340576172,106924
2003-12-23,109.53130340576172,110.6875,109.34380340576172,110.46880340576172,34713
2003-12-24,110.28130340576172,110.53130340576172,109.53130340576172,109.625,18455
2003-12-26,110.90630340576172,110.9375,110.28130340576172,110.5,57845
2003-12-29,109.84380340576172,110.90630340576172,109.625,110.8125,93489
2003-12-30,109.1875,109.8125,108.90630340576172,109.78130340576172,40401
2003-12-31,109.3125,109.5,109.125,109.34380340576172,79382
2004-01-02,107.90630340576172,109.21880340576172,107.40630340576172,109.21880340576172,137012
2004-01-05,107.875,108.09380340576172,107.25,107.96880340576172,201413
2004-01-06,109.03130340576172,109.40630340576172,107.84380340576172,107.875,175337
2004-01-07,109.40630340576172,109.71880340576172,108.59380340576172,109.0625,167114
2004-01-08,109.4375,109.6875,108.9375,109.375,231385
2004-01-09,111.28130340576172,111.46880340576172,109.09380340576172,109.25,220892
2004-01-12,111.3125,112.0,110.96880340576172,111.40630340576172,245973
2004-01-13,111.8125,112.15630340576172,110.9375,111.21880340576172,259723
2004-01-14,112.5,112.53130340576172,111.53130340576172,112.0,249168
2004-01-15,112.84380340576172,112.90630340576172,112.09380340576172,112.25,235835
2004-01-16,112.5625,113.6875,112.25,112.78130340576172,177805
2004-01-20,112.0625,112.59380340576172,112.0,112.28130340576172,171183
2004-01-21,112.21880340576172,112.46880340576172,111.90630340576172,112.09380340576172,210997
2004-01-22,113.0625,113.21880340576172,112.21880340576172,112.34380340576172,253042
2004-01-23,111.84380340576172,113.65630340576172,111.625,113.125,200486
2004-01-26,111.0625,112.21880340576172,110.9375,111.75,170600
2004-01-27,111.6875,111.90630340576172,111.03130340576172,111.25,292658
2004-01-28,110.40630340576172,112.4375,109.96880340576172,111.84380340576172,272985
2004-01-29,110.59380340576172,110.90630340576172,110.0,110.78130340576172,211663
2004-01-30,111.34380340576172,111.5,110.59380340576172,110.75,168300
2004-02-02,111.125,111.65630340576172,110.78130340576172,111.28130340576172,184208
2004-02-03,111.625,111.78130340576172,111.09380340576172,111.09380340576172,189228
2004-02-04,111.53130340576172,111.96880340576172,109.5625,111.78130340576172,289996
2004-02-05,111.0625,111.90630340576172,110.78130340576172,111.5625,240602
2004-02-06,112.15630340576172,112.34380340576172,110.59380340576172,111.0625,118126
2004-02-09,112.375,112.5625,112.0625,112.21880340576172,261342
2004-02-10,111.96880340576172,112.75,111.8125,112.53130340576172,307251
2004-02-11,112.9375,113.34380340576172,111.59380340576172,111.90630340576172,227159
2004-02-12,112.34380340576172,113.09380340576172,112.15630340576172,112.84380340576172,182872
2004-02-13,112.6875,113.28130340576172,112.375,112.4375,150423
2004-02-17,112.75,113.09380340576172,112.4375,112.6875,193828
2004-02-18,112.8125,113.4375,112.71880340576172,112.875,210336
2004-02-19,112.90630340576172,113.125,112.40630340576172,112.875,243659
2004-02-20,112.25,113.09380340576172,112.09380340576172,113.0625,243659
2004-02-23,112.84380340576172,113.09380340576172,111.96880340576172,112.15630340576172,266787
2004-02-24,113.125,113.6875,112.875,113.0625,204439
2004-02-25,113.21880340576172,113.5625,113.125,113.15630340576172,268082
2004-02-26,112.84380340576172,113.4375,112.53130340576172,113.34380340576172,64435
2004-02-27,113.875,114.0625,112.90630340576172,112.96880340576172,37253
2004-03-01,113.8125,114.625,113.625,114.0625,41842
2004-03-02,113.15630340576172,114.0625,112.78130340576172,113.9375,34666
2004-03-03,113.0,113.125,112.375,113.0,5487
2004-03-04,113.40630340576172,113.59380340576172,112.65630340576172,113.0625,22507
2004-03-05,115.6875,116.3125,113.28130340576172,113.34380340576172,10100
2004-03-08,116.21880340576172,116.375,115.40630340576172,115.4375,3597
2004-03-09,116.84380340576172,117.03130340576172,116.03130340576172,116.3125,2255
2004-03-10,116.71880340576172,117.09380340576172,116.5625,116.8125,6549
2004-03-11,116.625,117.375,116.125,116.75,1297
2004-03-12,116.40630340576172,117.125,116.28130340576172,117.09380340576172,1573
2004-03-15,116.40630340576172,116.875,116.28130340576172,116.5,1375
2004-03-16,117.40630340576172,117.46880340576172,116.09380340576172,116.65630340576172,2290
2004-03-17,117.4375,117.8125,117.09380340576172,117.65630340576172,4979
2004-03-18,116.78130340576172,117.3125,116.46880340576172,117.125,943
2004-03-19,116.375,116.75,116.28130340576172,116.71880340576172,943
2004-03-22,116.9375,117.0,116.625,116.625,161439
2004-03-23,115.8125,116.09380340576172,115.4375,115.8125,166973
2004-03-24,115.84380340576172,116.375,115.6875,116.0625,131973
2004-03-25,115.4375,115.96880340576172,115.3125,115.84380340576172,277225
2004-03-26,114.125,115.53130340576172,114.0,115.34380340576172,206843
2004-03-29,113.53130340576172,114.1875,113.1875,114.0,153707
2004-03-30,113.375,113.90630340576172,113.34380340576172,113.5625,214318
2004-03-31,114.0625,114.15630340576172,113.375,113.40630340576172,266734
2004-04-01,113.46880340576172,114.375,113.125,114.03130340576172,341980
2004-04-02,110.9375,113.6875,108.5,113.625,261289
2004-04-05,109.96880340576172,110.875,109.84380340576172,110.78130340576172,174675
2004-04-06,110.40630340576172,110.6875,110.03130340576172,110.03130340576172,174153
2004-04-07,110.40630340576172,110.96880340576172,110.28130340576172,110.65630340576172,127821
2004-04-08,110.125,110.625,109.90630340576172,110.40630340576172,100201
2004-04-12,109.75,110.09380340576172,109.46880340576172,110.09380340576172,275223
2004-04-13,108.53130340576172,109.78130340576172,108.28130340576172,109.75,356254
2004-04-14,108.09380340576172,108.6875,107.03130340576172,108.34380340576172,282933
2004-04-15,107.78130340576172,108.65630340576172,107.625,108.28130340576172,217616
2004-04-16,108.25,108.71880340576172,107.71880340576172,107.78130340576172,156140
2004-04-19,108.03130340576172,108.6875,107.8125,108.28130340576172,257895
2004-04-20,107.625,108.125,107.0,107.875,355901
2004-04-21,107.6875,107.9375,106.9375,107.15630340576172,228520
2004-04-22,108.3125,108.375,107.5,107.71880340576172,305308
2004-04-23,107.46880340576172,108.53130340576172,107.0,108.1875,171328
2004-04-26,107.84380340576172,107.9375,107.28130340576172,107.40630340576172,199456
2004-04-27,108.125,108.3125,107.59380340576172,107.75,208062
2004-04-28,107.34380340576172,108.3125,107.0,108.25,372717
2004-04-29,106.59380340576172,107.875,106.28130340576172,107.0625,259796
2004-04-30,107.09380340576172,107.3125,106.09380340576172,106.5,159933
2004-05-03,107.1875,107.5,106.6875,107.03130340576172,270180
2004-05-04,106.65630340576172,107.875,106.34380340576172,107.21880340576172,283432
2004-05-05,106.375,107.21880340576172,106.03130340576172,106.46880340576172,228355
2004-05-06,105.96880340576172,106.46880340576172,105.75,106.15630340576172,389138
2004-05-07,104.5,106.625,104.21880340576172,106.0,199809
2004-05-10,104.375,104.84380340576172,104.125,104.53130340576172,191197
2004-05-11,104.5625,104.78130340576172,104.125,104.21880340576172,225949
2004-05-12,104.21880340576172,104.84380340576172,104.0,104.71880340576172,263453
2004-05-13,103.625,104.15630340576172,103.5,104.0625,339261
2004-05-14,104.375,104.6875,103.0625,103.625,229877
2004-05-17,105.40630340576172,105.59380340576172,104.5,104.53130340576172,175359
2004-05-18,105.15630340576172,105.53130340576172,104.84380340576172,105.46880340576172,215770
2004-05-19,104.46880340576172,105.1875,104.3125,105.15630340576172,225191
2004-05-20,105.40630340576172,105.59380340576172,104.59380340576172,104.75,187146
2004-05-21,105.0,105.90630340576172,104.90630340576172,105.5,191551
2004-05-24,105.375,105.53130340576172,104.65630340576172,104.9375,228200
2004-05-25,105.65630340576172,105.84380340576172,105.3125,105.4375,265752
2004-05-26,106.15630340576172,106.34380340576172,105.65630340576172,105.6875,125588
2004-05-27,107.15630340576172,107.15630340576172,106.0,106.28130340576172,42380
2004-05-28,106.5625,107.125,106.375,107.03130340576172,39537
2004-06-01,105.84380340576172,106.46880340576172,105.375,106.40630340576172,37114
2004-06-02,105.59380340576172,105.96880340576172,105.4375,105.875,20334
2004-06-03,105.78130340576172,105.90630340576172,105.1875,105.5,19923
2004-06-04,105.15630340576172,106.4375,105.09380340576172,105.6875,14256
2004-06-07,105.25,105.3125,104.90630340576172,105.09380340576172,9287
2004-06-08,105.34380340576172,105.4375,104.71880340576172,105.25,9857
2004-06-09,104.90630340576172,105.40630340576172,104.625,105.40630340576172,3103
2004-06-10,105.25,105.25,104.71880340576172,105.0,800
2004-06-11,105.25,104.96880340576172,104.8125,104.9375,3109
2004-06-14,104.3125,104.96880340576172,104.21880340576172,104.71880340576172,8603
2004-06-15,106.5625,106.71880340576172,104.3125,104.3125,10824
2004-06-16,106.03130340576172,106.59380340576172,105.90630340576172,106.59380340576172,4156
2004-06-17,106.6875,106.84380340576172,105.875,106.0625,4720
2004-06-18,106.46880340576172,107.09380340576172,106.4375,106.78130340576172,2155
2004-06-21,106.6875,106.625,106.375,106.40630340576172,108585
2004-06-22,105.09380340576172,105.4375,104.90630340576172,105.3125,142646
2004-06-23,105.25,105.4375,104.75,104.9375,219695
2004-06-24,105.96880340576172,106.34380340576172,105.21880340576172,105.28130340576172,115971
2004-06-25,105.96880340576172,106.21880340576172,105.625,105.9375,209936
2004-06-28,104.875,106.15630340576172,104.6875,106.0,150534
2004-06-29,105.4375,105.5625,104.65630340576172,104.9375,283080
2004-06-30,106.375,106.8125,105.3125,105.5,233979
2004-07-01,106.8125,106.9375,106.125,106.6875,260323
2004-07-02,108.03130340576172,108.9375,106.59380340576172,106.78130340576172,131644
2004-07-06,107.8125,108.375,107.71880340576172,108.03130340576172,128286
2004-07-07,107.84380340576172,108.03130340576172,107.625,107.84380340576172,171405
2004-07-08,107.875,108.21880340576172,107.5,107.8125,100332
2004-07-09,107.96880340576172,108.0625,107.625,107.875,76194
2004-07-12,108.1875,108.375,108.0,108.03130340576172,166225
2004-07-13,107.78130340576172,108.21880340576172,107.4375,108.15630340576172,157950
2004-07-14,107.8125,108.4375,107.625,107.9375,148001
2004-07-15,107.875,108.21880340576172,107.625,107.84380340576172,272960
2004-07-16,109.34380340576172,109.40630340576172,107.78130340576172,107.96880340576172,108073
2004-07-19,109.34380340576172,109.46880340576172,109.09380340576172,109.34380340576172,222487
2004-07-20,108.34380340576172,109.4375,108.21880340576172,109.40630340576172,207277
2004-07-21,107.96880340576172,108.375,107.59380340576172,108.375,182657
2004-07-22,108.21880340576172,108.53130340576172,107.84380340576172,108.125,71492
2004-07-23,108.625,108.6875,108.1875,108.3125,114522
2004-07-26,108.1875,108.6875,107.9375,108.59380340576172,311204
2004-07-27,106.71880340576172,108.09380340576172,106.53130340576172,108.03130340576172,295596
2004-07-28,106.8125,106.875,106.15630340576172,106.5,202856
2004-07-29,106.96880340576172,107.09380340576172,106.25,106.71880340576172,298727
2004-07-30,108.21880340576172,108.3125,106.8125,106.9375,170636
2004-08-02,108.375,108.875,108.28130340576172,108.5,191250
2004-08-03,108.78130340576172,108.96880340576172,108.09380340576172,108.40630340576172,227569
2004-08-04,108.71880340576172,109.1875,108.4375,108.71880340576172,186647
2004-08-05,109.0,109.25,108.65630340576172,108.78130340576172,344401
2004-08-06,110.84380340576172,112.0,109.03130340576172,109.03130340576172,124768
2004-08-09,110.6875,111.0625,110.46880340576172,110.875,226054
2004-08-10,110.375,111.125,110.15630340576172,110.53130340576172,188840
2004-08-11,110.5625,110.71880340576172,110.0625,110.34380340576172,229664
2004-08-12,110.75,110.875,110.1875,110.53130340576172,173039
2004-08-13,111.34380340576172,111.53130340576172,110.6875,110.6875,214167
2004-08-16,110.75,111.28130340576172,110.34380340576172,111.1875,189831
2004-08-17,111.3125,111.46880340576172,110.53130340576172,110.75,270249
2004-08-18,111.0625,111.8125,110.84380340576172,111.4375,185145
2004-08-19,111.1875,111.3125,110.71880340576172,110.9375,135403
2004-08-20,111.09380340576172,111.375,110.8125,111.1875,153204
2004-08-23,110.5,111.1875,110.28130340576172,111.125,143258
2004-08-24,110.5,110.625,110.0625,110.375,250697
2004-08-25,110.8125,111.15630340576172,110.25,110.59380340576172,185992
2004-08-26,111.25,111.4375,110.71880340576172,110.8125,242367
2004-08-27,111.34380340576172,111.71880340576172,111.1875,111.375,89194
2004-08-30,111.8125,111.9375,111.25,111.28130340576172,48561
2004-08-31,112.53130340576172,112.90630340576172,111.75,111.84380340576172,49521
2004-09-01,112.625,113.09380340576172,112.15630340576172,112.625,28057
2004-09-02,111.875,112.78130340576172,111.59380340576172,112.625,27593
2004-09-03,110.8125,112.875,110.625,111.6875,28126
2004-09-07,111.46880340576172,111.53130340576172,110.78130340576172,110.8125,14706
2004-09-08,112.4375,112.5,110.90630340576172,111.46880340576172,19300
2004-09-09,112.03130340576172,112.78130340576172,111.9375,112.375,18455
2004-09-10,112.3125,112.84380340576172,112.03130340576172,112.03130340576172,10114
2004-09-13,112.625,112.71880340576172,112.15630340576172,112.3125,7109
2004-09-14,112.84380340576172,112.90630340576172,112.28130340576172,112.6875,6670
2004-09-15,112.40630340576172,112.875,112.34380340576172,112.875,3704
2004-09-16,113.65630340576172,113.84380340576172,112.3125,112.4375,9435
2004-09-17,113.0625,113.9375,113.0,113.6875,5811
2004-09-20,113.84380340576172,113.9375,113.21880340576172,113.25,4830
2004-09-21,113.75,113.84380340576172,113.5,113.84380340576172,402170
2004-09-22,113.8125,114.03130340576172,112.75,113.0,357716
2004-09-23,113.40630340576172,114.0625,113.3125,113.78130340576172,269091
2004-09-24,113.4375,113.78130340576172,113.0625,113.5,269091
2004-09-27,113.8125,114.0625,113.21880340576172,113.40630340576172,294448
2004-09-28,113.5,114.09380340576172,113.21880340576172,113.84380340576172,351953
2004-09-29,112.625,113.65630340576172,112.46880340576172,113.59380340576172,394780
2004-09-30,112.21880340576172,113.0,111.53130340576172,112.59380340576172,233445
2004-10-01,111.46880340576172,112.15630340576172,111.21880340576172,112.15630340576172,192346
2004-10-04,111.6875,111.78130340576172,110.90630340576172,111.5,192621
2004-10-05,111.71880340576172,111.96880340576172,111.5,111.6875,184916
2004-10-06,111.15630340576172,111.6875,110.96880340576172,111.65630340576172,219726
2004-10-07,110.84380340576172,111.3125,110.6875,111.125,284389
2004-10-08,112.15630340576172,112.34380340576172,110.6875,110.78130340576172,284389
2004-10-11,112.15630340576172,112.15630340576172,112.15630340576172,112.15630340576172,171185
2004-10-12,112.46880340576172,112.71880340576172,112.0625,112.09380340576172,230597
2004-10-13,112.71880340576172,112.96880340576172,112.03130340576172,112.40630340576172,222652
2004-10-14,113.40630340576172,113.5,112.71880340576172,112.90630340576172,394805
2004-10-15,113.0,114.25,112.40630340576172,113.40630340576172,169235
2004-10-18,113.09380340576172,113.25,112.6875,112.9375,278649
2004-10-19,113.375,113.5,112.53130340576172,113.125,239433
2004-10-20,113.96880340576172,114.15630340576172,113.4375,113.46880340576172,344622
2004-10-21,114.03130340576172,114.53130340576172,113.8125,114.0625,165633
2004-10-22,114.1875,114.40630340576172,113.625,114.03130340576172,196638
2004-10-25,114.34380340576172,114.78130340576172,114.28130340576172,114.40630340576172,177905
2004-10-26,114.1875,114.5625,114.03130340576172,114.3125,389205
2004-10-27,113.0625,114.5625,112.90630340576172,114.0625,340383
2004-10-28,113.15630340576172,113.5625,112.4375,113.0,271949
2004-10-29,113.84380340576172,113.9375,113.09380340576172,113.46880340576172,198466
2004-11-01,113.125,113.875,113.03130340576172,113.875,147349
2004-11-02,113.25,113.65630340576172,112.9375,113.25,427746
2004-11-03,113.4375,113.65630340576172,111.75,113.625,269523
2004-11-04,113.59380340576172,113.9375,113.1875,113.3125,420930
2004-11-05,112.25,113.65630340576172,111.0,113.53130340576172,190298
2004-11-08,111.96880340576172,112.3125,111.84380340576172,112.28130340576172,156505
2004-11-09,111.96880340576172,112.25,111.8125,111.9375,257977
2004-11-10,111.53130340576172,112.0,111.25,111.875,257977
2004-11-11,111.53130340576172,111.53130340576172,111.53130340576172,111.53130340576172,241360
2004-11-12,112.375,112.78130340576172,111.5625,111.6875,142838
2004-11-15,112.5625,112.625,112.21880340576172,112.53130340576172,223377
2004-11-16,112.46880340576172,112.8125,112.1875,112.59380340576172,351364
2004-11-17,113.28130340576172,113.4375,112.0,112.46880340576172,275826
2004-11-18,113.65630340576172,113.78130340576172,113.03130340576172,113.34380340576172,365834
2004-11-19,112.71880340576172,113.9375,112.5,113.625,185350
2004-11-22,113.3125,113.375,112.53130340576172,112.625,372256
2004-11-23,113.25,113.78130340576172,112.875,113.21880340576172,193781
2004-11-24,113.1875,113.5,113.125,113.1875,150051
2004-11-26,112.65630340576172,113.375,112.21880340576172,113.25,387719
2004-11-29,111.46880340576172,112.75,111.3125,112.59380340576172,159603
2004-11-30,111.09380340576172,111.65630340576172,110.75,111.65630340576172,65348
2004-12-01,110.96880340576172,111.46880340576172,110.75,111.09380340576172,60262
2004-12-02,110.625,111.1875,110.46880340576172,111.0625,35405
2004-12-03,112.09380340576172,112.59380340576172,110.34380340576172,110.46880340576172,29109
2004-12-06,112.46880340576172,112.6875,112.125,112.1875,16469
2004-12-07,112.65630340576172,112.78130340576172,112.25,112.65630340576172,19408
2004-12-08,114.03130340576172,114.15630340576172,112.4375,112.6875,17300
2004-12-09,113.5625,114.1875,113.375,114.09380340576172,11801
2004-12-10,113.65630340576172,113.9375,113.375,113.40630340576172,23791
2004-12-13,113.78130340576172,114.1875,113.5625,113.5625,12271
2004-12-14,114.125,114.25,113.4375,113.84380340576172,26253
2004-12-15,114.875,114.9375,114.15630340576172,114.15630340576172,13128
2004-12-16,113.53130340576172,114.90630340576172,113.4375,114.875,17844
2004-12-17,113.34380340576172,113.75,112.78130340576172,113.65630340576172,4466
2004-12-20,113.75,113.75,113.125,113.125,71559
2004-12-21,112.875,112.9375,112.4375,112.59380340576172,90153
2004-12-22,112.46880340576172,112.90630340576172,112.3125,112.90630340576172,54426
2004-12-23,112.28130340576172,112.59380340576172,112.03130340576172,112.53130340576172,87741
2004-12-27,111.3125,112.375,111.0,112.34380340576172,81357
2004-12-28,111.375,111.4375,110.8125,111.3125,58928
2004-12-29,111.0625,111.5,110.96880340576172,111.375,80308
2004-12-30,111.75,112.0,110.90630340576172,110.96880340576172,51764
2004-12-31,112.5,112.625,111.75,111.84380340576172,170221
2005-01-03,112.53130340576172,112.75,111.875,112.5,266322
2005-01-04,111.78130340576172,112.875,111.375,112.53130340576172,250930
2005-01-05,112.0625,112.34380340576172,111.5625,111.65630340576172,194558
2005-01-06,112.09380340576172,112.375,111.8125,112.03130340576172,337763
2005-01-07,112.09380340576172,113.875,111.0,112.1875,149560
2005-01-10,112.34380340576172,112.46880340576172,112.0,112.28130340576172,239739
2005-01-11,112.875,113.0,112.1875,112.4375,247129
2005-01-12,113.0,113.1875,112.4375,112.875,278412
2005-01-13,113.65630340576172,114.0,112.90630340576172,113.0625,273171
2005-01-14,113.4375,114.15630340576172,113.1875,113.90630340576172,254516
2005-01-18,113.90630340576172,114.0,113.1875,113.53130340576172,417852
2005-01-19,113.96880340576172,114.5,113.5625,113.9375,271826
2005-01-20,114.15630340576172,114.34380340576172,113.5,114.09380340576172,205255
2005-01-21,114.375,114.40630340576172,113.8125,114.125,216414
2005-01-24,114.71880340576172,114.8125,114.28130340576172,114.28130340576172,413072
2005-01-25,113.9375,114.875,113.625,114.75,267792
2005-01-26,113.9375,114.21880340576172,113.5625,113.875,262465
2005-01-27,113.875,113.96880340576172,113.375,113.90630340576172,324749
2005-01-28,114.65630340576172,114.84380340576172,113.59380340576172,113.65630340576172,242265
2005-01-31,114.84380340576172,114.9375,114.40630340576172,114.53130340576172,315362
2005-02-01,114.8125,115.125,114.5625,114.84380340576172,207282
2005-02-02,114.875,115.03130340576172,114.5625,114.71880340576172,241298
2005-02-03,114.8125,114.90630340576172,114.34380340576172,114.84380340576172,429669
2005-02-04,115.90630340576172,116.21880340576172,114.71880340576172,114.75,208782
2005-02-07,116.46880340576172,116.5625,115.75,115.84380340576172,439856
2005-02-08,116.75,117.1875,116.21880340576172,116.46880340576172,495089
2005-02-09,117.21880340576172,117.375,116.3125,116.9375,417284
2005-02-10,116.03130340576172,117.21880340576172,115.84380340576172,117.15630340576172,391063
2005-02-11,115.8125,116.15630340576172,115.5,115.9375,199153
2005-02-14,116.21880340576172,116.375,115.65630340576172,115.875,280925
2005-02-15,115.84380340576172,116.25,115.65630340576172,116.21880340576172,405672
2005-02-16,115.25,115.84380340576172,114.875,115.78130340576172,308636
2005-02-17,114.78130340576172,115.34380340576172,114.59380340576172,115.25,369616
2005-02-18,113.9375,114.78130340576172,113.59380340576172,114.78130340576172,328408
2005-02-22,113.65630340576172,114.0,113.5,113.875,409279
2005-02-23,113.84380340576172,114.4375,113.5625,113.65630340576172,454644
2005-02-24,113.75,114.4375,113.625,113.875,342747
2005-02-25,113.96880340576172,114.1875,113.625,113.625,181555
2005-02-28,113.09380340576172,114.21880340576172,112.78125,113.9375,83080
2005-03-01,112.90630340576172,113.15630340576172,112.65630340576172,112.875,79368
2005-03-02,112.75,113.0,112.5,112.96880340576172,33371
2005-03-03,112.6875,113.0,112.625,112.75,32317
2005-03-04,113.6875,113.84380340576172,112.34380340576172,112.65630340576172,21328
2005-03-07,114.03130340576172,114.15630340576172,113.625,113.625,28919
2005-03-08,113.1875,114.0,112.9375,113.90630340576172,32738
2005-03-09,111.625,113.15630340576172,111.46880340576172,113.03130340576172,16750
2005-03-10,112.15630340576172,112.28130340576172,111.0,111.46880340576172,18939
2005-03-11,111.40630340576172,112.0625,111.3125,111.96880340576172,15440
2005-03-14,111.59380340576172,111.6875,111.03130340576172,111.3125,14729
2005-03-15,111.3125,112.09380340576172,111.15630340576172,111.6875,9934
2005-03-16,111.5625,112.1875,111.09380340576172,111.28130340576172,9934
2005-03-17,111.90630340576172,112.28130340576172,111.71880340576172,111.78130340576172,8519
2005-03-18,111.53130340576172,111.90630340576172,111.46880340576172,111.84380340576172,7795
2005-03-21,111.40630340576172,111.53130340576172,111.25,111.53130340576172,403624
2005-03-22,109.75,111.34380340576172,109.4375,110.5625,370122
2005-03-23,109.9375,110.15630340576172,109.0,109.5,167963
2005-03-24,110.15630340576172,110.4375,109.96880340576172,110.09380340576172,131802
2005-03-28,109.84380340576172,110.15630340576172,109.6875,110.125,191849
2005-03-29,110.1875,110.34380340576172,109.65630340576172,109.75,249354
2005-03-30,110.6875,110.8125,110.09380340576172,110.25,331137
2005-03-31,111.375,111.5,110.625,110.75,429727
2005-04-01,111.78130340576172,112.59380340576172,110.78130340576172,111.40630340576172,192195
2005-04-04,111.78130340576172,112.21880340576172,111.5,111.75,225835
2005-04-05,111.59380340576172,111.90630340576172,111.40630340576172,111.75,203714
2005-04-06,111.78130340576172,112.0,111.53130340576172,111.59380340576172,362989
2005-04-07,111.34380340576172,112.21880340576172,111.125,111.875,268029
2005-04-08,111.34380340576172,111.5625,110.875,111.3125,227253
2005-04-11,111.84380340576172,112.1875,111.40630340576172,111.5,398570
2005-04-12,112.78130340576172,112.96880340576172,111.625,111.96880340576172,330575
2005-04-13,112.59380340576172,113.125,112.3125,112.78130340576172,336322
2005-04-14,112.53130340576172,112.9375,112.375,112.625,384114
2005-04-15,113.5625,113.96880340576172,112.8125,112.90630340576172,320860
2005-04-18,113.875,114.34380340576172,113.5625,113.84380340576172,438999
2005-04-19,114.375,114.625,113.40630340576172,113.5625,463615
2005-04-20,114.28130340576172,114.53130340576172,113.375,114.3125,435401
2005-04-21,113.4375,114.53130340576172,113.28130340576172,114.5,206805
2005-04-22,114.0,114.125,113.46880340576172,113.5,156088
2005-04-25,114.1875,114.3125,113.90630340576172,113.96880340576172,318102
2005-04-26,114.0625,114.5625,113.6875,114.1875,313632
2005-04-27,114.34380340576172,114.6875,113.75,113.96880340576172,275276
2005-04-28,115.03130340576172,115.375,114.3125,114.375,391904
2005-04-29,114.84380340576172,115.53130340576172,114.6875,115.21880340576172,276328
2005-05-02,114.875,115.125,114.4375,114.84380340576172,227425
2005-05-03,114.84380340576172,115.4375,114.625,114.90630340576172,561428
2005-05-04,114.65630340576172,115.40630340576172,113.4375,115.21880340576172,347645
2005-05-05,114.90630340576172,115.125,114.28130340576172,114.65630340576172,400512
2005-05-06,114.0,114.96880340576172,113.6875,114.875,132408
2005-05-09,114.03130340576172,114.09380340576172,113.8125,114.0625,264984
2005-05-10,114.625,114.78130340576172,113.96880340576172,114.0,394225
2005-05-11,114.90630340576172,115.46880340576172,114.53130340576172,114.6875,353259
2005-05-12,115.15630340576172,115.3125,114.375,114.90630340576172,307483
2005-05-13,115.65630340576172,115.875,115.03130340576172,115.25,172959
2005-05-16,115.625,115.90630340576172,115.40630340576172,115.59380340576172,277636
2005-05-17,115.75,116.0,115.1875,115.5,370588
2005-05-18,116.3125,116.59380340576172,115.65630340576172,115.71880340576172,253598
2005-05-19,115.96880340576172,116.4375,115.875,116.1875,142712
2005-05-20,115.96880340576172,116.0625,115.78130340576172,115.9375,314818
2005-05-23,116.6875,116.90630340576172,115.71880340576172,115.96880340576172,397992
2005-05-24,116.9375,117.25,116.59380340576172,116.75,414766
2005-05-25,116.4375,117.28130340576172,116.1875,117.03130340576172,318836
2005-05-26,116.40630340576172,116.6875,116.125,116.25,210704
2005-05-27,116.4375,116.53130340576172,116.21880340576172,116.375,147644
2005-05-31,117.46880340576172,117.75,116.40630340576172,116.46880340576172,83326
2005-06-01,118.40630340576172,118.8125,117.5625,117.625,58486
2005-06-02,118.75,118.84380340576172,118.3125,118.625,30568
2005-06-03,117.8125,119.9375,117.6875,118.65630340576172,32462
2005-06-06,118.0625,118.34380340576172,117.75,117.84380340576172,29914
2005-06-07,118.6875,118.8125,118.0625,118.1875,25901
2005-06-08,118.28130340576172,118.84380340576172,118.25,118.84380340576172,18092
2005-06-09,118.03130340576172,118.40630340576172,117.625,118.40630340576172,9984
2005-06-10,117.125,118.125,117.0625,118.125,12000
2005-06-13,116.625,117.21880340576172,116.4375,117.1875,10004
2005-06-14,116.0625,116.96880340576172,115.96880340576172,116.59380340576172,6849
2005-06-15,116.21880340576172,116.375,115.8125,116.25,6246
2005-06-16,116.78130340576172,116.90630340576172,116.0625,116.40630340576172,3801
2005-06-17,116.78130340576172,116.9375,116.4375,116.75,3539
2005-06-20,116.5,116.9375,116.0,116.9375,4620
2005-06-21,117.21880340576172,117.15630340576172,116.3125,116.375,289338
2005-06-22,118.4375,118.59380340576172,117.21880340576172,117.375,221187
2005-06-23,118.34380340576172,118.5,117.9375,118.46880340576172,201637
2005-06-24,118.9375,118.96880340576172,118.3125,118.34380340576172,206576
2005-06-27,119.25,119.34380340576172,118.78130340576172,118.84380340576172,214973
2005-06-28,118.5,119.21880340576172,118.34380340576172,119.1875,322058
2005-06-29,118.15630340576172,119.03130340576172,117.9375,118.4375,317390
2005-06-30,118.75,119.1875,117.96880340576172,118.25,304897
2005-07-01,117.625,119.125,117.5,119.125,210280
2005-07-05,116.8125,117.625,116.75,117.53130340576172,166140
2005-07-06,117.25,117.34380340576172,116.8125,116.8125,320632
2005-07-07,117.59380340576172,118.9375,117.1875,117.28130340576172,267400
2005-07-08,116.84380340576172,117.9375,116.75,117.34380340576172,203562
2005-07-11,117.125,117.21880340576172,116.40630340576172,117.0625,199893
2005-07-12,116.625,117.3125,116.53130340576172,117.125,161307
2005-07-13,116.40630340576172,116.65630340576172,116.25,116.625,256052
2005-07-14,116.21880340576172,116.8125,116.0,116.375,175018
2005-07-15,116.40630340576172,116.53130340576172,115.90630340576172,116.21880340576172,165463
2005-07-18,115.6875,116.625,115.4375,116.46880340576172,247536
2005-07-19,116.03130340576172,116.21880340576172,115.34380340576172,115.71880340576172,324830
2005-07-20,116.5,116.65630340576172,115.4375,116.0625,494678
2005-07-21,115.15630340576172,116.6875,114.90630340576172,116.4375,215828
2005-07-22,115.84380340576172,115.96880340576172,114.96880340576172,115.15630340576172,154273
2005-07-25,115.59380340576172,116.09380340576172,115.46880340576172,115.84380340576172,187896
2005-07-26,115.65630340576172,115.8125,115.46880340576172,115.53130340576172,230438
2005-07-27,115.4375,115.96880340576172,115.28130340576172,115.8125,288658
2005-07-28,116.34380340576172,116.46880340576172,115.40630340576172,115.5,368698
2005-07-29,115.3125,116.40630340576172,115.03130340576172,116.3125,293090
2005-08-01,114.96880340576172,115.40630340576172,114.4375,115.375,223386
2005-08-02,114.65630340576172,115.09380340576172,114.5625,115.03130340576172,226000
2005-08-03,115.15630340576172,115.25,114.59380340576172,114.625,158759
2005-08-04,114.90630340576172,115.375,114.75,115.15630340576172,300117
2005-08-05,114.1875,115.1875,114.03130340576172,114.9375,153010
2005-08-08,113.9375,114.28130340576172,113.84380340576172,114.1875,208624
2005-08-09,114.25,114.3125,113.75,113.90630340576172,203581
2005-08-10,114.21880340576172,114.59380340576172,114.0,114.25,286590
2005-08-11,114.90630340576172,115.0625,114.03130340576172,114.21880340576172,237564
2005-08-12,115.96880340576172,116.0,114.875,115.0,161135
2005-08-15,115.65630340576172,115.96880340576172,115.4375,115.84380340576172,363911
2005-08-16,116.15630340576172,116.5,115.46880340576172,115.5,302785
2005-08-17,115.59380340576172,116.375,115.5,116.28130340576172,254394
2005-08-18,116.25,116.40630340576172,115.59380340576172,115.59380340576172,169445
2005-08-19,116.25,116.40630340576172,115.875,116.3125,227753
2005-08-22,116.25,116.375,115.6875,116.3125,224486
2005-08-23,116.53130340576172,116.75,116.0,116.21880340576172,336523
2005-08-24,116.59380340576172,116.96880340576172,116.34380340576172,116.59380340576172,292329
2005-08-25,117.0,117.09380340576172,116.5,116.625,336596
2005-08-26,116.6875,117.28130340576172,116.53130340576172,117.0,270226
2005-08-29,116.90630340576172,117.3125,116.78130340576172,117.09380340576172,490072
2005-08-30,117.6875,117.75,116.71880340576172,116.9375,134887
2005-08-31,118.375,118.53130340576172,117.4375,117.59380340576172,91885
2005-09-01,118.25,118.65630340576172,117.90630340576172,118.40630340576172,44962
2005-09-02,118.09380340576172,118.53130340576172,117.65630340576172,117.9375,30333
2005-09-06,117.5,118.0625,117.34380340576172,118.0625,25056
2005-09-07,116.65630340576172,117.5,116.3125,117.34380340576172,7414
2005-09-08,116.65630340576172,117.03130340576172,116.53130340576172,116.65630340576172,5694
2005-09-09,116.90630340576172,117.21880340576172,116.625,116.625,20042
2005-09-12,116.34380340576172,116.90630340576172,116.03130340576172,116.84380340576172,12910
2005-09-13,116.6875,116.96880340576172,116.125,116.375,6055
2005-09-14,116.3125,116.96880340576172,116.28130340576172,116.78130340576172,12172
2005-09-15,115.65630340576172,117.21880340576172,115.375,116.375,7725
2005-09-16,115.15630340576172,115.78130340576172,114.84380340576172,115.65630340576172,6053
2005-09-19,115.25,115.375,115.0,115.0625,6349
2005-09-20,115.46880340576172,115.625,114.625,115.28130340576172,4602
2005-09-21,116.15630340576172,116.28130340576172,115.5625,115.5625,262870
2005-09-22,115.875,116.3125,115.625,115.96880340576172,235756
2005-09-23,115.15630340576172,115.875,114.96880340576172,115.8125,202536
2005-09-26,114.65630340576172,115.0625,114.46880340576172,114.90630340576172,307988
2005-09-27,114.5625,115.0,114.28130340576172,114.625,283204
2005-09-28,115.15630340576172,115.34380340576172,114.3125,114.8125,277039
2005-09-29,114.78130340576172,115.40630340576172,114.5625,115.15630340576172,301029
2005-09-30,114.40630340576172,114.96880340576172,114.21880340576172,114.6875,291256
2005-10-03,113.75,114.6875,113.5625,114.34380340576172,193426
2005-10-04,113.9375,114.15630340576172,113.5625,113.78130340576172,254792
2005-10-05,114.1875,114.5,113.90630340576172,113.96880340576172,247990
2005-10-06,114.125,114.5,113.78130340576172,114.34380340576172,385922
2005-10-07,114.25,114.375,113.21880340576172,113.90630340576172,253090
2005-10-11,114.0,114.5,113.75,114.28130340576172,318547
2005-10-12,113.21880340576172,113.9375,113.0625,113.84380340576172,306052
2005-10-13,112.71880340576172,113.21880340576172,112.4375,113.1875,412321
2005-10-14,112.625,113.3125,112.15630340576172,112.78130340576172,204247
2005-10-17,112.59380340576172,112.9375,112.4375,112.65630340576172,257734
2005-10-18,112.6875,112.90630340576172,112.3125,112.53130340576172,267068
2005-10-19,112.8125,113.28130340576172,112.75,112.78130340576172,282110
2005-10-20,112.90630340576172,113.15630340576172,112.375,112.75,267166
2005-10-21,113.71880340576172,113.90630340576172,112.9375,113.0625,337765
2005-10-24,113.09380340576172,113.84380340576172,112.8125,113.75,389619
2005-10-25,112.4375,113.375,112.125,113.0625,463920
2005-10-26,111.46880340576172,112.3125,111.3125,112.1875,287905
2005-10-27,111.8125,112.0,111.4375,111.4375,298270
2005-10-28,111.8125,112.125,111.34380340576172,111.875,219066
2005-10-31,111.96880340576172,112.25,111.53130340576172,111.6875,292817
2005-11-01,111.78130340576172,112.34380340576172,111.625,111.96880340576172,307190
2005-11-02,111.375,111.96880340576172,111.21880340576172,111.84380340576172,331027
2005-11-03,110.78130340576172,111.65630340576172,110.65630340576172,111.40630340576172,408387
2005-11-04,110.65630340576172,111.28130340576172,110.375,110.75,173344
2005-11-07,110.90630340576172,111.09380340576172,110.53130340576172,110.59380340576172,280758
2005-11-08,111.75,111.90630340576172,110.96880340576172,110.96880340576172,340730
2005-11-09,111.0,111.90630340576172,110.78130340576172,111.78130340576172,365310
2005-11-10,111.9375,112.0,110.84380340576172,110.84380340576172,345477
2005-11-14,111.3125,112.15630340576172,111.03130340576172,111.96880340576172,418989
2005-11-15,111.9375,112.09380340576172,111.125,111.25,410951
2005-11-16,112.71880340576172,112.9375,111.71880340576172,111.875,375994
2005-11-17,113.0,113.3125,112.40630340576172,112.84380340576172,264719
2005-11-18,112.46880340576172,113.09380340576172,112.40630340576172,112.90630340576172,175789
2005-11-21,112.8125,113.0625,112.4375,112.53130340576172,277950
2005-11-22,112.96880340576172,113.0625,112.59380340576172,112.8125,242454
2005-11-23,112.34380340576172,113.0625,112.28130340576172,113.0,111883
2005-11-25,112.90630340576172,112.96880340576172,112.53130340576172,112.5625,416024
2005-11-28,113.34380340576172,113.5625,112.46880340576172,112.96880340576172,480220
2005-11-29,112.4375,113.59380340576172,112.34380340576172,113.34380340576172,122444
2005-11-30,112.28130340576172,112.75,112.0625,112.5,67827
2005-12-01,112.0625,112.6875,111.75,112.40630340576172,29976
2005-12-02,112.15630340576172,112.3125,111.71880340576172,112.125,27414
2005-12-05,111.71880340576172,112.21880340576172,111.46880340576172,112.21880340576172,18169
2005-12-06,112.5625,112.71880340576172,111.6875,111.6875,11158
2005-12-07,112.28130340576172,112.65630340576172,112.09380340576172,112.5625,19948
2005-12-08,112.90630340576172,113.0,112.25,112.25,13300
2005-12-09,112.125,112.9375,112.125,112.9375,7006
2005-12-12,112.03130340576172,112.4375,111.75,112.25,3570
2005-12-13,112.125,112.375,111.9375,112.03130340576172,8335
2005-12-14,113.125,113.40630340576172,112.40630340576172,112.40630340576172,5137
2005-12-15,112.9375,113.375,112.46880340576172,113.09380340576172,5538
2005-12-16,113.28130340576172,113.53130340576172,113.03130340576172,113.03130340576172,6503
2005-12-19,113.34380340576172,113.59380340576172,113.03130340576172,113.28130340576172,1230
2005-12-20,113.25,113.34380340576172,112.96880340576172,113.34380340576172,160537
2005-12-21,112.71880340576172,113.0625,112.46880340576172,112.90630340576172,201522
2005-12-22,113.40630340576172,113.53130340576172,112.59380340576172,112.65630340576172,121850
2005-12-23,114.1875,114.28130340576172,113.28130340576172,113.5,110344
2005-12-27,114.6875,114.78130340576172,113.875,114.28130340576172,125649
2005-12-28,114.3125,114.78130340576172,114.28130340576172,114.6875,101410
2005-12-29,114.4375,114.625,114.15630340576172,114.40630340576172,101134
2005-12-30,114.1875,115.0,114.15630340576172,114.59380340576172,326255
2006-01-03,114.375,114.78130340576172,113.78130340576172,114.21880340576172,314473
2006-01-04,114.46875,114.71875,113.96875,114.4375,278977
2006-01-05,114.4375,114.71875,114.1875,114.59375,375663
2006-01-06,114.125,114.875,114.0,114.4375,196106
2006-01-09,114.125,114.375,113.9375,114.125,361535
2006-01-10,113.53125,114.3125,113.40625,114.21875,274898
2006-01-11,113.21875,113.6875,113.09375,113.46875,326692
2006-01-12,113.84375,113.96875,113.25,113.28125,348875
2006-01-13,114.6875,114.75,113.5625,113.875,240358
2006-01-17,114.875,114.9375,114.34375,114.5625,397180
2006-01-18,114.75,115.40625,114.4375,114.90625,346666
2006-01-19,114.40625,114.84375,114.25,114.8125,255092
2006-01-20,114.625,114.8125,114.34375,114.4375,330292
2006-01-23,114.65625,114.84375,114.03125,114.71875,323709
2006-01-24,114.28125,114.6875,114.0625,114.625,415585
2006-01-25,113.1875,114.3125,113.03125,114.28125,381675
2006-01-26,112.65625,113.34375,112.46875,113.1875,413314
2006-01-27,112.90625,113.15625,112.34375,112.6875,268434
2006-01-30,112.65625,112.78125,112.3125,112.75,346846
2006-01-31,112.84375,113.0,112.4375,112.65625,367397
2006-02-01,112.59375,113.0625,112.375,112.96875,296064
2006-02-02,112.6875,112.9375,112.375,112.59375,629822
2006-02-03,113.28125,113.4375,112.125,112.6875,225684
2006-02-06,113.3125,113.46875,113.0625,113.28125,390175
2006-02-07,112.875,113.5625,112.75,113.21875,301336
2006-02-08,112.53125,113.0625,112.46875,112.875,462110
2006-02-09,112.84375,113.0625,112.15625,112.59375,429856
2006-02-10,112.5,113.46875,112.25,112.78125,167448
2006-02-13,112.40625,112.65625,112.1875,112.4375,336618
2006-02-14,112.0625,112.46875,111.8125,112.40625,328051
2006-02-15,112.1875,112.5625,111.90625,112.125,232155
2006-02-16,112.3125,112.375,111.96875,112.1875,311788
2006-02-17,113.0625,113.15625,112.28125,112.3125,241565
2006-02-21,112.875,113.15625,112.78125,113.125,412550
2006-02-22,113.25,113.375,112.53125,112.8125,416957
2006-02-23,112.875,113.40625,112.6875,113.28125,374682
2006-02-24,112.84375,113.3125,112.625,113.0,385135
2006-02-27,112.5,113.03125,112.3125,112.71875,245985
2006-02-28,113.09375,113.15625,112.4375,112.4375,75876
2006-03-01,112.5625,113.09375,112.375,113.03125,74074
2006-03-02,111.9375,112.625,111.5625,112.5625,31547
2006-03-03,111.375,112.0,111.28125,111.84375,28495
2006-03-06,110.75,111.40625,110.53125,111.3125,27090
2006-03-07,110.75,110.875,110.03125,110.5625,8880
2006-03-08,110.6875,111.03125,110.53125,110.84375,23836
2006-03-09,110.75,110.8125,110.40625,110.75,14350
2006-03-10,110.53125,110.9375,110.125,110.6875,11507
2006-03-13,110.34375,110.4375,110.15625,110.40625,10952
2006-03-14,111.125,111.21875,110.40625,110.40625,6134
2006-03-15,110.65625,111.09375,110.46875,110.96875,4865
2006-03-16,111.46875,111.625,110.4375,110.625,1559
2006-03-17,111.15625,111.34375,111.09375,111.34375,1655
2006-03-20,111.375,111.59375,111.125,111.125,3855
2006-03-21,110.78125,111.46875,110.6875,111.15625,5678
2006-03-22,110.90625,111.15625,110.71875,110.71875,310454
2006-03-23,110.5625,111.125,110.4375,110.875,363876
2006-03-24,111.25,111.53125,110.4375,110.53125,164818
2006-03-27,110.9375,111.375,110.71875,111.28125,312837
2006-03-28,110.09375,110.96875,109.84375,110.90625,321355
2006-03-29,109.6875,110.15625,109.53125,110.0625,414480
2006-03-30,109.1875,109.875,108.8125,109.6875,310210
2006-03-31,109.15625,109.4375,108.875,109.09375,348216
2006-04-03,109.03125,109.3125,108.625,109.21875,276135
2006-04-04,108.96875,109.4375,108.90625,109.09375,224324
2006-04-05,109.25,109.375,109.0,109.03125,338803
2006-04-06,108.625,109.1875,108.375,109.15625,466898
2006-04-07,107.875,108.84375,107.625,108.46875,205719
2006-04-10,107.875,108.0,107.53125,107.625,217956
2006-04-11,108.1875,108.375,107.9375,107.9375,316371
2006-04-12,107.71875,108.5625,107.59375,108.21875,353564
2006-04-13,107.09375,107.78125,106.9375,107.625,251560
2006-04-17,107.40625,107.625,106.9375,107.0625,329569
2006-04-18,107.65625,107.9375,107.3125,107.375,463587
2006-04-19,107.03125,107.9375,106.71875,107.5625,330907
2006-04-20,107.03125,107.21875,106.84375,107.09375,404404
2006-04-21,107.40625,107.53125,106.9375,106.96875,327762
2006-04-24,107.78125,108.09375,107.3125,107.40625,441654
2006-04-25,106.875,107.96875,106.6875,107.8125,339148
2006-04-26,106.59375,106.9375,106.3125,106.875,460053
2006-04-27,106.6875,107.125,106.15625,106.53125,338477
2006-04-28,106.84375,106.96875,106.375,106.78125,306722
2006-05-01,106.21875,107.125,106.0625,106.875,299338
2006-05-02,106.4375,106.5625,105.96875,106.1875,329226
2006-05-03,106.03125,106.53125,105.84375,106.375,329537
2006-05-04,106.0625,106.34375,105.78125,106.09375,453881
2006-05-05,106.5,106.9375,105.96875,106.0,148714
2006-05-08,106.53125,106.71875,106.375,106.59375,201660
2006-05-09,106.5,106.625,106.1875,106.5625,331185
2006-05-10,106.5625,107.0,106.09375,106.46875,393464
2006-05-11,106.1875,106.6875,105.875,106.53125,371316
2006-05-12,105.5625,106.15625,105.375,106.15625,304810
2006-05-15,105.875,106.1875,105.34375,105.34375,272647
2006-05-16,106.40625,106.5,105.75,105.8125,411266
2006-05-17,105.875,106.53125,105.5,106.5,532766
2006-05-18,106.84375,107.0625,105.75,105.9375,481248
2006-05-19,107.15625,107.53125,106.65625,106.9375,370848
2006-05-22,107.21875,107.8125,107.125,107.125,362052
2006-05-23,107.03125,107.4375,106.75,107.21875,562437
2006-05-24,107.25,107.875,107.09375,107.4375,455939
2006-05-25,106.875,107.40625,106.78125,107.1875,325106
2006-05-26,107.03125,107.1875,106.5625,106.875,428320
2006-05-30,106.71875,107.15625,106.625,107.0,213515
2006-05-31,106.40625,107.0,106.125,106.71875,95217
2006-06-01,106.46875,106.75,106.03125,106.3125,82785
2006-06-02,107.6875,107.78125,106.46875,106.53125,36760
2006-06-05,107.5,107.78125,107.34375,107.625,43582
2006-06-06,107.78125,107.9375,107.28125,107.53125,25351
2006-06-07,107.59375,107.875,107.3125,107.8125,16213
2006-06-08,107.9375,108.4375,107.71875,107.71875,12777
2006-06-09,108.125,108.28125,107.75,107.90625,8525
2006-06-12,108.09375,108.25,107.9375,108.15625,6966
2006-06-13,108.34375,108.46875,108.03125,108.15625,8006
2006-06-14,107.5,108.3125,107.34375,108.28125,10052
2006-06-15,107.03125,107.4375,106.96875,107.4375,3112
2006-06-16,106.6875,107.3125,106.59375,106.96875,1905
2006-06-19,106.5,106.71875,106.40625,106.6875,5001
2006-06-20,106.4375,106.625,106.3125,106.625,2886
2006-06-21,106.53125,106.6875,106.40625,106.5,255144
2006-06-22,105.96875,106.46875,105.8125,106.375,249709
2006-06-23,105.6875,106.21875,105.59375,105.84375,142805
2006-06-26,105.5625,105.8125,105.4375,105.625,245610
2006-06-27,105.875,106.0,105.5625,105.5625,204282
2006-06-28,105.46875,106.0,105.375,105.9375,251367
2006-06-29,105.875,106.3125,105.40625,105.46875,398885
2006-06-30,106.65625,106.6875,105.5625,105.9375,92383
2006-07-03,106.53125,106.65625,106.28125,106.59375,339249
2006-07-05,105.75,106.65625,105.4375,106.5625,280676
2006-07-06,106.21875,106.34375,105.65625,105.78125,376114
2006-07-07,106.8125,107.15625,106.21875,106.28125,136516
2006-07-10,106.875,106.9375,106.5625,106.8125,260558
2006-07-11,107.1875,107.46875,106.78125,106.875,255991
2006-07-12,107.25,107.3125,106.6875,107.125,249624
2006-07-13,107.46875,107.5,107.125,107.21875,302223
2006-07-14,107.46875,107.78125,107.21875,107.5,171326
2006-07-17,107.5,107.59375,107.1875,107.4375,345494
2006-07-18,106.84375,107.5625,106.71875,107.53125,504378
2006-07-19,107.59375,107.71875,106.28125,106.84375,292908
2006-07-20,107.90625,108.0625,107.34375,107.625,232291
2006-07-21,107.71875,108.125,107.65625,107.875,175129
2006-07-24,107.71875,107.96875,107.5,107.78125,300598
2006-07-25,107.5,108.0,107.40625,107.65625,299322
2006-07-26,107.78125,107.9375,107.21875,107.5,317493
2006-07-27,107.71875,108.03125,107.5,107.8125,319752
2006-07-28,108.28125,108.46875,107.59375,107.78125,171623
2006-07-31,108.28125,108.34375,108.0,108.21875,284883
2006-08-01,108.28125,108.375,107.90625,108.3125,427958
2006-08-02,108.53125,108.65625,108.0,108.34375,289601
2006-08-03,108.6875,108.84375,108.28125,108.46875,65069
2006-08-04,109.25,109.46875,108.5,108.59375,123637
2006-08-07,109.09375,109.28125,108.96875,109.25,250941
2006-08-08,108.96875,109.59375,108.875,109.09375,267131
2006-08-09,108.78125,108.96875,108.46875,108.96875,335183
2006-08-10,108.65625,108.96875,108.25,108.75,237858
2006-08-11,108.28125,108.6875,108.15625,108.53125,153269
2006-08-14,107.96875,108.25,107.90625,108.1875,345071
2006-08-15,108.71875,108.90625,107.90625,108.03125,364630
2006-08-16,109.3125,109.4375,108.59375,108.6875,272117
2006-08-17,109.3125,109.71875,109.1875,109.375,205532
2006-08-18,109.625,109.6875,109.25,109.3125,164890
2006-08-21,109.78125,109.84375,109.46875,109.5625,284311
2006-08-22,109.875,110.0,109.65625,109.78125,317959
2006-08-23,109.875,109.9375,109.5,109.875,314047
2006-08-24,110.0,110.1875,109.75,109.90625,6305
2006-08-25,110.125,110.21875,109.84375,110.03125,296096
2006-08-28,110.09375,110.21875,109.875,110.15625,478949
2006-08-29,110.1875,110.28125,109.5625,110.125,405592
2006-08-30,110.3125,110.53125,110.09375,110.21875,129477
2006-08-31,110.6875,110.71875,110.28125,110.375,60365
2006-09-01,110.75,110.84375,110.3125,110.625,25706
2006-09-05,110.125,110.65625,110.09375,110.625,46379
2006-09-06,109.90625,110.1875,109.625,110.09375,40641
2006-09-07,110.03125,110.1875,109.625,109.90625,6404
2006-09-08,110.21875,110.40625,110.0,110.03125,15813
2006-09-11,109.9375,110.28125,109.75,110.125,9265
2006-09-12,110.3125,110.375,109.6875,109.84375,7998
2006-09-13,110.375,110.625,110.3125,110.40625,4542
2006-09-14,110.15625,110.65625,110.09375,110.40625,11774
2006-09-15,110.125,110.625,110.0625,110.1875,9517
2006-09-18,109.9375,110.03125,109.5,110.03125,4888
2006-09-19,110.71875,110.8125,109.9375,109.9375,11602
2006-09-20,110.84375,110.96875,110.0625,110.75,495662
2006-09-21,112.03125,112.1875,111.0625,111.1875,372191
2006-09-22,112.59375,112.6875,112.0625,112.125,360885
2006-09-25,113.03125,113.34375,112.5625,112.65625,387326
2006-09-26,112.875,113.28125,112.6875,113.15625,371257
2006-09-27,112.75,113.28125,112.59375,112.8125,318964
2006-09-28,112.40625,112.78125,112.25,112.6875,381298
2006-09-29,112.40625,112.75,112.03125,112.53125,260189
2006-10-02,112.53125,112.8125,112.125,112.375,70248
2006-10-03,112.5625,112.8125,112.375,112.65625,299788
2006-10-04,113.0,113.15625,112.375,112.53125,358759
2006-10-05,112.5,113.03125,112.25,113.03125,401484
2006-10-06,111.5625,113.0,111.46875,112.46875,304133
2006-10-10,111.03125,111.59375,110.8125,111.5625,324203
2006-10-11,110.625,111.28125,110.53125,110.9375,238783
2006-10-12,110.6875,111.03125,110.65625,110.6875,307451
2006-10-13,110.34375,111.03125,110.21875,110.71875,152757
2006-10-16,110.53125,110.65625,110.28125,110.34375,379142
2006-10-17,110.625,111.1875,110.46875,110.625,314091
2006-10-18,110.78125,110.96875,110.4375,110.71875,304642
2006-10-19,110.59375,110.9375,110.3125,110.90625,136333
2006-10-20,110.625,110.78125,110.5,110.59375,311970
2006-10-23,110.125,110.59375,109.84375,110.5625,152733
2006-10-24,110.125,110.25,109.96875,110.0,269679
2006-10-25,110.6875,110.84375,109.96875,110.15625,321178
2006-10-26,111.34375,111.40625,110.71875,110.8125,314202
2006-10-27,111.84375,111.96875,111.25,111.34375,217440
2006-10-30,111.90625,112.0625,111.6875,111.84375,393573
2006-10-31,112.65625,112.75,111.8125,111.9375,371579
2006-11-01,113.15625,113.3125,112.5,112.6875,316213
2006-11-02,112.8125,113.09375,112.65625,113.0625,471632
2006-11-03,111.625,113.0,111.40625,112.8125,200589
2006-11-06,111.71875,111.84375,111.40625,111.59375,350628
2006-11-07,112.21875,112.625,111.8125,111.8125,277302
2006-11-08,112.5625,112.75,112.09375,112.21875,329297
2006-11-09,112.5625,112.6875,112.3125,112.53125,234917
2006-11-10,112.96875,113.15625,112.5,112.5625,242825
2006-11-13,112.8125,113.1875,112.4375,112.9375,407675
2006-11-14,113.28125,113.59375,112.5,112.71875,386991
2006-11-15,112.78125,113.40625,112.65625,113.28125,562851
2006-11-16,112.3125,113.375,112.09375,112.6875,426216
2006-11-17,112.8125,113.125,112.15625,112.15625,213673
2006-11-20,112.9375,113.125,112.6875,112.8125,305092
2006-11-21,113.125,113.25,112.71875,112.875,226051
2006-11-22,113.21875,113.34375,113.03125,113.09375,137686
2006-11-24,113.4375,113.84375,113.1875,113.1875,524855
2006-11-27,113.59375,113.6875,112.8125,113.4375,584084
2006-11-28,113.875,114.21875,113.46875,113.65625,451312
2006-11-29,113.6875,114.125,113.59375,113.9375,124795
2006-11-30,114.375,114.40625,113.625,113.625,89162
2006-12-01,114.625,114.90625,114.0625,114.34375,26211
2006-12-04,114.59375,114.71875,114.25,114.5,32190
2006-12-05,114.46875,114.875,114.15625,114.6875,15174
2006-12-06,114.0625,114.5,114.0,114.40625,54217
2006-12-07,114.0625,114.28125,113.8125,114.0625,11571
2006-12-08,113.3125,114.125,113.25,114.0,3664
2006-12-11,113.71875,113.8125,113.25,113.25,21125
2006-12-12,113.96875,114.0,113.46875,113.78125,8890
2006-12-13,112.96875,114.15625,112.8125,114.03125,4770
2006-12-14,112.71875,113.0625,112.59375,112.90625,7371
2006-12-15,112.6875,113.65625,112.46875,112.75,3899
2006-12-18,112.71875,112.875,112.53125,112.78125,4895
2006-12-19,112.6875,113.0,112.375,112.78125,103516
2006-12-20,112.5625,112.78125,112.46875,112.59375,209581
2006-12-21,113.03125,113.1875,112.5,112.5625,209521
2006-12-22,112.1875,113.09375,112.15625,113.0,56536
2006-12-26,112.46875,112.59375,112.15625,112.21875,119288
2006-12-27,111.90625,112.625,111.78125,112.53125,176775
2006-12-28,111.53125,112.15625,111.125,111.90625,93605
2006-12-29,111.4375,111.71875,111.15625,111.53125,112718
2007-01-02,111.71875,111.875,111.4375,111.46875,318290
2007-01-03,111.9375,112.28125,111.5625,111.78125,308305
2007-01-04,112.40625,112.65625,111.84375,111.96875,412251
2007-01-05,112.15625,112.875,111.5,112.53125,221738
2007-01-08,112.125,112.21875,111.84375,112.15625,248677
2007-01-09,112.125,112.3125,111.90625,112.15625,367190
2007-01-10,111.8125,112.25,111.5625,112.125,21385
2007-01-11,111.1875,111.8125,110.9375,111.75,23217
2007-01-12,110.8125,111.28125,110.71875,111.21875,237148
2007-01-16,110.96875,111.1875,110.75,110.75,350410
2007-01-17,110.5625,111.21875,110.53125,111.0,441245
2007-01-18,110.9375,111.03125,110.25,110.65625,313493
2007-01-19,110.78125,111.125,110.5,111.0,190828
2007-01-22,110.9375,111.0625,110.59375,110.71875,421973
2007-01-23,110.40625,111.0,110.28125,110.875,286489
2007-01-24,110.3125,110.59375,110.1875,110.34375,419847
2007-01-25,109.71875,110.40625,109.53125,110.28125,401945
2007-01-26,109.53125,109.8125,109.1875,109.59375,253340
2007-01-29,109.40625,109.78125,109.25,109.5625,220845
2007-01-30,109.5,109.625,109.34375,109.34375,551826
2007-01-31,110.125,110.34375,109.21875,109.5625,539740
2007-02-01,110.0625,110.84375,109.9375,110.28125,405672
2007-02-02,110.09375,110.53125,109.875,110.09375,115978
2007-02-05,110.3125,110.4375,110.0625,110.125,385234
2007-02-06,110.78125,110.875,110.0625,110.34375,395766
2007-02-07,110.96875,111.09375,110.59375,110.78125,374831
2007-02-08,111.09375,111.28125,110.78125,110.96875,390382
2007-02-09,110.5,111.0625,110.375,111.03125,234933
2007-02-12,110.3125,110.59375,110.1875,110.53125,283227
2007-02-13,110.1875,110.5,110.0625,110.3125,432749
2007-02-14,111.03125,111.125,110.15625,110.1875,414008
2007-02-15,111.3125,111.53125,110.78125,110.875,300667
2007-02-16,111.5,111.84375,111.25,111.28125,235484
2007-02-20,111.625,111.6875,111.21875,111.46875,421599
2007-02-21,111.46875,111.78125,111.125,111.625,473373
2007-02-22,111.0625,111.46875,110.875,111.46875,534405
2007-02-23,111.625,111.84375,110.9375,111.03125,507582
2007-02-26,112.1875,112.3125,111.59375,111.625,857405
2007-02-27,113.40625,114.125,112.15625,112.21875,342810
2007-02-28,113.0,113.46875,112.65625,113.4375,91392
2007-03-01,112.875,113.5,112.6875,112.8125,63234
2007-03-02,113.25,113.4375,112.75,112.875,71719
2007-03-05,113.25,114.0,113.15625,113.40625,14631
2007-03-06,113.21875,113.46875,113.0,113.40625,9714
2007-03-07,113.5,113.625,113.09375,113.125,14502
2007-03-08,113.375,113.59375,113.125,113.59375,18278
2007-03-09,112.5,113.3125,112.3125,113.21875,1970
2007-03-12,112.84375,113.03125,112.3125,113.0,1962
2007-03-13,113.3125,113.46875,112.6875,112.78125,31230
2007-03-14,113.0,113.5625,112.875,113.53125,6464
2007-03-15,112.9375,113.03125,112.71875,112.84375,8687
2007-03-16,112.875,113.0,112.53125,113.0,3871
2007-03-19,112.5625,112.9375,112.46875,112.9375,1524
2007-03-20,112.78125,112.9375,112.53125,112.53125,9345
2007-03-21,112.40625,112.75,112.3125,112.6875,450003
2007-03-22,112.0625,112.78125,111.875,112.71875,510453
2007-03-23,111.84375,112.34375,111.75,112.0625,310384
2007-03-26,112.03125,112.34375,111.5625,111.8125,301943
2007-03-27,111.75,112.0,111.59375,111.875,365708
2007-03-28,111.59375,112.25,111.4375,111.84375,528799
2007-03-29,111.5625,111.6875,111.3125,111.59375,329511
2007-03-30,111.25,112.0,111.125,111.40625,599485
2007-04-02,111.34375,111.53125,111.21875,111.28125,242298
2007-04-03,111.1875,111.40625,111.125,111.34375,241328
2007-04-04,111.28125,111.5625,111.09375,111.1875,281365
2007-04-05,111.03125,111.40625,110.9375,111.3125,228070
2007-04-09,110.375,110.53125,110.25,110.25,141756
2007-04-10,110.5625,110.75,110.34375,110.375,227320
2007-04-11,110.4375,110.75,110.375,110.5625,256237
2007-04-12,110.46875,110.78125,110.375,110.46875,266636
2007-04-13,110.25,110.71875,110.0625,110.46875,319516
2007-04-16,110.59375,110.71875,110.0625,110.1875,324579
2007-04-17,111.125,111.21875,110.375,110.65625,356770
2007-04-18,111.46875,111.59375,111.09375,111.15625,259763
2007-04-19,111.34375,111.8125,111.15625,111.5,355757
2007-04-20,111.28125,111.5,111.03125,111.3125,190793
2007-04-23,111.46875,111.65625,111.03125,111.21875,263750
2007-04-24,111.71875,111.90625,111.46875,111.53125,290296
2007-04-25,111.5,111.84375,111.34375,111.71875,289294
2007-04-26,111.0625,111.53125,110.875,111.4375,329739
2007-04-27,110.90625,111.4375,110.8125,110.9375,338914
2007-04-30,111.75,111.84375,110.90625,110.9375,354808
2007-05-01,111.71875,112.03125,111.375,111.78125,385045
2007-05-02,111.71875,111.90625,111.53125,111.71875,269482
2007-05-03,111.4375,112.0625,111.21875,111.75,375773
2007-05-04,111.84375,111.9375,110.46875,111.4375,402497
2007-05-07,111.9375,112.0625,111.625,111.8125,161123
2007-05-08,111.84375,112.3125,111.78125,112.03125,300092
2007-05-09,111.34375,111.90625,111.25,111.8125,230921
2007-05-10,111.5625,111.6875,111.1875,111.375,400139
2007-05-11,111.3125,112.03125,111.1875,111.59375,436548
2007-05-14,111.125,111.375,111.03125,111.25,207140
2007-05-15,110.875,111.34375,110.65625,111.03125,459724
2007-05-16,110.9375,111.1875,110.78125,110.90625,254446
2007-05-17,110.4375,111.03125,110.375,110.875,359054
2007-05-18,109.9375,110.65625,109.78125,110.5,351980
2007-05-21,110.09375,110.15625,109.71875,109.9375,243277
2007-05-22,109.59375,110.15625,109.5625,110.125,444476
2007-05-23,109.25,109.71875,109.0625,109.625,593834
2007-05-24,109.28125,109.53125,108.78125,109.34375,580961
2007-05-25,109.25,109.59375,109.0625,109.4375,310079
2007-05-29,109.09375,109.375,109.0,109.21875,514084
2007-05-30,109.15625,109.5,109.03125,109.03125,503867
2007-05-31,109.15625,109.375,108.6875,109.21875,198514
2007-06-01,108.53125,109.3125,108.4375,109.125,71764
2007-06-04,108.9375,108.96875,108.5,108.5625,48175
2007-06-05,108.4375,108.96875,108.25,108.875,52261
2007-06-06,108.375,108.5,108.25,108.3125,37133
2007-06-07,107.03125,108.40625,106.6875,108.40625,18688
2007-06-08,106.875,107.0625,105.6875,106.71875,32592
2007-06-11,106.71875,106.9375,106.4375,106.875,12901
2007-06-12,105.5625,106.53125,105.03125,106.5,9564
2007-06-13,106.1875,106.25,104.96875,105.0625,6094
2007-06-14,106.03125,106.4375,105.59375,106.0,5678
2007-06-15,106.40625,106.53125,105.875,105.875,5762
2007-06-18,106.625,106.65625,106.1875,106.59375,2989
2007-06-19,107.1875,107.125,106.65625,106.78125,1494
2007-06-20,106.78125,107.40625,106.65625,107.3125,411979
2007-06-21,106.125,106.625,105.78125,106.53125,461063
2007-06-22,106.375,106.5,105.65625,105.90625,418888
2007-06-25,107.03125,107.09375,106.375,106.46875,354312
2007-06-26,106.78125,107.1875,106.65625,106.9375,410001
2007-06-27,107.125,107.5625,106.84375,107.0,404237
2007-06-28,106.78125,107.21875,106.71875,107.0,393595
2007-06-29,107.75,107.875,106.8125,106.875,511516
2007-07-02,108.03125,108.1875,107.5625,107.65625,261974
2007-07-03,107.5,108.15625,107.4375,108.0625,247699
2007-07-05,106.5625,107.40625,106.4375,107.40625,290040
2007-07-06,106.09375,106.75,105.96875,106.59375,396651
2007-07-09,106.46875,106.65625,106.03125,106.21875,213450
2007-07-10,107.65625,107.90625,106.46875,106.59375,545503
2007-07-11,107.1875,108.21875,106.96875,107.8125,605009
2007-07-12,106.84375,107.5,106.5,107.03125,449709
2007-07-13,106.96875,107.28125,106.53125,106.65625,380491
2007-07-16,107.71875,107.78125,107.03125,107.09375,298854
2007-07-17,107.28125,107.78125,107.0625,107.6875,470344
2007-07-18,107.96875,108.125,107.34375,107.65625,528084
2007-07-19,107.78125,107.90625,107.3125,107.6875,323128
2007-07-20,108.40625,108.6875,107.71875,107.84375,423488
2007-07-23,108.375,108.6875,108.15625,108.5,228763
2007-07-24,108.46875,108.8125,108.25,108.46875,474207
2007-07-25,108.875,109.0,108.375,108.78125,426685
2007-07-26,109.90625,110.15625,108.6875,108.84375,762280
2007-07-27,109.78125,110.3125,109.5,109.84375,628385
2007-07-30,109.625,110.125,109.5,109.9375,386402
2007-07-31,110.0625,110.34375,109.1875,109.625,571831
2007-08-01,110.0625,110.78125,109.8125,110.34375,604177
2007-08-02,110.21875,110.25,109.6875,109.875,392670
2007-08-03,110.625,110.84375,109.90625,110.03125,416467
2007-08-06,110.1875,110.875,109.96875,110.75,349523
2007-08-07,110.1875,110.5625,109.6875,110.15625,357257
2007-08-08,108.9375,109.8125,108.625,109.8125,417132
2007-08-09,109.125,109.84375,108.65625,108.71875,604977
2007-08-10,109.3125,109.6875,108.96875,109.3125,396734
2007-08-13,109.46875,109.5625,108.84375,109.03125,263936
2007-08-14,109.8125,109.9375,109.0,109.5,378166
2007-08-15,109.5625,110.125,109.34375,109.8125,386424
2007-08-16,110.59375,110.9375,109.53125,109.5625,527600
2007-08-17,109.84375,110.59375,109.25,110.15625,413013
2007-08-20,110.25,110.5625,109.5625,109.875,261460
2007-08-21,110.625,110.78125,110.21875,110.25,320286
2007-08-22,110.375,110.59375,109.90625,110.5625,295979
2007-08-23,110.6875,110.71875,109.71875,110.125,275181
2007-08-24,110.84375,111.0,110.4375,110.4375,322023
2007-08-27,111.34375,111.53125,110.625,110.875,357378
2007-08-28,111.625,111.875,111.28125,111.4375,517109
2007-08-29,111.46875,112.03125,111.3125,111.84375,491487
2007-08-30,112.09375,112.125,111.34375,111.40625,506439
2007-08-31,111.78125,112.125,111.5,112.03125,128737
2007-09-04,111.65625,112.09375,111.40625,111.8125,57037
2007-09-05,112.5,112.59375,111.40625,111.625,67667
2007-09-06,112.28125,112.65625,112.125,112.46875,37374
2007-09-07,113.53125,113.875,112.125,112.125,20803
2007-09-10,114.1875,114.40625,113.4375,113.5,10492
2007-09-11,114.0,114.71875,113.84375,114.71875,11261
2007-09-12,113.53125,114.25,113.46875,114.125,3418
2007-09-13,112.8125,113.625,112.65625,113.46875,8152
2007-09-14,112.96875,113.625,112.625,113.0625,10466
2007-09-17,113.0,113.15625,112.59375,112.96875,13142
2007-09-18,112.78125,113.71875,112.15625,113.0625,10182
2007-09-19,111.78125,112.71875,111.65625,112.5625,397089
2007-09-20,110.25,111.71875,109.90625,111.65625,456385
2007-09-21,110.75,110.90625,109.90625,110.0,374645
2007-09-24,110.875,110.96875,110.3125,110.71875,218031
2007-09-25,110.8125,111.40625,110.625,110.75,281536
2007-09-26,110.71875,110.90625,110.1875,110.65625,313260
2007-09-27,111.34375,111.4375,110.375,110.71875,294466
2007-09-28,111.34375,111.90625,110.8125,111.34375,347108
2007-10-01,111.71875,111.875,111.1875,111.21875,279586
2007-10-02,112.0,112.3125,111.4375,111.875,316706
2007-10-03,111.84375,112.3125,111.5,112.0625,278158
2007-10-04,112.09375,112.21875,111.46875,111.625,194927
2007-10-05,110.78125,112.21875,110.46875,112.15625,0
2007-10-09,110.78125,111.15625,110.5625,110.6875,236795
2007-10-10,110.78125,111.125,110.4375,110.75,271735
2007-10-11,110.625,110.875,110.0625,110.71875,359724
2007-10-12,110.375,110.96875,110.15625,110.875,345794
2007-10-15,110.4375,110.53125,110.0625,110.3125,204461
2007-10-16,110.40625,110.84375,110.25,110.4375,290667
2007-10-17,111.6875,111.84375,110.40625,110.46875,505909
2007-10-18,112.15625,112.25,111.40625,111.5,300630
2007-10-19,113.21875,113.53125,112.1875,112.1875,379463
2007-10-22,113.40625,113.78125,112.90625,113.4375,379529
2007-10-23,113.1875,113.40625,112.875,113.1875,326311
2007-10-24,113.9375,114.15625,113.15625,113.1875,433554
2007-10-25,113.78125,114.0625,113.40625,113.8125,326361
2007-10-26,113.5,113.90625,113.1875,113.46875,316432
2007-10-29,113.65625,113.8125,113.125,113.375,174152
2007-10-30,113.59375,113.8125,113.21875,113.65625,227021
2007-10-31,112.59375,113.625,112.53125,113.59375,360103
2007-11-01,113.84375,114.0625,112.21875,112.59375,481617
2007-11-02,114.5,114.65625,113.3125,113.84375,577574
2007-11-05,114.1875,114.78125,113.84375,114.3125,317036
2007-11-06,113.75,114.25,113.5,114.0625,375881
2007-11-07,113.71875,114.25,113.40625,113.59375,470638
2007-11-08,114.0625,114.28125,113.59375,113.90625,492234
2007-11-09,114.6875,114.78125,113.71875,113.90625,0
2007-11-13,114.40625,114.78125,114.1875,114.75,294673
2007-11-14,114.40625,114.53125,113.8125,114.3125,367378
2007-11-15,115.40625,115.5625,114.25,114.53125,421815
2007-11-16,115.5625,115.75,115.125,115.53125,380465
2007-11-19,116.21875,116.53125,115.1875,115.25,394512
2007-11-20,116.25,116.4375,115.8125,116.15625,364930
2007-11-21,116.5,116.9375,115.9375,115.96875,253656
2007-11-23,116.875,116.96875,116.34375,116.53125,96839
2007-11-26,118.78125,119.375,116.53125,116.78125,555283
2007-11-27,117.625,118.875,116.90625,118.71875,745500
2007-11-28,116.9375,117.75,116.6875,117.53125,615524
2007-11-29,117.78125,118.34375,116.40625,116.71875,675740
2007-11-30,117.1875,118.15625,116.59375,117.90625,214929
2007-12-03,118.0,118.40625,117.21875,117.40625,70051
2007-12-04,118.0,118.625,117.59375,118.1875,38425
2007-12-05,117.65625,118.0,116.96875,117.96875,25433
2007-12-06,116.625,117.125,116.34375,117.0625,22134
2007-12-07,115.1875,116.65625,115.03125,116.59375,17456
2007-12-10,114.8125,115.8125,114.46875,115.3125,7335
2007-12-11,116.4375,116.71875,114.71875,114.71875,10052
2007-12-12,115.65625,116.3125,114.5,116.125,4054
2007-12-13,114.5,115.625,114.15625,115.5625,2203
2007-12-14,113.8125,114.4375,113.6875,114.15625,3125
2007-12-17,114.34375,114.9375,114.0625,114.3125,8192
2007-12-18,115.28125,115.4375,114.53125,114.75,2041
2007-12-19,115.71875,115.84375,115.15625,115.1875,338393
2007-12-20,116.5625,117.03125,116.0625,116.40625,254948
2007-12-21,115.0,116.28125,114.78125,116.21875,196189
2007-12-24,114.375,114.9375,114.28125,114.78125,41418
2007-12-26,113.53125,114.71875,113.40625,114.375,84204
2007-12-27,114.4375,114.6875,113.5,113.59375,126608
2007-12-28,115.6875,116.125,114.3125,114.5,136238
2007-12-31,116.375,116.71875,115.78125,115.84375,88996
2008-01-02,117.90625,118.09375,116.0,116.40625,267629
2008-01-03,117.75,118.125,117.1875,117.75,256771
2008-01-04,118.09375,118.5625,117.40625,117.875,374593
2008-01-07,118.40625,118.5,117.5625,117.90625,292333
2008-01-08,118.28125,118.96875,117.65625,118.3125,342312
2008-01-09,118.8125,119.21875,118.375,118.8125,375925
2008-01-10,117.4375,118.84375,117.3125,118.53125,459450
2008-01-11,118.25,118.5,117.1875,117.4375,423399
2008-01-14,118.5,118.71875,118.09375,118.28125,301115
2008-01-15,119.53125,119.8125,118.53125,118.59375,430539
2008-01-16,119.1875,120.375,118.84375,119.84375,535259
2008-01-17,120.09375,120.4375,118.8125,118.875,456670
2008-01-18,119.59375,120.1875,119.40625,120.09375,456670
2008-01-22,120.78125,121.5625,119.53125,120.21875,642893
2008-01-23,121.4375,122.875,119.3125,121.34375,810381
2008-01-24,118.96875,120.8125,118.1875,119.6875,653888
2008-01-25,119.875,120.15625,118.1875,118.34375,521887
2008-01-28,119.96875,120.5,119.625,119.96875,335656
2008-01-29,119.3125,120.125,118.75,119.875,361492
2008-01-30,118.3125,119.78125,117.84375,119.0,414285
2008-01-31,119.3125,119.96875,118.78125,119.09375,549480
2008-02-01,119.78125,120.28125,119.0,119.59375,575965
2008-02-04,119.1875,119.96875,118.96875,119.96875,286876
2008-02-05,119.78125,120.625,118.78125,119.15625,470338
2008-02-06,119.375,120.3125,119.21875,119.96875,385759
2008-02-07,117.8125,119.9375,117.03125,119.65625,638408
2008-02-08,118.71875,118.96875,117.46875,117.46875,444447
2008-02-11,119.28125,119.78125,118.625,118.875,327435
2008-02-12,118.5,119.40625,117.96875,119.28125,369131
2008-02-13,118.0625,118.875,117.59375,118.71875,440374
2008-02-14,116.40625,117.9375,115.875,117.6875,583911
2008-02-15,117.0,117.25,116.15625,116.53125,314484
2008-02-19,116.0625,117.09375,115.625,117.03125,421502
2008-02-20,115.90625,116.375,115.09375,115.84375,620583
2008-02-21,117.25,117.71875,116.03125,116.28125,576052
2008-02-22,117.0625,117.84375,116.875,117.34375,442149
2008-02-25,115.84375,117.0625,115.53125,116.9375,448625
2008-02-26,116.0,116.21875,115.4375,115.9375,586532
2008-02-27,116.21875,116.78125,115.625,116.0625,728597
2008-02-28,117.71875,118.34375,116.21875,116.21875,830151
2008-02-29,119.6875,120.0,118.21875,118.21875,312368
2008-03-03,119.67188262939453,120.03125,119.0625,119.96875,158906
2008-03-04,119.0,119.84375,118.375,119.45313262939453,75421
2008-03-05,117.54688262939453,119.04688262939453,117.375,118.625,55695
2008-03-06,117.95313262939453,118.39063262939453,117.51563262939453,117.75,25854
2008-03-07,118.42188262939453,119.67188262939453,117.5625,118.5,17598
2008-03-10,119.85938262939453,120.15625,118.46875,118.46875,8922
2008-03-11,118.26563262939453,119.82813262939453,117.82813262939453,119.78125,15827
2008-03-12,120.01563262939453,120.84375,118.25,118.45313262939453,8188
2008-03-13,119.39063262939453,121.375,118.90625,120.09375,10149
2008-03-14,120.70313262939453,121.53125,119.375,119.78125,13445
2008-03-17,121.48438262939453,121.65625,120.28125,120.51563262939453,15517
2008-03-18,120.64063262939453,121.48438262939453,120.23438262939453,121.28125,17734
2008-03-19,121.1875,121.4375,120.04688262939453,120.04688262939453,440695
2008-03-20,120.95313262939453,121.01563262939453,119.875,120.39063262939453,272667
2008-03-24,118.79688262939453,120.84375,118.0625,120.84375,218703
2008-03-25,119.0625,119.21875,118.15625,118.17188262939453,261561
2008-03-26,118.8125,119.60938262939453,118.53125,118.95313262939453,268208
2008-03-27,118.17188262939453,119.17188262939453,117.71875,119.07813262939453,324076
2008-03-28,118.53125,119.01563262939453,117.64063262939453,118.0,224528
2008-03-31,118.79688262939453,119.59375,118.53125,118.875,336283
2008-04-01,117.64063262939453,119.03125,117.04688262939453,119.03125,455146
2008-04-02,117.45313262939453,118.15625,117.04688262939453,117.5,296878
2008-04-03,117.54688262939453,118.125,117.20313262939453,117.32813262939453,231262
2008-04-04,119.10938262939453,119.45313262939453,117.5,117.57813262939453,355594
2008-04-07,118.34375,119.23438262939453,117.57813262939453,119.17188262939453,224078
2008-04-08,118.26563262939453,119.23438262939453,118.10938262939453,118.53125,219600
2008-04-09,119.42188262939453,119.60938262939453,117.875,118.15625,245662
2008-04-10,119.03125,119.76563262939453,118.53125,119.23438262939453,260194
2008-04-11,119.67188262939453,120.0,118.75,118.92188262939453,215160
2008-04-14,119.29688262939453,120.14063262939453,119.10938262939453,119.73438262939453,215496
2008-04-15,118.42188262939453,119.57813262939453,117.95313262939453,119.21875,278261
2008-04-16,117.0,118.42188262939453,116.76563262939453,118.0,343723
2008-04-17,116.6875,117.46875,116.40625,117.125,269993
2008-04-18,116.4375,117.01563262939453,115.42188262939453,116.71875,294581
2008-04-21,117.07813262939453,117.15625,116.125,116.76563262939453,211895
2008-04-22,117.15625,117.57813262939453,116.53125,117.0,244169
2008-04-23,116.98438262939453,117.60938262939453,116.3125,117.4375,235935
2008-04-24,116.10938262939453,117.17188262939453,115.59375,116.90625,281087
2008-04-25,115.59375,116.09375,115.25,116.04688262939453,246625
2008-04-28,116.03125,116.1875,115.14063262939453,115.45313262939453,188869
2008-04-29,116.10938262939453,116.84375,115.92188262939453,116.04688262939453,229574
2008-04-30,116.89063262939453,117.25,115.6875,116.1875,279992
2008-05-01,117.14063262939453,117.9375,116.64063262939453,117.17188262939453,318502
2008-05-02,116.23438262939453,117.73438262939453,115.71875,116.89063262939453,372480
2008-05-05,116.125,116.76563262939453,115.28125,116.10938262939453,183314
2008-05-06,115.42188262939453,116.64063262939453,115.07813262939453,115.89063262939453,245169
2008-05-07,115.75,116.04688262939453,114.89063262939453,115.14063262939453,291000
2008-05-08,116.76563262939453,117.14063262939453,115.67188262939453,115.9375,339969
2008-05-09,117.25,117.65625,116.90625,117.0,237358
2008-05-12,117.25,117.85938262939453,116.875,117.26563262939453,215394
2008-05-13,115.84375,117.64063262939453,115.5625,117.07813262939453,333096
2008-05-14,115.5,116.46875,115.125,115.53125,362701
2008-05-15,116.42188262939453,116.78125,115.28125,115.78125,289931
2008-05-16,116.45313262939453,117.42188262939453,115.90625,116.70313262939453,403617
2008-05-19,116.60938262939453,116.9375,115.96875,116.46875,263138
2008-05-20,117.29688262939453,117.35938262939453,116.375,116.625,369576
2008-05-21,116.96875,117.42188262939453,116.57813262939453,117.32813262939453,361960
2008-05-22,115.8125,117.29688262939453,115.35938262939453,117.15625,500726
2008-05-23,116.85938262939453,116.89063262939453,115.60938262939453,115.79688262939453,500726
2008-05-27,115.64063262939453,116.85938262939453,115.5,116.625,498588
2008-05-28,114.76563262939453,115.875,114.5,115.65625,642429
2008-05-29,113.9375,114.89063262939453,113.375,114.8125,719421
2008-05-30,114.46875,114.625,113.92188262939453,113.96875,198775
2008-06-02,115.04688262939453,115.35938262939453,114.125,114.1875,67896
2008-06-03,115.89063262939453,116.09375,114.42188262939453,115.09375,61553
2008-06-04,115.25,116.32813262939453,114.75,115.82813262939453,48473
2008-06-05,114.25,115.23438262939453,113.98438262939453,115.09375,43512
2008-06-06,115.10938262939453,115.51563262939453,113.34375,114.07813262939453,44741
2008-06-09,114.9375,115.60938262939453,114.07813262939453,115.51563262939453,33162
2008-06-10,113.95313262939453,114.78125,113.625,114.78125,23459
2008-06-11,114.125,114.89063262939453,113.71875,113.84375,15148
2008-06-12,112.9375,114.25,112.6875,114.09375,4951
2008-06-13,112.54688262939453,113.29688262939453,112.45313262939453,112.90625,7310
2008-06-16,112.79688262939453,113.1875,112.45313262939453,112.75,3519
2008-06-17,112.8125,113.35938262939453,112.5,112.67188262939453,3532
2008-06-18,113.57813262939453,113.92188262939453,112.8125,113.07813262939453,10279
2008-06-19,113.25,114.0625,112.10938262939453,113.64063262939453,301759
2008-06-20,113.45313262939453,113.51563262939453,112.54688262939453,112.57813262939453,269567
2008-06-23,113.28125,113.89063262939453,113.09375,113.125,208119
2008-06-24,114.125,114.40625,113.1875,113.29688262939453,273389
2008-06-25,113.96875,114.39063262939453,113.125,114.29688262939453,280000
2008-06-26,115.0,115.125,113.70313262939453,114.15625,324159
2008-06-27,115.65625,116.07813262939453,114.82813262939453,114.98438262939453,321418
2008-06-30,115.59375,116.21875,115.39063262939453,115.8125,330692
2008-07-01,115.51563262939453,116.5,115.42188262939453,115.67188262939453,360947
2008-07-02,116.125,116.17188262939453,115.125,115.59375,300598
2008-07-03,115.875,116.48438262939453,115.39063262939453,116.17188262939453,285716
2008-07-07,116.29688262939453,117.21875,115.48438262939453,116.04688262939453,352450
2008-07-08,116.84375,116.95313262939453,116.10938262939453,116.5,317949
2008-07-09,117.1875,117.4375,116.45313262939453,116.78125,276812
2008-07-10,117.3125,117.53125,116.76563262939453,117.34375,356863
2008-07-11,115.84375,117.51563262939453,115.46875,117.32813262939453,462621
2008-07-14,116.73438262939453,117.23438262939453,115.01563262939453,115.5625,453957
2008-07-15,116.875,117.5625,116.75,116.98438262939453,399295
2008-07-16,115.5,117.20313262939453,115.20313262939453,117.0625,420094
2008-07-17,114.64063262939453,115.70313262939453,114.46875,115.51563262939453,351602
2008-07-18,114.32813262939453,115.34375,114.17188262939453,115.0,294066
2008-07-21,114.54688262939453,114.92188262939453,114.0625,114.32813262939453,230179
2008-07-22,114.15625,115.0625,113.76563262939453,114.8125,320352
2008-07-23,113.60938262939453,114.17188262939453,113.34375,114.14063262939453,323382
2008-07-24,115.0,115.15625,113.6875,113.89063262939453,315710
2008-07-25,113.8125,115.45313262939453,113.73438262939453,115.07813262939453,370379
2008-07-28,115.03125,115.375,113.75,113.8125,277666
2008-07-29,114.89063262939453,115.25,114.23438262939453,115.23438262939453,266717
2008-07-30,114.82813262939453,115.3125,113.95313262939453,114.90625,352276
2008-07-31,115.5,115.96875,114.57813262939453,114.8125,330797
2008-08-01,115.90625,116.15625,115.1875,115.82813262939453,272162
2008-08-04,115.70313262939453,116.21875,115.48438262939453,116.03125,217613
2008-08-05,115.28125,116.125,115.0625,115.70313262939453,235501
2008-08-06,114.65625,115.46875,114.25,115.10938262939453,323766
2008-08-07,116.25,116.48438262939453,114.54688262939453,114.54688262939453,419252
2008-08-08,116.375,116.67188262939453,115.9375,116.3125,244527
2008-08-11,115.5625,116.71875,115.03125,116.59375,269090
2008-08-12,116.5,116.64063262939453,115.46875,115.5625,227004
2008-08-13,116.07813262939453,116.96875,115.89063262939453,116.59375,250329
2008-08-14,116.90625,117.17188262939453,115.96875,116.17188262939453,266839
2008-08-15,117.48438262939453,117.65625,116.64063262939453,116.875,190430
2008-08-18,117.92188262939453,118.0625,117.375,117.59375,153982
2008-08-19,117.57813262939453,118.17188262939453,117.40625,117.92188262939453,262130
2008-08-20,118.04688262939453,118.29688262939453,117.40625,117.60938262939453,276776
2008-08-21,117.73438262939453,118.29688262939453,117.32813262939453,118.0,355574
2008-08-22,117.6875,117.9375,117.17188262939453,117.78125,242457
2008-08-25,118.54688262939453,119.04688262939453,117.59375,117.65625,315884
2008-08-26,118.625,118.82813262939453,118.28125,118.6875,351483
2008-08-27,118.79688262939453,118.89063262939453,117.89063262939453,118.71875,578983
2008-08-28,118.78125,119.0,118.17188262939453,118.82813262939453,420675
2008-08-29,118.1875,119.375,117.89063262939453,118.84375,128411
2008-09-02,118.98438262939453,119.17188262939453,117.45313262939453,118.03125,76170
2008-09-03,119.45313262939453,119.53125,118.8125,119.03125,53026
2008-09-04,119.9375,120.15625,119.09375,119.4375,42314
2008-09-05,119.9375,121.10938262939453,119.45313262939453,120.23438262939453,43550
2008-09-08,120.10938262939453,120.40625,118.0625,119.14063262939453,31277
2008-09-09,121.04688262939453,121.3125,119.70313262939453,120.125,6243
2008-09-10,120.54688262939453,121.32813262939453,120.21875,121.1875,11904
2008-09-11,120.84375,121.48438262939453,120.375,120.67188262939453,14745
2008-09-12,119.45313262939453,121.07813262939453,119.42188262939453,120.53125,7365
2008-09-15,122.1875,123.6875,120.3125,120.46875,10105
2008-09-16,122.54688262939453,124.73438262939453,121.64063262939453,123.51563262939453,15892
2008-09-17,122.89063262939453,124.20313262939453,121.57813262939453,121.90625,7624
2008-09-18,122.79688262939453,123.4375,121.25,123.0625,11128
2008-09-19,119.21875,122.07813262939453,118.84375,121.67188262939453,364281
2008-09-22,117.45313262939453,118.40625,116.40625,118.34375,325522
2008-09-23,117.04688262939453,117.875,116.71875,117.3125,278127
2008-09-24,117.35938262939453,118.07813262939453,116.75,117.125,236406
2008-09-25,116.76563262939453,117.375,116.09375,116.9375,265406
2008-09-26,117.4375,117.73438262939453,116.70313262939453,116.82813262939453,215773
2008-09-29,119.82813262939453,121.0,116.78125,117.125,348129
2008-09-30,117.17188262939453,120.03125,116.875,119.96875,314921
2008-10-01,118.20313262939453,119.5625,116.90625,117.26563262939453,354466
2008-10-02,119.39063262939453,119.59375,118.04688262939453,118.5625,242100
2008-10-03,119.64063262939453,120.45313262939453,117.82813262939453,119.46875,305867
2008-10-06,121.96875,122.35938262939453,120.15625,120.3125,333702
2008-10-07,120.73438262939453,121.79688262939453,120.1875,121.5,312343
2008-10-08,118.28125,121.89063262939453,117.40625,120.35938262939453,473959
2008-10-09,116.51563262939453,119.04688262939453,116.42188262939453,118.51563262939453,293455
2008-10-10,116.625,117.64063262939453,116.01563262939453,117.15625,237637
2008-10-13,115.04688262939453,116.60938262939453,114.5,116.60938262939453,36935
2008-10-14,114.78125,115.42188262939453,113.84375,114.82813262939453,223174
2008-10-15,114.25,114.98438262939453,113.25,113.90625,205708
2008-10-16,114.39063262939453,114.92188262939453,113.32813262939453,114.67188262939453,220658
2008-10-17,113.04688262939453,114.625,112.53125,113.79688262939453,207020
2008-10-20,113.48438262939453,113.89063262939453,112.59375,113.0,149238
2008-10-21,115.17188262939453,115.59375,113.53125,113.75,207827
2008-10-22,115.85938262939453,116.5,114.78125,114.90625,203435
2008-10-23,117.95313262939453,118.20313262939453,115.75,116.10938262939453,289254
2008-10-24,116.95313262939453,119.90625,116.8125,117.0,244790
2008-10-27,117.32813262939453,118.85938262939453,116.89063262939453,117.14063262939453,198753
2008-10-28,116.35938262939453,118.23438262939453,115.82813262939453,117.5,205045
2008-10-29,115.03125,117.10938262939453,114.875,115.98438262939453,194532
2008-10-30,114.3125,115.54688262939453,113.60938262939453,115.42188262939453,172318
2008-10-31,113.125,115.25,112.92188262939453,113.70313262939453,230036
2008-11-03,113.54688262939453,113.57813262939453,112.60938262939453,113.14063262939453,120413
2008-11-04,115.35938262939453,115.9375,113.03125,113.39063262939453,154343
2008-11-05,116.625,117.39063262939453,115.01563262939453,115.8125,212410
2008-11-06,116.79688262939453,117.21875,115.625,116.75,183205
2008-11-07,116.35938262939453,117.875,115.6875,116.84375,169366
2008-11-10,117.64063262939453,117.76563262939453,115.25,115.79688262939453,125589
2008-11-11,118.4375,118.67188262939453,117.5625,117.57813262939453,38688
2008-11-12,118.09375,118.6875,117.54688262939453,118.23438262939453,175954
2008-11-13,117.01563262939453,118.625,116.42188262939453,118.32813262939453,263070
2008-11-14,118.54688262939453,119.14063262939453,116.5,116.59375,200943
2008-11-17,118.8125,119.64063262939453,118.28125,118.78125,146346
2008-11-18,120.15625,120.45313262939453,118.95313262939453,119.1875,196612
2008-11-19,122.09375,123.0,120.28125,120.29688262939453,259052
2008-11-20,125.78125,129.59375,122.5625,122.85938262939453,461506
2008-11-21,126.29688262939453,128.375,124.73438262939453,127.89063262939453,364495
2008-11-24,125.28125,126.5,124.28125,125.85938262939453,374840
2008-11-25,126.90625,128.265625,124.57813262939453,124.75,435906
2008-11-26,128.046875,128.8125,127.04688262939453,127.67188262939453,435906
2008-11-28,128.5625,128.984375,127.5625,127.96875,64630
2008-12-01,131.625,132.390625,128.40625,128.578125,96929
2008-12-02,132.203125,132.515625,130.4375,131.625,54649
2008-12-03,132.96875,133.28125,131.421875,132.3125,83447
2008-12-04,134.9375,135.515625,132.65625,132.65625,22660
2008-12-05,134.609375,136.109375,133.953125,135.15625,23601
2008-12-08,134.703125,135.46875,133.3125,134.046875,14679
2008-12-09,135.59375,136.171875,134.265625,134.515625,7680
2008-12-10,135.03125,135.625,134.015625,135.625,8426
2008-12-11,135.609375,136.203125,134.09375,135.0,4898
2008-12-12,135.9375,136.859375,133.4375,135.65625,3946
2008-12-15,136.3125,136.953125,135.421875,135.5,8941
2008-12-16,138.484375,140.140625,136.453125,137.265625,3805
2008-12-17,140.484375,141.546875,139.609375,139.6875,6654
2008-12-18,142.546875,143.0,140.53125,140.609375,2287
2008-12-19,142.625,142.59375,141.375,142.1875,128236
2008-12-22,140.6875,141.546875,140.09375,140.640625,98955
2008-12-23,141.0,141.234375,139.90625,140.4375,95969
2008-12-24,140.46875,141.359375,140.25,140.8125,16219
2008-12-26,141.171875,141.53125,140.46875,140.46875,19612
2008-12-29,140.890625,141.78125,140.328125,141.1875,51913
2008-12-30,141.421875,141.75,139.703125,140.546875,75122
2008-12-31,138.046875,141.75,137.984375,141.75,80065
2009-01-02,135.46875,139.578125,135.0,138.71875,113786
2009-01-05,133.015625,135.875,132.359375,135.203125,220309
2009-01-06,132.6875,133.796875,131.734375,133.15625,218244
2009-01-07,132.6875,133.390625,131.890625,133.28125,155339
2009-01-08,133.015625,133.515625,132.390625,132.6875,153107
2009-01-09,133.140625,134.4375,132.0,132.859375,200454
2009-01-12,134.828125,134.890625,132.265625,133.203125,120905
2009-01-13,134.828125,135.296875,133.90625,134.78125,158805
2009-01-14,136.875,137.453125,134.453125,135.078125,182396
2009-01-15,137.140625,137.96875,136.265625,137.171875,175288
2009-01-16,136.21875,136.84375,134.046875,136.6875,159677
2009-01-20,134.921875,135.03125,132.546875,134.8125,210182
2009-01-21,131.65625,134.21875,130.96875,134.171875,206777
2009-01-22,129.9375,132.0625,129.3125,131.390625,228999
2009-01-23,129.609375,130.4375,128.53125,129.90625,211163
2009-01-26,129.234375,130.0,128.453125,129.625,185652
2009-01-27,131.203125,131.28125,128.875,129.15625,173350
2009-01-28,128.921875,131.609375,128.484375,130.859375,226425
2009-01-29,127.14063262939453,129.375,126.28125,128.703125,229131
2009-01-30,126.70313262939453,127.96875,126.45313262939453,126.51563262939453,229131
2009-02-02,128.765625,128.953125,126.59375,126.65625,156545
2009-02-03,126.96875,128.9375,126.25,128.875,191889
2009-02-04,126.64063262939453,127.375,125.78125,126.40625,198699
2009-02-05,126.90625,127.76563262939453,126.3125,126.40625,168114
2009-02-06,125.84375,127.375,125.51563262939453,126.64063262939453,173471
2009-02-09,125.67188262939453,126.21875,124.98438262939453,125.8125,137447
2009-02-10,127.90625,128.484375,125.9375,126.07813262939453,208119
2009-02-11,128.734375,129.1875,127.84375,128.21875,182060
2009-02-12,129.28125,129.46875,127.42188262939453,128.796875,255830
2009-02-13,126.28125,128.734375,125.82813262939453,128.28125,189704
2009-02-17,129.34375,129.796875,125.76563262939453,126.5,251590
2009-02-18,128.65625,130.390625,128.125,129.4375,246892
2009-02-19,126.26563262939453,128.546875,126.09375,128.203125,275983
2009-02-20,127.625,129.0625,126.35938262939453,126.375,336398
2009-02-23,127.89063262939453,128.140625,126.15625,127.34375,343534
2009-02-24,127.875,129.375,127.6875,128.046875,448821
2009-02-25,126.1875,128.234375,125.92188262939453,127.6875,384832
2009-02-26,125.78125,126.70313262939453,125.01563262939453,126.4375,376071
2009-02-27,124.60938262939453,126.73438262939453,124.34375,125.64063262939453,129247
2009-03-02,126.01563262939453,126.71875,124.85938262939453,124.98438262939453,57129
2009-03-03,125.76563262939453,127.10938262939453,125.20313262939453,126.57813262939453,36066
2009-03-04,125.0625,126.42188262939453,124.64063262939453,126.40625,29514
2009-03-05,128.265625,128.8125,124.98438262939453,125.46875,19558
2009-03-06,128.5625,129.265625,127.45313262939453,128.28125,16336
2009-03-09,127.5,128.59375,126.78125,127.85938262939453,8749
2009-03-10,126.25,127.90625,125.82813262939453,127.89063262939453,11099
2009-03-11,127.125,127.51563262939453,125.35938262939453,125.75,7773
2009-03-12,127.76563262939453,128.515625,126.89063262939453,127.17188262939453,4904
2009-03-13,127.51563262939453,128.5625,126.73438262939453,128.421875,2849
2009-03-16,126.25,127.98438262939453,125.5625,127.39063262939453,2494
2009-03-17,125.54688262939453,127.23438262939453,125.23438262939453,126.4375,2591
2009-03-18,130.640625,133.890625,125.07813262939453,125.5,3365
2009-03-19,130.828125,132.546875,130.234375,131.109375,3331
2009-03-20,130.96875,131.671875,130.75,131.109375,160055
2009-03-23,128.609375,129.734375,128.234375,129.09375,106950
2009-03-24,129.125,129.359375,126.76563262939453,128.34375,214753
2009-03-25,127.76563262939453,128.625,126.98438262939453,128.375,170693
2009-03-26,128.578125,128.796875,126.89063262939453,127.4375,157284
2009-03-27,128.546875,129.40625,127.96875,128.453125,129526
2009-03-30,128.953125,129.96875,128.234375,128.546875,149759
2009-03-31,129.703125,129.9375,128.625,128.90625,124895
2009-04-01,130.578125,130.65625,129.421875,129.875,133897
2009-04-02,129.15625,130.953125,128.796875,130.515625,147566
2009-04-03,126.98438262939453,129.234375,126.79688262939453,129.0,183473
2009-04-06,126.07813262939453,127.73438262939453,126.04688262939453,127.20313262939453,141426
2009-04-07,126.78125,127.25,126.23438262939453,126.40625,135909
2009-04-08,127.59375,127.92188262939453,126.6875,126.8125,138054
2009-04-09,125.92188262939453,127.42188262939453,125.625,127.42188262939453,147420
2009-04-13,127.09375,127.40625,125.5625,125.82813262939453,94169
2009-04-14,127.65625,127.98438262939453,126.42188262939453,127.09375,126247
2009-04-15,127.92188262939453,128.25,126.75,127.71875,160901
2009-04-16,126.98438262939453,127.8125,126.75,127.79688262939453,136157
2009-04-17,125.34375,127.32813262939453,125.0,126.89063262939453,156106
2009-04-20,126.65625,126.73438262939453,125.14063262939453,125.25,135068
2009-04-21,125.65625,127.59375,125.46875,126.54688262939453,169854
2009-04-22,124.64063262939453,126.0625,124.5625,125.6875,200549
2009-04-23,125.21875,125.3125,124.39063262939453,124.84375,158742
2009-04-24,124.23438262939453,125.35938262939453,124.01563262939453,125.26563262939453,136991
2009-04-27,125.03125,125.14063262939453,124.0,124.375,145101
2009-04-28,123.8125,125.71875,123.45313262939453,125.03125,174863
2009-04-29,122.75,124.40625,121.78125,123.65625,198010
2009-04-30,122.5625,123.0,121.96875,122.73438262939453,199809
2009-05-01,122.15625,122.76563262939453,121.65625,122.53125,146280
2009-05-04,122.51563262939453,122.70313262939453,121.75,122.25,113597
2009-05-05,122.54688262939453,122.79688262939453,121.84375,122.375,138217
2009-05-06,122.35938262939453,123.10938262939453,121.98438262939453,122.40625,179696
2009-05-07,120.4375,122.28125,120.0,122.14063262939453,279004
2009-05-08,120.32813262939453,120.96875,119.48438262939453,120.0,193598
2009-05-11,121.75,121.95313262939453,120.39063262939453,120.4375,193598
2009-05-12,122.01563262939453,122.35938262939453,121.01563262939453,121.78125,175307
2009-05-13,122.9375,123.07813262939453,121.625,121.90625,168543
2009-05-14,123.10938262939453,123.40625,122.45313262939453,122.73438262939453,165703
2009-05-15,122.92188262939453,123.71875,122.45313262939453,123.375,181259
2009-05-18,121.78125,123.59375,121.34375,122.89063262939453,215463
2009-05-19,121.6875,121.82813262939453,121.07813262939453,121.46875,225791
2009-05-20,122.45313262939453,122.76563262939453,121.28125,121.51563262939453,286523
2009-05-21,120.32813262939453,123.3125,119.98438262939453,122.5,369594
2009-05-22,119.3125,120.90625,119.23438262939453,120.25,241434
2009-05-26,118.65625,119.875,118.0,119.46875,337710
2009-05-27,116.6875,118.5625,115.73438262939453,118.07813262939453,642757
2009-05-28,117.09375,117.75,115.84375,116.14063262939453,510017
2009-05-29,119.09375,119.26563262939453,117.23438262939453,117.51563262939453,127746
2009-06-01,115.98438262939453,118.78125,115.9375,118.71875,47319
2009-06-02,116.76563262939453,117.01563262939453,115.875,116.4375,41507
2009-06-03,117.67188262939453,117.89063262939453,116.59375,116.875,28494
2009-06-04,115.89063262939453,117.625,115.5,117.5625,21561
2009-06-05,114.67188262939453,116.10938262939453,114.45313262939453,116.07813262939453,11601
2009-06-08,114.875,115.79688262939453,114.46875,114.84375,10411
2009-06-09,115.07813262939453,115.53125,114.59375,115.0,3950
2009-06-10,114.125,115.04688262939453,113.46875,114.8125,12377
2009-06-11,115.0,115.5625,113.125,114.23438262939453,7950
2009-06-12,115.78125,116.28125,115.0,115.01563262939453,4075
2009-06-15,116.625,116.71875,115.73438262939453,115.9375,3671
2009-06-16,117.15625,117.65625,116.14063262939453,116.73438262939453,5013
2009-06-17,117.78125,118.57813262939453,117.17188262939453,117.39063262939453,6226
2009-06-18,115.67188262939453,117.40625,115.45313262939453,117.28125,2420
2009-06-19,116.0,116.29688262939453,115.21875,115.75,166922
2009-06-22,116.35938262939453,116.40625,114.73438262939453,114.96875,170549
2009-06-23,117.20313262939453,117.45313262939453,115.8125,116.3125,202964
2009-06-24,116.5625,117.9375,116.3125,117.39063262939453,242550
2009-06-25,118.01563262939453,118.29688262939453,116.20313262939453,116.625,238772
2009-06-26,118.53125,118.6875,117.60938262939453,118.09375,159092
2009-06-29,118.5625,119.14063262939453,118.03125,118.3125,149884
2009-06-30,118.35938262939453,118.84375,117.46875,118.71875,282646
2009-07-01,118.23438262939453,118.40625,117.35938262939453,118.25,215163
2009-07-02,118.9375,119.29688262939453,117.96875,118.34375,179096
2009-07-06,118.82813262939453,119.25,118.26563262939453,118.875,142817
2009-07-07,119.42188262939453,119.64063262939453,118.1875,118.6875,194226
2009-07-08,121.25,121.35938262939453,119.40625,119.4375,285713
2009-07-09,119.34375,120.90625,119.17188262939453,120.90625,306487
2009-07-10,120.71875,121.04688262939453,119.42188262939453,119.46875,233939
2009-07-13,120.04688262939453,121.29688262939453,119.8125,120.75,156205
2009-07-14,118.65625,120.23438262939453,118.25,119.9375,242341
2009-07-15,116.82813262939453,118.71875,116.34375,118.3125,318243
2009-07-16,117.21875,117.8125,116.64063262939453,116.71875,212987
2009-07-17,116.26563262939453,117.60938262939453,116.10938262939453,117.0625,188262
2009-07-20,117.1875,117.34375,115.42188262939453,116.125,196075
2009-07-21,118.32813262939453,118.5,116.0,116.78125,270851
2009-07-22,117.28125,118.48438262939453,117.1875,118.125,189606
2009-07-23,115.625,117.85938262939453,115.5625,117.45313262939453,286794
2009-07-24,116.09375,116.39063262939453,115.65625,115.85938262939453,161266
2009-07-27,115.51563262939453,116.3125,114.9375,116.20313262939453,187377
2009-07-28,115.95313262939453,116.73438262939453,115.20313262939453,115.39063262939453,228506
2009-07-29,116.46875,116.98438262939453,115.5,115.95313262939453,282533
2009-07-30,117.04688262939453,117.4375,115.79688262939453,116.29688262939453,241596
2009-07-31,119.0,119.26563262939453,117.09375,117.26563262939453,270179
2009-08-03,117.59375,119.10938262939453,117.25,119.09375,238143
2009-08-04,117.04688262939453,118.375,116.48438262939453,117.84375,272091
2009-08-05,116.09375,117.75,116.0,117.01563262939453,271583
2009-08-06,116.46875,116.85938262939453,115.54688262939453,116.14063262939453,215293
2009-08-07,115.3125,116.5625,114.79688262939453,116.34375,244627
2009-08-10,116.40625,116.5625,114.875,115.1875,177342
2009-08-11,117.48438262939453,117.6875,116.10938262939453,116.26563262939453,286760
2009-08-12,116.85938262939453,117.98438262939453,115.89063262939453,117.57813262939453,250813
2009-08-13,118.1875,118.34375,115.95313262939453,116.64063262939453,348036
2009-08-14,118.78125,119.45313262939453,117.84375,118.01563262939453,227277
2009-08-17,119.67188262939453,120.0,118.59375,118.67188262939453,192288
2009-08-18,119.28125,120.0625,119.1875,119.875,233108
2009-08-19,119.85938262939453,120.76563262939453,119.3125,119.39063262939453,320720
2009-08-20,120.29688262939453,120.48438262939453,119.39063262939453,119.9375,211404
2009-08-21,118.8125,120.95313262939453,118.5625,120.28125,282713
2009-08-24,119.76563262939453,120.07813262939453,118.20313262939453,118.64063262939453,333152
2009-08-25,120.45313262939453,120.625,119.42188262939453,119.96875,367194
2009-08-26,120.8125,120.98438262939453,120.21875,120.51563262939453,436622
2009-08-27,120.29688262939453,121.21875,120.0,120.82813262939453,470948
2009-08-28,120.3125,120.5625,119.34375,120.39063262939453,312969
2009-08-31,120.9375,121.0625,119.90625,120.46875,117658
2009-09-01,121.21875,121.59375,119.90625,120.8125,62210
2009-09-02,122.34375,122.53125,121.03125,121.21875,30088
2009-09-03,121.90625,122.3125,121.5625,122.21875,14403
2009-09-04,120.34375,121.90625,120.28125,121.6875,14403
2009-09-08,119.90625,120.71875,119.78125,120.3125,16790
2009-09-09,119.75,120.03125,119.0,119.84375,24699
2009-09-10,121.75,121.8125,119.5,119.71875,12680
2009-09-11,121.875,122.75,121.40625,121.40625,2218
2009-09-14,121.25,121.96875,121.03125,121.71875,15376
2009-09-15,120.5625,121.96875,120.25,121.71875,15636
2009-09-16,120.3125,121.34375,119.875,120.625,7215
2009-09-17,121.5,121.65625,120.0625,120.3125,10330
2009-09-18,120.6875,121.78125,120.53125,121.75,1626
2009-09-21,120.96875,121.25,120.5625,120.84375,173420
2009-09-22,119.15625,119.40625,118.59375,119.15625,221969
2009-09-23,119.6875,119.78125,118.21875,119.3125,251286
2009-09-24,119.96875,120.3125,119.40625,119.625,190798
2009-09-25,120.875,121.09375,119.875,120.0,202512
2009-09-28,121.4375,121.71875,120.78125,120.90625,147545
2009-09-29,121.625,121.84375,120.875,121.625,177218
2009-09-30,121.375,121.84375,121.125,121.65625,228529
2009-10-01,122.65625,123.03125,121.125,121.46875,273750
2009-10-02,122.28125,123.78125,122.15625,122.78125,285973
2009-10-05,122.3125,123.0,122.21875,122.40625,165840
2009-10-06,122.03125,122.5625,121.6875,122.4375,208249
2009-10-07,122.875,122.9375,121.8125,121.8125,212701
2009-10-08,121.71875,123.21875,121.59375,122.78125,337810
2009-10-09,119.96875,122.0625,119.625,121.75,347808
2009-10-12,120.125,120.53125,119.71875,119.8125,39708
2009-10-13,120.90625,121.125,120.09375,120.1875,188385
2009-10-14,119.40625,120.5,119.125,120.3125,281305
2009-10-15,118.78125,119.6875,118.625,119.4375,263044
2009-10-16,119.5625,119.75,118.625,118.8125,190668
2009-10-19,119.90625,120.1875,119.0625,119.4375,157924
2009-10-20,120.65625,121.0625,119.71875,119.875,214080
2009-10-21,119.78125,120.84375,119.5,120.5625,243775
2009-10-22,119.625,120.3125,119.25,120.0625,218230
2009-10-23,119.03125,119.6875,118.8125,119.6875,215461
2009-10-26,118.0625,119.0625,117.78125,118.84375,239871
2009-10-27,119.125,119.34375,117.84375,117.90625,237731
2009-10-28,119.8125,120.0625,119.0,119.1875,235898
2009-10-29,118.6875,119.9375,118.3125,119.6875,267874
2009-10-30,120.15625,120.28125,118.5625,118.71875,292903
2009-11-02,119.8125,120.4375,119.53125,120.25,218274
2009-11-03,119.0625,120.46875,118.84375,119.8125,253074
2009-11-04,118.09375,119.21875,117.90625,119.09375,267971
2009-11-05,118.21875,118.75,117.96875,118.28125,242407
2009-11-06,118.4375,119.0,117.6875,118.28125,370000
2009-11-09,118.5,118.875,118.03125,118.375,194803
2009-11-10,118.40625,119.34375,118.125,118.46875,268776
2009-11-11,119.375,119.4375,118.15625,118.4375,95360
2009-11-12,118.90625,119.40625,117.3125,119.0,399267
2009-11-13,119.4375,119.53125,118.71875,118.90625,216598
2009-11-16,120.84375,120.90625,119.3125,119.40625,313893
2009-11-17,121.0625,121.21875,120.15625,120.6875,257401
2009-11-18,120.5,121.28125,120.3125,121.03125,257663
2009-11-19,120.8125,121.34375,120.4375,120.53125,301307
2009-11-20,120.875,121.21875,120.40625,120.90625,271487
2009-11-23,120.90625,121.03125,120.03125,120.75,426426
2009-11-24,121.53125,121.71875,120.875,120.96875,493175
2009-11-25,122.1875,122.5,121.25,121.65625,439699
2009-11-27,123.1875,123.5625,122.25,122.25,201343
2009-11-30,123.34375,123.40625,122.75,122.90625,88702
2009-12-01,122.34375,123.3125,122.15625,123.28125,71782
2009-12-02,121.9375,122.78125,121.9375,122.3125,30142
2009-12-03,120.96875,122.09375,120.625,122.0625,29598
2009-12-04,119.6875,121.125,119.34375,120.90625,28189
2009-12-07,119.96875,120.40625,119.46875,119.6875,11098
2009-12-08,120.5,121.03125,120.0,120.0625,14441
2009-12-09,120.21875,120.6875,119.59375,120.4375,25922
2009-12-10,119.40625,120.3125,118.84375,120.09375,12386
2009-12-11,118.90625,119.3125,118.25,119.15625,3112
2009-12-14,119.09375,119.28125,118.6875,119.09375,5788
2009-12-15,118.6875,119.1875,118.34375,119.1875,9892
2009-12-16,118.65625,119.28125,118.53125,118.8125,14424
2009-12-17,120.0625,120.15625,119.03125,119.09375,10553
2009-12-18,119.4375,120.34375,119.34375,120.34375,914
2009-12-21,118.3125,119.59375,118.15625,119.59375,186770
2009-12-22,116.09375,117.0,115.9375,116.875,182778
2009-12-23,115.9375,116.65625,115.78125,116.0,106431
2009-12-24,115.21875,116.09375,115.09375,115.90625,40558
2009-12-28,115.0,115.375,114.8125,115.3125,81929
2009-12-29,115.40625,115.53125,114.8125,115.09375,97528
2009-12-30,115.875,115.90625,115.3125,115.46875,99083
2009-12-31,115.375,115.8125,114.5,115.8125,95319
2010-01-04,115.09375,115.65625,114.6875,115.0,171137
2010-01-05,116.03125,116.15625,115.125,115.25,204871
2010-01-06,115.3125,115.875,114.90625,115.84375,262691
2010-01-07,115.28125,115.71875,114.8125,115.0625,244454
2010-01-08,115.46875,115.78125,114.75,115.1875,244454
2010-01-11,115.1875,115.59375,114.875,115.125,244454
2010-01-12,116.8125,116.9375,115.25,115.25,244454
2010-01-13,115.9375,117.0625,115.75,116.875,234650
2010-01-14,116.78125,117.09375,115.75,115.84375,256463
2010-01-15,117.375,117.75,116.6875,116.71875,225112
2010-01-19,117.15625,117.84375,116.75,117.40625,207008
2010-01-20,117.96875,118.125,117.25,117.28125,218212
2010-01-21,118.625,118.84375,117.71875,117.96875,284956
2010-01-22,118.84375,119.09375,118.40625,118.78125,283179
2010-01-25,118.3125,118.71875,118.0625,118.59375,178319
2010-01-26,118.28125,119.1875,118.1875,118.375,210760
2010-01-27,118.34375,119.125,118.1875,118.3125,273479
2010-01-28,118.15625,118.46875,117.625,118.25,275420
2010-01-29,118.8125,119.21875,117.71875,118.375,317191
2010-02-01,118.15625,119.125,118.0,119.125,223137
2010-02-02,118.40625,118.4375,117.90625,118.1875,155623
2010-02-03,117.375,118.34375,117.25,118.3125,264438
2010-02-04,118.78125,119.0625,117.25,117.34375,405062
2010-02-05,119.5,119.5625,118.34375,118.6875,386538
2010-02-08,118.9375,119.34375,118.78125,119.21875,171818
2010-02-09,118.3125,119.34375,118.15625,119.28125,323903
2010-02-10,117.5625,118.65625,117.34375,118.21875,299829
2010-02-11,117.25,117.84375,116.71875,117.5625,324563
2010-02-12,117.5625,117.875,117.25,117.34375,249610
2010-02-16,117.8125,118.03125,117.0,117.46875,226768
2010-02-17,116.8125,117.875,116.53125,117.84375,275046
2010-02-18,116.1875,117.25,115.90625,116.90625,356604
2010-02-19,116.78125,116.875,116.1875,116.28125,303327
2010-02-22,116.375,116.8125,116.21875,116.78125,269938
2010-02-23,117.875,118.0,116.3125,116.40625,626225
2010-02-24,117.71875,118.28125,117.53125,117.84375,633558
2010-02-25,118.40625,118.59375,117.65625,117.75,398514
2010-02-26,119.1875,119.28125,118.28125,118.46875,124406
2010-03-01,118.96875,119.1875,118.625,118.84375,24414
2010-03-02,118.84375,118.96875,118.375,118.96875,54543
2010-03-03,118.78125,118.9375,118.28125,118.875,17672
2010-03-04,119.3125,119.5625,118.59375,118.71875,22267
2010-03-05,118.1875,119.375,118.0,119.3125,15981
2010-03-08,117.90625,118.1875,117.75,118.1875,2892
2010-03-09,117.96875,118.34375,117.71875,117.96875,16918
2010-03-10,117.84375,118.0,117.40625,117.9375,6843
2010-03-11,118.125,118.28125,117.46875,117.96875,7141
2010-03-12,118.46875,118.59375,117.375,117.90625,8860
2010-03-15,118.4375,118.625,118.0625,118.5,5743
2010-03-16,119.1875,119.3125,118.40625,118.5,2998
2010-03-17,119.4375,119.625,119.125,119.21875,2877
2010-03-18,119.25,119.875,119.125,119.5625,2327
2010-03-19,119.4375,119.75,118.9375,119.21875,3286
2010-03-22,119.4375,119.625,119.1875,119.1875,158945
2010-03-23,117.71875,118.15625,117.5625,117.9375,201031
2010-03-24,115.84375,117.6875,115.59375,117.625,421794
2010-03-25,115.03125,116.0,114.8125,115.75,395096
2010-03-26,115.4375,115.65625,115.0,115.28125,212703
2010-03-29,115.5,115.53125,115.03125,115.3125,174818
2010-03-30,115.65625,115.75,115.0,115.4375,215124
2010-03-31,116.125,116.25,115.5625,115.71875,317553
2010-04-01,115.90625,116.21875,115.3125,116.0625,249670
2010-04-05,114.375,115.125,114.1875,114.90625,220886
2010-04-06,114.40625,114.96875,114.34375,114.40625,249703
2010-04-07,115.6875,115.84375,114.34375,114.5625,347548
2010-04-08,115.40625,115.9375,115.3125,115.65625,280889
2010-04-09,115.65625,115.84375,115.09375,115.46875,234870
2010-04-12,116.25,116.4375,115.25,115.53125,237637
2010-04-13,116.625,116.6875,116.0625,116.21875,272428
2010-04-14,115.9375,116.6875,115.78125,116.4375,281557
2010-04-15,116.03125,116.375,115.46875,115.84375,279252
2010-04-16,116.875,117.0,116.125,116.15625,364242
2010-04-19,116.5,117.1875,116.46875,116.96875,199701
2010-04-20,116.75,116.8125,116.3125,116.5625,217416
2010-04-21,117.59375,117.625,116.625,116.75,293201
2010-04-22,117.28125,117.90625,117.15625,117.625,308686
2010-04-23,116.875,117.46875,116.6875,117.28125,284373
2010-04-26,116.875,117.46875,116.6875,116.96875,213040
2010-04-27,118.4375,118.75,116.90625,116.96875,420029
2010-04-28,117.53125,118.5,117.4375,118.28125,369729
2010-04-29,118.21875,118.25,117.46875,117.625,265175
2010-04-30,119.0625,119.125,117.96875,118.1875,349988
2010-05-03,118.71875,118.96875,118.46875,118.9375,201611
2010-05-04,120.0,120.34375,118.8125,118.9375,388552
2010-05-05,120.53125,121.4375,120.0,120.1875,497258
2010-05-06,123.34375,124.5,120.09375,120.5625,682398
2010-05-07,122.0,124.125,121.375,122.875,613890
2010-05-10,120.84375,121.53125,120.15625,121.4375,308791
2010-05-11,120.78125,121.75,120.28125,120.8125,317297
2010-05-12,120.3125,121.21875,120.09375,120.84375,303060
2010-05-13,120.53125,121.125,119.8125,120.25,425440
2010-05-14,122.03125,122.5625,120.75,120.90625,412976
2010-05-17,121.4375,122.8125,121.21875,121.78125,382473
2010-05-18,122.6875,123.0625,121.21875,121.34375,382981
2010-05-19,122.78125,123.53125,122.40625,123.0,435583
2010-05-20,124.03125,124.78125,122.5625,122.5625,584386
2010-05-21,124.875,126.03125,124.125,124.65625,553482
2010-05-24,124.375,125.40625,124.25,124.28125,421751
2010-05-25,125.25,126.46875,124.6875,124.78125,691927
2010-05-26,124.46875,125.28125,123.875,125.0,695809
2010-05-27,122.9375,124.8125,122.65625,124.78125,543239
2010-05-28,123.21875,123.46875,122.71875,122.75,104887
2010-06-01,123.34375,124.28125,122.90625,123.25,49679
2010-06-02,122.90625,124.0625,122.78125,123.71875,29441
2010-06-03,122.5,123.125,121.875,122.90625,25540
2010-06-04,124.90625,124.9375,122.5625,122.625,13586
2010-06-07,124.8125,125.46875,124.21875,125.0,11962
2010-06-08,125.09375,125.3125,124.6875,125.3125,11548
2010-06-09,124.875,124.96875,124.15625,124.84375,12615
2010-06-10,123.09375,125.03125,123.09375,125.0,9221
2010-06-11,124.6875,124.65625,123.25,123.28125,2587
2010-06-14,123.8125,124.15625,123.3125,124.15625,4241
2010-06-15,123.3125,124.40625,123.09375,123.90625,3493
2010-06-16,123.6875,124.28125,123.3125,123.3125,3524
2010-06-17,124.90625,125.03125,123.5625,124.1875,3302
2010-06-18,124.46875,125.1875,124.40625,124.84375,4137
2010-06-21,124.28125,124.28125,123.3125,124.25,266814
2010-06-22,124.75,124.84375,123.28125,123.65625,217014
2010-06-23,125.34375,125.75,124.375,124.65625,259902
2010-06-24,125.03125,125.96875,124.75,125.3125,274180
2010-06-25,125.34375,125.71875,124.59375,124.8125,239342
2010-06-28,126.28125,126.5,125.40625,125.53125,203679
2010-06-29,127.125,127.40625,126.21875,126.375,337433
2010-06-30,127.5,127.75,126.90625,127.375,300267
2010-07-01,128.0,128.59375,127.4375,127.6875,345665
2010-07-02,127.15625,128.28125,127.0625,127.65625,264993
2010-07-06,128.0,128.1875,127.0625,127.1875,234048
2010-07-07,127.3125,128.1875,127.125,128.0,230509
2010-07-08,126.78125,127.46875,126.34375,127.21875,245140
2010-07-09,126.28125,126.8125,126.15625,126.59375,170079
2010-07-12,126.34375,127.0,126.09375,126.21875,210946
2010-07-13,125.46875,126.6875,125.25,126.1875,238785
2010-07-14,126.59375,126.71875,125.21875,125.34375,358147
2010-07-15,127.65625,127.8125,126.15625,126.625,359704
2010-07-16,128.09375,128.46875,127.25,127.375,304382
2010-07-19,127.59375,128.40625,127.40625,128.3125,222204
2010-07-20,127.96875,128.40625,127.5,127.71875,265626
2010-07-21,128.84375,129.4375,127.5625,127.6875,341799
2010-07-22,128.09375,129.21875,128.0,128.96875,235296
2010-07-23,127.15625,128.21875,127.125,128.0625,270445
2010-07-26,127.21875,127.5,126.5,127.21875,190523
2010-07-27,126.34375,127.3125,126.21875,127.21875,242334
2010-07-28,126.84375,126.96875,126.03125,126.375,290002
2010-07-29,126.875,127.125,126.21875,126.875,311176
2010-07-30,128.71875,128.75,126.9375,126.96875,372291
2010-08-02,127.625,128.59375,127.5625,128.5625,199568
2010-08-03,128.40625,128.65625,127.625,127.625,241834
2010-08-04,127.90625,128.84375,127.75,128.375,222479
2010-08-05,128.375,128.84375,127.75,127.84375,254442
2010-08-06,129.53125,129.84375,128.34375,128.5625,319301
2010-08-09,129.34375,129.71875,129.09375,129.53125,189224
2010-08-10,129.78125,130.71875,129.125,129.1875,320996
2010-08-11,131.375,131.4375,129.90625,129.90625,338749
2010-08-12,131.21875,131.6875,130.90625,131.40625,338643
2010-08-13,132.0,132.1875,130.96875,131.09375,247207
2010-08-16,133.875,134.03125,131.96875,132.0625,333696
2010-08-17,132.90625,133.9375,132.78125,133.9375,282175
2010-08-18,133.34375,134.21875,132.90625,133.03125,285637
2010-08-19,134.34375,134.96875,132.96875,133.375,399723
2010-08-20,134.0,135.21875,133.90625,134.375,271331
2010-08-23,134.125,134.34375,133.6875,133.96875,268304
2010-08-24,135.75,136.03125,134.125,134.1875,489904
2010-08-25,135.1875,136.96875,134.96875,135.8125,660930
2010-08-26,136.0,136.28125,135.125,135.25,517127
2010-08-27,133.6875,136.4375,133.53125,136.25,589149
2010-08-30,135.46875,135.78125,133.375,133.625,421957
2010-08-31,136.4375,136.625,135.65625,135.75,142749
2010-09-01,134.59375,136.5,133.75,136.5,83261
2010-09-02,133.9375,135.09375,133.75,134.875,26946
2010-09-03,132.875,134.28125,131.78125,134.03125,23773
2010-09-07,134.34375,134.46875,132.625,132.71875,16866
2010-09-08,133.625,134.78125,133.28125,134.40625,10939
2010-09-09,131.96875,134.0,131.9375,133.75,7424
2010-09-10,131.53125,132.375,131.28125,132.09375,8019
2010-09-13,132.09375,132.28125,130.625,131.34375,3940
2010-09-14,133.0,133.03125,131.71875,131.96875,3857
2010-09-15,132.0625,133.0,131.9375,133.0,5675
2010-09-16,131.3125,132.40625,130.875,132.1875,2708
2010-09-17,131.53125,132.3125,130.96875,131.25,2793
2010-09-20,132.03125,132.125,131.4375,131.96875,5901
2010-09-21,132.53125,132.71875,132.15625,132.15625,361784
2010-09-22,132.71875,133.28125,132.125,132.1875,326426
2010-09-23,132.75,133.6875,132.3125,132.5625,313888
2010-09-24,131.75,133.125,131.65625,132.71875,299364
2010-09-27,133.34375,133.4375,131.65625,131.6875,270539
2010-09-28,134.21875,134.34375,132.8125,133.09375,299712
2010-09-29,133.65625,134.375,133.53125,134.0,247396
2010-09-30,133.71875,134.28125,132.28125,133.71875,398749
2010-10-01,133.375,134.0625,132.59375,133.75,320778
2010-10-04,133.90625,134.3125,133.46875,133.53125,221622
2010-10-05,133.6875,134.5625,133.25,133.90625,362196
2010-10-06,134.8125,135.375,133.5,133.59375,382436
2010-10-07,134.4375,135.0,134.25,134.78125,284022
2010-10-08,134.3125,135.25,133.90625,134.53125,330186
2010-10-11,134.3125,134.59375,134.125,134.375,29644
2010-10-12,133.71875,134.9375,133.34375,134.1875,277450
2010-10-13,133.4375,133.59375,132.5,133.375,365304
2010-10-14,132.4375,133.84375,132.1875,133.40625,448681
2010-10-15,131.03125,132.84375,130.78125,132.25,531009
2010-10-18,132.15625,132.25,131.15625,131.1875,249035
2010-10-19,132.4375,132.6875,131.1875,131.78125,342448
2010-10-20,132.65625,132.9375,131.84375,132.375,314437
2010-10-21,131.8125,132.84375,131.53125,132.53125,336160
2010-10-22,131.6875,132.03125,131.1875,131.65625,266155
2010-10-25,132.125,132.8125,131.75,131.75,284103
2010-10-26,130.71875,132.21875,130.5,131.96875,404207
2010-10-27,129.875,130.71875,129.59375,130.59375,371590
2010-10-28,130.21875,130.53125,129.5625,129.6875,313169
2010-10-29,130.9375,131.09375,130.0,130.21875,341692
2010-11-01,130.625,131.875,130.4375,130.96875,313794
2010-11-02,131.6875,131.78125,130.59375,130.71875,280810
2010-11-03,130.28125,133.0,129.90625,131.65625,496333
2010-11-04,131.6875,132.1875,130.25,130.8125,475736
2010-11-05,130.6875,131.625,129.9375,131.46875,475736
2010-11-08,130.40625,131.21875,130.28125,130.65625,267805
2010-11-09,128.8125,131.0,128.6875,130.5,507813
2010-11-10,129.0625,129.15625,127.4375,128.8125,600037
2010-11-11,128.71875,129.21875,128.5,129.03125,76297
2010-11-12,127.9375,129.84375,127.59375,129.0,430823
2010-11-15,126.21875,127.875,125.46875,127.8125,461001
2010-11-16,127.71875,127.75,125.5,125.53125,507703
2010-11-17,127.0625,127.90625,126.625,127.5625,383005
2010-11-18,126.53125,127.0625,125.71875,126.875,334085
2010-11-19,127.21875,127.4375,126.53125,126.5625,241376
2010-11-22,128.03125,128.40625,126.90625,127.15625,327278
2010-11-23,128.5625,129.09375,127.8125,127.96875,447915
2010-11-24,126.5,128.625,126.3125,128.375,608849
2010-11-26,127.53125,127.71875,126.34375,126.65625,209633
2010-11-29,128.15625,128.3125,127.0625,127.375,406024
2010-11-30,128.71875,129.4375,128.1875,128.1875,170688
2010-12-01,126.3125,128.59375,126.0625,128.5625,75529
2010-12-02,126.03125,126.78125,125.78125,126.40625,51810
2010-12-03,125.625,127.125,125.46875,126.21875,34585
2010-12-06,126.71875,126.875,125.90625,125.9375,13570
2010-12-07,124.0,126.78125,123.75,126.78125,18203
2010-12-08,123.28125,124.46875,122.375,124.4375,18560
2010-12-09,123.59375,124.09375,122.8125,123.375,13644
2010-12-10,123.03125,123.96875,122.625,123.78125,12184
2010-12-13,123.40625,123.6875,122.09375,122.59375,2695
2010-12-14,121.09375,123.5,120.875,123.5,7398
2010-12-15,120.5625,121.75,120.40625,120.9375,1364
2010-12-16,121.03125,121.5625,120.375,120.71875,4307
2010-12-17,122.84375,122.84375,121.59375,121.59375,3861
2010-12-20,122.25,123.40625,122.03125,122.9375,4426
2010-12-21,122.25,122.90625,122.0625,122.34375,185623
2010-12-22,120.78125,121.59375,120.5625,121.34375,164431
2010-12-23,120.4375,120.9375,120.25,120.6875,86189
2010-12-27,121.25,121.46875,119.6875,120.4375,77064
2010-12-28,119.34375,121.625,119.1875,121.34375,150806
2010-12-29,121.3125,121.5,119.34375,119.5625,126113
2010-12-30,121.0,121.28125,120.40625,121.0625,97305
2010-12-31,122.125,122.21875,121.03125,121.0625,81721
2011-01-03,121.5,122.0625,120.46875,122.0625,228261
2011-01-04,121.3125,122.03125,121.09375,121.53125,222049
2011-01-05,119.46875,122.15625,119.25,121.53125,366474
2011-01-06,120.09375,120.46875,119.46875,119.65625,236444
2011-01-07,120.96875,121.40625,119.625,120.3125,352986
2011-01-10,121.1875,121.65625,120.6875,121.15625,220882
2011-01-11,120.96875,121.5625,120.28125,121.4375,279861
2011-01-12,120.78125,121.125,120.03125,120.96875,294268
2011-01-13,121.46875,121.75,120.25,120.5625,437552
2011-01-14,120.90625,122.0625,120.875,121.375,277677
2011-01-18,120.4375,121.75,119.71875,120.96875,384445
2011-01-19,121.0,121.09375,120.15625,120.40625,262211
2011-01-20,119.46875,121.4375,119.28125,120.9375,385807
2011-01-21,120.09375,120.3125,119.34375,119.59375,328042
2011-01-24,120.3125,120.71875,119.78125,120.1875,214164
2011-01-25,121.71875,121.8125,120.0625,120.34375,383717
2011-01-26,120.0625,121.5,119.9375,121.46875,337693
2011-01-27,120.71875,120.78125,119.59375,120.28125,338471
2011-01-28,121.4375,121.65625,119.65625,120.5625,399028
2011-01-31,120.625,121.71875,120.28125,121.5,316488
2011-02-01,119.9375,120.78125,119.53125,120.75,285387
2011-02-02,119.53125,120.6875,119.25,119.9375,341702
2011-02-03,119.09375,119.90625,118.875,119.75,331552
2011-02-04,117.875,119.5625,117.71875,119.03125,422353
2011-02-07,118.09375,118.1875,117.4375,117.9375,243833
2011-02-08,117.3125,118.3125,117.09375,118.15625,290407
2011-02-09,118.3125,118.5625,116.8125,117.21875,420593
2011-02-10,117.5,118.40625,117.3125,118.0,408949
2011-02-11,118.40625,118.875,117.65625,117.71875,352596
2011-02-14,118.9375,119.15625,118.15625,118.46875,272014
2011-02-15,118.96875,119.1875,118.46875,118.78125,281321
2011-02-16,118.9375,119.625,118.5625,119.03125,419958
2011-02-17,119.4375,119.78125,118.8125,118.90625,371269
2011-02-18,119.21875,119.46875,118.6875,119.3125,325081
2011-02-22,120.84375,121.03125,119.125,119.15625,569296
2011-02-23,120.8125,121.5,120.5,120.75,599300
2011-02-24,121.53125,121.875,120.8125,120.875,697162
2011-02-25,121.71875,121.9375,121.0625,121.40625,384345
2011-02-28,121.9375,122.125,121.65625,121.9375,119317
2011-03-01,122.0,122.25,121.03125,121.6875,56370
2011-03-02,121.0625,122.375,120.875,122.15625,45160
2011-03-03,119.96875,121.15625,119.9375,120.9375,35573
2011-03-04,120.8125,121.03125,119.78125,120.21875,22583
2011-03-07,120.78125,121.09375,120.03125,120.75,8457
2011-03-08,120.09375,120.71875,120.0,120.5,17151
2011-03-09,120.9375,121.1875,119.96875,120.09375,8441
2011-03-10,121.90625,122.4375,120.78125,120.875,7661
2011-03-11,121.875,122.65625,121.625,122.34375,6348
2011-03-14,122.34375,122.3125,121.375,122.125,1264
2011-03-15,122.875,123.96875,122.125,122.125,4144
2011-03-16,124.0625,125.1875,122.6875,123.21875,4719
2011-03-17,123.5,124.75,123.09375,124.75,1576
2011-03-18,123.34375,123.5,122.46875,123.125,3553
2011-03-21,123.0625,123.25,122.40625,122.9375,4054
2011-03-22,122.9375,123.09375,122.625,122.9375,260480
2011-03-23,121.28125,122.25,121.1875,121.53125,296903
2011-03-24,120.75,121.5625,120.5625,121.28125,270321
2011-03-25,120.25,121.125,120.0625,120.625,247781
2011-03-28,120.40625,120.625,119.78125,120.25,199319
2011-03-29,119.75,120.625,119.59375,120.40625,231566
2011-03-30,120.1875,120.46875,119.59375,119.78125,193618
2011-03-31,120.1875,120.96875,119.71875,120.40625,398321
2011-04-01,120.375,120.5,119.34375,120.0625,308133
2011-04-04,120.375,120.84375,120.0,120.40625,234293
2011-04-05,119.84375,120.875,119.65625,120.46875,305941
2011-04-06,118.96875,120.03125,118.78125,119.90625,308403
2011-04-07,118.65625,119.15625,118.4375,118.875,364246
2011-04-08,118.53125,118.75,117.875,118.6875,231940
2011-04-11,118.5,118.625,117.875,118.28125,243473
2011-04-12,119.34375,119.71875,118.1875,118.21875,306137
2011-04-13,119.8125,119.875,118.71875,119.3125,319741
2011-04-14,119.6875,120.34375,119.46875,119.75,367924
2011-04-15,120.8125,120.9375,119.5,119.53125,282917
2011-04-18,121.15625,121.375,119.90625,120.78125,414017
2011-04-19,121.46875,121.5625,120.625,121.0625,244209
2011-04-20,121.0,121.40625,120.8125,121.375,224738
2011-04-21,121.03125,121.53125,120.78125,120.84375,176492
2011-04-25,121.5,121.59375,120.96875,121.0,128798
2011-04-26,122.15625,122.34375,121.34375,121.5,263238
2011-04-27,121.375,122.3125,121.34375,122.25,272083
2011-04-28,122.125,122.3125,121.4375,121.46875,316294
2011-04-29,122.375,122.5625,121.9375,122.15625,208059
2011-05-02,122.59375,122.84375,122.0625,122.375,197497
2011-05-03,123.09375,123.1875,122.625,122.71875,221539
2011-05-04,123.53125,123.78125,123.0,123.15625,332477
2011-05-05,124.28125,124.59375,123.5625,123.59375,361768
2011-05-06,124.3125,124.78125,123.375,124.46875,455311
2011-05-09,124.4375,124.5625,123.90625,124.1875,271585
2011-05-10,123.875,124.375,123.5625,124.25,259438
2011-05-11,124.40625,124.5,123.4375,123.59375,322590
2011-05-12,123.8125,124.6875,123.53125,124.3125,378374
2011-05-13,124.4375,125.125,123.6875,123.78125,399093
2011-05-16,124.96875,125.09375,124.25,124.6875,251604
2011-05-17,125.4375,125.71875,124.65625,125.0,395505
2011-05-18,124.71875,125.84375,124.5,125.46875,374865
2011-05-19,124.625,124.71875,123.71875,124.5625,467526
2011-05-20,124.84375,125.0,124.375,124.6875,368889
2011-05-23,125.09375,125.625,124.875,124.9375,396491
2011-05-24,125.28125,125.5,124.75,125.15625,449148
2011-05-25,125.0625,125.71875,124.9375,125.34375,623611
2011-05-26,125.96875,126.0625,124.65625,125.03125,645912
2011-05-27,125.875,126.0625,125.4375,125.9375,370649
2011-05-31,126.15625,126.28125,125.34375,125.8125,117071
2011-06-01,127.25,127.59375,125.8125,126.0,72968
2011-06-02,126.1875,127.5625,126.125,127.5,42137
2011-06-03,126.5625,127.15625,126.09375,126.375,23181
2011-06-06,126.34375,126.6875,125.84375,126.625,12532
2011-06-07,126.21875,126.53125,125.65625,126.375,9680
2011-06-08,126.9375,127.28125,126.21875,126.25,14166
2011-06-09,126.5,127.5625,126.15625,127.125,11177
2011-06-10,126.96875,127.4375,126.625,126.625,9567
2011-06-13,126.6875,127.1875,126.46875,126.90625,3632
2011-06-14,125.1875,126.78125,125.0,126.71875,10640
2011-06-15,126.78125,126.84375,125.1875,125.4375,15874
2011-06-16,127.625,127.75,126.5625,126.6875,4474
2011-06-17,127.1875,127.65625,126.84375,127.3125,4092
2011-06-20,127.09375,127.90625,126.875,127.1875,4481
2011-06-21,126.9375,127.3125,126.53125,127.15625,295638
2011-06-22,125.375,126.0,125.125,125.40625,283525
2011-06-23,126.4375,126.6875,125.53125,125.53125,402660
2011-06-24,126.59375,127.03125,125.96875,126.28125,328741
2011-06-27,125.5,126.84375,125.34375,126.53125,338742
2011-06-28,124.21875,125.84375,124.0625,125.40625,385938
2011-06-29,123.5625,124.5625,123.28125,124.28125,413724
2011-06-30,123.03125,123.8125,122.15625,123.46875,480696
2011-07-01,122.6875,123.4375,122.40625,123.03125,253988
2011-07-05,123.1875,123.46875,122.65625,122.75,260769
2011-07-06,123.65625,123.90625,122.96875,123.28125,304197
2011-07-07,123.28125,123.59375,122.78125,123.5,268877
2011-07-08,124.96875,125.0,122.96875,123.375,386178
2011-07-11,126.1875,126.3125,124.59375,124.9375,315964
2011-07-12,126.46875,127.46875,126.0,126.125,447296
2011-07-13,126.71875,127.0625,125.8125,126.875,404776
2011-07-14,125.8125,126.84375,125.625,126.625,411445
2011-07-15,126.03125,126.15625,125.09375,125.6875,319423
2011-07-18,125.6875,126.5,125.25,125.96875,278387
2011-07-19,126.625,127.0625,125.0,125.46875,371694
2011-07-20,125.875,126.875,125.8125,126.875,275785
2011-07-21,125.09375,126.03125,124.71875,126.0,366460
2011-07-22,125.84375,125.96875,125.0625,125.09375,220191
2011-07-25,125.0625,126.09375,124.75,125.1875,296688
2011-07-26,125.84375,126.0,124.6875,125.1875,273088
2011-07-27,125.65625,126.0,125.0625,125.75,310758
2011-07-28,126.0625,126.40625,125.53125,125.65625,284133
2011-07-29,128.125,128.5625,125.9375,126.03125,415263
2011-08-01,129.0,129.28125,127.28125,127.5625,391728
2011-08-02,130.8125,131.125,128.71875,128.875,447274
2011-08-03,131.28125,132.25,130.46875,130.875,530824
2011-08-04,133.5,134.25,130.5625,131.0,617973
2011-08-05,132.1875,135.15625,131.8125,134.0625,702986
2011-08-08,135.28125,135.5,131.34375,131.6875,505617
2011-08-09,137.1875,139.84375,134.0625,135.4375,595131
2011-08-10,138.21875,139.125,135.375,136.40625,593697
2011-08-11,135.21875,138.6875,135.03125,138.59375,637315
2011-08-12,136.9375,137.0,135.34375,135.375,329841
2011-08-15,136.15625,136.9375,135.53125,136.375,254383
2011-08-16,137.0625,137.3125,135.5,135.625,329113
2011-08-17,137.9375,138.125,136.3125,136.78125,303590
2011-08-18,139.625,141.1875,137.8125,138.03125,488377
2011-08-19,140.21875,140.90625,139.0,139.53125,357066
2011-08-22,140.15625,140.78125,139.375,140.3125,275280
2011-08-23,139.03125,140.5,138.75,139.84375,419246
2011-08-24,136.84375,139.5,136.3125,138.96875,475093
2011-08-25,137.5625,137.75,136.0625,136.4375,521959
2011-08-26,138.15625,139.0,137.03125,137.34375,530960
2011-08-29,136.8125,138.15625,136.3125,138.03125,342687
2011-08-30,138.5625,138.75,137.0625,137.125,394746
2011-08-31,137.3125,139.0,137.0625,138.46875,172411
2011-09-01,138.6875,138.875,136.3125,137.25,48886
2011-09-02,141.5625,141.625,138.3125,138.84375,40663
2011-09-06,142.03125,143.0625,141.5,141.5,26060
2011-09-07,140.75,141.78125,140.5,141.75,10557
2011-09-08,141.34375,141.75,140.5,140.625,14111
2011-09-09,142.5,142.8125,140.8125,141.09375,7337
2011-09-12,142.59375,143.1875,141.96875,142.53125,17052
2011-09-13,141.4375,142.6875,141.3125,142.4375,7241
2011-09-14,141.5625,142.09375,140.75,141.5,3616
2011-09-15,140.40625,142.03125,140.0,141.84375,4768
2011-09-16,140.71875,141.09375,140.0,140.59375,4772
2011-09-19,142.9375,143.09375,141.5625,141.5625,7884
2011-09-20,142.625,143.0,141.96875,142.78125,5433
2011-09-21,143.25,143.5,142.25,142.75,404924
2011-09-22,146.0625,146.53125,143.21875,143.25,545559
2011-09-23,144.71875,147.0,144.1875,145.9375,414645
2011-09-26,142.875,145.3125,142.8125,144.375,316054
2011-09-27,140.78125,143.34375,140.75,142.9375,355823
2011-09-28,140.9375,142.125,139.8125,141.5,360404
2011-09-29,142.09375,142.15625,140.84375,141.3125,311132
2011-09-30,142.625,143.1875,141.125,141.15625,383289
2011-10-03,145.28125,145.8125,142.6875,142.71875,373820
2011-10-04,145.375,146.40625,144.0500030517578,144.65625,412019
2011-10-05,143.5625,144.78125,143.375,144.5625,298410
2011-10-06,142.4375,144.25,142.1875,143.90625,283381
2011-10-07,141.3125,142.75,140.21875,142.40625,361816
2011-10-10,138.6875,141.4375,138.59375,141.375,67173
2011-10-11,139.875,140.5625,139.40625,139.40625,282876
2011-10-12,138.5625,140.40625,137.9375,140.03125,306846
2011-10-13,139.53125,140.3125,138.59375,138.71875,353176
2011-10-14,138.40625,139.6875,137.84375,139.34375,277384
2011-10-17,139.75,139.8125,137.40625,138.09375,274954
2011-10-18,139.59375,141.0,138.65625,139.78125,358415
2011-10-19,139.46875,139.875,138.5,139.28125,304528
2011-10-20,139.0,140.15625,138.625,139.3125,372712
2011-10-21,138.5,139.25,138.03125,138.78125,236783
2011-10-24,138.09375,139.09375,137.90625,138.5,216825
2011-10-25,140.0625,140.375,137.5625,138.0625,368985
2011-10-26,138.78125,140.40625,138.59375,140.1875,373391
2011-10-27,135.40625,139.125,135.21875,138.84375,509771
2011-10-28,136.875,137.03125,135.15625,135.5625,328626
2011-10-31,139.03125,140.0,136.5625,136.59375,325027
2011-11-01,142.0,142.8125,139.375,139.78125,542756
2011-11-02,141.75,142.6875,140.75,142.125,340053
2011-11-03,140.6875,143.125,140.5,142.125,354678
2011-11-04,141.0,141.46875,139.625,140.65625,340636
2011-11-07,142.0,142.46875,140.1875,141.0,308690
2011-11-08,140.75,141.90625,140.34375,141.15625,280614
2011-11-09,142.71875,143.125,140.34375,140.59375,417501
2011-11-10,141.3125,142.90625,140.46875,142.46875,407516
2011-11-11,140.4375,141.46875,140.34375,141.375,42064
2011-11-14,141.78125,142.0625,140.0625,140.53125,251296
2011-11-15,141.5,142.65625,141.21875,141.53125,314568
2011-11-16,142.125,142.53125,141.5,141.65625,265067
2011-11-17,143.34375,143.65625,141.8125,142.5,393745
2011-11-18,142.78125,143.59375,142.125,143.21875,291572
2011-11-21,143.59375,143.9375,142.8125,142.8125,315114
2011-11-22,144.09375,144.46875,143.03125,143.625,396472
2011-11-23,145.34375,145.4375,143.875,144.40625,461045
2011-11-25,143.84375,145.1875,143.75,145.15625,331033
2011-11-28,144.0,144.09375,141.78125,143.21875,630066
2011-11-29,143.28125,143.90625,142.46875,143.65625,493664
2011-11-30,141.625,143.59375,141.21875,143.40625,142329
2011-12-01,140.65625,142.0,140.1875,141.53125,64036
2011-12-02,142.0625,142.25,140.09375,141.1875,27324
2011-12-05,141.8125,142.34375,140.9375,142.03125,21069
2011-12-06,141.03125,142.1875,141.0,141.6875,14787
2011-12-07,142.125,142.1875,140.46875,141.0625,12787
2011-12-08,142.84375,142.96875,140.78125,141.8125,9526
2011-12-09,141.5,143.03125,141.3125,143.03125,6077
2011-12-12,142.4375,142.6875,141.25,141.3125,5795
2011-12-13,143.40625,143.59375,141.71875,142.125,6738
2011-12-14,144.75,144.84375,142.96875,143.125,4134
2011-12-15,144.46875,145.3125,144.1875,144.78125,2956
2011-12-16,145.5625,145.84375,144.28125,144.59375,2775
2011-12-19,146.3125,146.5625,145.3125,145.84375,3112
2011-12-20,144.6875,146.0625,144.625,146.0,248293
2011-12-21,143.25,144.59375,143.09375,144.15625,218001
2011-12-22,143.46875,144.0625,143.0625,143.28125,151579
2011-12-23,141.96875,143.4375,141.875,143.375,129813
2011-12-27,142.4375,142.5625,142.03125,142.09375,50783
2011-12-28,144.53125,144.5625,142.40625,142.5,113600
2011-12-29,144.5,144.71875,143.84375,144.1875,99610
2011-12-30,144.8125,145.25,144.1875,144.5625,101943
2012-01-03,143.09375,143.96875,143.03125,143.9375,200788
2012-01-04,142.40625,143.6875,142.09375,143.3125,248892
2012-01-05,142.28125,143.28125,141.90625,142.625,305080
2012-01-06,143.03125,143.25,141.3125,142.21875,286598
2012-01-09,142.90625,143.75,142.5,142.96875,178799
2012-01-10,142.84375,143.1875,142.03125,142.75,248640
2012-01-11,144.0,144.1875,142.6875,142.84375,296330
2012-01-12,143.5625,144.21875,143.40625,143.875,327001
2012-01-13,145.0,145.34375,143.46875,143.65625,323968
2012-01-17,145.15625,145.3125,144.15625,144.9375,282281
2012-01-18,144.1875,145.40625,144.0625,145.09375,267359
2012-01-19,142.8125,144.4375,142.375,144.15625,347908
2012-01-20,141.875,143.0,141.75,142.71875,306557
2012-01-23,141.15625,142.4375,140.65625,142.0,302523
2012-01-24,141.15625,141.78125,140.78125,141.4375,267178
2012-01-25,141.78125,143.5,140.90625,141.125,469068
2012-01-26,142.84375,142.96875,141.71875,141.90625,405803
2012-01-27,143.4375,143.5625,142.09375,142.71875,327172
2012-01-30,144.625,145.09375,143.40625,143.4375,335916
2012-01-31,145.4375,145.46875,143.875,144.4375,403231
2012-02-01,144.34375,145.40625,144.25,145.375,378274
2012-02-02,144.59375,144.9375,144.1875,144.5625,349596
2012-02-03,142.40625,144.90625,142.1875,144.65625,473457
2012-02-06,143.28125,143.53125,142.46875,142.875,255570
2012-02-07,142.3125,143.46875,141.84375,143.15625,335238
2012-02-08,142.21875,142.5,141.71875,142.28125,324170
2012-02-09,141.53125,142.40625,140.71875,142.09375,420815
2012-02-10,142.78125,142.96875,141.625,141.65625,307464
2012-02-13,142.375,143.0,141.8125,142.3125,285082
2012-02-14,143.5625,143.625,142.5,142.71875,323685
2012-02-15,143.3125,143.84375,142.90625,143.25,342709
2012-02-16,142.28125,143.71875,141.9375,143.375,382286
2012-02-17,142.09375,142.5,141.6875,142.46875,237005
2012-02-21,141.53125,142.03125,140.96875,142.0,301073
2012-02-22,142.25,142.4375,141.0,141.28125,328103
2012-02-23,142.6875,142.90625,141.65625,142.25,397760
2012-02-24,143.0,143.125,142.25,142.4375,381478
2012-02-27,143.96875,144.09375,142.96875,143.03125,539752
2012-02-28,143.8125,144.4375,143.5,143.875,554704
2012-02-29,143.09375,144.125,142.5,143.59375,131979
2012-03-01,141.90625,143.09375,141.53125,143.0625,62967
2012-03-02,142.65625,143.0625,141.9375,142.03125,18282
2012-03-05,142.34375,143.0625,142.1875,142.6875,10934
2012-03-06,143.4375,143.71875,142.125,142.125,5541
2012-03-07,142.9375,143.375,142.75,143.375,13386
2012-03-08,142.125,142.9375,141.84375,142.75,5094
2012-03-09,141.75,142.1875,141.28125,142.09375,4441
2012-03-12,141.96875,142.53125,141.90625,141.90625,2702
2012-03-13,140.6875,141.96875,140.28125,141.90625,4665
2012-03-14,138.0625,140.28125,137.90625,140.21875,4972
2012-03-15,137.96875,138.3125,137.0625,138.125,1676
2012-03-16,137.875,137.96875,137.03125,137.90625,1243
2012-03-19,136.8125,138.3125,136.65625,138.1875,1350
2012-03-20,137.0625,137.46875,136.875,137.21875,2633
2012-03-21,137.96875,138.03125,136.9375,137.25,301439
2012-03-22,137.0625,137.40625,136.46875,136.71875,345234
2012-03-23,137.8125,138.125,136.75,137.03125,304072
2012-03-26,137.65625,137.8125,136.84375,137.78125,274564
2012-03-27,138.3125,138.5625,137.3125,137.53125,289264
2012-03-28,138.3125,138.84375,137.71875,138.34375,325332
2012-03-29,138.875,139.03125,138.03125,138.25,284180
2012-03-30,137.75,139.15625,137.4375,138.84375,387742
2012-04-02,138.0,138.6875,137.21875,137.78125,290652
2012-04-03,136.8125,138.84375,136.4375,138.09375,373118
2012-04-04,137.28125,137.65625,136.375,136.5,375216
2012-04-05,138.34375,139.0,137.40625,137.59375,294165
2012-04-09,140.59375,140.8125,139.9375,140.46875,187717
2012-04-10,141.40625,141.84375,140.09375,140.375,392214
2012-04-11,140.78125,141.5,140.4375,141.46875,310504
2012-04-12,140.46875,141.03125,140.03125,140.65625,373644
2012-04-13,141.4375,141.78125,140.375,140.4375,306671
2012-04-16,141.875,142.28125,141.40625,141.625,285531
2012-04-17,141.28125,141.9375,141.125,141.59375,268185
2012-04-18,141.78125,141.9375,141.15625,141.46875,248113
2012-04-19,142.21875,142.34375,141.4375,141.8125,331302
2012-04-20,141.96875,142.21875,141.5,142.03125,219539
2012-04-23,142.71875,143.125,142.03125,142.0625,239908
2012-04-24,142.28125,143.0,142.03125,142.6875,231554
2012-04-25,141.9375,142.40625,141.09375,142.0625,334598
2012-04-26,142.28125,142.84375,141.6875,141.96875,293094
2012-04-27,142.71875,143.5625,142.3125,142.625,228057
2012-04-30,142.875,143.0625,142.40625,142.65625,185416
2012-05-01,142.09375,143.1875,142.03125,142.75,203339
2012-05-02,142.84375,143.125,141.9375,142.34375,265068
2012-05-03,142.84375,143.0,142.28125,142.78125,230327
2012-05-04,143.6875,143.78125,142.375,142.75,323844
2012-05-07,143.75,144.59375,143.59375,143.84375,197569
2012-05-08,144.46875,144.84375,143.65625,143.75,326632
2012-05-09,144.46875,145.25,144.1875,144.3125,381155
2012-05-10,144.34375,144.8125,143.5625,144.65625,417092
2012-05-11,145.125,145.1875,144.625,144.75,286437
2012-05-14,146.09375,146.5625,145.125,145.1875,363868
2012-05-15,146.40625,146.6875,145.75,146.5,438424
2012-05-16,146.8125,147.0625,145.78125,146.625,437809
2012-05-17,148.375,148.71875,146.375,146.90625,594660
2012-05-18,148.3125,148.625,147.5625,148.5,515540
2012-05-21,147.90625,148.21875,147.3125,148.0625,339671
2012-05-22,146.78125,147.78125,146.6875,147.71875,485565
2012-05-23,148.28125,148.5625,147.0625,147.25,582186
2012-05-24,147.5,148.5,147.03125,147.84375,658984
2012-05-25,147.71875,147.90625,146.96875,147.15625,412360
2012-05-29,147.8125,148.25,147.0625,147.65625,767897
2012-05-30,149.65625,149.875,147.46875,147.53125,687847
2012-05-31,150.28125,151.375,149.125,149.625,202430
2012-06-01,152.625,152.96875,150.46875,150.71875,53801
2012-06-04,151.875,153.09375,151.71875,152.8125,32179
2012-06-05,151.21875,152.25,150.78125,151.96875,13286
2012-06-06,149.34375,151.15625,149.03125,150.90625,20846
2012-06-07,149.0625,149.8125,148.71875,149.25,10269
2012-06-08,149.21875,150.84375,149.09375,149.40625,6046
2012-06-11,149.875,150.21875,147.53125,148.65625,8035
2012-06-12,148.8125,150.25,148.75,150.25,6071
2012-06-13,149.84375,150.03125,148.21875,149.125,2971
2012-06-14,149.75,149.9375,149.21875,149.84375,8346
2012-06-15,150.21875,150.5625,149.46875,149.46875,7481
2012-06-18,150.21875,150.71875,149.0,149.625,4119
2012-06-19,149.5625,150.5625,149.25,150.46875,10879
2012-06-20,149.34375,149.71875,148.375,149.4375,556723
2012-06-21,149.21875,149.6875,148.21875,148.375,405782
2012-06-22,148.09375,149.375,147.96875,149.125,343434
2012-06-25,149.28125,149.40625,148.03125,148.03125,263897
2012-06-26,148.90625,149.375,148.4375,149.3125,324675
2012-06-27,149.0625,149.1875,148.53125,148.90625,276023
2012-06-28,149.84375,150.0,148.8125,149.03125,341368
2012-06-29,147.96875,149.9375,147.71875,149.6875,476842
2012-07-02,149.59375,150.0625,147.8125,148.09375,375227
2012-07-03,148.53125,149.53125,148.3125,149.40625,199671
2012-07-05,148.90625,149.375,148.4375,148.5,337716
2012-07-06,149.875,150.0,148.8125,148.90625,294507
2012-07-09,150.59375,150.71875,149.8125,149.875,257608
2012-07-10,151.0,151.0,150.21875,150.53125,241555
2012-07-11,151.15625,151.75,150.4375,150.90625,343880
2012-07-12,151.625,151.6875,150.6875,150.71875,284172
2012-07-13,151.1875,151.875,150.84375,151.65625,270533
2012-07-16,151.78125,152.3125,151.1875,151.25,266320
2012-07-17,150.9375,151.75,150.78125,151.5625,291413
2012-07-18,151.28125,151.53125,150.75,150.84375,199690
2012-07-19,150.59375,151.125,150.34375,150.90625,325617
2012-07-20,151.78125,152.03125,150.59375,150.59375,268638
2012-07-23,152.15625,153.03125,151.75,151.90625,319217
2012-07-24,152.875,153.21875,151.65625,152.34375,359218
2012-07-25,152.8125,153.34375,152.3125,153.15625,300706
2012-07-26,152.5,153.1875,152.125,152.9375,348170
2012-07-27,150.03125,152.4375,149.25,152.25,533196
2012-07-30,151.0,151.15625,149.875,150.15625,331872
2012-07-31,151.03125,151.625,150.53125,150.9375,334342
2012-08-01,150.28125,151.59375,150.21875,151.53125,350991
2012-08-02,151.5,152.125,149.5,150.53125,452617
2012-08-03,149.53125,151.59375,149.25,151.4375,347344
2012-08-06,149.90625,150.34375,149.53125,149.78125,201716
2012-08-07,148.65625,149.9375,148.3125,149.75,263790
2012-08-08,148.375,149.09375,148.0,148.625,289466
2012-08-09,148.25,148.46875,147.3125,148.1875,358247
2012-08-10,148.84375,149.25,148.125,148.15625,222401
2012-08-13,148.8125,149.28125,148.5,148.8125,191440
2012-08-14,147.5,148.78125,147.28125,148.65625,312046
2012-08-15,146.125,147.5625,145.9375,147.34375,375258
2012-08-16,145.59375,146.5,145.125,146.0,402633
2012-08-17,145.875,146.25,145.46875,145.5625,216677
2012-08-20,146.0,146.3125,145.15625,145.875,212833
2012-08-21,146.28125,146.46875,145.09375,146.09375,304379
2012-08-22,147.59375,148.0625,146.375,146.40625,363271
2012-08-23,148.5,148.59375,147.65625,147.96875,321012
2012-08-24,148.375,149.125,148.125,148.28125,299205
2012-08-27,148.875,149.0625,148.125,148.28125,267255
2012-08-28,149.21875,149.59375,148.6875,148.8125,439350
2012-08-29,148.96875,149.375,148.53125,149.125,531339
2012-08-30,149.625,149.84375,148.875,149.0,340681
2012-08-31,150.5,150.78125,149.0,149.5,97889
2012-09-04,150.21875,150.96875,150.0625,150.71875,48004
2012-09-05,149.96875,150.8125,149.84375,150.34375,27842
2012-09-06,148.625,149.9375,148.4375,149.9375,20057
2012-09-07,148.53125,150.03125,147.65625,148.53125,23729
2012-09-10,148.1875,148.9375,147.9375,148.53125,18851
2012-09-11,148.09375,148.6875,147.96875,148.6875,11455
2012-09-12,146.90625,148.1875,146.8125,148.1875,3787
2012-09-13,146.65625,147.78125,145.6875,147.15625,12770
2012-09-14,144.5625,146.8125,144.21875,146.75,5660
2012-09-17,145.15625,145.375,144.15625,144.625,5284
2012-09-18,145.625,146.0625,145.375,145.40625,7137
2012-09-19,145.96875,146.375,145.6875,145.75,302854
2012-09-20,146.71875,147.59375,146.4375,146.65625,338321
2012-09-21,146.875,147.125,146.3125,146.84375,279316
2012-09-24,147.59375,147.875,146.90625,146.96875,192227
2012-09-25,148.375,148.65625,147.34375,147.75,318361
2012-09-26,149.875,150.03125,148.46875,148.59375,339736
2012-09-27,149.5,149.96875,149.125,149.9375,337664
2012-09-28,149.375,150.28125,149.15625,149.3125,404371
2012-10-01,149.65625,149.96875,149.09375,149.34375,368209
2012-10-02,149.90625,150.0,149.25,149.71875,247544
2012-10-03,149.6875,150.1875,149.3125,149.78125,301757
2012-10-04,148.8125,149.875,148.625,149.78125,326521
2012-10-05,147.5,149.0,147.34375,148.71875,373059
2012-10-08,148.25,148.34375,147.3125,147.34375,51279
2012-10-09,147.96875,148.4375,147.65625,148.25,272777
2012-10-10,148.71875,149.0,147.46875,148.125,316345
2012-10-11,149.25,149.40625,147.96875,148.9375,424829
2012-10-12,149.5625,150.21875,148.8125,149.28125,340754
2012-10-15,149.4375,149.8125,149.0,149.625,220089
2012-10-16,148.1875,149.46875,148.03125,149.40625,306049
2012-10-17,146.65625,148.1875,146.34375,148.09375,412962
2012-10-18,146.375,147.21875,146.15625,146.375,397831
2012-10-19,147.5625,147.65625,146.1875,146.3125,310017
2012-10-22,147.125,147.71875,146.6875,147.53125,280496
2012-10-23,147.75,148.125,146.6875,146.71875,305809
2012-10-24,147.46875,147.90625,147.09375,147.8125,325152
2012-10-25,146.71875,147.28125,146.0625,147.25,413574
2012-10-26,148.0,148.1875,146.59375,146.78125,355821
2012-10-31,149.3125,149.34375,148.0,148.46875,344296
2012-11-01,148.59375,149.1875,148.25,149.1875,288612
2012-11-02,148.40625,148.75,147.5625,148.46875,349986
2012-11-05,149.25,149.46875,148.4375,148.625,245166
2012-11-06,148.28125,149.25,148.09375,149.15625,282892
2012-11-07,150.3125,150.59375,148.15625,148.1875,585323
2012-11-08,151.1875,151.53125,149.75,150.0625,501356
2012-11-09,151.625,152.25,151.03125,151.5,410203
2012-11-12,151.65625,151.9375,151.40625,151.75,51428
2012-11-13,152.09375,152.46875,151.59375,151.8125,298294
2012-11-14,152.03125,152.375,151.3125,151.96875,358405
2012-11-15,152.0625,152.46875,151.53125,152.03125,340663
2012-11-16,152.21875,152.65625,151.78125,152.0,338759
2012-11-19,151.4375,151.96875,151.125,151.9375,216019
2012-11-20,150.53125,151.71875,150.28125,151.71875,310756
2012-11-21,150.09375,150.78125,149.90625,150.40625,230315
2012-11-23,150.03125,150.625,149.71875,150.15625,148069
2012-11-26,150.59375,151.15625,149.9375,150.03125,404915
2012-11-27,150.875,151.0625,150.3125,150.5625,489987
2012-11-28,151.375,151.78125,150.90625,150.96875,591609
2012-11-29,151.21875,151.4375,150.75,151.03125,427385
2012-11-30,151.40625,151.75,151.03125,151.25,104930
2012-12-03,151.0625,151.34375,150.375,151.125,47750
2012-12-04,151.46875,151.625,150.78125,151.15625,23628
2012-12-05,151.59375,152.0,151.1875,151.4375,29326
2012-12-06,151.84375,152.1875,151.4375,151.5,11319
2012-12-07,150.875,152.53125,150.6875,151.71875,23549
2012-12-10,151.0625,151.40625,150.8125,150.9375,7151
2012-12-11,150.375,151.15625,150.25,151.0625,7243
2012-12-12,149.4375,150.625,149.28125,150.375,7451
2012-12-13,149.1875,149.65625,148.6875,149.53125,4113
2012-12-14,149.71875,149.90625,148.90625,149.1875,5945
2012-12-17,148.65625,149.6875,148.375,149.4375,3076
2012-12-18,147.3125,148.59375,147.0,148.46875,1696
2012-12-19,148.03125,148.25,147.34375,147.53125,382075
2012-12-20,146.5,147.125,146.28125,146.53125,377672
2012-12-21,147.53125,147.71875,146.375,146.53125,269345
2012-12-24,147.25,147.4375,147.09375,147.34375,26095
2012-12-26,147.46875,147.6875,147.03125,147.0625,40543
2012-12-27,148.34375,148.5625,146.9375,147.625,200385
2012-12-28,148.375,148.78125,147.71875,147.84375,142897
2012-12-31,147.5,148.71875,146.71875,148.40625,133044
2013-01-02,145.71875,146.3125,145.40625,146.1875,281519
2013-01-03,144.71875,146.0625,144.40625,145.6875,427517
2013-01-04,144.5,144.84375,143.53125,144.4375,512172
2013-01-07,144.6875,145.125,144.375,144.65625,253435
2013-01-08,145.1875,145.40625,144.53125,144.71875,298215
2013-01-09,145.5,145.625,144.78125,145.15625,315470
2013-01-10,144.84375,145.375,144.53125,145.375,432152
2013-01-11,145.28125,145.59375,144.34375,144.78125,350009
2013-01-14,145.46875,146.0625,145.15625,145.3125,268671
2013-01-15,145.96875,146.4375,145.53125,145.625,341680
2013-01-16,146.09375,146.53125,145.78125,145.8125,289380
2013-01-17,145.1875,146.46875,144.875,146.15625,387498
2013-01-18,145.84375,145.96875,144.90625,145.125,293973
2013-01-22,146.03125,146.15625,145.25,145.78125,311042
2013-01-23,145.96875,146.375,145.8125,145.90625,253838
2013-01-24,145.84375,146.46875,145.28125,146.15625,437841
2013-01-25,144.0625,145.78125,143.9375,145.75,503810
2013-01-28,143.65625,144.34375,143.09375,144.0,460701
2013-01-29,143.4375,144.09375,143.15625,143.78125,382403
2013-01-30,143.0625,143.6875,142.59375,143.15625,630899
2013-01-31,143.46875,143.75,143.0,143.21875,454876
2013-02-01,142.84375,144.40625,142.4375,143.375,721177
2013-02-04,143.46875,143.875,142.15625,142.75,468052
2013-02-05,142.75,143.84375,142.65625,143.71875,363714
2013-02-06,143.53125,143.71875,142.65625,142.9375,472588
2013-02-07,143.78125,144.1875,143.0625,143.59375,506530
2013-02-08,143.6875,144.09375,143.03125,143.625,378373
2013-02-11,143.875,143.9375,143.25,143.65625,247489
2013-02-12,143.25,143.8125,143.1875,143.5625,291778
2013-02-13,142.625,143.4375,142.28125,143.3125,440598
2013-02-14,143.46875,143.65625,142.28125,142.46875,530270
2013-02-15,143.46875,143.9375,142.90625,143.46875,341036
2013-02-19,143.0625,143.8125,142.9375,143.40625,289634
2013-02-20,143.09375,143.40625,142.53125,143.0,494801
2013-02-21,143.84375,144.21875,143.09375,143.28125,488730
2013-02-22,144.0,144.1875,143.5,143.8125,408622
2013-02-25,145.25,145.90625,143.28125,144.0,827189
2013-02-26,145.625,146.3125,145.34375,145.71875,982819
2013-02-27,145.15625,146.34375,145.0,145.53125,583636
2013-02-28,145.28125,145.75,145.0,145.1875,158032
2013-03-01,145.84375,146.1875,145.4375,145.4375,58417
2013-03-04,145.4375,146.40625,145.4375,146.09375,55462
2013-03-05,145.15625,145.5625,144.875,145.46875,26305
2013-03-06,144.34375,145.125,144.25,145.09375,13331
2013-03-07,143.46875,144.65625,143.375,144.34375,11576
2013-03-08,142.5,143.5,142.0,143.375,7535
2013-03-11,142.4375,142.8125,142.1875,142.65625,6550
2013-03-12,143.0625,143.25,142.125,142.28125,2555
2013-03-13,143.0625,143.4375,142.5625,143.09375,6043
2013-03-14,142.8125,143.15625,142.25,142.96875,2233
2013-03-15,143.375,143.5,142.71875,143.03125,1166
2013-03-18,144.21875,145.03125,143.71875,143.71875,3335
2013-03-19,145.21875,145.21875,144.15625,144.1875,478661
2013-03-20,143.125,143.9375,142.625,143.6875,406992
2013-03-21,143.3125,143.71875,142.5625,142.71875,354010
2013-03-22,143.625,143.96875,143.125,143.625,351060
2013-03-25,143.5,143.90625,142.625,143.375,421320
2013-03-26,143.6875,143.75,142.96875,143.34375,332196
2013-03-27,144.5625,144.90625,143.40625,143.53125,416604
2013-03-28,144.46875,144.96875,144.21875,144.59375,343818
2013-04-01,144.875,145.03125,144.0,144.28125,146535
2013-04-02,144.4375,145.125,144.3125,144.90625,294985
2013-04-03,145.28125,145.625,144.1875,144.46875,391355
2013-04-04,146.34375,146.40625,145.125,145.375,531255
2013-04-05,148.0,148.28125,146.03125,146.3125,579632
2013-04-08,147.3125,148.0,147.0625,147.8125,338111
2013-04-09,147.0,147.5,146.71875,147.09375,341805
2013-04-10,145.9375,147.0625,145.8125,146.9375,422885
2013-04-11,146.21875,146.40625,145.8125,145.9375,380429
2013-04-12,147.53125,147.59375,146.15625,146.1875,407035
2013-04-15,147.9375,148.4375,147.15625,147.46875,411323
2013-04-16,147.625,148.4375,147.34375,148.28125,352697
2013-04-17,147.96875,148.625,147.40625,147.53125,438429
2013-04-18,148.4375,148.5,147.59375,148.09375,416050
2013-04-19,148.125,148.4375,147.875,148.40625,329640
2013-04-22,148.15625,148.59375,147.46875,148.03125,336635
2013-04-23,148.09375,149.1875,147.84375,148.15625,523046
2013-04-24,148.1875,148.28125,147.5625,147.90625,334310
2013-04-25,147.9375,148.1875,147.625,148.03125,292224
2013-04-26,148.875,148.90625,147.84375,147.9375,333114
2013-04-29,148.59375,149.15625,148.375,148.71875,263418
2013-04-30,148.375,149.15625,148.28125,148.5,398213
2013-05-01,149.125,149.65625,148.28125,148.4375,327586
2013-05-02,149.1875,149.375,148.5625,149.21875,390266
2013-05-03,147.0625,149.40625,146.84375,149.3125,601607
2013-05-06,146.5,147.25,146.40625,147.15625,274823
2013-05-07,146.25,146.96875,146.1875,146.65625,306152
2013-05-08,146.71875,146.9375,146.0,146.34375,369198
2013-05-09,146.5,147.375,146.375,146.5625,482430
2013-05-10,145.0,146.6875,144.53125,146.53125,613267
2013-05-13,144.625,145.125,144.1875,144.75,422384
2013-05-14,144.0625,145.125,143.5,144.6875,433912
2013-05-15,144.1875,144.59375,143.5,143.65625,487989
2013-05-16,145.4375,145.5625,143.90625,144.25,503698
2013-05-17,143.96875,145.53125,143.84375,145.15625,441742
2013-05-20,143.75,144.53125,143.5625,144.03125,388285
2013-05-21,144.09375,144.46875,143.25,143.71875,546738
2013-05-22,142.84375,145.09375,142.59375,144.375,851725
2013-05-23,143.0,144.09375,142.28125,142.6875,740252
2013-05-24,143.375,143.84375,142.71875,143.03125,448334
2013-05-28,141.25,143.40625,140.5,143.28125,886490
2013-05-29,141.625,141.8125,139.90625,140.78125,951552
2013-05-30,141.5,142.03125,141.09375,141.71875,592627
2013-05-31,141.0625,142.40625,140.125,141.65625,166898
2013-06-03,141.3125,142.40625,140.4375,141.21875,69155
2013-06-04,141.09375,141.59375,140.78125,141.59375,26725
2013-06-05,141.625,142.25,140.78125,140.78125,31237
2013-06-06,142.125,143.28125,141.25,141.8125,14561
2013-06-07,140.78125,142.59375,140.3125,142.0,15105
2013-06-10,139.9375,140.8125,139.75,140.53125,6742
2013-06-11,140.34375,140.6875,138.875,140.0,5540
2013-06-12,139.78125,140.84375,139.71875,140.59375,2622
2013-06-13,140.71875,141.03125,139.9375,139.9375,2238
2013-06-14,141.3125,141.84375,141.0625,141.0625,2150
2013-06-17,140.53125,141.59375,140.375,141.0625,2502
2013-06-18,140.5625,140.78125,140.09375,140.5,3032
2013-06-19,139.90625,140.8125,139.90625,140.40625,453678
2013-06-20,136.125,137.71875,135.625,137.5625,692572
2013-06-21,135.03125,136.71875,134.4375,136.1875,517509
2013-06-24,134.8125,135.15625,133.125,134.8125,533168
2013-06-25,134.15625,135.6875,133.78125,135.0,410209
2013-06-26,134.96875,135.3125,133.625,134.03125,358763
2013-06-27,135.59375,136.0,134.65625,135.0625,324068
2013-06-28,135.84375,136.125,134.625,135.875,388557
2013-07-01,135.75,136.03125,134.875,135.65625,256523
2013-07-02,135.96875,136.34375,135.625,135.9375,247106
2013-07-03,135.5625,136.84375,135.28125,135.90625,222244
2013-07-05,132.65625,136.0,132.125,135.46875,427393
2013-07-08,133.5,133.65625,132.0625,132.4375,266866
2013-07-09,133.46875,133.78125,133.25,133.65625,206219
2013-07-10,132.875,133.8125,132.65625,133.5,273100
2013-07-11,134.21875,134.8125,133.625,133.625,351564
2013-07-12,133.9375,135.03125,133.875,134.125,263951
2013-07-15,134.59375,134.875,133.40625,134.21875,206687
2013-07-16,134.96875,135.25,134.53125,134.8125,242040
2013-07-17,135.34375,135.875,134.53125,134.96875,336830
2013-07-18,134.65625,135.6875,134.4375,135.25,290258
2013-07-19,135.5,135.75,134.53125,134.6875,195444
2013-07-22,135.5,136.0,135.4375,135.59375,186091
2013-07-23,135.0625,135.6875,134.75,135.625,209976
2013-07-24,134.09375,135.25,133.5,135.25,293024
2013-07-25,134.0,134.40625,133.5625,134.21875,287856
2013-07-26,134.71875,134.96875,134.1875,134.28125,193977
2013-07-29,134.15625,134.96875,133.8125,134.6875,201650
2013-07-30,133.90625,134.4375,133.6875,133.9375,182083
2013-07-31,134.0625,134.40625,132.40625,133.75,443945
2013-08-01,132.03125,134.21875,132.0,134.1875,355297
2013-08-02,133.71875,133.8125,131.78125,132.34375,381765
2013-08-05,133.1875,133.875,132.8125,133.75,199623
2013-08-06,133.15625,133.40625,132.78125,133.25,172549
2013-08-07,133.90625,134.125,133.1875,133.21875,251577
2013-08-08,134.28125,134.625,133.75,133.875,284428
2013-08-09,134.4375,134.5625,133.9375,134.25,179034
2013-08-12,134.125,135.0625,133.78125,134.4375,242707
2013-08-13,132.625,133.90625,132.375,133.84375,352535
2013-08-14,132.625,132.9375,132.4375,132.5625,214131
2013-08-15,132.0625,132.875,131.03125,132.6875,405467
2013-08-16,131.03125,131.9375,130.53125,131.8125,342207
2013-08-19,130.375,131.09375,130.15625,131.09375,266045
2013-08-20,131.34375,131.40625,130.40625,130.4375,275997
2013-08-21,130.8125,131.40625,130.21875,131.28125,385768
2013-08-22,130.59375,130.8125,129.875,130.3125,398405
2013-08-23,131.8125,132.0625,130.40625,130.8125,418450
2013-08-26,131.96875,132.28125,131.65625,131.90625,359331
2013-08-27,133.1875,133.46875,131.8125,132.125,506779
2013-08-28,132.46875,133.5,132.25,133.28125,624938
2013-08-29,133.125,133.25,131.84375,132.71875,465734
2013-08-30,133.34375,133.375,132.5625,132.9375,125371
2013-09-03,131.71875,132.78125,130.78125,132.78125,89612
2013-09-04,131.3125,131.8125,131.15625,131.53125,36141
2013-09-05,130.125,131.5,129.96875,131.34375,9750
2013-09-06,130.46875,131.46875,129.78125,130.03125,6898
2013-09-09,131.03125,131.34375,130.3125,130.46875,4598
2013-09-10,130.28125,130.84375,130.09375,130.78125,8600
2013-09-11,130.875,131.0,130.09375,130.09375,2866
2013-09-12,131.15625,131.8125,131.03125,131.0625,5282
2013-09-13,131.3125,131.65625,130.6875,130.90625,2100
2013-09-16,131.34375,132.875,131.34375,132.28125,3053
2013-09-17,131.84375,131.9375,131.4375,131.5625,1704
2013-09-18,133.46875,133.96875,131.15625,132.0625,4519
2013-09-19,132.9375,133.4375,132.9375,133.375,467847
2013-09-20,131.6875,131.90625,130.96875,131.21875,283233
2013-09-23,131.90625,132.1875,131.40625,131.59375,205690
2013-09-24,132.96875,133.15625,132.03125,132.0625,285477
2013-09-25,133.59375,133.71875,132.875,132.96875,312721
2013-09-26,133.125,133.46875,132.875,133.25,288557
2013-09-27,133.4375,133.71875,132.6875,133.0,270148
2013-09-30,133.375,133.78125,132.96875,133.4375,383360
2013-10-01,133.0,133.4375,132.6875,133.40625,328926
2013-10-02,133.28125,133.90625,132.78125,132.9375,334740
2013-10-03,133.4375,133.90625,132.84375,133.375,337125
2013-10-04,132.96875,133.46875,132.8125,133.4375,230562
2013-10-07,133.34375,133.71875,133.15625,133.21875,158062
2013-10-08,133.40625,133.6875,132.875,133.4375,268859
2013-10-09,133.125,133.78125,132.78125,133.46875,326241
2013-10-10,132.65625,132.9375,132.0,132.90625,354021
2013-10-11,132.8125,133.46875,132.625,132.65625,285624
2013-10-14,132.21875,133.15625,131.875,133.09375,56318
2013-10-15,132.15625,132.5625,131.84375,131.96875,251898
2013-10-16,132.96875,133.125,131.625,131.9375,312315
2013-10-17,134.15625,134.28125,132.96875,133.0625,293925
2013-10-18,134.09375,134.8125,133.875,134.09375,257623
2013-10-21,133.71875,134.25,133.5625,134.1875,197917
2013-10-22,135.0,135.125,133.71875,133.78125,342107
2013-10-23,135.46875,135.71875,134.96875,135.0,280163
2013-10-24,135.0625,135.75,135.0,135.25,284132
2013-10-25,135.34375,135.46875,134.96875,135.0625,172034
2013-10-28,135.21875,135.40625,134.9375,135.21875,128103
2013-10-29,135.25,135.40625,134.78125,135.03125,244375
2013-10-30,134.96875,135.71875,134.59375,135.3125,340028
2013-10-31,134.8125,135.3125,134.34375,134.875,401709
2013-11-01,133.75,134.71875,133.625,134.625,288048
2013-11-04,133.96875,134.1875,133.625,133.65625,150095
2013-11-05,132.96875,134.0625,132.75,133.90625,330970
2013-11-06,133.09375,133.28125,132.75,132.875,277345
2013-11-07,133.6875,133.90625,132.875,133.03125,410174
2013-11-08,131.75,134.3125,131.5625,133.84375,451723
2013-11-11,131.46875,131.75,131.3125,131.6875,45686
2013-11-12,131.5,131.65625,131.125,131.375,228674
2013-11-13,131.9375,132.34375,131.40625,131.4375,250165
2013-11-14,132.53125,132.96875,132.03125,132.15625,388807
2013-11-15,132.53125,132.78125,132.15625,132.6875,216784
2013-11-18,133.0,133.28125,132.375,132.53125,244267
2013-11-19,132.46875,133.3125,132.40625,133.15625,244441
2013-11-20,131.03125,132.78125,130.78125,132.46875,486331
2013-11-21,131.28125,131.34375,130.4375,130.84375,454558
2013-11-22,131.90625,132.09375,131.15625,131.25,345216
2013-11-25,131.96875,132.3125,131.65625,132.0,448908
2013-11-26,132.71875,132.75,132.09375,132.15625,610095
2013-11-27,132.21875,132.5,131.65625,132.5,372917
2013-11-29,132.21875,132.296875,131.71875,132.1875,56156
2013-12-02,131.25,132.03125,131.125,131.90625,79420
2013-12-03,131.65625,131.90625,131.21875,131.34375,30842
2013-12-04,130.625,131.59375,130.4375,131.46875,39176
2013-12-05,130.4375,130.875,130.0625,130.71875,22380
2013-12-06,130.375,131.0,129.34375,130.28125,14195
2013-12-09,130.78125,131.03125,130.75,130.8125,9599
2013-12-10,131.71875,131.78125,131.0,131.0,5191
2013-12-11,130.96875,131.5,130.96875,131.5,4332
2013-12-12,130.75,131.03125,130.5625,130.9375,2553
2013-12-13,131.125,131.1875,130.625,130.625,2338
2013-12-16,130.84375,131.53125,130.65625,131.21875,215957
2013-12-17,129.84375,130.03125,129.15625,129.34375,228191
2013-12-18,129.25,130.25,128.40625,129.9375,362441
2013-12-19,129.1875,129.625,128.78125,129.3125,321534
2013-12-20,130.09375,130.25,128.84375,129.09375,276326
2013-12-23,129.4375,131.375,129.40625,130.15625,162524
2013-12-24,128.6875,129.59375,128.5625,129.46875,78387
2013-12-26,128.5,128.78125,128.3125,128.6875,51975
2013-12-27,128.28125,128.75,128.0625,128.5,129180
2013-12-30,128.78125,128.96875,128.09375,128.3125,106472
2013-12-31,128.3125,128.875,127.71875,128.8125,141759
2014-01-02,128.625,128.8125,127.84375,128.09375,175079
2014-01-03,128.53125,128.875,128.1875,128.53125,154961
2014-01-06,129.03125,129.34375,128.25,128.46875,187850
2014-01-07,129.3125,129.375,128.90625,128.96875,160804
2014-01-08,128.78125,129.25,128.34375,129.21875,325226
2014-01-09,129.34375,129.4375,128.8125,128.90625,363575
2014-01-10,130.71875,130.75,129.125,129.28125,419362
2014-01-13,131.09375,131.25,130.5625,130.59375,230168
2014-01-14,130.65625,131.09375,130.53125,131.03125,209818
2014-01-15,130.53125,130.78125,130.09375,130.625,248543
2014-01-16,131.09375,131.21875,130.21875,130.3125,223924
2014-01-17,131.3125,131.5,130.8125,131.09375,204070
2014-01-21,131.40625,131.625,130.84375,131.40625,186787
2014-01-22,131.0625,131.46875,130.96875,131.3125,204516
2014-01-23,132.3125,132.625,130.9375,131.0,357101
2014-01-24,132.84375,133.15625,132.15625,132.28125,425879
2014-01-27,132.34375,133.25,132.28125,133.03125,329279
2014-01-28,132.625,132.6875,132.09375,132.625,319087
2014-01-29,133.5,133.75,132.03125,132.3125,474247
2014-01-30,133.28125,133.59375,132.78125,133.53125,296190
2014-01-31,133.59375,133.96875,133.0625,133.1875,355281
2014-02-03,134.90625,135.09375,133.4375,133.75,393856
2014-02-04,134.15625,135.0625,134.0,134.90625,314855
2014-02-05,133.40625,134.5,133.3125,134.0625,380575
2014-02-06,133.03125,133.59375,132.875,133.4375,308609
2014-02-07,133.3125,134.0625,132.375,133.09375,378600
2014-02-10,133.28125,133.4375,132.9375,133.09375,180664
2014-02-11,132.84375,133.4375,132.46875,133.34375,275583
2014-02-12,132.25,132.90625,132.0,132.78125,258994
2014-02-13,133.0,133.21875,132.25,132.3125,278759
2014-02-14,132.90625,133.4375,132.6875,133.09375,191343
2014-02-18,133.3125,133.625,132.65625,132.96875,225424
2014-02-19,132.96875,133.90625,132.8125,133.34375,261863
2014-02-20,132.71875,133.46875,132.375,132.84375,311532
2014-02-21,133.09375,133.1875,132.40625,132.78125,254952
2014-02-24,132.84375,133.3125,132.65625,133.125,401477
2014-02-25,133.625,133.71875,132.9375,133.0,444783
2014-02-26,134.09375,134.28125,133.40625,133.59375,776701
2014-02-27,134.65625,134.75,134.0625,134.28125,495380
2014-02-28,134.59375,134.84375,133.84375,134.6875,117694
2014-03-03,135.1875,135.53125,134.875,135.0,60126
2014-03-04,133.9375,135.25,133.75,135.21875,32457
2014-03-05,133.90625,134.1875,133.65625,133.84375,17660
2014-03-06,133.28125,133.90625,133.1875,133.84375,22075
2014-03-07,132.6875,133.65625,132.09375,133.25,10019
2014-03-10,132.71875,132.96875,132.46875,132.75,5871
2014-03-11,133.0,133.03125,132.53125,132.78125,4198
2014-03-12,133.6875,133.90625,132.9375,132.96875,1924
2014-03-13,134.84375,135.0,133.34375,133.625,2549
2014-03-14,135.0,135.5,134.8125,135.03125,1741
2014-03-17,134.3125,135.0625,134.3125,135.0625,4224
2014-03-19,133.5,134.78125,133.375,134.65625,9498
2014-03-20,133.5625,134.0625,133.3125,133.75,354124
2014-03-21,132.65625,132.8125,132.0,132.09375,244707
2014-03-24,133.09375,133.34375,132.34375,132.65625,324699
2014-03-25,133.0625,133.3125,132.65625,133.21875,281363
2014-03-26,133.59375,133.8125,132.65625,132.875,298382
2014-03-27,134.21875,134.5,133.5,133.65625,440325
2014-03-28,133.53125,134.25,133.15625,133.9375,271525
2014-03-31,133.21875,133.46875,132.5,133.40625,355951
2014-04-01,132.625,133.28125,132.46875,133.25,271833
2014-04-02,131.96875,132.625,131.8125,132.625,301103
2014-04-03,132.21875,132.375,131.84375,131.9375,222677
2014-04-04,132.96875,133.09375,131.65625,132.125,437807
2014-04-07,133.4375,133.71875,132.84375,133.0,287242
2014-04-08,133.65625,133.78125,133.125,133.40625,264574
2014-04-09,133.4375,133.6875,133.15625,133.625,290080
2014-04-10,134.4375,134.59375,133.125,133.28125,440760
2014-04-11,134.78125,134.875,134.09375,134.125,322080
2014-04-14,134.5,135.0625,134.28125,134.78125,219855
2014-04-15,134.8125,135.3125,134.25,134.4375,361216
2014-04-16,134.875,135.0,134.25,134.8125,298590
2014-04-17,133.90625,135.125,133.59375,134.96875,333179
2014-04-21,133.71875,134.34375,133.625,133.875,126218
2014-04-22,133.9375,134.1875,133.4375,133.84375,243017
2014-04-23,134.46875,134.5625,133.9375,134.09375,243589
2014-04-24,134.53125,134.6875,133.75,134.3125,312624
2014-04-25,134.9375,135.28125,134.5625,134.65625,271404
2014-04-28,134.71875,134.9375,134.1875,134.875,291968
2014-04-29,134.375,134.46875,133.78125,134.34375,291113
2014-04-30,134.9375,135.0,133.9375,134.40625,423717
2014-05-01,135.6875,135.875,134.6875,134.875,272757
2014-05-02,136.1875,136.5,134.5,135.5625,586198
2014-05-05,135.71875,136.5,135.65625,136.125,215806
2014-05-06,136.0625,136.25,135.53125,135.75,283601
2014-05-07,136.0,136.34375,135.6875,136.03125,400477
2014-05-08,136.1875,136.6875,135.71875,136.03125,476278
2014-05-09,135.75,136.4375,135.53125,135.9375,338398
2014-05-12,135.34375,135.78125,135.15625,135.75,205977
2014-05-13,135.875,136.09375,135.25,135.28125,274122
2014-05-14,137.03125,137.28125,135.875,135.9375,382841
2014-05-15,137.59375,138.125,136.71875,136.96875,534837
2014-05-16,137.4375,137.84375,137.34375,137.78125,305655
2014-05-19,136.96875,137.78125,136.8125,137.375,283194
2014-05-20,137.25,137.53125,136.71875,136.84375,368708
2014-05-21,136.6875,137.375,136.3125,137.1875,336691
2014-05-22,136.5,136.84375,136.1875,136.75,307616
2014-05-23,136.9375,137.1875,136.46875,136.5,205207
2014-05-27,137.375,137.46875,136.65625,136.96875,592413
2014-05-28,138.65625,138.71875,137.3125,137.375,779368
2014-05-29,138.4375,139.09375,138.0,138.5625,526156
2014-05-30,138.25,138.4375,137.8125,138.125,123483
2014-06-02,137.1875,138.0625,137.0,138.0,54217
2014-06-03,136.21875,137.375,136.125,137.25,39524
2014-06-04,136.03125,136.5625,135.875,136.21875,24720
2014-06-05,136.28125,136.5,135.40625,136.15625,14479
2014-06-06,136.28125,137.15625,136.09375,136.3125,13774
2014-06-09,136.125,136.34375,135.90625,136.34375,8994
2014-06-10,135.84375,136.5,135.625,136.3125,3884
2014-06-11,135.78125,136.1875,135.5,135.6875,10122
2014-06-12,136.65625,136.78125,135.625,135.78125,6628
2014-06-13,136.59375,136.9375,136.0,136.5,4243
2014-06-16,136.78125,137.0625,136.5,136.5625,4056
2014-06-17,135.90625,136.9375,135.90625,136.71875,4621
2014-06-18,136.46875,136.96875,135.8125,135.9375,4619
2014-06-19,136.375,137.03125,136.375,136.78125,450909
2014-06-20,135.34375,135.625,134.625,135.1875,311852
2014-06-23,135.375,136.0,135.25,135.59375,209256
2014-06-24,136.03125,136.21875,135.25,135.28125,320822
2014-06-25,136.5,136.9375,136.0,136.09375,295340
2014-06-26,137.15625,137.28125,136.40625,136.46875,306418
2014-06-27,136.90625,137.375,136.78125,136.9375,233664
2014-06-30,137.1875,137.21875,136.65625,136.90625,256777
2014-07-01,136.34375,137.125,136.21875,136.90625,219273
2014-07-02,135.25,136.625,135.1875,136.34375,345620
2014-07-03,135.0,135.5,134.34375,135.3125,336681
2014-07-07,135.6875,135.875,134.90625,135.1875,207667
2014-07-08,136.59375,136.78125,135.625,135.75,273505
2014-07-09,136.96875,137.0,136.28125,136.6875,335235
2014-07-10,137.09375,137.71875,136.65625,136.75,420130
2014-07-11,137.375,137.59375,136.9375,137.03125,203908
2014-07-14,136.90625,137.5,136.84375,137.4375,161082
2014-07-15,136.9375,137.34375,136.53125,136.875,391801
2014-07-16,137.15625,137.34375,136.625,136.9375,216560
2014-07-17,138.125,138.65625,137.25,137.3125,412563
2014-07-18,138.0625,138.71875,137.71875,138.4375,275064
2014-07-21,138.4375,138.84375,138.03125,138.09375,234807
2014-07-22,138.5625,138.65625,137.96875,138.46875,304025
2014-07-23,138.5625,138.84375,138.375,138.5625,181566
2014-07-24,137.875,138.625,137.65625,138.46875,300869
2014-07-25,138.65625,138.75,137.78125,137.96875,268051
2014-07-28,138.28125,138.78125,138.21875,138.6875,257419
2014-07-29,138.9375,139.09375,138.28125,138.4375,309937
2014-07-30,137.5,139.0625,137.375,138.9375,501553
2014-07-31,137.40625,137.75,136.4375,137.4375,553604
2014-08-01,137.9375,138.40625,136.78125,137.3125,611938
2014-08-04,138.09375,138.5,137.875,138.0625,221926
2014-08-05,138.375,138.5,137.5625,138.21875,355824
2014-08-06,138.5,139.25,138.1875,138.25,355547
2014-08-07,139.25,139.5,138.375,138.5625,363729
2014-08-08,139.40625,140.34375,139.1875,139.375,472691
2014-08-11,139.40625,139.59375,139.09375,139.28125,247258
2014-08-12,138.96875,139.5,138.8125,139.25,302057
2014-08-13,139.46875,139.5625,138.5,138.84375,354582
2014-08-14,140.0625,140.125,139.21875,139.375,431610
2014-08-15,141.03125,141.65625,139.90625,140.03125,512939
2014-08-18,140.15625,141.03125,140.0,140.96875,250946
2014-08-19,139.78125,140.71875,139.75,140.0625,293180
2014-08-20,139.6875,140.0625,139.34375,139.875,293728
2014-08-21,140.0625,140.28125,139.375,139.6875,323658
2014-08-22,140.4375,140.5625,139.65625,140.09375,386880
2014-08-25,140.71875,140.9375,140.34375,140.34375,350998
2014-08-26,140.53125,141.0625,140.375,140.78125,496686
2014-08-27,141.15625,141.3125,140.375,140.40625,687635
2014-08-28,141.71875,141.9375,141.21875,141.28125,613612
2014-08-29,141.53125,141.90625,141.375,141.6875,86771
2014-09-02,140.125,141.5625,140.03125,141.53125,77424
2014-09-03,140.375,140.625,139.4375,140.125,36889
2014-09-04,139.625,140.75,139.53125,140.46875,41915
2014-09-05,139.375,140.53125,139.28125,139.6875,10222
2014-09-08,139.40625,140.125,139.1875,139.46875,5301
2014-09-09,139.15625,139.4375,138.90625,139.375,11389
2014-09-10,138.625,139.34375,138.53125,139.28125,3040
2014-09-11,138.71875,139.125,138.3125,138.71875,7953
2014-09-12,137.28125,138.40625,137.25,138.40625,9363
2014-09-15,137.5625,137.875,137.25,137.46875,5245
2014-09-16,137.46875,138.125,137.375,137.46875,9490
2014-09-17,137.375,138.125,137.0625,137.4375,3080
2014-09-18,137.15625,137.65625,136.96875,137.15625,4876
2014-09-19,137.90625,137.90625,136.875,137.125,310626
2014-09-22,136.75,137.1875,136.625,136.75,298288
2014-09-23,137.40625,137.5625,136.6875,136.75,267292
2014-09-24,136.84375,137.5625,136.8125,137.4375,267166
2014-09-25,137.8125,138.0,136.8125,136.90625,368258
2014-09-26,137.625,138.21875,137.15625,137.875,431334
2014-09-29,138.3125,138.59375,137.5625,137.78125,288250
2014-09-30,137.90625,138.53125,137.8125,138.46875,335918
2014-10-01,139.625,139.96875,137.84375,138.1875,520531
2014-10-02,139.0,140.03125,138.96875,139.84375,470373
2014-10-03,139.21875,139.40625,138.34375,139.09375,517911
2014-10-06,139.375,139.78125,139.03125,139.28125,294479
2014-10-07,140.59375,140.78125,139.3125,139.4375,423296
2014-10-08,140.65625,140.9375,140.0625,140.6875,574265
2014-10-09,140.8125,141.4375,140.53125,140.71875,595864
2014-10-10,141.28125,141.6875,140.625,141.0,386507
2014-10-13,142.03125,142.53125,141.5625,141.6875,106917
2014-10-14,142.6875,143.1875,141.8125,142.25,526616
2014-10-15,144.375,148.0,142.40625,142.8125,1190563
2014-10-16,143.40625,146.21875,143.0625,143.75,860837
2014-10-17,142.90625,143.90625,142.28125,143.4375,498697
2014-10-20,143.09375,143.5,142.4375,142.78125,326398
2014-10-21,142.6875,143.78125,142.375,143.0,352415
2014-10-22,142.40625,143.25,142.09375,142.59375,369482
2014-10-23,141.71875,142.875,141.21875,142.5625,372073
2014-10-24,141.71875,142.53125,141.625,141.75,354706
2014-10-27,141.96875,142.28125,141.40625,141.75,210566
2014-10-28,141.53125,142.15625,141.25,141.90625,333634
2014-10-29,141.375,141.65625,140.5,141.4375,316683
2014-10-30,141.5625,142.125,141.25,141.46875,356556
2014-10-31,141.09375,141.59375,140.625,141.46875,399705
2014-11-03,141.0625,141.625,140.4375,141.1875,325855
2014-11-04,141.25,141.875,141.03125,141.09375,324924
2014-11-05,141.09375,141.5,140.75,141.28125,250605
2014-11-06,140.65625,141.4375,140.40625,141.15625,292935
2014-11-07,141.65625,141.96875,140.25,140.5,433999
2014-11-10,140.96875,142.25,140.875,141.90625,209482
2014-11-11,140.71875,141.0625,140.53125,140.875,40836
2014-11-12,141.125,141.75,140.75,140.9375,271245
2014-11-13,141.25,141.46875,140.6875,140.8125,335103
2014-11-14,141.6875,141.78125,140.84375,141.34375,270101
2014-11-17,141.375,142.28125,141.15625,141.625,266078
2014-11-18,141.6875,141.90625,141.3125,141.34375,211563
2014-11-19,141.21875,141.84375,141.0,141.75,352802
2014-11-20,141.5625,142.09375,141.0625,141.09375,380089
2014-11-21,142.0,142.09375,141.375,141.53125,321366
2014-11-24,142.0625,142.21875,141.59375,142.0,437033
2014-11-25,142.96875,143.03125,142.0,142.125,884419
2014-11-26,143.4375,143.5,142.90625,142.9375,440672
2014-11-28,144.0625,144.28125,143.25,143.3125,52884
2014-12-01,143.53125,144.71875,143.09375,144.28125,74915
2014-12-02,142.53125,143.4375,142.34375,143.25,45003
2014-12-03,142.71875,142.84375,142.28125,142.40625,15123
2014-12-04,143.28125,143.6875,142.5625,142.8125,8038
2014-12-05,142.96875,143.59375,142.3125,143.5625,13359
2014-12-08,144.0,144.1875,142.40625,142.8125,12472
2014-12-09,144.59375,145.09375,143.84375,143.875,4798
2014-12-10,145.375,145.625,144.5,144.65625,2229
2014-12-11,145.53125,145.90625,144.8125,145.40625,2787
2014-12-12,146.625,147.0,145.84375,145.84375,2169
2014-12-15,146.53125,147.1875,146.28125,146.875,2639
2014-12-16,147.21875,147.9375,146.6875,146.6875,4593
2014-12-17,146.15625,147.4375,146.125,147.34375,2299
2014-12-18,145.1875,146.875,144.875,146.4375,7902
2014-12-19,145.78125,145.84375,144.59375,145.1875,246876
2014-12-22,144.59375,144.78125,144.0625,144.59375,145756
2014-12-23,142.875,144.75,142.65625,144.6875,175337
2014-12-24,143.15625,143.28125,142.34375,142.875,84135
2014-12-26,143.375,143.71875,143.0625,143.25,53552
2014-12-29,144.0,144.28125,143.21875,143.34375,128045
2014-12-30,144.28125,144.6875,143.90625,144.03125,120893
2014-12-31,144.5625,144.65625,144.125,144.28125,106324
2015-01-02,145.5,145.9375,143.96875,144.34375,256841
2015-01-05,146.96875,147.1875,145.40625,145.5625,304108
2015-01-06,148.15625,149.25,146.875,146.90625,576430
2015-01-07,148.1875,148.75,147.3125,148.5,415226
2015-01-08,146.90625,147.96875,146.6875,147.84375,378362
2015-01-09,147.53125,148.0625,146.59375,146.84375,444356
2015-01-12,148.4375,148.65625,147.3125,147.96875,265334
2015-01-13,148.625,149.125,147.71875,148.34375,465819
2015-01-14,149.40625,150.3125,148.3125,148.4375,495531
2015-01-15,150.09375,151.21875,148.34375,149.03125,500285
2015-01-16,149.53125,151.3125,149.1875,150.84375,424922
2015-01-20,149.84375,150.65625,149.125,149.375,334706
2015-01-21,149.09375,150.59375,148.65625,150.09375,454659
2015-01-22,148.5,149.875,147.375,148.8125,537983
2015-01-23,149.84375,150.4375,148.84375,149.0,336280
2015-01-26,149.59375,150.90625,149.375,150.46875,269227
2015-01-27,149.53125,150.84375,149.40625,149.625,298587
2015-01-28,151.1875,151.5625,149.3125,149.5625,378131
2015-01-29,150.40625,151.375,149.90625,151.09375,357935
2015-01-30,151.28125,151.875,150.1875,150.3125,451839
2015-02-02,150.84375,151.71875,150.5,151.59375,341090
2015-02-03,149.28125,150.84375,148.96875,150.75,394644
2015-02-04,149.4375,150.375,148.5625,149.125,380034
2015-02-05,148.875,150.59375,148.71875,150.125,309499
2015-02-06,147.65625,149.6875,147.03125,148.75,479682
2015-02-09,147.59375,148.28125,146.96875,147.625,254044
2015-02-10,146.875,147.34375,146.59375,147.125,281888
2015-02-11,146.90625,147.15625,146.1875,146.875,302780
2015-02-12,146.8125,147.3125,145.71875,146.5,363464
2015-02-13,145.90625,147.0,145.53125,146.78125,267855
2015-02-17,144.09375,146.125,143.9375,145.5625,418137
2015-02-18,144.8125,145.21875,143.78125,144.1875,404453
2015-02-19,144.3125,145.21875,144.09375,144.59375,318011
2015-02-20,144.03125,145.4375,143.875,144.21875,355084
2015-02-23,145.34375,145.40625,144.09375,144.15625,324290
2015-02-24,146.15625,146.46875,144.5625,145.25,698873
2015-02-25,146.875,147.0625,145.96875,146.25,671608
2015-02-26,146.8125,147.78125,146.46875,146.75,525226
2015-02-27,147.03125,147.25,146.21875,146.65625,136968
2015-03-02,145.8125,147.28125,145.53125,147.09375,42010
2015-03-03,145.15625,146.15625,145.0625,145.78125,50759
2015-03-04,145.34375,145.65625,145.0,145.21875,33697
2015-03-05,145.46875,145.75,144.875,145.53125,13220
2015-03-06,143.375,145.90625,142.96875,145.40625,22344
2015-03-09,144.1875,144.34375,143.59375,144.1875,18611
2015-03-10,145.25,145.34375,144.0,144.09375,10097
2015-03-11,145.71875,146.03125,144.8125,145.28125,11384
2015-03-12,145.6875,146.59375,145.375,145.78125,8062
2015-03-13,145.6875,145.96875,145.1875,145.25,6717
2015-03-16,145.84375,146.46875,145.71875,146.09375,4588
2015-03-17,146.65625,147.15625,146.40625,147.125,6090
2015-03-18,148.15625,148.4375,146.5625,147.4375,3022
2015-03-19,147.96875,149.3125,147.5625,149.3125,3098
2015-03-20,148.59375,149.03125,148.25,148.375,151445
2015-03-23,164.03125,164.5,163.65625,164.21875,155530
2015-03-24,165.25,165.5,163.8125,163.9375,196107
2015-03-25,164.53125,165.84375,164.25,165.25,183765
2015-03-26,162.40625,165.21875,162.25,164.34375,268036
2015-03-27,164.40625,164.46875,162.53125,162.84375,205303
2015-03-30,163.46875,164.34375,163.25,164.0625,147179
2015-03-31,163.875,164.15625,163.15625,163.71875,208298
2015-04-01,165.8125,166.34375,163.5625,164.03125,230483
2015-04-02,164.5625,166.65625,164.28125,166.0,171394
2015-04-06,163.75,165.8125,163.5,165.75,111639
2015-04-07,164.625,164.96875,163.59375,163.9375,165011
2015-04-08,164.9375,165.21875,163.65625,164.875,197039
2015-04-09,163.25,165.34375,162.90625,164.65625,233253
2015-04-10,163.5,164.375,163.0,163.1875,171299
2015-04-13,163.46875,163.9375,162.59375,163.46875,164217
2015-04-14,164.375,165.8125,163.59375,163.65625,250235
2015-04-15,164.09375,165.09375,163.8125,164.46875,212247
2015-04-16,164.125,164.9375,163.09375,164.40625,290535
2015-04-17,165.46875,165.59375,163.3125,163.65625,267774
2015-04-20,163.78125,165.34375,163.625,164.90625,192775
2015-04-21,163.375,164.75,163.21875,163.9375,171840
2015-04-22,161.46875,163.9375,160.96875,163.46875,305867
2015-04-23,162.03125,162.375,161.0625,161.40625,265143
2015-04-24,162.5625,163.125,161.28125,161.65625,196936
2015-04-27,162.84375,163.28125,161.9375,162.78125,147941
2015-04-28,161.46875,163.03125,160.59375,162.84375,229252
2015-04-29,159.875,161.15625,158.6875,160.65625,348595
2015-04-30,159.59375,160.03125,158.25,159.59375,339035
2015-05-01,157.625,159.8125,157.4375,159.6875,179775
2015-05-04,156.78125,158.15625,156.4375,157.6875,213114
2015-05-05,156.0625,157.3125,155.375,156.5,293094
2015-05-06,154.3125,156.15625,153.84375,155.875,298445
2015-05-07,155.96875,156.28125,153.0,154.125,324017
2015-05-08,156.21875,157.375,155.3125,155.75,309591
2015-05-11,153.1875,156.65625,152.8125,156.03125,246862
2015-05-12,153.59375,154.28125,151.125,153.03125,353074
2015-05-13,152.5625,155.0625,152.09375,153.65625,378280
2015-05-14,153.0,153.5625,151.875,152.1875,345557
2015-05-15,155.59375,155.84375,153.1875,153.25,264551
2015-05-18,153.46875,155.53125,153.09375,155.53125,213166
2015-05-19,153.0,154.40625,151.875,153.25,321720
2015-05-20,152.71875,153.3125,151.90625,152.25,239241
2015-05-21,154.40625,154.46875,152.59375,152.78125,243297
2015-05-22,153.78125,154.90625,153.46875,154.125,240711
2015-05-26,156.21875,156.34375,153.90625,154.125,467210
2015-05-27,156.5625,156.75,155.34375,156.0625,404265
2015-05-28,156.34375,156.96875,156.0,156.625,258832
2015-05-29,157.1875,157.375,156.21875,156.25,56163
2015-06-01,154.96875,157.0,154.71875,156.53125,28941
2015-06-02,153.3125,155.40625,153.03125,155.15625,15907
2015-06-03,151.25,153.53125,150.875,153.5,12421
2015-06-04,152.90625,153.15625,150.21875,151.46875,11410
2015-06-05,151.25,152.78125,150.59375,152.75,6456
2015-06-08,151.5625,151.9375,151.09375,151.25,895
2015-06-09,150.65625,152.0,149.875,151.53125,2246
2015-06-10,149.46875,150.125,149.0625,150.125,1511
2015-06-11,151.875,152.0,149.125,149.53125,2512
2015-06-12,152.0,153.1875,151.59375,151.96875,908
2015-06-15,152.125,153.15625,151.71875,152.125,2370
2015-06-16,152.9375,152.96875,152.0625,152.09375,748
2015-06-17,152.5625,153.0,151.3125,153.0,1102
2015-06-18,151.25,153.09375,151.0,152.46875,3401
2015-06-19,153.59375,153.59375,152.125,152.15625,221490
2015-06-22,149.71875,151.78125,149.34375,151.75,206879
2015-06-23,148.8125,149.71875,148.15625,149.59375,279517
2015-06-24,149.84375,149.96875,148.78125,148.84375,228480
2015-06-25,149.5625,150.0625,148.875,149.90625,230246
2015-06-26,147.5625,149.5,147.34375,149.25,237259
2015-06-29,150.90625,151.6875,149.21875,149.75,330270
2015-06-30,150.84375,151.5,150.03125,150.9375,302306
2015-07-01,148.84375,150.65625,148.40625,150.5,248277
2015-07-02,149.1875,149.90625,147.8125,148.75,238725
2015-07-06,152.0625,152.09375,150.40625,151.9375,297598
2015-07-07,153.5,154.4375,151.28125,151.71875,364145
2015-07-08,154.125,154.71875,152.875,152.90625,280544
2015-07-09,151.59375,154.65625,151.09375,154.25,326902
2015-07-10,149.09375,151.125,149.03125,151.09375,323558
2015-07-13,149.15625,150.75,148.15625,150.3125,237172
2015-07-14,149.53125,149.65625,148.53125,148.59375,206826
2015-07-15,150.84375,150.96875,148.875,149.4375,219917
2015-07-16,151.34375,151.625,150.0,150.65625,233126
2015-07-17,152.09375,152.34375,151.1875,151.34375,207964
2015-07-20,151.75,152.5,151.375,152.0625,196137
2015-07-21,152.3125,152.65625,150.96875,151.96875,210200
2015-07-22,153.1875,153.46875,152.375,152.59375,211249
2015-07-23,154.46875,154.71875,152.78125,153.15625,239449
2015-07-24,154.59375,155.09375,154.375,154.5625,256884
2015-07-27,155.1875,155.84375,154.71875,154.71875,212314
2015-07-28,154.875,155.40625,154.34375,155.34375,194973
2015-07-29,154.375,154.96875,153.875,154.78125,188719
2015-07-30,155.15625,155.46875,153.40625,154.15625,263303
2015-07-31,155.9375,156.65625,154.8125,155.25,290061
2015-08-03,157.59375,157.9375,156.125,156.40625,232459
2015-08-04,156.875,157.875,156.5,157.65625,225174
2015-08-05,155.65625,156.90625,155.21875,156.65625,260980
2015-08-06,156.71875,157.09375,155.4375,155.6875,189405
2015-08-07,158.53125,158.71875,156.375,157.0,289983
2015-08-10,156.78125,158.6875,156.625,158.625,201260
2015-08-11,158.8125,159.34375,156.8125,156.875,302595
2015-08-12,158.625,160.6875,158.125,158.71875,335585
2015-08-13,157.90625,158.78125,157.46875,158.1875,345717
2015-08-14,158.125,158.65625,157.375,157.90625,187153
2015-08-17,159.09375,159.34375,158.09375,158.1875,173183
2015-08-18,157.71875,159.3125,157.53125,158.6875,206672
2015-08-19,158.8125,159.1875,156.9375,157.78125,300675
2015-08-20,160.09375,160.3125,158.78125,158.84375,257160
2015-08-21,160.1875,160.84375,159.625,160.28125,317880
2015-08-24,160.90625,163.03125,159.8125,160.875,509766
2015-08-25,157.71875,160.65625,157.625,160.375,507471
2015-08-26,156.03125,159.28125,155.40625,158.875,546284
2015-08-27,156.875,157.09375,155.5,156.09375,462426
2015-08-28,156.71875,157.84375,156.125,156.34375,239285
2015-08-31,156.125,157.75,155.4375,156.25,65674
2015-09-01,156.125,157.09375,155.28125,155.5625,32108
2015-09-02,155.5,156.84375,155.375,156.53125,12595
2015-09-03,155.96875,156.40625,155.21875,155.625,8504
2015-09-04,157.3125,157.53125,156.0625,156.0625,12673
2015-09-08,155.4375,157.34375,155.21875,157.21875,4771
2015-09-09,156.15625,156.3125,153.90625,155.875,5536
2015-09-10,155.28125,156.0625,155.09375,155.8125,3670
2015-09-11,156.28125,156.65625,155.15625,155.25,1346
2015-09-14,156.4375,156.9375,155.96875,156.125,133871
2015-09-15,152.40625,155.3125,152.1875,154.8125,234501
2015-09-16,151.8125,152.90625,151.78125,152.34375,196265
2015-09-17,153.125,153.75,151.90625,152.03125,229345
2015-09-18,155.75,155.84375,153.5625,153.59375,280621
2015-09-21,153.5,155.71875,153.375,155.625,178967
2015-09-22,155.75,156.03125,153.71875,153.75,222615
2015-09-23,155.625,156.25,154.6875,155.40625,199066
2015-09-24,156.6875,157.5,155.40625,155.5,289838
2015-09-25,155.4375,156.65625,155.125,156.3125,268148
2015-09-28,157.53125,157.65625,155.46875,155.625,225633
2015-09-29,157.90625,158.15625,156.75,157.3125,282496
2015-09-30,157.34375,157.875,156.75,157.84375,273630
2015-10-01,157.8125,158.59375,157.03125,157.8125,228178
2015-10-02,158.8125,160.625,157.46875,157.90625,337975
2015-10-05,157.25,159.15625,157.09375,158.78125,180453
2015-10-06,157.8125,157.96875,156.71875,157.28125,208878
2015-10-07,157.65625,158.0,156.6875,157.90625,207204
2015-10-08,156.40625,158.3125,156.15625,157.21875,290355
2015-10-09,156.90625,157.15625,155.8125,156.625,226763
2015-10-12,157.8125,157.96875,156.71875,157.03125,42259
2015-10-13,157.84375,158.4375,157.4375,157.78125,176451
2015-10-14,159.59375,159.75,158.03125,158.0625,249011
2015-10-15,158.71875,159.6875,158.625,159.65625,202481
2015-10-16,158.9375,159.34375,158.46875,158.84375,165022
2015-10-19,158.375,158.96875,157.5625,158.53125,186652
2015-10-20,157.28125,158.65625,157.09375,158.4375,208916
2015-10-21,158.40625,158.71875,157.25,157.375,201432
2015-10-22,158.4375,159.0625,157.78125,158.53125,263625
2015-10-23,157.15625,158.5625,156.5625,158.34375,276388
2015-10-26,158.03125,158.21875,157.03125,157.09375,177021
2015-10-27,158.53125,159.0625,157.875,157.9375,196519
2015-10-28,158.125,158.46875,157.25,158.3125,250747
2015-10-29,155.84375,158.25,155.65625,157.84375,352765
2015-10-30,156.4375,156.65625,155.6875,155.96875,293614
2015-11-02,155.75,157.0,155.59375,156.6875,215167
2015-11-03,154.625,156.28125,154.46875,156.0625,218219
2015-11-04,154.6875,155.28125,154.3125,154.8125,239897
2015-11-05,154.09375,154.90625,153.6875,154.71875,278342
2015-11-06,152.3125,154.5625,151.78125,154.28125,378477
2015-11-09,152.09375,152.5625,151.375,152.5,256246
2015-11-10,152.59375,152.875,151.8125,151.96875,220277
2015-11-11,152.03125,152.46875,151.9375,152.1875,52307
2015-11-12,152.84375,153.1875,151.90625,152.125,271520
2015-11-13,153.375,153.65625,152.71875,152.84375,210684
2015-11-16,153.25,154.21875,153.09375,154.03125,187365
2015-11-17,153.84375,154.125,152.5625,153.40625,248299
2015-11-18,153.84375,154.0625,153.1875,153.71875,207092
2015-11-19,154.6875,154.96875,153.65625,153.75,235011
2015-11-20,154.4375,155.0625,154.3125,154.53125,236901
2015-11-23,154.9375,155.28125,153.84375,154.40625,351892
2015-11-24,155.0,155.75,154.6875,155.125,400301
2015-11-25,155.28125,155.625,154.8125,154.9375,265212
2015-11-27,155.25,155.9375,155.15625,155.28125,83861
2015-11-30,155.40625,155.78125,154.90625,155.25,64706
2015-12-01,157.21875,157.53125,155.0625,155.75,17747
2015-12-02,157.5,157.625,156.75,157.46875,7120
2015-12-03,153.5,157.4375,153.15625,157.25,13560
2015-12-04,155.1875,155.375,152.8125,153.9375,11486
2015-12-07,156.6875,157.09375,154.75,154.9375,3315
2015-12-08,156.21875,157.34375,156.125,156.375,2134
2015-12-09,156.84375,157.0,155.25,156.4375,1765
2015-12-10,156.46875,157.0,156.375,156.5,2483
2015-12-11,158.59375,158.875,156.75,156.75,3231
2015-12-14,156.8125,158.625,156.5,158.28125,2214
2015-12-15,156.09375,156.96875,155.34375,156.96875,3375
2015-12-16,155.90625,156.3125,155.0,156.09375,639
2015-12-17,157.25,157.34375,156.21875,156.375,604
2015-12-18,157.71875,158.0,157.3125,157.40625,573
2015-12-21,157.90625,158.21875,157.4375,157.46875,135940
2015-12-22,155.0625,156.46875,155.0,156.34375,122016
2015-12-23,154.25,155.25,153.75,155.21875,140707
2015-12-24,155.0625,155.09375,154.28125,154.34375,50535
2015-12-28,155.625,156.09375,154.875,155.0,111649
2015-12-29,153.28125,155.78125,153.125,155.5,142172
2015-12-30,153.25,153.71875,152.75,153.46875,148904
2015-12-31,153.75,153.9375,153.21875,153.46875,110289
2016-01-04,154.25,155.4375,153.28125,153.4375,225386
2016-01-05,153.6875,154.59375,153.53125,154.28125,217891
2016-01-06,155.59375,155.71875,153.71875,153.96875,268846
2016-01-07,156.0,156.78125,154.84375,155.53125,335270
2016-01-08,156.375,156.75,154.4375,155.9375,333206
2016-01-11,155.78125,157.09375,155.34375,156.6875,234858
2016-01-12,157.5625,157.9375,155.03125,155.46875,366106
2016-01-13,158.53125,159.125,156.71875,157.4375,393673
2016-01-14,157.46875,158.8125,156.9375,157.65625,338578
2016-01-15,159.125,159.75,157.4375,157.5625,382760
2016-01-19,159.375,159.6875,158.03125,159.21875,267632
2016-01-20,160.4375,161.5625,158.8125,158.875,383519
2016-01-21,159.5625,161.125,159.28125,160.46875,361166
2016-01-22,159.03125,159.84375,158.1875,159.375,270137
2016-01-25,159.625,160.0625,158.75,158.9375,187901
2016-01-26,160.15625,160.875,159.46875,160.0625,189809
2016-01-27,160.0,160.4375,158.96875,160.15625,199337
2016-01-28,160.0625,160.65625,159.125,159.875,280679
2016-01-29,161.03125,161.84375,159.90625,160.1875,327517
2016-02-01,160.53125,161.6875,160.46875,161.25,219539
2016-02-02,163.03125,163.53125,160.875,160.90625,294507
2016-02-03,162.375,164.21875,162.15625,163.4375,391465
2016-02-04,162.75,163.25,161.65625,162.21875,300176
2016-02-05,163.25,163.6875,162.125,163.1875,351374
2016-02-08,166.03125,166.125,162.875,163.5,363230
2016-02-09,166.125,167.28125,165.25,165.6875,375240
2016-02-10,167.0625,167.90625,165.25,166.25,329883
2016-02-11,168.34375,170.8125,167.6875,167.84375,558537
2016-02-12,166.46875,168.65625,166.15625,168.21875,341455
2016-02-16,165.71875,166.5,165.0625,166.3125,334470
2016-02-17,164.5625,166.375,163.9375,165.78125,321814
2016-02-18,166.09375,166.59375,164.34375,164.5625,273777
2016-02-19,166.59375,167.125,165.6875,166.5625,300491
2016-02-22,166.1875,166.6875,165.84375,166.53125,219566
2016-02-23,166.75,167.4375,164.78125,166.46875,444435
2016-02-24,166.6875,168.78125,166.28125,167.09375,539441
2016-02-25,167.34375,167.96875,166.15625,166.40625,504471
2016-02-26,165.625,166.96875,165.3125,166.84375,274906
2016-02-29,165.875,166.25,165.46875,165.53125,56605
2016-03-01,163.6875,166.65625,163.46875,165.96875,21577
2016-03-02,164.0,164.28125,163.375,163.84375,18494
2016-03-03,164.8125,165.21875,163.8125,164.15625,5902
2016-03-04,163.59375,165.90625,162.9375,164.78125,7206
2016-03-07,163.65625,163.78125,163.125,163.78125,3713
2016-03-08,165.28125,166.125,163.625,163.625,2779
2016-03-09,164.1875,165.3125,164.0,165.3125,902
2016-03-10,163.71875,165.15625,163.0,164.78125,1789
2016-03-11,162.5625,164.125,162.34375,163.78125,829
2016-03-14,162.8125,163.34375,162.34375,162.5,573
2016-03-15,163.03125,163.84375,162.625,162.8125,2290
2016-03-16,162.84375,163.53125,162.46875,163.0,6707
2016-03-17,164.0625,164.4375,163.1875,163.3125,945
2016-03-18,164.5625,165.0,164.09375,164.21875,2485
2016-03-21,163.53125,164.59375,163.125,164.59375,184913
2016-03-22,161.90625,163.0,161.65625,161.90625,211622
2016-03-23,163.5,163.59375,161.53125,161.75,208911
2016-03-24,163.03125,164.3125,162.5,163.28125,194221
2016-03-28,163.53125,163.71875,162.53125,162.90625,103993
2016-03-29,164.5,164.75,163.0,163.1875,210009
2016-03-30,163.46875,164.65625,162.71875,164.59375,251908
2016-03-31,164.4375,164.75,163.3125,163.59375,236679
2016-04-01,164.375,165.3125,164.03125,164.5625,253220
2016-04-04,164.65625,165.1875,164.28125,164.90625,134575
2016-04-05,166.21875,166.46875,164.9375,165.0,205577
2016-04-06,165.34375,166.21875,165.0,166.21875,180773
2016-04-07,167.0,167.1875,165.125,165.3125,192422
2016-04-08,166.1875,167.09375,165.78125,167.09375,163275
2016-04-11,166.09375,166.78125,165.34375,166.25,155923
2016-04-12,165.03125,166.1875,164.875,166.0,188549
2016-04-13,165.875,166.03125,164.78125,165.125,205658
2016-04-14,165.3125,166.0625,164.65625,165.6875,238430
2016-04-15,166.125,166.53125,165.03125,165.1875,180393
2016-04-18,165.375,166.71875,164.84375,166.4375,195810
2016-04-19,165.0625,165.5625,164.40625,165.53125,216446
2016-04-20,163.40625,165.90625,163.25,165.09375,281575
2016-04-21,162.6875,163.75,162.15625,163.53125,287597
2016-04-22,162.46875,163.09375,162.09375,162.84375,203354
2016-04-25,161.9375,162.8125,161.65625,162.46875,175827
2016-04-26,161.21875,162.1875,160.96875,161.75,219322
2016-04-27,162.6875,162.75,161.1875,161.25,223078
2016-04-28,162.75,163.5,162.03125,162.59375,241160
2016-04-29,163.3125,163.5,161.8125,163.09375,279411
2016-05-02,162.1875,163.53125,161.9375,163.03125,185130
2016-05-03,163.84375,164.3125,161.9375,161.9375,268379
2016-05-04,164.375,164.6875,163.4375,163.84375,208397
2016-05-05,165.40625,165.6875,163.96875,164.5625,221754
2016-05-06,165.03125,166.5,164.875,165.375,266767
2016-05-09,165.46875,165.8125,164.71875,165.0625,179518
2016-05-10,165.5625,165.9375,165.1875,165.78125,200755
2016-05-11,166.1875,166.65625,165.34375,165.5625,208155
2016-05-12,165.4375,166.40625,165.03125,166.21875,252437
2016-05-13,166.71875,166.8125,165.53125,165.59375,261380
2016-05-16,165.5625,166.90625,165.4375,166.71875,188377
2016-05-17,165.75,166.25,165.1875,165.5625,228113
2016-05-18,163.25,165.71875,163.125,165.46875,373868
2016-05-19,164.34375,164.5625,163.25,163.6875,269908
2016-05-20,164.25,164.53125,163.5625,164.15625,189894
2016-05-23,164.46875,165.0,164.09375,164.28125,205195
2016-05-24,164.0625,164.9375,163.40625,164.65625,336627
2016-05-25,163.59375,164.40625,163.53125,164.09375,412332
2016-05-26,164.5625,164.65625,163.53125,163.71875,337611
2016-05-27,164.3125,164.59375,163.84375,164.28125,214437
2016-05-31,164.71875,164.75,163.09375,164.0,57024
2016-06-01,164.9375,165.9375,164.1875,164.34375,24721
2016-06-02,166.0625,166.40625,165.09375,165.1875,9717
2016-06-03,168.0,168.25,166.0,166.15625,16229
2016-06-06,167.53125,168.34375,167.21875,168.15625,5208
2016-06-07,167.90625,168.125,167.09375,167.28125,4409
2016-06-08,168.28125,168.5,167.75,167.75,1806
2016-06-09,168.96875,169.46875,168.3125,168.3125,3822
2016-06-10,169.78125,170.34375,168.90625,168.90625,989
2016-06-13,170.21875,170.28125,169.625,169.8125,1705
2016-06-14,170.375,171.28125,170.125,170.34375,1374
2016-06-15,170.65625,171.125,169.90625,170.375,2716
2016-06-16,171.625,172.53125,171.28125,171.71875,490
2016-06-17,170.59375,171.375,170.4375,171.0,1021
2016-06-20,169.46875,170.3125,169.09375,170.3125,1230
2016-06-21,169.3125,169.84375,168.96875,169.4375,177873
2016-06-22,167.71875,167.875,167.125,167.28125,161620
2016-06-23,166.09375,167.46875,165.875,167.46875,195767
2016-06-24,169.96875,173.78125,165.78125,165.84375,509380
2016-06-27,173.15625,173.5625,170.875,171.125,268396
2016-06-28,173.09375,173.78125,172.53125,173.46875,243272
2016-06-29,173.0,173.6875,172.0,173.125,257380
2016-06-30,172.34375,173.71875,171.03125,172.03125,413739
2016-07-01,173.6875,175.34375,172.65625,172.6875,287841
2016-07-05,176.25,176.40625,173.75,174.40625,247924
2016-07-06,175.875,177.125,175.53125,175.84375,291388
2016-07-07,176.25,176.6875,175.28125,176.25,251017
2016-07-08,176.9375,177.28125,175.03125,176.34375,274043
2016-07-11,175.6875,177.34375,175.625,177.09375,200907
2016-07-12,173.8125,176.21875,173.21875,175.84375,313824
2016-07-13,174.96875,175.21875,173.78125,173.84375,249884
2016-07-14,173.0,175.125,172.46875,174.90625,291808
2016-07-15,171.65625,173.4375,171.40625,172.9375,234879
2016-07-18,171.5625,172.5625,170.96875,171.8125,171700
2016-07-19,172.21875,172.6875,171.6875,171.78125,166895
2016-07-20,171.46875,172.40625,171.0,172.375,152010
2016-07-21,171.46875,171.75,169.96875,171.34375,259257
2016-07-22,171.625,172.28125,170.6875,171.625,208978
2016-07-25,171.5625,172.15625,171.15625,171.78125,145806
2016-07-26,171.875,172.71875,171.21875,171.625,213057
2016-07-27,173.21875,173.59375,170.96875,171.78125,241264
2016-07-28,173.34375,173.71875,172.53125,173.53125,214186
2016-07-29,174.4375,174.6875,171.78125,173.40625,316084
2016-08-01,173.59375,174.59375,172.625,174.5625,218726
2016-08-02,172.34375,173.0625,171.125,172.6875,297116
2016-08-03,172.15625,172.65625,171.4375,171.96875,203141
2016-08-04,173.15625,173.8125,171.78125,172.15625,222315
2016-08-05,171.5625,173.65625,171.34375,173.3125,247061
2016-08-08,171.65625,171.875,170.65625,171.375,167001
2016-08-09,172.71875,172.9375,171.25,171.46875,168777
2016-08-10,173.46875,173.6875,172.5625,172.625,179521
2016-08-11,171.78125,173.5,171.59375,173.40625,208052
2016-08-12,172.96875,173.9375,171.875,172.03125,220359
2016-08-15,171.75,173.375,171.53125,173.09375,157184
2016-08-16,171.09375,172.5,171.03125,171.65625,262934
2016-08-17,171.59375,172.0625,170.875,171.1875,196186
2016-08-18,171.90625,172.25,171.28125,171.90625,180086
2016-08-19,171.09375,172.03125,170.4375,172.0,195488
2016-08-22,172.375,172.5,170.65625,170.9375,190994
2016-08-23,172.4375,173.03125,171.65625,172.34375,227810
2016-08-24,172.25,172.8125,171.875,172.6875,229275
2016-08-25,171.71875,172.5625,171.3125,172.15625,438302
2016-08-26,170.3125,173.09375,170.28125,171.6875,460461
2016-08-29,172.09375,172.15625,170.21875,170.34375,381336
2016-08-30,171.78125,172.0625,171.4375,172.03125,226280
2016-08-31,171.84375,172.09375,171.3125,171.84375,42013
2016-09-01,171.9375,172.28125,170.625,171.71875,23105
2016-09-02,170.96875,172.78125,170.25,171.90625,13359
2016-09-06,172.125,172.5,170.3125,170.84375,6238
2016-09-07,172.1875,172.9375,172.15625,172.40625,4084
2016-09-08,169.90625,172.46875,169.6875,172.34375,3807
2016-09-09,168.375,170.46875,168.0625,170.21875,7206
2016-09-12,168.34375,168.625,167.96875,168.625,899
2016-09-13,166.8125,169.0,166.3125,168.65625,1392
2016-09-14,167.40625,167.8125,166.625,166.71875,1167
2016-09-15,166.9375,167.375,166.1875,167.0,578
2016-09-16,167.1875,167.71875,167.125,167.53125,249
2016-09-19,167.25,167.6875,166.96875,167.34375,585
2016-09-20,167.53125,168.15625,167.28125,167.59375,1105
2016-09-21,167.34375,167.34375,165.90625,166.03125,274911
2016-09-22,167.5,168.03125,166.9375,167.03125,246224
2016-09-23,167.8125,168.25,167.5625,167.78125,161292
2016-09-26,168.25,168.75,167.65625,167.875,167451
2016-09-27,169.4375,169.6875,167.90625,168.4375,220015
2016-09-28,169.25,170.09375,169.0,169.53125,219999
2016-09-29,169.625,169.90625,168.28125,169.1875,245220
2016-09-30,168.15625,170.03125,167.9375,169.53125,329704
2016-10-03,168.0625,168.78125,167.8125,168.4375,171657
2016-10-04,166.4375,168.40625,166.28125,167.96875,289878
2016-10-05,165.71875,166.84375,165.28125,166.375,263716
2016-10-06,165.0625,166.3125,164.9375,165.84375,257005
2016-10-07,164.90625,165.5625,164.25,165.1875,315333
2016-10-11,164.34375,164.71875,163.75,164.28125,238828
2016-10-12,164.09375,164.34375,163.59375,164.125,233746
2016-10-13,164.96875,165.40625,164.28125,164.34375,251472
2016-10-14,163.21875,164.875,163.0,164.78125,303101
2016-10-17,163.9375,164.25,162.59375,163.0625,224195
2016-10-18,164.28125,164.46875,163.28125,164.0,260894
2016-10-19,164.21875,164.8125,163.78125,164.46875,226866
2016-10-20,164.65625,165.21875,163.75,164.34375,265492
2016-10-21,164.8125,165.1875,164.3125,164.40625,188311
2016-10-24,164.3125,165.3125,163.9375,164.96875,191147
2016-10-25,164.6875,165.15625,163.75,164.28125,218700
2016-10-26,163.9375,165.15625,163.59375,164.71875,231918
2016-10-27,162.4375,163.9375,161.6875,163.8125,327475
2016-10-28,162.1875,162.6875,161.65625,162.21875,306566
2016-10-31,162.71875,162.90625,162.0,162.375,206223
2016-11-01,163.0625,163.28125,161.6875,162.8125,315219
2016-11-02,163.25,163.90625,162.75,162.8125,302242
2016-11-03,162.71875,163.9375,162.40625,163.1875,235228
2016-11-04,163.34375,163.8125,162.53125,162.71875,249040
2016-11-07,162.59375,163.0,162.34375,162.6875,165165
2016-11-08,162.09375,163.21875,161.71875,162.625,244892
2016-11-09,156.96875,164.96875,156.6875,162.25,829802
2016-11-10,156.21875,158.53125,155.5,157.3125,670228
2016-11-14,154.40625,155.4375,152.75,155.28125,481386
2016-11-15,154.28125,155.5,153.84375,153.90625,363884
2016-11-16,155.03125,155.28125,153.3125,154.65625,364407
2016-11-17,153.78125,155.375,153.125,155.21875,324265
2016-11-18,153.15625,154.25,152.375,153.21875,373786
2016-11-21,153.1875,153.875,152.8125,152.90625,280489
2016-11-22,153.25,154.28125,153.1875,153.75,386860
2016-11-23,152.90625,153.6875,151.59375,153.4375,500917
2016-11-25,152.8125,153.375,151.96875,152.9375,224969
2016-11-28,153.6875,153.90625,153.125,153.125,436721
2016-11-29,154.125,154.34375,153.09375,153.75,262872
2016-11-30,152.65625,154.34375,151.5,154.1875,90128
2016-12-01,150.875,152.375,149.75,152.34375,19987
2016-12-02,151.875,152.25,150.6875,150.6875,10365
2016-12-05,152.125,152.9375,150.71875,152.375,8529
2016-12-06,151.65625,152.34375,151.53125,151.96875,3951
2016-12-07,152.5625,152.78125,151.65625,151.6875,1706
2016-12-08,151.34375,152.5625,150.59375,152.46875,1947
2016-12-09,149.875,151.0625,149.53125,150.9375,1329
2016-12-12,150.0,150.09375,148.78125,149.625,1911
2016-12-13,150.21875,151.09375,150.0,150.1875,4160
2016-12-14,149.84375,151.4375,149.09375,151.03125,1151
2016-12-15,149.9375,150.0625,148.90625,149.25,2340
2016-12-16,149.03125,150.5,148.8125,150.5,281
2016-12-19,150.3125,150.40625,149.09375,149.09375,339
2016-12-20,149.875,150.09375,149.5625,150.09375,139200
2016-12-22,148.8125,149.34375,148.375,149.125,127316
2016-12-23,149.125,149.375,148.78125,148.90625,68101
2016-12-27,148.5625,149.03125,148.21875,148.96875,63925
2016-12-28,149.71875,149.78125,148.5,148.5625,118224
2016-12-29,149.90625,150.375,149.53125,149.65625,119291
2016-12-30,150.65625,150.75,149.71875,149.875,137148
2017-01-03,150.5625,150.875,149.0625,150.21875,311632
2017-01-04,150.6875,151.0625,150.0625,150.625,207211
2017-01-05,152.5,153.0,150.4375,150.90625,338168
2017-01-06,151.78125,153.28125,151.59375,152.875,269297
2017-01-09,152.71875,152.90625,151.53125,151.71875,169981
2017-01-10,152.53125,152.96875,152.21875,152.8125,176348
2017-01-11,152.8125,153.53125,152.3125,152.65625,287237
2017-01-12,152.59375,153.96875,152.5625,152.8125,301124
2017-01-13,152.28125,153.625,151.34375,152.59375,286629
2017-01-17,153.3125,153.875,151.96875,152.0625,296374
2017-01-18,152.03125,153.3125,151.40625,153.28125,227716
2017-01-19,151.0625,151.84375,150.28125,151.375,320606
2017-01-20,150.78125,151.15625,149.9375,150.78125,267286
2017-01-23,152.0,152.46875,150.5625,150.78125,271484
2017-01-24,150.59375,152.25,150.5,152.0625,204599
2017-01-25,149.46875,151.0625,149.25,150.84375,253586
2017-01-26,149.78125,149.9375,148.9375,149.6875,201060
2017-01-27,150.375,150.4375,149.5,149.90625,195486
2017-01-30,150.25,150.625,149.875,150.46875,237196
2017-01-31,150.84375,151.1875,149.75,150.15625,338492
2017-02-01,150.4375,150.71875,149.71875,150.6875,277947
2017-02-02,150.5625,151.46875,150.34375,150.53125,271001
2017-02-03,150.03125,151.28125,149.84375,150.5,316750
2017-02-06,151.53125,151.6875,150.3125,150.40625,251326
2017-02-07,152.1875,152.53125,150.8125,151.53125,266669
2017-02-08,153.28125,153.65625,152.0625,152.15625,327156
2017-02-09,152.1875,153.53125,151.96875,153.5,299356
2017-02-10,151.90625,152.375,151.25,152.28125,282423
2017-02-13,151.375,151.875,151.0,151.84375,158911
2017-02-14,150.625,151.53125,149.90625,151.3125,273699
2017-02-15,149.9375,150.78125,149.5,150.75,277269
2017-02-16,150.8125,151.1875,149.96875,150.09375,271417
2017-02-17,151.25,151.96875,150.5625,150.78125,190378
2017-02-21,151.3125,151.71875,150.59375,151.4375,296069
2017-02-22,151.375,152.1875,150.75,151.21875,509220
2017-02-23,151.8125,152.0625,151.25,151.40625,481140
2017-02-24,153.21875,153.375,151.875,152.03125,496018
2017-02-27,152.625,153.28125,152.53125,153.28125,326593
2017-02-28,152.9375,153.34375,152.25,152.71875,75804
2017-03-01,150.6875,152.34375,150.5,152.28125,27974
2017-03-02,150.34375,150.9375,150.0,150.9375,8517
2017-03-03,150.5,150.78125,149.96875,150.5,5012
2017-03-06,150.3125,151.125,150.09375,150.46875,4306
2017-03-07,150.09375,150.40625,149.90625,150.21875,1972
2017-03-08,149.15625,150.125,148.59375,149.96875,2240
2017-03-09,148.0625,149.125,147.84375,149.125,1072
2017-03-10,148.0625,148.21875,147.71875,147.84375,1415
2017-03-13,147.625,148.5,147.21875,148.3125,1938
2017-03-14,148.125,148.1875,147.25,147.5,2338
2017-03-15,149.625,149.65625,148.0625,148.0625,532
2017-03-16,149.25,149.78125,148.96875,149.78125,696
2017-03-17,149.75,149.875,148.9375,148.9375,757
2017-03-20,150.34375,150.40625,149.5625,150.25,109
2017-03-21,151.28125,151.46875,150.125,150.125,201
2017-03-22,151.96875,152.4375,151.71875,151.71875,314203
2017-03-23,150.53125,151.0625,150.09375,150.65625,258848
2017-03-24,151.09375,151.1875,150.1875,150.5,201933
2017-03-27,151.46875,152.09375,150.84375,150.90625,205626
2017-03-28,150.78125,151.875,150.4375,151.34375,242665
2017-03-29,151.21875,151.40625,150.375,150.53125,214048
2017-03-30,150.53125,151.5,150.34375,151.28125,198671
2017-03-31,150.84375,151.0,150.15625,150.4375,263198
2017-04-03,151.75,152.375,150.65625,150.96875,305800
2017-04-04,151.65625,152.40625,151.46875,152.3125,222698
2017-04-05,151.5,152.09375,150.84375,151.5625,290304
2017-04-06,151.71875,152.0,151.09375,151.875,204791
2017-04-07,151.5,153.125,151.21875,151.75,359236
2017-04-10,151.78125,152.09375,151.09375,151.375,190561
2017-04-11,152.96875,153.125,151.6875,151.6875,262426
2017-04-12,153.0,153.90625,152.6875,152.96875,266250
2017-04-13,154.0,154.3125,153.34375,153.90625,237671
2017-04-17,153.46875,154.46875,153.3125,154.1875,142029
2017-04-18,155.15625,155.5,153.46875,153.5625,302735
2017-04-19,154.75,155.3125,154.3125,155.28125,208437
2017-04-20,154.15625,154.96875,153.78125,154.5625,224137
2017-04-21,154.15625,154.75,153.9375,154.28125,187229
2017-04-24,153.4375,153.6875,152.5625,153.0625,249798
2017-04-25,152.40625,153.53125,152.0,153.40625,193259
2017-04-26,152.65625,152.875,151.9375,152.21875,260869
2017-04-27,152.71875,153.03125,152.21875,152.8125,224535
2017-04-28,152.96875,153.0625,151.875,152.71875,278693
2017-05-01,152.0,153.1875,151.65625,152.96875,210249
2017-05-02,152.75,153.09375,151.8125,152.21875,222493
2017-05-03,152.8125,153.21875,152.3125,153.0,332549
2017-05-04,151.71875,152.625,151.34375,152.5625,301401
2017-05-05,151.8125,152.25,151.4375,151.71875,235910
2017-05-08,151.3125,152.40625,151.03125,151.5625,242641
2017-05-09,150.75,151.28125,150.59375,151.125,191744
2017-05-10,150.53125,151.4375,150.40625,150.84375,256781
2017-05-11,150.625,150.875,150.21875,150.59375,278926
2017-05-12,151.4375,151.6875,150.71875,150.78125,248326
2017-05-15,151.28125,151.71875,150.96875,151.5,163298
2017-05-16,151.59375,152.09375,150.9375,151.3125,237973
2017-05-17,153.78125,153.875,151.625,151.625,423076
2017-05-18,153.8125,154.40625,153.1875,153.6875,430721
2017-05-19,153.84375,154.15625,153.375,153.75,245719
2017-05-22,153.78125,154.09375,153.71875,153.9375,212949
2017-05-23,153.28125,154.375,153.15625,153.78125,431525
2017-05-24,153.53125,153.96875,153.09375,153.25,418246
2017-05-25,153.84375,154.0625,153.46875,153.75,424099
2017-05-26,153.90625,154.28125,153.78125,153.8125,320062
2017-05-30,154.59375,154.78125,153.71875,153.875,348447
2017-05-31,155.125,155.125,154.34375,154.6875,49637
2017-06-01,154.84375,155.0,154.4375,154.96875,41141
2017-06-02,156.15625,156.53125,154.78125,154.90625,23986
2017-06-05,155.65625,156.40625,155.59375,156.28125,7818
2017-06-06,156.28125,156.65625,155.6875,155.6875,17819
2017-06-07,155.84375,156.4375,155.71875,156.375,5842
2017-06-08,155.5625,156.0,155.25,155.75,7827
2017-06-09,155.53125,156.0625,154.96875,155.90625,4353
2017-06-12,155.28125,155.9375,155.1875,155.5625,6700
2017-06-13,155.3125,155.34375,154.90625,155.34375,3273
2017-06-14,156.90625,157.40625,155.375,155.40625,1428
2017-06-15,156.71875,157.1875,156.5,157.0,580
2017-06-16,156.875,157.15625,156.5,156.625,2657
2017-06-19,156.65625,157.28125,156.5625,156.9375,4622
2017-06-20,157.625,157.71875,156.6875,156.6875,553
2017-06-21,157.59375,157.875,157.1875,157.5,267998
2017-06-22,156.46875,156.71875,156.15625,156.34375,204623
2017-06-23,156.625,156.6875,156.15625,156.625,175926
2017-06-26,156.90625,157.25,156.3125,156.5625,208301
2017-06-27,155.6875,157.1875,155.21875,156.875,339995
2017-06-28,155.0,155.6875,154.28125,155.53125,323107
2017-06-29,154.25,155.0625,153.5625,154.90625,358698
2017-06-30,153.6875,154.3125,153.5625,154.25,363616
2017-07-03,153.0625,153.9375,152.84375,153.78125,178076
2017-07-05,153.34375,153.78125,152.90625,152.96875,263374
2017-07-06,152.28125,153.46875,151.875,153.40625,322936
2017-07-07,151.65625,152.375,151.5625,152.28125,282727
2017-07-10,152.0,152.21875,151.625,151.78125,186518
2017-07-11,152.0625,152.3125,151.625,151.9375,231201
2017-07-12,152.78125,153.09375,151.96875,152.03125,279177
2017-07-13,152.1875,153.34375,151.875,152.875,247922
2017-07-14,152.625,153.5,152.03125,152.25,278137
2017-07-17,152.875,153.0625,152.375,152.40625,165300
2017-07-18,153.84375,153.96875,152.625,152.65625,222590
2017-07-19,153.9375,154.09375,153.625,153.84375,164142
2017-07-20,154.0625,154.6875,153.78125,153.84375,246908
2017-07-21,154.78125,154.96875,154.0625,154.1875,172229
2017-07-24,154.25,154.84375,154.15625,154.625,138863
2017-07-25,152.625,154.34375,152.46875,154.1875,264309
2017-07-26,153.15625,153.3125,152.25,152.5,269563
2017-07-27,152.59375,153.40625,152.09375,153.0625,294515
2017-07-28,153.1875,153.21875,152.09375,152.65625,257770
2017-07-31,152.96875,153.5,152.65625,153.15625,202613
2017-08-01,154.03125,154.09375,152.28125,152.9375,315326
2017-08-02,154.21875,154.5625,153.53125,153.90625,275883
2017-08-03,155.0,155.28125,153.96875,153.96875,217511
2017-08-04,154.09375,155.3125,153.6875,155.125,246375
2017-08-07,154.3125,154.46875,153.875,154.125,132288
2017-08-08,153.71875,154.5,153.53125,154.40625,191350
2017-08-09,154.71875,155.25,154.15625,154.1875,254109
2017-08-10,155.34375,155.59375,154.40625,154.625,283528
2017-08-11,155.46875,155.90625,154.71875,155.53125,274473
2017-08-14,155.15625,155.5,154.84375,155.40625,191265
2017-08-15,154.40625,155.1875,153.75,155.15625,259862
2017-08-16,155.0625,155.1875,153.8125,154.21875,224624
2017-08-17,155.6875,156.0,154.5625,155.0625,277347
2017-08-18,155.84375,156.375,155.5,155.875,268604
2017-08-21,156.15625,156.28125,155.53125,155.75,180667
2017-08-22,155.59375,156.21875,155.5,156.1875,210822
2017-08-23,156.5,156.5625,155.5,155.65625,249601
2017-08-24,156.09375,156.59375,156.0,156.5625,383172
2017-08-25,156.53125,156.75,155.90625,156.0625,477288
2017-08-28,156.75,156.8125,156.15625,156.625,370898
2017-08-29,156.9375,158.125,156.8125,157.0,416253
2017-08-30,156.90625,157.25,156.71875,157.03125,207239
2017-08-31,157.375,157.5,156.75,157.125,63392
2017-09-01,156.46875,158.0,156.21875,157.4375,24072
2017-09-05,158.28125,158.5,156.46875,156.84375,14301
2017-09-06,157.625,158.65625,157.53125,158.4375,8157
2017-09-07,158.65625,159.21875,157.65625,157.6875,7435
2017-09-08,158.5625,159.5,158.375,158.96875,4564
2017-09-11,157.28125,158.15625,157.09375,158.125,4638
2017-09-12,156.53125,157.34375,156.40625,157.34375,1490
2017-09-13,156.09375,156.875,156.09375,156.46875,3448
2017-09-14,156.25,156.5625,155.6875,156.28125,2994
2017-09-15,156.3125,156.75,156.0625,156.625,1895
2017-09-18,155.625,156.28125,155.46875,156.21875,1506
2017-09-19,155.40625,155.96875,155.34375,155.8125,2812
2017-09-20,155.34375,155.625,155.25,155.46875,270833
2017-09-21,153.875,154.53125,153.65625,153.90625,248904
2017-09-22,154.09375,154.59375,153.90625,153.9375,230687
2017-09-25,154.90625,155.125,154.0625,154.25,271863
2017-09-26,154.78125,155.09375,154.34375,154.84375,229036
2017-09-27,152.9375,154.78125,152.75,154.65625,405279
2017-09-28,152.78125,153.125,152.03125,152.90625,351334
2017-09-29,152.8125,153.0,152.375,152.75,364793
2017-10-02,152.6875,153.125,152.0625,152.6875,263763
2017-10-03,152.625,152.875,152.0,152.5625,241956
2017-10-04,152.5625,153.25,152.1875,152.8125,232366
2017-10-05,152.25,152.9375,152.03125,152.75,221317
2017-10-06,151.90625,152.375,151.21875,152.28125,338074
2017-10-09,152.09375,152.3125,151.875,152.0625,48220
2017-10-10,152.5,153.0625,151.875,152.21875,295619
2017-10-11,152.5625,152.875,152.0625,152.1875,207352
2017-10-12,153.09375,153.1875,152.3125,152.4375,262534
2017-10-13,154.0,154.15625,152.9375,153.125,295008
2017-10-16,153.71875,154.125,153.5625,154.09375,203193
2017-10-17,154.0625,154.09375,153.3125,153.75,215140
2017-10-18,153.03125,154.09375,152.78125,154.0625,254670
2017-10-19,153.53125,154.0625,152.90625,152.90625,296406
2017-10-20,152.1875,153.5625,151.78125,153.40625,352537
2017-10-23,152.34375,152.625,151.875,152.09375,194917
2017-10-24,151.6875,152.53125,151.28125,152.4375,239362
2017-10-25,150.90625,151.625,150.4375,151.5,373665
2017-10-26,150.71875,151.6875,150.46875,151.15625,307228
2017-10-27,151.1875,151.5625,150.3125,150.53125,354070
2017-10-30,152.375,152.4375,151.34375,151.5,231979
2017-10-31,152.46875,152.59375,152.09375,152.28125,228323
2017-11-01,152.75,153.3125,151.96875,152.375,329884
2017-11-02,153.46875,153.6875,152.6875,152.90625,283673
2017-11-03,153.65625,154.0,153.34375,153.5,262262
2017-11-06,154.21875,154.375,153.375,153.75,191093
2017-11-07,154.6875,154.75,153.90625,154.28125,282945
2017-11-08,154.34375,154.8125,154.125,154.53125,218553
2017-11-09,153.875,154.4375,153.5625,154.15625,363315
2017-11-10,152.3125,153.78125,152.0625,153.6875,334125
2017-11-13,152.40625,152.9375,152.03125,152.15625,267220
2017-11-14,152.875,153.125,152.15625,152.34375,259493
2017-11-15,154.0,154.3125,153.03125,153.0625,336764
2017-11-16,153.5625,154.28125,153.09375,154.28125,275369
2017-11-17,153.78125,154.15625,153.09375,153.15625,245812
2017-11-20,153.65625,154.4375,153.59375,154.03125,245651
2017-11-21,154.09375,154.6875,153.75,153.8125,396511
2017-11-22,154.5,154.625,153.53125,154.1875,159120
2017-11-24,154.25,154.75,153.90625,154.625,161742
2017-11-27,154.34375,154.75,153.9375,154.3125,588301
2017-11-28,154.28125,154.84375,154.0625,154.3125,472637
2017-11-29,153.3125,154.6875,152.875,154.40625,345953
2017-11-30,152.84375,153.3125,152.125,153.15625,71079
2017-12-01,154.375,155.28125,152.875,152.96875,40990
2017-12-04,154.125,154.3125,153.1875,153.625,13572
2017-12-05,154.8125,154.875,153.78125,154.1875,7542
2017-12-06,155.15625,155.65625,154.6875,154.75,17101
2017-12-07,153.96875,155.53125,153.96875,154.96875,2131
2017-12-08,154.0,154.34375,153.6875,154.21875,5120
2017-12-11,154.15625,154.65625,154.03125,154.125,2602
2017-12-12,153.78125,154.15625,153.3125,154.15625,1457
2017-12-13,154.8125,154.84375,153.59375,153.9375,2275
2017-12-14,155.21875,155.21875,154.25,154.625,1991
2017-12-15,155.375,155.5,154.8125,155.125,1336
2017-12-18,154.28125,155.28125,154.21875,155.28125,3104
2017-12-19,152.53125,154.3125,152.53125,154.3125,326762
2017-12-20,150.5625,151.875,150.4375,151.65625,299836
2017-12-21,151.1875,151.25,150.46875,150.53125,193749
2017-12-22,151.0,151.21875,150.875,151.0,77670
2017-12-26,151.625,151.78125,150.75,150.90625,82762
2017-12-27,152.9375,153.125,151.375,151.375,236792
2017-12-28,152.71875,152.90625,152.40625,152.90625,158645
2017-12-29,153.0,153.09375,152.3125,152.71875,177685
2018-01-02,151.75,152.90625,151.375,152.84375,248790
2018-01-03,152.3125,152.40625,151.53125,151.6875,199817
2018-01-04,152.3125,152.40625,151.59375,152.21875,228644
2018-01-05,151.8125,152.65625,151.65625,152.3125,251056
2018-01-08,151.71875,152.21875,151.46875,151.84375,146591
2018-01-09,150.21875,151.8125,150.03125,151.78125,368548
2018-01-10,150.0625,150.1875,149.09375,150.03125,430005
2018-01-11,150.4375,150.625,149.53125,149.90625,373883
2018-01-12,150.5,150.59375,149.53125,150.15625,290391
2018-01-16,150.8125,151.03125,150.3125,150.5,270906
2018-01-17,150.3125,151.1875,150.09375,150.875,306023
2018-01-18,149.4375,150.25,149.09375,150.125,377868
2018-01-19,149.0,149.375,148.53125,149.15625,359078
2018-01-22,148.6875,149.28125,148.375,148.90625,235617
2018-01-23,149.21875,149.6875,148.78125,148.875,285708
2018-01-24,148.46875,149.5,148.21875,149.375,363674
2018-01-25,149.40625,149.5,148.34375,148.65625,391865
2018-01-26,148.75,149.46875,148.46875,149.375,286107
2018-01-29,148.125,148.90625,147.5625,148.75,317670
2018-01-30,147.375,148.34375,147.125,148.0625,391461
2018-01-31,147.8125,148.1875,147.09375,147.4375,518389
2018-02-01,146.5625,148.0625,146.09375,148.03125,468340
2018-02-02,144.78125,146.375,144.75,146.1875,561877
2018-02-05,145.6875,147.5,144.09375,144.9375,734436
2018-02-06,146.03125,147.71875,145.46875,146.90625,678351
2018-02-07,144.625,146.375,144.34375,145.5625,483886
2018-02-08,144.09375,144.96875,143.625,144.65625,700981
2018-02-09,144.15625,144.78125,143.59375,144.15625,616914
2018-02-12,144.40625,145.1875,143.125,143.71875,417213
2018-02-13,144.5625,144.9375,144.1875,144.25,264027
2018-02-14,143.375,145.28125,143.21875,144.78125,442761
2018-02-15,144.0,144.34375,143.125,143.5625,355147
2018-02-16,144.21875,144.84375,143.5625,143.625,304622
2018-02-20,143.875,144.46875,143.4375,144.1875,326063
2018-02-21,142.6875,144.1875,142.4375,143.90625,373941
2018-02-22,143.125,143.59375,142.65625,142.71875,515870
2018-02-23,144.0625,144.25,142.75,143.0625,515870
2018-02-26,144.21875,144.84375,143.96875,144.125,582937
2018-02-27,143.5625,144.53125,143.1875,144.125,360514
2018-02-28,144.4375,144.5625,143.5625,143.8125,59647
2018-03-01,145.34375,145.53125,144.1875,144.5,36868
2018-03-02,144.4375,145.625,144.1875,145.34375,12029
2018-03-05,144.125,145.15625,143.6875,144.3125,7524
2018-03-06,144.40625,144.75,143.6875,144.03125,5331
2018-03-07,144.125,145.0,144.0625,144.34375,7260
2018-03-08,144.59375,145.03125,144.09375,144.1875,2428
2018-03-09,144.15625,144.6875,143.84375,144.65625,7345
2018-03-12,144.75,144.78125,143.90625,144.0,2401
2018-03-13,145.15625,145.25,144.46875,144.59375,817
2018-03-14,145.875,146.03125,145.125,145.25,589
2018-03-15,145.8125,146.15625,145.65625,146.15625,306
2018-03-16,145.4375,145.875,145.4375,145.875,968
2018-03-19,145.53125,145.6875,144.9375,145.375,710
2018-03-20,144.8125,144.90625,144.75,144.75,221760
2018-03-21,143.5,144.15625,142.9375,143.5,297560
2018-03-22,144.75,145.5,143.6875,143.71875,463701
2018-03-23,144.71875,145.40625,144.1875,144.78125,298395
2018-03-26,144.71875,145.125,144.21875,144.875,241759
2018-03-27,145.625,145.875,144.34375,144.4375,332668
2018-03-28,145.875,146.3125,145.40625,145.71875,347110
2018-03-29,146.625,146.75,145.59375,145.6875,291840
2018-04-02,146.75,147.09375,145.96875,146.28125,191302
2018-04-03,145.875,146.875,145.6875,146.84375,288998
2018-04-04,145.71875,146.5625,145.375,145.9375,296317
2018-04-05,144.90625,145.5,144.78125,145.46875,213961
2018-04-06,146.03125,146.125,144.8125,144.875,326340
2018-04-09,146.0625,146.3125,145.4375,146.0,223645
2018-04-10,145.9375,146.25,145.53125,146.09375,257173
2018-04-11,146.125,146.875,145.59375,145.71875,310105
2018-04-12,145.375,146.4375,145.09375,146.3125,275859
2018-04-13,145.40625,145.78125,145.1875,145.28125,223550
2018-04-16,145.46875,145.5625,144.65625,145.375,238104
2018-04-17,146.03125,146.0625,145.21875,145.46875,242528
2018-04-18,144.9375,145.84375,144.65625,145.59375,283766
2018-04-19,143.78125,144.9375,143.375,144.78125,374109
2018-04-20,143.09375,143.96875,142.90625,143.84375,241135
2018-04-23,142.96875,143.0625,142.28125,142.96875,227912
2018-04-24,142.53125,143.28125,142.28125,142.9375,285841
2018-04-25,141.75,142.5,141.53125,142.28125,273123
2018-04-26,142.375,142.625,141.59375,141.78125,222753
2018-04-27,143.25,143.28125,142.5,142.5625,219619
2018-04-30,143.84375,143.875,142.9375,143.15625,284733
2018-05-01,143.15625,143.625,142.96875,143.40625,252822
2018-05-02,143.25,143.5625,142.6875,143.3125,295047
2018-05-03,143.5625,143.9375,142.90625,143.09375,278108
2018-05-04,143.65625,144.25,143.15625,143.5,244053
2018-05-07,143.5625,143.84375,143.34375,143.46875,134984
2018-05-08,143.375,143.6875,142.90625,143.46875,226344
2018-05-09,142.65625,143.28125,142.46875,143.21875,245468
2018-05-10,143.1875,143.375,142.53125,142.5625,331232
2018-05-11,143.125,143.65625,142.90625,143.3125,244671
2018-05-14,142.75,143.34375,142.5625,143.09375,202314
2018-05-15,141.0625,142.71875,140.8125,142.625,430386
2018-05-16,140.9375,141.59375,140.8125,141.28125,315063
2018-05-17,140.4375,141.03125,140.28125,140.9375,331592
2018-05-18,141.1875,141.375,140.15625,140.4375,302138
2018-05-21,141.28125,141.5,140.78125,141.03125,267680
2018-05-22,141.25,141.5625,141.03125,141.34375,274119
2018-05-23,142.21875,142.53125,141.25,141.3125,538623
2018-05-24,142.78125,143.1875,142.03125,142.40625,614890
2018-05-25,143.6875,143.9375,142.59375,142.8125,556538
2018-05-29,146.25,146.5,144.125,144.5,1008746
2018-05-30,145.4375,146.71875,144.53125,146.4375,444276
2018-05-31,146.0,146.03125,144.8125,145.1875,65411
2018-06-01,144.8125,145.46875,144.28125,145.34375,27813
2018-06-04,144.125,144.8125,143.90625,144.6875,26184
2018-06-05,144.3125,144.71875,144.03125,144.03125,11545
2018-06-06,143.25,144.1875,143.125,144.125,10438
2018-06-07,144.125,144.78125,142.90625,143.25,3608
2018-06-08,144.03125,144.78125,143.875,144.21875,4566
2018-06-11,143.65625,143.9375,143.4375,143.9375,1455
2018-06-12,143.75,143.84375,143.21875,143.65625,1777
2018-06-13,143.4375,143.90625,142.9375,143.71875,5407
2018-06-14,144.125,144.375,143.75,143.9375,1276
2018-06-15,144.5,145.03125,144.1875,144.28125,2858
2018-06-18,144.40625,144.9375,144.34375,144.6875,1671
2018-06-19,144.9375,145.5625,144.625,144.625,3160
2018-06-20,144.5,144.9375,144.5,144.9375,246929
2018-06-21,143.96875,144.125,143.03125,143.1875,289873
2018-06-22,143.96875,144.09375,143.40625,143.90625,193538
2018-06-25,144.34375,144.5625,143.96875,144.0,234102
2018-06-26,144.25,144.53125,143.9375,144.28125,226789
2018-06-27,145.28125,145.34375,144.15625,144.25,347135
2018-06-28,144.96875,145.34375,144.90625,145.25,236358
2018-06-29,145.0,145.5,144.6875,145.1875,336080
2018-07-02,144.75,145.40625,144.65625,144.84375,191539
2018-07-03,145.34375,145.46875,144.5,144.71875,0
2018-07-05,145.5,145.78125,144.84375,145.25,235427
2018-07-06,145.65625,146.34375,145.375,145.625,210525
2018-07-09,145.125,145.875,145.09375,145.84375,163296
2018-07-10,145.0,145.3125,144.9375,145.15625,201497
2018-07-11,145.46875,145.75,145.09375,145.34375,266218
2018-07-12,145.28125,145.4375,145.0,145.34375,209476
2018-07-13,145.6875,145.78125,145.21875,145.40625,168390
2018-07-16,145.125,145.75,144.71875,145.71875,243217
2018-07-17,145.03125,145.375,144.875,145.1875,168262
2018-07-18,144.71875,145.34375,144.5625,145.0625,186714
2018-07-19,145.28125,145.5625,144.375,144.8125,288230
2018-07-20,144.1875,145.5,144.125,145.40625,307011
2018-07-23,142.8125,144.375,142.78125,144.3125,356295
2018-07-24,143.1875,143.25,142.65625,143.0,298123
2018-07-25,143.40625,143.59375,142.625,143.125,332132
2018-07-26,142.6875,143.25,142.5625,142.71875,251575
2018-07-27,142.9375,143.25,142.5,142.65625,256564
2018-07-30,142.625,143.0,142.375,143.0,234940
2018-07-31,142.96875,143.5,142.5625,142.59375,472841
2018-08-01,142.21875,143.28125,141.84375,143.0,307334
2018-08-02,142.4375,142.78125,142.0625,142.1875,270247
2018-08-03,142.96875,143.0625,142.28125,142.4375,238994
2018-08-06,143.25,143.5625,142.875,142.96875,218349
2018-08-07,142.59375,143.28125,142.46875,143.125,192827
2018-08-08,142.625,142.90625,142.34375,142.59375,208493
2018-08-09,143.28125,143.53125,142.59375,142.71875,290269
2018-08-10,144.65625,144.6875,143.375,143.4375,383970
2018-08-13,144.3125,144.78125,144.03125,144.5625,368900
2018-08-14,144.03125,144.40625,143.84375,144.1875,246194
2018-08-15,144.75,145.0,143.875,143.90625,311664
2018-08-16,144.53125,144.71875,144.15625,144.5625,218999
2018-08-17,144.53125,145.09375,144.46875,144.625,232297
2018-08-20,145.46875,145.5625,144.59375,144.6875,236943
2018-08-21,145.125,145.53125,144.84375,145.46875,270288
2018-08-22,145.46875,145.75,145.1875,145.34375,310649
2018-08-23,145.65625,145.75,145.375,145.46875,296430
2018-08-24,145.59375,145.90625,145.09375,145.46875,428347
2018-08-27,145.125,145.90625,145.0625,145.875,437521
2018-08-28,144.4375,145.15625,144.3125,145.125,540191
2018-08-29,144.59375,144.75,144.25,144.5,388636
2018-08-30,144.96875,145.0625,144.46875,144.5625,312970
2018-08-31,144.96875,145.5,144.6875,144.96875,0
2018-09-04,143.875,144.875,143.84375,144.71875,32672
2018-09-05,143.875,144.3125,143.65625,144.0,9966
2018-09-06,144.375,144.46875,143.6875,143.875,9935
2018-09-07,143.34375,144.53125,143.1875,144.53125,32640
2018-09-10,143.5,143.625,143.1875,143.21875,3244
2018-09-11,142.75,143.59375,142.6875,143.59375,4579
2018-09-12,143.0625,143.1875,142.84375,142.84375,4868
2018-09-13,143.15625,143.4375,142.78125,142.875,2629
2018-09-14,142.53125,143.0,142.375,142.90625,1623
2018-09-17,142.40625,142.71875,142.03125,142.5,4012
2018-09-18,141.40625,142.5625,141.28125,142.5625,5253
2018-09-19,141.0625,141.34375,140.6875,141.34375,433900
2018-09-20,140.25,140.59375,139.75,140.4375,339340
2018-09-21,140.34375,140.6875,140.09375,140.5,225006
2018-09-24,140.25,140.5,139.9375,140.4375,253295
2018-09-25,139.78125,140.03125,139.53125,139.9375,288214
2018-09-26,140.53125,140.75,139.84375,139.875,320946
2018-09-27,140.65625,141.09375,140.25,140.6875,300758
2018-09-28,140.5,141.125,140.3125,140.59375,427740
2018-10-01,139.96875,140.34375,139.71875,140.28125,321589
2018-10-02,140.5,140.71875,139.84375,139.84375,392748
2018-10-03,138.5,140.5,138.09375,140.25,660735
2018-10-04,137.90625,138.28125,137.25,138.1875,702117
2018-10-05,137.28125,138.0625,136.8125,137.9375,565350
2018-10-08,137.03125,137.4375,136.65625,137.15625,108237
2018-10-09,137.71875,137.8125,136.5,136.9375,455916
2018-10-10,137.25,138.25,136.90625,137.6875,545642
2018-10-11,138.84375,138.96875,137.71875,138.1875,782198
2018-10-12,138.71875,138.875,137.9375,138.46875,469654
2018-10-15,138.28125,138.6875,138.21875,138.34375,292815
2018-10-16,138.5,138.59375,138.0,138.40625,306865
2018-10-17,138.15625,138.8125,137.625,138.375,326630
2018-10-18,138.125,138.40625,137.46875,137.65625,459720
2018-10-19,137.71875,138.21875,137.53125,138.0,380489
2018-10-22,137.8125,138.21875,137.625,137.84375,303401
2018-10-23,138.1875,139.21875,137.6875,137.6875,570864
2018-10-24,138.78125,139.21875,138.09375,138.125,461083
2018-10-25,138.71875,139.21875,138.40625,139.0625,354332
2018-10-26,139.4375,139.78125,138.875,138.875,553030
2018-10-29,139.34375,139.875,138.78125,139.4375,445446
2018-10-30,138.90625,139.375,138.625,139.28125,436740
2018-10-31,138.125,138.75,138.03125,138.65625,399593
2018-11-01,138.4375,138.65625,137.75,138.28125,373423
2018-11-02,137.15625,138.75,137.03125,138.71875,495266
2018-11-05,137.5625,137.78125,137.125,137.15625,290451
2018-11-06,137.4375,137.71875,137.125,137.53125,250577
2018-11-07,137.375,138.09375,136.75,137.125,539320
2018-11-08,137.1875,137.625,136.96875,137.0,276136
2018-11-09,137.90625,138.09375,137.0,137.0,317187
2018-11-12,138.46875,138.65625,137.8125,138.0,103422
2018-11-13,138.59375,138.71875,138.09375,138.5,378312
2018-11-14,138.875,139.3125,138.09375,138.625,470654
2018-11-15,138.78125,139.4375,138.5625,138.71875,467227
2018-11-16,139.5625,139.75,138.6875,138.78125,400375
2018-11-19,139.78125,139.9375,139.0,139.78125,335815
2018-11-20,140.03125,140.28125,139.59375,139.625,476455
2018-11-21,139.90625,139.9375,139.4375,139.8125,355635
2018-11-23,140.0,140.53125,139.6875,139.84375,220138
2018-11-26,139.78125,140.15625,139.625,140.125,661788
2018-11-27,139.90625,140.15625,139.65625,139.96875,695313
2018-11-28,139.9375,140.0625,139.5,139.90625,502637
2018-11-29,140.125,140.75,139.59375,139.6875,376029
2018-11-30,140.53125,140.96875,140.1875,140.21875,77897
2018-12-03,141.15625,141.625,140.0625,140.34375,42695
2018-12-04,142.78125,143.59375,141.46875,141.5625,0
2018-12-06,143.78125,144.40625,142.78125,142.78125,16921
2018-12-07,143.9375,144.03125,142.96875,143.375,5865
2018-12-10,144.0625,144.53125,143.78125,144.25,1967
2018-12-11,143.78125,144.40625,143.40625,144.03125,1605
2018-12-12,143.28125,143.71875,143.1875,143.71875,3045
2018-12-13,143.03125,143.5,142.9375,143.28125,1053
2018-12-14,143.28125,143.53125,143.15625,143.28125,490
2018-12-17,143.78125,143.96875,143.28125,143.28125,6250
2018-12-18,144.46875,144.6875,143.8125,144.0,2117
2018-12-19,144.90625,145.03125,144.5625,144.6875,420892
2018-12-20,144.8125,146.0,144.28125,145.53125,559770
2018-12-21,144.8125,145.1875,144.34375,144.40625,288902
2018-12-24,145.4375,145.78125,144.53125,144.78125,115543
2018-12-26,144.75,146.09375,144.40625,145.75,188125
2018-12-27,145.53125,145.875,144.46875,144.5,275515
2018-12-28,145.53125,145.875,144.8125,145.0625,261148
2018-12-31,146.0,146.28125,145.21875,145.65625,224736
2019-01-02,146.75,147.4375,145.59375,145.71875,350224
2019-01-03,148.65625,148.78125,146.90625,147.5625,479904
2019-01-04,146.875,148.84375,146.59375,148.5,403897
2019-01-07,146.5,147.53125,146.125,146.71875,312962
2019-01-08,146.03125,146.4375,145.625,146.25,249917
2019-01-09,145.5625,145.90625,145.34375,145.71875,300979
2019-01-10,145.28125,146.3125,144.9375,145.84375,383589
2019-01-11,145.75,146.09375,145.0,145.03125,225108
2019-01-14,145.40625,146.34375,145.34375,145.75,235565
2019-01-15,145.40625,145.90625,145.15625,145.5625,320960
2019-01-16,145.1875,145.53125,144.75,145.375,307905
2019-01-17,145.03125,145.75,144.84375,145.34375,287236
2019-01-18,144.53125,145.21875,144.28125,145.03125,262034
2019-01-22,145.40625,145.53125,144.40625,144.53125,332475
2019-01-23,144.96875,145.3125,144.4375,145.25,284131
2019-01-24,145.78125,145.9375,144.96875,145.125,304277
2019-01-25,145.09375,145.84375,144.90625,145.6875,239669
2019-01-28,145.09375,145.46875,144.875,145.0,235470
2019-01-29,145.65625,145.71875,144.96875,145.0625,213291
2019-01-30,145.6875,146.03125,145.1875,145.59375,286040
2019-01-31,146.6875,147.03125,145.90625,145.9375,411686
2019-02-01,145.9375,146.96875,145.84375,146.8125,320683
2019-02-04,145.25,146.09375,145.0,146.0625,225484
2019-02-05,145.6875,146.0,144.90625,145.28125,217928
2019-02-06,145.65625,146.28125,145.53125,145.75,225543
2019-02-07,146.5,146.5625,145.71875,145.71875,301204
2019-02-08,146.875,146.96875,146.34375,146.375,238461
2019-02-11,146.375,146.9375,146.21875,146.78125,196481
2019-02-12,145.96875,146.5625,145.8125,146.53125,211293
2019-02-13,145.75,146.0625,145.5,145.90625,217531
2019-02-14,146.5,146.875,145.65625,145.8125,326725
2019-02-15,146.5625,146.90625,146.09375,146.5625,230905
2019-02-19,146.84375,147.15625,146.375,146.5625,307609
2019-02-20,146.59375,147.15625,146.34375,147.0,284871
2019-02-21,145.78125,146.78125,145.53125,146.71875,465712
2019-02-22,146.40625,146.78125,145.65625,145.6875,508670
2019-02-25,146.125,146.46875,145.875,146.34375,620793
2019-02-26,146.8125,146.875,146.125,146.28125,685180
2019-02-27,145.5625,146.90625,145.40625,146.84375,318395
2019-02-28,145.125,146.03125,144.875,145.59375,95564
2019-03-01,144.46875,145.21875,144.21875,145.15625,15370
2019-03-04,145.0625,145.125,144.21875,144.375,24967
2019-03-05,145.09375,145.15625,144.59375,145.0,9292
2019-03-06,145.5625,145.8125,145.09375,145.125,8066
2019-03-07,146.46875,146.53125,145.46875,145.5,9526
2019-03-08,146.65625,146.875,146.125,146.4375,5156
2019-03-11,146.3125,146.625,146.125,146.59375,3286
2019-03-12,147.09375,147.1875,145.8125,146.125,1246
2019-03-13,146.8125,147.03125,146.5625,147.03125,6342
2019-03-14,146.1875,146.6875,146.0,146.625,1905
2019-03-15,146.875,147.09375,146.25,146.34375,1606
2019-03-18,146.78125,146.90625,146.59375,146.90625,5529
2019-03-19,146.46875,146.90625,146.09375,146.90625,6234
2019-03-20,146.90625,146.96875,146.4375,146.46875,322123
2019-03-21,147.125,147.46875,146.875,147.03125,309070
2019-03-22,148.53125,149.125,147.0625,147.09375,540197
2019-03-25,149.0,149.71875,148.1875,148.65625,423698
2019-03-26,149.09375,149.28125,148.375,149.15625,340664
2019-03-27,150.0625,150.15625,148.78125,148.9375,471301
2019-03-28,150.03125,150.65625,149.71875,150.125,329074
2019-03-29,149.65625,150.03125,149.28125,149.8125,359608
2019-04-01,148.21875,149.65625,147.96875,149.65625,330944
2019-04-02,148.3125,148.71875,148.09375,148.28125,230426
2019-04-03,147.5,148.5,147.3125,148.40625,262771
2019-04-04,147.6875,147.8125,147.34375,147.40625,197459
2019-04-05,147.9375,148.09375,147.03125,147.59375,261363
2019-04-08,147.625,148.21875,147.53125,148.0625,157097
2019-04-09,148.0,148.28125,147.5,147.59375,223455
2019-04-10,148.21875,148.53125,147.71875,147.875,235942
2019-04-11,147.71875,148.40625,147.625,148.375,238146
2019-04-12,146.90625,148.0625,146.8125,147.875,280482
2019-04-15,147.0625,147.15625,146.6875,146.8125,167978
2019-04-16,146.34375,147.125,146.25,147.03125,233724
2019-04-17,146.3125,146.5625,145.96875,146.40625,224120
2019-04-18,146.84375,146.96875,146.21875,146.25,224414
2019-04-22,146.21875,146.84375,146.15625,146.78125,121159
2019-04-23,146.5,146.625,146.125,146.3125,179892
2019-04-24,147.34375,147.4375,146.4375,146.53125,218777
2019-04-25,147.15625,147.46875,147.0,147.40625,182544
2019-04-26,147.59375,147.8125,146.9375,147.25,256821
2019-04-29,146.96875,147.65625,146.84375,147.625,200432
2019-04-30,147.46875,147.625,146.75,147.15625,347920
2019-05-01,147.59375,148.375,147.5,147.59375,316905
2019-05-02,146.9375,147.90625,146.875,147.8125,275544
2019-05-03,147.375,147.65625,146.65625,147.15625,272615
2019-05-06,147.8125,148.75,147.65625,147.65625,288151
2019-05-07,148.75,148.84375,147.75,148.3125,350818
2019-05-08,148.21875,149.1875,148.03125,148.625,350334
2019-05-09,148.6875,149.09375,148.125,148.15625,481033
2019-05-10,148.65625,149.15625,148.40625,148.90625,354269
2019-05-13,149.46875,149.71875,148.6875,149.0625,328672
2019-05-14,149.1875,149.625,149.0625,149.4375,224206
2019-05-15,149.875,150.125,149.1875,149.28125,282998
2019-05-16,149.4375,150.3125,149.34375,149.90625,212554
2019-05-17,149.6875,150.125,149.375,149.59375,211838
2019-05-20,149.375,150.0,149.28125,149.6875,216289
2019-05-21,149.1875,149.5625,148.9375,149.34375,220077
2019-05-22,149.71875,149.9375,149.0625,149.15625,351462
2019-05-23,151.4375,151.46875,149.84375,149.90625,536549
2019-05-24,150.96875,151.25,150.78125,150.9375,357902
2019-05-28,152.03125,152.25,151.0,151.09375,813935
2019-05-29,152.75,153.15625,152.0625,152.09375,506576
2019-05-30,153.0625,153.34375,152.03125,152.28125,221297
2019-05-31,154.375,154.65625,153.15625,153.25,52199
2019-06-03,155.25,155.6875,154.46875,154.46875,18777
2019-06-04,154.34375,155.53125,153.9375,155.5,13377
2019-06-05,154.0625,154.8125,153.71875,154.1875,9841
2019-06-06,154.1875,154.90625,153.8125,153.875,12922
2019-06-07,155.1875,155.5625,154.15625,154.375,3634
2019-06-10,154.125,154.8125,153.9375,154.59375,3969
2019-06-11,154.25,154.3125,153.53125,154.03125,6743
2019-06-12,154.25,154.6875,154.0625,154.25,2270
2019-06-13,154.90625,154.96875,154.34375,154.34375,1011
2019-06-14,154.96875,155.46875,154.65625,155.0,463
2019-06-17,155.25,155.375,154.6875,155.15625,3331
2019-06-18,155.625,156.5,155.125,155.25,5867
2019-06-19,155.0,155.5625,154.96875,155.5625,351082
2019-06-20,155.71875,156.53125,155.21875,155.46875,394593
2019-06-21,154.59375,155.96875,154.5625,155.40625,319339
2019-06-24,155.40625,155.5,154.53125,154.78125,208575
2019-06-25,155.90625,156.0625,155.28125,155.4375,269262
2019-06-26,154.96875,156.03125,154.84375,156.03125,215677
2019-06-27,155.71875,155.8125,154.5625,154.9375,220668
2019-06-28,155.59375,155.6875,155.15625,155.59375,237702
2019-07-01,155.0,155.65625,154.6875,155.0,243487
2019-07-02,156.09375,156.1875,155.125,155.21875,205754
2019-07-03,156.65625,156.84375,156.15625,156.15625,203953
2019-07-05,154.96875,157.0625,154.46875,156.625,343308
2019-07-08,155.40625,155.6875,154.9375,154.9375,218163
2019-07-09,155.09375,155.40625,154.75,155.125,218725
2019-07-10,154.65625,155.25,153.90625,154.96875,373490
2019-07-11,153.53125,155.09375,152.96875,154.5625,411171
2019-07-12,153.71875,153.75,152.875,153.28125,269465
2019-07-15,154.0625,154.21875,153.0625,153.46875,182839
2019-07-16,153.625,154.25,153.15625,154.15625,225336
2019-07-17,154.75,155.09375,153.78125,153.9375,234527
2019-07-18,154.96875,155.28125,154.25,155.0,308851
2019-07-19,154.75,155.1875,154.53125,155.09375,232186
2019-07-22,154.9375,155.34375,154.5,154.65625,174829
2019-07-23,154.28125,154.96875,154.03125,154.875,239577
2019-07-24,154.8125,154.9375,154.0,154.0,238326
2019-07-25,154.3125,155.5625,153.71875,154.90625,368293
2019-07-26,154.34375,154.78125,154.0,154.25,219813
2019-07-29,154.78125,154.96875,154.4375,154.5,181171
2019-07-30,154.625,155.09375,154.4375,154.625,202884
2019-07-31,155.59375,155.90625,154.625,154.71875,425081
2019-08-01,157.6875,158.125,154.96875,155.65625,599421
2019-08-02,158.59375,158.96875,157.34375,157.40625,494145
2019-08-05,160.71875,161.34375,158.53125,158.65625,494822
2019-08-06,161.0,161.96875,160.03125,161.53125,497148
2019-08-07,162.21875,163.96875,161.15625,161.6875,719504
2019-08-08,161.5625,161.8125,159.71875,161.15625,500524
2019-08-09,161.28125,162.4375,161.03125,161.78125,337935
2019-08-12,163.4375,163.65625,161.15625,161.34375,273694
2019-08-13,162.9375,163.9375,162.15625,163.21875,512070
2019-08-14,164.90625,165.21875,162.46875,162.53125,479003
2019-08-15,165.71875,166.9375,164.53125,164.8125,632107
2019-08-16,165.5625,166.1875,164.28125,165.71875,367988
2019-08-19,164.25,165.0625,163.375,165.03125,388438
2019-08-20,165.0,165.40625,164.125,164.15625,277368
2019-08-21,164.8125,165.46875,163.96875,165.1875,326115
2019-08-22,164.09375,165.21875,163.71875,164.5,373247
2019-08-23,165.53125,165.96875,162.9375,163.9375,570391
2019-08-26,165.09375,167.46875,165.0625,166.40625,577348
2019-08-27,166.5,166.90625,165.1875,165.21875,645900
2019-08-28,166.90625,167.5625,166.3125,166.875,505985
2019-08-29,166.0625,167.25,165.5625,166.375,271523
2019-08-30,166.0625,166.5,165.28125,166.25,37812
2019-09-03,166.71875,167.53125,165.34375,166.5,10351
2019-09-04,166.75,166.9375,165.75,166.65625,4965
2019-09-05,164.6875,166.53125,164.03125,166.53125,12516
2019-09-06,165.3125,165.53125,164.0,164.8125,3149
2019-09-09,163.78125,165.25,163.1875,165.21875,1576
2019-09-10,162.25,163.8125,161.375,163.3125,2846
2019-09-11,161.71875,162.09375,161.3125,161.8125,902
2019-09-12,160.59375,163.0625,160.4375,161.46875,1512
2019-09-13,158.375,160.78125,158.375,160.78125,972
2019-09-16,159.71875,159.71875,158.71875,158.84375,983
2019-09-17,160.15625,160.65625,159.5,159.78125,720
2019-09-18,160.84375,161.4375,160.34375,160.9375,3186
2019-09-19,161.21875,161.40625,160.6875,160.6875,290131
2019-09-20,160.875,161.625,160.09375,160.28125,264691
2019-09-23,161.65625,162.5,160.5,161.1875,341398
2019-09-24,163.125,163.25,161.1875,161.34375,307768
2019-09-25,161.25,163.3125,161.125,162.78125,378852
2019-09-26,162.3125,162.46875,161.15625,161.1875,285433
2019-09-27,162.34375,162.40625,161.46875,162.0625,266085
2019-09-30,162.3125,162.5625,161.53125,162.09375,284042
2019-10-01,162.6875,163.34375,160.59375,162.5,489396
2019-10-02,163.3125,163.625,162.125,162.84375,354284
2019-10-03,164.40625,164.96875,163.21875,163.25,374871
2019-10-04,165.0,165.15625,164.15625,164.375,336476
2019-10-07,164.40625,165.21875,164.09375,165.0625,220600
2019-10-08,164.5625,165.21875,163.5625,164.28125,333274
2019-10-09,163.5625,164.75,163.4375,164.6875,250318
2019-10-10,162.25,164.34375,161.90625,163.65625,370729
2019-10-11,160.4375,162.59375,160.0625,162.0625,487113
2019-10-14,161.125,161.75,160.46875,160.75,86376
2019-10-15,159.9375,161.71875,159.71875,161.25,285350
2019-10-16,160.28125,160.8125,159.78125,159.96875,273168
2019-10-17,160.1875,160.71875,159.3125,160.40625,242403
2019-10-18,160.21875,160.6875,159.71875,160.3125,194352
2019-10-21,159.4375,160.46875,159.15625,160.375,179974
2019-10-22,160.0625,160.125,159.0625,159.28125,225683
2019-10-23,160.09375,160.6875,159.9375,160.125,241207
2019-10-24,159.96875,160.625,159.625,160.09375,267656
2019-10-25,159.375,160.34375,159.15625,160.0,271101
2019-10-28,158.28125,159.5,158.15625,159.46875,238042
2019-10-29,158.6875,158.9375,158.1875,158.46875,235319
2019-10-30,159.59375,160.03125,158.375,158.59375,317951
2019-10-31,161.375,161.65625,159.65625,159.96875,460264
2019-11-01,160.625,161.6875,160.3125,161.21875,318445
2019-11-04,159.46875,160.8125,159.28125,160.625,263541
2019-11-05,157.875,159.625,157.78125,159.625,332766
2019-11-06,158.96875,159.15625,157.96875,157.96875,327490
2019-11-07,156.65625,159.0,155.8125,158.59375,523696
2019-11-08,156.40625,157.21875,156.03125,156.65625,350757
2019-11-11,156.5,156.875,156.09375,156.125,63066
2019-11-12,157.0,157.1875,156.0,156.53125,293969
2019-11-13,157.625,157.8125,156.34375,156.34375,314029
2019-11-14,158.65625,158.9375,157.21875,157.25,303426
2019-11-15,158.3125,158.65625,157.90625,158.46875,174703
2019-11-18,158.78125,159.09375,157.875,158.34375,224528
2019-11-19,159.34375,159.46875,158.46875,158.65625,245350
2019-11-20,160.3125,160.53125,159.375,159.375,361972
2019-11-21,159.71875,160.90625,159.375,160.5,546588
2019-11-22,159.875,160.3125,159.40625,159.6875,451466
2019-11-25,160.0625,160.3125,159.5,159.8125,639595
2019-11-26,160.59375,160.78125,159.8125,160.25,423437
2019-11-27,160.09375,160.625,159.8125,160.53125,207834
2019-11-29,159.75,160.375,159.375,160.0625,21783
2019-12-02,158.1875,159.5625,158.03125,159.5625,14020
2019-12-03,160.875,161.15625,158.09375,158.5625,5437
2019-12-04,159.5,161.15625,159.28125,160.71875,3748
2019-12-05,159.125,159.90625,158.65625,159.65625,3189
2019-12-06,158.4375,159.28125,157.96875,158.90625,5863
2019-12-09,158.78125,159.125,158.375,158.40625,7858
2019-12-10,158.875,159.4375,158.46875,158.96875,4956
2019-12-11,159.6875,159.78125,158.875,158.96875,855
2019-12-12,157.5625,159.65625,156.9375,159.59375,3200
2019-12-13,159.03125,159.03125,156.65625,157.0,2481
2019-12-16,157.65625,158.75,157.65625,158.65625,1192
2019-12-17,157.625,158.375,157.5,158.34375,541
2019-12-18,156.84375,157.96875,156.71875,157.75,460
2019-12-19,157.1875,157.1875,156.625,156.6875,252558
2019-12-20,156.25,156.34375,155.59375,156.0625,191875
2019-12-23,155.875,156.75,155.71875,156.1875,154053
2019-12-24,156.375,156.5625,155.5625,155.96875,78952
2019-12-26,156.46875,156.78125,156.1875,156.40625,80760
2019-12-27,156.90625,157.03125,156.46875,156.625,156951
2019-12-30,156.25,156.84375,155.3125,156.75,240718
2019-12-31,155.90625,156.5,155.40625,156.46875,231938
2020-01-02,156.59375,157.125,155.15625,155.625,279754
2020-01-03,158.28125,158.34375,156.65625,156.71875,358331
2020-01-06,157.84375,158.78125,157.6875,158.5625,278848
2020-01-07,157.40625,158.09375,157.34375,157.75,244748
2020-01-08,156.375,159.59375,156.25,157.53125,490104
2020-01-09,156.8125,157.03125,155.90625,156.28125,378120
2020-01-10,157.625,157.8125,156.625,156.75,269901
2020-01-13,157.25,157.71875,156.875,157.6875,255783
2020-01-14,157.90625,158.0,156.9375,157.25,284408
2020-01-15,158.5,158.71875,157.84375,157.9375,291473
2020-01-16,158.09375,158.78125,157.875,158.59375,234445
2020-01-17,157.28125,157.9375,156.875,157.90625,519062
2020-01-21,158.59375,158.71875,157.28125,157.46875,350649
2020-01-22,158.8125,159.03125,158.15625,158.5,288458
2020-01-23,159.5625,159.96875,158.78125,158.8125,398010
2020-01-24,160.625,160.875,159.03125,159.59375,378955
2020-01-27,162.03125,162.21875,161.0,161.3125,487500
2020-01-28,161.3125,162.78125,160.875,161.96875,365499
2020-01-29,162.25,162.65625,160.84375,161.0,307483
2020-01-30,162.90625,163.375,162.21875,162.46875,427207
2020-01-31,163.53125,163.9375,162.125,162.3125,502114
2020-02-03,163.78125,164.15625,162.59375,164.0625,413963
2020-02-04,162.09375,163.9375,161.8125,163.6875,396092
2020-02-05,161.125,162.625,160.9375,162.15625,415084
2020-02-06,161.375,161.53125,160.46875,161.09375,359839
2020-02-07,162.59375,162.78125,161.3125,161.34375,351194
2020-02-10,163.15625,163.28125,162.21875,162.65625,292305
2020-02-11,162.46875,162.78125,162.15625,162.65625,286176
2020-02-12,161.6875,162.28125,161.46875,162.1875,261393
2020-02-13,161.875,162.8125,161.625,161.65625,381011
2020-02-14,162.40625,162.8125,161.8125,161.84375,269335
2020-02-18,163.15625,163.5,162.0625,162.375,399309
2020-02-19,162.96875,163.40625,162.5625,163.0625,339910
2020-02-20,163.9375,164.25,162.625,163.03125,492586
2020-02-21,164.96875,165.6875,164.0,164.125,661500
2020-02-24,166.71875,167.34375,165.46875,165.96875,920900
2020-02-25,167.6875,168.15625,165.96875,166.8125,1034719
2020-02-26,168.09375,168.28125,166.53125,167.21875,844631
2020-02-27,168.5,169.5625,167.40625,167.625,613226
2020-02-28,171.375,172.0,168.5625,168.84375,71013
2020-03-02,172.21875,173.34375,170.53125,171.71875,33842
2020-03-03,173.3125,175.71875,170.15625,170.59375,14451
2020-03-04,173.40625,174.75,171.8125,173.59375,8696
2020-03-05,174.9375,175.5,172.03125,172.15625,8948
2020-03-06,180.96875,181.90625,175.09375,175.34375,3907
2020-03-09,186.9375,193.1875,182.65625,182.65625,962
2020-03-10,180.9375,185.96875,179.40625,181.6875,2469
2020-03-11,181.71875,182.875,179.9375,182.0,620
2020-03-12,180.25,184.15625,178.3125,184.15625,1661
2020-03-13,177.9375,179.125,174.34375,174.34375,1472
2020-03-16,182.34375,182.34375,179.96875,180.3125,2161
2020-03-17,175.0,181.03125,173.46875,181.03125,169
2020-03-18,169.28125,174.84375,169.28125,171.5,202
2020-03-19,172.6875,172.6875,169.28125,169.28125,2
2020-03-20,177.3125,200.0,177.3125,190.0,265254
2020-03-23,179.65625,181.25,174.875,178.59375,383407
2020-03-24,178.84375,179.125,176.625,178.28125,235218
2020-03-25,177.75,179.65625,177.1875,177.53125,213412
2020-03-26,178.125,179.59375,177.125,177.375,253348
2020-03-27,179.0625,180.96875,177.28125,177.53125,199200
2020-03-30,180.71875,182.5,178.875,181.0625,221580
2020-03-31,179.0625,180.5625,178.84375,179.125,334842
2020-04-01,181.125,182.78125,179.6875,179.90625,244308
2020-04-02,181.53125,182.8125,181.3125,182.40625,201293
2020-04-03,182.5625,182.96875,181.4375,181.71875,192451
2020-04-06,180.5625,182.125,180.3125,182.125,163492
2020-04-07,179.21875,180.625,177.875,180.59375,218647
2020-04-08,178.28125,180.09375,177.875,179.59375,193565
2020-04-09,178.84375,179.1875,177.5625,177.9375,188683
2020-04-13,178.125,179.0625,177.4375,178.34375,145877
2020-04-14,177.6875,178.4375,177.4375,177.59375,199372
2020-04-15,180.5625,181.0,177.6875,177.78125,235807
2020-04-16,181.40625,181.6875,180.0625,180.59375,232820
2020-04-17,179.875,182.03125,179.5,180.59375,242581
2020-04-20,180.75,181.1875,180.03125,180.21875,139176
2020-04-21,182.25,183.03125,180.875,181.125,219713
2020-04-22,180.96875,183.0625,180.5625,182.375,194426
2020-04-23,181.40625,182.0,180.5625,181.03125,212115
2020-04-24,182.0,182.34375,181.25,181.71875,147347
2020-04-27,180.5625,182.09375,180.25,181.90625,208949
2020-04-28,181.84375,182.21875,180.09375,180.375,189919
2020-04-29,181.375,182.625,181.03125,181.9375,198784
2020-04-30,181.03125,182.15625,180.28125,181.21875,315504
2020-05-01,180.65625,181.78125,180.25,180.71875,174051
2020-05-04,180.71875,181.8125,180.34375,181.46875,177409
2020-05-05,180.28125,180.84375,179.65625,180.75,173523
2020-05-06,178.71875,180.25,178.03125,180.1875,273610
2020-05-07,181.125,181.34375,178.6875,179.03125,303466
2020-05-08,179.6875,181.75,179.53125,180.71875,224640
2020-05-11,178.5,179.8125,178.46875,179.6875,214120
2020-05-12,179.8125,180.28125,178.59375,178.84375,244747
2020-05-13,180.65625,181.0625,179.875,180.0625,297030
2020-05-14,181.625,182.0625,180.375,180.46875,282317
2020-05-15,180.9375,182.46875,180.71875,181.5625,218582
2020-05-18,178.15625,181.125,178.0625,181.03125,238148
2020-05-19,178.625,179.15625,177.8125,178.4375,231463
2020-05-20,179.625,179.875,178.53125,179.15625,351919
2020-05-21,179.71875,180.25,179.40625,179.46875,422084
2020-05-22,180.25,181.125,179.75,179.8125,339979
2020-05-26,178.96875,180.46875,178.8125,180.125,743049
2020-05-27,179.46875,179.90625,178.15625,178.90625,554831
2020-05-28,178.65625,179.5625,178.375,179.25,232370
2020-05-29,180.0,180.125,178.9375,178.9375,46107
2020-06-01,179.375,180.40625,178.6875,179.96875,13738
2020-06-02,178.96875,179.59375,178.5625,179.21875,2594
2020-06-03,177.125,178.9375,176.75,178.84375,3465
2020-06-04,175.625,177.59375,175.4375,177.375,6979
2020-06-05,174.125,176.0,172.53125,175.5,4373
2020-06-08,174.5,174.9375,173.5,173.78125,1769
2020-06-09,175.9375,176.59375,174.6875,174.6875,404
2020-06-10,177.53125,177.6875,175.84375,176.0,717
2020-06-11,179.96875,179.96875,177.75,177.75,234
2020-06-12,178.78125,179.3125,178.375,179.25,1264
2020-06-15,178.90625,179.84375,178.4375,179.25,736
2020-06-16,177.28125,178.0,176.6875,177.78125,279
2020-06-17,177.78125,177.90625,176.90625,177.1875,625
2020-06-18,179.0,179.0,178.09375,178.09375,303
2020-06-19,179.125,179.1875,177.84375,178.28125,207020
2020-06-22,177.28125,178.03125,177.09375,177.75,178895
2020-06-23,176.9375,177.9375,176.5,177.1875,206358
2020-06-24,177.875,178.125,176.40625,176.8125,266546
2020-06-25,178.21875,178.625,177.84375,178.0625,238587
2020-06-26,179.09375,179.25,177.90625,177.9375,235817
2020-06-29,179.03125,179.40625,178.75,179.15625,215952
2020-06-30,178.5625,179.53125,178.21875,179.3125,315518
2020-07-01,178.125,178.5,177.46875,178.46875,278149
2020-07-02,178.28125,178.5625,177.28125,178.28125,203962
2020-07-06,177.96875,178.875,177.1875,178.4375,190697
2020-07-07,179.0,179.375,177.78125,178.03125,201678
2020-07-08,178.9375,179.28125,178.4375,179.21875,216441
2020-07-09,180.375,180.5625,178.59375,178.625,318450
2020-07-10,179.8125,181.4375,179.53125,180.15625,267219
2020-07-13,179.625,180.21875,178.96875,179.59375,214909
2020-07-14,180.28125,180.75,179.78125,180.09375,249337
2020-07-15,179.71875,180.1875,179.09375,179.75,214595
2020-07-16,180.21875,180.46875,179.5,179.65625,177664
2020-07-17,179.71875,180.5625,179.59375,180.0625,157697
2020-07-20,180.0,180.46875,179.6875,179.6875,179104
2020-07-21,180.28125,180.625,179.84375,180.25,186306
2020-07-22,180.625,181.0,180.25,180.34375,245814
2020-07-23,181.09375,181.3125,180.5,180.53125,257395
2020-07-24,181.09375,181.9375,180.71875,181.28125,248749
2020-07-27,180.65625,181.65625,180.40625,181.0,209318
2020-07-28,181.4375,181.59375,179.9375,180.46875,233614
2020-07-29,181.28125,181.625,180.90625,181.5,214198
2020-07-30,182.3125,182.46875,181.3125,181.375,238489
2020-07-31,182.28125,182.8125,181.65625,182.125,361448
2020-08-03,181.59375,182.53125,181.28125,182.40625,272350
2020-08-04,182.78125,183.0,181.59375,181.78125,216348
2020-08-05,182.09375,183.0,181.65625,182.96875,290383
2020-08-06,182.25,183.1875,181.71875,181.875,262815
2020-08-07,181.59375,182.8125,181.40625,182.28125,276875
2020-08-10,181.28125,182.0,181.0625,181.46875,200716
2020-08-11,179.125,181.3125,179.03125,181.15625,413648
2020-08-12,178.78125,179.96875,178.25,179.5,369646
2020-08-13,177.8125,179.625,177.5,178.625,379954
2020-08-14,177.84375,178.46875,177.65625,177.6875,296412
2020-08-17,178.34375,178.75,177.6875,177.84375,262451
2020-08-18,178.8125,179.03125,178.1875,178.25,261872
2020-08-19,178.4375,179.40625,178.0,178.84375,366239
2020-08-20,179.34375,179.5,178.21875,178.21875,333610
2020-08-21,179.59375,179.875,178.875,179.125,317800
2020-08-24,179.4375,180.0625,179.15625,179.6875,381252
2020-08-25,178.53125,179.28125,177.59375,179.21875,786570
2020-08-26,178.15625,178.46875,177.375,178.40625,701514
2020-08-27,176.40625,179.09375,176.125,178.03125,653751
2020-08-28,176.4375,176.875,175.15625,176.125,202191
2020-08-31,177.375,177.46875,175.84375,176.65625,21289
2020-09-01,178.0,178.09375,176.3125,177.03125,9900
2020-09-02,178.875,179.03125,177.53125,178.03125,7754
2020-09-03,179.53125,180.1875,178.46875,178.90625,4462
2020-09-04,177.03125,179.34375,176.9375,179.15625,1400
2020-09-08,177.9375,178.4375,176.875,177.03125,1155
2020-09-09,177.375,178.5,177.3125,178.28125,1871
2020-09-10,177.90625,178.0625,176.875,177.65625,422
2020-09-11,178.25,178.28125,177.65625,177.71875,230
2020-09-14,178.34375,178.65625,178.09375,178.125,314
2020-09-15,178.15625,178.25,177.875,177.875,400
2020-09-16,177.9375,178.75,177.6875,178.75,3896
2020-09-17,178.125,178.78125,177.96875,178.03125,160
2020-09-18,177.65625,178.15625,177.65625,178.15625,262
2020-09-21,178.28125,178.8125,178.03125,178.03125,289820
2020-09-22,176.6875,176.8125,176.21875,176.625,231064
2020-09-23,176.46875,176.96875,175.9375,176.5,274683
2020-09-24,176.96875,177.0,176.375,176.59375,299945
2020-09-25,177.03125,177.28125,176.625,176.875,222209
2020-09-28,176.84375,177.1875,176.59375,177.125,171442
2020-09-29,177.21875,177.375,176.84375,177.0625,226494
2020-09-30,176.28125,177.28125,175.4375,177.09375,528478
2020-10-01,176.34375,176.5625,175.25,176.09375,391877
2020-10-02,175.90625,177.0,175.59375,176.21875,406421
2020-10-05,174.21875,175.78125,173.6875,175.6875,366137
2020-10-06,174.6875,175.09375,173.375,173.75,496286
2020-10-07,173.65625,175.0,173.3125,174.875,361518
2020-10-08,174.1875,174.3125,173.5625,173.59375,313830
2020-10-09,174.03125,174.375,173.34375,173.75,314066
2020-10-12,174.375,174.4375,174.0,174.09375,63664
2020-10-13,175.1875,175.25,174.25,174.375,271313
2020-10-14,175.375,175.6875,175.03125,175.15625,246009
2020-10-15,175.25,176.3125,175.0,175.25,331640
2020-10-16,174.90625,175.5625,174.5,175.09375,301587
2020-10-19,174.5,174.84375,173.9375,174.75,300807
2020-10-20,173.5,174.4375,173.375,174.25,329992
2020-10-21,173.09375,173.75,172.53125,173.65625,423394
2020-10-22,172.34375,173.46875,171.78125,172.90625,368728
2020-10-23,172.59375,172.78125,171.6875,171.96875,308617
2020-10-26,173.59375,173.9375,172.6875,172.71875,347924
2020-10-27,174.09375,174.40625,173.375,173.53125,275064
2020-10-28,174.03125,174.90625,173.9375,174.375,383142
2020-10-29,172.84375,174.40625,172.625,174.25,484603
2020-10-30,172.46875,173.59375,172.0,173.21875,580589
2020-11-02,172.75,173.1875,171.96875,172.15625,342064
2020-11-03,172.03125,172.875,171.40625,172.8125,348831
2020-11-04,174.4375,175.09375,170.21875,171.15625,836457
2020-11-05,174.34375,175.84375,173.9375,174.625,436107
2020-11-06,173.3125,174.96875,172.90625,174.75,372348
2020-11-09,170.1875,173.75,169.90625,173.03125,646818
2020-11-10,170.0,171.4375,169.9375,171.0,451239
2020-11-11,170.65625,170.84375,169.5,170.21875,107138
2020-11-12,172.28125,172.46875,170.46875,170.53125,440703
2020-11-13,172.1875,172.84375,172.0,172.34375,248281
2020-11-16,171.90625,172.6875,171.28125,172.09375,311508
2020-11-17,172.5625,172.90625,171.59375,171.875,327789
2020-11-18,172.53125,173.46875,172.15625,172.90625,389406
2020-11-19,173.25,173.90625,172.75,172.78125,463696
2020-11-20,174.0625,174.28125,173.46875,173.90625,483646
2020-11-23,173.46875,174.25,173.28125,174.21875,825765
2020-11-24,172.90625,173.5625,172.625,173.5,956028
2020-11-25,172.875,173.65625,172.53125,172.96875,546549
2020-11-27,173.875,173.9375,172.84375,172.875,112875
2020-11-30,173.78125,174.1875,173.4375,173.875,35364
2020-12-01,171.6875,173.9375,171.5625,173.84375,31204
2020-12-02,171.21875,172.1875,170.78125,171.96875,17979
2020-12-03,171.90625,172.1875,171.25,171.4375,5829
2020-12-04,170.75,172.3125,170.3125,172.15625,11391
2020-12-07,171.5625,171.6875,170.34375,170.375,3661
2020-12-08,172.09375,172.375,171.40625,171.6875,9791
2020-12-09,171.5,171.84375,171.09375,171.84375,1270
2020-12-10,172.46875,172.5625,171.625,171.78125,1651
2020-12-11,172.625,173.0625,172.5,173.0,1562
2020-12-14,172.65625,172.65625,171.59375,172.34375,5427
2020-12-15,171.90625,172.9375,171.90625,172.875,5422
2020-12-16,171.96875,172.25,171.25,172.25,8400
2020-12-17,171.71875,172.5,171.59375,171.75,4439
2020-12-18,171.1875,171.96875,171.1875,171.8125,12608
2020-12-21,171.5,171.625,171.5,171.625,397352
2020-12-22,173.03125,173.09375,172.4375,172.59375,225565
2020-12-23,172.0625,173.4375,171.5,173.0625,347329
2020-12-24,172.75,172.90625,172.0625,172.28125,109351
2020-12-28,172.75,172.9375,171.84375,172.9375,191816
2020-12-29,172.65625,172.875,172.15625,172.875,222934
2020-12-30,172.84375,172.90625,172.03125,172.5625,227287
2020-12-31,173.1875,173.25,172.5625,172.875,213618
2021-01-04,173.03125,173.34375,172.125,172.84375,404379
2021-01-05,172.0,173.03125,171.71875,173.03125,425609
2021-01-06,169.71875,172.3125,169.40625,171.9375,691300
2021-01-07,169.21875,169.96875,168.65625,169.71875,412161
2021-01-08,168.75,169.40625,168.15625,168.9375,517111
2021-01-11,168.34375,168.96875,168.03125,168.46875,317353
2021-01-12,168.1875,168.375,167.34375,168.0625,415761
2021-01-13,169.375,169.6875,168.25,168.34375,469065
2021-01-14,168.21875,169.625,168.03125,169.40625,455219
2021-01-15,168.8125,169.15625,168.09375,168.125,340565
2021-01-19,168.96875,169.25,168.3125,169.03125,398505
2021-01-20,169.0,169.375,168.65625,169.0,297408
2021-01-21,168.4375,169.34375,168.1875,169.15625,393186
2021-01-22,168.875,169.15625,168.21875,168.40625,319674
2021-01-25,169.96875,170.1875,168.59375,168.96875,358657
2021-01-26,169.875,170.28125,169.65625,170.125,292024
2021-01-27,170.4375,170.78125,169.625,170.03125,430437
2021-01-28,169.5625,170.90625,169.1875,170.40625,480407
2021-01-29,168.71875,169.90625,168.40625,169.71875,610926
2021-02-01,169.0,169.375,168.6875,169.25,310470
2021-02-02,168.4375,169.03125,168.0625,168.84375,289925
2021-02-03,167.84375,168.625,167.59375,168.5625,311975
2021-02-04,167.46875,167.78125,167.0625,167.59375,333614
2021-02-05,166.71875,167.71875,166.40625,167.34375,551315
2021-02-08,167.125,167.375,166.09375,166.6875,409253
2021-02-09,167.125,167.59375,166.875,166.90625,318347
2021-02-10,167.53125,167.78125,166.65625,167.0625,412919
2021-02-11,167.25,168.0,167.03125,167.71875,434473
2021-02-12,166.15625,167.4375,165.875,167.03125,411271
2021-02-16,164.09375,165.875,163.90625,165.8125,680303
2021-02-17,164.40625,165.0625,163.53125,163.9375,700191
2021-02-18,164.5,165.25,163.78125,165.03125,494056
2021-02-19,163.09375,164.6875,162.8125,164.40625,616233
2021-02-22,162.375,163.40625,162.0625,163.03125,996758
2021-02-23,162.15625,162.78125,161.71875,162.46875,1080853
2021-02-24,161.53125,162.90625,160.5,162.5625,962838
2021-02-25,159.6875,161.75,157.71875,161.59375,416921
2021-02-26,160.75,162.59375,159.03125,160.0625,31516
2021-03-01,160.71875,162.1875,160.40625,162.03125,12071
2021-03-02,161.0,161.5625,160.375,160.96875,5277
2021-03-03,160.0625,161.375,159.4375,161.375,2948
2021-03-04,158.625,160.40625,158.34375,159.71875,2569
2021-03-05,158.75,159.0,157.46875,158.375,1245
2021-03-08,158.28125,158.59375,157.875,157.9375,1476
2021-03-09,159.3125,159.6875,158.375,158.4375,791
2021-03-10,159.6875,159.84375,158.96875,159.5,936
2021-03-11,159.4375,160.46875,159.0,159.40625,1254
2021-03-12,157.125,158.375,157.03125,158.375,233
2021-03-15,157.625,157.8125,157.1875,157.21875,447
2021-03-16,157.375,158.125,157.3125,157.9375,330
2021-03-17,156.6875,157.65625,156.1875,157.5,1279
2021-03-18,155.53125,156.125,154.90625,156.125,30
2021-03-19,155.59375,155.90625,155.5625,155.5625,49
2021-03-22,156.84375,156.84375,156.53125,156.5625,362149
2021-03-23,156.15625,156.5625,154.875,155.0,373021
2021-03-24,156.75,157.125,155.90625,156.40625,394476
2021-03-25,156.6875,157.25,156.21875,156.78125,515561
2021-03-26,155.96875,156.59375,155.3125,156.21875,393344
2021-03-29,154.78125,156.4375,154.6875,155.59375,340802
2021-03-30,155.03125,155.375,153.90625,155.03125,464865
2021-03-31,154.59375,155.4375,154.5,155.3125,620618
2021-04-01,156.21875,156.40625,154.625,154.78125,380162
2021-04-05,155.59375,156.1875,155.1875,155.65625,212866
2021-04-06,156.53125,156.625,155.59375,155.90625,333859
2021-04-07,156.375,157.0625,155.90625,156.40625,312517
2021-04-08,156.78125,157.09375,155.9375,155.96875,307545
2021-04-09,156.5,157.125,156.03125,157.0625,387885
2021-04-12,156.28125,156.96875,156.15625,156.5625,274365
2021-04-13,157.15625,157.34375,155.78125,156.46875,440160
2021-04-14,156.875,157.4375,156.65625,157.3125,286963
2021-04-15,159.0,159.03125,156.75,156.90625,614615
2021-04-16,158.0,158.46875,157.5,157.84375,426895
2021-04-19,157.5,158.40625,157.21875,157.90625,288637
2021-04-20,158.15625,158.3125,156.84375,157.34375,334299
2021-04-21,158.125,158.375,157.78125,158.21875,314960
2021-04-22,158.4375,158.90625,157.8125,158.25,344281
2021-04-23,158.28125,158.9375,157.96875,158.78125,302572
2021-04-26,158.4375,158.6875,157.75,158.28125,283575
2021-04-27,157.4375,158.5,157.28125,158.4375,316830
2021-04-28,157.5,157.75,156.90625,157.4375,375933
2021-04-29,157.1875,157.625,156.1875,157.625,358048
2021-04-30,157.25,157.46875,156.84375,157.25,477622
2021-05-03,157.625,158.3125,156.65625,157.21875,365335
2021-05-04,158.0,158.71875,157.34375,157.71875,415319
2021-05-05,158.125,158.46875,157.25,158.0,304901
2021-05-06,158.625,158.71875,157.90625,158.34375,321685
2021-05-07,157.96875,160.46875,157.8125,158.46875,561688
2021-05-10,157.53125,158.375,157.3125,157.90625,371063
2021-05-11,156.9375,157.8125,156.75,157.46875,325626
2021-05-12,155.59375,157.28125,155.5,156.96875,561732
2021-05-13,156.1875,156.40625,155.4375,155.65625,438266
2021-05-14,156.8125,157.03125,156.09375,156.21875,350718
2021-05-17,156.78125,157.4375,156.5,156.9375,267480
2021-05-18,156.6875,157.0,156.34375,156.53125,245735
2021-05-19,156.0625,157.25,155.78125,156.71875,501911
2021-05-20,157.0,157.1875,156.125,156.25,339693
2021-05-21,157.25,157.5,156.9375,157.09375,404213
2021-05-24,157.6875,158.0,157.3125,157.46875,628950
2021-05-25,158.59375,158.75,157.65625,157.75,819393
2021-05-26,158.53125,159.03125,158.28125,158.6875,1046056
2021-05-27,157.78125,158.5625,157.5,158.4375,228509
2021-05-28,158.125,158.4375,157.53125,157.84375,45516
2021-06-01,157.71875,158.0,157.125,157.875,10524
2021-06-02,158.09375,158.25,157.625,157.78125,1835
2021-06-03,157.65625,158.25,157.5,158.21875,2745
2021-06-04,159.0625,159.15625,157.46875,157.65625,619
2021-06-07,158.8125,159.40625,158.59375,159.40625,368
2021-06-08,159.59375,159.90625,158.8125,158.8125,1915
2021-06-09,160.375,160.71875,159.46875,159.46875,2749
2021-06-10,160.90625,161.34375,159.65625,160.375,2083
2021-06-11,160.8125,161.46875,160.75,161.1875,683
2021-06-14,160.1875,160.96875,160.09375,160.96875,4482
2021-06-15,160.125,160.71875,159.875,160.28125,3457
2021-06-16,159.40625,160.53125,159.03125,160.3125,928
2021-06-17,161.3125,162.21875,159.28125,159.3125,450
2021-06-18,162.53125,162.875,161.09375,161.125,581
2021-06-21,161.625,163.3125,161.625,163.3125,454429
2021-06-22,159.9375,160.375,159.25,159.84375,324709
2021-06-23,159.78125,160.21875,159.46875,160.125,255645
2021-06-24,159.9375,160.0625,159.375,159.75,213208
2021-06-25,158.75,160.15625,158.5625,159.8125,353676
2021-06-28,160.0625,160.21875,158.84375,158.9375,258535
2021-06-29,160.09375,160.25,159.46875,160.09375,254196
2021-06-30,160.75,160.96875,160.03125,160.1875,408201
2021-07-01,160.1875,160.625,159.9375,160.21875,279758
2021-07-02,160.90625,161.25,160.40625,160.53125,302925
2021-07-06,162.09375,162.6875,160.59375,161.03125,408340
2021-07-07,163.28125,163.8125,162.21875,162.5625,436990
2021-07-08,163.9375,164.9375,163.28125,163.40625,398764
2021-07-09,162.625,163.6875,162.40625,163.65625,289713
2021-07-12,162.5,163.21875,162.28125,162.4375,255146
2021-07-13,161.4375,163.125,161.1875,162.375,517678
2021-07-14,162.59375,162.875,161.25,161.34375,320547
2021-07-15,163.90625,164.0,162.78125,162.84375,334958
2021-07-16,163.8125,163.96875,163.0625,163.875,237028
2021-07-19,166.15625,166.3125,163.8125,163.96875,507648
2021-07-20,165.40625,167.125,165.09375,165.96875,489314
2021-07-21,164.03125,165.71875,163.34375,165.125,454086
2021-07-22,164.5,165.0,163.28125,163.8125,313108
2021-07-23,164.03125,164.375,163.4375,164.15625,245056
2021-07-26,164.125,165.375,163.71875,164.125,246951
2021-07-27,165.0,165.09375,163.75,163.8125,287686
2021-07-28,164.375,165.09375,164.0625,164.8125,328498
2021-07-29,164.15625,164.96875,163.84375,164.875,332738
2021-07-30,164.71875,165.0,164.09375,164.125,405203
2021-08-02,166.0,166.4375,164.4375,164.8125,339811
2021-08-03,166.0,166.4375,165.53125,165.90625,275605
2021-08-04,166.1875,167.0,165.375,166.03125,419510
2021-08-05,165.6875,166.5625,165.5,166.1875,275103
2021-08-06,164.1875,165.65625,163.8125,165.53125,364504
2021-08-09,163.6875,164.5625,163.40625,163.875,275338
2021-08-10,163.21875,163.875,162.90625,163.5,262459
2021-08-11,163.03125,163.8125,162.53125,163.0,348557
2021-08-12,162.90625,163.4375,162.5625,163.0625,290482
2021-08-13,164.40625,164.8125,163.0,163.125,263382
2021-08-16,165.125,165.8125,164.625,164.65625,324340
2021-08-17,165.125,165.96875,164.71875,165.0,310523
2021-08-18,165.0625,165.34375,164.53125,165.0,355367
2021-08-19,165.8125,166.1875,165.125,165.21875,403452
2021-08-20,165.75,166.1875,165.5625,165.75,236381
2021-08-23,165.8125,165.875,165.25,165.75,371334
2021-08-24,165.03125,165.78125,164.8125,165.75,499074
2021-08-25,163.9375,165.15625,163.75,164.84375,777598
2021-08-26,164.0625,164.1875,163.34375,163.96875,781214
2021-08-27,164.5,164.8125,163.8125,163.875,409415
2021-08-30,165.03125,165.21875,164.4375,164.5625,160873
2021-08-31,164.53125,165.375,164.28125,165.0625,32875
2021-09-01,164.78125,165.15625,164.0625,164.4375,20069
2021-09-02,164.96875,165.1875,164.71875,164.875,4008
2021-09-03,164.46875,165.3125,164.09375,165.09375,2046
2021-09-07,163.46875,164.3125,163.1875,164.3125,982
2021-09-08,164.15625,164.25,163.375,163.40625,1463
2021-09-09,165.125,165.34375,164.0,164.03125,269
2021-09-10,164.28125,164.9375,164.03125,164.9375,1486
2021-09-13,164.71875,164.78125,164.15625,164.1875,1687
2021-09-14,165.875,166.1875,164.1875,164.5,1466
2021-09-15,165.40625,166.21875,165.09375,165.65625,1175
2021-09-16,164.96875,165.40625,164.59375,165.21875,1304
2021-09-17,164.15625,164.96875,163.875,164.96875,335
2021-09-20,165.4375,165.6875,164.4375,164.46875,644
2021-09-21,165.375,165.5,164.8125,165.40625,394670
2021-09-22,163.75,164.5,163.375,163.71875,402110
2021-09-23,162.15625,164.46875,161.625,164.46875,589960
2021-09-24,160.96875,162.21875,160.84375,161.75,499382
2021-09-27,160.6875,161.25,159.84375,161.0,455643
2021-09-28,159.3125,160.8125,158.71875,160.5625,573118
2021-09-29,159.09375,160.09375,158.6875,159.0625,520350
2021-09-30,159.21875,160.09375,158.8125,159.5625,533500
2021-10-01,160.34375,160.46875,159.5625,159.96875,469125
2021-10-04,160.125,160.625,159.46875,160.4375,422425
2021-10-05,159.15625,160.375,158.96875,160.09375,371994
2021-10-06,159.46875,159.78125,158.1875,159.125,483801
2021-10-07,158.4375,159.75,158.3125,159.4375,359160
2021-10-08,157.75,158.65625,157.5,158.375,510387
2021-10-11,157.46875,157.71875,157.09375,157.59375,110599
2021-10-12,158.5625,158.9375,157.40625,157.5,397231
2021-10-13,159.65625,159.9375,158.4375,158.65625,518914
2021-10-14,160.09375,160.34375,159.1875,159.84375,356978
2021-10-15,159.375,160.25,159.09375,160.21875,328195
2021-10-18,159.5625,159.71875,158.65625,159.40625,431292
2021-10-19,158.28125,159.78125,158.0625,159.1875,371377
2021-10-20,158.125,158.46875,157.5625,158.21875,499345
2021-10-21,157.75,158.15625,157.21875,157.65625,475287
2021-10-22,158.28125,158.75,157.25,157.25,408127
2021-10-25,158.53125,158.78125,157.75,158.59375,299913
2021-10-26,158.96875,159.21875,158.25,158.53125,309536
2021-10-27,160.96875,161.15625,158.75,159.15625,617072
2021-10-28,160.5,161.25,160.09375,160.65625,583559
2021-10-29,160.84375,161.21875,159.46875,160.15625,687400
2021-11-01,160.375,161.0,159.8125,160.8125,402941
2021-11-02,160.78125,161.15625,160.34375,160.59375,357737
2021-11-03,160.46875,161.4375,159.5625,160.65625,415256
2021-11-04,161.15625,161.5,159.5625,159.65625,420773
2021-11-05,162.875,163.125,160.6875,161.03125,484390
2021-11-08,162.28125,162.78125,162.125,162.65625,295989
2021-11-09,163.71875,164.03125,162.28125,162.3125,446702
2021-11-10,162.125,163.71875,161.28125,163.6875,583472
2021-11-11,161.78125,162.375,161.65625,162.15625,92382
2021-11-12,161.375,162.25,161.1875,161.75,326066
2021-11-15,160.25,162.0625,160.03125,161.65625,354234
2021-11-16,160.0,160.71875,159.71875,160.375,376639
2021-11-17,160.4375,160.9375,159.59375,159.84375,398244
2021-11-18,160.9375,161.15625,160.40625,160.71875,356036
2021-11-19,161.8125,162.125,160.5,160.90625,525495
2021-11-22,160.3125,161.84375,160.15625,161.65625,886770
2021-11-23,159.375,160.53125,158.96875,160.40625,890024
2021-11-24,160.0,160.28125,158.90625,159.28125,594958
2021-11-26,162.875,163.03125,159.875,160.15625,430158
2021-11-29,162.0,162.6875,161.4375,162.6875,222320
2021-11-30,163.6875,163.9375,162.0625,162.5,24724
2021-12-01,163.9375,164.59375,162.625,163.46875,10955
2021-12-02,163.90625,164.65625,163.59375,164.40625,12419
2021-12-03,165.71875,165.84375,163.46875,163.8125,4321
2021-12-06,164.09375,165.53125,163.90625,165.53125,2238
2021-12-07,163.46875,164.25,163.3125,164.15625,605
2021-12-08,162.375,164.34375,162.0,163.71875,641
2021-12-09,162.84375,163.03125,162.0,162.1875,617
2021-12-10,162.875,163.5,162.40625,162.625,862
2021-12-13,164.03125,164.28125,162.71875,162.71875,348
2021-12-14,163.78125,164.1875,163.09375,163.96875,522
2021-12-15,163.3125,163.90625,163.0,163.8125,2214
2021-12-16,163.6875,163.84375,162.875,163.375,422
2021-12-17,164.125,164.40625,163.5,163.59375,260
2021-12-20,163.53125,164.8125,163.40625,164.34375,328
2021-12-21,161.9375,164.03125,161.90625,163.5,362961
2021-12-22,161.375,161.59375,160.875,161.21875,233203
2021-12-23,160.46875,161.5625,160.34375,161.40625,210000
2021-12-27,160.75,160.90625,160.53125,160.53125,120221
2021-12-28,160.65625,161.34375,160.40625,160.71875,149930
2021-12-29,159.375,160.875,159.03125,160.625,258601
2021-12-30,159.875,160.125,159.125,159.21875,203091
2021-12-31,160.4375,160.5625,159.6875,159.90625,196041
2022-01-03,157.90625,160.15625,157.5,160.0,349493
2022-01-04,156.8125,158.0625,156.40625,157.8125,441225
2022-01-05,156.375,157.3125,156.15625,157.09375,381494
2022-01-06,155.9375,156.625,155.46875,156.1875,390836
2022-01-07,155.125,156.375,154.625,156.125,461643
2022-01-10,155.34375,155.8125,154.59375,155.15625,377234
2022-01-11,155.9375,156.09375,155.28125,155.59375,340686
2022-01-12,156.03125,156.53125,155.65625,156.0625,337524
2022-01-13,156.53125,156.875,155.5625,155.75,323021
2022-01-14,155.34375,156.59375,154.96875,156.5625,408720
2022-01-18,153.6875,155.03125,153.5,155.03125,558559
2022-01-19,154.5625,154.59375,153.21875,153.65625,469861
2022-01-20,154.46875,154.96875,153.5625,153.75,272441
2022-01-21,155.9375,156.25,154.78125,154.9375,420863
2022-01-24,155.90625,156.59375,155.21875,155.6875,419035
2022-01-25,155.25,156.28125,154.84375,155.3125,371532
2022-01-26,154.34375,155.5625,153.90625,155.4375,320960
2022-01-27,155.40625,155.84375,154.15625,154.21875,388862
2022-01-28,155.75,155.9375,154.46875,155.375,336459
2022-01-31,155.625,155.9375,154.96875,155.59375,377257
2022-02-01,155.3125,156.3125,154.78125,155.53125,321344
2022-02-02,156.0,156.53125,155.09375,155.34375,314272
2022-02-03,154.90625,156.15625,154.28125,155.75,392186
2022-02-04,153.25,155.40625,153.0625,154.75,399019
2022-02-07,153.5,153.9375,153.0625,153.4375,266063
2022-02-08,152.78125,153.5625,152.4375,153.46875,268989
2022-02-09,153.28125,153.78125,152.5625,152.65625,285012
2022-02-10,151.65625,153.34375,151.0625,152.96875,540121
2022-02-11,152.65625,153.21875,150.8125,151.46875,538683
2022-02-14,151.75,153.46875,151.125,152.75,457124
2022-02-15,150.75,152.21875,150.5625,151.90625,323621
2022-02-16,150.84375,151.5,150.375,150.75,391691
2022-02-17,151.96875,152.53125,150.90625,150.9375,421171
2022-02-18,153.03125,153.28125,151.625,152.125,370383
2022-02-22,152.96875,154.4375,152.53125,153.25,854219
2022-02-23,152.5625,153.375,152.0625,153.09375,950229
2022-02-24,152.4375,154.8125,152.21875,152.28125,931968
2022-02-25,152.25,153.21875,151.65625,152.46875,206639
2022-02-28,154.59375,155.1875,153.15625,153.28125,40728
2022-03-01,157.03125,157.46875,154.375,154.78125,9136
2022-03-02,154.5625,156.875,153.8125,156.75,3861
2022-03-03,154.90625,155.1875,154.21875,154.71875,1764
2022-03-04,157.21875,157.46875,155.4375,156.78125,2218
2022-03-07,157.625,157.78125,156.28125,157.65625,2594
2022-03-08,155.09375,157.0,155.0625,157.0,345
2022-03-09,153.6875,155.34375,153.6875,155.34375,962
2022-03-10,152.8125,154.03125,152.5,153.8125,493
2022-03-11,153.15625,153.78125,153.15625,153.34375,95
2022-03-14,150.71875,152.625,150.71875,152.625,864
2022-03-15,150.125,151.5625,150.125,151.25,849
2022-03-16,150.15625,150.28125,149.875,150.25,122
2022-03-17,149.8125,150.9375,148.9375,150.90625,375
2022-03-18,150.78125,150.875,149.96875,150.4375,23
2022-03-21,148.09375,149.40625,148.09375,149.3125,175
2022-03-22,146.96875,147.0625,146.4375,146.8125,322346
2022-03-23,149.53125,150.25,147.65625,148.34375,345023
2022-03-24,149.34375,150.03125,148.21875,150.0,279531
2022-03-25,147.0625,149.46875,146.625,148.75,336257
2022-03-28,147.625,148.65625,146.3125,147.25,328111
2022-03-29,148.9375,149.3125,146.8125,147.90625,337410
2022-03-30,149.4375,150.03125,148.1875,149.09375,310166
2022-03-31,150.0625,150.40625,149.3125,149.53125,405107
2022-04-01,149.8125,150.0625,147.90625,149.9375,391832
2022-04-04,148.875,149.65625,148.40625,149.46875,288810
2022-04-05,146.40625,149.34375,146.21875,149.125,307287
2022-04-06,145.4375,146.6875,144.75,146.59375,384553
2022-04-07,144.25,146.125,143.875,145.5625,372556
2022-04-08,143.15625,144.84375,142.8125,144.28125,322365
2022-04-11,142.0625,143.25,141.84375,143.125,333077
2022-04-12,142.4375,143.25,141.1875,142.0,367750
2022-04-13,143.1875,143.625,141.34375,142.40625,357329
2022-04-14,141.0625,143.65625,140.75,142.84375,334679
2022-04-18,140.1875,141.09375,140.0,140.9375,206130
2022-04-19,139.46875,140.5625,138.96875,140.21875,323115
2022-04-20,141.03125,141.40625,138.4375,139.125,368716
2022-04-21,140.0625,141.25,139.28125,141.15625,371377
2022-04-22,140.09375,140.9375,139.3125,139.96875,302419
2022-04-25,141.53125,142.375,139.875,140.125,326285
2022-04-26,142.4375,143.28125,141.0,141.4375,327726
2022-04-27,141.53125,143.28125,141.28125,143.0625,330754
2022-04-28,141.21875,141.96875,140.375,141.3125,328690
2022-04-29,140.6875,141.90625,139.84375,141.75,455460
2022-05-02,139.09375,140.46875,138.90625,139.84375,298190
2022-05-03,140.0,140.75,139.03125,139.34375,290850
2022-05-04,140.15625,140.53125,138.90625,139.65625,410156
2022-05-05,137.28125,140.09375,136.59375,139.59375,471258
2022-05-06,136.3125,137.90625,136.0,137.71875,366495
2022-05-09,136.9375,137.75,134.9375,136.21875,405667
2022-05-10,138.59375,139.46875,137.125,137.53125,379740
2022-05-11,139.625,139.875,137.21875,138.40625,467862
2022-05-12,140.9375,141.09375,139.4375,139.5,451239
2022-05-13,139.09375,140.625,138.875,140.59375,273991
2022-05-16,139.90625,140.40625,138.78125,139.03125,304067
2022-05-17,138.65625,139.8125,138.1875,139.625,348422
2022-05-18,140.3125,140.53125,137.9375,138.40625,426795
2022-05-19,140.59375,142.0625,139.71875,140.21875,481981
2022-05-20,141.78125,142.03125,140.21875,140.9375,458458
2022-05-23,140.3125,141.6875,140.03125,141.6875,431874
2022-05-24,141.90625,142.5,140.21875,140.46875,806137
2022-05-25,141.84375,142.6875,141.46875,141.9375,733561
2022-05-26,141.6875,142.5625,140.96875,141.8125,429911
2022-05-27,141.9375,142.6875,141.53125,141.75,148561
2022-05-31,140.4375,142.03125,139.6875,141.90625,24950
2022-06-01,139.625,141.0,139.25,140.40625,12731
2022-06-02,139.75,140.34375,139.1875,139.90625,5827
2022-06-03,139.1875,139.875,138.5,139.625,8178
2022-06-06,137.71875,139.4375,137.53125,139.375,3813
2022-06-07,139.0,139.125,137.5,137.6875,2210
2022-06-08,138.0,138.78125,137.8125,138.78125,897
2022-06-09,138.09375,138.28125,137.3125,137.96875,1729
2022-06-10,136.65625,139.1875,136.375,137.96875,666
2022-06-13,133.59375,136.8125,132.75,136.5,4253
2022-06-14,132.375,134.3125,132.28125,133.6875,1248
2022-06-15,133.40625,133.9375,132.875,133.0625,7022
2022-06-16,134.65625,135.53125,132.625,132.625,1892
2022-06-17,135.8125,136.46875,134.875,134.875,83
2022-06-21,134.59375,137.46875,134.59375,136.5,314431
2022-06-22,135.96875,136.3125,133.6875,133.84375,373302
2022-06-23,137.09375,137.90625,135.75,135.8125,464294
2022-06-24,136.03125,137.5,135.78125,136.78125,293386
2022-06-27,135.3125,136.1875,134.78125,135.9375,238645
2022-06-28,135.15625,135.71875,134.25,135.125,231757
2022-06-29,136.9375,136.96875,135.40625,135.53125,250920
2022-06-30,138.625,138.6875,136.5625,136.8125,426307
2022-07-01,139.34375,141.34375,137.8125,137.96875,422195
2022-07-05,141.15625,141.53125,138.1875,139.4375,382316
2022-07-06,139.78125,142.1875,139.375,141.1875,391497
2022-07-07,138.40625,140.0,138.1875,139.53125,285827
2022-07-08,136.84375,138.90625,136.78125,138.46875,275352
2022-07-11,138.71875,138.96875,136.75,136.9375,222203
2022-07-12,139.34375,140.375,138.5625,138.625,274349
2022-07-13,140.34375,140.4375,137.5625,138.96875,456406
2022-07-14,139.5625,140.21875,138.53125,139.6875,358712
2022-07-15,140.03125,140.65625,139.34375,139.40625,279785
2022-07-18,139.25,140.4375,138.375,140.03125,241099
2022-07-19,138.5625,139.28125,138.03125,138.71875,237476
2022-07-20,138.5,139.78125,138.28125,138.375,253950
2022-07-21,140.34375,140.84375,137.71875,138.5625,353535
2022-07-22,142.0625,143.0,140.4375,140.78125,337937
2022-07-25,141.40625,142.65625,140.96875,142.625,230650
2022-07-26,142.125,143.34375,141.625,141.8125,252837
2022-07-27,142.75,143.0625,141.46875,141.75,253009
2022-07-28,143.15625,143.84375,141.21875,141.78125,353282
2022-07-29,144.0,144.375,142.3125,143.15625,408529
2022-08-01,144.6875,145.0,142.90625,143.5625,305809
2022-08-02,142.96875,145.96875,142.28125,144.90625,416566
2022-08-03,142.84375,143.65625,141.15625,142.625,321360
2022-08-04,143.6875,144.25,142.90625,143.46875,275774
2022-08-05,141.21875,143.84375,140.59375,143.46875,305001
2022-08-08,142.5625,142.90625,141.0,141.21875,191710
2022-08-09,142.375,142.84375,141.8125,142.65625,175945
2022-08-10,141.9375,144.0625,141.71875,142.5625,338583
2022-08-11,140.0,142.84375,139.75,141.96875,353754
2022-08-12,140.59375,140.84375,139.5,139.78125,227205
2022-08-15,141.53125,142.09375,140.40625,140.71875,207710
2022-08-16,141.21875,141.84375,140.09375,141.59375,220726
2022-08-17,140.3125,141.46875,139.875,141.34375,277200
2022-08-18,140.4375,141.15625,139.96875,140.125,246628
2022-08-19,138.46875,140.53125,138.21875,140.46875,275576
2022-08-22,137.90625,139.125,137.78125,138.6875,243437
2022-08-23,137.5,138.6875,137.09375,138.09375,423991
2022-08-24,136.4375,137.875,136.15625,137.46875,671196
2022-08-25,137.8125,137.90625,136.0,136.375,608896
2022-08-26,137.6875,138.25,136.8125,137.71875,465680
2022-08-29,136.5625,137.625,136.25,137.59375,302588
2022-08-30,136.78125,137.4375,136.09375,136.59375,120285
2022-08-31,136.40625,136.96875,135.53125,136.6875,20076
2022-09-01,134.125,135.65625,133.6875,135.625,10913
2022-09-02,135.15625,135.25,133.78125,134.25,7929
2022-09-06,133.0,135.0,132.6875,135.0,6525
2022-09-07,134.1875,134.375,132.8125,132.8125,3786
2022-09-08,133.8125,134.78125,133.40625,134.03125,5122
2022-09-09,133.46875,134.3125,133.28125,133.40625,569
2022-09-12,132.84375,134.125,132.84375,133.40625,944
2022-09-13,132.375,133.5625,131.75,132.875,4422
2022-09-14,132.4375,132.90625,132.125,132.28125,84
2022-09-15,131.875,132.34375,131.84375,132.0625,4173
2022-09-16,131.625,131.71875,130.96875,131.625,413
2022-09-19,131.375,131.40625,130.8125,131.375,1063
2022-09-20,130.28125,130.96875,129.875,130.96875,1089
2022-09-21,130.21875,131.03125,130.21875,130.3125,349256
2022-09-22,128.21875,131.0,128.03125,130.5,408436
2022-09-23,128.78125,129.375,126.90625,128.25,431286
2022-09-26,126.5,128.96875,125.75,128.96875,429772
2022-09-27,124.8125,127.21875,124.40625,125.84375,466759
2022-09-28,127.6875,127.875,123.9375,125.0,570998
2022-09-29,127.0625,127.5625,125.6875,127.125,392777
2022-09-30,126.40625,128.03125,126.0,126.4375,506181
2022-10-03,128.3125,129.3125,126.09375,126.15625,384807
2022-10-04,128.65625,129.375,128.125,128.40625,322796
2022-10-05,126.78125,128.6875,126.34375,128.40625,318037
2022-10-06,126.28125,127.28125,125.875,126.875,292241
2022-10-07,125.53125,126.40625,125.0625,126.28125,272038
2022-10-10,124.15625,125.8125,123.65625,125.5,103760
2022-10-11,124.65625,125.5,123.71875,124.21875,293725
2022-10-12,125.15625,125.34375,123.875,124.375,319504
2022-10-13,124.5625,125.875,122.875,125.21875,431969
2022-10-14,123.71875,125.96875,123.4375,124.75,374956
2022-10-17,123.375,124.875,123.1875,123.625,221788
2022-10-18,123.5625,123.96875,122.375,123.34375,308745
2022-10-19,121.90625,123.46875,121.71875,123.34375,329457
2022-10-20,120.4375,122.1875,120.15625,121.84375,312646
2022-10-21,119.125,120.46875,118.1875,120.40625,580764
2022-10-24,118.3125,120.0625,117.59375,118.9375,377199
2022-10-25,120.0625,120.6875,118.15625,118.21875,330413
2022-10-26,121.46875,121.71875,120.03125,120.09375,320072
2022-10-27,122.34375,122.78125,120.65625,121.6875,330059
2022-10-28,121.25,122.625,120.90625,122.46875,321412
2022-10-31,120.5,121.25,120.09375,121.03125,404588
2022-11-01,121.03125,122.875,120.78125,121.0,322513
2022-11-02,120.71875,121.96875,120.125,121.28125,326666
2022-11-03,120.3125,120.46875,118.6875,120.28125,324086
2022-11-04,119.4375,120.28125,118.84375,119.9375,279106
2022-11-07,118.53125,120.0,118.3125,119.5625,223011
2022-11-08,119.9375,120.03125,118.09375,118.4375,263362
2022-11-09,119.65625,120.75,119.15625,119.90625,296803
2022-11-10,124.125,124.3125,119.9375,120.375,507746
2022-11-11,123.8125,124.15625,123.0625,124.09375,134362
2022-11-14,123.65625,123.9375,122.875,123.34375,274906
2022-11-15,124.53125,125.15625,123.5,123.84375,355803
2022-11-16,126.40625,126.6875,124.0625,124.75,332498
2022-11-17,125.84375,126.84375,125.1875,126.53125,356445
2022-11-18,125.4375,126.375,125.28125,125.90625,245807
2022-11-21,125.46875,126.40625,125.21875,125.40625,429664
2022-11-22,126.625,126.84375,125.3125,125.375,843200
2022-11-23,127.625,127.875,126.3125,126.6875,556348
2022-11-25,127.59375,128.59375,127.125,127.65625,243727
2022-11-28,127.40625,128.6875,127.28125,127.59375,374550
2022-11-29,126.71875,128.1875,126.40625,127.59375,125341
2022-11-30,127.03125,128.3125,126.0625,126.71875,14765
2022-12-01,129.5625,129.84375,127.8125,128.15625,7559
2022-12-02,129.84375,130.28125,128.34375,129.625,1725
2022-12-05,128.875,129.875,128.5,129.65625,2500
2022-12-06,130.46875,130.46875,129.1875,129.25,318
2022-12-07,131.96875,131.96875,129.9375,130.4375,688
2022-12-08,131.03125,131.625,131.03125,131.625,97
2022-12-09,129.9375,131.25,129.59375,131.25,129
2022-12-12,129.71875,130.8125,129.71875,130.21875,557
2022-12-13,131.25,132.3125,129.78125,129.78125,352
2022-12-14,131.15625,131.65625,131.15625,131.625,307
2022-12-15,132.125,132.125,132.125,132.125,2
2022-12-16,131.21875,132.09375,131.0,132.09375,82
2022-12-19,129.84375,130.875,129.46875,130.78125,82
2022-12-20,128.25,128.65625,127.09375,128.40625,311227
2022-12-21,128.15625,128.9375,127.59375,128.125,232284
2022-12-22,128.4375,128.875,128.0,128.4375,170765
2022-12-23,127.15625,128.28125,127.09375,128.25,168148
2022-12-27,125.3125,127.46875,125.28125,127.34375,182645
2022-12-28,124.90625,125.96875,124.6875,125.46875,179049
2022-12-29,125.5,125.75,124.625,124.90625,159477
2022-12-30,125.34375,125.65625,124.34375,125.59375,274460
2023-01-03,126.21875,127.1875,125.09375,125.5,321925
2023-01-04,127.5,128.125,126.53125,126.75,318933
2023-01-05,127.53125,127.8125,126.46875,127.5,253816
2023-01-06,129.21875,129.5,126.84375,127.5,392821
2023-01-09,129.90625,130.03125,128.5,129.15625,304125
2023-01-10,128.21875,129.84375,127.9375,129.59375,281414
2023-01-11,129.09375,129.5,128.125,128.21875,295424
2023-01-12,130.65625,130.96875,127.9375,129.1875,467713
2023-01-13,130.0,131.3125,129.84375,130.5625,312427
2023-01-17,129.71875,130.1875,128.75,130.0625,297548
2023-01-18,132.0625,132.28125,129.4375,129.5,508870
2023-01-19,131.75,132.96875,131.28125,132.0625,310173
2023-01-20,130.46875,131.84375,130.09375,131.8125,308147
2023-01-23,129.84375,130.75,129.5625,130.53125,237193
2023-01-24,130.84375,131.125,129.5,130.03125,271907
2023-01-25,130.8125,131.65625,130.5,131.15625,298348
2023-01-26,130.40625,131.25,130.0,131.1875,276422
2023-01-27,130.15625,130.40625,129.3125,130.28125,233597
2023-01-30,129.78125,130.5,129.375,130.28125,276531
2023-01-31,129.875,130.59375,129.46875,129.84375,442628
2023-02-01,131.65625,131.875,129.96875,130.1875,438963
2023-02-02,131.78125,132.6875,131.25,131.40625,389642
2023-02-03,130.0625,132.28125,129.59375,131.8125,406572
2023-02-06,129.0,130.0625,128.75,130.03125,313051
2023-02-07,128.40625,129.34375,128.15625,129.03125,370631
2023-02-08,128.34375,128.90625,127.875,128.28125,317279
2023-02-09,127.875,129.40625,127.78125,128.90625,327929
2023-02-10,126.9375,128.09375,126.8125,128.03125,288797
2023-02-13,127.375,127.65625,126.71875,126.9375,253669
2023-02-14,126.96875,128.8125,126.4375,127.5625,407830
2023-02-15,126.21875,127.59375,126.0,127.3125,420831
2023-02-16,125.5625,126.625,125.1875,126.21875,403013
2023-02-17,125.78125,126.0,124.4375,125.3125,311605
2023-02-21,124.09375,125.9375,124.03125,125.84375,577395
2023-02-22,124.5625,124.9375,123.9375,124.15625,905401
2023-02-23,125.09375,125.375,123.8125,124.65625,780098
2023-02-24,123.875,125.375,123.5625,124.96875,452036
2023-02-27,124.21875,124.53125,123.4375,123.9375,188124
2023-02-28,124.125,124.375,123.25,124.1875,25643
2023-03-01,123.1875,124.21875,122.9375,124.0625,8577
2023-03-02,122.21875,123.0,121.84375,123.0,4513
2023-03-03,123.84375,123.96875,122.09375,122.25,5586
2023-03-06,123.59375,124.75,123.59375,124.1875,389
2023-03-07,124.0,124.5,123.78125,123.8125,8076
2023-03-08,124.1875,124.9375,123.75,123.8125,1362
2023-03-09,124.71875,124.875,123.84375,123.84375,2135
2023-03-10,128.03125,128.28125,125.6875,126.09375,2971
2023-03-13,130.125,131.3125,127.15625,129.0,609
2023-03-14,128.59375,129.0,128.59375,129.0,13
2023-03-15,130.21875,131.6875,128.3125,128.375,1030
2023-03-16,129.15625,131.25,129.15625,131.25,83
2023-03-17,131.28125,131.28125,130.78125,130.78125,20
2023-03-20,130.0,130.75,130.0,130.75,6
2023-03-21,128.71875,130.75,128.4375,130.75,20
2023-03-22,129.03125,129.03125,128.84375,128.9375,376053
2023-03-23,131.78125,132.25,130.4375,131.71875,371247
2023-03-24,132.34375,133.28125,131.1875,131.375,401320
2023-03-27,130.34375,132.59375,130.15625,132.5625,251086
2023-03-28,129.9375,130.78125,129.8125,130.34375,232730
2023-03-29,129.8125,130.21875,129.1875,129.9375,240216
2023-03-30,130.15625,130.34375,129.40625,129.8125,232894
2023-03-31,131.15625,131.53125,129.6875,130.28125,327380
2023-04-03,131.9375,132.4375,130.375,131.15625,267301
2023-04-04,133.125,133.21875,131.15625,132.15625,257343
2023-04-05,134.0625,134.21875,132.75,132.9375,285089
2023-04-06,134.09375,134.4375,133.65625,133.71875,203681
2023-04-10,132.5625,133.59375,132.1875,133.09375,154935
2023-04-11,132.375,133.0,132.03125,132.5625,187337
2023-04-12,132.15625,133.46875,131.46875,132.40625,282974
2023-04-13,131.8125,133.03125,131.6875,132.6875,261161
2023-04-14,130.71875,132.0625,130.5625,131.84375,262804
2023-04-17,129.75,130.96875,129.53125,130.8125,227473
2023-04-18,130.03125,130.3125,129.46875,129.625,209766
2023-04-19,129.71875,130.03125,129.125,129.96875,280984
2023-04-20,130.3125,130.71875,129.625,129.65625,236599
2023-04-21,129.90625,130.9375,129.75,130.4375,209712
2023-04-24,130.75,131.03125,129.8125,129.8125,167697
2023-04-25,132.375,132.625,130.9375,130.96875,312908
2023-04-26,131.71875,132.65625,131.40625,132.21875,282777
2023-04-27,130.40625,131.625,130.21875,131.46875,277422
2023-04-28,131.65625,132.125,130.0625,130.4375,386405
2023-05-01,129.65625,131.8125,129.0625,131.8125,308559
2023-05-02,131.4375,131.75,129.59375,129.6875,351405
2023-05-03,131.875,132.90625,131.5,131.625,339588
2023-05-04,132.125,133.0,131.4375,132.9375,391121
2023-05-05,130.96875,131.9375,130.40625,131.78125,237632
2023-05-08,129.875,131.40625,129.8125,131.15625,217752
2023-05-09,129.6875,130.5,129.5625,130.0,234937
2023-05-10,130.6875,130.90625,129.59375,129.71875,277924
2023-05-11,131.53125,132.25,130.53125,130.6875,345271
2023-05-12,130.71875,131.9375,130.53125,131.5625,227827
2023-05-15,129.78125,130.75,129.625,130.59375,264149
2023-05-16,129.125,130.375,128.6875,129.75,398789
2023-05-17,128.78125,129.65625,128.6875,129.21875,365015
2023-05-18,127.90625,129.28125,127.78125,129.0,359494
2023-05-19,127.15625,128.1875,126.8125,127.9375,381461
2023-05-22,126.78125,127.75,126.625,127.4375,347273
2023-05-23,126.9375,127.09375,126.1875,126.75,632000
2023-05-24,126.5625,127.4375,126.1875,127.0,725321
2023-05-25,125.53125,126.5,125.375,126.25,597813
2023-05-26,125.625,126.125,124.96875,125.46875,362720
2023-05-30,127.1875,127.46875,125.40625,125.84375,215452
2023-05-31,128.0625,128.40625,127.125,127.125,34763
2023-06-01,128.59375,129.5,127.59375,128.0625,13319
2023-06-02,127.6875,128.75,127.59375,128.75,7928
2023-06-05,127.6875,127.90625,126.59375,127.5,1835
2023-06-06,127.71875,128.15625,127.3125,127.75,1294
2023-06-07,126.3125,127.6875,126.1875,127.5625,117
2023-06-08,127.46875,127.46875,125.75,126.28125,79
2023-06-09,127.34375,127.4375,126.78125,127.09375,79
2023-06-12,126.96875,127.4375,126.53125,126.625,4676
2023-06-13,126.0625,128.03125,126.0,127.5625,175
2023-06-14,126.9375,127.0,126.5,126.5,2105
2023-06-15,127.75,128.0625,126.46875,126.53125,769
2023-06-16,127.34375,127.5,127.0,127.0,137
2023-06-20,128.25,128.5,126.75,126.875,158
2023-06-21,127.8125,128.1875,126.96875,128.1875,308858
2023-06-22,127.0,128.3125,126.84375,128.125,286811
2023-06-23,127.90625,128.625,127.0,127.0625,336623
2023-06-26,128.09375,128.8125,127.84375,127.9375,261873
2023-06-27,127.5625,128.5625,127.375,128.0,303061
2023-06-28,128.25,128.40625,127.4375,127.5625,290382
2023-06-29,126.15625,128.3125,125.9375,128.25,436760
2023-06-30,126.90625,127.21875,125.65625,126.34375,489824
2023-07-03,126.625,127.75,126.40625,126.75,258015
2023-07-05,125.25,127.0,125.15625,126.78125,394262
2023-07-06,124.03125,125.53125,123.59375,125.5,414981
2023-07-07,123.75,124.46875,123.25,124.15625,387043
2023-07-10,124.0625,124.34375,122.9375,123.53125,306741
2023-07-11,124.375,124.75,123.96875,124.0625,241585
2023-07-12,125.78125,126.0,124.40625,124.46875,385450
2023-07-13,127.0,127.0625,125.5,125.65625,423031
2023-07-14,126.4375,127.1875,126.21875,126.875,280458
2023-07-17,126.5625,127.125,126.03125,126.25,229674
2023-07-18,126.78125,127.375,126.40625,126.4375,268887
2023-07-19,127.6875,127.75,126.6875,126.78125,351095
2023-07-20,126.1875,127.625,125.90625,127.53125,339469
2023-07-21,126.375,126.9375,126.125,126.25,246024
2023-07-24,126.15625,127.0625,125.90625,126.25,255922
2023-07-25,125.53125,126.1875,125.3125,125.96875,281462
2023-07-26,126.1875,126.3125,125.5,125.84375,292646
2023-07-27,123.875,126.3125,123.65625,125.9375,475993
2023-07-28,124.25,124.65625,123.28125,124.0,397043
2023-07-31,124.4375,124.875,123.8125,124.4375,409545
2023-08-01,122.96875,124.625,122.8125,124.46875,385474
2023-08-02,122.28125,123.40625,121.625,123.0625,485621
2023-08-03,120.34375,122.25,120.09375,122.15625,603295
2023-08-04,122.0,122.28125,119.78125,120.5625,496840
2023-08-07,121.5625,122.15625,121.03125,122.125,294889
2023-08-08,122.4375,123.15625,121.375,121.40625,347466
2023-08-09,122.75,123.03125,122.1875,122.375,265765
2023-08-10,121.6875,123.6875,121.28125,122.8125,448563
2023-08-11,120.75,121.625,120.65625,121.34375,341338
2023-08-14,120.6875,121.28125,120.1875,120.78125,272514
2023-08-15,120.09375,120.71875,119.4375,120.5625,337608
2023-08-16,119.375,120.59375,119.09375,120.1875,385904
2023-08-17,118.65625,119.59375,118.4375,119.46875,383991
2023-08-18,119.21875,119.875,118.84375,119.0,323477
2023-08-21,117.875,119.3125,117.65625,119.21875,431827
2023-08-22,118.34375,118.5,117.5625,117.9375,379429
2023-08-23,120.21875,120.46875,118.375,118.40625,569778
2023-08-24,119.84375,120.71875,119.6875,120.28125,812118
2023-08-25,119.75,120.28125,119.15625,119.8125,682709
2023-08-28,119.9375,120.4375,119.59375,119.875,602477
2023-08-29,121.09375,121.375,119.59375,120.09375,441348
2023-08-30,121.125,121.59375,120.59375,121.15625,92154
2023-08-31,121.5625,121.84375,121.09375,121.25,5921
2023-09-01,120.25,121.8125,119.875,121.34375,4687
2023-09-05,119.03125,120.09375,118.90625,120.09375,2127
2023-09-06,119.125,119.46875,118.875,119.15625,5337
2023-09-07,119.28125,119.46875,118.75,119.0,3334
2023-09-08,119.5,120.03125,119.4375,119.46875,346
2023-09-11,119.03125,119.5,118.90625,119.5,104
2023-09-12,119.375,119.40625,118.96875,119.09375,183
2023-09-13,119.625,119.65625,118.8125,119.25,496
2023-09-14,119.03125,119.78125,119.03125,119.6875,216
2023-09-15,118.59375,118.96875,118.4375,118.96875,43
2023-09-18,118.875,119.09375,118.34375,118.34375,30
2023-09-19,118.375,119.0,118.375,118.75,138
2023-09-20,119.21875,119.28125,118.46875,118.9375,380385
2023-09-21,116.28125,117.875,115.90625,117.875,629981
2023-09-22,116.90625,117.09375,115.71875,115.9375,441258
2023-09-25,114.84375,117.0,114.6875,116.9375,513762
2023-09-26,114.375,115.71875,114.3125,115.0,551069
2023-09-27,113.5,115.46875,113.34375,114.6875,687279
2023-09-28,113.5,113.96875,112.3125,113.6875,801310
2023-09-29,113.78125,114.75,113.375,113.78125,795476
2023-10-02,112.375,113.75,111.96875,113.75,540084
2023-10-03,110.65625,112.75,110.5,112.5625,706905
2023-10-04,111.5,111.84375,109.625,110.75,778418
2023-10-05,111.40625,111.90625,110.71875,111.5625,501130
2023-10-06,110.46875,111.4375,108.90625,111.3125,710699
2023-10-09,112.03125,112.25,110.34375,110.5625,196842
2023-10-10,112.0625,112.59375,110.9375,112.0,506124
2023-10-11,113.375,113.9375,111.96875,112.0,649075
2023-10-12,111.46875,114.3125,111.21875,113.84375,670937
2023-10-13,112.78125,113.4375,111.625,111.65625,484080
2023-10-16,111.34375,112.84375,111.1875,112.84375,368500
2023-10-17,110.0,111.53125,109.53125,111.4375,561444
2023-10-18,109.28125,110.375,108.78125,110.25,533800
2023-10-19,107.84375,109.46875,107.6875,109.09375,619532
2023-10-20,108.46875,108.875,107.53125,107.84375,518009
2023-10-23,109.96875,110.25,107.125,108.0625,648591
2023-10-24,110.0,110.5,109.25,109.75,526442
2023-10-25,108.40625,110.5,108.28125,110.28125,506995
2023-10-26,109.875,109.96875,107.875,108.40625,596519
2023-10-27,109.5,109.84375,108.9375,109.78125,394682
2023-10-30,109.28125,109.8125,108.5,109.6875,441993
2023-10-31,109.4375,110.375,108.5625,109.0,725179
2023-11-01,110.4375,111.1875,108.59375,108.65625,708731
2023-11-02,112.5,112.96875,110.96875,111.15625,705756
2023-11-03,113.65625,114.84375,112.375,112.6875,715888
2023-11-06,112.46875,113.4375,112.375,113.40625,416950
2023-11-07,113.96875,114.34375,112.46875,112.75,457728
2023-11-08,114.8125,115.375,113.46875,114.0,494936
2023-11-09,112.96875,115.375,112.375,115.25,695153
2023-11-10,113.375,114.03125,112.6875,113.15625,450035
2023-11-13,113.28125,113.40625,112.375,113.09375,340051
2023-11-14,115.4375,115.71875,112.9375,113.125,578890
2023-11-15,114.25,115.71875,113.9375,115.25,540684
2023-11-16,115.3125,115.5625,114.1875,114.25,461014
2023-11-17,115.40625,116.15625,114.84375,115.28125,445292
2023-11-20,115.8125,116.0625,114.6875,115.3125,512825
2023-11-21,115.625,116.4375,115.25,115.78125,663042
2023-11-22,115.875,116.5,115.46875,115.9375,744893
2023-11-23,115.4375,116.25,115.25,115.9375,744893
2023-11-24,114.84375,116.25,114.75,115.9375,372458
2023-11-27,116.03125,116.15625,114.46875,114.90625,864919
2023-11-28,116.375,116.6875,115.65625,116.0,547748
2023-11-29,117.40625,117.59375,116.5,116.625,107163
2023-11-30,116.4375,117.71875,116.1875,117.46875,17882
2023-12-01,118.15625,118.46875,116.46875,116.65625,5524
2023-12-04,117.5625,118.25,117.34375,118.15625,3054
2023-12-05,119.4375,119.53125,117.875,117.90625,2545
2023-12-06,120.5625,120.75,119.125,119.46875,732
2023-12-07,120.28125,120.625,119.65625,120.625,906
2023-12-08,119.03125,119.90625,118.53125,119.84375,141
2023-12-11,119.03125,119.09375,118.4375,119.09375,75
2023-12-12,119.5,119.96875,118.90625,119.375,980
2023-12-13,121.625,121.75,119.96875,119.96875,86
2023-12-14,123.34375,123.75,122.40625,122.6875,55
2023-12-15,123.84375,124.0,123.65625,123.6875,95
2023-12-18,123.25,123.75,123.25,123.75,106
2023-12-19,123.71875,124.0625,123.5625,123.9375,343848
2023-12-20,124.375,124.75,123.46875,123.5,522150
2023-12-21,123.96875,124.9375,123.875,124.625,398470
2023-12-22,123.78125,124.71875,123.625,124.03125,264909
2023-12-26,124.25,124.3125,123.8125,123.90625,119155
2023-12-27,125.875,125.9375,124.0,124.09375,279953
2023-12-28,125.125,125.875,124.9375,125.59375,336627
2023-12-29,124.9375,125.28125,124.28125,125.0625,427020
2024-01-02,123.8125,124.65625,123.25,124.46875,498700
2024-01-03,124.125,124.3125,122.78125,123.96875,540281
2024-01-04,122.84375,124.15625,122.5625,123.875,452215
2024-01-05,122.03125,123.21875,121.28125,122.6875,570439
2024-01-08,122.53125,123.0,121.625,122.03125,447336
2024-01-09,122.40625,122.75,121.8125,122.21875,359001
2024-01-10,122.15625,122.9375,121.9375,122.4375,372262
2024-01-11,122.71875,123.46875,121.46875,122.15625,557825
2024-01-12,122.875,123.40625,122.28125,122.90625,472063
2024-01-16,121.0625,123.09375,120.84375,123.0625,623981
2024-01-17,120.78125,121.5625,120.375,121.125,560594
2024-01-18,119.90625,121.09375,119.6875,120.75,425125
2024-01-19,120.0,120.40625,119.3125,119.96875,403169
2024-01-22,120.71875,121.15625,120.125,120.25,320882
2024-01-23,119.8125,120.8125,119.625,120.625,346008
2024-01-24,119.21875,120.65625,119.125,120.03125,488404
2024-01-25,119.8125,120.125,119.0,119.28125,404028
2024-01-26,119.5625,120.375,119.375,119.90625,329373
2024-01-29,120.53125,121.03125,119.71875,119.90625,371321
2024-01-30,121.25,121.59375,120.59375,120.75,423973
2024-01-31,122.34375,123.125,121.40625,121.5625,811288
2024-02-01,124.03125,124.75,122.46875,123.03125,737368
2024-02-02,121.90625,124.0,121.59375,123.71875,667930
2024-02-05,120.125,121.96875,119.9375,121.9375,502868
2024-02-06,121.0,121.1875,120.0,120.1875,399517
2024-02-07,120.84375,121.3125,120.375,120.875,402496
2024-02-08,119.6875,120.875,119.625,120.6875,401263
2024-02-09,119.625,120.4375,119.46875,120.0625,312682
2024-02-12,119.84375,120.125,119.40625,119.75,240152
2024-02-13,117.96875,120.875,117.9375,119.71875,494073
2024-02-14,118.53125,118.8125,117.8125,118.09375,438850
2024-02-15,118.875,119.625,118.5625,118.625,390896
2024-02-16,118.21875,119.0625,117.84375,119.0625,354470
2024-02-20,118.3125,118.75,117.6875,118.34375,380372
2024-02-21,117.71875,118.6875,117.625,118.375,514292
2024-02-22,118.0625,118.28125,117.34375,117.875,849520
2024-02-23,119.0625,119.25,117.78125,118.125,854312
2024-02-26,118.59375,119.6875,118.34375,119.09375,1048276
2024-02-27,118.3125,119.28125,118.1875,118.90625,648680
2024-02-28,118.75,118.96875,118.28125,118.46875,132265
2024-02-29,119.25,119.5,118.21875,118.84375,37227
2024-03-01,120.03125,120.0625,118.5625,119.15625,4739
2024-03-04,119.59375,120.0,119.125,120.0,11414
2024-03-05,120.84375,121.25,119.53125,119.59375,11212
2024-03-06,121.59375,121.65625,120.4375,120.53125,7933
2024-03-07,121.71875,122.21875,121.3125,121.3125,2560
2024-03-08,121.5,122.21875,121.3125,121.96875,5423
2024-03-11,121.40625,121.90625,121.28125,121.84375,1047
2024-03-12,120.75,121.65625,120.75,121.5625,920
2024-03-13,120.25,121.03125,120.25,121.03125,747
2024-03-14,118.71875,120.40625,118.71875,120.40625,262
2024-03-15,118.75,119.03125,118.53125,119.03125,3106
2024-03-18,118.21875,118.84375,118.125,118.59375,5593
2024-03-19,118.75,118.84375,118.21875,118.53125,420800
2024-03-20,118.8125,119.65625,118.125,118.71875,418679
2024-03-21,119.0,119.625,118.59375,118.875,365646
2024-03-22,119.78125,120.15625,119.0625,119.09375,313018
2024-03-25,119.3125,120.1875,119.1875,119.96875,252136
2024-03-26,119.625,119.78125,119.0625,119.40625,295636
2024-03-27,120.1875,120.375,119.5,119.625,335560
2024-03-28,120.4375,120.625,119.75,120.3125,449274
2024-04-01,118.5,120.46875,118.4375,120.34375,377769
2024-04-02,117.71875,118.8125,117.15625,118.71875,616978
2024-04-03,117.78125,118.03125,116.75,117.84375,539863
2024-04-04,118.40625,118.53125,117.375,117.9375,475174
2024-04-05,117.53125,118.46875,117.03125,118.34375,509127
2024-04-08,117.125,117.3125,116.34375,117.09375,454746
2024-04-09,117.96875,118.15625,117.0,117.125,388353
2024-04-10,115.5625,118.3125,115.40625,118.0,717703
2024-04-11,115.25,116.03125,114.90625,115.78125,652036
2024-04-12,116.21875,116.4375,114.96875,115.0,450942
2024-04-15,114.28125,116.03125,113.90625,116.03125,631164
2024-04-16,113.96875,114.75,113.3125,114.53125,651475
2024-04-17,114.84375,114.96875,113.625,113.84375,505306
2024-04-18,114.125,115.1875,114.0625,114.8125,401745
2024-04-19,114.625,116.15625,114.28125,114.375,500960
2024-04-22,114.53125,114.6875,113.96875,114.375,330284
2024-04-23,114.71875,115.15625,114.0625,114.625,405843
2024-04-24,113.90625,114.75,113.625,114.6875,432535
2024-04-25,113.3125,114.34375,112.84375,114.0625,444457
2024-04-26,113.84375,114.3125,113.1875,113.34375,358743
2024-04-29,114.59375,114.75,113.9375,113.9375,382001
2024-04-30,113.8125,114.78125,113.75,114.59375,539736
2024-05-01,115.03125,115.1875,113.6875,113.9375,402943
2024-05-02,115.125,115.15625,114.0625,114.5625,448312
2024-05-03,115.9375,116.5625,114.78125,114.90625,531975
2024-05-06,116.21875,116.40625,115.71875,115.8125,278722
2024-05-07,116.6875,117.21875,116.125,116.25,458632
2024-05-08,116.34375,116.875,116.1875,116.78125,420661
2024-05-09,116.75,116.8125,115.75,116.25,480244
2024-05-10,116.0625,116.90625,115.9375,116.65625,313320
2024-05-13,116.375,116.6875,116.125,116.125,290881
2024-05-14,116.78125,116.875,115.65625,116.28125,380611
2024-05-15,118.0625,118.25,116.75,116.875,541507
2024-05-16,117.90625,118.71875,117.78125,118.21875,401678
2024-05-17,117.3125,118.0625,117.21875,117.9375,276738
2024-05-20,117.0625,117.5,116.78125,117.28125,306571
2024-05-21,117.34375,117.59375,116.84375,116.96875,362333
2024-05-22,117.28125,117.53125,116.75,117.34375,512132
2024-05-23,116.8125,117.65625,116.46875,117.46875,947057
2024-05-24,116.8125,117.03125,116.40625,116.78125,645816
2024-05-28,115.78125,117.15625,115.625,116.96875,1243177
2024-05-29,114.5625,115.78125,114.34375,115.625,606625
2024-05-30,115.4375,115.59375,114.46875,114.71875,108147
2024-05-31,115.9375,116.34375,115.21875,115.46875,17156
2024-06-03,117.46875,117.625,116.1875,116.1875,4169
2024-06-04,118.40625,118.6875,117.34375,117.59375,3161
2024-06-05,119.0625,119.1875,118.15625,118.40625,4378
2024-06-06,119.25,119.34375,118.71875,119.03125,221
2024-06-07,117.40625,119.15625,117.375,119.15625,1376
2024-06-10,116.78125,116.90625,116.6875,116.90625,247
2024-06-11,117.59375,117.59375,116.9375,117.0,105
2024-06-12,119.0,119.4375,117.59375,117.59375,982
2024-06-13,119.6875,119.6875,118.65625,118.65625,2130
2024-06-14,120.28125,120.40625,119.9375,120.40625,756
2024-06-17,119.46875,119.65625,119.21875,119.28125,764
2024-06-18,120.0625,120.0625,119.71875,119.71875,546236
2024-06-20,119.8125,120.5625,119.25,120.375,478763
2024-06-21,119.78125,120.34375,119.46875,119.65625,344715
2024-06-24,120.0,120.3125,119.5,119.71875,331318
2024-06-25,120.15625,120.625,119.84375,120.1875,375761
2024-06-26,118.9375,120.09375,118.6875,120.09375,421020
2024-06-27,119.3125,119.46875,118.40625,118.75,435015
2024-06-28,118.3125,119.625,117.4375,119.3125,797426
2024-07-01,116.09375,117.5625,115.9375,117.3125,641867
2024-07-02,116.65625,117.03125,116.28125,116.375,491420
2024-07-03,118.0,118.125,116.59375,116.75,406666
2024-07-05,118.8125,118.9375,117.0625,117.75,456671
2024-07-08,119.0,119.03125,118.15625,118.71875,323755
2024-07-09,118.4375,118.9375,118.03125,118.8125,392622
2024-07-10,118.75,118.96875,118.28125,118.5,408495
2024-07-11,119.84375,120.34375,118.5,118.65625,568326
2024-07-12,119.9375,120.03125,119.1875,119.625,380288
2024-07-15,119.1875,119.5625,118.71875,119.375,464771
2024-07-16,120.28125,120.375,119.09375,119.09375,463623
2024-07-17,120.53125,120.53125,119.84375,120.3125,437952
2024-07-18,119.8125,120.34375,119.59375,120.3125,406526
2024-07-19,119.125,119.90625,118.96875,119.65625,326006
2024-07-22,118.78125,119.75,118.46875,119.46875,402077
2024-07-23,119.03125,119.34375,118.78125,118.875,361821
2024-07-24,118.03125,119.28125,117.90625,118.8125,549179
2024-07-25,118.625,119.40625,118.0,118.0,550373
2024-07-26,119.34375,119.5625,118.375,118.78125,327349
2024-07-29,119.65625,120.15625,119.3125,119.375,295288
2024-07-30,120.1875,120.375,119.5,119.71875,345965
2024-07-31,120.78125,121.8125,119.96875,120.25,625435
2024-08-01,122.53125,122.8125,121.3125,121.71875,683934
2024-08-02,125.0625,125.25,122.25,122.46875,826023
2024-08-05,125.40625,126.84375,124.65625,125.1875,944974
2024-08-06,123.6875,125.4375,123.40625,125.34375,614049
2024-08-07,122.4375,123.90625,122.28125,123.90625,599582
2024-08-08,122.0,123.375,121.53125,122.625,541204
2024-08-09,122.90625,123.1875,122.0625,122.0625,293009
2024-08-12,123.3125,123.46875,122.53125,122.9375,305486
2024-08-13,124.0,124.125,122.96875,123.3125,364958
2024-08-14,124.59375,124.78125,123.84375,124.03125,409506
2024-08-15,123.28125,124.53125,122.65625,124.4375,443936
2024-08-16,123.6875,124.125,123.28125,123.46875,338727
2024-08-19,124.1875,124.40625,123.46875,123.71875,313746
2024-08-20,124.875,125.03125,123.84375,124.09375,388401
2024-08-21,125.375,125.5625,124.53125,124.96875,540232
2024-08-22,124.03125,125.125,123.75,124.9375,839048
2024-08-23,124.59375,124.9375,124.0,124.125,755104
2024-08-26,124.53125,125.09375,124.3125,124.71875,1047448
2024-08-27,124.15625,124.65625,123.625,124.5625,797912
2024-08-28,123.96875,124.65625,123.90625,124.3125,389629
2024-08-29,123.59375,124.4375,123.21875,124.09375,99139
2024-08-30,122.96875,123.9375,122.5,123.75,11291
2024-09-03,124.03125,124.28125,122.5,122.90625,2855
2024-09-04,125.03125,125.21875,124.0625,124.0625,3143
2024-09-05,125.53125,125.625,124.9375,125.09375,624
2024-09-06,125.78125,126.625,125.25,125.6875,2259
2024-09-09,126.0625,126.09375,125.125,125.65625,2259
2024-09-10,126.71875,126.78125,125.75,125.75,159
2024-09-11,126.625,127.21875,126.3125,126.625,1700
2024-09-12,126.1875,126.78125,126.03125,126.4375,64
2024-09-13,126.59375,126.59375,126.21875,126.46875,1060
2024-09-16,127.03125,127.125,126.5625,126.5625,79
2024-09-17,126.84375,127.3125,126.75,127.25,264
2024-09-18,125.96875,126.875,125.96875,126.3125,91
2024-09-19,125.0,125.6875,125.0,125.5,598032
2024-09-20,125.25,125.71875,124.8125,125.5,425385
2024-09-23,125.125,125.3125,124.25,125.03125,424085
2024-09-24,125.03125,125.1875,123.90625,124.9375,470953
2024-09-25,124.28125,125.1875,124.09375,125.0625,378913
2024-09-26,124.34375,124.6875,123.71875,124.21875,462856
2024-09-27,124.875,125.0,124.03125,124.21875,433440
2024-09-30,124.1875,124.875,124.125,124.8125,605273
2024-10-01,125.0,125.78125,124.34375,124.40625,569434
2024-10-02,124.28125,125.28125,123.625,125.125,515149
2024-10-03,123.4375,124.34375,123.3125,124.28125,397147
2024-10-04,121.96875,123.6875,121.78125,123.46875,597754
2024-10-07,121.3125,122.25,121.21875,121.9375,441169
2024-10-08,121.125,121.65625,120.75,121.3125,370046
2024-10-09,120.78125,121.5,120.53125,121.4375,397770
2024-10-10,120.1875,120.9375,119.875,120.75,578507
2024-10-11,120.375,120.71875,119.71875,120.65625,360146
2024-10-14,119.78125,120.125,119.4375,120.0,144128
2024-10-15,121.0625,121.21875,120.03125,120.09375,432661
2024-10-16,121.34375,121.71875,120.96875,121.03125,381387
2024-10-17,120.0,121.375,119.9375,121.3125,431225
2024-10-18,120.25,120.5,119.5625,120.09375,379656
2024-10-21,118.6875,120.1875,118.46875,120.0625,411276
2024-10-22,118.46875,118.96875,118.0625,118.5625,484935
2024-10-23,118.03125,118.46875,117.78125,118.40625,481960
2024-10-24,118.75,119.03125,117.90625,118.03125,496729
2024-10-25,118.28125,119.15625,118.03125,118.625,399365
2024-10-28,117.65625,118.12000274658203,117.0,118.05999755859375,470694
2024-10-29,117.6875,117.9375,117.875,117.9375,512686
2024-10-30,118.0625,118.27999877929688,117.16000366210938,117.30000305175781,628297
2024-10-31,117.96875,118.21875,117.1875,117.59375,838952
2024-11-01,116.8125,118.78125,116.5,118.0,730910
2024-11-04,117.6875,118.3125,117.28125,117.28125,479093
2024-11-05,118.15625,118.375,117.15625,118.03125,407773
2024-11-06,116.25,118.65625,115.3125,118.28125,1022368
2024-11-07,117.09375,117.25,115.6875,116.125,574318
2024-11-08,117.84375,118.34375,116.9375,117.1875,474348
2024-11-11,117.65625,117.90625,117.21875,117.84375,178871
2024-11-12,116.3125,118.15625,116.125,117.84375,564764
2024-11-13,115.84375,117.34375,115.6875,116.34375,615293
2024-11-14,116.5625,116.96875,115.46875,115.96875,595796
2024-11-15,116.3125,116.65625,115.34375,116.375,605809
2024-11-18,116.3125,116.625,115.28125,116.09375,463136
2024-11-19,116.90625,117.40625,116.25,116.28125,527957
2024-11-20,116.5625,116.90625,116.09375,116.65625,605400
2024-11-21,116.125,116.90625,116.0,116.46875,864071
2024-11-22,116.28125,116.84375,116.0625,116.3125,1017735
2024-11-25,118.28125,118.34375,116.84375,117.03125,1277984
2024-11-26,117.875,118.25,117.5,118.0625,657099
2024-11-27,118.625,118.90625,117.8125,117.90625,259383
2024-11-29,119.28125,119.34375,118.25,118.53125,22610
2024-12-02,119.4375,119.71875,118.71875,119.21875,16779
2024-12-03,118.96875,119.65625,118.71875,119.34375,2389
2024-12-04,119.5625,119.65625,118.15625,118.75,1037
2024-12-05,119.65625,119.65625,119.125,119.1875,1112
2024-12-06,119.9375,120.46875,119.6875,119.9375,5882
2024-12-09,119.15625,120.125,119.15625,120.125,121
2024-12-10,118.84375,119.09375,118.5625,119.09375,95
2024-12-11,118.0,118.75,118.0,118.625,36
2024-12-12,117.15625,117.5625,117.15625,117.5625,2435
2024-12-13,116.15625,117.28125,116.0625,117.21875,2509
2024-12-16,116.125,116.59375,116.125,116.28125,123
2024-12-17,116.34375,116.34375,116.28125,116.3125,107
2024-12-18,115.03125,116.40625,115.03125,116.40625,1790
2024-12-19,113.75,114.1875,113.75,114.1875,686071
2024-12-20,114.5,115.03125,114.0,114.0625,411294
2024-12-23,113.5625,114.59375,113.5625,114.5,252996
2024-12-24,113.875,113.9375,113.1875,113.75,173624
2024-12-26,113.9375,114.0625,113.09375,113.78125,184610
2024-12-27,113.28125,114.03125,113.0625,113.8125,236862
2024-12-30,114.09375,114.28125,113.0625,113.1875,254060
