Price,Close,High,Low,Open,Volume
Ticker,XLV,XLV,XLV,XLV,XLV
Date,,,,,
1998-12-22,16.858890533447266,16.87993783748403,16.711559405189924,16.711559405189924,5700
1998-12-23,17.237743377685547,17.237743377685547,16.964128403436572,16.964128403436572,18100
1998-12-24,17.342985153198242,17.342985153198242,17.185130312604812,17.258795904881747,4900
1998-12-28,17.090402603149414,17.342970129304334,17.090402603149414,17.290351894688726,15500
1998-12-29,17.469253540039062,17.469253540039062,17.090402258447853,17.090402258447853,5300
1998-12-30,17.321931838989258,17.532404886850607,17.321931838989258,17.511357582064473,17300
1998-12-31,17.511356353759766,17.511356353759766,17.342977927281307,17.38507253390092,6600
1999-01-04,17.469253540039062,17.763915647943335,17.36401707293039,17.679726474256398,249200
1999-01-05,17.74288558959961,17.74288558959961,17.51136513706628,17.51136513706628,4400
1999-01-06,18.037532806396484,18.037532806396484,17.827059844828263,17.86915443714191,38500
1999-01-07,17.953351974487305,17.97439928043629,17.74287891499742,17.86916275069135,15900
1999-01-08,18.174346923828125,18.174346923828125,17.99544484061731,17.99544484061731,24400
1999-01-11,18.216442108154297,18.35324958788047,18.058587323854866,18.163823846721154,7700
1999-01-12,18.14278221130371,18.353255322803754,18.121734900153708,18.26906607820374,270700
1999-01-13,17.974395751953125,18.100679562856776,17.36402399925214,17.36402399925214,7100
1999-01-14,17.82706642150879,18.09015772052751,17.763924509744292,18.037539460723767,12200
1999-01-15,18.069114685058594,18.12173295729231,17.890212559463954,17.890212559463954,7700
1999-01-19,18.584768295288086,18.626862900713427,18.269058754598028,18.37429526816138,22700
1999-01-20,18.69000244140625,18.942570041965794,18.584765941173107,18.69000244140625,25800
1999-01-21,18.037532806396484,18.647904394944323,17.99543821408284,18.647904394944323,23200
1999-01-22,17.963871002197266,18.100678455641063,17.784968947693834,17.911252750872727,67100
1999-01-25,18.111209869384766,18.1217335241607,17.974402357297606,17.974402357297606,495300
1999-01-26,18.195390701293945,18.205914351207937,17.9638704031861,18.14277245172398,187400
1999-01-27,18.016490936279297,18.248011263731485,18.016490936279297,18.248011263731485,6800
1999-01-28,18.35325050354004,18.416392420410016,18.184872058553434,18.184872058553434,25800
1999-01-29,18.35325050354004,18.374297809163366,18.121730141683457,18.374297809163366,13800
1999-02-01,18.458484649658203,18.5005792554727,18.2901062264002,18.43743734675095,34000
1999-02-02,18.18486785888672,18.21643881003062,17.932300249735516,18.16382055812412,141700
1999-02-03,18.53214454650879,18.53214454650879,18.14276956171559,18.14276956171559,38900
1999-02-04,18.39533805847168,18.479527248670635,18.269054273173246,18.41638535602142,7400
1999-02-05,18.18486785888672,18.395340866512722,18.05858405431112,18.395340866512722,16900
1999-02-08,18.174346923828125,18.26905979141032,18.100681360153082,18.26905979141032,6500
1999-02-09,17.848106384277344,18.248004994302427,17.848106384277344,18.226957699037946,220800
1999-02-10,17.890201568603516,17.890201568603516,17.63763401704676,17.721823200899014,17800
1999-02-11,18.374298095703125,18.374298095703125,17.76392622310818,17.827068140962826,5300
1999-02-12,18.100685119628906,18.26906358585801,17.995448578235713,18.26906358585801,8400
1999-02-16,18.26906394958496,18.39534780177103,18.184874714794248,18.184874714794248,18500
1999-02-17,18.079631805419922,18.35324672214921,18.05858450413305,18.226962914428,12900
1999-02-18,18.311153411865234,18.321677063251364,18.02701482443974,18.14277498968716,11500
1999-02-19,18.363767623901367,18.437433167378334,18.311149378560675,18.311149378560675,13900
1999-02-22,18.753145217895508,18.7636688684106,18.39534110038235,18.43743570244272,17800
1999-02-23,18.721576690673828,18.795242253818692,18.521627304994905,18.795242253818692,15000
1999-02-24,18.50058364868164,18.847864229117643,18.50058364868164,18.774198651449403,28000
1999-02-25,18.321670532226562,18.416383360939967,18.100673931895283,18.416383360939967,98900
1999-02-26,18.374298095703125,18.426916360582002,18.11120677130875,18.395345401654676,10800
1999-03-01,18.342714309692383,18.35323795530896,18.12171775174428,18.332190664075807,8800
1999-03-02,18.33220672607422,18.61634540667353,18.21644652286709,18.45849058411836,11500
1999-03-03,18.216442108154297,18.395344197026986,18.18487115129441,18.395344197026986,13100
1999-03-04,18.542675018310547,18.542675018310547,18.34272562821526,18.479533105648876,10400
1999-03-05,18.963621139526367,19.00571574804918,18.753148096912312,18.81629000969653,25400
1999-03-08,18.984676361083984,18.984676361083984,18.816297856772817,18.921534421967298,62700
1999-03-09,18.837345123291016,19.02677094017327,18.732108558356426,18.753155871343345,12200
1999-03-10,19.00571632385254,19.00571632385254,18.711054055265677,18.816290579760985,10700
1999-03-11,19.131999969482422,19.23723649296692,19.00571614130102,19.00571614130102,23600
1999-03-12,19.026765823364258,19.300380818611753,19.026765823364258,19.21619158930483,24600
1999-03-15,19.089902877807617,19.226710340548244,19.00571366996723,19.153044783687907,144800
1999-03-16,19.047809600830078,19.153046117961736,19.01623864569058,19.153046117961736,9100
1999-03-17,18.94257164001465,19.100426403681436,18.868906083636812,18.984666243659124,2700
1999-03-18,19.205656051635742,19.205656051635742,18.8373284013304,18.8373284013304,9500
1999-03-19,19.121477127075195,19.300379224576723,19.04781155751574,19.216190002223062,6900
1999-03-22,19.0688533782959,19.258279074106785,19.047806078761354,19.0688533782959,40900
1999-03-23,18.542675018310547,19.026763015383356,18.479533105648876,19.026763015383356,15400
1999-03-24,18.626859664916992,18.626859664916992,18.416386674352957,18.500575870578572,12800
1999-03-25,18.94257164001465,18.94257164001465,18.690004018147786,18.79524052725898,9700
1999-03-26,18.795238494873047,18.879427693058368,18.753143895780386,18.805762144646213,6600
1999-03-29,19.026765823364258,19.07938409168108,18.816292750096952,18.816292750096952,8100
1999-03-30,18.963621139526367,19.100428617225504,18.921526531003558,19.00571574804918,37300
1999-03-31,18.858373641967773,19.02675197805677,18.858373641967773,19.02675197805677,6300
1999-04-01,18.858373641967773,18.910991871995584,18.6268534298454,18.858373641967773,22500
1999-04-05,19.279333114624023,19.363522342198802,19.153049273261857,19.153049273261857,12400
1999-04-06,19.30037498474121,19.44770609149496,19.23723308184675,19.363516887635676,14500
1999-04-07,19.668712615966797,19.76342551780933,19.426668533480314,19.426668533480314,15700
1999-04-08,19.86865234375,19.86865234375,19.595037427999205,19.616084729210804,29600
1999-04-09,19.931791305541992,19.931791305541992,19.721318324490863,19.868649411226652,6600
1999-04-12,20.436933517456055,20.436933517456055,19.721325134764495,19.721325134764495,87300
1999-04-13,20.226463317871094,20.521125634676707,20.226463317871094,20.50007832633345,23600
1999-04-14,20.03704261779785,20.415894263932685,20.03704261779785,20.373799636584373,96900
1999-04-15,19.531902313232422,20.079132334939363,19.38457115354209,20.079132334939363,17800
1999-04-16,19.34247398376465,19.531899735509896,19.216190149267817,19.531899735509896,10400
1999-04-19,18.8162899017334,19.59504015493713,18.774195293452117,19.489803634233922,32700
1999-04-20,19.17409324645996,19.17409324645996,18.79524178824231,18.942572910882507,15700
1999-04-21,19.616086959838867,19.616086959838867,19.13199897692439,19.13199897692439,16000
1999-04-22,20.0159912109375,20.100180448417785,19.700281570386434,19.700281570386434,20200
1999-04-23,20.468505859375,20.468505859375,20.142272604032776,20.142272604032776,9800
1999-04-26,20.436933517456055,20.563217349695744,20.33169699058965,20.563217349695744,36200
1999-04-27,20.457971572875977,20.605302643874055,20.26854591016416,20.59477899594562,13900
1999-04-28,19.910743713378906,20.373784264852834,19.910743713378906,20.373784264852834,25500
1999-04-29,19.67922592163086,20.07912463019876,19.552942118925206,19.952840827493105,9800
1999-04-30,19.531902313232422,19.93180117524903,19.531902313232422,19.82656463261308,5800
1999-05-03,19.910743713378906,19.931791011173175,19.70027073543621,19.76341262881902,13000
1999-05-04,19.531902313232422,19.994943100830604,19.531902313232422,19.994943100830604,23000
1999-05-05,19.700273513793945,19.742368115319145,19.405611303117542,19.595037009980945,17100
1999-05-06,19.784465789794922,19.931796918016797,19.742371181731528,19.784465789794922,17500
1999-05-07,19.72132110595703,19.95284141776656,19.658179202736253,19.95284141776656,8000
1999-05-10,19.67922592163086,19.910746226591222,19.637131320728972,19.742367822983685,27300
1999-05-11,19.994932174682617,20.03702676873458,19.868648392526726,19.91074298657869,51000
1999-05-12,20.184362411499023,20.247504316853036,19.805510979374954,19.847605582944293,8100
1999-05-13,20.058076858520508,20.268549858085258,20.037029558564033,20.268549858085258,9600
1999-05-14,19.700273513793945,19.742368115319145,19.616084310743545,19.616084310743545,4600
1999-05-17,19.57398796081543,19.57398796081543,19.321420374224264,19.468751466402445,5800
1999-05-18,19.363513946533203,19.679223413052767,19.363513946533203,19.489797733141028,8500
1999-05-19,19.59503746032715,19.658179364066118,19.468753652849205,19.510848255341852,12100
1999-05-20,19.85812759399414,19.95284044420397,19.700272843644427,19.700272843644427,15300
1999-05-21,19.637128829956055,19.78445991442518,19.573986936612148,19.78445991442518,8400
1999-05-24,19.17409324645996,19.70027582731781,19.17409324645996,19.679228524083495,14000
1999-05-25,18.984676361083984,19.363527995784107,18.984676361083984,19.195149491472943,7200
1999-05-26,19.00571632385254,19.110952848347846,18.837337884660048,19.110952848347846,9300
1999-05-27,18.795238494873047,18.932045941924194,18.679478347368228,18.932045941924194,6600
1999-05-28,18.932056427001953,18.9425800826034,18.826819870987492,18.85839083779183,6000
1999-06-01,18.984676361083984,18.984676361083984,18.75315591765613,18.837345169811716,4400
1999-06-02,18.92152214050293,19.08990053552409,18.71104914672648,19.08990053552409,9200
1999-06-03,19.0688533782959,19.153042576434068,19.047806078761354,19.047806078761354,4900
1999-06-04,19.531902313232422,19.55294962175961,19.40561846206928,19.44771307912366,1200
1999-06-07,19.363513946533203,19.363513946533203,19.216182862157407,19.363513946533203,4200
1999-06-08,19.205656051635742,19.374034406061043,19.205656051635742,19.279321581696813,6400
1999-06-09,19.2161865234375,19.36351763588445,19.184615570770298,19.2161865234375,3000
1999-06-10,19.058324813842773,19.058324813842773,18.816280931612855,19.0057065785754,13300
1999-06-11,18.837345123291016,19.174102131081693,18.837345123291016,19.153054818094773,2500
1999-06-14,18.94257164001465,19.026760847303603,18.90047703637017,19.026760847303603,12700
1999-06-15,19.153051376342773,19.32142984998095,19.068862139523684,19.068862139523684,3600
1999-06-16,19.531902313232422,19.531902313232422,19.46876038765085,19.48980769617804,13500
1999-06-17,19.62661361694336,19.710802844254644,19.51085342939034,19.573995349873805,12300
1999-06-18,19.531902313232422,19.637138855868372,19.48980769617804,19.531902313232422,6200
1999-06-21,19.437185287475586,19.595040067828663,19.426661635452046,19.595040067828663,14100
1999-06-22,19.405614852905273,19.595040594419533,19.405614852905273,19.595040594419533,3900
1999-06-23,19.447708129882812,19.447708129882812,19.174093188661516,19.33194796244303,7900
1999-06-24,19.089902877807617,19.300375897408582,18.99519001898718,19.237233991528292,14100
1999-06-25,19.110950469970703,19.27932888820833,19.110950469970703,19.27932888820833,3000
1999-06-28,19.321428298950195,19.321428298950195,19.13200253131343,19.153049838828622,3000
1999-06-29,19.51085090637207,19.55294551458431,19.30037786531088,19.36351977762924,2100
1999-06-30,19.763410568237305,19.84759975063661,19.363511951840596,19.552937612239035,22500
1999-07-01,19.826560974121094,19.868655583407975,19.616087927686685,19.67922984161701,3900
1999-07-02,19.826560974121094,19.889702888051414,19.67922984161701,19.889702888051414,17700
1999-07-06,19.784465789794922,19.80551309382662,19.616087357541346,19.616087357541346,7100
1999-07-07,19.910743713378906,19.910743713378906,19.76341262881902,19.784459926613287,3200
1999-07-08,19.86865234375,19.921270596779,19.742368536480402,19.7844631389036,9600
1999-07-09,19.95284080505371,19.95284080505371,19.80550970206281,19.80550970206281,17000
1999-07-12,19.994932174682617,20.05807406576056,19.868648392526726,19.994932174682617,4700
1999-07-13,19.95284080505371,20.037030006762798,19.910746204199167,19.95284080505371,5300
1999-07-14,19.994932174682617,20.03702676873458,19.826553798474762,20.03702676873458,19700
1999-07-15,20.08965301513672,20.142271278665103,19.973892835374276,20.142271278665103,12700
1999-07-16,20.10017204284668,20.16331394455196,19.973888239436125,20.10017204284668,4900
1999-07-19,20.0159912109375,20.22646430463821,19.994943901567428,20.22646430463821,7000
1999-07-20,19.931791305541992,20.05807509417267,19.889696709331766,19.952838603647105,18900
1999-07-21,19.889692306518555,19.97388148030276,19.7844558392883,19.8265504261804,16200
1999-07-22,19.57398796081543,19.86865014517179,19.552940661932833,19.784460949641403,12100
1999-07-23,19.405614852905273,19.65818250825762,19.363520243679883,19.53189868058145,27300
1999-07-26,19.426668167114258,19.510857411608793,19.23724236700155,19.23724236700155,17400
1999-07-27,19.784465789794922,19.847607701890013,19.552945445446255,19.72132387769983,16300
1999-07-28,19.637128829956055,19.763412616643876,19.59503423439345,19.72131802108127,7400
1999-07-29,19.30037498474121,19.44770609149496,19.23723308184675,19.42665879053014,10500
1999-07-30,19.17409324645996,19.426660885271726,19.17409324645996,19.321424369100157,2800
1999-08-02,19.047809600830078,19.300377241946055,19.026762297403746,19.195140724814397,87600
1999-08-03,18.963621139526367,19.068857660833395,18.805766357565826,19.068857660833395,5500
1999-08-04,18.69000244140625,18.963617342012423,18.69000244140625,18.921522741919166,86400
1999-08-05,18.637386322021484,18.690004578153673,18.31115313400191,18.690004578153673,31900
1999-08-06,18.43743896484375,18.54267548861569,18.3532497458262,18.45848626959814,11700
1999-08-09,18.458484649658203,18.521626558379953,18.395342740936453,18.43743734675095,6200
1999-08-10,18.09015655517578,18.29010592954945,17.974396391064708,18.29010592954945,6000
1999-08-11,18.26906394958496,18.26906394958496,18.048067208259337,18.048067208259337,11700
1999-08-12,18.26906394958496,18.39534780177103,18.205922023491926,18.311158566980318,10000
1999-08-13,18.584768295288086,18.647910203426097,18.5005790844374,18.52162638715007,8000
1999-08-16,18.584768295288086,18.75314671698945,18.563720992575416,18.605815598000756,18400
1999-08-17,18.8162899017334,18.879431814155325,18.67948242481923,18.774195293452117,15100
1999-08-18,18.94257164001465,19.03728449821472,18.805764178170097,18.90047703637017,7900
1999-08-19,18.858373641967773,18.858373641967773,18.658424367862086,18.689995305878774,4900
1999-08-20,18.8162899017334,18.942573726577248,18.8162899017334,18.900479118295966,2700
1999-08-23,18.995195388793945,19.026766350658974,18.91100615715386,19.005719042748954,8700
1999-08-24,18.732091903686523,18.942564846424574,18.605808138043695,18.942564846424574,14300
1999-08-25,19.110950469970703,19.110950469970703,18.616338866397673,18.626862517537525,22100
1999-08-26,18.963621139526367,19.089904965094803,18.879431922480748,18.984668443787776,6000
1999-08-27,18.826814651489258,18.98466944174769,18.742625430018094,18.98466944174769,6500
1999-08-30,18.374298095703125,18.8057678677099,18.374298095703125,18.8057678677099,18000
1999-08-31,18.311153411865234,18.405866274340397,18.100680384142645,18.311153411865234,18100
1999-09-01,18.33220672607422,18.41639596477031,18.20592286803008,18.226970177704104,3800
1999-09-02,18.14278221130371,18.258542422628736,18.121734900153708,18.14278221130371,8600
1999-09-03,18.721576690673828,18.784718601940856,18.563721912506256,18.574245564384096,6200
1999-09-07,18.94257164001465,19.005713545481363,18.88995338545905,18.88995338545905,11500
1999-09-08,18.858373641967773,19.02675197805677,18.858373641967773,18.858373641967773,14300
1999-09-09,18.732091903686523,18.88994661074006,18.016483898377153,18.83732837505555,6900
1999-09-10,18.837345123291016,18.900487062251766,18.72158490186297,18.826821466797554,11300
1999-09-13,18.80577278137207,18.847867404273853,18.70053622411761,18.816296437097517,5500
1999-09-14,18.616334915161133,18.763665999848673,18.616334915161133,18.67947680859865,6100
1999-09-15,18.43743896484375,18.753148536159568,18.395344355334974,18.73210123140518,7300
1999-09-16,18.447961807250977,18.447961807250977,18.22696511703291,18.33220163618437,7000
1999-09-17,18.974143981933594,18.974143981933594,18.53215061130619,18.53215061130619,9800
1999-09-20,18.74262809753418,19.0688613771656,18.39534750953944,19.0688613771656,7600
1999-09-21,18.405866622924805,19.14252223390521,18.363772016583066,18.584768699877188,9600
1999-09-22,18.363767623901367,18.47952776365089,18.248007484151845,18.426909518310197,4800
1999-09-23,18.163816452026367,18.51109683610335,18.163816452026367,18.40586035608002,4000
1999-09-24,17.879680633544922,18.195390120894153,17.86915698396661,18.195390120894153,5500
1999-09-27,18.016490936279297,18.100680146261908,17.984919982535818,18.100680146261908,5200
1999-09-28,17.848106384277344,18.005961098760928,17.658680726897042,17.932295565335256,20000
1999-09-29,17.90073585510254,18.079637977111208,17.90073585510254,17.95335412628156,3900
1999-09-30,18.05858039855957,18.121722288065023,17.827060137039577,17.932296619548666,9600
1999-10-01,17.995454788208008,18.090167708145945,17.753410659477726,18.027025761520655,9900
1999-10-04,18.26906394958496,18.26906394958496,18.016496245212817,18.016496245212817,6400
1999-10-05,18.027009963989258,18.24800658351277,18.027009963989258,18.184864692220337,9200
1999-10-06,18.479528427124023,18.479528427124023,18.058582449285208,18.058582449285208,21700
1999-10-07,18.311153411865234,18.532150090973953,18.290106109092974,18.447960879884917,12600
1999-10-08,18.511106491088867,18.511106491088867,18.23749150031666,18.23749150031666,4300
1999-10-11,18.458484649658203,18.56372116419445,18.395342740936453,18.395342740936453,3600
1999-10-12,18.14278221130371,18.353255322803754,18.14278221130371,18.31116070050375,4300
1999-10-13,17.74288558959961,18.142784553066267,17.74288558959961,18.111213582266267,12900
1999-10-14,17.679737091064453,17.784973621368408,17.574500560760498,17.627118825912476,5200
1999-10-15,17.37454605102539,17.511353500246063,17.25878590168482,17.385069700965442,7100
1999-10-18,17.290355682373047,17.342973928515388,17.05883539934675,17.206166488545303,3900
1999-10-19,17.300886154174805,17.616595755528362,17.300886154174805,17.542930181879196,6300
1999-10-20,17.721826553344727,17.763921153233905,17.479782603981942,17.616590053621778,46400
1999-10-21,17.753400802612305,17.753400802612305,17.574498719835535,17.627116979475762,4200
1999-10-22,17.974395751953125,17.9954430537704,17.848111941049474,17.848111941049474,25900
1999-10-25,17.974395751953125,17.974395751953125,17.80601733741492,17.932301148318572,24600
1999-10-26,17.848106384277344,18.058579336922122,17.848106384277344,18.016484746393168,30800
1999-10-27,17.848106384277344,17.90072462243854,17.658680726897042,17.87967732717406,33200
1999-10-28,18.616334915161133,18.626858564067387,18.15329436328601,18.15329436328601,8000
1999-10-29,18.974143981933594,19.195140667247294,18.932049375207175,18.9846676336152,39400
1999-11-01,18.984676361083984,19.05834195672012,18.942581735006193,19.05834195672012,22400
1999-11-02,18.74262809753418,19.079385031347257,18.72158078917086,19.047814068802282,19900
1999-11-03,18.826814651489258,18.879432914908737,18.67948351391472,18.879432914908737,7400
1999-11-04,19.03727912902832,19.11094466462987,18.94256629754062,18.94256629754062,8800
1999-11-05,18.953096389770508,19.300376889971744,18.953096389770508,19.300376889971744,23600
1999-11-08,18.984676361083984,19.026770987161775,18.85839248285061,18.85839248285061,16600
1999-11-09,18.858373641967773,19.079370208084583,18.816279057945522,19.06884656207902,10000
1999-11-10,18.974143981933594,18.9846676336152,18.63738712812224,18.63738712812224,21300
1999-11-11,19.19514274597168,19.258284662899218,19.089906217759115,19.142524481865397,8000
1999-11-12,19.57398796081543,19.616082558580626,19.21618387981128,19.458227816961145,33500
1999-11-15,19.658178329467773,19.763414830160855,19.531894528636077,19.531894528636077,15700
1999-11-16,19.910743713378906,19.94231466007031,19.70027073543621,19.70027073543621,17700
1999-11-17,19.710800170898438,19.868654950697408,19.70027651891184,19.868654950697408,3300
1999-11-18,19.837078094482422,19.973885529616783,19.72131795706104,19.72131795706104,8200
1999-11-19,19.74236488342285,19.84760137000826,19.710793937447228,19.84760137000826,8700
1999-11-22,19.531902313232422,19.59504423881399,19.44771307912366,19.531902313232422,15700
1999-11-23,19.205656051635742,19.468747230425272,19.174085110181,19.468747230425272,7000
1999-11-24,19.479276657104492,19.479276657104492,19.153043498611655,19.153043498611655,21400
1999-11-26,19.321428298950195,19.40561752901098,19.321428298950195,19.40561752901098,9400
1999-11-29,19.205656051635742,19.3424634646063,19.205656051635742,19.205656051635742,31700
1999-11-30,19.19514274597168,19.405615802396806,19.13200082904414,19.237237357256703,7500
1999-12-01,19.153051376342773,19.258287922366634,19.11095675793323,19.174098685547545,40700
1999-12-02,19.321428298950195,19.321428298950195,19.195144453859015,19.195144453859015,20800
1999-12-03,19.700273513793945,19.973888423707752,19.489800506167942,19.489800506167942,24600
1999-12-06,19.81603240966797,19.82655605938102,19.700272262824452,19.77393781081578,40700
1999-12-07,19.763410568237305,19.91074163743609,19.763410568237305,19.826552455036783,11500
1999-12-08,19.95284080505371,20.026506356549163,19.80550970206281,19.80550970206281,38900
1999-12-09,20.258026123046875,20.289597072849027,20.08964772410207,20.08964772410207,12100
1999-12-10,20.131750106811523,20.373794148869372,20.047560874791404,20.373794148869372,18800
1999-12-13,19.994932174682617,20.173834199403462,19.994932174682617,19.994932174682617,10700
1999-12-14,20.03704261779785,20.089660901983247,19.88971142207875,19.88971142207875,16000
1999-12-15,19.86865234375,20.142267259500795,19.8370813919326,19.910746946173198,8400
1999-12-16,20.026504516601562,20.026504516601562,19.784460583925874,19.95283897187418,9500
1999-12-17,20.37379264831543,20.37379264831543,20.079130357947232,20.18436689022159,485300
1999-12-20,20.3024845123291,20.598871147545584,20.3024845123291,20.42950735599331,301300
1999-12-21,20.175457000732422,20.365991222145425,20.133116062640642,20.19662746977831,558700
1999-12-22,20.19662857055664,20.32365139175511,20.175458100356895,20.228384275856257,153500
1999-12-23,20.620044708251953,20.683556139591538,20.32365802866722,20.32365802866722,445400
1999-12-27,20.620044708251953,20.8317494793839,20.620044708251953,20.8317494793839,500800
1999-12-28,20.662385940551758,20.778823566241343,20.598874508357436,20.598874508357436,112800
1999-12-29,20.651803970336914,20.651803970336914,20.53536632621918,20.53536632621918,27900
1999-12-30,20.725889205932617,20.83174155121317,20.59886639159595,20.59886639159595,7300
1999-12-31,20.92701530456543,20.92701530456543,20.72589578469353,20.72589578469353,7200
2000-01-03,20.524778366088867,21.0011141198145,20.365999781513658,21.0011141198145,246700
2000-01-04,20.05902099609375,20.461259939551038,20.006094819323053,20.4506747041969,35300
2000-01-05,19.87907600402832,20.175462653715645,19.794394104117657,20.175462653715645,137600
2000-01-06,19.942588806152344,20.02727071191095,19.752054518195475,19.857906900393736,50000
2000-01-07,20.186050415039062,20.186050415039062,19.889663728294913,19.963760399980952,22100
2000-01-10,22.25016975402832,22.313681180538392,21.424521209397394,21.847930719464536,31800
2000-01-11,21.657400131225586,22.03846875523542,21.646814891669756,22.03846875523542,17900
2000-01-12,21.297502517700195,21.82676450869672,21.21282059914075,21.82676450869672,12400
2000-01-13,21.9326171875,21.974958147321427,21.403355189732142,21.488037109375,600000
2000-01-14,21.74207878112793,22.08080639602379,21.61505592554198,22.08080639602379,23600
2000-01-18,21.339845657348633,21.593891438983736,21.318675175545707,21.593891438983736,417300
2000-01-19,21.847925186157227,21.847925186157227,21.33983390275822,21.403345313183095,10400
2000-01-20,21.67856216430664,22.017289698123932,21.593880280852318,21.95377828553319,64200
2000-01-21,21.636226654052734,21.710323320676203,21.466862844627663,21.593885701696465,37300
2000-01-24,20.99052619934082,21.805589496037364,20.99052619934082,21.699737119843007,72100
2000-01-25,21.138717651367188,21.297496201577758,21.001109574518026,21.1704733614093,24400
2000-01-26,21.043455123901367,21.20223370884026,21.001114167917663,21.12813703586878,10500
2000-01-27,20.91642189025879,21.265734604013108,20.91642189025879,21.13871179901154,10700
2000-01-28,20.493024826049805,21.02228683085481,20.493024826049805,20.95877539027821,18100
2000-01-31,20.397754669189453,20.577703724392475,20.228390852527784,20.577703724392475,27500
2000-02-01,20.662385940551758,20.683556417949863,20.429510689172588,20.4718516439688,161600
2000-02-02,21.170480728149414,21.170480728149414,20.810582555770875,20.810582555770875,7700
2000-02-03,21.36100959777832,21.413935786078067,21.01169675499998,21.138719606919377,31500
2000-02-04,21.435104370117188,21.55154197410301,21.297496292679398,21.498615790473092,11300
2000-02-07,21.08579444885254,21.424522070520855,20.990527305258325,21.424522070520855,36400
2000-02-08,21.318675994873047,21.36101696010616,21.128141651324032,21.128141651324032,265000
2000-02-09,20.93759536743164,21.297493366669595,20.8423282499863,21.297493366669595,19000
2000-02-10,20.757652282714844,21.043453716490113,20.747067044426874,20.916430857034438,5000
2000-02-11,20.768239974975586,20.916433328517716,20.715313777281967,20.757654735436862,9200
2000-02-14,20.387161254882812,20.641206877996616,20.26013844332591,20.535354535032532,14900
2000-02-15,20.228395462036133,20.344833112524043,20.069616847734434,20.344833112524043,23100
2000-02-16,19.656784057617188,20.154290170007066,19.646198821183358,20.06960827853645,35000
2000-02-17,19.646203994750977,19.847323539955863,19.5615220809805,19.752056386964075,15300
2000-02-18,19.106355667114258,19.63561759695122,19.106355667114258,19.603861881161002,109900
2000-02-22,18.968740463256836,19.27571226762874,18.8628881169217,19.27571226762874,35300
2000-02-23,19.26512908935547,19.392151918516053,18.926401544927238,18.926401544927238,17500
2000-02-24,19.1169490814209,19.370994916389947,18.799391787709588,19.286312971400264,172800
2000-02-25,18.524171829223633,19.09577484566825,18.29129652622768,19.074604363577706,21200
2000-02-28,18.85231590270996,18.85231590270996,18.481832434661197,18.6088553379922,103600
2000-02-29,19.064014434814453,19.21220777300846,18.852309665965876,18.92640633506288,15500
2000-03-01,19.222795486450195,19.328647884503333,18.98992021073329,19.148698807812995,26700
2000-03-02,19.138107299804688,19.265130135865338,19.07459588177436,19.201618717835014,47600
2000-03-03,19.402740478515625,19.44508142882335,19.201620964553925,19.286302865169375,372700
2000-03-06,19.02167510986328,19.3815732477238,19.02167510986328,19.275720854235413,316300
2000-03-07,18.672361373901367,19.138111884361493,18.630020418404992,19.032259495620554,635200
2000-03-08,18.57709503173828,18.757044100421783,18.502998356398013,18.502998356398013,184000
2000-03-09,19.01108169555664,19.074593104339122,18.545331364485097,18.60884277326758,15400
2000-03-10,18.85231590270996,19.10636170937197,18.84173066076571,18.968753564096716,165300
2000-03-13,18.714698791503906,18.862892107726225,18.43948263280532,18.43948263280532,64200
2000-03-14,18.767627716064453,19.032258676527857,18.767627716064453,18.841724384994205,36200
2000-03-15,18.862890243530273,19.01108354510683,18.67235599864613,18.862890243530273,42200
2000-03-16,19.836732864379883,19.836732864379883,19.053425376672248,19.053425376672248,168500
2000-03-17,19.85790252685547,20.048436772848753,19.688538752639218,19.752050167970314,62000
2000-03-20,20.238981246948242,20.32366317685179,20.12254359333086,20.196640281996466,8200
2000-03-21,20.365997314453125,20.408338265210823,20.13312208528578,20.323656363695424,18100
2000-03-22,20.884668350219727,21.032861638057067,20.53535560031742,20.53535560031742,29900
2000-03-23,20.969356536865234,21.10696463125153,20.747066538241224,20.747066538241224,24900
2000-03-24,21.149309158325195,21.24457631669603,21.001115800859452,21.001115800859452,9200
2000-03-27,21.001110076904297,21.24457052638454,21.001110076904297,21.03286578770607,14400
2000-03-28,21.022287368774414,21.11755453207702,20.916434965104855,21.001116888040503,13700
2000-03-29,20.704729080200195,20.8846781570731,20.598876682039663,20.85292243762494,6800
2000-03-30,20.40833854675293,20.74706615748742,20.313071406233856,20.662384254803797,14000
2000-03-31,20.778825759887695,20.778825759887695,20.366001407042244,20.556535723740147,14400
2000-04-03,20.768239974975586,20.948189047133884,20.768239974975586,20.948189047133884,11200
2000-04-04,20.53536605834961,21.08579855063527,19.9425926051189,20.88467898614628,7600
2000-04-05,20.397754669189453,20.556533247309765,20.270731806693203,20.323657999399973,7100
2000-04-06,20.789405822753906,20.89525819456019,20.51418965605757,20.51418965605757,29000
2000-04-07,20.84232521057129,20.937592314123926,20.6941319383783,20.8740809117555,6000
2000-04-10,20.704729080200195,20.90584863670521,20.704729080200195,20.874092917257048,16000
2000-04-11,20.884668350219727,20.884668350219727,20.65179318361819,20.662378418463714,10100
2000-04-12,20.503599166870117,20.95876424904638,20.503599166870117,20.916423311169517,13100
2000-04-13,19.98493194580078,20.36600056341139,19.900250030776203,20.334244845277173,17500
2000-04-14,18.778209686279297,19.37098293454967,18.778209686279297,19.286301041939616,9800
2000-04-17,18.936994552612305,19.01109123336596,18.386562067013735,18.820556911427992,16900
2000-04-18,19.455671310424805,19.455671310424805,18.894653584933774,18.894653584933774,50900
2000-04-19,19.96375846862793,19.984928944204416,19.709712761710076,19.77322418843954,7200
2000-04-20,20.04844093322754,20.04844093322754,19.81556569535478,19.963759028546537,4000
2000-04-24,19.762636184692383,19.857903311453082,19.56151669486423,19.64619858531819,18000
2000-04-25,20.260147094726562,20.260147094726562,19.857908019700645,19.857908019700645,3600
2000-04-26,20.471843719482422,20.641207473107922,20.32365043506011,20.32365043506011,15500
2000-04-27,20.344829559326172,20.450681950373657,20.069613342602718,20.069613342602718,5200
2000-04-28,20.53536605834961,20.715315142366077,20.450684136459508,20.715315142366077,4900
2000-05-01,20.5988712310791,20.704723601228533,20.51418933495956,20.5988712310791,3500
2000-05-02,20.186050415039062,20.28131756434968,20.080198026916154,20.28131756434968,3800
2000-05-03,19.625036239624023,19.921422978949522,19.43450190720049,19.857911534808345,10600
2000-05-04,19.5615177154541,19.688540557762245,19.48742105744102,19.5615177154541,18600
2000-05-05,19.540353775024414,19.66737665980247,19.49801281343173,19.49801281343173,4700
2000-05-08,19.58269500732422,19.58269500732422,19.360404955889727,19.423916399156727,5800
2000-05-09,19.44508171081543,19.603860276772007,19.413325997624113,19.603860276772007,6200
2000-05-10,19.413326263427734,19.70971292393808,19.2863034089233,19.603860545184386,9100
2000-05-11,19.39215660095215,19.476838507506525,19.349815647674962,19.413327077590743,3800
2000-05-12,19.730884552001953,19.794395982963334,19.54035025911781,19.56152073610494,5100
2000-05-15,20.05902099609375,20.06960623144789,19.64619681728232,19.64619681728232,8000
2000-05-16,20.32365608215332,20.429508457581203,20.21780370672544,20.21780370672544,11200
2000-05-17,20.090776443481445,20.260140206967062,20.04843550261004,20.090776443481445,6600
2000-05-18,20.069604873657227,20.196627689313285,20.027263935105207,20.196627689313285,2200
2000-05-19,19.540353775024414,19.752058582987843,19.51918329422807,19.752058582987843,5500
2000-05-22,19.318056106567383,19.51917559480014,19.22278898056239,19.51917559480014,47300
2000-05-23,19.159276962280273,19.413322623658576,19.159276962280273,19.349811208313998,6600
2000-05-24,19.286300659179688,19.519175859235645,19.02166975002519,19.519175859235645,7800
2000-05-25,19.138107299804688,19.43449391727954,19.138107299804688,19.30747108121889,112100
2000-05-26,18.98991584777832,19.30747296897863,18.947574898284948,19.30747296897863,139600
2000-05-30,19.77321434020996,19.81555527027465,19.159270854271966,19.159270854271966,52200
2000-05-31,19.98493194580078,19.98493194580078,19.730886200727042,19.815568115751624,41100
2000-06-01,19.85790252685547,20.090777716402815,19.815561583301406,20.027266301071723,19300
2000-06-02,20.344829559326172,20.49302290679265,20.196636211859698,20.217806690069192,26900
2000-06-05,20.281326293945312,20.461275431208918,20.23898532047152,20.429519701103576,8100
2000-06-06,20.111949920654297,20.302484183060496,20.04843849985223,20.23897276225843,22800
2000-06-07,20.05902099609375,20.19662905569756,19.92141293648994,20.04843576073961,9400
2000-06-08,19.900245666503906,20.15429135586353,19.900245666503906,20.15429135586353,9500
2000-06-09,20.19662857055664,20.302480921555365,20.048435279158426,20.048435279158426,14300
2000-06-12,20.006093978881836,20.154287267614293,19.90024162978722,20.154287267614293,17200
2000-06-13,19.730884552001953,19.92141884488609,19.730884552001953,19.836736936937584,4100
2000-06-14,20.069604873657227,20.217798158589297,19.96375252727718,20.111945812209246,10100
2000-06-15,20.64120864868164,20.64120864868164,20.323651592548078,20.323651592548078,57000
2000-06-16,20.40833854675293,20.662384254803797,20.36599759541112,20.535361400778363,1318500
2000-06-19,20.53536605834961,20.598877499767188,20.429513655986984,20.53536605834961,21100
2000-06-20,20.503599166870117,20.577695808154626,20.281309243016597,20.36599111877032,5300
2000-06-21,20.40833854675293,20.493020449436553,20.32365664406931,20.344827119740213,134600
2000-06-22,20.365997314453125,20.47184969134737,20.323656363695424,20.323656363695424,25200
2000-06-23,19.98493194580078,20.36600056341139,19.85790907326391,20.36600056341139,2900
2000-06-26,19.79439353942871,19.984927808792197,19.730882116307548,19.984927808792197,6600
2000-06-27,19.752052307128906,19.900245625617547,19.68854088491949,19.752052307128906,59200
2000-06-28,19.66737174987793,19.974343644789908,19.66737174987793,19.87907650498964,42100
2000-06-29,19.96375846862793,19.96375846862793,19.58268990825115,19.646201334980613,31900
2000-06-30,20.027265548706055,20.027265548706055,19.868487016343163,19.90024272281574,16600
2000-07-03,19.98493194580078,19.98493194580078,19.815568115751624,19.815568115751624,2400
2000-07-05,20.111949920654297,20.175461341456362,19.921415658248097,20.02726802625154,83100
2000-07-06,20.069604873657227,20.217798158589297,19.92141158872516,20.133116281485258,12400
2000-07-07,20.238981246948242,20.26015172942413,19.984935457237594,19.984935457237594,14400
2000-07-10,20.069604873657227,20.217798158589297,19.92141158872516,20.217798158589297,23200
2000-07-11,19.847326278686523,19.984934407552082,19.794400075276695,19.836741038004558,6400
2000-07-12,20.21780014038086,20.32365249713678,20.027265898220204,20.143703490651717,98400
2000-07-13,20.281326293945312,20.366008240892892,20.090791913313257,20.090791913313257,5600
2000-07-14,20.5988712310791,20.5988712310791,20.302484594660697,20.429507438840016,4000
2000-07-17,20.344829559326172,20.62004577604963,20.323659081116677,20.62004577604963,26200
2000-07-18,20.027265548706055,20.26014072950496,20.016680313215193,20.175458845578085,56600
2000-07-19,20.1543025970459,20.302495998494766,20.069620653360833,20.111961625203367,7600
2000-07-20,20.471843719482422,20.514184657888798,20.260139027450546,20.260139027450546,2000
2000-07-21,19.96375846862793,20.387167980157685,19.942587993051443,20.387167980157685,6500
2000-07-24,19.77321434020996,19.98491899053341,19.752043875177616,19.98491899053341,61200
2000-07-25,19.783809661865234,19.942588230580046,19.70971299646499,19.942588230580046,42500
2000-07-26,19.625036239624023,19.83674105342795,19.625036239624023,19.81557057204756,26900
2000-07-27,19.752052307128906,19.87907515154774,19.699126121954393,19.7308818330591,2000
2000-07-28,19.540353775024414,19.79439954458053,19.392160409450014,19.79439954458053,7800
2000-07-31,19.730884552001953,19.730884552001953,19.603861690079192,19.646202644053446,33800
2000-08-01,19.900245666503906,20.04843898529702,19.667370451257586,19.667370451257586,6200
2000-08-02,19.98493194580078,20.069613860825363,19.85790907326391,19.85790907326391,9500
2000-08-03,20.090776443481445,20.090776443481445,19.83673079825302,19.942583150431528,18400
2000-08-04,20.503599166870117,20.66237768390835,20.344820649831888,20.42950252558561,57300
2000-08-07,20.344829559326172,20.556534341421138,20.344829559326172,20.514193385002145,3500
2000-08-08,20.40833854675293,20.535361400778363,20.344827119740213,20.51419092510746,4000
2000-08-09,20.21780014038086,20.36599343983915,20.21780014038086,20.302482025785597,7900
2000-08-10,20.260147094726562,20.260147094726562,20.090783273663018,20.175465184194792,28700
2000-08-11,20.387161254882812,20.55652500362535,20.238967974733093,20.238967974733093,10400
2000-08-14,20.620044708251953,20.620044708251953,20.429510414233196,20.55653327691237,3400
2000-08-15,20.514192581176758,20.76823830973622,20.36599923951707,20.514192581176758,32800
2000-08-16,20.21780014038086,20.598868624702174,20.175459197678492,20.598868624702174,3700
2000-08-17,20.40833854675293,20.471849973765647,20.260145217056593,20.260145217056593,60400
2000-08-18,20.40833854675293,20.40833854675293,20.29190093056295,20.344827119740213,2100
2000-08-21,20.471843719482422,20.535355127091986,20.408332311872858,20.408332311872858,3800
2000-08-22,20.21780014038086,20.302482025785597,20.196629669029676,20.302482025785597,3800
2000-08-23,20.238981246948242,20.35541890056562,20.133128834568804,20.17546979952058,41100
2000-08-24,20.186050415039062,20.323658519598848,20.15429469860219,20.323658519598848,2100
2000-08-25,20.524778366088867,20.524778366088867,20.323658825626932,20.323658825626932,5300
2000-08-28,20.32365608215332,20.471849407752355,20.291900369524956,20.471849407752355,13100
2000-08-29,20.418928146362305,20.556536267618245,20.355416705782638,20.418928146362305,23800
2000-08-30,20.556537628173828,20.630634313754268,20.41892949781015,20.41892949781015,9500
2000-08-31,20.429506301879883,20.62004055754508,20.408335829028193,20.49301772043495,3700
2000-09-01,20.40833854675293,20.51419092510746,20.344827119740213,20.344827119740213,68400
2000-09-05,20.006093978881836,20.323651026165674,19.826144985420992,20.323651026165674,436100
2000-09-06,19.921415328979492,20.175461007988794,19.921415328979492,20.006097221982593,36400
2000-09-07,19.762636184692383,20.04843756497449,19.730880475772146,20.04843756497449,37500
2000-09-08,19.77321434020996,19.963748525501064,19.77321434020996,19.85789620033934,956100
2000-09-11,19.847326278686523,19.984934407552082,19.68854766845703,19.752059112548828,536300
2000-09-12,19.836732864379883,20.00609664550586,19.73088050117615,19.921414754942873,561400
2000-09-13,20.04844093322754,20.04844093322754,19.741469028758903,19.857906647695284,14300
2000-09-14,19.836732864379883,20.10136377238922,19.836732864379883,20.10136377238922,43100
2000-09-15,19.752052307128906,19.995512758931675,19.752052307128906,19.995512758931675,21900
2000-09-18,19.720287322998047,19.984918124433875,19.62502023448115,19.90023626797441,50300
2000-09-19,19.593276977539062,19.667373648983027,19.487424589761975,19.62503269387219,13000
2000-09-20,19.212203979492188,19.42390870653893,19.053425434207128,19.42390870653893,14700
2000-09-21,19.39215660095215,19.39215660095215,19.06401421305394,19.24396326448199,12100
2000-09-22,19.222795486450195,19.222795486450195,18.96874973112266,19.201625006839567,4800
2000-09-25,19.50859260559082,19.603859742568744,19.413325468612893,19.413325468612893,7100
2000-09-26,19.50859260559082,19.62503021745273,19.434495943496877,19.62503021745273,5400
2000-09-27,19.180450439453125,19.434496140637933,19.180450439453125,19.392155190440466,7200
2000-09-28,19.741466522216797,19.741466522216797,19.30747181583026,19.3498127627948,56300
2000-09-29,19.68854331970215,19.68854331970215,19.56152045957504,19.667372843014295,2600
2000-10-02,19.942588806152344,19.942588806152344,19.79439547107478,19.81556594751443,4000
2000-10-03,20.016687393188477,20.19663646018171,19.942590718544203,20.06961358936296,15900
2000-10-04,20.175457000732422,20.175457000732422,19.92141137218175,20.069604655502975,1700
2000-10-05,20.35541343688965,20.641214873601047,20.238975814525745,20.28131676811262,19900
2000-10-06,19.87907600402832,20.40833787846997,19.87907600402832,20.40833787846997,3700
2000-10-09,19.752052307128906,19.83673420340813,19.699126121954393,19.83673420340813,9400
2000-10-10,19.77321434020996,20.037845153114272,19.752043875177616,19.752043875177616,2000
2000-10-11,19.27572250366211,19.677961633337652,19.26513726340749,19.582694471046075,29100
2000-10-12,18.630023956298828,19.37099081819708,18.545342029224745,19.37099081819708,7900
2000-10-13,18.97932243347168,19.191027089729033,18.35479369751249,18.460646025641168,5700
2000-10-16,18.799388885498047,18.926411783373034,18.735877436560553,18.86290033443554,6400
2000-10-17,17.867876052856445,18.862888107932573,17.69851229880093,18.73586529239094,13500
2000-10-18,18.164262771606445,18.291285588191105,17.063398361206055,17.190421177790714,8700
2000-10-19,18.375974655151367,18.418315610577984,18.185440355731597,18.33363369972475,8100
2000-10-20,18.757047653198242,19.159286824090756,18.555928067751985,18.555928067751985,11400
2000-10-23,19.032262802124023,19.095774246402524,18.862898950714687,18.926410394993187,4000
2000-10-24,19.074600219726562,19.519180247045384,19.011088787252444,19.180452607183422,103300
2000-10-25,18.735862731933594,19.148686826027046,18.735862731933594,19.138101592845164,5800
2000-10-26,19.000497817993164,19.09576493797196,18.725281693609976,19.011083053546365,4800
2000-10-27,19.169857025146484,19.169857025146484,18.926396665357213,18.926396665357213,3000
2000-10-30,19.540353775024414,19.540353775024414,19.1381146398939,19.349819447857328,3700
2000-10-31,19.98493194580078,19.98493194580078,19.434499498141015,19.667374764458607,22700
2000-11-01,20.12254524230957,20.12254524230957,19.879084673886048,20.016692821255866,5900
2000-11-02,20.3024845123291,20.3024845123291,20.06960929894472,20.06960929894472,16200
2000-11-03,20.228395462036133,20.376588835384382,20.217810221082686,20.32366263061715,5400
2000-11-06,20.365997314453125,20.45067921596852,20.196633511422327,20.196633511422327,9100
2000-11-07,20.450674057006836,20.450674057006836,20.21779888658543,20.302480766738668,29100
2000-11-08,20.281326293945312,20.57771310826184,20.281326293945312,20.49303116131426,14800
2000-11-09,19.34981918334961,19.752058312981603,19.074602936759298,19.752058312981603,14700
2000-11-10,19.27572250366211,19.423915867226782,19.22279630238901,19.22279630238901,11200
2000-11-13,18.862890243530273,18.968742601799242,18.651185526992336,18.884060715184066,21200
2000-11-14,19.318056106567383,19.34981181523571,19.07459567344352,19.095766145889073,8600
2000-11-15,19.413326263427734,19.47683769067995,19.21220674379571,19.392155787676995,4000
2000-11-16,19.180450439453125,19.42391090308857,19.180450439453125,19.4133256655392,3700
2000-11-17,19.05342674255371,19.402739566167195,18.947574371761746,19.138108639187283,11500
2000-11-20,18.947580337524414,19.032262260820612,18.778216490932017,18.947580337524414,3500
2000-11-21,18.50299835205078,18.50299835205078,18.291293565414044,18.33363452274139,8200
2000-11-22,18.323047637939453,18.38655906822694,18.248950969270723,18.37597382984569,3500
2000-11-24,18.407730102539062,18.418315341240927,18.10075818018505,18.10075818018505,9400
2000-11-27,18.524171829223633,18.693535685947964,18.50300134713309,18.693535685947964,5000
2000-11-28,18.291296005249023,18.693535153512602,18.291296005249023,18.545341783099705,19800
2000-11-29,18.333633422851562,18.43948580981953,18.185440081096413,18.333633422851562,120200
2000-11-30,18.164262771606445,18.291285588191105,17.86787619957557,18.121921832744892,6100
2000-12-01,18.291296005249023,18.524171301612146,18.206614079298795,18.206614079298795,7400
2000-12-04,18.301877975463867,18.375974647429306,18.227781303498425,18.248951781202837,25500
2000-12-05,18.778209686279297,18.86289157888935,18.35480022322903,18.35480022322903,14600
2000-12-06,18.97932243347168,19.11693046003896,18.905225803781608,19.053419063161755,10700
2000-12-07,18.66177749633789,18.84172657032413,18.63002177739914,18.84172657032413,5000
2000-12-08,19.064014434814453,19.222793011450886,18.92640633506288,19.053429196372026,45300
2000-12-11,19.26512908935547,19.307470032408997,18.905231073400476,19.03225390256106,6600
2000-12-12,19.307477951049805,19.349818911468773,19.053432188535993,19.053432188535993,7600
2000-12-13,19.413326263427734,19.51917864218143,19.328644360424775,19.413326263427734,7200
2000-12-14,19.24397087097168,19.370993781011098,19.095777475925694,19.24397087097168,9300
2000-12-15,18.757047653198242,18.979337721323052,18.60885427444837,18.778218135876795,10300
2000-12-18,18.65454864501953,18.972162980632802,18.50632862173334,18.919227258030592,12800
2000-12-19,18.67572784423828,19.03569085257394,18.67572784423828,18.760425022670198,29600
2000-12-20,17.828763961791992,18.231075737651906,17.722892441828858,18.040507001718264,94400
2000-12-21,17.955812454223633,17.976986761363047,17.59584923285358,17.7652436899689,25800
2000-12-22,18.26283073425293,18.315766475511634,18.040500620966373,18.104023510476818,10200
2000-12-26,18.29460334777832,18.485172132651012,18.104034562905632,18.400474894929815,16500
2000-12-27,18.358121871948242,18.358121871948242,18.12520452409192,18.12520452409192,14400
2000-12-28,18.67572784423828,18.67572784423828,18.209893362862722,18.209893362862722,10400
2000-12-29,18.463993072509766,18.73925902427883,18.463993072509766,18.569864592420945,34100
2001-01-02,17.71229362487793,18.485155211617972,17.71229362487793,18.29458660118892,9400
2001-01-03,19.109806060791016,19.395659115439965,17.97698099236739,17.97698099236739,177400
2001-01-04,19.670923233032227,19.734446128294977,19.183914369351125,19.268611563034796,44300
2001-01-05,19.141572952270508,19.332141709538686,19.05687572681798,19.247444484086163,43300
2001-01-08,18.86629867553711,19.099215943136333,18.559271368247224,19.099215943136333,9500
2001-01-09,19.099220275878906,19.141568879594825,18.898064408228297,18.972174464731154,12600
2001-01-10,19.2474365234375,19.374482309070753,19.035693547382085,19.035693547382085,8300
2001-01-11,19.6815128326416,19.88266869268474,19.54387987576998,19.734448585284532,36500
2001-01-12,19.946191787719727,20.009714691502275,19.69210017258954,19.850907432045908,39900
2001-01-16,20.157936096191406,20.157936096191406,19.73445004375041,19.86149585948271,50600
2001-01-17,20.306154251098633,20.49672295627057,20.157934147076016,20.39085145339727,47900
2001-01-18,20.242639541625977,20.26381385076994,20.073245068474296,20.15794230505014,10100
2001-01-19,19.745040893554688,20.115591258849282,19.745040893554688,20.115591258849282,19200
2001-01-22,19.60740089416504,19.734446688295698,19.501529399056157,19.501529399056157,11000
2001-01-23,20.062650680541992,20.062650680541992,19.64975180110076,19.734449007139986,13000
2001-01-24,19.872079849243164,20.115584290656376,19.776795502603214,19.91442844774981,24700
2001-01-25,19.840322494506836,19.925019708997795,19.66034091371355,19.8191481908841,7700
2001-01-26,19.6391658782959,19.670927332546512,19.332138487206638,19.670927332546512,221300
2001-01-29,19.961435317993164,19.98176311108822,19.588768157887372,19.724284193767676,34900
2001-01-30,19.920780181884766,20.11050236561998,19.676853136941375,19.920780181884766,229800
2001-01-31,19.79881477355957,20.002088806057532,19.79881477355957,19.853020923750382,20200
2001-02-01,20.06307601928711,20.08340252307342,19.853026002731326,19.98854205906558,22400
2001-02-02,19.825923919677734,20.090178812617157,19.690407860932076,20.090178812617157,123200
2001-02-05,19.8123722076416,19.961438839506286,19.77171790665613,19.805596275414533,15100
2001-02-06,19.832691192626953,20.035963899616863,19.832691192626953,19.97498182904462,21100
2001-02-07,20.022424697875977,20.22569882573707,19.961442588755364,19.974994455754874,19100
2001-02-08,20.14438247680664,20.22569236043517,20.00886772726144,20.15793433947419,510300
2001-02-09,19.81914520263672,19.96143588118661,19.703956956601537,19.96143588118661,10600
2001-02-12,19.981761932373047,20.083398307099444,19.78526511355223,19.78526511355223,14600
2001-02-13,20.00208854675293,20.225689074938366,20.00208854675293,20.056294696241018,17600
2001-02-14,19.78527069091797,19.988543497672318,19.575220659244557,19.988543497672318,5600
2001-02-15,19.866575241088867,19.961435692559068,19.819145015353765,19.934333260300463,17100
2001-02-16,19.77849006652832,19.934332600896198,19.737834480920167,19.934332600896198,8500
2001-02-20,19.758167266845703,19.96821600939623,19.717512963340408,19.934337638537983,13700
2001-02-21,19.656524658203125,19.90722762513592,19.64974872769459,19.85302147344424,12700
2001-02-22,19.283864974975586,19.65653356759881,19.283864974975586,19.636205766859558,36900
2001-02-23,19.229650497436523,19.2432023587458,18.829880927825823,19.2432023587458,62400
2001-02-26,19.331283569335938,19.480350131171164,19.20254350225587,19.31095578220446,8000
2001-02-27,19.676860809326172,19.737841625057126,19.310968160677564,19.446484243668266,9200
2001-02-28,19.41937255859375,19.649749029920883,19.40582069736824,19.649749029920883,8000
2001-03-01,19.351613998413086,19.419372010250722,19.297407847418295,19.331287499525406,16900
2001-03-02,19.385501861572266,19.493914209481705,19.148349365878943,19.209331473125143,5600
2001-03-05,19.277082443237305,19.48035519791708,19.277082443237305,19.48035519791708,4600
2001-03-06,19.34483528137207,19.47357535608094,19.304180997076365,19.338060644303116,5200
2001-03-07,19.432924270629883,19.514232852605463,19.33806382753283,19.514232852605463,5000
2001-03-08,19.541337966918945,19.541337966918945,19.344839843789522,19.344839843789522,18200
2001-03-09,19.37193489074707,19.399037310404186,19.161886291993962,19.38548674676369,27300
2001-03-12,18.40301513671875,18.8773201701673,18.33525709017221,18.863768302382542,23300
2001-03-13,18.4097900390625,18.436892480736148,18.064225184177555,18.416565972575203,56800
2001-03-14,18.05743980407715,18.308144043384885,17.82028742470529,17.888045432008177,51000
2001-03-15,18.592723846435547,18.592723846435547,18.13197101685987,18.226831437404403,14400
2001-03-16,18.34537124633789,18.602898425767886,18.243716325031293,18.602898425767886,10200
2001-03-19,18.34537124633789,18.35214841343999,18.182723113724844,18.230161990827092,15100
2001-03-20,17.95908546447754,18.56901641040895,17.95908546447754,18.41992258132745,10200
2001-03-21,17.484691619873047,17.891312625765742,17.41014536183171,17.891312625765742,44700
2001-03-22,17.098403930664062,17.416924377168,16.63756682793617,17.369484199147333,45600
2001-03-23,17.484691619873047,17.484691619873047,17.084847781550025,17.254273092954268,18600
2001-03-26,17.78965950012207,17.911645943512365,17.62023417154948,17.62023417154948,8700
2001-03-27,18.318262100219727,18.318262100219727,18.020073239607292,18.020073239607292,7800
2001-03-28,17.938737869262695,18.060724207558767,17.823528693384358,17.823528693384358,2400
2001-03-29,18.16238784790039,18.311482908018757,17.93874655033503,17.93874655033503,13500
2001-03-30,18.175949096679688,18.29793554043394,18.0946256625853,18.189503433232975,14700
2001-04-02,17.952299118041992,18.467352026934154,17.952299118041992,18.264042246434748,3000
2001-04-03,17.55245590209961,17.789651514143948,17.416916475654343,17.789651514143948,29400
2001-04-04,17.660892486572266,17.660892486572266,17.444028314590515,17.586346235336308,7500
2001-04-05,18.10139274597168,18.182717433177405,17.82353544465453,17.82353544465453,5000
2001-04-06,18.02007293701172,18.189498217508174,17.91841802723631,17.992964271678378,12900
2001-04-09,18.243717193603516,18.297933240389057,18.121730765182917,18.162392477118946,4700
2001-04-10,18.60289764404297,18.66389085278638,18.31826310077785,18.35214764225201,12700
2001-04-11,18.379249572753906,18.62322102568936,18.236931706980624,18.62322102568936,8400
2001-04-12,18.365694046020508,18.48090324694545,18.209823154360834,18.33180822656503,8100
2001-04-16,18.49447250366211,18.643566351780823,18.433479272019706,18.555464442691626,4300
2001-04-17,18.81298065185547,18.81298065185547,18.528346169004312,18.65710972597825,4400
2001-04-18,19.56524085998535,19.721111878715103,18.880762260322165,18.880762260322165,12900
2001-04-19,19.585559844970703,19.660107373187365,19.395804380582344,19.53134381334372,7300
2001-04-20,19.63977813720703,19.63977813720703,19.409359653117317,19.63300097089706,14700
2001-04-23,19.185726165771484,19.572015754813222,19.185726165771484,19.572015754813222,13000
2001-04-24,19.23993492126465,19.4025830395001,19.158611508453095,19.192496048355853,8007800
2001-04-25,19.463581085205078,19.463581085205078,19.07051437857684,19.07051437857684,14700
2001-04-26,19.70754623413086,19.775316596799907,19.382250044454032,19.49068210767964,33300
2001-04-27,19.517789840698242,19.565230000278657,19.328034372825314,19.531344172006932,10600
2001-04-30,19.517789840698242,19.829532997737196,19.450020769379158,19.639776237252086,20000
2001-05-01,19.8227596282959,19.870198504349048,19.48390903635922,19.57878678846551,18600
2001-05-02,19.883750915527344,19.883750915527344,19.633000932991845,19.72787996853592,19000
2001-05-03,19.497459411621094,19.626221679732996,19.38225018204949,19.626221679732996,14000
2001-05-04,19.558460235595703,19.612676288733773,19.273825633467666,19.341596023043422,11300
2001-05-07,19.60588836669922,19.687211755494168,19.477124826393258,19.517786520790736,15900
2001-05-08,19.280603408813477,19.558460851472123,19.26027190351673,19.558460851472123,7800
2001-05-09,19.402591705322266,19.443254722501795,19.199281789876284,19.239943514442896,8200
2001-05-10,19.531354904174805,19.646564198379973,19.490693180517948,19.524577734796516,8300
2001-05-11,19.626220703125,19.680438025036977,19.50423560665935,19.65332936408099,14100
2001-05-14,19.538122177124023,19.693993116034463,19.477128976226506,19.693993116034463,22600
2001-05-15,19.626220703125,19.734654054336854,19.450019577359473,19.48390411094236,69600
2001-05-16,20.168392181396484,20.21583106872629,19.59912294821335,19.626230329853495,17300
2001-05-17,20.34459114074707,20.473353443170623,20.229381880475334,20.229381880475334,19600
2001-05-18,20.398805618286133,20.398805618286133,20.14805561488177,20.385251284564294,9400
2001-05-21,20.710552215576172,20.791876943661524,20.37847872006866,20.439471942979498,68500
2001-05-22,20.737655639648438,20.87997226200615,20.669885265501367,20.669885265501367,8900
2001-05-23,20.39202117919922,20.669878458345064,20.371689685867103,20.669878458345064,8800
2001-05-24,20.64277458190918,20.64277458190918,20.425910439917022,20.466573435999738,10600
2001-05-25,20.493684768676758,20.541123647330494,20.385252676721787,20.541123647330494,17000
2001-05-29,20.337806701660156,20.439461590821253,20.263259179723065,20.331029536701145,5300
2001-05-30,20.270038604736328,20.398802168090263,20.093836173992045,20.36491633951702,18100
2001-05-31,20.263259887695312,20.263259887695312,20.04639577187814,20.14127349939513,5000
2001-06-01,20.202274322509766,20.229382993529978,19.99218729255344,20.19549715475471,15600
2001-06-04,20.229387283325195,20.29038051344217,20.08029214632243,20.2361644525174,6800
2001-06-05,20.41913604736328,20.41913604736328,20.22938054365244,20.27681941958015,93200
2001-06-06,20.256484985351562,20.45301892014824,20.215823282246546,20.45301892014824,9800
2001-06-07,20.371692657470703,20.38524698833594,20.195490234059022,20.270037761205693,4300
2001-06-08,20.263259887695312,20.3649147804081,20.100611800832432,20.3649147804081,7500
2001-06-11,20.161609649658203,20.263264565839883,20.03962323319523,20.22938002465012,12500
2001-06-12,20.114168167114258,20.229377401879745,19.829533663141426,19.958297229670432,7700
2001-06-13,20.019290924072266,20.249708106677733,19.992182259876177,20.11416866353406,9300
2001-06-14,19.646547317504883,19.924404560207478,19.646547317504883,19.870188544377992,3400
2001-06-15,19.593666076660156,19.661464488698893,19.288575162206566,19.458070545729836,56100
2001-06-18,19.295358657836914,19.593670969410862,19.295358657836914,19.593670969410862,10900
2001-06-19,19.349599838256836,19.55299384676038,19.329259920147454,19.39027838132803,8100
2001-06-20,19.76994514465332,19.797065031822374,19.32247735154306,19.32247735154306,4600
2001-06-21,19.993682861328125,20.034361406706612,19.76994892202497,19.76994892202497,7400
2001-06-22,19.736047744750977,19.905543170128368,19.668249315970524,19.864863336971617,6800
2001-06-25,19.78350830078125,19.78350830078125,19.641131456318643,19.688591266571247,5100
2001-06-26,19.478412628173828,19.661467985288784,19.478412628173828,19.661467985288784,31600
2001-06-27,19.79706573486328,19.810624385781914,19.47841351504775,19.47841351504775,33600
2001-06-28,19.94622802734375,20.115723506402365,19.837751024198067,19.885209551430815,12400
2001-06-29,20.03435707092285,20.183513860276587,19.7970645299462,19.7970645299462,19600
2001-07-02,20.176734924316406,20.244533350852944,19.925881134075443,20.034358099274932,5600
2001-07-03,20.176734924316406,20.176734924316406,20.054698015180122,20.149615036442817,3500
2001-07-05,19.93943977355957,20.122495125288378,19.93943977355957,20.108935182238685,13200
2001-07-06,19.56656265258789,19.864873827725773,19.458085626510815,19.864873827725773,20100
2001-07-09,19.458084106445312,19.614019657605905,19.458084106445312,19.485202714272,6100
2001-07-10,19.458084106445312,19.62079963284959,19.336047138355088,19.62079963284959,28800
2001-07-11,19.444522857666016,19.458082807248,19.214008887364137,19.288587316917088,14500
2001-07-12,19.63435173034668,19.63435173034668,19.41061779464686,19.41061779464686,3300
2001-07-13,19.76994514465332,19.76994514465332,19.478412823322945,19.60722970108117,13400
2001-07-16,19.675031661987305,19.77672867085415,19.552994734088035,19.769948697843343,18700
2001-07-17,19.81062126159668,19.85130108737959,19.60722730527108,19.60722730527108,9500
2001-07-18,19.61400604248047,19.769941485397972,19.4716292474905,19.68180445470678,4900
2001-07-19,19.498756408691406,19.790288784893043,19.37671947975606,19.729270320425368,17100
2001-07-20,19.546213150024414,19.641130178057132,19.478414718652107,19.55977309492838,10800
2001-07-23,19.166542053222656,19.54621142499372,19.166542053222656,19.45807437719143,11400
2001-07-24,19.07840919494629,19.254684634355574,18.908913729339023,19.254684634355574,21300
2001-07-25,19.186880111694336,19.32925693014087,18.969926191344733,18.969926191344733,10900
2001-07-26,19.749605178833008,19.749605178833008,19.458074151394644,19.593669707451404,12300
2001-07-27,19.776729583740234,19.783509557064004,19.627574050060403,19.661472623531555,8600
2001-07-30,19.776729583740234,19.79028953038777,19.627574050060403,19.742831010269082,12500
2001-07-31,19.63435173034668,19.86486563902499,19.63435173034668,19.763168630642824,11900
2001-08-01,19.61400604248047,19.783501426472665,19.55976757132885,19.55976757132885,20700
2001-08-02,19.817405700683594,19.864864214983296,19.67503015778448,19.729268644576646,13300
2001-08-03,19.65468978881836,19.702148302027894,19.559772762399295,19.702148302027894,3100
2001-08-06,19.525875091552734,19.681811886498647,19.525875091552734,19.681811886498647,4200
2001-08-07,19.580108642578125,19.668246977457493,19.546210078792104,19.593668585351462,18500
2001-08-08,19.444522857666016,19.722495358356877,19.322485897724086,19.485201413264004,5500
2001-08-09,19.356374740600586,19.390274597500987,19.186879335540517,19.25467775619401,21400
2001-08-10,19.390277862548828,19.55977329614952,19.180103886965277,19.356377999940168,23800
2001-08-13,19.539430618286133,19.55299056141401,19.410613744866012,19.410613744866012,8000
2001-08-14,19.288576126098633,19.519089962661326,19.288576126098633,19.49875005008913,4500
2001-08-15,19.024171829223633,19.356382806395835,19.017391855018342,19.356382806395835,19600
2001-08-16,19.11908721923828,19.11908721923828,18.902131957652646,18.94959176975265,5300
2001-08-17,18.90891456604004,19.030951513580927,18.854676066371624,18.881795962779748,11800
2001-08-20,19.051300048828125,19.119098527351756,18.94282300044969,18.949602977616895,18800
2001-08-21,19.15976905822754,19.322484562523677,19.11231053111798,19.152989083905048,16400
2001-08-22,19.085189819335938,19.24112534265478,19.003832717233855,19.119089689501656,81300
2001-08-23,19.186880111694336,19.23433991327476,19.11908298144561,19.152981546569972,41400
2001-08-24,19.532655715942383,19.586894209382802,19.2275646752704,19.302141795533675,10800
2001-08-27,19.288576126098633,19.525868640371506,19.288576126098633,19.49197007923173,11500
2001-08-28,19.017393112182617,19.30892555654297,19.017393112182617,19.254687052462995,18600
2001-08-29,18.84788703918457,19.1529792614938,18.84788703918457,19.119080700413758,28700
2001-08-30,18.461442947387695,18.9360306949229,18.41398443126369,18.9360306949229,22500
2001-08-31,18.637720108032227,18.691958601997726,18.441106052337677,18.441106052337677,181100
2001-09-04,18.556358337402344,18.99026617978032,18.556358337402344,18.61059681769959,132700
2001-09-05,18.56992530822754,18.61060515653839,18.373311213983566,18.563145333509063,22800
2001-09-06,18.02754020690918,18.373311157602664,18.02754020690918,18.373311157602664,20200
2001-09-07,17.67498016357422,17.92583392538897,17.49192482061323,17.864815477735313,25800
2001-09-10,17.44447135925293,17.769902312069355,17.38345289395639,17.424132732919187,24000
2001-09-17,15.986814498901367,16.610557951245482,15.783420429002442,16.271566972648635,35000
2001-09-18,15.695274353027344,15.986806658549163,15.59357736795277,15.898669616323819,20000
2001-09-19,15.43764877319336,15.837658213187764,15.024079384316595,15.627482884954839,39600
2001-09-20,14.847800254821777,15.424085008265614,14.746103249660532,15.424085008265614,17800
2001-09-21,14.89460277557373,14.989560143231861,14.243473193412454,14.243473193412454,43600
2001-09-24,15.355819702148438,15.430428782767812,15.267646392608718,15.32868995062831,1752100
2001-09-25,15.247298240661621,15.464341429418742,15.13877664628306,15.41008063222946,39400
2001-09-26,15.389734268188477,15.593211942509866,15.260864384489196,15.464342058810585,32500
2001-09-27,15.627120971679688,15.63390243756096,15.267642477054244,15.430424825466018,7400
2001-09-28,15.939122200012207,15.939122200012207,15.783122591090859,15.89164417066043,17900
2001-10-01,15.640689849853516,15.939124890891962,15.640689849853516,15.939124890891962,13100
2001-10-02,15.84416389465332,15.945902699363625,15.708511292586856,15.708511292586856,22500
2001-10-03,16.43425178527832,16.48851257412797,15.769556798450317,15.769556798450317,149100
2001-10-04,16.38677406311035,16.58347023491727,16.346078794132094,16.48173012195271,31300
2001-10-05,16.210430145263672,16.386778078958777,16.08834301473017,16.346082800007473,10200
2001-10-08,16.088340759277344,16.162949838294814,15.9594721783846,16.08155799812308,34600
2001-10-09,15.939122200012207,15.952687720878222,15.803469578710606,15.871295889361408,48700
2001-10-10,16.2850284576416,16.2850284576416,15.769550521899356,15.769550521899356,900
2001-10-11,16.67163848876953,16.80729106922332,16.549551425096897,16.549551425096897,33600
2001-10-12,16.522430419921875,16.630952024184122,16.210429837408235,16.61738650023145,19400
2001-10-15,16.58346939086914,16.58346939086914,16.346077962166465,16.413904269464258,7800
2001-10-16,16.74625587463379,16.854777475553544,16.583473473254156,16.61738598841176,29000
2001-10-17,16.244340896606445,16.854775140635553,16.244340896606445,16.753036315577262,45100
2001-10-18,15.986599922180176,16.108687020269848,15.93912189374069,16.108687020269848,13700
2001-10-19,15.932343482971191,16.040865090081933,15.844170162323564,15.87129991726145,24100
2001-10-22,16.379993438720703,16.379993438720703,15.973036814830614,15.973036814830614,13200
2001-10-23,16.481733322143555,16.719124809022066,16.38677724486396,16.502081607423264,32000
2001-10-24,16.217212677001953,16.515647736991262,16.210429914993153,16.515647736991262,15200
2001-10-25,16.312164306640625,16.413904415331064,15.973034060817085,15.973034060817085,6800
2001-10-26,16.45460319519043,16.58347307834362,16.278255274475406,16.278255274475406,8300
2001-10-29,16.034072875976562,16.366420263547173,16.034072875976562,16.291812511188933,17600
2001-10-30,15.81025505065918,15.979820209527578,15.776342536357298,15.93912493362942,5200
2001-10-31,16.02052116394043,16.108694501466164,15.905216772603795,15.939129296187573,11200
2001-11-01,16.244340896606445,16.244340896606445,15.91877484526882,15.91877484526882,5300
2001-11-02,16.33251953125,16.48173643713074,16.278258720595208,16.278258720595208,569000
2001-11-05,16.58346939086914,16.753034512274024,16.481729283082846,16.54955559038064,27200
2001-11-06,16.786943435668945,16.786943435668945,16.51563955807069,16.685204643279466,35100
2001-11-07,16.691991806030273,16.773382343944782,16.61738273487591,16.732687074987528,5600
2001-11-08,16.83442497253418,16.95651206640094,16.705555118599356,16.82085945239805,18400
2001-11-09,16.73268699645996,16.841208575622858,16.617382656889475,16.617382656889475,19200
2001-11-12,16.77338409423828,16.814080661121476,16.37999300345661,16.481731833305776,32300
2001-11-13,17.2617244720459,17.336332222403374,16.956506831605477,16.956506831605477,17100
2001-11-14,17.465213775634766,17.7026052895735,17.431301256649093,17.7026052895735,11400
2001-11-15,17.668682098388672,17.872160985335338,17.533030800769883,17.63476959740372,115100
2001-11-16,17.668682098388672,17.906073486320288,17.566943301754833,17.906073486320288,25200
2001-11-19,17.97390365600586,18.089207995357597,17.83825103546996,17.939991147711517,77800
2001-11-20,17.97390365600586,18.12990326404666,17.885730358233012,18.007816164300202,10100
2001-11-21,17.79755210876465,17.83824736908942,17.63476977378656,17.83824736908942,12700
2001-11-23,17.872169494628906,17.97390833970262,17.736516838744215,17.736516838744215,59300
2001-11-26,18.10276985168457,18.143465112135875,17.973900017629934,18.04172631416811,34600
2001-11-27,18.041723251342773,18.177374527711493,17.906070681295265,18.075635747015255,87100
2001-11-28,17.763641357421875,17.93998922777409,17.702597814081525,17.824684900762225,38600
2001-11-29,17.804338455200195,17.804338455200195,17.566947017061675,17.736512145206436,21800
2001-11-30,17.878942489624023,18.04172481155081,17.770420941672832,17.804333440277993,25200
2001-12-03,17.892515182495117,18.00781954348382,17.72973278351333,17.77042935351841,7200
2001-12-04,18.123123168945312,18.123123168945312,17.83825365886874,17.83825365886874,17700
2001-12-05,18.753896713256836,18.855635497768766,18.285896752087343,18.285896752087343,33900
2001-12-06,18.821735382080078,19.01164885346179,18.68608271771033,18.753909049895203,31000
2001-12-07,18.713199615478516,18.923459921922458,18.625025062219674,18.787808653823888,11100
2001-12-10,18.28590202331543,18.679294345873704,18.211294249795074,18.65216330555415,30200
2001-12-11,18.414770126342773,18.58433523117775,18.27911881868224,18.306248562742713,29000
2001-12-12,18.33338165283203,18.448685988774844,18.211294556695027,18.346945879541188,34000
2001-12-13,17.939990997314453,18.224860463108275,17.939990997314453,18.075642323033875,22800
2001-12-14,17.906085968017578,18.09599946948063,17.804347100465183,17.939999786321636,62200
2001-12-17,18.075641632080078,18.109555432472998,17.906076511153103,18.007815324973446,10000
2001-12-18,18.340160369873047,18.346941834893013,18.143464248641507,18.143464248641507,66400
2001-12-19,18.245206832885742,18.374076687584626,18.109555511757794,18.109555511757794,16000
2001-12-20,18.02138328552246,18.211296712402596,18.02138328552246,18.07564407981973,21300
2001-12-21,17.992162704467773,18.107671355726396,17.903833169256632,18.03972486157928,80900
2001-12-24,18.07370376586914,18.20959549585496,18.012552033785344,18.012552033785344,4200
2001-12-26,18.20958709716797,18.34548006044872,18.155230171049936,18.175614504333453,30400
2001-12-27,18.413429260253906,18.427018817782322,18.175617187392778,18.175617187392778,375200
2001-12-28,18.59688377380371,18.678418524290187,18.420223419787686,18.420223419787686,28600
2001-12-31,18.31151008605957,18.685213844562202,18.31151008605957,18.549320861849502,27100
2002-01-02,18.467788696289062,18.481378255658502,18.209592252156575,18.481378255658502,182900
2002-01-03,18.549325942993164,18.549325942993164,18.379460316057433,18.481380728996378,9300
2002-01-04,18.766748428344727,18.88905054807272,18.637650234442955,18.780336688777993,51000
2002-01-07,18.78713035583496,19.092888876999744,18.78713035583496,19.05891498799735,25600
2002-01-08,18.889049530029297,18.990969901600003,18.64444400778513,18.64444400778513,33200
2002-01-09,18.78713035583496,19.08609409919927,18.766747318404878,18.821104244837354,20100
2002-01-10,18.841493606567383,18.882262287054594,18.65124494818088,18.787136661889555,10000
2002-01-11,18.719196319580078,18.855089373997775,18.719196319580078,18.753170231170607,5300
2002-01-14,18.583293914794922,18.75315948751522,18.556114801093365,18.61726651095039,77400
2002-01-15,18.814311981201172,18.84148980006352,18.624062065278647,18.75316026879649,14900
2002-01-16,18.352283477783203,18.732782139734056,18.3454886968233,18.651247360159136,86000
2002-01-17,18.467788696289062,18.481378255658502,18.209592252156575,18.481378255658502,58800
2002-01-18,18.325098037719727,18.48137535398851,18.277535883365903,18.311509776455424,20600
2002-01-22,18.277536392211914,18.406634597603173,18.12805514637099,18.34548288431108,1036000
2002-01-23,18.20958709716797,18.311507467614202,18.01254372597936,18.311507467614202,908500
2002-01-24,18.359067916870117,18.447397427647914,18.209585411901376,18.209585411901376,60900
2002-01-25,18.37945556640625,18.48137595300675,18.243563877558163,18.31151036996798,28900
2002-01-28,18.413429260253906,18.413429260253906,18.263946719384407,18.31151017073386,47700
2002-01-29,18.06690216064453,18.37945418792779,17.937803964345534,18.311508996585484,32700
2002-01-30,17.992162704467773,18.03972486157928,17.564101994492642,17.903833169256632,34800
2002-01-31,18.175615310668945,18.24356179532367,18.073696231672557,18.175615310668945,56900
2002-02-01,18.141639709472656,18.379450422391567,18.141639709472656,18.379450422391567,24200
2002-02-04,17.795129776000977,18.060119833650276,17.700004109789877,18.060119833650276,35100
2002-02-05,17.89023780822754,17.964979057142916,17.733961829560076,17.733961829560076,70600
2002-02-06,17.795129776000977,17.998968082504692,17.795129776000977,17.971790246424625,13800
2002-02-07,18.141639709472656,18.3115052449697,17.93780028929349,17.93780028929349,50600
2002-02-08,18.515350341796875,18.515350341796875,18.189208701855303,18.209591744369355,20800
2002-02-11,18.685213088989258,18.71239220282137,18.51534751545299,18.51534751545299,121200
2002-02-12,18.515350341796875,18.712395059243867,18.45419862231137,18.617269442282154,34700
2002-02-13,18.82111167907715,18.990977303271087,18.617272152461304,18.719191267783295,209800
2002-02-14,18.875463485717773,19.024944727743154,18.821106552620225,18.923025640181688,33500
2002-02-15,18.583293914794922,18.889051168108576,18.583293914794922,18.889051168108576,19900
2002-02-19,18.277536392211914,18.617267556736195,18.277536392211914,18.51534846657322,58900
2002-02-20,18.719196319580078,18.719196319580078,18.345492363889726,18.379464979508043,22200
2002-02-21,18.583293914794922,18.855078571953104,18.583293914794922,18.671623442382028,15300
2002-02-22,18.753154754638672,18.780332565509685,18.522137530364926,18.583289224788633,16800
2002-02-25,19.079309463500977,19.086104244913397,18.753167731537005,18.889059471869306,27200
2002-02-26,19.024948120117188,19.16084112507815,18.889055115156225,19.03174289996241,23300
2002-02-27,18.957000732421875,19.113276773649307,18.827902513334497,19.02494723172953,24000
2002-02-28,19.0113582611084,19.15404604366808,18.889054817763448,18.957001319174168,21100
2002-03-01,19.371477127075195,19.371477127075195,18.96379934480346,19.05892368547715,130200
2002-03-04,19.568517684936523,19.568517684936523,19.29673296908469,19.432625974996483,140400
2002-03-05,19.541332244873047,19.79952730030479,19.541332244873047,19.602483944101582,108100
2002-03-06,19.813119888305664,19.90824419234918,19.62966476253193,19.67043343224039,107200
2002-03-07,19.66364288330078,19.867481091799743,19.541339439812717,19.826713709294296,44800
2002-03-08,19.86747932434082,19.955810157211513,19.711203291996195,19.908246703219504,46700
2002-03-11,19.772357940673828,19.87427705097163,19.70441143515136,19.840304446196296,37600
2002-03-12,19.70441436767578,19.799538711981107,19.629673070880454,19.636467852041118,39900
2002-03-13,19.636457443237305,19.772350402473105,19.602484851414008,19.704403922855203,31700
2002-03-14,19.772357940673828,19.840304446196296,19.67043883037603,19.67043883037603,14300
2002-03-15,20.134668350219727,20.209441724330667,19.849166594526178,19.944333414240468,70700
2002-03-18,20.311410903930664,20.39298340804527,20.15506500897455,20.29101875031524,41200
2002-03-19,20.2910099029541,20.460951357255976,20.257020834163484,20.460951357255976,82700
2002-03-20,20.297821044921875,20.45416697436933,20.223046341033417,20.223046341033417,24200
2002-03-21,20.168659210205078,20.32500509405878,20.019111142590777,20.32500509405878,73800
2002-03-22,20.059890747070312,20.189046623909327,19.9511283128534,20.087080707349298,63800
2002-03-25,19.76080894470215,20.155073402927712,19.76080894470215,20.08709650394713,45400
2002-03-26,19.645235061645508,20.053094877792077,19.618045098729397,19.8491656179941,76900
2002-03-27,19.937545776367188,19.97833139184266,19.61125825946075,19.61125825946075,13900
2002-03-28,20.114273071289062,20.14826084764614,19.849164785362316,19.849164785362316,20400
2002-04-01,19.930736541748047,20.02590335553151,19.64523480384706,19.781188506295376,24700
2002-04-02,19.81517791748047,19.917142554448837,19.753998875989303,19.917142554448837,41000
2002-04-03,19.556873321533203,19.88316077695716,19.50928989635276,19.88316077695716,22800
2002-04-04,19.8355712890625,19.842369104374974,19.611248569953563,19.611248569953563,27400
2002-04-05,20.07349395751953,20.121077378393533,19.86956334392256,19.985123635995553,14800
2002-04-08,20.15506362915039,20.16186144540714,19.88315746163479,19.88315746163479,52900
2002-04-09,20.1822509765625,20.325001200592094,20.14146408693922,20.223036569635152,90100
2002-04-10,20.365785598754883,20.420168115061834,20.155058534267653,20.243428826715895,313200
2002-04-11,20.025903701782227,20.379382297019067,20.025903701782227,20.291013296485165,174000
2002-04-12,20.0938777923584,20.20943803658905,20.05309220514477,20.189045891257454,27100
2002-04-15,20.080284118652344,20.18224873830116,20.01910508755296,20.18224873830116,76300
2002-04-16,20.21624755859375,20.243438830184022,20.100687247437467,20.189057583554664,55000
2002-04-17,20.263822555541992,20.31140596447431,20.216239146609677,20.257024740473,164400
2002-04-18,20.47455406188965,20.522137478093523,20.16186100368429,20.460958429674015,192400
2002-04-19,20.637704849243164,20.685288281795096,20.46096545937077,20.46096545937077,44600
2002-04-22,20.542526245117188,20.6988733967343,20.5153362817168,20.6988733967343,39900
2002-04-23,20.392982482910156,20.576519636428568,20.392982482910156,20.528936218083256,22800
2002-04-24,20.528934478759766,20.7396615835283,20.51533884708417,20.590113524749146,34200
2002-04-25,20.590110778808594,20.671681964882062,20.460954888216538,20.460954888216538,20400
2002-04-26,20.25702667236328,20.59011315975689,20.22303889032758,20.569719712605004,42100
2002-04-29,19.794784545898438,20.189048735305004,19.713212063429555,20.134667512509292,702900
2002-04-30,19.991907119750977,20.02589488270776,19.67921555158842,19.747191077501988,80800
2002-05-01,20.352190017700195,20.420166862363217,19.944330246272546,20.05309267911319,253600
2002-05-02,20.284217834472656,20.46095715259208,20.223038789871673,20.358992510440697,136400
2002-05-03,20.15506362915039,20.27742172867013,19.985122112384282,20.27742172867013,43600
2002-05-06,19.77439308166504,20.19584727640526,19.77439308166504,20.121073897916304,140000
2002-05-07,19.81517791748047,19.998715041953954,19.76079669132729,19.917142554448837,66200
2002-05-08,20.25702667236328,20.27062230379787,19.917143665803152,19.957930560106927,206000
2002-05-09,20.025903701782227,20.189048666161245,20.019107183437836,20.189048666161245,24400
2002-05-10,19.76080894470215,20.121085601713176,19.713225504381196,20.121085601713176,27500
2002-05-13,19.991907119750977,20.012300555455077,19.76078670130472,19.84915695947243,43600
2002-05-14,20.352190017700195,20.352190017700195,20.05989049323454,20.202640700131457,35300
2002-05-15,20.528934478759766,20.7328637676905,20.331801709116032,20.331801709116032,125800
2002-05-16,20.58331871032715,20.664889919173664,20.52213965541677,20.651294285515583,20000
2002-05-17,20.576526641845703,20.678491329664634,20.494954113659745,20.630907895119222,38800
2002-05-20,20.392982482910156,20.474554983324197,20.263826564150804,20.399780299323904,34800
2002-05-21,20.21624755859375,20.501749427535675,20.148270676169254,20.494951609638104,47000
2002-05-22,20.0938777923584,20.19584240866769,19.93753196091412,20.12106904820111,51100
2002-05-23,20.277421951293945,20.277421951293945,20.032705749567754,20.243434166187928,15500
2002-05-24,20.19585609436035,20.32501205403471,20.19585609436035,20.223047368629192,44700
2002-05-28,20.175460815429688,20.32500891112937,20.032709240694935,20.32500891112937,13100
2002-05-29,20.1618595123291,20.25702633769744,20.08028831817074,20.175455143539082,15800
2002-05-30,20.121074676513672,20.24343276893128,19.971525320647345,20.066693446167044,41300
2002-05-31,20.27062225341797,20.352194745272005,20.093882934859874,20.093882934859874,15400
2002-06-03,19.92394256591797,20.37258805527164,19.92394256591797,20.358993719647927,23500
2002-06-04,19.876354217529297,19.99871228363541,19.76079396582358,19.92393762178156,31400
2002-06-05,20.04630470275879,20.087090310952036,19.849173182698834,19.849173182698834,48300
2002-06-06,19.77439308166504,20.03950140727746,19.72680966902186,20.00551362583255,236400
2002-06-07,19.917146682739258,19.957933583221198,19.577263624695576,19.611252708430527,29000
2002-06-10,19.957929611206055,20.093882029435772,19.849167158001993,19.849167158001993,35700
2002-06-11,19.808385848999023,20.216245811752522,19.808385848999023,20.08708987596118,52000
2002-06-12,19.40052604675293,19.6452409728343,19.033451712804364,19.6452409728343,85400
2002-06-13,19.04705238342285,19.305363011636018,19.04705238342285,19.284970852058162,83100
2002-06-14,18.9042911529541,19.026649234292105,18.476039164821785,18.856707742778365,104000
2002-06-17,19.434513092041016,19.434513092041016,19.20339251206553,19.20339251206553,101600
2002-06-18,19.522876739501953,19.604449220316777,19.407316481335464,19.407316481335464,19700
2002-06-19,19.45490264892578,19.63843847560804,19.441307018341703,19.441307018341703,31300
2002-06-20,18.938289642333984,19.509293441357716,18.938289642333984,19.509293441357716,16100
2002-06-21,18.541887283325195,18.77306602919145,18.541887283325195,18.73226886447817,164200
2002-06-24,18.684675216674805,18.89545669677502,18.195120866225103,18.63028028884706,544900
2002-06-25,18.39229393005371,18.94984331695406,18.39229393005371,18.834253983885024,309000
2002-06-26,18.698270797729492,18.698270797729492,18.052330015057073,18.120323986424246,52700
2002-06-27,19.174217224121094,19.174217224121094,18.650665605667367,18.834248842820198,103100
2002-06-28,18.820653915405273,19.262612648448215,18.73226139067064,19.106227470073698,20200
2002-07-01,18.031925201416016,18.698262989425146,17.99112805750612,18.698262989425146,200500
2002-07-02,17.623971939086914,18.05913132377043,17.46758669732593,18.05913132377043,114300
2002-07-03,17.651165008544922,17.651165008544922,17.351993643465068,17.474382518669096,23100
2002-07-05,18.242708206176758,18.25630725634486,17.848344829439455,17.848344829439455,9700
2002-07-08,18.018321990966797,18.2291019983018,17.977526153357896,18.086315918232497,154000
2002-07-09,17.19561004638672,18.05232965934981,17.15481288624401,18.05232965934981,32200
2002-07-10,16.400075912475586,17.052814607063418,16.291284833167776,16.998419715847763,92700
2002-07-11,16.71284294128418,16.71284294128418,15.890120210582067,15.998909971718277,174100
2002-07-12,16.930429458618164,16.957627558577645,16.379680903206527,16.590460990385363,66200
2002-07-15,16.624452590942383,16.624452590942383,16.0465061450083,16.590454978313133,38200
2002-07-16,16.508865356445312,16.808036603559597,16.495266309701076,16.556460723173654,39300
2002-07-17,16.869232177734375,16.882831225414304,16.638053554681857,16.86243265389441,40100
2002-07-18,16.073699951171875,16.658445810965286,16.073699951171875,16.658445810965286,32700
2002-07-19,15.414168357849121,15.686142837000027,15.325777138453807,15.570553521251314,47600
2002-07-22,15.284977912902832,15.706539270849415,15.155790863442608,15.468561147663914,32600
2002-07-23,14.999417304992676,15.339385973807689,14.924625079730108,15.060611769129581,41000
2002-07-24,15.97172737121582,15.99212595753852,14.720642608062143,14.788636598926963,36400
2002-07-25,16.515666961669922,16.617657231354922,15.978516219451405,16.04651016486695,106000
2002-07-26,16.88282585144043,16.88282585144043,16.420468752508327,16.508861237415076,35700
2002-07-29,17.637554168701172,17.637554168701172,17.161598073084797,17.249990549324764,117100
2002-07-30,17.766746520996094,17.984327368095933,17.372383261997037,17.47437481093113,81400
2002-07-31,18.276695251464844,18.276695251464844,17.521966506758766,17.576361382925658,53100
2002-08-01,17.766746520996094,18.19510739526532,17.678355315046485,18.154311553817536,37400
2002-08-02,17.623971939086914,18.01153592818033,17.41999130173583,17.71236320277178,100700
2002-08-05,16.869232177734375,17.623962464575037,16.869232177734375,17.576367094571854,71900
2002-08-06,17.283987045288086,17.583159488551132,17.161598259549745,17.270388003122484,64600
2002-08-07,17.861949920654297,17.909545315462967,17.460786883156562,17.678366571926063,72800
2002-08-08,18.52828025817871,18.562276583938452,18.018327590522418,18.018327590522418,156000
2002-08-09,18.501083374023438,18.64387080471212,18.222309334496295,18.324300912221116,52700
2002-08-12,18.52828025817871,18.582675157520317,18.222308138834254,18.30390113628501,24900
2002-08-13,18.086322784423828,18.473886631031725,18.086322784423828,18.35829729986123,44200
2002-08-14,18.541887283325195,18.603081733517868,17.664767695148416,17.848351045726428,41600
2002-08-15,18.671066284179688,18.861449079309867,18.514681111506697,18.664268056564943,191900
2002-08-16,18.521480560302734,18.664267980285985,18.419490287101375,18.56227641020794,34200
2002-08-19,18.779863357543945,18.779863357543945,18.48069066906557,18.528286058780452,54600
2002-08-20,18.541887283325195,18.698272524094353,18.521488700968554,18.664276183710538,45900
2002-08-21,18.854644775390625,18.881842866461984,18.51467641825682,18.732255959322238,64300
2002-08-22,19.446199417114258,19.459798469034478,18.800258716550466,18.800258716550466,41900
2002-08-23,18.943052291870117,19.344215375065854,18.943052291870117,19.344215375065854,57000
2002-08-26,19.15382194519043,19.16742099402927,18.854649355119317,19.140222896351588,25500
2002-08-27,18.609872817993164,19.228615269782104,18.535079346828567,19.228615269782104,36000
2002-08-28,18.46028709411621,18.657469423155266,18.371895865259333,18.582675947054003,67400
2002-08-29,18.50787925720215,18.630268088888066,18.222305748893852,18.222305748893852,23100
2002-08-30,18.453487396240234,18.705064624572675,18.26990541543196,18.26990541543196,41600
2002-09-03,17.685155868530273,18.303898236857954,17.685155868530273,18.222305252331928,55000
2002-09-04,18.229108810424805,18.263106435200537,17.746354210500417,17.814348163175104,87400
2002-09-05,18.018321990966797,18.215504250349696,17.793942938803394,17.882334136435396,31900
2002-09-06,18.018321990966797,18.154309845498197,17.9979234237242,18.086315918232497,17700
2002-09-09,18.222312927246094,18.26990961144444,17.848348058112645,17.848348058112645,29300
2002-09-10,18.29030418395996,18.3582981401507,18.133918992535044,18.133918992535044,22300
2002-09-11,18.324295043945312,18.73225603668974,18.290297429965698,18.73225603668974,13900
2002-09-12,17.977529525756836,18.188309572632,17.909535585736176,18.188309572632,35200
2002-09-13,18.113525390625,18.113525390625,17.78715586753993,17.834751260880186,23400
2002-09-16,18.113525390625,18.188318892660945,17.080021900855613,17.080021900855613,86200
2002-09-17,17.841548919677734,18.405896647242493,17.78715400485982,18.405896647242493,19400
2002-09-18,17.943531036376953,17.943531036376953,17.617161696370726,17.74635004645187,45300
2002-09-19,17.338388442993164,17.7191526888119,17.31119034842499,17.576366582958574,105200
2002-09-20,17.474117279052734,17.494577941445037,17.289963512081137,17.426372698021463,23300
2002-09-23,17.269498825073242,17.344524711096927,17.08534508714598,17.167191626526968,23300
2002-09-24,17.255861282348633,17.358169804117892,17.051246840623904,17.051246840623904,57100
2002-09-25,17.746938705444336,17.76739936985839,17.32406719515902,17.460477695485107,87400
2002-09-26,18.060680389404297,18.087963008857166,17.801502009136552,17.90380923027101,359300
2002-09-27,17.392276763916016,17.965198926094068,17.358174780820264,17.801507065601378,171300
2002-09-30,17.31041717529297,17.460468910335255,17.058059567841234,17.058059567841234,545800
2002-10-01,17.8492488861084,17.856069542344912,17.378634013046227,17.501403223489156,42100
2002-10-02,17.86289405822754,18.12889320439037,17.05125400341109,18.040227255971907,145600
2002-10-03,17.7946720123291,18.108414165885613,17.63780093555085,17.801492663611576,427000
2002-10-04,17.23540496826172,17.80150645419601,17.23540496826172,17.80150645419601,92400
2002-10-07,17.194473266601562,17.61052402297627,17.187653914020967,17.378627008036922,159000
2002-10-08,17.699195861816406,17.82196375408197,17.378631568331002,17.460478130748353,81700
2002-10-09,17.515039443969727,17.65144862632149,17.378628960711183,17.392270269218393,125400
2002-10-10,17.733293533325195,17.760576147811662,17.330884075996437,17.630986330814267,544700
2002-10-11,17.944732666015625,18.190271048512503,17.80150281016375,17.937912010845494,142700
2002-10-14,18.41534423828125,18.463087515198385,18.142524583821395,18.142524583821395,102600
2002-10-15,18.742727279663086,18.797291208971448,18.59949745306864,18.756368587216848,202100
2002-10-16,18.797290802001953,19.0291878217685,18.63359901762086,18.79047014837274,267100
2002-10-17,19.029176712036133,19.192868400849722,18.858664373575404,19.165587103167077,830600
2002-10-18,19.0360050201416,19.151953508978877,18.91323587891314,18.960979144745004,218500
2002-10-21,19.097402572631836,19.15196652794592,18.72227554246092,18.89278806543085,77200
2002-10-22,18.742727279663086,18.96098299689654,18.579035491737997,18.96098299689654,655500
2002-10-23,18.619970321655273,18.64043229640179,18.278945214658602,18.585868331318622,182600
2002-10-24,18.31304359436035,18.688170591084937,18.23119701823301,18.688170591084937,104100
2002-10-25,18.647241592407227,18.776831418357663,18.23801145318415,18.23801145318415,180100
2002-10-28,18.565401077270508,18.858682794034564,18.469914490754647,18.858682794034564,159600
2002-10-29,18.3335018157959,18.55175888936964,18.1288873541476,18.483553635184535,234700
2002-10-30,18.456270217895508,18.579039409957357,18.333501025833655,18.35396299147962,86100
2002-10-31,18.319868087768555,18.65407251688022,18.156176202136766,18.65407251688022,155300
2002-11-01,18.50400733947754,18.58585387388987,18.142521839831602,18.142521839831602,41200
2002-11-04,18.53130340576172,18.92007179944293,18.53130340576172,18.619969356585997,110600
2002-11-05,18.763193130493164,18.831398381493837,18.524475402444285,18.551758023207338,49000
2002-11-06,19.145139694213867,19.247446914807476,18.892781970143428,19.029191163965944,216300
2002-11-07,19.06329345703125,19.213343952785905,18.926882969322055,19.14513870893131,172300
2002-11-08,18.940521240234375,19.04282843915289,18.804110774405277,18.892777967466174,46600
2002-11-11,18.681346893310547,18.926885280811305,18.592680976105818,18.920064625502174,42000
2002-11-12,18.694990158081055,18.810938708642187,18.57904160751992,18.681348846036894,68900
2002-11-13,18.47673988342285,18.872328944418044,18.278944702471502,18.7495597011941,58000
2002-11-14,18.770015716552734,18.817759006892466,18.626784544626457,18.68134849085859,30600
2002-11-15,18.947338104248047,18.967798759395755,18.756363750462505,18.790465709646256,43300
2002-11-18,18.84503746032715,19.076934521733286,18.84503746032715,19.063294512932313,57100
2002-11-19,18.82457160949707,19.036006648079756,18.7631870336333,18.7631870336333,36600
2002-11-20,18.995092391967773,19.029194370943866,18.688169377554523,18.688169377554523,35300
2002-11-21,19.097402572631836,19.2338131113707,19.029197303262404,19.2338131113707,92700
2002-11-22,18.960981369018555,19.165597062037836,18.94734136354253,19.165597062037836,228500
2002-11-25,18.90642738342285,18.98145330706139,18.72909420994548,18.892787370776333,57000
2002-11-26,18.6063175201416,18.804111269807475,18.531291631868346,18.756367995781456,903700
2002-11-27,18.960981369018555,18.995084634975058,18.831392861103577,18.8586741729622,52900
2002-11-29,18.885961532592773,18.995089409269017,18.824576939349022,18.947346125836525,27200
2002-12-02,18.7154483795166,18.99508871590534,18.558575924227156,18.99508871590534,58900
2002-12-03,18.592679977416992,18.667705880880497,18.347141603105104,18.51765407395349,135600
2002-12-04,18.763193130493164,18.79729510554002,18.469911461825138,18.483552772206664,74500
2002-12-05,18.654067993164062,18.851861819162725,18.565400763548645,18.851861819162725,47900
2002-12-06,18.735916137695312,18.735916137695312,18.415353052879247,18.415353052879247,34200
2002-12-09,18.654067993164062,18.947349704972186,18.654067993164062,18.68816997322713,53200
2002-12-10,18.722261428833008,18.75636338735658,18.558568385382145,18.75636338735658,45100
2002-12-11,18.694990158081055,18.770016073416823,18.551760284338716,18.619964242745286,137400
2002-12-12,18.50400733947754,18.674519760338914,18.44944341683816,18.65405910241573,83400
2002-12-13,18.401710510253906,18.53812104412661,17.596891222400938,18.278941289949927,57600
2002-12-16,18.58585548400879,18.58585548400879,18.28575323304066,18.34713781394111,39900
2002-12-17,18.34032440185547,18.517657561040487,18.306222421626764,18.517657561040487,48000
2002-12-18,18.285762786865234,18.326686729451637,18.18345553221388,18.319866072353904,31700
2002-12-19,18.108423233032227,18.381244217311693,18.074321260450727,18.231192415776615,49000
2002-12-20,18.26520538330078,18.31312737685806,18.14197665370985,18.31312737685806,424800
2002-12-23,18.381580352783203,18.470578117605392,18.306273647781147,18.333658378973116,60000
2002-12-24,18.484268188476562,18.58011212419822,18.45003858451188,18.45003858451188,67500
2002-12-26,18.169355392456055,18.484271992217675,18.10774104801992,18.484271992217675,76000
2002-12-27,17.92974090576172,18.16250587405154,17.874972754739158,18.141967327752184,42800
2002-12-30,18.09404754638672,18.169354252813164,17.888665975889836,17.936589256382224,88600
2002-12-31,18.176198959350586,18.23781329934371,17.929742905153958,18.066662645090783,93700
2003-01-02,18.66911506652832,18.703344677612037,18.278891754759737,18.31312136584345,102000
2003-01-03,18.860801696777344,18.901878794218923,18.68965104143172,18.68965104143172,71100
2003-01-06,19.06618881225586,19.100418430970674,18.860807182638215,18.922421540945884,55500
2003-01-07,18.792343139648438,19.059337753521888,18.751266040763355,19.03195302093183,136200
2003-01-08,18.648569107055664,18.860795484161084,18.559571370132566,18.70333724649498,63100
2003-01-09,18.84026336669922,18.92926112780215,18.641727991181895,18.689649962989304,623400
2003-01-10,18.833419799804688,18.881341778267583,18.71019110902811,18.758113087491004,544300
2003-01-13,18.847110748291016,18.942954698003565,18.73757443268357,18.942954698003565,61400
2003-01-14,18.833419799804688,18.860803227879494,18.696498742102715,18.696498742102715,26400
2003-01-15,18.621196746826172,18.826577065227255,18.55273620543374,18.826577065227255,154300
2003-01-16,18.566431045532227,18.778657576891497,18.45004850141074,18.48427812377384,85000
2003-01-17,18.552730560302734,18.6485745056235,18.46373149183989,18.46373149183989,56400
2003-01-21,18.415809631347656,18.621191194283448,18.34734911036906,18.55273067330485,103000
2003-01-22,18.367891311645508,18.539041995244805,18.367891311645508,18.381583679719714,173100
2003-01-23,18.42266082763672,18.45689044455348,18.292585932955888,18.415814643098127,138200
2003-01-24,18.018747329711914,18.36789495010965,17.895518604186083,18.36789495010965,165500
2003-01-27,17.621679306030273,17.76544660069728,17.47106713112926,17.76544660069728,69500
2003-01-28,17.922895431518555,17.929741613888726,17.56005560055406,17.628516118480007,39200
2003-01-29,18.09404754638672,18.162508069885682,17.710670442878765,17.86812873288326,35300
2003-01-30,17.758596420288086,18.1077439936305,17.744904051346932,18.1077439936305,72300
2003-01-31,18.114582061767578,18.114582061767578,17.710667776072945,17.799665529177535,19900
2003-02-03,18.039278030395508,18.230965914827557,18.018739483159596,18.176197761307577,189200
2003-02-04,17.827058792114258,17.827058792114258,17.607984783860115,17.799674051416375,50600
2003-02-05,17.696979522705078,18.107741391478452,17.696979522705078,17.868130192545983,147400
2003-02-06,17.662748336791992,17.74490123160831,17.532674769848768,17.696979253705443,104200
2003-02-07,17.628522872924805,17.833903199619243,17.471064535407315,17.833903199619243,398900
2003-02-10,17.758596420288086,17.779133667923645,17.484755570345854,17.525831371393146,20500
2003-02-11,17.55320930480957,17.922895315756477,17.55320930480957,17.73120612795707,28400
2003-02-12,17.354679107666016,17.573751767810226,17.25198896144542,17.5600594001072,43600
2003-02-13,17.1492977142334,17.293064965279836,16.882303069716386,17.169836266033194,100500
2003-02-14,17.33414077758789,17.38890894332371,17.073992316786764,17.217758262177263,136600
2003-02-18,17.758596420288086,17.799672221335378,17.628521526899462,17.628521526899462,99300
2003-02-19,17.67643928527832,17.79282178189411,17.56005678866253,17.79282178189411,110400
2003-02-20,17.477907180786133,17.76544036339308,17.457368629965632,17.696979833100755,20200
2003-02-21,17.655902862548828,17.792822608247885,17.327292600164068,17.457367468487703,60800
2003-02-24,17.423147201538086,17.662757211444475,17.354686639089138,17.662757211444475,31400
2003-02-25,17.53951072692871,17.53951072692871,17.053442436364513,17.183517233244395,27400
2003-02-26,17.443675994873047,17.7722849682986,17.416292566642245,17.512136524114034,27400
2003-02-27,17.662748336791992,17.79966939289387,17.491597669552625,17.491597669552625,9900
2003-02-28,17.71066665649414,17.847586368443956,17.662743386247325,17.662743386247325,35200
2003-03-03,17.621679306030273,18.01874895420246,17.5806034957439,17.799676224973183,416900
2003-03-04,17.429983139038086,17.67644051508324,17.429983139038086,17.67644051508324,23300
2003-03-05,17.59429359436035,17.717521009296938,17.388911957913447,17.42314288354275,143200
2003-03-06,17.628522872924805,17.66959867710844,17.491601784610996,17.491601784610996,83300
2003-03-07,17.799671173095703,17.8475931557914,17.38890926948443,17.38890926948443,49300
2003-03-10,17.498443603515625,17.710671368026073,17.443675443010722,17.696979001455862,161000
2003-03-11,17.26567268371582,17.42313223381229,17.21775072290296,17.388901329106318,34600
2003-03-12,17.320449829101562,17.320449829101562,17.032916608981463,17.217759673153566,59700
2003-03-13,17.566905975341797,17.566905975341797,17.245143161808254,17.52583017709362,27400
2003-03-14,17.423147201538086,17.642219956753426,17.354686639089138,17.642219956753426,408900
2003-03-17,17.916053771972656,17.99136049127961,17.251989583735302,17.251989583735302,315000
2003-03-18,18.107744216918945,18.121435280252754,17.936593520372554,17.936593520372554,68800
2003-03-19,18.313127517700195,18.40897150555186,18.039286619712296,18.176206415818044,39400
2003-03-20,18.292583465576172,18.361043995951643,18.05981844576518,18.313122016421616,106100
2003-03-21,18.76760482788086,18.82252095611774,18.424378699074413,18.46556546792613,50900
2003-03-24,18.23904037475586,18.493028343253506,18.190988915411346,18.46556961831146,56400
2003-03-25,18.60285758972168,18.698960492733395,18.239037399414126,18.2459020795298,68300
2003-03-26,18.458707809448242,18.589134154610555,18.444979754145056,18.568540107699366,193000
2003-03-27,18.527345657348633,18.609720501605885,18.225306307477023,18.259629704794097,93400
2003-03-28,18.5548152923584,18.64405355928074,18.41752424091918,18.41752424091918,235800
2003-03-31,18.342012405395508,18.54794896429489,18.232180097704262,18.32828434891239,203500
2003-04-01,18.596004486083984,18.596004486083984,18.328288341432007,18.451848732521995,197100
2003-04-02,18.870576858520508,18.946087043657148,18.81566071732225,18.877441539833303,27000
2003-04-03,18.822525024414062,18.925492623450637,18.74015015960237,18.91176326109801,466700
2003-04-04,18.89803695678711,18.959817783786782,18.808797402541288,18.946088420163704,114600
2003-04-07,18.733287811279297,19.248127143896006,18.685235040419602,19.220668417690465,70100
2003-04-08,18.75387954711914,18.80879568729927,18.623453223202308,18.692098725753485,64000
2003-04-09,18.506759643554688,18.91863142482254,18.465572858219193,18.67150940350527,185200
2003-04-10,18.472431182861328,18.493025223093216,18.293953428763167,18.458701822706733,33300
2003-04-11,18.38319206237793,18.692094794942143,18.328275933746262,18.520481729305207,47600
2003-04-14,18.68523597717285,18.68523597717285,18.431249293559056,18.431249293559056,26900
2003-04-15,18.568532943725586,18.70582391822304,18.493024086125374,18.671501829250563,400200
2003-04-16,18.12921142578125,18.671509559325518,18.088024640102038,18.671509559325518,166100
2003-04-17,18.30767822265625,18.35572966190859,18.149794548168984,18.25962678340391,24000
2003-04-21,18.355735778808594,18.561672270478386,18.287090281585332,18.328278365501664,59000
2003-04-22,18.66463851928711,18.747012062587494,18.225308154237553,18.225308154237553,183900
2003-04-23,18.822525024414062,18.946086666979575,18.74015015960237,18.946086666979575,66300
2003-04-24,18.93922233581543,19.049054618058104,18.747015187238706,18.808796009663222,35300
2003-04-25,18.678361892700195,19.01472458973741,18.63717513136436,18.95980847152178,233100
2003-04-28,18.829389572143555,18.925492489322718,18.602860332146918,18.602860332146918,156500
2003-04-29,18.94607925415039,19.035317455919063,18.815652981439055,18.82938233841994,52500
2003-04-30,18.94607925415039,19.083368896048622,18.80878830294861,18.884298457039943,34100
2003-05-01,19.000995635986328,19.1382852797864,18.740143086950134,19.000995635986328,50800
2003-05-02,19.289304733276367,19.35108552849849,18.980400757165746,19.014724148568874,38500
2003-05-05,19.316768646240234,19.474653681289915,19.220665736534826,19.35795672980308,152200
2003-05-06,19.351093292236328,19.41287411224517,19.206937609114355,19.357957973271095,107100
2003-05-07,19.186344146728516,19.371685290412834,19.165750104406268,19.22066624129495,57900
2003-05-08,19.117700576782227,19.268719641134098,19.014732973392125,19.014732973392125,37100
2003-05-09,19.33049774169922,19.351091783197543,19.131427244431134,19.220665472316014,21700
2003-05-12,19.522705078125,19.59135057455513,19.2549877729779,19.344227311128247,226900
2003-05-13,19.56389045715332,19.687452080055536,19.357955291852193,19.48151560545056,112900
2003-05-14,19.52956771850586,19.67372206757623,19.447192869534362,19.66685738771995,44800
2003-05-15,19.71491050720215,19.728639868077533,19.56389146548466,19.63253696055767,104500
2003-05-16,19.66685676574707,19.78355370100555,19.563889189766943,19.714908213917546,138200
2003-05-19,19.000995635986328,19.495240710412997,18.884298718639307,19.495240710412997,134800
2003-05-20,18.76760482788086,19.08337223791698,18.5616696743185,19.08337223791698,298900
2003-05-21,18.90489959716797,18.918627650004456,18.657776315854704,18.671505677995228,44100
2003-05-22,19.117700576782227,19.193209454306107,18.884306644135805,18.884306644135805,374700
2003-05-23,19.042190551757812,19.131430102277193,18.877442123072942,19.117700739227423,44500
2003-05-27,19.316768646240234,19.316768646240234,18.891168923855748,18.94608505930226,138300
2003-05-28,19.282447814941406,19.378550730938397,19.152021493728324,19.323634591896685,92800
2003-05-29,19.124563217163086,19.454060036567217,19.049053038393982,19.371685177064197,81400
2003-05-30,19.33736801147461,19.34423269395822,19.152025512330052,19.186348924748103,221600
2003-06-02,19.186344146728516,19.50211160651245,19.179479465954433,19.495246925738368,241600
2003-06-03,19.33736801147461,19.419742891973627,19.17261955978088,19.17261955978088,130500
2003-06-04,19.673721313476562,19.708043402138557,19.323630510048435,19.495243571965926,87100
2003-06-05,19.85906219482422,19.85906219482422,19.467784653478333,19.53642882548005,149000
2003-06-06,20.037538528442383,20.428816042566257,19.93457096829982,19.975757730496134,269000
2003-06-09,19.83160400390625,20.03754045327749,19.74236579235796,20.010081736306518,520300
2003-06-10,19.982627868652344,19.982627868652344,19.783556063257375,19.92084705382659,112600
2003-06-11,20.20916175842285,20.26407790548497,20.010089907007533,20.044413317236497,73800
2003-06-12,20.25034523010254,20.45628042058537,20.167970368327,20.45628042058537,65600
2003-06-13,20.126768112182617,20.339567819920138,20.023800596135622,20.339567819920138,44400
2003-06-16,20.737733840942383,20.772057258880952,20.078739928176105,20.078739928176105,81400
2003-06-17,21.149599075317383,21.355535590616718,20.79950817768221,21.142734393876992,227800
2003-06-18,21.094680786132812,21.280023238247278,20.984848512873274,21.149596922762584,130900
2003-06-19,20.64162254333496,21.142732458884552,20.56611236370552,21.09468100250363,411500
2003-06-20,20.790327072143555,20.87982127754631,20.65264226515202,20.790327072143555,83600
2003-06-23,20.446109771728516,20.721477983817074,20.294656270285397,20.721477983817074,46300
2003-06-24,20.459875106811523,20.597559855315858,20.363496570693933,20.44610768240835,120200
2003-06-25,20.349735260009766,20.61822048627287,20.2395879462309,20.514956230678074,38600
2003-06-26,20.63886833190918,20.645752701833548,20.239584067710897,20.239584067710897,49000
2003-06-27,20.322195053100586,20.652636928827597,20.24646829751591,20.652636928827597,57200
2003-06-30,20.19139862060547,20.41169324772702,20.081251307044692,20.41169324772702,114500
2003-07-01,20.301542282104492,20.30842665209605,19.833415627153126,20.033058417730338,89200
2003-07-02,20.49429702758789,20.49429702758789,20.28776990405422,20.30842301032531,29000
2003-07-03,20.37037467956543,20.452984452834613,20.315301059699753,20.44610139927774,53800
2003-07-07,20.514951705932617,20.583794090125533,20.43922626507375,20.446110634798966,69200
2003-07-08,20.5218505859375,20.576924269620648,20.377282658666815,20.377282658666815,127200
2003-07-09,20.397924423217773,20.570029764096645,20.342850766658916,20.342850766658916,213300
2003-07-10,20.17762565612793,20.39103718042427,20.1019002145621,20.39103718042427,62600
2003-07-11,20.411691665649414,20.418576036345808,20.205165796995338,20.342849271744907,88500
2003-07-14,20.391036987304688,20.721478855714967,20.370383878131822,20.721478855714967,88100
2003-07-15,20.315305709838867,20.687052400759715,20.315305709838867,20.687052400759715,226500
2003-07-16,20.198278427124023,20.329078824814527,20.10189987780431,20.32219445514037,63000
2003-07-17,20.06748390197754,20.294662915469374,20.03306335659318,20.239589255018615,29600
2003-07-18,20.253353118896484,20.253353118896484,20.033058530167494,20.101900917410134,18000
2003-07-21,19.936677932739258,20.205163101847912,19.826530642408265,20.205163101847912,57400
2003-07-22,19.902257919311523,19.99863647261611,19.70949949964304,19.99863647261611,120700
2003-07-23,20.046825408935547,20.081245942831355,19.73703535163648,20.03305667015354,36700
2003-07-24,19.88848876953125,20.198278845996555,19.88848876953125,20.053709705959655,28400
2003-07-25,20.046825408935547,20.046825408935547,19.70261481774067,19.895371908451914,81100
2003-07-28,19.998632431030273,20.136317176262523,19.92979137147319,20.136317176262523,114100
2003-07-29,19.90913963317871,20.095013658090814,19.771454878489937,19.964213272442393,295000
2003-07-30,19.99175262451172,20.06747806494295,19.92979461039391,19.92979461039391,34800
2003-07-31,19.88848876953125,20.21893195544734,19.88848876953125,20.115667721252713,59400
2003-08-01,19.58558464050293,19.79211048556335,19.544278421043405,19.79211048556335,69900
2003-08-04,19.620006561279297,19.723269491095206,19.344638310750415,19.537395429590937,616300
2003-08-05,19.29644203186035,19.730146704998134,19.29644203186035,19.688841810665707,46800
2003-08-06,19.28267478942871,19.41347516351343,19.179411889070888,19.28267478942871,129400
2003-08-07,19.59247589111328,19.65443393315471,19.28957136675502,19.303340112333082,51600
2003-08-08,19.668195724487305,19.757691226041196,19.5787015359928,19.743922485331463,79900
2003-08-11,19.62688636779785,19.757686748781083,19.516739093199053,19.516739093199053,100700
2003-08-12,19.68196678161621,19.68196678161621,19.530514555162494,19.654429296955787,42200
2003-08-13,19.39971160888672,19.757690984609134,19.31021610842643,19.757690984609134,91700
2003-08-14,19.38593864440918,19.48231718108125,19.22760210185961,19.48231718108125,60200
2003-08-15,19.344629287719727,19.48231269223398,19.344629287719727,19.47542963810823,16100
2003-08-18,19.475435256958008,19.523624528094004,19.379055401626857,19.41347724748054,80400
2003-08-19,19.372177124023438,19.49609318194369,19.255145437438706,19.482324439272645,62900
2003-08-20,19.317102432250977,19.36529171596023,19.248260035640833,19.275797519508693,33200
2003-08-21,19.20694923400879,19.37905451623657,19.138106858505857,19.365285778524164,79100
2003-08-22,18.917818069458008,19.26202873875554,18.897166269658236,19.26202873875554,75200
2003-08-25,19.05549430847168,19.069263044197132,18.931578313060403,18.931578313060403,675600
2003-08-26,19.06926918029785,19.131227197940312,18.869626387214517,19.03484732990797,63600
2003-08-27,19.083040237426758,19.083040237426758,18.979777292732784,19.069272807711254,131100
2003-08-28,19.096813201904297,19.103697574813754,18.938476564166336,18.9660127427443,91500
2003-08-29,19.151880264282227,19.193185174427974,19.000428051708212,19.000428051708212,78300
2003-09-02,19.441015243530273,19.48232014938875,19.151878276402346,19.151878276402346,139400
2003-09-03,19.365285873413086,19.5029706250936,19.344634079802383,19.5029706250936,182300
2003-09-04,19.413476943969727,19.4272443690368,19.213834180317072,19.413476943969727,214500
2003-09-05,19.365285873413086,19.5029706250936,19.3102122353527,19.41347645564264,131300
2003-09-08,19.70949935913086,19.778341745168763,19.441015497948253,19.50297351407644,260800
2003-09-09,19.771451950073242,19.826525581179784,19.640652896857045,19.7921050541353,250300
2003-09-10,19.798999786376953,19.957336394560663,19.743926126440897,19.743926126440897,264200
2003-09-11,19.90913963317871,19.98486637956345,19.833412886793973,19.929792740299767,164700
2003-09-12,19.9504451751709,19.9504451751709,19.737034980301775,19.86783537015151,146700
2003-09-15,19.895370483398438,19.99863339074861,19.7645701004567,19.964212859318256,204400
2003-09-16,20.0192928314209,20.0192928314209,19.867840606926055,19.89537677817079,145500
2003-09-17,19.971101760864258,20.067480321190647,19.929796851161434,20.067480321190647,70800
2003-09-18,20.039936065673828,20.14319895479081,19.971093701909545,20.067472223344215,89900
2003-09-19,19.87837791442871,20.03718366904241,19.80242676354817,20.023374129436824,108800
2003-09-22,19.609094619750977,19.76099690183458,19.519335257842492,19.74718736401789,166500
2003-09-23,19.774805068969727,19.79551937563848,19.62290410424887,19.650521862857204,84500
2003-09-24,19.422666549682617,19.7817065709462,19.381239260136756,19.7817065709462,124700
2003-09-25,19.29147720336914,19.464092422003922,19.22933561930465,19.360523554212975,102300
2003-09-26,19.20172691345215,19.263868531048296,19.1050627602805,19.263868531048296,64000
2003-09-29,19.29147720336914,19.325999720316254,19.098147684396327,19.236240386083995,120000
2003-09-30,19.20172691345215,19.346724460159933,19.12577707179599,19.243155536483123,199900
2003-10-01,19.54694938659668,19.58147322472723,19.277670033927226,19.332906857986337,124000
2003-10-02,19.678142547607422,19.71956984738267,19.526241570464773,19.595286631106813,79400
2003-10-03,19.588375091552734,19.919795986828,19.540041725327548,19.919795986828,230400
2003-10-06,19.512434005737305,19.6090981539763,19.464101931617808,19.6090981539763,85400
2003-10-07,19.49861717224121,19.5055219398114,19.34671623654636,19.38814352501773,268000
2003-10-08,19.395050048828125,19.49861893785968,19.360527524800897,19.471001182027873,50900
2003-10-09,19.422666549682617,19.609091328063684,19.367429724638207,19.588378341765647,170000
2003-10-10,19.374338150024414,19.464098830760918,19.35362515981602,19.45719406170811,66200
2003-10-13,19.429574966430664,19.54004863726715,19.367433361966384,19.4364797354767,84200
2003-10-14,19.457191467285156,19.505523527260195,19.332908274806567,19.47790445473168,177600
2003-10-15,19.415756225585938,19.58146664205667,19.33290035887591,19.574561876751726,58700
2003-10-16,19.51934242248535,19.54005541986316,19.33291754438212,19.33291754438212,93600
2003-10-17,19.298385620117188,19.540045918352224,19.270766547776123,19.471000871399273,54600
2003-10-20,19.395050048828125,19.408859585218966,19.22243479479224,19.360527524800897,67600
2003-10-21,19.57457733154297,19.6505271759637,19.401962013481658,19.42267500880078,189800
2003-10-22,19.049823760986328,19.436481646939555,18.946254849010487,19.436481646939555,275300
2003-10-23,19.243152618408203,19.277675148748628,18.95315888591825,18.95315888591825,273600
2003-10-24,19.298385620117188,19.312193839337866,19.04981923684703,19.194815415788053,378100
2003-10-27,19.25005340576172,19.38814614190482,19.222435648703062,19.353623616344013,63400
2003-10-28,19.40195083618164,19.443378119904345,19.208621317226342,19.263858134506485,73100
2003-10-29,19.34671974182129,19.395051806619737,19.22243653693957,19.36743273133491,80900
2003-10-30,19.167194366455078,19.436473690754692,19.08433848062078,19.436473690754692,134600
2003-10-31,19.332908630371094,19.415764532530634,19.19481589908849,19.19481589908849,302600
2003-11-03,19.27767562866211,19.43648137930168,19.27767562866211,19.43648137930168,127400
2003-11-04,19.153396606445312,19.243157314355088,19.09125498310791,19.222443000925807,86100
2003-11-05,19.132686614990234,19.312206754412014,19.056736749160404,19.056736749160404,68200
2003-11-06,19.22933578491211,19.28457260267297,19.029101497435487,19.22933578491211,42900
2003-11-07,19.05672264099121,19.30528768952104,19.03600833821799,19.291479471288657,98400
2003-11-10,18.911727905273438,19.05672541186932,18.884110147843238,19.04982064327428,113500
2003-11-11,18.953163146972656,19.022208223176232,18.856497669776907,18.953163146972656,64500
2003-11-12,19.3052921295166,19.332911206232964,19.001490187336987,19.11196386030231,235300
2003-11-13,19.75408935546875,19.905990299244824,19.471000454779354,19.505522977517153,163200
2003-11-14,20.044092178344727,20.195993191494843,19.961236242203483,19.988855326567375,1251500
2003-11-17,19.98193359375,19.995741807260373,19.795508883392216,19.919792023630738,188300
2003-11-18,19.864566802978516,20.10622845915333,19.85075726446565,20.023372545026223,128200
2003-11-19,20.071704864501953,20.106228711216925,19.864567052012497,19.954326419571235,87400
2003-11-20,19.809324264526367,20.037176316609884,19.74718267605362,19.988844262675457,125500
2003-11-21,19.567665100097656,19.81623148475757,19.50552350393268,19.81623148475757,571000
2003-11-24,19.885284423828125,19.89909396555636,19.678146565706108,19.678146565706108,88300
2003-11-25,19.788610458374023,19.885274568664073,19.678136813199757,19.885274568664073,535800
2003-11-26,19.788610458374023,19.850752048403262,19.546948865699168,19.850752048403262,138300
2003-11-28,19.747188568115234,19.802425405800097,19.712664721468386,19.802425405800097,39700
2003-12-01,20.064800262451172,20.08551457065286,19.830043370632428,19.91980405588965,183000
2003-12-02,20.07861328125,20.147659670272557,20.002662121630156,20.002662121630156,517100
2003-12-03,20.12694549560547,20.29265604021839,20.092422959334154,20.23051442136975,273400
2003-12-04,20.16145896911621,20.182171953435212,20.00265195995579,20.16145896911621,109600
2003-12-05,20.009552001953125,20.126930380858276,19.954315195230073,20.120025615399225,88900
2003-12-08,20.16145896911621,20.175267186345657,19.96122467436813,20.023366261224453,184400
2003-12-09,20.07861328125,20.230514283539357,20.03028120401931,20.209801288697825,302800
2003-12-10,19.940515518188477,20.08551303058232,19.878375232248263,19.95432505593075,96800
2003-12-11,20.189088821411133,20.27194475919811,19.954331867456897,19.954331867456897,159900
2003-12-12,20.251222610473633,20.292649904863996,20.126939410352595,20.292649904863996,99300
2003-12-15,20.216697692871094,20.40312115404758,20.161460867902175,20.34788432907866,108100
2003-12-16,20.29265594482422,20.29956071543609,19.885283697376103,19.885283697376103,109500
2003-12-17,20.33407974243164,20.33407974243164,20.195986996869618,20.33407974243164,87900
2003-12-18,20.485980987548828,20.485980987548828,20.27884318333925,20.382412085444038,616600
2003-12-19,20.45341682434082,20.578132990098894,20.342558304008715,20.578132990098894,392000
2003-12-22,20.44647979736328,20.543480633347293,20.356406459774746,20.508837855220797,230000
2003-12-23,20.460351943969727,20.494994746658566,20.418778994897266,20.439565469433497,128400
2003-12-24,20.522701263427734,20.578130516932067,20.439556722402415,20.474199510266004,59400
2003-12-26,20.57813262939453,20.59891777563134,20.52963087125382,20.56427498421147,35200
2003-12-29,20.74441909790039,20.785990709288413,20.61970294219863,20.68206102004951,121800
2003-12-30,20.799846649169922,20.84141825715139,20.758273719650862,20.83448943556488,157500
2003-12-31,20.889923095703125,20.910709564849803,20.785993393045473,20.85528030199653,221400
2004-01-02,20.938419342041016,21.090850775512536,20.869133768504074,20.92456302025619,628700
2004-01-05,21.03542709350586,21.132427979371485,20.882995619673643,21.0631410659512,191500
2004-01-06,21.0977783203125,21.1185634625006,21.000776144463778,21.111634641258725,289300
2004-01-07,21.229421615600586,21.229421615600586,21.00077580447049,21.09777797874879,262300
2004-01-08,21.139347076416016,21.27099201918944,21.00770213364259,21.27099201918944,214300
2004-01-09,21.007709503173828,21.12549684665161,20.92456627338822,21.118568023913177,153400
2004-01-12,20.97307014465332,21.06314221192363,20.882996755844985,21.06314221192363,109900
2004-01-13,20.882991790771484,21.05620838179391,20.820633712280394,21.049279559568486,342500
2004-01-14,21.000774383544922,21.02848966618849,20.820629010973974,20.855273114278432,395500
2004-01-15,21.056211471557617,21.13242720568336,20.855280883686895,21.13242720568336,139800
2004-01-16,21.104707717895508,21.11856536162543,20.99384921113141,20.99384921113141,186600
2004-01-20,21.03542709350586,21.236357688732934,21.03542709350586,21.201714892791767,380200
2004-01-21,21.38878631591797,21.402642639527517,21.035424293887857,21.20171207104242,222100
2004-01-22,21.430355072021484,21.52042711039217,21.374925820361618,21.47885550203167,216100
2004-01-23,21.326419830322266,21.54813677915772,21.243275313740337,21.54813677915772,178900
2004-01-26,21.59663963317871,21.65899769726643,21.340278556202815,21.374922659327886,667100
2004-01-27,21.458070755004883,21.686716601599308,21.430356787724985,21.686716601599308,161400
2004-01-28,21.270992279052734,21.54813848706367,21.22249053630563,21.54813848706367,144800
2004-01-29,21.582782745361328,21.58971156622822,21.167062744109977,21.37492340550438,130600
2004-01-30,21.465009689331055,21.61744120656265,21.326437144574903,21.61744120656265,122700
2004-02-02,21.742143630981445,21.825288167381338,21.437283414436187,21.513497807803716,239100
2004-02-03,21.880722045898438,21.894579691819114,21.631289705477712,21.631289705477712,251000
2004-02-04,21.950010299682617,22.053940007383726,21.790651326438386,21.797578828285584,437900
2004-02-05,21.839153289794922,21.998512274139248,21.700579455515843,21.998512274139248,237200
2004-02-06,22.00543785095215,22.00543785095215,21.742147868979764,21.846078890122346,388000
2004-02-09,21.790647506713867,21.984649241338886,21.769861040202173,21.984649241338886,2212500
2004-02-10,21.88764190673828,21.92921350594053,21.76292578759422,21.85992662624524,186500
2004-02-11,22.088586807250977,22.13708857973987,21.79065527690537,21.915370155833724,203300
2004-02-12,21.950010299682617,22.157869715084836,21.894581034139495,22.157869715084836,603900
2004-02-13,21.853002548217773,22.067790719509485,21.825287263386578,22.067790719509485,297600
2004-02-17,21.991586685180664,22.047015962738204,21.908443429613467,21.929228582736155,250900
2004-02-18,21.89457893371582,22.067795537113035,21.825292028049372,22.067795537113035,173000
2004-02-19,21.818361282348633,22.019293158918245,21.811432460238887,22.019293158918245,115500
2004-02-20,21.700584411621094,21.894587559611765,21.624368653207203,21.894587559611765,492200
2004-02-23,21.659000396728516,21.790645361936495,21.561999538963462,21.790645361936495,331700
2004-02-24,21.75600814819336,21.80450859244394,21.582791520705296,21.686721232890537,228900
2004-02-25,21.783720016479492,21.797576340130146,21.6520750302649,21.79064883907371,87800
2004-02-26,21.75600814819336,21.79065226661377,21.617435639125702,21.783723442929688,144900
2004-02-27,21.693647384643555,21.811434729689502,21.672862237689337,21.756005468581872,84700
2004-03-01,21.75600814819336,21.818366239812104,21.582791520705296,21.735222998679106,183800
2004-03-02,21.61742401123047,21.783711725589193,21.596637551359148,21.755996445760765,161100
2004-03-03,21.707509994506836,21.76293926829036,21.499650548203142,21.617437920185402,148600
2004-03-04,21.804502487182617,21.82528895241465,21.7075016258417,21.742144413024135,158000
2004-03-05,21.915369033813477,21.984655955140667,21.735224888516125,21.804510488305212,310300
2004-03-08,21.89457893371582,22.03315142351091,21.825292028049372,22.03315142351091,225700
2004-03-09,21.645145416259766,21.96386463625159,21.56200219124467,21.96386463625159,242200
2004-03-10,21.312576293945312,21.72136768444934,21.236360546771913,21.72136768444934,215600
2004-03-11,20.90377426147461,21.222492093691553,20.855273836705724,21.20170695252629,185400
2004-03-12,20.959209442138672,21.014638703504303,20.82063562795568,20.993852234915504,293500
2004-03-15,20.772130966186523,20.99384796657086,20.723630537544647,20.99384796657086,143900
2004-03-16,20.917638778686523,20.97306804257534,20.730564517485064,20.959210396218662,144400
2004-03-17,20.8968505859375,20.973066313076362,20.792920889908547,20.973066313076362,323600
2004-03-18,20.87606430053711,20.92456605920971,20.661276083995364,20.855279154072367,75800
2004-03-19,20.546133041381836,20.907322987776308,20.52529470126212,20.907322987776308,175100
2004-03-22,20.28913688659668,20.553083957109987,20.21273227130996,20.490570246979782,150000
2004-03-23,20.358592987060547,20.546134083139986,20.2960792883674,20.455837254380846,252000
2004-03-24,20.247451782226562,20.421100599097866,20.17104720369122,20.421100599097866,93200
2004-03-25,20.358592987060547,20.525295741963696,20.198836345882828,20.525295741963696,325900
2004-03-26,20.44193458557129,20.55306969874098,20.337745582579085,20.42109625503883,93100
2004-03-29,20.71978187561035,20.789241684421278,20.490565433919258,20.52529467590689,440500
2004-03-30,20.671159744262695,20.78924101800538,20.546132357378013,20.78924101800538,459100
2004-03-31,20.789243698120117,20.851757399621622,20.636431838967205,20.754513127932736,266300
2004-04-01,20.935104370117188,21.011510286013706,20.83786144067475,20.83786144067475,144000
2004-04-02,21.18515968322754,21.24767337516489,21.07402452530237,21.122645991290184,542900
2004-04-05,21.428268432617188,21.428268432617188,21.192105889774556,21.324079387206755,108200
2004-04-06,21.358810424804688,21.428270235868755,21.22683691626653,21.428270235868755,175500
2004-04-07,21.261566162109375,21.331024644018605,21.205998581680618,21.324079855696176,65600
2004-04-08,21.115699768066406,21.393537661428677,21.018456836598503,21.393537661428677,105300
2004-04-12,21.289348602294922,21.289348602294922,21.07402440069256,21.150430318127675,382200
2004-04-13,21.101808547973633,21.407430907656927,21.080971533000536,21.289349631745356,189800
2004-04-14,21.317136764526367,21.337973782118812,20.9767851205464,21.1018112006085,215200
2004-04-15,21.706106185913086,21.740835425876313,21.35880848693848,21.393537726901705,142300
2004-04-16,21.86586570739746,21.893650162918824,21.678324607135522,21.70610906265689,1974700
2004-04-19,21.775564193725586,21.893645454626146,21.713050507082023,21.893645454626146,886400
2004-04-20,21.414379119873047,21.949217970532533,21.414379119873047,21.949217970532533,122100
2004-04-21,21.664426803588867,21.782508052271538,21.42131819455568,21.428264306223525,149800
2004-04-22,21.838083267211914,21.87975862697594,21.560245327392078,21.66443438922004,788700
2004-04-23,21.775564193725586,21.879753229853026,21.678319945149227,21.879753229853026,127500
2004-04-26,21.657482147216797,21.94921223269264,21.629697698678417,21.94921223269264,233400
2004-04-27,21.740833282470703,21.921428227113108,21.706104045931394,21.845023641759536,177000
2004-04-28,21.546348571777344,21.77556498956921,21.469942657568218,21.77556498956921,81100
2004-04-29,21.414379119873047,21.588027994125937,21.289351718437242,21.567189652274713,264400
2004-04-30,21.43521499633789,21.59497162431544,21.393538317428913,21.497728689865735,163100
2004-05-03,21.713050842285156,21.713050842285156,21.407428516735756,21.53245589195303,276200
2004-05-04,21.678314208984375,21.78250454237813,21.53244986196931,21.77555843182954,253900
2004-05-05,21.803346633911133,21.851968094255085,21.629697804205346,21.706103713223232,443300
2004-05-06,21.719999313354492,21.838080588900425,21.601918037808556,21.789459120999567,182200
2004-05-07,21.574127197265625,21.8311280120103,21.574127197265625,21.706100660233712,372800
2004-05-10,21.296297073364258,21.56024409472932,21.157377448978885,21.358810771854102,375500
2004-05-11,21.317136764526367,21.358812124547065,21.212947702056713,21.358812124547065,178700
2004-05-12,21.393537521362305,21.42132197293441,21.025402811880863,21.324079042103175,465300
2004-05-13,21.365751266479492,21.449101959321354,21.26850834988553,21.35880515460344,219500
2004-05-14,21.32407569885254,21.539399865434948,21.19210222424735,21.393534167221766,107600
2004-05-17,21.261566162109375,21.372701322966886,21.122646548619674,21.289349289905942,2092100
2004-05-18,21.25461769104004,21.351860614793676,21.192104004388284,21.26156380342751,302400
2004-05-19,21.04623794555664,21.365752485914168,21.04623794555664,21.358806373641674,1147700
2004-05-20,20.90732192993164,21.115700021242898,20.85870046361472,21.115700021242898,79700
2004-05-21,20.94899559020996,21.046238514985003,20.87258967798072,21.046238514985003,73100
2004-05-24,20.844802856445312,21.046234782734743,20.782289180222843,21.011505551426815,183600
2004-05-25,21.04623794555664,21.136536080263628,20.74756306685205,20.837859876723584,346900
2004-05-26,21.15736961364746,21.205992391560592,21.04623448523077,21.04623448523077,518600
2004-05-27,21.372697830200195,21.414373177502192,21.178210668065198,21.2546165754817,443000
2004-05-28,21.365751266479492,21.428264948528575,21.282399248802253,21.428264948528575,228200
2004-06-01,21.476884841918945,21.490777064658793,21.310182143546587,21.365749709670705,472600
2004-06-02,21.608867645263672,21.657489121026742,21.483840236252426,21.601921530892394,139800
2004-06-03,21.553293228149414,21.706103721407366,21.525508779465003,21.601914688511698,119600
2004-06-04,21.594966888427734,21.740831258113484,21.560237655122172,21.740831258113484,352800
2004-06-07,21.810291290283203,21.810291290283203,21.62969636046331,21.810291290283203,245300
2004-06-08,21.838083267211914,21.838083267211914,21.713055863084037,21.740838994648122,238100
2004-06-09,21.581079483032227,21.838080371307576,21.581079483032227,21.838080371307576,108300
2004-06-10,21.588016510009766,21.671368508238366,21.553287283568306,21.671368508238366,124700
2004-06-14,21.43521499633789,21.54635015709059,21.393538317428913,21.5255118176361,131300
2004-06-15,21.462995529174805,21.567184564179275,21.40048184320503,21.567184564179275,175400
2004-06-16,21.469942092895508,21.546348005095112,21.414374518069106,21.532455780179642,821900
2004-06-17,21.504667282104492,21.504667282104492,21.351856811307268,21.46993805118906,267900
2004-06-18,21.494922637939453,21.564574595899035,21.460095330433724,21.487957176438307,117000
2004-06-21,21.348649978637695,21.48795654753153,21.32775492327175,21.460094702342406,105200
2004-06-22,21.258100509643555,21.3486488446467,21.132724870003944,21.3486488446467,129800
2004-06-23,21.383472442626953,21.41829841270078,21.202374475486735,21.3138191739537,174000
2004-06-24,21.39044761657715,21.44617132310343,21.341690701892936,21.38348348178765,519000
2004-06-25,21.202383041381836,21.348653769016913,21.16059026617798,21.244174488059553,304200
2004-06-28,21.09789276123047,21.292920296401412,21.01430858292475,21.27898937859622,391700
2004-06-29,21.2093448638916,21.30685866557932,21.09790013952681,21.11182973367798,681300
2004-06-30,21.28596305847168,21.334719961095097,21.16058740685378,21.244171617441033,176800
2004-07-01,20.9864501953125,21.327751094987047,20.83321405985555,21.313820174893053,1131500
2004-07-02,20.972518920898438,21.070032696680517,20.909831114031228,21.070032696680517,138300
2004-07-06,20.819286346435547,20.979489295140286,20.74963439228881,20.979489295140286,666500
2004-07-07,20.770526885986328,20.847145620331204,20.700873611902413,20.82624923954832,277900
2004-07-08,20.721763610839844,20.986444376612045,20.686937648786365,20.686937648786365,276000
2004-07-09,20.673019409179688,20.895908891457726,20.64515755963188,20.895908891457726,135300
2004-07-12,20.582460403442383,20.6730100449304,20.49887754971168,20.65211366723497,175300
2004-07-13,20.7496280670166,20.770523115480675,20.617287003133818,20.617287003133818,518900
2004-07-14,20.826250076293945,20.98645168315545,20.686944851054893,20.686944851054893,122600
2004-07-15,20.596397399902344,20.902871053914797,20.596397399902344,20.861079614716793,226700
2004-07-16,20.415298461914062,20.666049742729964,20.380472485590005,20.631223766405906,97800
2004-07-19,20.31778907775879,20.547644025581878,20.213309797571224,20.547644025581878,128500
2004-07-20,20.40137481689453,20.408338951369192,20.26206821392923,20.317790589410105,329000
2004-07-21,20.171510696411133,20.617290855810904,20.171510696411133,20.617290855810904,137900
2004-07-22,20.26902961730957,20.338682904841583,20.03220923681631,20.087931601136727,454300
2004-07-23,20.143651962280273,20.23420029709918,20.011310861982654,20.23420029709918,66600
2004-07-26,19.94165802001953,20.157583327498315,19.788421862137753,20.157583327498315,419800
2004-07-27,20.025245666503906,20.101864422878005,19.823251246436215,19.990419683711725,163500
2004-07-28,19.97648811340332,20.04614140526208,19.683945350417353,19.97648811340332,126800
2004-07-29,20.067041397094727,20.15759109733401,19.878979189917697,20.02524994311387,216100
2004-07-30,20.143651962280273,20.178477938320047,20.032207244722013,20.094895064414263,314600
2004-08-02,20.122751235961914,20.213300879761128,20.087925267439473,20.143647614190705,254700
2004-08-03,20.101863861083984,20.234203654816596,20.025245106851177,20.094898399014998,169700
2004-08-04,20.06007194519043,20.13669070269469,19.9346976081736,20.115794315595497,344600
2004-08-05,19.6909122467041,20.129725758882362,19.663050396520774,20.129725758882362,441200
2004-08-06,19.419265747070312,19.50981543735457,19.356579237253964,19.50981543735457,582500
2004-08-09,19.32870864868164,19.461049728533663,19.32870864868164,19.39836191852616,512300
2004-08-10,19.614282608032227,19.614282608032227,19.363531409567692,19.433184667866218,77900
2004-08-11,19.94165802001953,19.99041624748387,19.502844601047343,19.572497883184827,1819900
2004-08-12,19.830211639404297,20.01130962638605,19.830211639404297,19.941656350081416,511600
2004-08-13,19.67697525024414,19.92076105002311,19.635183816390118,19.88593374803998,1089000
2004-08-16,19.94165802001953,19.99041624748387,19.718768580000273,19.746630424265607,643400
2004-08-17,19.96952247619629,20.06007082485018,19.89290372297113,19.927731032858038,142000
2004-08-18,20.234203338623047,20.255099724503467,19.885938211772213,19.885938211772213,709100
2004-08-19,20.16454315185547,20.269022381593093,20.07399351183084,20.269022381593093,842600
2004-08-20,20.331716537475586,20.359577054131655,20.129722145484024,20.15758399066599,129100
2004-08-23,20.289926528930664,20.41530219224756,20.255100546243117,20.269031470728567,133100
2004-08-24,20.303852081298828,20.394401737969993,20.255095187026228,20.289921160499304,443000
2004-08-25,20.498876571655273,20.498876571655273,20.275987200974043,20.37350096851572,149800
2004-08-26,20.47102165222168,20.50584895848548,20.394404235493102,20.49888349723272,664600
2004-08-27,20.617292404174805,20.624257864996032,20.40833256511537,20.40833256511537,372700
2004-08-30,20.359573364257812,20.58246277121452,20.33867831268416,20.58246277121452,110100
2004-08-31,20.47102165222168,20.47102165222168,20.324750951491396,20.373507851734825,598000
2004-09-01,20.554603576660156,20.561569037139577,20.408331563643788,20.51281214230937,462400
2004-09-02,20.763568878173828,20.805361654739837,20.512818861408665,20.582470831966322,278400
2004-09-03,20.721763610839844,20.88893062004207,20.65211035820759,20.65211035820759,1711100
2004-09-07,20.861085891723633,21.160592846043166,20.74964113464513,20.895911880113303,188400
2004-09-08,20.81231689453125,20.930727053811633,20.7774909241358,20.930727053811633,401100
2004-09-09,20.728736877441406,20.86107797444286,20.707840495222506,20.86107797444286,506500
2004-09-10,20.700878143310547,20.721774528667638,20.519780122460418,20.721774528667638,160700
2004-09-13,20.721763610839844,20.78445140535634,20.65211035820759,20.728729068955598,3257800
2004-09-14,20.88197135925293,20.937693712190885,20.756595733011107,20.756595733011107,178100
2004-09-15,20.79839324951172,20.881976133766432,20.777496864185043,20.881976133766432,169000
2004-09-16,20.791425704956055,20.847148065052544,20.749634267015153,20.826251681819166,58700
2004-09-17,20.853601455688477,20.88853157794725,20.783739878672183,20.88853157794725,948100
2004-09-20,20.623064041137695,20.81867490385234,20.5601887402654,20.81867490385234,160200
2004-09-21,20.727848052978516,20.804695910452025,20.58812491802642,20.644013905507542,203600
2004-09-22,20.46936798095703,20.71388288840854,20.413478973468035,20.71388288840854,2548800
2004-09-23,20.322656631469727,20.539226334778085,20.322656631469727,20.539226334778085,187800
2004-09-24,20.3785457611084,20.46936488485399,20.15498976496647,20.15498976496647,531000
2004-09-27,20.25977897644043,20.399502123070526,20.252792685859056,20.37854325132641,402100
2004-09-28,20.413467407226562,20.52524535887133,20.154981393734893,20.399496162644684,673400
2004-09-29,20.504295349121094,20.511281640224567,20.392517356463095,20.469363893603735,668100
2004-09-30,20.11308479309082,20.25979299934836,20.015277989752857,20.25979299934836,1650500
2004-10-01,20.301692962646484,20.336624411381223,20.113068469472978,20.113068469472978,644200
2004-10-04,20.392520904541016,20.490326332009158,20.301700436892876,20.301700436892876,227300
2004-10-05,20.329648971557617,20.462385882594205,20.287732543203674,20.462385882594205,210100
2004-10-06,20.308685302734375,20.958395785277816,20.161977171836913,20.371560596690124,403800
2004-10-07,19.847597122192383,20.329640511408403,19.77074925844092,20.32265422084021,549100
2004-10-08,19.57513999938965,19.8755438550671,19.561167417149118,19.76376586214044,315700
2004-10-11,19.707881927490234,19.735827101038232,19.5681600572479,19.5751463506349,220500
2004-10-12,19.672943115234375,19.72184581487296,19.526235016318616,19.568151425651887,221900
2004-10-13,19.463354110717773,19.756771556243606,19.400478848640933,19.67293742930841,1533800
2004-10-14,19.33063507080078,19.603093901966016,19.323648776091485,19.456385710569187,170800
2004-10-15,19.358577728271484,19.379536611112226,19.162966818422085,19.316661295089382,229300
2004-10-18,19.540218353271484,19.561177237153952,19.295704703806624,19.316662255189637,518500
2004-10-19,19.21885108947754,19.596101559863087,19.18391962671097,19.596101559863087,474800
2004-10-20,19.211862564086914,19.246792690294786,19.009264101084344,19.246792690294786,268600
2004-10-21,19.03022575378418,19.211865368073124,18.911461441845216,19.211865368073124,316000
2004-10-22,18.890504837036133,19.107074593418815,18.84858707838207,19.086115714091783,402300
2004-10-25,18.78570556640625,18.967345129732262,18.652970038686213,18.967345129732262,203700
2004-10-26,19.141998291015625,19.141998291015625,18.827623201796534,18.827623201796534,463500
2004-10-27,19.64499855041504,19.714858785853288,19.17692777748645,19.211857895205576,480600
2004-10-28,19.610063552856445,19.70786893077646,19.56116086389644,19.700883974495035,263800
2004-10-29,19.665952682495117,19.70786908299912,19.50527203681448,19.700884126663745,303700
2004-11-01,19.484312057495117,19.631021449627557,19.4004792612751,19.631021449627557,1321300
2004-11-02,19.33760643005371,19.7148567254891,19.22582846603593,19.456370683384904,1214700
2004-11-03,19.910470962524414,21.15400261111139,19.826636814277567,20.53922241063073,1322700
2004-11-04,19.952390670776367,19.980335835647328,19.56815398129228,19.980335835647328,1230700
2004-11-05,20.071149826049805,20.141011387870936,19.966358149567338,20.050192290252387,707400
2004-11-08,20.06416893005371,20.06416893005371,19.93143339266132,20.036225097312773,379100
2004-11-09,20.071149826049805,20.175941502532268,20.01526084309259,20.085122404913722,410000
2004-11-10,20.015270233154297,20.148007129637435,19.91047850750933,20.120061958799266,301000
2004-11-11,20.12006378173828,20.210884262691863,20.036230926626427,20.12006378173828,242400
2004-11-12,20.14800453186035,20.18992095021404,19.95937865052038,20.134031948242818,354400
2004-11-15,20.252788543701172,20.33662268103297,20.092107890688503,20.099094179841018,445200
2004-11-16,20.154991149902344,20.294712990842516,20.1200596902931,20.294712990842516,747600
2004-11-17,20.14800453186035,20.28772770303787,20.085129238080363,20.203893533831575,562600
2004-11-18,20.09210968017578,20.16895753519945,20.04320698425109,20.113068549500017,238300
2004-11-19,19.847597122192383,20.043209260605803,19.826638250487797,20.001291517196634,839300
2004-11-22,19.88252830505371,19.938418632586043,19.7358201927776,19.910473468819877,292900
2004-11-23,19.81965446472168,19.910473582482673,19.742806596424778,19.910473582482673,162900
2004-11-24,19.868555068969727,19.96636046737403,19.791707208795707,19.910471477928912,302400
2004-11-26,19.98732566833496,20.071158512804224,19.882532613999825,19.94540791360129,3009300
2004-11-29,19.980331420898438,20.092109390686804,19.91745614633017,20.050192985140793,809000
2004-11-30,20.050195693969727,20.09909839579669,19.93841770907989,19.945402667199154,340200
2004-12-01,20.38552474975586,20.39251103869492,20.050190875671063,20.050190875671063,669100
2004-12-02,20.581144332885742,20.60908950062167,20.329644485757097,20.434436199768943,487500
2004-12-03,20.441421508789062,20.671963801529213,20.399505091699638,20.581143343253437,771200
2004-12-06,20.399505615234375,20.483338451564716,20.238823569353215,20.441422033399547,370900
2004-12-07,20.189916610717773,20.574154582620743,20.16895907229487,20.574154582620743,300200
2004-12-08,20.483335494995117,20.518266948839837,20.217863108268833,20.224849399037776,372600
2004-12-09,20.61606788635254,20.678943157146946,20.301691532380488,20.539220037048608,1360000
2004-12-10,20.60209846496582,20.71387644517429,20.539223184536226,20.71387644517429,1367700
2004-12-13,20.699905395507812,20.713877977191952,20.546210994478443,20.678947855480327,661900
2004-12-14,20.88153839111328,20.89551096840201,20.671955061775574,20.783733015088792,479500
2004-12-15,20.944416046142578,20.95140233558407,20.7418189823332,20.888527063109116,604900
2004-12-16,21.23784065246582,21.265785819590253,20.965381935497163,21.007298353684902,623500
2004-12-17,20.81247901916504,20.88255363502804,20.4480851356919,20.672327114263794,1019000
2004-12-20,20.560209274291992,20.882556833717832,20.53918608436029,20.861534980373957,2002900
2004-12-21,20.75641441345215,20.763420804380647,20.560202052770265,20.560202052770265,3683200
2004-12-22,20.91057777404785,20.92459322731344,20.74239634462233,20.777433641199117,912000
2004-12-23,20.994680404663086,21.078771838073784,20.7774460951851,20.7774460951851,642900
2004-12-27,20.96664810180664,21.106800027139247,20.952632641955816,21.092784567288422,563100
2004-12-28,21.183883666992188,21.190891397342305,21.022709878703225,21.057747193865907,413000
2004-12-29,21.22593116760254,21.232937561733962,21.141839735557816,21.232937561733962,300100
2004-12-30,21.239938735961914,21.30300695638013,21.190885972656094,21.30300695638013,268000
2004-12-31,21.155845642089844,21.26796660978542,21.148837914535452,21.26796660978542,236300
2005-01-03,20.91057777404785,21.338039742538047,20.896562320782262,21.338039742538047,606200
2005-01-04,20.742403030395508,21.05774281098973,20.65130389139292,21.00869004533647,454300
2005-01-05,20.707368850708008,20.840513055179873,20.70036245689341,20.728392041915537,448300
2005-01-06,20.86153221130371,20.938614557646062,20.707364845443713,20.812479444561948,1247500
2005-01-07,20.847511291503906,20.95262452649655,20.819480382659307,20.9175872270281,173600
2005-01-10,21.029720306396484,21.057749894804218,20.84051557243902,20.91759927958941,456100
2005-01-11,20.882549285888672,20.980656133522203,20.840504257809926,20.882549285888672,570800
2005-01-12,21.022703170776367,21.05073408323272,20.85452170580065,20.987665866793392,318000
2005-01-13,20.707368850708008,21.05074095749143,20.67933926568588,21.022710035881392,247500
2005-01-14,20.79145622253418,20.833501260158336,20.672327502109365,20.777440764463577,275800
2005-01-18,20.95964241027832,20.95964241027832,20.728392646601158,20.812484077296464,255500
2005-01-19,20.826499938964844,21.022712402560444,20.819492207773425,21.022712402560444,549300
2005-01-20,20.721384048461914,20.889565566223407,20.70036219410916,20.777444554382413,509700
2005-01-21,20.58123016357422,20.812479880621673,20.58123016357422,20.812479880621673,350300
2005-01-24,20.40604019165039,20.672327208268513,20.40604019165039,20.672327208268513,341200
2005-01-25,20.546188354492188,20.679332515502907,20.51815877861952,20.602248842824995,174900
2005-01-26,20.67232894897461,20.77043448915997,20.602252990304606,20.60926071983038,498200
2005-01-27,20.63028907775879,20.742410105089974,20.56722083281149,20.742410105089974,741800
2005-01-28,20.462100982666016,20.70035842357695,20.385017299845526,20.672327507428538,506200
2005-01-31,20.49713897705078,20.60225224294889,20.39903344042424,20.560207203907186,690500
2005-02-01,20.693355560302734,20.693355560302734,20.497143110890068,20.567219081150878,806900
2005-02-02,20.777441024780273,20.79846421214957,20.602251806465787,20.602251806465787,327600
2005-02-03,20.71437644958496,20.812483338009258,20.651308212950735,20.812483338009258,407700
2005-02-04,20.903579711914062,20.91759517165952,20.665322242592524,20.74240593460473,369100
2005-02-07,20.917593002319336,20.98066122804535,20.742403783433225,20.742403783433225,671100
2005-02-08,20.96664810180664,21.008693144771296,20.903579869065748,20.903579869065748,434800
2005-02-09,20.742403030395508,21.064750539881285,20.735395301503953,20.987668195249427,485000
2005-02-10,20.777441024780273,20.8475169794236,20.679335490232216,20.812479670395767,314000
2005-02-11,20.9876708984375,21.113806024968678,20.791458473964905,20.791458473964905,281600
2005-02-14,21.001680374145508,21.0367190153628,20.92459803664246,21.022703558875882,415000
2005-02-15,20.994680404663086,21.092787299740234,20.945627625418506,21.05774864557411,214100
2005-02-16,20.96664810180664,21.022708604622117,20.85452709617568,21.022708604622117,211300
2005-02-17,20.938615798950195,21.015699486449947,20.875548906963168,20.938615798950195,198500
2005-02-18,21.253957748413086,21.288995060467517,20.889563822060772,21.015700283997173,947900
2005-02-22,21.001680374145508,21.310013733920186,20.959635341272254,21.30300600567673,3282500
2005-02-23,21.099790573120117,21.17687292282551,21.001683698768616,21.092782843767317,482400
2005-02-24,21.26096534729004,21.28899492944352,20.96664738344576,21.176873927654057,410100
2005-02-25,21.436153411865234,21.464182992491725,21.232933271825466,21.232933271825466,448200
2005-02-28,21.11380386352539,21.513236401374378,21.03672151685642,21.513236401374378,779800
2005-03-01,21.281984329223633,21.33103709073607,21.2259238394112,21.23293023112369,390800
2005-03-02,21.303009033203125,21.457176403294064,21.204903497027207,21.303009033203125,758500
2005-03-03,21.281984329223633,21.457173526960915,21.21891611111121,21.44315807036093,312900
2005-03-04,21.47819709777832,21.492212555502316,21.373083838023597,21.38709929574759,333800
2005-03-07,21.527250289916992,21.639371280756066,21.443160215081505,21.443160215081505,438600
2005-03-08,21.387100219726562,21.58331128998885,21.359069303067564,21.58331128998885,731200
2005-03-09,21.253957748413086,21.464184293915228,21.218920436358655,21.464184293915228,386000
2005-03-10,21.331037521362305,21.40811986104333,21.260961573535216,21.373082555423547,577600
2005-03-11,21.162860870361328,21.40812473875676,21.092784906567847,21.40812473875676,428700
2005-03-14,21.19790267944336,21.21191814249191,21.02271340110085,21.19790267944336,1195700
2005-03-15,20.952632904052734,21.26096634168873,20.93861744402659,21.246950881662585,688100
2005-03-16,20.749408721923828,20.95963522167805,20.714370080906466,20.903574732637757,1745900
2005-03-17,20.819480895996094,20.847511805531838,20.68633808546331,20.82648862338003,196200
2005-03-18,20.799102783203125,20.911606274758388,20.672536019916606,20.799102783203125,1285200
2005-03-21,20.714719772338867,20.869413043827787,20.62331120921577,20.85534977530205,667400
2005-03-22,20.72175407409668,20.890509294687963,20.67956560423568,20.848320824826963,233000
2005-03-23,20.946758270263672,20.988946731855325,20.72175001243183,20.72175001243183,274800
2005-03-24,20.95378303527832,21.10847625555118,20.9326894806205,21.059256173154058,612300
2005-03-28,20.939725875854492,21.059260963644665,20.939725875854492,21.059260963644665,243500
2005-03-29,20.869413375854492,21.024105308657415,20.85535010710501,20.953790306057133,525700
2005-03-30,21.19989013671875,21.19989013671875,20.897536592976763,20.897536592976763,304700
2005-03-31,20.995988845825195,21.19990096292374,20.967862296626677,21.19990096292374,898600
2005-04-01,20.81315803527832,21.1647316462082,20.770969577487865,21.122543188417744,344700
2005-04-04,20.91862678527832,21.024098584873915,20.813154985682726,20.91862678527832,215800
2005-04-05,21.34052085876465,21.347552492714,21.10848230302415,21.115513936973503,456500
2005-04-06,21.354581832885742,21.502242106520285,21.340518566497625,21.382707024515078,1220800
2005-04-07,21.57256507873535,21.579596714530975,21.206928064247236,21.340526462069317,1007500
2005-04-08,21.417863845825195,21.59365065220714,21.375675387814663,21.551462194196603,552900
2005-04-11,21.396772384643555,21.516307478345638,21.375677482997176,21.516307478345638,417200
2005-04-12,21.537405014038086,21.551468284398016,21.199894572283377,21.33349295840818,373100
2005-04-13,21.63584327697754,21.72725183812935,21.445993179415613,21.572559911123566,420600
2005-04-14,21.55146026611328,21.69209023509625,21.5092718118771,21.69209023509625,1148000
2005-04-15,21.65693473815918,21.867879717600122,21.621777912159164,21.621777912159164,4044300
2005-04-18,21.50927734375,22.07882631643185,21.354585411001644,22.07882631643185,1153800
2005-04-19,21.49521827697754,21.607721766632093,21.35458958548304,21.544438386057983,926900
2005-04-20,21.228012084960938,21.55145911879721,21.17879200078122,21.55145911879721,433100
2005-04-21,21.51630973815918,21.53740330087394,21.326459626843302,21.481151565055956,429400
2005-04-22,21.438961029052734,21.60771622021734,21.34052083616014,21.60771622021734,795200
2005-04-25,21.488178253173828,21.586619774054785,21.396769706441724,21.516304785181777,344500
2005-04-26,21.354581832885742,21.572557097313975,21.354581832885742,21.516305372908402,345200
2005-04-27,21.51630973815918,21.56552983935652,21.228019424448625,21.326459626843302,339100
2005-04-28,21.41084098815918,21.55146967740639,21.375682809986852,21.39677771689025,347100
2005-04-29,21.727256774902344,21.727256774902344,21.382714672049268,21.502249796806243,429800
2005-05-02,21.81866455078125,21.83272647966788,21.706161072804743,21.83272647966788,502700
2005-05-03,21.804601669311523,21.903041879008388,21.71319175360963,21.832726868733225,2936300
2005-05-04,22.022571563720703,22.02960319712906,21.79756465924108,21.903036478072536,532500
2005-05-05,22.015539169311523,22.0788225266523,21.924130620456456,22.0788225266523,637000
2005-05-06,21.917110443115234,22.184305937322076,21.917110443115234,22.184305937322076,1699700
2005-05-09,22.07883071899414,22.09289399054291,21.860855374577852,21.980390500447573,1036100
2005-05-10,21.938188552856445,22.11397531580835,21.89599876412246,22.11397531580835,550000
2005-05-11,22.02960968017578,22.057736222086504,21.811634344957017,21.903042923872196,573500
2005-05-12,22.001474380493164,22.149134634304772,21.952252954742576,22.07881965295065,716500
2005-05-13,21.85381507873535,22.043665145969122,21.692091543453337,21.994445056200412,1828500
2005-05-16,22.113983154296875,22.113983154296875,21.90303815929541,21.93819632903584,653500
2005-05-17,22.099912643432617,22.121006197216687,21.89599934920925,22.113975906719734,1428900
2005-05-18,22.149127960205078,22.240536469619006,22.092876260301203,22.191316399846407,628700
2005-05-19,22.142112731933594,22.219459379526132,22.022577613448444,22.1843012028262,490300
2005-05-20,22.12804412841797,22.18429585643394,21.495211852951535,21.495211852951535,311400
2005-05-23,22.170242309570312,22.240555990305214,22.050707174714496,22.121020855449395,508600
2005-05-24,22.1983642578125,22.254615998838503,22.149144152058163,22.219459163627487,540200
2005-05-25,22.05773162841797,22.21945518728262,21.973353361405465,22.21945518728262,748700
2005-05-26,22.142112731933594,22.1843012028262,22.078829355021025,22.078829355021025,821000
2005-05-27,22.07179832458496,22.254616824993033,22.036641488068824,22.254616824993033,791100
2005-05-31,22.001474380493164,22.149134634304772,21.952252954742576,22.149134634304772,1182500
2005-06-01,22.05773162841797,22.12804528625682,21.93819653248604,22.036636726378077,591900
2005-06-02,22.05773162841797,22.113983359377283,21.973353361405465,22.043668360391376,408900
2005-06-03,21.980379104614258,22.078819272124047,21.93115902085936,22.078819272124047,1874900
2005-06-06,21.987417221069336,22.050700587744778,21.924133854393897,21.966322318461827,537100
2005-06-07,21.994447708129883,22.184296457107365,21.973352806622596,22.050699437668957,453800
2005-06-08,21.839757919311523,22.05773457944488,21.80460108568859,22.05773457944488,494900
2005-06-09,21.931161880493164,22.00147686980292,21.811626801010636,21.84678362509208,373200
2005-06-10,21.8819522857666,21.99445578616458,21.804605626312675,21.903045853874026,966000
2005-06-13,21.973358154296875,22.05773643971421,21.82569783125073,21.93820131770894,363300
2005-06-14,22.163206100463867,22.219457838134193,21.97335598289631,22.043670990271025,1039800
2005-06-15,22.07883071899414,22.25461758991153,21.980390500447573,22.25461758991153,685800
2005-06-16,22.21945571899414,22.226487353175703,22.113983888564864,22.184297548086324,979500
2005-06-17,22.329484939575195,22.40706728272199,22.146109348195413,22.146109348195413,536300
2005-06-20,22.30126953125,22.39295663580868,22.216634142613337,22.39295663580868,484500
2005-06-21,22.266008377075195,22.357696843963495,22.223691347483584,22.357696843963495,400800
2005-06-22,22.188419342041016,22.329477858441894,22.167261506244483,22.216631583414678,507300
2005-06-23,22.040313720703125,22.23779541592486,22.03326065888442,22.21663623046875,561800
2005-06-24,21.93451690673828,22.110839387748666,21.93451690673828,22.110839387748666,358200
2005-06-27,21.842824935913086,21.941566424092233,21.793454864440292,21.934513364562754,869400
2005-06-28,22.061471939086914,22.068525000596445,21.9274664608737,22.0050487922446,529200
2005-06-29,22.033252716064453,22.146098974015516,22.00504182419344,22.146098974015516,403100
2005-06-30,21.885150909423828,22.075578202056853,21.84283253751958,22.054420361338753,625900
2005-07-01,21.85693359375,21.934515912352236,21.772299560032756,21.934515912352236,483900
2005-07-05,21.93451690673828,21.99799310752072,21.7581944257279,21.779352262499533,443900
2005-07-06,21.793466567993164,21.969789115218408,21.758202596641826,21.856942792612994,1084000
2005-07-07,21.78640365600586,21.814615896520845,21.581870293206894,21.581870293206894,387400
2005-07-08,22.047359466552734,22.103782597145504,21.7581907541106,21.835771717904695,667900
2005-07-11,22.117887496948242,22.18136368352045,21.99798818289335,22.11083443785872,545800
2005-07-12,22.103788375854492,22.160211521198256,22.0262060465441,22.146105398553843,583600
2005-07-13,21.983896255493164,22.110848710586385,21.92747309158888,22.082636456017074,728300
2005-07-14,22.117887496948242,22.18136368352045,22.040305192196996,22.11083443785872,1118500
2005-07-15,22.22368621826172,22.251897116400354,22.117892996082677,22.146103894221312,454500
2005-07-18,22.08968162536621,22.25189799546471,22.075575503122728,22.25189799546471,626500
2005-07-19,22.096736907958984,22.195477083122395,22.01915457305402,22.181372304694758,322600
2005-07-20,22.414113998413086,22.435271834928045,22.216632337792994,22.216632337792994,1247900
2005-07-21,22.174312591552734,22.41411124093547,22.124942518779864,22.392952061789842,709000
2005-07-22,22.14611053466797,22.216639819013267,22.06852953259893,22.216639819013267,838100
2005-07-25,22.01209831237793,22.216633040046133,22.00504659680588,22.216633040046133,506400
2005-07-26,22.117887496948242,22.195468456466013,22.019146014928438,22.14609838807285,431400
2005-07-27,22.32242202758789,22.350634265460037,22.13904651711958,22.216628826034437,424100
2005-07-28,22.534015655517578,22.56927961682531,22.350640097202803,22.35769315851113,1833600
2005-07-29,22.37885093688965,22.56927955599953,22.37885093688965,22.56927955599953,958000
2005-08-01,22.491697311401367,22.597491885903988,22.44232722742489,22.534015679295976,1020700
2005-08-02,22.57633399963379,22.61865237248242,22.463489041072936,22.54812309630209,725300
2005-08-03,22.632755279541016,22.632755279541016,22.49874980837054,22.534015114064804,723600
2005-08-04,22.40705680847168,22.611591491981322,22.40705680847168,22.57632485033227,694700
2005-08-05,22.25189971923828,22.385905200464585,22.230741879467892,22.385905200464585,597400
2005-08-08,22.167261123657227,22.336530533276616,22.117891047339118,22.322424412833243,416500
2005-08-09,22.421167373657227,22.421167373657227,22.21663264958377,22.21663264958377,394400
2005-08-10,22.385902404785156,22.597490192702494,22.350638446082495,22.435272485062395,1930400
2005-08-11,22.519908905029297,22.562225926465526,22.371797312151717,22.39295649548676,432600
2005-08-12,22.392953872680664,22.505800146782565,22.322424615058555,22.498747086496984,204700
2005-08-15,22.40705680847168,22.463479937503045,22.308315323741656,22.36473845277302,521500
2005-08-16,22.25189971923828,22.463487533579915,22.244848002804126,22.449381410243678,431800
2005-08-17,22.294214248657227,22.39295440453313,22.22368498935998,22.25189588593864,403500
2005-08-18,22.30126953125,22.407062758120436,22.23779332608097,22.30126953125,375700
2005-08-19,22.14611053466797,22.463491641604698,22.139057471710018,22.463491641604698,1864600
2005-08-22,22.14611053466797,22.25895685152676,22.047370343725078,22.15316359762592,1283000
2005-08-23,22.005041122436523,22.139045208708982,21.976828886231715,22.139045208708982,2321400
2005-08-24,21.93451690673828,22.174315588531105,21.927463846069816,22.075574084406323,1617800
2005-08-25,21.962730407714844,22.040312739031094,21.94157256843509,21.969783469219408,966900
2005-08-26,21.885150909423828,22.005050272684485,21.856938661487664,22.005050272684485,718300
2005-08-29,22.103788375854492,22.124947559821116,21.6876671744815,21.8569366105128,1147400
2005-08-30,22.075576782226562,22.096735966817796,21.94157264885056,22.04031281980844,394700
2005-08-31,22.30126953125,22.32242736948377,21.99799462771659,22.061470832885625,691500
2005-09-01,22.308334350585938,22.56929238569883,22.258964238729767,22.357705807676766,485300
2005-09-02,22.294214248657227,22.414113585892423,22.273055067297935,22.378848283626933,817000
2005-09-06,22.646867752075195,22.660973878308305,22.294222667652893,22.294222667652893,641900
2005-09-07,22.79496955871582,22.851394042649993,22.696229402298492,22.710335523282037,1813800
2005-09-08,22.780864715576172,22.88665928365333,22.675072837966642,22.809076959125765,1928900
2005-09-09,22.85845375061035,22.914878254273958,22.766765277391205,22.81613537286265,665000
2005-09-12,22.780864715576172,22.936029364631302,22.759706878147792,22.921923242856508,566500
2005-09-13,22.54106330871582,22.78086196904119,22.50579935376418,22.78086196904119,776400
2005-09-14,22.47759246826172,22.63980749711435,22.456433284376303,22.569279574630745,1536900
2005-09-15,22.46348762512207,22.59749310689447,22.442328440031492,22.46348762512207,650600
2005-09-16,22.637514114379883,22.651662884533607,22.467732920438152,22.566771612912248,509400
2005-09-19,22.47480583190918,22.630438245492833,22.411137719692935,22.60214205634167,688400
2005-09-20,22.305021286010742,22.545544929384207,22.26257498473258,22.4748024432213,613200
2005-09-21,22.19891357421875,22.34747297487576,22.17061738080381,22.17061738080381,1017400
2005-09-22,22.248424530029297,22.319165657235338,22.114013959596893,22.25549756330949,1725700
2005-09-23,22.2625789642334,22.368693387096368,22.099872161484885,22.106946546295813,1253300
2005-09-26,22.227201461791992,22.396982596434707,22.092790890878813,22.396982596434707,463300
2005-09-27,22.099872589111328,22.24135758946569,22.071576398621033,22.227208819570063,472200
2005-09-28,22.1140193939209,22.227206844425993,22.043276900030005,22.17768750349262,470500
2005-09-29,22.163537979125977,22.191835515437788,21.93716308583468,22.01497996139136,700100
2005-09-30,22.17768669128418,22.198908494163657,22.09279543186389,22.17768669128418,957000
2005-10-03,22.19891357421875,22.27673046738676,22.10694925899382,22.24843427397182,1464100
2005-10-04,22.290878295898438,22.488957038629202,21.526862215795553,21.526862215795553,618700
2005-10-05,21.923015594482422,22.297949876645426,21.923015594482422,22.29087549215546,1116100
2005-10-06,21.774456024169922,22.00790529858253,21.604674856351735,21.9300884240114,2054400
2005-10-07,21.753232955932617,21.894717937642735,21.739084187901447,21.894717937642735,450900
2005-10-10,21.72493553161621,21.845197361898165,21.625896853490175,21.788603638783176,1276300
2005-10-11,21.54100799560547,21.85934719768828,21.512710458015427,21.753234130327343,712400
2005-10-12,21.59052085876465,21.78859816525761,21.50562962076734,21.50562962076734,1276500
2005-10-13,21.69664192199707,21.774458806511646,21.53393511737655,21.562231307644883,1285300
2005-10-14,21.795677185058594,21.88056844111845,21.123626917562774,21.753232231679036,1362300
2005-10-17,21.788602828979492,21.82397474792471,21.682489770745324,21.753232259335018,895500
2005-10-18,21.760311126708984,21.880572977300492,21.739087970968946,21.823979244628077,1029900
2005-10-19,21.972530364990234,22.00790228008056,21.64711684196278,21.66126560799891,1051800
2005-10-20,21.5197811126709,22.03619894047748,21.470261779771725,22.03619894047748,1750100
2005-10-21,21.385379791259766,21.717869197786182,21.32878605068311,21.717869197786182,1361700
2005-10-24,21.56222915649414,21.56222915649414,21.35000302810102,21.364151796474115,937700
2005-10-25,21.42781639099121,21.576374386644805,21.265108279984123,21.576374386644805,1216500
2005-10-26,21.158992767333984,21.441961308911917,21.158992767333984,21.371218836192323,1346900
2005-10-27,21.081180572509766,21.236814316756554,21.067033154278842,21.208516781693234,2871100
2005-10-28,21.399526596069336,21.40660098165359,21.11655791920467,21.11655791920467,1076600
2005-10-31,21.498558044433594,21.59052367670885,21.441964328149062,21.541004343622465,1238900
2005-11-01,21.434886932373047,21.541001316130693,21.364145808935206,21.541001316130693,1293600
2005-11-02,21.434886932373047,21.477333225596283,21.32169951571197,21.34999704452746,1188900
2005-11-03,21.569305419921875,21.717864802181058,20.86895751604528,20.86895751604528,1788800
2005-11-04,21.6824893951416,21.703712546141084,21.562227571412627,21.562227571412627,507900
2005-11-07,21.72493553161621,21.788603638783176,21.597600666583077,21.788603638783176,508900
2005-11-08,21.6754150390625,21.724934375490268,21.654193237336724,21.682489422737998,576000
2005-11-09,21.69664192199707,21.760310036727006,21.604677616998806,21.69664192199707,328100
2005-11-10,21.9796085357666,21.993757304240997,21.703714297020003,21.710788681257203,1473800
2005-11-11,21.986690521240234,22.022061105353714,21.831058062119116,21.99376490792319,1651500
2005-11-14,21.83812141418457,22.02204997779867,21.795675115534596,22.02204997779867,296900
2005-11-15,21.951309204101562,22.07157102030756,21.838121771119525,21.838121771119525,451600
2005-11-16,21.908870697021484,22.036206941740744,21.852276960401937,22.01498513382161,328200
2005-11-17,22.022056579589844,22.05035412050622,21.88057292291101,21.96546284705811,397200
2005-11-18,22.1140193939209,22.1564643505351,22.022053747072484,22.14231558189675,1958400
2005-11-21,22.156461715698242,22.177684866131916,22.02912551169757,22.177684866131916,514500
2005-11-22,22.029125213623047,22.177684566047247,21.972531495866367,22.142312649136407,684600
2005-11-23,22.085723876953125,22.11402141681836,21.993759570993046,22.071576456321473,718500
2005-11-25,22.1140193939209,22.14231558189675,22.0715744373067,22.092796240963377,115200
2005-11-28,21.880569458007812,22.13524188872242,21.852271921572502,22.13524188872242,861200
2005-11-29,21.901796340942383,22.043281357333417,21.887648918744173,21.979613234887562,490500
2005-11-30,21.760311126708984,21.972537286905283,21.760311126708984,21.915943554232868,542000
2005-12-01,21.9796085357666,22.014980456952593,21.88056985504748,21.93008919540704,488200
2005-12-02,22.057424545288086,22.07157331320584,21.873494610259613,21.93008833262985,585700
2005-12-05,22.099872589111328,22.10694697405914,22.00083389844385,22.057427628725403,2846000
2005-12-06,22.057424545288086,22.21305694448105,22.036201393411453,22.128167035576077,719200
2005-12-07,21.965456008911133,22.043272872904698,21.901787910971052,22.036198489877954,887300
2005-12-08,22.043285369873047,22.142324089794123,21.944246649951975,21.944246649951975,338800
2005-12-09,22.071577072143555,22.128170804152088,22.014983340135025,22.04327953148879,492600
2005-12-12,22.078651428222656,22.17061709154883,21.89472280017247,22.142319549201982,753200
2005-12-13,22.319169998168945,22.354541917952087,22.04327577036431,22.04327577036431,1674000
2005-12-14,22.38283348083496,22.5030952846535,22.326239770173327,22.375759098339696,3037800
2005-12-15,22.446502685546875,22.538468313239,22.389908972082708,22.538468313239,569300
2005-12-16,22.499034881591797,22.60549691844713,22.499034881591797,22.584203969580766,501300
2005-12-19,22.697757720947266,22.924877034513997,22.676466131386565,22.68356242541487,985000
2005-12-20,22.66936492919922,22.768730628608132,22.640974342585903,22.754535335301476,408200
2005-12-21,22.7403507232666,22.98166540787592,22.697764823343793,22.98166540787592,469200
2005-12-22,22.88938331604004,22.931969189923663,22.747433110569602,22.860992733450956,625600
2005-12-23,22.917776107788086,22.974554570964436,22.875190229799397,22.967458278370607,741800
2005-12-27,22.733245849609375,23.06682854417903,22.719050553300463,23.06682854417903,432600
2005-12-28,22.733245849609375,22.861000808913673,22.726149555192887,22.825513921879352,323300
2005-12-29,22.655170440673828,22.846801492170297,22.64097514686291,22.846801492170297,462300
2005-12-30,22.51321792602539,22.60548597269783,22.477731048836045,22.60548597269783,417500
2006-01-03,22.79002571105957,22.84680418552125,22.477735979093,22.555808750519116,1230000
2006-01-04,23.017147064208984,23.038438655585033,22.804223028020463,22.804223028020463,2160600
2006-01-05,22.960365295410156,23.25846110450099,22.91778211373714,23.25846110450099,1261100
2006-01-06,23.109407424926758,23.159089593203333,22.98874879662999,23.052626256910607,774900
2006-01-09,23.21587562561035,23.237169924299106,23.109414962070552,23.18038873776375,622700
2006-01-10,23.130701065063477,23.38621092889578,23.05262830583968,23.38621092889578,823300
2006-01-11,23.073923110961914,23.166191176323427,23.02424093133858,23.059730523191586,1015600
2006-01-12,23.052629470825195,23.109410646757574,23.00294729562211,23.00294729562211,547900
2006-01-13,23.038436889648438,23.499774522257916,22.91778093779797,23.499774522257916,878500
2006-01-17,22.974563598632812,22.995857899732197,22.875199218423347,22.875199218423347,1063700
2006-01-18,23.010046005249023,23.059730893145197,22.93907223535581,22.995853417251,1213900
2006-01-19,23.130701065063477,23.21587011718246,22.931972374294066,23.1448963583292,2798500
2006-01-20,22.690664291381836,23.137805353872753,22.683566642296185,23.137805353872753,3070600
2006-01-23,22.676467895507812,22.740345376635055,22.577102172788766,22.726150079998337,1085000
2006-01-24,22.57000160217285,22.683561253087248,22.52031942411503,22.62678142763005,1173700
2006-01-25,22.54161262512207,22.690659161006796,22.456442209089488,22.640976982378554,1425200
2006-01-26,22.655170440673828,22.740340849801605,22.59129297226243,22.598390619167887,1221300
2006-01-27,22.917776107788086,22.95326298570771,22.683557840063152,22.683557840063152,1228700
2006-01-30,22.81131935119629,23.059732983290402,22.7900277597936,22.988756499488076,977700
2006-01-31,22.80422592163086,22.86100440833024,22.435156281917653,22.435156281917653,2370400
2006-02-01,22.946168899536133,23.017142662199962,22.860997135368937,22.9177783114804,1472700
2006-02-02,22.761642456054688,23.024248738462678,22.704862609555256,23.024248738462678,900500
2006-02-03,22.719051361083984,22.832611028117018,22.61259069619578,22.726150363228815,823400
2006-02-06,22.51321792602539,22.640972849887174,22.442244171646703,22.633875203701788,924800
2006-02-07,22.477737426757812,22.619687683267895,22.428055243100673,22.534517258614247,1328600
2006-02-08,22.76873016357422,22.76873016357422,22.36417243502337,22.449341485648436,1537800
2006-02-09,22.79002571105957,22.960363841920387,22.768734121570912,22.768734121570912,1491900
2006-02-10,22.7403507232666,22.74744701951542,22.548718234828907,22.6551802771593,812200
2006-02-13,22.71195411682129,22.733245707413516,22.59839445453622,22.726149413041412,644600
2006-02-14,22.93197250366211,23.180383368525256,22.747436397642034,23.180383368525256,900300
2006-02-15,23.066822052001953,23.095212636629228,22.896481251713478,22.931970836235156,974500
2006-02-16,23.21587562561035,23.230070922244188,23.010047885633682,23.073925366747957,1161200
2006-02-17,23.201677322387695,23.22297161831703,23.081021377849254,23.088117671508606,756200
2006-02-21,23.08102035522461,23.286848059409724,23.031338179383447,23.23716588356856,692800
2006-02-22,23.27975082397461,23.308141414458383,23.045535221172813,23.045535221172813,641800
2006-02-23,23.1945858001709,23.279754878981745,23.123612019074557,23.222976395599915,790800
2006-02-24,23.1945858001709,23.25136428355273,23.10941672136005,23.18039050245639,665900
2006-02-27,23.372020721435547,23.442994495732865,23.208778874570964,23.208778874570964,1548200
2006-02-28,23.066822052001953,23.279746021756168,23.00294459032817,23.279746021756168,912700
2006-03-01,23.088123321533203,23.116513918069508,22.931980455536127,23.038441131332817,1319700
2006-03-02,23.04553985595703,23.08812304277104,22.96746707016298,23.066831449364038,757400
2006-03-03,22.967456817626953,23.180380779077836,22.946165233724383,22.974553109769452,795500
2006-03-06,22.846799850463867,22.98165377823963,22.78292238664252,22.967458485448745,954100
2006-03-07,22.85390853881836,22.967468221810346,22.78293204477561,22.78293204477561,1244300
2006-03-08,23.010046005249023,23.08811877661702,22.8042209895684,22.8042209895684,490900
2006-03-09,22.93197250366211,23.073920022169414,22.910678209905722,23.066823729234194,381500
2006-03-10,23.017147064208984,23.059732954437095,22.931977991228777,22.98875647072358,626700
2006-03-13,23.002948760986328,23.159094297271867,22.960362876324183,23.159094297271867,761900
2006-03-14,23.166189193725586,23.17328819447894,22.96746049223974,23.00294737358,868500
2006-03-15,23.244274139404297,23.26556573787221,23.109422836646008,23.215883536462474,729000
2006-03-16,23.244274139404297,23.29395634081403,23.194591937994566,23.244274139404297,815000
2006-03-17,23.299089431762695,23.348934452821975,23.256363963847633,23.320450807545267,395200
2006-03-20,23.341814041137695,23.391659066164216,23.249246261145668,23.334694487426823,745800
2006-03-21,23.199399948120117,23.37029639119449,23.113949010232943,23.306209545954104,1330400
2006-03-22,23.434391021728516,23.441510577409353,23.220769038741786,23.227888594422627,559600
2006-03-23,23.306224822998047,23.35606987793027,23.185173322834572,23.35606987793027,1707700
2006-03-24,23.270614624023438,23.348943320106503,23.21364731183541,23.21364731183541,465500
2006-03-27,23.09260368347168,23.220777463034207,23.064120017712924,23.20653563015483,778800
2006-03-28,22.878971099853516,23.0569898544386,22.857607002184878,22.957299786487052,1013700
2006-03-29,22.94306182861328,23.02139052845391,22.878974957502866,23.02139052845391,503300
2006-03-30,22.900327682495117,23.07122684627981,22.836240835619616,22.88608585915056,690200
2006-03-31,22.772159576416016,22.950178337378947,22.750798194332695,22.871849647939143,895800
2006-04-03,22.75792121887207,22.921698177962597,22.750801662542543,22.857611305592293,2382100
2006-04-04,22.786399841308594,22.843367144760123,22.672467950756072,22.82200304779053,2518900
2006-04-05,22.715194702148438,22.814886136564457,22.679591491541203,22.693833319054267,1908800
2006-04-06,22.544294357299805,22.69383081332512,22.437483379096168,22.69383081332512,2216300
2006-04-07,22.273706436157227,22.63686484827762,22.252343697264752,22.60126028345683,1833100
2006-04-10,22.230981826782227,22.28794777454548,22.088567636461764,22.28794777454548,1887700
2006-04-11,21.98887062072754,22.238097088166082,21.882059665589587,22.238097088166082,2293300
2006-04-12,22.138412475585938,22.138412475585938,21.974635546984025,22.0031178415266,4217500
2006-04-13,22.08856964111328,22.124172852380738,21.995999118737167,22.017361860402914,1763700
2006-04-17,21.960391998291016,22.09568662173932,21.88206331763539,22.09568662173932,1521400
2006-04-18,22.16689682006836,22.18113864774435,21.988878048644768,22.060085828849292,7651600
2006-04-19,22.03872299194336,22.152654889486026,21.953273389698683,22.152654889486026,1405900
2006-04-20,22.23810386657715,22.26658752098938,22.038723718393104,22.081447841836056,3495900
2006-04-21,22.188261032104492,22.36627981532624,22.095691862426417,22.36627981532624,1167900
2006-04-24,22.102806091308594,22.145530206069918,21.846458686390413,21.846458686390413,1619700
2006-04-25,21.967512130737305,22.102806749380626,21.8963043652316,22.081444012276364,2743900
2006-04-26,21.967512130737305,22.07432309990828,21.889183452863513,21.946149393633043,2192300
2006-04-27,21.846458435058594,21.967511223968962,21.77525067249218,21.89630346140255,4469800
2006-04-28,22.067201614379883,22.074322526563016,21.846458769403288,21.846458769403288,2495700
2006-05-01,21.874948501586914,22.095692779833506,21.86782758698132,22.024484991953173,1018600
2006-05-02,21.874948501586914,21.95327720407284,21.817982542917765,21.90343216000928,791300
2006-05-03,21.632837295532227,21.825097866100766,21.618596828144927,21.761011009244584,2203100
2006-05-04,21.70404624938965,22.287947547560222,21.63283847586695,22.287947547560222,1475800
2006-05-05,21.917673110961914,21.953276324387637,21.74677524180248,21.810860754333678,1190000
2006-05-08,21.910552978515625,21.94615619321184,21.860707934670685,21.867827491069466,3090900
2006-05-09,21.753894805908203,21.90343129033714,21.725412506792306,21.85358624825267,3177400
2006-05-10,21.732521057128906,21.832211084582557,21.718279236585595,21.72540014685725,2280700
2006-05-11,21.689809799194336,21.825104466604742,21.647085667761026,21.753896675432127,1620600
2006-05-12,21.63995933532715,21.761012142562695,21.618597954046077,21.632838422175023,1406100
2006-05-15,21.946151733398438,21.946151733398438,21.647080172929417,21.68980429351776,2248900
2006-05-16,22.003122329711914,22.074330117856245,21.91767407047919,21.931914541567583,1808200
2006-05-17,21.775251388549805,22.081443826931636,21.76100956393317,21.924787830674138,3359700
2006-05-18,21.682689666748047,21.817982972390695,21.668447837256522,21.810862057644933,1288500
2006-05-19,21.5616397857666,21.711174941382936,21.45482740812545,21.711174941382936,1091100
2006-05-22,21.469064712524414,21.66132532192677,21.461943798304826,21.476185626744005,873300
2006-05-23,21.36937141418457,21.561631994655972,21.36937141418457,21.540269255211825,2276200
2006-05-24,21.43345832824707,21.497545188565386,21.21271545280361,21.404974675583237,1705700
2006-05-25,21.632837295532227,21.661320946657302,21.490423114432566,21.582992264238584,531000
2006-05-26,21.753894805908203,21.796620291845347,21.639962893093553,21.711170678146594,1935800
2006-05-30,21.469064712524414,21.66132532192677,21.426340585382395,21.604359366345577,1443900
2006-05-31,21.604352951049805,21.61859477525995,21.461937425298576,21.497541985823936,1171000
2006-06-01,21.910552978515625,21.917673893089983,21.647084571966637,21.696929615811573,876200
2006-06-02,21.996000289916992,22.024483946987935,21.867826549448793,22.010242118452464,969700
2006-06-05,21.654203414916992,21.924792710153483,21.639961587130767,21.89630905458103,878200
2006-06-06,21.689809799194336,21.78950125010626,21.575877876588407,21.696930714129163,3027300
2006-06-07,21.789491653442383,21.981752197479164,21.70404207003435,21.75388709444943,1461000
2006-06-08,21.825096130371094,21.889182982130507,21.575869635548393,21.810854305941195,2199300
2006-06-09,21.668441772460938,21.839339603999683,21.668441772460938,21.725407716307185,791500
2006-06-12,21.44769859313965,21.746770133460277,21.44769859313965,21.675562365160086,763800
2006-06-13,21.390729904174805,21.625714558677455,21.37648808070797,21.469057216892327,1069400
2006-06-14,21.426332473754883,21.476177496246056,21.319521517248802,21.319521517248802,1023000
2006-06-15,21.689809799194336,21.782380335171432,21.41922182254917,21.454825039047652,975500
2006-06-16,21.66193389892578,21.783429460799006,21.626200471433666,21.66908085705278,803100
2006-06-19,21.49755096435547,21.733395053321487,21.43322972526088,21.69051468163924,957800
2006-06-20,21.418941497802734,21.5261445001715,21.39035503014245,21.5261445001715,474100
2006-06-21,21.526151657104492,21.619059411818533,21.40465606208259,21.40465606208259,465900
2006-06-22,21.404645919799805,21.55472792087212,21.340324672728066,21.55472792087212,372300
2006-06-23,21.42609214782715,21.52614820973764,21.297449613330112,21.347478325856876,1943300
2006-06-26,21.347469329833984,21.440377030516874,21.283148089691036,21.41893616275507,754100
2006-06-27,21.12592124938965,21.347472829825033,21.07589391288575,21.276004622044027,673500
2006-06-28,21.12592124938965,21.24741679367455,21.03301353347422,21.183095542985914,481600
2006-06-29,21.490407943725586,21.518995772176847,21.247416854460614,21.30459114822045,632400
2006-06-30,21.611906051635742,21.726254652717714,21.504704408514247,21.511851366474726,1312400
2006-07-03,21.654773712158203,21.69765543472427,21.59045249145115,21.604746398973173,313800
2006-07-05,21.633342742919922,21.647636656077292,21.554727583696977,21.61904882976255,1093000
2006-07-06,21.711959838867188,21.80486892536818,21.57617173266234,21.57617173266234,937700
2006-07-07,21.733402252197266,21.819164387111666,21.654787075454305,21.654787075454305,699600
2006-07-10,21.81201171875,21.897772468070112,21.76912998094741,21.81915867505043,1642100
2006-07-11,21.862045288085938,21.904925674981993,21.76199059761417,21.84775137140628,1552700
2006-07-12,21.783428192138672,21.940658535489845,21.7405478090169,21.89777678922527,677400
2006-07-13,21.554731369018555,21.726254267601124,21.51185098515862,21.661933010239807,788700
2006-07-14,21.418941497802734,21.633346139397467,21.333180731679082,21.554730967831784,1319700
2006-07-17,21.504703521728516,21.59761124509783,21.390354925361915,21.390354925361915,432600
2006-07-18,21.504703521728516,21.59046428743207,21.340327584844378,21.49040960639699,689000
2006-07-19,22.012117385864258,22.090732528966658,21.576164029100248,21.576164029100248,1708900
2006-07-20,22.033559799194336,22.18364314083024,22.033559799194336,22.09073408097411,1092700
2006-07-21,22.133625030517578,22.176506784704987,22.0121294532727,22.06215816649134,644200
2006-07-24,22.56243133544922,22.6053117232723,22.262265894401743,22.262265894401743,1857600
2006-07-25,22.75538444519043,22.819705678307535,22.455219145024714,22.455219145024714,2366200
2006-07-26,22.86259651184082,22.89833130389885,22.67677968256787,22.7982752492793,1877800
2006-07-27,22.748245239257812,22.762539154406916,22.598163219620556,22.748245239257812,1919500
2006-07-28,22.86973762512207,22.941204464686507,22.741095132877945,22.798269422415046,1817000
2006-07-31,22.791126251220703,22.88403533911393,22.748245867731494,22.88403533911393,462400
2006-08-01,22.791126251220703,22.84115359248191,22.669630695382274,22.7839792934487,3115000
2006-08-02,22.934066772460938,23.062709309024832,22.8911850181776,22.941212368365104,633700
2006-08-03,22.73395347595215,22.898330789440138,22.68392613133781,22.762541308956287,2033400
2006-08-04,22.741100311279297,22.862595874604352,22.698219925147775,22.83400940489764,899700
2006-08-07,22.66963005065918,22.755392178341335,22.64104358352698,22.698217880934155,630800
2006-08-08,22.662479400634766,22.77682933996057,22.612452068947412,22.698214182656127,1020700
2006-08-09,22.683929443359375,22.905479728917815,22.669635524770285,22.819718943669496,739700
2006-08-10,22.662479400634766,22.726800645130663,22.540985231189797,22.540985231189797,680000
2006-08-11,22.55527687072754,22.641038980975665,22.476663079737797,22.612451156512122,456200
2006-08-14,22.60531234741211,22.78398222527486,22.58387283448009,22.64104714087045,408700
2006-08-15,22.798269271850586,22.82685709800163,22.705361563144844,22.77682976537988,651400
2006-08-16,22.998380661010742,22.998380661010742,22.862591208971814,22.869738165725717,1290600
2006-08-17,23.055557250976562,23.127026829868058,22.976944803624423,22.976944803624423,998300
2006-08-18,23.091283798217773,23.098429389991715,22.955493017952044,23.01266865728173,484900
2006-08-21,23.012683868408203,23.08415073852457,22.97695043335002,23.06985681924403,468900
2006-08-22,23.08414077758789,23.112728603813167,22.926913185919204,22.955498285859317,376200
2006-08-23,23.06984519958496,23.105581342930154,23.019817870443653,23.105581342930154,422000
2006-08-24,23.227081298828125,23.269963045765717,23.162760041564557,23.198493467536395,701200
2006-08-25,23.241376876831055,23.284258626835797,23.141322186439165,23.19134953163511,394300
2006-08-28,23.391460418701172,23.484369519884698,23.234230051511517,23.262817886688914,335000
2006-08-29,23.498666763305664,23.51296068291742,23.391463729360694,23.420051568584206,845800
2006-08-30,23.51294708251953,23.562974409080585,23.484359259831834,23.5415321789224,685700
2006-08-31,23.441484451293945,23.52009962376857,23.405751025519745,23.512954029127982,375900
2006-09-01,23.56298065185547,23.591565755831674,23.441483736385784,23.441483736385784,2468600
2006-09-05,23.455780029296875,23.584422552230084,23.455780029296875,23.548689123923264,805700
2006-09-06,23.37002182006836,23.470076520818957,23.312846147475945,23.470076520818957,1378000
2006-09-07,23.198486328125,23.31998321058095,23.177046824397106,23.269955884359327,1418700
2006-09-08,23.384305953979492,23.405745459088074,23.2127817342559,23.25566347075804,468700
2006-09-11,23.534385681152344,23.541531273407003,23.298540242477788,23.38430370724202,1016900
2006-09-12,23.805967330932617,23.82026124340623,23.591561370113503,23.60585528258711,1090100
2006-09-13,23.755945205688477,23.82741205743091,23.69876954326602,23.82026646277092,905700
2006-09-14,23.72736167907715,23.748801193232293,23.63445257392798,23.6916282467232,557400
2006-09-15,23.765357971191406,23.872927072711988,23.765357971191406,23.844241614227048,1960100
2006-09-18,23.758195877075195,23.822736812336668,23.715167675035282,23.76536587628345,1559700
2006-09-19,23.794048309326172,23.801218307619877,23.67213645356161,23.765362844958457,693900
2006-09-20,23.88727378845215,23.973327442672396,23.79404740061568,23.808390132251777,716900
2006-09-21,23.73668098449707,23.90162106185582,23.700825516391767,23.90162106185582,572800
2006-09-22,23.58608055114746,23.715162392919805,23.543055094287475,23.66496420285236,1020700
2006-09-25,23.679306030273438,23.729504218425756,23.528711465816485,23.664963300001908,795700
2006-09-26,23.700820922851562,23.71516365443324,23.614767268957827,23.679308193277212,774200
2006-09-27,23.765357971191406,23.765357971191406,23.58607795905436,23.729502515883176,1074300
2006-09-28,23.722339630126953,23.765365095155893,23.650625962417536,23.765365095155893,463800
2006-09-29,23.801218032836914,23.85858896091,23.707994378112772,23.85858896091,575800
2006-10-02,23.664968490600586,23.80839308917811,23.643455758272797,23.72233942427027,423200
2006-10-03,23.73668098449707,23.815564655686856,23.621941845201977,23.650627313924968,1416100
2006-10-04,23.94464111328125,23.94464111328125,23.679307426601856,23.70799288883645,1627800
2006-10-05,23.94464111328125,23.94464111328125,23.815559268821815,23.865757459934233,1045000
2006-10-06,23.851417541503906,24.009184866802702,23.779706613057126,24.009184866802702,1331700
2006-10-09,23.801218032836914,23.851416227102657,23.729507108341974,23.84424622889173,806800
2006-10-10,23.700820922851562,23.837075505079344,23.586081805794468,23.837075505079344,1355100
2006-10-11,23.693649291992188,23.743847481270446,23.57891018284243,23.62910837212069,736700
2006-10-12,23.837081909179688,23.858594644533678,23.686484554910557,23.6936572904266,890600
2006-10-13,23.758195877075195,23.779708610296755,23.672139472995365,23.76536587628345,3143600
2006-10-16,23.794048309326172,23.80839104151003,23.664966455267905,23.69365191963562,969700
2006-10-17,23.85858726501465,23.8872727270122,23.707992692921852,23.808389074317052,1388400
2006-10-18,24.11675262451172,24.131095356505288,23.923129845993135,23.944642576185284,755700
2006-10-19,24.09523582458496,24.2243176697835,24.09523582458496,24.102408557982802,1428000
2006-10-20,24.281692504882812,24.281692504882812,24.059384238885837,24.109582438369557,1987400
2006-10-23,24.34622573852539,24.34622573852539,24.138260271805432,24.20280118438763,772700
2006-10-24,24.267345428466797,24.267345428466797,24.13109358790856,24.267345428466797,689200
2006-10-25,24.123920440673828,24.274515009590246,24.03786679209247,24.274515009590246,1141500
2006-10-26,24.217145919799805,24.224315917082617,24.030693163293982,24.18129046219363,2016300
2006-10-27,24.11675262451172,24.174120816889587,24.059381696537436,24.13826535470387,829900
2006-10-30,23.98049545288086,24.10240729388391,23.973325455455324,24.023523644222426,1657400
2006-10-31,23.880096435546875,24.03069098520087,23.82272825569594,23.987665534211622,1331500
2006-11-01,23.707988739013672,24.073718743900887,23.679303281800152,23.84424055738425,1867200
2006-11-02,23.837081909179688,23.86576464445265,23.636286348686536,23.636286348686536,1797800
2006-11-03,23.715164184570312,23.930299691912037,23.693651454515056,23.88010149805218,735000
2006-11-06,24.00201416015625,24.045039621716473,23.70799498524328,23.80839137634578,896900
2006-11-07,24.18846321105957,24.260176870025848,23.973327705353487,23.973327705353487,957800
2006-11-08,23.822738647460938,23.894449587454737,23.715169501873234,23.894449587454737,2985100
2006-11-09,23.26338005065918,23.80122024106009,23.148640919464185,23.71516657656301,4776400
2006-11-10,23.299236297607422,23.33509176017411,23.13429624572708,23.21317990473165,1914500
2006-11-13,23.342262268066406,23.449831393711392,23.17732494818153,23.17732494818153,1603300
2006-11-14,23.5358829498291,23.557395678797235,23.22035107071268,23.241863799680814,2427800
2006-11-15,23.650619506835938,23.751015878628607,23.46416949287754,23.50002494914693,1415900
2006-11-16,23.751022338867188,23.801220538417347,23.643455940801143,23.643455940801143,801400
2006-11-17,23.822738647460938,23.829908647221515,23.686484031636912,23.686484031636912,1078200
2006-11-20,23.765357971191406,23.872927072711988,23.715159786640704,23.822728888161286,1454500
2006-11-21,23.72949981689453,23.822726178569095,23.67930163805336,23.822726178569095,1509900
2006-11-22,23.779708862304688,23.80122159575423,23.67931245874439,23.707997927075,1215000
2006-11-24,23.679306030273438,23.722334221088033,23.650620569730375,23.67213329733963,118700
2006-11-27,23.521547317504883,23.650629201463392,23.442663640019454,23.62194373045104,1512900
2006-11-28,23.571741104125977,23.62911203539327,23.478517444211484,23.478517444211484,1389200
2006-11-29,23.73668098449707,23.751023718858562,23.60042911145817,23.614771845819664,1137700
2006-11-30,23.851417541503906,23.923131205547254,23.758193881642406,23.772536614451077,1195400
2006-12-01,23.82990264892578,23.92312903592903,23.686478069443005,23.8801008414053,833400
2006-12-04,23.715164184570312,23.765362378430165,23.586082333045997,23.586082333045997,1611400
2006-12-05,23.80839729309082,23.844252765167127,23.686485405314777,23.758199085064557,1009100
2006-12-06,23.844249725341797,23.86576245872556,23.679312386340374,23.786878788856004,1639600
2006-12-07,23.794048309326172,23.97332835822972,23.779705577142316,23.851416502465153,605000
2006-12-08,23.837081909179688,23.894450115322684,23.67931455499158,23.77254096752065,827600
2006-12-11,23.88727378845215,23.923129249744225,23.801217398635554,23.880101054835926,348900
2006-12-12,23.894437789916992,23.894437789916992,23.772528704999008,23.894437789916992,1067500
2006-12-13,23.844249725341797,23.98050159610032,23.822736991958035,23.880105192847005,720200
2006-12-14,23.966157913208008,24.088069780615665,23.887276982058005,23.966157913208008,1075700
2006-12-15,24.043163299560547,24.093537861106928,23.942414176467782,23.964002489928312,709400
2006-12-18,24.09352684020996,24.15829449617315,24.0359571155796,24.093526840209957,1903800
2006-12-19,24.215869903564453,24.251851328974034,24.03596003130976,24.03596003130976,1605100
2006-12-20,24.23025894165039,24.316617652120225,24.17988439981297,24.316617652120225,1349000
2006-12-21,24.165494918823242,24.28063712516089,24.1223155619941,24.194278411502598,498800
2006-12-22,24.064746856689453,24.208675323463925,23.9999791839013,24.208675323463925,275000
2006-12-26,24.079137802124023,24.086335734676293,23.992781827945237,24.03596118763809,432700
2006-12-27,24.19428062438965,24.215871677382378,24.15110400881817,24.15829919634442,817800
2006-12-28,24.165494918823242,24.244652955199896,24.115117629919204,24.194278411502598,281600
2006-12-29,24.100730895996094,24.208675186561134,23.985588672269095,24.064746720600592,315900
2007-01-03,24.107925415039062,24.352602976820876,23.99278319450686,24.251853877006084,1806100
2007-01-04,24.381385803222656,24.460546583477043,24.136708275712145,24.251850480116698,1701900
2007-01-05,24.24465560913086,24.402977189628256,24.18708587226356,24.402977189628256,1529200
2007-01-08,24.273441314697266,24.323815862797534,24.122317670396463,24.28783443489834,1609900
2007-01-09,24.24465560913086,24.410172377284027,24.21587211330073,24.410172377284027,934800
2007-01-10,24.287839889526367,24.331019259826927,24.129518276965246,24.24466051922581,526300
2007-01-11,24.554105758666992,24.554105758666992,24.251858402818087,24.27344671531941,2622600
2007-01-12,24.66923713684082,24.705221302106434,24.525311456603905,24.5756859937281,1281100
2007-01-16,24.726816177368164,24.741209298258752,24.626067076341148,24.726816177368164,651000
2007-01-17,24.870738983154297,24.957094943645366,24.690829130760775,24.73400573840307,2826700
2007-01-18,24.94270896911621,25.00747664433429,24.841959862156376,24.913922725639896,2561300
2007-01-19,24.949905395507812,25.03626413022227,24.913923961980494,24.935515018262812,1521400
2007-01-22,24.79878044128418,25.129814004897046,24.75560382137388,24.993083466502323,5078500
2007-01-23,24.66923713684082,24.813165562284123,24.604469482651655,24.755595839230633,2029300
2007-01-24,24.85634994506836,24.885136185025402,24.654849010576015,24.719616677875887,3488200
2007-01-25,24.769990921020508,24.863544827128575,24.73400949411953,24.863544827128575,3214300
2007-01-26,24.63325309753418,24.7196090455354,24.510915733299623,24.64764621306873,2505600
2007-01-29,24.5972843170166,24.683640309379214,24.561302882299472,24.647658874662085,1967500
2007-01-30,24.719623565673828,24.74121462426114,24.63326756694768,24.712428376283192,1187600
2007-01-31,24.834760665893555,24.877940028912462,24.676441825238502,24.741209497163293,1685900
2007-02-01,25.043453216552734,25.065044267574002,24.906722704382823,24.935508942273355,2628200
2007-02-02,24.993074417114258,25.115414534713995,24.9426998819868,25.093823487369175,1197600
2007-02-05,24.985891342163086,25.029067967367943,24.885142223074947,24.993086531294693,3132600
2007-02-06,24.91391944885254,25.000278167923216,24.849151782152987,24.993080235397205,2216100
2007-02-07,24.949905395507812,24.98588957424254,24.877942528453172,24.9211218958104,1572700
2007-02-08,24.928312301635742,24.98588478039941,24.89952606225391,24.96429372825959,1345800
2007-02-09,24.85634994506836,24.993080467053897,24.791582277768487,24.993080467053897,2625700
2007-02-12,24.74839973449707,24.841953629720336,24.719613498242744,24.827560511593173,1421000
2007-02-13,24.849164962768555,24.856362899112533,24.7556137519638,24.7556137519638,1295000
2007-02-14,24.978687286376953,25.000278338895736,24.834758832148438,24.834758832148438,2023400
2007-02-15,25.09383201599121,25.108225137377445,24.957101480632787,25.00747603288101,1134100
2007-02-16,24.993074417114258,25.02186065010317,24.935504696342708,24.935504696342708,1294300
2007-02-20,25.007465362548828,25.04344677805805,24.942697716549812,24.942697716549812,739000
2007-02-21,24.892332077026367,24.957099746159585,24.863545836254488,24.942706625773646,975800
2007-02-22,24.85634994506836,24.935510732346753,24.78438434517576,24.928312799754025,1374700
2007-02-23,24.74839973449707,24.834755698053463,24.683632075528127,24.834755698053463,898000
2007-02-26,24.849164962768555,24.87075602659212,24.7556137519638,24.805988325538166,1881500
2007-02-27,24.09352684020996,24.712417164923455,23.863242451275607,24.662042626419467,3057900
2007-02-28,24.259050369262695,24.453353391585527,24.14390814253886,24.14390814253886,2330100
2007-03-01,24.15110206604004,24.26624427364662,23.827263749269406,24.057548164482572,2406700
2007-03-02,23.935211181640625,24.23026329912362,23.935211181640625,24.10792588843398,2559100
2007-03-05,23.812864303588867,24.071934888175747,23.733703542164427,23.820059488624707,1744400
2007-03-06,24.064746856689453,24.136712462680276,23.74810642595135,23.956802565513975,2897500
2007-03-07,24.071949005126953,24.17989331520454,23.95680676058627,23.999983386534247,1175800
2007-03-08,24.15110206604004,24.43895621245311,24.10792270873503,24.165495185141708,1161000
2007-03-09,24.201475143432617,24.323812530571736,24.13670748400408,24.287831107601797,1147300
2007-03-12,24.201475143432617,24.2734379893725,24.09352812931619,24.230258634684606,2392700
2007-03-13,23.805683135986328,24.21587755471383,23.805683135986328,24.14391193594992,3381500
2007-03-14,23.899219512939453,23.94239885744086,23.66893516601054,23.884826398105652,3423800
2007-03-15,23.95680046081543,23.963995648178802,23.827265126619306,23.870441741213394,1382000
2007-03-16,23.98137092590332,24.0319338357739,23.86579816684601,24.024708988379857,859200
2007-03-19,24.169158935546875,24.169158935546875,23.945238419459333,24.0030233813474,782500
2007-03-20,24.29195785522461,24.306404785395568,24.06803457078003,24.06803457078003,2089000
2007-03-21,24.537553787231445,24.580891828685488,24.18361083435675,24.270289672735423,1889100
2007-03-22,24.624223709106445,24.631445794910118,24.48698203507994,24.566436000798703,1667000
2007-03-23,24.501436233520508,24.797594226591386,24.12582699768627,24.55922396547699,1487400
2007-03-26,24.537553787231445,24.573669740266677,24.3641933550035,24.573669740266677,961500
2007-03-27,24.36418914794922,24.48698667362982,24.3208483585084,24.48698667362982,2922100
2007-03-28,24.198060989379883,24.378643534076748,24.198060989379883,24.342527576231568,2763600
2007-03-29,24.31362533569336,24.34251919420867,24.169158798586807,24.263062461026568,2708200
2007-03-30,24.306411743164062,24.465322509592824,24.096935328927316,24.306411743164062,3073900
2007-04-02,24.436426162719727,24.479764200886006,24.3569694187877,24.4147543881662,1188800
2007-04-03,24.689247131347656,24.75425696134362,24.508664576411217,24.559227471355733,982500
2007-04-04,24.833709716796875,24.848156649515758,24.631455414203224,24.703690077797624,922600
2007-04-05,25.007070541381836,25.02874232091921,24.819265903374365,24.819265903374365,1102400
2007-04-09,25.01428985595703,25.021511943892076,24.934833111319517,25.007065012551582,1307700
2007-04-10,25.050403594970703,25.057625682268135,24.92038397985558,24.95649992728308,1422400
2007-04-11,24.94206428527832,25.043190086030005,24.869832357733237,25.028745904898116,2447600
2007-04-12,25.22376251220703,25.259881216919517,24.826481559602406,24.905938301217393,1072500
2007-04-13,25.592147827148438,25.606594755381284,25.39711842920976,25.411565357442605,2666700
2007-04-16,25.837745666503906,25.837745666503906,25.635494138580484,25.664385245804965,3204800
2007-04-17,25.917207717895508,26.003886568257826,25.909982873007245,25.96054576534118,2849000
2007-04-18,25.909982681274414,25.917207526109213,25.70773111343533,25.88831365771193,2173900
2007-04-19,26.018333435058594,26.068896327261342,25.787187997711467,25.844972979312764,3099400
2007-04-20,26.119457244873047,26.170020133253317,26.032778401288404,26.112235156020475,2496700
2007-04-23,26.14835548400879,26.206140470905005,26.0761208060495,26.198918380844685,1399900
2007-04-24,26.14835548400879,26.21336531643654,26.047229690337,26.17002450966097,1031200
2007-04-25,26.227806091308594,26.278368976267636,25.823300256165684,26.170018362515076,1995200
2007-04-26,26.25670051574707,26.37227323245725,26.21336246915008,26.242256337195354,1129400
2007-04-27,26.170015335083008,26.249472075246995,26.119452455973242,26.235025144719884,842800
2007-04-30,26.083343505859375,26.242257028825723,26.07611866092218,26.242257028825723,1364500
2007-05-01,26.141124725341797,26.17724343388698,26.02555202222075,26.04722379844198,2680900
2007-05-02,26.307260513305664,26.336154378172626,26.148349767478592,26.235028606608868,1347900
2007-05-03,26.36504554748535,26.401161497141267,26.26391978626066,26.307257823659626,1301300
2007-05-04,26.509510040283203,26.762324423686877,26.32892755057483,26.755102336505395,942300
2007-05-07,26.56730842590332,26.56730842590332,26.509523432848226,26.53841730711153,2263000
2007-05-08,26.466175079345703,26.523962811404445,26.393943169742997,26.523962811404445,1927400
2007-05-09,26.552841186523438,26.588959879472043,26.444493374085834,26.50950316373616,1841100
2007-05-10,26.083343505859375,26.480624557804255,26.025555768245795,26.480624557804255,1367400
2007-05-11,26.184457778930664,26.220573721324886,25.97498145538647,26.011097397780695,1189300
2007-05-14,26.155563354492188,26.350592745746933,26.155563354492188,26.198904137705373,1162600
2007-05-15,26.12667465209961,26.314481994262447,26.112230476982713,26.112230476982713,2288300
2007-05-16,26.422836303710938,26.45172741346914,26.24947586780849,26.321707775409966,3063800
2007-05-17,26.32170295715332,26.357821659813084,26.256693150023946,26.357821659813084,1415400
2007-05-18,26.430055618286133,26.46617156829628,26.300035993873315,26.379492737177856,693700
2007-05-21,26.487836837768555,26.5167306958748,26.422829790234466,26.45172089287074,1768700
2007-05-22,26.473403930664062,26.588976656804185,26.379500229590484,26.58175181146791,1101400
2007-05-23,26.56730842590332,26.68288116748502,26.502298586546644,26.581755363034972,1724500
2007-05-24,26.466175079345703,26.632310675808505,26.43728121331633,26.495068945375074,1955900
2007-05-25,26.451736450195312,26.53841807549497,26.40117354650631,26.422845330567018,997900
2007-05-29,26.466175079345703,26.50951587838976,26.38671832550029,26.473399923588406,1565600
2007-05-30,26.473403930664062,26.473403930664066,26.263927503450365,26.444510060261248,3190000
2007-05-31,26.53118324279785,26.581746127455272,26.45172649391603,26.51673631068565,1386600
2007-06-01,26.56007194519043,26.59618789071668,26.46616828244617,26.538402928968686,3572300
2007-06-04,26.509510040283203,26.560072916963936,26.437275391117783,26.437275391117783,1749200
2007-06-05,26.44451141357422,26.473405285455694,26.31449174557886,26.43006447763348,1685300
2007-06-06,26.198911666870117,26.39394111417333,26.14834878299193,26.39394111417333,3136400
2007-06-07,25.80885124206543,26.148347232665067,25.751066273403776,25.96053988470641,3280800
2007-06-08,25.895538330078125,25.938879136997166,25.56326707677915,25.56326707677915,1995600
2007-06-11,25.902753829956055,26.032773448331056,25.837744020768557,25.837744020768557,1267400
2007-06-12,25.714954376220703,25.931655643617866,25.693285351669417,25.823305009919284,2087200
2007-06-13,25.92443084716797,25.953324716938027,25.664391530179593,25.953324716938027,2145000
2007-06-14,25.996665954589844,26.047228849794077,25.64994502251636,26.018334979542765,1747400
2007-06-15,26.194913864135742,26.25301314584301,26.10776771190107,26.216699709612854,1221500
2007-06-18,26.04242515563965,26.16588205792637,25.998850664658857,26.151357227599444,984400
2007-06-19,26.04242515563965,26.136835167600633,26.020639295313313,26.07873584629291,1632000
2007-06-20,25.715600967407227,26.187647845117944,25.67929030842772,26.187647845117944,1913600
2007-06-21,25.788223266601562,25.788223266601562,25.534045873747917,25.679291285518204,1597900
2007-06-22,25.396080017089844,25.693832049357667,25.330719679746785,25.62847171201461,3168700
2007-06-25,25.352497100830078,25.606674566863717,25.26535093680806,25.39607156800439,2120600
2007-06-26,25.483219146728516,25.657514254775162,25.42511985393738,25.475958120293004,1172800
2007-06-27,25.693824768066406,25.693824768066406,25.367023173962373,25.41785866967558,5263600
2007-06-28,25.715600967407227,25.81001089701451,25.64297964944821,25.65024067311383,1713800
2007-06-29,25.642988204956055,25.751920218238578,25.388807966643583,25.67929887605023,1731500
2007-07-02,25.788223266601562,25.92620765442995,25.27260468662656,25.722862969821225,1264200
2007-07-03,25.83180809020996,25.889907386369664,25.810022239313536,25.889907386369664,671800
2007-07-05,25.824542999267578,25.868114694203427,25.693822373807066,25.766443712251135,3255600
2007-07-06,25.882638931274414,25.882638931274414,25.730132461791065,25.77370692606906,977800
2007-07-09,25.802762985229492,25.904434001083292,25.737402650705274,25.889911944813385,1264800
2007-07-10,25.584897994995117,25.788240041549653,25.52680145469137,25.701093845930227,1916700
2007-07-11,25.672039031982422,25.744663155678268,25.548582177190063,25.555843204396123,1717900
2007-07-12,26.15134620666504,26.165871030870786,25.701087737594644,25.701087737594644,863600
2007-07-13,26.08598518371582,26.173134126614443,26.01336383496051,26.100510007532257,1806700
2007-07-16,26.115028381347656,26.14407802180573,26.05693187075771,26.05693187075771,1388300
2007-07-17,26.035146713256836,26.093246001889764,25.97705019495047,25.998836043024536,1450300
2007-07-18,25.9625186920166,25.969779716064004,25.773701593199856,25.969779716064004,2247200
2007-07-19,25.824542999267578,25.92621398121987,25.722869246988804,25.90442536342546,1332600
2007-07-20,25.584897994995117,25.78097901288454,25.49775179937569,25.73740452991102,2122400
2007-07-23,25.780973434448242,25.940743733786086,25.722874136388295,25.810023083478214,1916100
2007-07-24,25.519535064697266,25.810026047705257,25.454174732036833,25.70109123649543,2853300
2007-07-25,25.505006790161133,26.136824177230817,25.37428614251409,25.679301910466172,2130400
2007-07-26,24.98212432861328,25.374283459765618,24.88045056982762,25.337972788219783,3470400
2007-07-27,24.386625289916992,25.134635799450546,24.386625289916992,24.887719305479195,3411600
2007-07-30,24.691635131835938,24.69889615851913,24.401144198624774,24.459243493397747,2987900
2007-07-31,24.422937393188477,25.054752105371396,24.415673594818085,25.032966250914964,2694200
2007-08-01,24.589963912963867,24.69163490756626,24.313997805952496,24.37935812681501,4001600
2007-08-02,24.80057144165039,24.90950347052381,24.60449046528581,24.60449046528581,2384900
2007-08-03,24.459247589111328,24.916769915916863,24.451983790884952,24.815096133038832,4094700
2007-08-06,24.93855094909668,25.0474857388157,24.575438677135647,24.575438677135647,3419300
2007-08-07,25.054744720458984,25.265350485886145,24.887713421428447,24.902238243560653,1435200
2007-08-08,25.34524154663086,25.34524154663086,25.018439898086193,25.127371934049613,2436400
2007-08-09,24.74972915649414,25.24355920527583,24.727940540430435,25.054742078123382,2228400
2007-08-10,24.61901092529297,24.778778426715046,24.41566618752386,24.60448610328614,2373300
2007-08-13,24.691635131835938,24.953076417660615,24.691635131835938,24.778781303668545,2071000
2007-08-14,24.48829460144043,24.836882079889953,24.46650597943751,24.82961828244664,1358700
2007-08-15,24.43019676208496,24.793309086777846,24.372100230704238,24.473771238365895,2001100
2007-08-16,24.437450408935547,24.48828589164992,23.92182901660599,24.168745405644106,3455600
2007-08-17,24.495548248291016,24.98212002829405,24.24863184582519,24.98212002829405,1859200
2007-08-20,24.611743927001953,24.71341489749528,24.459237471261957,24.633529772014473,1554900
2007-08-21,24.67711067199707,24.727946170509544,24.49555452864483,24.53912900036705,1559200
2007-08-22,24.80057144165039,24.83688211794153,24.66985079074067,24.75699696790481,2742800
2007-08-23,24.960338592529297,25.011174092630675,24.793307267863767,24.858667592326537,6065200
2007-08-24,25.112844467163086,25.11284446716309,24.85140320466658,24.9094997239288,4721600
2007-08-27,24.93855094909668,25.091057438441883,24.938550949096676,25.025697118675826,741500
2007-08-28,24.68437385559082,24.95307616538208,24.604488711249054,24.938551341835684,1447900
2007-08-29,24.865924835205078,24.938546167542633,24.589958785735124,24.6916297591382,1300100
2007-08-30,24.865924835205078,25.011167499880184,24.793300732541276,24.793300732541276,1152300
2007-08-31,24.98212432861328,25.170941482847613,24.938549860562283,25.047484645526445,1085200
2007-09-04,25.199995040893555,25.287141220199643,25.04748853452612,25.062010589137895,896400
2007-09-05,25.14914894104004,25.192720627168637,25.011164547430344,25.14914894104004,868200
2007-09-06,25.22904396057129,25.316190137355125,25.083798485713558,25.13463398636471,2101200
2007-09-07,24.960338592529297,25.19999403900178,24.851406565309333,25.00391306561347,2286100
2007-09-10,24.98212432861328,25.076531520567116,24.829615075598117,24.98212432861328,1057700
2007-09-11,25.17095184326172,25.21452632924806,24.96034598315276,25.047494955125448,864300
2007-09-12,25.279874801635742,25.374281988114173,25.15641520114829,25.178201048746928,1213100
2007-09-13,25.337982177734375,25.51953837306962,25.337982177734375,25.468702860001965,889500
2007-09-14,25.265357971191406,25.41786449327247,25.207258665449643,25.41786449327247,1140200
2007-09-17,25.18547821044922,25.272624417417674,25.03297165567243,25.20726406960934,2763000
2007-09-18,25.635725021362305,25.642988817950755,25.163680745200587,25.178202797724104,2328700
2007-09-19,25.737394332885742,25.90442562928253,25.672034019484695,25.737394332885742,1623600
2007-09-20,25.708356857299805,25.87538821475623,25.657521347218612,25.766453395823657,1046300
2007-09-21,25.834421157836914,25.885433895723775,25.797983885058542,25.82713203528981,1371400
2007-09-24,25.783416748046875,25.841715847325855,25.703253054049988,25.73969033859768,1385100
2007-09-25,25.695964813232422,25.81985492094101,25.659527527431088,25.73969122418605,1824300
2007-09-26,25.841712951660156,25.936452104857544,25.746976578449072,25.776124734829086,751700
2007-09-27,25.943737030029297,25.987463432187273,25.849000661999575,25.987463432187273,822600
2007-09-28,25.761550903320312,25.951029221752965,25.71053815143148,25.89272734531631,1069200
2007-10-01,26.155088424682617,26.155088424682617,25.856298164288713,25.87087363796492,8322000
2007-10-02,26.009334564208984,26.220674747064383,25.914598162228685,26.16237563661398,2193700
2007-10-03,26.111352920532227,26.111352920532227,25.900012818225875,26.03118924172733,1216700
2007-10-04,26.082202911376953,26.264392086035937,26.082202911376953,26.10406472274045,1037800
2007-10-05,26.417430877685547,26.417430877685547,26.206090763467365,26.242528043163475,1831200
2007-10-08,26.2352352142334,26.388273419119894,26.220659749960557,26.351836148430568,783600
2007-10-09,26.453874588012695,26.453874588012695,26.271685365257806,26.366424539486687,473500
2007-10-10,26.497587203979492,26.497587203979492,26.373697151427177,26.453860812493005,1435100
2007-10-11,26.271677017211914,26.519454392624702,26.213377930048573,26.512168049224048,4141900
2007-10-12,26.417430877685547,26.417430877685547,26.23524169921875,26.322691726486667,1450300
2007-10-15,26.133220672607422,26.51946090740484,26.01661968965046,26.3809981088893,2198300
2007-10-16,25.936450958251953,26.11135378873142,25.892724555635542,26.089489197430126,3103000
2007-10-17,25.958311080932617,26.19880210969924,25.77612191852857,26.19880210969924,2439900
2007-10-18,25.965606689453125,26.133220427130137,25.67410284480555,25.67410284480555,1320500
2007-10-19,25.652231216430664,25.980172221211742,25.637655751775323,25.95102129190106,1611200
2007-10-22,25.652231216430664,25.652231216430664,25.375302947950463,25.470042078217357,1972000
2007-10-23,25.951025009155273,25.951025009155273,25.644945767521257,25.67409670100755,2164500
2007-10-24,25.761550903320312,25.86357918708446,25.48462533020564,25.85629006253664,3290700
2007-10-25,25.914594650268555,25.95831828218412,25.572078040333857,25.572078040333857,2067400
2007-10-26,26.002044677734375,26.045771089609214,25.331586928920725,25.331586928920725,920400
2007-10-29,26.111352920532227,26.13321473112044,26.002038307618985,26.060337395849583,839400
2007-10-30,26.082202911376953,26.147791125453633,26.009325573521647,26.023901041092707,1220700
2007-10-31,26.242530822753906,26.308119045148462,25.43361311986978,25.43361311986978,1654600
2007-11-01,25.87814712524414,26.293540968627052,25.827134382720725,26.242525446117668,2415500
2007-11-02,25.80526351928711,25.958301693163914,25.66680080672976,25.797977178619877,2411100
2007-11-05,25.79070472717285,26.038482169778653,25.623090983643454,25.805280197912815,2653000
2007-11-06,25.92917823791504,25.92917823791504,25.528359619969432,25.7542753155399,1337400
2007-11-07,25.3388671875,26.140498331453102,25.338867187499996,26.140498331453102,2126000
2007-11-08,25.506481170654297,25.58664484198837,24.91618731990997,24.91618731990997,3631800
2007-11-09,25.440893173217773,25.761545081192374,24.879750249272828,24.879750249272828,3258800
2007-11-12,25.506481170654297,25.81255761030895,24.79958637432927,24.79958637432927,2366000
2007-11-13,25.841712951660156,25.929165760759115,25.477334587040065,25.477334587040065,3230200
2007-11-14,25.943737030029297,26.06033798913108,25.746975170283783,25.863576129385567,2512500
2007-11-15,25.783416748046875,26.053055989683713,25.6668157695023,25.6668157695023,2426000
2007-11-16,25.900020599365234,25.96560883082062,25.72511772215522,25.870869656499078,2116400
2007-11-19,25.754255294799805,25.943730765090518,25.659516169661707,25.943730765090518,1725100
2007-11-20,25.80526351928711,25.99473895647006,25.5501998961591,25.99473895647006,3843100
2007-11-21,25.229562759399414,25.674104907202963,25.229562759399414,25.48462933895218,2262600
2007-11-23,25.63766098022461,25.710535538377446,25.27328262948803,25.27328262948803,1331200
2007-11-26,25.440893173217773,25.870859684812686,25.426317707402674,25.870859684812686,2070800
2007-11-27,25.768840789794922,26.01661821200397,25.28786141491695,25.80527807365196,2117100
2007-11-28,26.38098907470703,26.50487636042935,25.95102257604796,26.140498065972032,1808900
2007-11-29,26.541318893432617,26.54860801755824,25.914590437958562,26.067628684760844,5502200
2007-11-30,26.577760696411133,26.657924387130272,26.483021536471565,26.599622510248537,2469400
2007-12-03,26.41013526916504,26.840101690715528,26.359119759503038,26.840101690715528,1649900
2007-12-04,26.402849197387695,26.512163790741244,25.987458190621155,26.038470926189987,1344500
2007-12-05,26.614194869995117,26.67249396007897,26.45386750728872,26.65792127254764,1904000
2007-12-06,26.796390533447266,26.818252350024864,26.43201209722414,26.43201209722414,2719100
2007-12-07,26.781810760498047,26.832823510976272,26.694360728247712,26.74537347872594,3442900
2007-12-10,26.832822799682617,26.832822799682617,26.650633615665225,26.708935488944228,1115800
2007-12-11,26.417430877685547,26.818246514315252,26.242528043163475,26.636057335848456,2243700
2007-12-12,26.432010650634766,27.612595940989497,26.206095031745228,27.612595940989497,2767900
2007-12-13,26.417430877685547,26.417430877685547,26.089489800448064,26.111354392254725,2107400
2007-12-14,26.016613006591797,26.300827655792126,25.994748416662997,25.994748416662997,1130600
2007-12-17,25.73968505859375,26.11135251270491,25.73968505859375,25.93644969077271,1637800
2007-12-18,25.936450958251953,26.22795474905567,25.8052745303889,26.22795474905567,2168500
2007-12-19,25.921876907348633,26.074915154890373,25.768838659806896,25.768838659806896,1663100
2007-12-20,26.074907302856445,26.074907302856445,25.863570025600396,25.863570025600396,2094600
2007-12-21,26.235822677612305,26.323594377470204,26.133425151234754,26.323594377470204,2064100
2007-12-24,26.323593139648438,26.338218965480333,26.155365451226416,26.155365451226416,510300
2007-12-26,26.294336318969727,26.382105225949775,26.162681563438028,26.382105225949775,1037000
2007-12-27,26.023731231689453,26.323611087928633,25.98715827180349,26.316295379901398,989100
2007-12-28,25.921314239501953,26.206568077142876,25.914001326286026,26.206568077142876,1060400
2007-12-31,25.826236724853516,26.228513981788403,25.745780715441782,26.228513981788403,1497300
2008-01-02,25.55560874938965,26.060286285788358,25.387383833964574,26.060286285788358,6611300
2008-01-03,25.709203720092773,25.818914148169917,25.621432029483408,25.804285533068356,2544400
2008-01-04,25.445907592773438,25.716530138976434,25.423963263534354,25.519047916571704,3270600
2008-01-07,25.95056915283203,26.023712229069478,25.467836010157168,25.467836010157168,5457900
2008-01-08,26.162691116333008,26.61616722312005,26.016407691204332,26.082235093006023,6231200
2008-01-09,26.630781173706055,26.645409787172422,26.250445593948683,26.34553018641871,8322400
2008-01-10,26.59421157836914,26.740494925898368,26.43329961707471,26.57227005278273,5622300
2008-01-11,26.674678802490234,26.777076351884798,26.462567998673517,26.535708308205646,3496000
2008-01-14,26.469867706298828,26.68929410565919,26.433297569779626,26.630779655130407,4276500
2008-01-15,26.169992446899414,26.396731794980347,26.09685216177552,26.38941888251717,5242500
2008-01-16,26.235822677612305,26.535702343485127,25.987141774928254,25.987141774928254,4217300
2008-01-17,25.731149673461914,26.60153149578834,25.709208142097133,26.345537662787486,6972100
2008-01-18,25.358118057250977,25.833538198616736,25.21183751232848,25.833538198616736,7714900
2008-01-22,24.436546325683594,25.233787850537396,22.205733754892673,25.014364166383515,9251300
2008-01-23,24.61208724975586,24.61208724975586,23.74170262606458,23.968442016881987,10737900
2008-01-24,24.516998291015625,24.70716470860647,24.31951617075413,24.70716470860647,5734500
2008-01-25,24.129362106323242,24.846147878240497,23.800225070717236,24.846147878240497,6073700
2008-01-28,24.436546325683594,24.436546325683594,24.041582020132495,24.290262939539833,5296800
2008-01-29,24.50237464904785,24.582830654016746,24.42191864407896,24.582830654016746,2397000
2008-01-30,24.217119216918945,24.590139148218398,24.217119216918945,24.531627476109307,3951900
2008-01-31,24.648653030395508,24.648653030395508,23.997694999058222,23.997694999058222,3974400
2008-02-01,24.765687942504883,24.78762947804329,24.40729371800796,24.40729371800796,3571200
2008-02-04,24.853450775146484,24.941219685883556,24.685225867015703,24.685225867015703,2793100
2008-02-05,24.399972915649414,24.772992849844965,24.348774155860283,24.670595330266703,4460100
2008-02-06,24.465805053710938,24.648658600016518,24.385349046916694,24.59745983026085,3089400
2008-02-07,24.370723724365234,24.51700713921823,24.224440309512236,24.38535234486294,2785800
2008-02-08,24.217119216918945,24.348773966818314,24.07814876417899,24.275630889028037,2769100
2008-02-11,24.143980026245117,24.180552966089962,23.96112648751519,24.056211108889354,2631300
2008-02-12,24.495059967041016,24.53894302831225,24.246379056051442,24.429232585010734,2420200
2008-02-13,24.4584903717041,24.655972544783317,24.392662980677695,24.524317762730508,2114100
2008-02-14,24.35609245300293,24.62671492744636,24.253694910787782,24.502375851934758,2708800
2008-02-15,24.37803077697754,24.399972304874176,24.13666280962224,24.143975722213426,2760000
2008-02-19,24.685226440429688,24.69985505757957,24.378033850652475,24.378033850652475,2804400
2008-02-20,24.61208724975586,24.61208724975586,24.239064470995725,24.32683338771194,3062100
2008-02-21,24.35609245300293,24.97779620093225,24.15129736857263,24.97048049641759,2438900
2008-02-22,24.407289505004883,24.407289505004883,23.90992765774217,24.356090737503447,2672900
2008-02-25,24.721799850463867,24.721799850463867,24.326835505668953,24.33415121027097,2575300
2008-02-26,24.50237464904785,24.809567260612393,24.495061735015966,24.670599573017526,3024600
2008-02-27,24.61208724975586,24.68522754866545,24.48043247961976,24.546259864687812,3035900
2008-02-28,24.32683563232422,24.42923596641899,24.261008241182342,24.42923596641899,4668900
2008-02-29,23.99038314819336,24.187865300102047,23.866044084097243,24.17323668253953,4110900
2008-03-03,23.983078002929688,24.005019541318877,23.844107486133048,23.880680436947582,2418900
2008-03-04,24.0123233795166,24.02694920446435,23.77095541603321,23.778268328507085,3206800
2008-03-05,23.968446731567383,24.13667168424877,23.734394380869446,23.961131026163265,3494300
2008-03-06,23.48571014404297,23.99770063630428,23.43451137382921,23.99770063630428,2623500
2008-03-07,23.21508026123047,23.47838835336715,23.127311362205408,23.47838835336715,3988500
2008-03-10,22.673839569091797,23.25897035478556,22.52024326099537,23.156572816054613,2871400
2008-03-11,22.89326286315918,23.12731656839062,22.42515824281993,22.60069747544715,3730100
2008-03-12,22.89326286315918,23.002976104230278,22.761609484985122,22.812808253452005,3182700
2008-03-13,22.864009857177734,23.054177731537838,22.39590517879101,22.622643208001833,4518600
2008-03-14,22.43978500366211,23.244340799574626,22.27887300744259,22.907889585257017,5051900
2008-03-17,22.4105281829834,22.571440182169788,21.942423592757653,22.00093666653587,4885600
2008-03-18,23.112688064575195,23.244342838462345,22.50561435892143,22.739666670248884,6180700
2008-03-19,22.812807083129883,23.339424753995477,22.31544525200373,22.973717689351158,7359700
2008-03-20,22.841463088989258,23.15003228142917,22.738607158611604,23.15003228142917,2022000
2008-03-24,23.142681121826172,23.28961934026521,22.94431494732548,23.09125316576452,2458700
2008-03-25,23.1867618560791,23.289619168751628,23.054517740719202,23.135333900396184,3434700
2008-03-26,22.95901107788086,23.091255205898545,22.95901107788086,23.076561102495063,2507200
2008-03-27,23.076553344726562,23.186756280591514,22.863494522228503,23.098594492422095,5658200
2008-03-28,23.017772674560547,23.267566681603054,22.878181576200085,23.267566681603054,2423900
2008-03-31,22.900238037109375,22.900238037109375,22.496159967873364,22.621057054941996,3496900
2008-04-01,23.267587661743164,23.30432153065772,22.826774228232118,22.995752267330715,3015200
2008-04-02,23.105945587158203,23.34104559851428,23.076557385085394,23.333698547996075,1405800
2008-04-03,23.032472610473633,23.164716694951814,23.003084413342318,23.12063439925484,1900000
2008-04-04,23.216156005859375,23.429214934155134,22.981055918923207,22.981055918923207,2810500
2008-04-07,23.480632781982422,23.54675482809554,23.355737140775926,23.502673931122278,3393600
2008-04-08,23.399818420410156,23.45124636793771,23.326349323382303,23.436552268270844,1641700
2008-04-09,23.289623260498047,23.421865997784934,23.17941887746523,23.39247918993461,1668500
2008-04-10,23.473291397094727,23.561453207054324,23.23084431774578,23.27492522272558,1917500
2008-04-11,23.164730072021484,23.458605206508555,23.10595504512407,23.421869938880686,3177600
2008-04-14,23.061874389648438,23.186771505989718,23.00309935850591,23.135343528903416,1089700
2008-04-15,23.039827346801758,23.164724423667973,22.95901117903337,23.120642113263308,2110500
2008-04-16,23.164730072021484,23.18676983129103,22.988404991329244,23.10595504512407,2732400
2008-04-17,23.017772674560547,23.12797558324259,22.929609506831305,23.09124174745058,1482000
2008-04-18,23.23818588256836,23.363082925811714,23.164718187618764,23.326349078336914,2283000
2008-04-21,23.164730072021484,23.252891911714016,23.113300697342467,23.15738301849591,3293800
2008-04-22,22.922279357910156,23.047176445871276,22.79003521756227,23.047176445871276,2659900
2008-04-23,22.99574851989746,23.14268677422488,22.907586688346644,22.966361709816205,901700
2008-04-24,23.069210052490234,23.260229159708025,22.92227324784265,23.127985054610587,1694100
2008-04-25,23.37043571472168,23.41451802408462,23.208804784311297,23.26023274392793,3163700
2008-04-28,23.510021209716797,23.546755057334394,23.377777116203106,23.451246212744763,3835300
2008-04-29,23.25288200378418,23.36308495709654,23.164720201656927,23.36308495709654,1089900
2008-04-30,23.12799072265625,23.40717310212792,23.105950967276385,23.363090788754334,1833000
2008-05-01,23.539413452148438,23.554107554242023,23.03982519142019,23.03982519142019,1809000
2008-05-02,23.5467586517334,23.649614561808736,23.5100247985084,23.612880708583738,2250300
2008-05-05,23.480632781982422,23.554103279115274,23.414512137175755,23.54675482809554,886200
2008-05-06,23.436555862426758,23.5100249707216,23.2675778942633,23.355741104478447,1703400
2008-05-07,23.230850219726562,23.524725329764344,23.120645827318715,23.421867990270826,2283900
2008-05-08,23.142681121826172,23.326353194221618,23.142681121826172,23.21615023104569,2157500
2008-05-09,23.120643615722656,23.1426847723573,22.96635972320093,23.1426847723573,1469200
2008-05-12,23.29696273803711,23.29696273803711,23.10594503436025,23.208800936541106,1082200
2008-05-13,23.076553344726562,23.319000364151997,23.076553344726562,23.304306265688307,1293100
2008-05-14,23.267587661743164,23.333709746835183,23.127996437514756,23.127996437514756,1528800
2008-05-15,23.20145606994629,23.238189923809294,23.069211953948752,23.179414916844465,1213200
2008-05-16,23.289623260498047,23.289623260498047,23.120643860457633,23.223501191201134,1381600
2008-05-19,23.436555862426758,23.436555862426758,23.172069034394685,23.20145583692861,2174900
2008-05-20,23.37043571472168,23.487985737075924,23.25288569236744,23.26757979548842,1653400
2008-05-21,23.164730072021484,23.524727286931544,23.142688911444765,23.443911099457406,2029200
2008-05-22,23.414512634277344,23.4292053327094,23.113289194863334,23.1426773943404,995300
2008-05-23,23.032472610473633,23.26757258229868,23.032472610473633,23.208797589342417,1328900
2008-05-27,23.12799072265625,23.267581912392085,23.01778774183614,23.01778774183614,1597700
2008-05-28,23.105945587158203,23.296963295405064,23.06921033456719,23.15002648896082,1394000
2008-05-29,23.605531692504883,23.693693488194445,23.08390236300015,23.08390236300015,2288500
2008-05-30,23.568803787231445,23.656965605150408,23.50268032183198,23.598189191461994,1456800
2008-06-02,23.289623260498047,23.598191048807724,23.2088070866225,23.53941743310707,1672100
2008-06-03,23.44390296936035,23.53941323076369,23.296964752419846,23.377780911867795,2668600
2008-06-04,23.45125389099121,23.576150975613025,23.341050910750063,23.42186568222988,2460900
2008-06-05,23.656967163085938,23.701046673641457,23.414520045882135,23.473295062134362,1914400
2008-06-06,23.083913803100586,23.487991936431204,22.995750562411942,23.45860512373977,2634700
2008-06-09,22.95901107788086,23.179417023705785,22.841461053266656,23.076561102495063,3173100
2008-06-10,22.738605499267578,22.951664396831504,22.723911395626796,22.812073214857783,1943000
2008-06-11,22.51085090637207,22.79003326795835,22.459422945371134,22.79003326795835,2322200
2008-06-12,22.319833755493164,22.72391323039971,22.047999822724563,22.59166908956873,3137100
2008-06-13,22.672487258911133,22.995749185699676,22.591671076560452,22.665140205851337,1882700
2008-06-16,22.74594497680664,22.863496372724015,22.569619984890288,22.790027275765585,1597400
2008-06-17,22.68717384338379,22.959009128034673,22.62839883606829,22.959009128034673,1496300
2008-06-18,22.430036544799805,22.71656456201307,22.40064833723595,22.643095444410296,2382300
2008-06-19,22.459423065185547,22.687176065679044,22.2243230128946,22.2243230128946,1779800
2008-06-20,22.143505096435547,22.505182177402457,22.084455805825563,22.48303816548141,2037900
2008-06-23,22.30589485168457,22.416613526068144,22.29851351286924,22.30589485168457,1359200
2008-06-24,22.387081146240234,22.497798378036787,22.187789284298855,22.32065052559311,1782800
2008-06-25,22.638057708740234,22.78568173227961,22.394479055393187,22.4166230812782,2678900
2008-06-26,22.180410385131836,22.51994486217703,22.069693141168933,22.416608955524474,2324700
2008-06-27,22.32803726196289,22.46827987367302,22.19517598853712,22.22470134167455,2161800
2008-06-30,22.571617126464844,22.859482297317097,22.20255863753779,22.20255863753779,2441700
2008-07-01,22.571617126464844,22.652810444539647,22.283751955612594,22.283751955612594,10508300
2008-07-02,22.416614532470703,22.80043431317479,22.416614532470703,22.74138500784751,2258900
2008-07-03,22.512563705444336,22.652806299773534,22.453514414334066,22.534707717552994,2497700
2008-07-07,22.36494255065918,22.645427774143656,22.246843953775084,22.505185162401418,3817000
2008-07-08,22.9554386138916,23.08829989701899,22.357564247664772,22.357564247664772,4317200
2008-07-09,23.06615447998047,23.420450274909847,22.955437220045834,23.09567983348109,6234200
2008-07-10,23.191640853881836,23.20640353472977,22.859487574037047,23.154735559608742,5928500
2008-07-11,22.74877166748047,23.021875648396804,22.689722348342723,22.948063647512917,4324100
2008-07-14,22.903766632080078,23.25068104884134,22.68971206729283,22.829954664641505,3422000
2008-07-15,23.014490127563477,23.20640073186748,22.689718227368505,22.73400485671664,5179000
2008-07-16,23.176870346069336,23.361399570811685,23.073534430724425,23.250682317535528,8097800
2008-07-17,23.405681610107422,23.479493567128756,23.073529915280382,23.361394999033013,3847500
2008-07-18,23.3983097076416,23.612362907798218,23.199017777675934,23.464740350963492,2858800
2008-07-21,22.984962463378906,23.405688919591597,22.948057177265888,23.39830898864613,4387800
2008-07-22,23.302350997924805,23.32449501240533,22.874243239558755,22.925911198833678,3187400
2008-07-23,23.405681610107422,23.612354808197967,23.34663232605955,23.34663232605955,3801600
2008-07-24,23.383544921875,23.664030147917796,23.361400906814882,23.361400906814882,5173600
2008-07-25,23.523780822753906,23.649260723264835,23.413062186891487,23.413062186891487,5849800
2008-07-28,23.331878662109375,23.87070373056811,23.331878662109375,23.87070373056811,2641000
2008-07-29,23.568071365356445,23.627119249496086,23.449972781384826,23.501640735891637,3637900
2008-07-30,23.560693740844727,23.68617368206993,23.287589842467614,23.575456418129196,5642900
2008-07-31,23.582834243774414,23.855936693622656,23.494259601108435,23.568071568689053,4035000
2008-08-01,23.405681610107422,23.700929438192766,23.30234571498514,23.671404092245837,4288200
2008-08-04,23.604978561401367,23.804270465976373,23.339257429814314,23.531166588464743,3127000
2008-08-05,24.372621536254883,24.409526819873427,23.671409884731943,23.91498982486111,3273800
2008-08-06,24.46858024597168,24.46858024597168,23.944515023843426,24.188094991047215,9167000
2008-08-07,24.173330307006836,24.402147576997354,23.988801068022052,24.180710237661426,3833600
2008-08-08,24.594057083129883,24.616199691089335,24.092137320968636,24.10689999817253,6504700
2008-08-11,24.61620330810547,24.72692199555688,24.461199398228043,24.70477938434387,2849600
2008-08-12,24.56453514099121,24.712159117843864,24.52024991892063,24.56453514099121,3521100
2008-08-13,24.579294204711914,24.63096216665618,24.365239610546958,24.490720957906422,5973800
2008-08-14,24.56453514099121,24.7785897666429,24.276669934759777,24.41691397983172,3494100
2008-08-15,24.8081111907959,24.8745418290596,24.512863283914406,24.512863283914406,3045500
2008-08-18,24.6014404296875,24.904068280517436,24.46857914730432,24.904068280517436,2169700
2008-08-19,24.49072265625,24.58667865609759,24.269288116034208,24.475959978143223,7032300
2008-08-20,24.335716247558594,24.439052167946016,24.136424337228856,24.41690956091804,4168500
2008-08-21,24.180702209472656,24.424282075594597,24.018318447749827,24.15855960916768,2710300
2008-08-22,24.586679458618164,24.630964678691043,24.27666883964281,24.387387521211085,3494500
2008-08-25,24.188091278076172,24.49071909603984,24.084755362043584,24.402145855967984,2075000
2008-08-26,24.158567428588867,24.328333989156356,24.05523150612976,24.18071003606076,1344500
2008-08-27,24.195466995239258,24.217612413170613,24.003557872550477,24.18070432184904,2616300
2008-08-28,24.335716247558594,24.365238785031675,24.210234904450544,24.23238032717117,1667100
2008-08-29,24.069992065429688,24.402145226750132,24.069992065429688,24.335714594486046,2408300
2008-09-02,24.02570915222168,24.586679680889173,24.02570915222168,24.284051806318807,5185200
2008-09-03,24.16594886779785,24.202854150152454,23.959274218365454,24.099518233282538,3009000
2008-09-04,23.634502410888672,24.047848869912173,23.523785162446956,23.99617809880339,11658100
2008-09-05,23.50901985168457,23.664025108402633,23.25067869571849,23.368777268529378,5803200
2008-09-08,23.900224685668945,23.966655315614574,23.619739490821576,23.907604615355186,7640400
2008-09-09,23.69354820251465,24.092131951101553,23.501639073023995,23.996175978510156,3408600
2008-09-10,23.597597122192383,23.69355170110637,23.501642543278397,23.63450381242567,5239000
2008-09-11,23.69354820251465,23.892840076808103,23.250679247879514,23.250679247879514,3970400
2008-09-12,23.914987564086914,23.914987564086914,23.619739691664158,23.774743557624532,3869100
2008-09-15,23.25067901611328,23.73783598763273,23.25067901611328,23.472113491223553,6297700
2008-09-16,23.21377182006836,23.641878061123823,22.896381399567225,23.051385237758414,7324900
2008-09-17,22.844722747802734,23.280211910154264,22.446138873984108,22.889009375611522,6844100
2008-09-18,23.13996124267578,23.1694851816786,22.40184446560699,22.63804160901364,14902300
2008-09-19,23.39354705810547,24.528006283054726,23.030224301170225,24.27590454734423,4821000
2008-09-22,22.83745002746582,23.667903398579398,22.585348186998445,23.17852957043746,4334300
2008-09-23,22.296167373657227,22.919006887660313,22.296167373657227,22.785541075480758,3316600
2008-09-24,22.50377655029297,22.741048429633135,22.414798888414424,22.49636162728209,4029600
2008-09-25,22.91159439086914,23.193355894048324,22.52602676244099,22.52602676244099,9256200
2008-09-26,22.867097854614258,23.14885784005291,22.637240912736527,22.800364965963972,5521100
2008-09-29,22.355484008789062,23.030226539277145,21.50278754419719,22.585340996891603,8689400
2008-09-30,22.281333923339844,22.577925197690412,22.081136651680822,22.444459407083055,3309800
2008-10-01,22.42963218688965,22.60017119963391,22.31841115311088,22.31841115311088,6053600
2008-10-02,22.466705322265625,22.681733879242323,22.19236020076342,22.429632115874142,6353400
2008-10-03,21.984745025634766,22.689147211674918,21.984745025634766,22.689147211674918,6814400
2008-10-06,21.16170883178711,22.15528457780018,20.32384082842439,21.799376721235607,8545000
2008-10-07,20.650089263916016,21.339661581844133,20.309009859517882,21.29517204154088,5060200
2008-10-08,20.27935791015625,20.62785093246352,19.68617658256109,20.042085944819174,9958100
2008-10-09,18.722253799438477,20.494379548091985,18.536884949939086,20.494379548091985,10773200
2008-10-10,17.899211883544922,18.937278353411457,16.97236783134393,17.86955360928542,15960800
2008-10-13,20.05691146850586,20.635262860693285,18.700011376366213,19.04109083768257,7756200
2008-10-14,20.4647274017334,21.1765433183316,19.90120576063357,21.094981961795874,12535900
2008-10-15,18.46274185180664,20.294187458639176,18.46274185180664,20.294187458639176,8958600
2008-10-16,19.426658630371094,19.797396379696863,18.08458695955018,19.004016408167807,11304400
2008-10-17,19.352510452270508,20.397990773570264,18.99660255869022,18.99660255869022,7743000
2008-10-20,20.131057739257812,20.375744575774124,19.589781012153875,19.612025784292502,8094200
2008-10-21,20.071739196777344,20.54628300837466,20.02725106800312,20.09398396829051,4888900
2008-10-22,19.574951171875,19.83446785658732,18.81123238008853,19.83446785658732,10562300
2008-10-23,19.122652053833008,19.715831833226897,18.49981257834335,19.137480487628743,7834800
2008-10-24,19.055919647216797,19.29319156514209,17.96594982965071,17.96594982965071,10636200
2008-10-27,18.240299224853516,19.092995843763337,17.88439129223501,18.69259835887821,5929000
2008-10-28,19.389585494995117,20.390577777849096,18.225469099049207,18.85572360412411,7073300
2008-10-29,19.256120681762695,19.90861999696265,19.011433792125832,19.500807571399562,7502500
2008-10-30,19.708417892456055,19.916031532727835,19.270947252983092,19.485975817648747,4827900
2008-10-31,19.72324562072754,20.175544646107753,19.58977982449165,19.745488977265477,6100100
2008-11-03,19.871543884277344,20.116230755636085,19.7751526864552,19.7751526864552,3951600
2008-11-04,20.131057739257812,20.44247747793786,20.07173976114029,20.3164265976566,3884000
2008-11-05,19.8344669342041,20.33125550837855,19.604609956377743,20.10139853055219,5999500
2008-11-06,19.352510452270508,19.745491554420816,18.952113011303496,19.649100363587415,8637100
2008-11-07,19.597198486328125,19.71583445800094,19.13006811039562,19.32285191792703,5676300
2008-11-10,19.456314086914062,20.10881322286738,19.315433366656766,20.10881322286738,4835800
2008-11-11,19.107826232910156,19.523052165998017,18.981775326441213,19.441489398796804,10628000
2008-11-12,18.685176849365234,19.078157826400517,18.514636467182957,18.848300895091974,4237700
2008-11-13,19.686172485351562,19.686172485351562,18.188393162325365,18.551715960412306,7599700
2008-11-14,18.937284469604492,19.804809424968273,18.937284469604492,19.189384832112612,5996900
2008-11-17,18.611034393310547,19.152311141564752,18.54430148853924,18.596204544638653,6151400
2008-11-18,18.737089157104492,18.870554994274606,18.099419674737273,18.47015748276426,5928200
2008-11-19,17.980777740478516,18.989184697247445,17.869556717717714,18.840889057398353,6997800
2008-11-20,17.469160079956055,18.084584607216012,16.579390445861474,17.780579805452184,12781400
2008-11-21,17.491403579711914,17.55072155100643,16.305042739569664,17.254131694533864,9508400
2008-11-24,17.83989715576172,18.292197587814016,17.506234085015834,17.57296698201542,6284000
2008-11-25,17.95853614807129,18.418251581550606,17.81024189623288,18.30703053910873,6164700
2008-11-26,18.240299224853516,18.329275500881938,17.617459635644927,17.617459635644927,6608700
2008-11-28,18.477569580078125,18.64069368150797,18.19580951138071,18.344103763339035,1595100
2008-12-01,17.528478622436523,18.388590003670156,17.380184385750944,18.388590003670156,5771700
2008-12-02,17.980777740478516,18.010437434149146,17.483989185511707,17.72867600128628,7442500
2008-12-03,18.41083526611328,18.559130921002097,17.624871689407783,17.765751005874762,10260400
2008-12-04,18.062339782714844,18.50722385648947,17.876970947224756,18.195805570548025,8388100
2008-12-05,18.677772521972656,18.788993589614286,17.602632234847487,17.706438376079326,8018200
2008-12-08,18.82605743408203,19.233869698058673,18.633273686170657,19.233869698058673,9152900
2008-12-09,18.52947235107422,18.877965322726467,18.344103478317273,18.729671073072264,8474900
2008-12-10,18.477569580078125,18.751916138292067,18.358933612810553,18.692596740405996,7121300
2008-12-11,18.58878517150879,19.004010935181682,18.329268538868778,18.329268538868778,9030800
2008-12-12,18.6258602142334,18.677763259109042,18.12907170517069,18.33668388467326,6547800
2008-12-15,18.58878517150879,18.929864538071854,18.410831272791835,18.929864538071854,4292500
2008-12-16,19.322851181030273,19.4118288635178,18.640693662800196,19.322851181030273,7632100
2008-12-17,19.20421028137207,19.426653723331206,19.011426530708256,19.085574344694635,8981200
2008-12-18,19.345090866088867,19.656510551491387,19.11523391698879,19.23386985292766,6011900
2008-12-19,19.462966918945312,19.753903874665625,19.35106819927361,19.58978584733842,8949500
2008-12-22,19.328685760498047,19.55248317522909,19.022828629693304,19.54502449455808,5075900
2008-12-23,19.336143493652344,19.634540484336824,19.209324594752804,19.418203199666483,3210200
2008-12-24,19.269006729125977,19.35852655047785,19.186947011459196,19.27646683281107,876900
2008-12-26,19.28391456604004,19.388353104896446,19.201854901013792,19.32867373656873,1040500
2008-12-29,19.254079818725586,19.365978489307555,18.96314299063871,19.336139507824466,1559400
2008-12-30,19.627079010009766,19.686758403975777,19.32122193807534,19.33614214228409,2865700
2008-12-31,19.806110382080078,19.925469128973624,19.67183285897621,19.753891108172713,2383000
2009-01-02,20.208959579467773,20.313398191155457,19.686763675290614,19.81358259928396,3589100
2009-01-05,20.111967086791992,20.23132725499876,19.88816979499982,20.23132725499876,3880700
2009-01-06,19.783740997314453,20.201496811854614,19.61962157445036,20.149277512895743,5726300
2009-01-07,19.604692459106445,19.768810372608673,19.44803322192249,19.44803322192249,3947300
2009-01-08,19.716598510742188,19.716598510742188,19.38836113751646,19.507719923622364,5521700
2009-01-09,19.507720947265625,19.76881883914895,19.395822257278212,19.724059647727792,3906400
2009-01-12,19.254079818725586,19.582317152252315,19.157101350319557,19.574857051164344,4811700
2009-01-13,19.4182071685791,19.53010588509827,19.201868416821917,19.254087723006236,5286200
2009-01-14,19.142181396484375,19.298840675626582,18.96314323665672,19.097422212244666,3907600
2009-01-15,19.27646255493164,19.343602050328464,18.754266795816115,19.186942753446218,7710700
2009-01-16,19.440582275390625,19.604701689028946,19.186944475103306,19.492801571414052,4456600
2009-01-20,18.970605850219727,19.627079189861394,18.955685645874258,19.40328181615535,8967000
2009-01-21,19.373441696166992,19.440581193853117,18.85870744439873,19.224243919095954,6294300
2009-01-22,19.455503463745117,19.55994206106856,19.097427053319734,19.26154505238074,4778900
2009-01-23,19.455503463745117,19.530103071634365,19.104887156395577,19.306304247966622,4563300
2009-01-26,19.351064682006836,19.627081378836703,19.246624662809527,19.522642782508555,6881000
2009-01-27,19.753890991210938,19.918010334369196,19.507713399342038,19.545013896818226,5819200
2009-01-28,20.059755325317383,20.19403431982337,19.850878154191633,19.970236944226066,8140600
2009-01-29,19.776275634765625,20.007533078453896,19.686755844022755,19.79865593816854,3911100
2009-01-30,19.567399978637695,19.85087817238098,19.477881597464354,19.821037763410523,5236200
2009-02-02,19.694217681884766,19.91055636525098,19.373440419165995,19.395820724542514,5822100
2009-02-03,20.201494216918945,20.358153516541442,19.724059061629433,19.806117339651696,6915500
2009-02-04,20.111967086791992,20.49988372057567,20.014988639780313,20.387985074679584,4998200
2009-02-05,20.283557891845703,20.328317090706246,19.910561247979533,19.910561247979533,4569900
2009-02-06,20.44767189025879,20.5521104747281,20.179113904058852,20.28355391139716,4571800
2009-02-09,20.387996673583984,20.470056391264208,20.171659358157882,20.45513618389157,3548500
2009-02-10,19.709144592285156,20.305938710052466,19.66438538916996,20.26863961126804,6174100
2009-02-11,19.955312728881836,19.985153131827246,19.76135437834285,19.768814479079204,4152600
2009-02-12,20.186573028564453,20.186573028564453,19.61215941893356,19.738976880864996,6363500
2009-02-13,19.880714416503906,20.194031553135456,19.880714416503906,20.194031553135456,4067600
2009-02-17,19.53756332397461,19.813580025543633,19.433123302984082,19.724061633687967,5869300
2009-02-18,19.530099868774414,19.641998550822752,19.380900677464,19.55993885331513,5876100
2009-02-19,19.492801666259766,19.768819775986895,19.48534298639364,19.761359673251665,3896800
2009-02-20,19.291383743286133,19.492800816884444,19.142184540820896,19.1645648480514,6713200
2009-02-23,18.910921096801758,19.448035495212228,18.813941218906994,19.239158385042455,8094100
2009-02-24,19.186941146850586,19.246620535220693,18.88854420500004,19.03028328595487,4738900
2009-02-25,18.799030303955078,19.119806203426194,18.709510488679264,19.104887419937885,7642000
2009-02-26,17.85907745361328,19.022826437253688,17.851617350932813,19.022826437253688,7675700
2009-02-27,17.142919540405273,17.77701390242071,17.105620457938574,17.545756460815827,9912200
2009-03-02,16.40439224243164,17.650201091070098,16.38947203517387,17.650201091070098,11638500
2009-03-03,16.367084503173828,16.769919926298424,16.247725753887387,16.553582726792452,7500900
2009-03-04,16.83705711364746,17.031015410609633,16.419301547888807,16.978796142748344,5910800
2009-03-05,16.38946533203125,16.92658119068133,16.18804830790617,16.74754304542087,6274200
2009-03-06,16.628183364868164,16.628183364868164,16.135826713969536,16.41930482881628,8982500
2009-03-09,16.322324752807617,16.65056204182795,16.188047220037507,16.41930463093273,7060200
2009-03-10,16.911663055419922,16.941502038507384,16.449146723178828,16.45660682466791,7928700
2009-03-11,16.605806350708008,17.18022137137768,16.583426045779834,17.098161676176613,10766500
2009-03-12,17.41893768310547,17.47115696799024,16.523745470350324,16.523745470350324,8992100
2009-03-13,18.000812530517578,18.11271263165923,17.51591730942302,17.56813659775905,11528600
2009-03-16,17.806856155395508,18.246990781098713,17.806856155395508,18.164932506578932,6934800
2009-03-17,18.082874298095703,18.120174810374973,17.672578623107103,17.7695571092951,4510800
2009-03-18,18.112709045410156,18.455865113885512,17.918750710801582,17.918750710801582,6840200
2009-03-19,17.672590255737305,18.329064052403663,17.50847073941822,18.329064052403663,9299700
2009-03-20,17.677085876464844,17.939802946548625,17.60953001753779,17.759654466640765,4831700
2009-03-23,18.32260513305664,18.390160940844062,17.81969047046793,17.999838814003798,5069900
2009-03-24,18.082414627075195,18.397674713204108,17.99984606613666,18.202513571153606,6040800
2009-03-25,18.20250701904297,18.412680811372937,17.879740686129452,18.08240811819494,4271700
2009-03-26,18.405179977416992,18.480242170908017,18.119943928489548,18.36014180230702,6769600
2009-03-27,18.210020065307617,18.480243407276937,18.210020065307617,18.322612647230713,4769800
2009-03-30,18.104934692382812,18.179995462710625,17.872241722950843,18.02236612699131,5020300
2009-03-31,18.172483444213867,18.525275254415373,18.164978514870498,18.345126884642934,8359200
2009-04-01,18.164989471435547,18.270075725931285,17.74464159006692,17.954815530751233,6837200
2009-04-02,18.240049362182617,18.54029824309008,18.172493507147717,18.54029824309008,10706500
2009-04-03,17.939796447753906,18.42019365184106,17.827203867560414,18.390168200220216,6395700
2009-04-06,18.11244010925293,18.22503413114563,17.789675065796892,17.789675065796892,4378400
2009-04-07,17.909778594970703,18.11244473642916,17.75214778306654,17.909778594970703,8460600
2009-04-08,18.029876708984375,18.14246932251288,17.909777730328265,18.037383074111975,3328800
2009-04-09,18.11244010925293,18.382663471087476,18.067403359511324,18.382663471087476,3903800
2009-04-13,18.25505828857422,18.345133220415182,18.089922583840337,18.089922583840337,4172700
2009-04-14,18.172483444213867,18.37515089709235,18.1499657927998,18.352633245678284,2812000
2009-04-15,18.27757453918457,18.35263673210555,18.014857579807263,18.164981965649226,3259800
2009-04-16,18.360145568847656,18.487750894452653,18.13496037387063,18.30009608807428,3834100
2009-04-17,18.570316314697266,18.65288487362761,18.36014245182562,18.39016790296113,4678600
2009-04-20,18.210020065307617,18.562810537117954,18.127451503774246,18.270069537779424,7361300
2009-04-21,18.03737449645996,18.292585062662297,17.909769213358793,18.104930318789524,6848900
2009-04-22,17.842214584350586,18.022362978714067,17.74463330926276,17.74463330926276,5203200
2009-04-23,17.85722541809082,17.87223670892954,17.481915944974414,17.86473034766417,3337300
2009-04-24,17.8347110748291,17.999846771484894,17.752142510655005,17.80468562178674,3625500
2009-04-27,18.029876708984375,18.15748205276808,17.91728409545587,18.022370343856775,4275900
2009-04-28,18.097431182861328,18.285086001657675,17.977332213367077,18.0523929955315,3778100
2009-04-29,18.164989471435547,18.315112487616194,17.97733462744011,18.10493997862472,6880800
2009-04-30,18.149972915649414,18.405183564239273,18.022367591354485,18.164985643611768,6006000
2009-05-01,18.119943618774414,18.195005810982437,17.95480794127055,18.119943618774414,4935300
2009-05-04,18.420190811157227,18.487745203501504,18.142461153264055,18.142461153264055,3309000
2009-05-05,18.6303653717041,18.637871734321347,18.375154769486873,18.420192945190344,5663300
2009-05-06,18.517776489257812,18.765480778263182,18.35264077381842,18.765480778263182,6639300
2009-05-07,18.89307975769043,19.050709056059826,18.517770268210437,18.63786919030867,8924300
2009-05-08,19.208341598510742,19.268391065225785,18.97565009395149,19.15579849409661,5632400
2009-05-11,18.878070831298828,19.065725613780312,18.86305810509414,19.05821925067797,4615500
2009-05-12,19.185815811157227,19.268384335938773,18.83302549637632,19.03569291264463,5275500
2009-05-13,19.140790939331055,19.38098887106753,18.9606424905287,18.9606424905287,6741300
2009-05-14,19.163311004638672,19.328446733163126,19.103261518657717,19.305927639035517,4525000
2009-05-15,19.013187408447266,19.215854969414085,18.893088431213464,19.215854969414085,5882700
2009-05-18,19.20083999633789,19.20083999633789,18.870567131680293,19.07323466897195,4691900
2009-05-19,19.058223724365234,19.20084179340289,18.998174237142965,19.14079230618062,6561300
2009-05-20,19.133277893066406,19.35846444919665,19.080734792810315,19.080734792810315,8416100
2009-05-21,18.96063995361328,19.133282014987955,18.757972438942623,19.028195791836833,4996800
2009-05-22,18.9831600189209,19.06572715634225,18.818022880693228,18.975653655211232,3655700
2009-05-26,19.155799865722656,19.260886082075483,18.68290902875029,18.908095618825048,4412900
2009-05-27,18.96063995361328,19.215850579859502,18.930614500317297,19.17831876323952,4591100
2009-05-28,19.058223724365234,19.208348158267263,18.87056889783405,18.92311202019195,5720000
2009-05-29,19.388490676879883,19.395997039443365,18.98315712029754,19.03570022654967,6549200
2009-06-01,19.516096115112305,19.591158309585808,19.3659717261653,19.53110884034546,7529000
2009-06-02,19.636198043823242,19.763803364352448,19.380987402764834,19.47106233618824,6533300
2009-06-03,19.591161727905273,19.62118575191798,19.42602458491153,19.508593156408402,5920700
2009-06-04,19.320932388305664,19.636192417416613,19.245870203909327,19.60616840267333,20046600
2009-06-05,19.35846710205078,19.50859006168479,19.08824377034035,19.185823622517837,9662400
2009-06-08,19.148300170898438,19.290918251107126,18.945632598763908,19.26089278929779,6260100
2009-06-09,19.050722122192383,19.24588336237836,18.99817898669867,19.24588336237836,5337700
2009-06-10,18.9681453704834,19.260886367050283,18.840540063727413,19.230862346944818,6176800
2009-06-11,19.170820236206055,19.358475086920556,18.930620824669464,18.94563355633292,6493300
2009-06-12,19.238367080688477,19.426021857421144,19.06572502970058,19.170812678221658,17595700
2009-06-15,18.6453857421875,19.185831186999867,18.6453857421875,19.0357081681762,15870500
2009-06-16,18.720441818237305,18.990663736035746,18.66039234409405,18.675403638860566,6354500
2009-06-17,19.148300170898438,19.25338642384546,18.750471392081714,18.750471392081714,7463300
2009-06-18,19.516096115112305,19.636195053593,19.13328021182049,19.18582331844426,10436700
2009-06-19,19.674522399902344,19.908383268555845,19.59153890762106,19.795224876554926,10601600
2009-06-22,19.319961547851562,19.538734275434518,19.267154387362133,19.538734275434518,6224400
2009-06-23,19.25960922241211,19.45575112101461,19.20680062599491,19.448207035812153,6001600
2009-06-24,19.3576717376709,19.470830092836582,19.229425218113374,19.39539070976394,4161500
2009-06-25,19.893287658691406,20.00644600018365,19.289774105922145,19.410476528698723,8134500
2009-06-26,19.893287658691406,19.976269675046318,19.68960178067354,19.915918463658027,4967700
2009-06-29,20.013994216918945,20.036625026561726,19.682061766253643,19.855571354986107,4266200
2009-06-30,19.848026275634766,20.029079938120237,19.697148943006844,19.968728717291746,5414000
2009-07-01,19.900836944580078,19.9611881761154,19.795222649114976,19.9611881761154,5535800
2009-07-02,19.425575256347656,19.80277089239324,19.425575256347656,19.689612489356996,4989900
2009-07-06,19.576452255249023,19.599083070407215,19.267151977732834,19.304870962254505,5551600
2009-07-07,19.501005172729492,19.757498195418115,19.493461091016712,19.621707602361028,7325600
2009-07-08,19.68206787109375,19.810314441432563,19.59908437296654,19.67452378591063,5312000
2009-07-09,19.43311309814453,19.765045554107743,19.350129624432054,19.765045554107743,5232600
2009-07-10,19.342588424682617,19.53873029431211,19.297325359041018,19.38785292921113,3640100
2009-07-13,19.68206787109375,19.719786858122234,19.297328160077306,19.448206985965484,4616500
2009-07-14,19.772584915161133,19.83293756884872,19.583987189046802,19.583987189046802,4204700
2009-07-15,19.946104049682617,19.946104049682617,19.6368037678501,19.893296895060537,5320700
2009-07-16,20.0743465423584,20.14224185278585,19.88574877759032,19.953644088017768,5610000
2009-07-17,20.013994216918945,20.134696664636024,19.915922578844647,20.134696664636024,5462300
2009-07-20,20.05925178527832,20.10451483106297,19.86311000169645,20.06679586605681,3615000
2009-07-21,20.35347557067871,20.391195996494325,20.14224694165975,20.232773085842982,5665700
2009-07-22,20.27803611755371,20.451547198185775,20.195054058698847,20.361019615295692,7369700
2009-07-23,20.68540382385254,20.79856220000459,20.232768880357515,20.330840528206295,6627500
2009-07-24,21.04750633239746,21.07768265979441,20.632591902894845,20.760838416558897,4141500
2009-07-27,21.032426834106445,21.16067340060837,20.881549451619346,21.047515004021278,4662000
2009-07-28,21.175756454467773,21.221019514389656,20.994702775893515,21.039965835815398,5460100
2009-07-29,21.160669326782227,21.243652806450857,21.017336056846894,21.017336056846894,4113100
2009-07-30,21.190841674804688,21.522774092155903,21.168209428546696,21.49259776381191,5080500
2009-07-31,21.024885177612305,21.36436038335163,21.024885177612305,21.122955408900424,5961600
2009-08-03,21.15312957763672,21.27383205246568,20.949443611780225,21.13804140856135,8179700
2009-08-04,21.205936431884766,21.205936431884766,21.047513536598345,21.070145789892685,4449900
2009-08-05,20.904172897338867,21.243649406296672,20.87399800703516,21.243649406296672,4502100
2009-08-06,20.753297805786133,21.0173349591248,20.655226164229646,20.90417515134628,7178800
2009-08-07,20.84382438659668,21.047510318441297,20.806105409093647,20.84382438659668,5144100
2009-08-10,21.009790420532227,21.047509396382853,20.768385521760145,20.88154388819872,4903700
2009-08-11,20.979616165161133,21.122950877575853,20.926809018189086,21.062599646909682,4956200
2009-08-12,21.092775344848633,21.21347924965756,20.86645858096654,21.039968195868603,5316800
2009-08-13,21.070138931274414,21.168209119186077,20.836278145572365,21.153122394121098,7561800
2009-08-14,21.070138931274414,21.168209119186077,20.81364589964513,21.11540198424237,5772400
2009-08-17,20.98716163635254,21.11540818985761,20.806107932384254,20.806107932384254,7543000
2009-08-18,20.97207260131836,21.11540731728603,20.851370136994067,21.11540731728603,4171500
2009-08-19,21.26628875732422,21.273832842141935,20.851372725672025,20.94944438941531,5693200
2009-08-20,21.417160034179688,21.439792282183763,21.198387392353514,21.28136942392851,4320800
2009-08-21,21.635944366455078,21.764190954804143,21.454890613295337,21.507697778106014,4980200
2009-08-24,21.78680992126465,21.79435400340277,21.598212184471237,21.764179113736823,6183900
2009-08-25,21.78680992126465,21.93014460411587,21.734002785184337,21.764179113736823,4663200
2009-08-26,21.794361114501953,21.93769584412066,21.68874680788133,21.734009876592026,6038200
2009-08-27,21.78680992126465,21.86224930375932,21.568037294805293,21.79435400340277,4339700
2009-08-28,21.62839698791504,21.89997829575792,21.477518163805197,21.8547137851927,5794400
2009-08-31,21.590673446655273,21.703831821422696,21.40961832036323,21.50014588350925,5478100
2009-09-01,21.24365234375,21.673655021963867,21.198389282592426,21.590672982989446,7560600
2009-09-02,21.288915634155273,21.38698727975399,21.16821317717746,21.24365257251029,5343700
2009-09-03,21.190841674804688,21.37189532820902,21.092770046573257,21.37189532820902,4183200
2009-09-04,21.492599487304688,21.530319900759476,21.251194596740635,21.296457653999735,6434900
2009-09-08,21.394535064697266,21.58313286621572,21.29646340213093,21.575588781488538,6484500
2009-09-09,21.64348602294922,21.69629318183164,21.394536960441265,21.42471186313672,4642600
2009-09-10,21.809446334838867,21.809446334838867,21.560497332260013,21.67365570818007,4851400
2009-09-11,21.81699562072754,21.86980277948976,21.718925388581585,21.801907449970575,5386300
2009-09-14,21.899978637695312,21.922609454444164,21.64348549603606,21.64348549603606,3940200
2009-09-15,21.70383644104004,21.945241408962914,21.70383644104004,21.899978337199155,5793600
2009-09-16,21.899978637695312,21.899978637695312,21.658572227572918,21.74909981122971,5151700
2009-09-17,21.8848819732666,21.930145028083842,21.77172361678021,21.77172361678021,5022300
2009-09-18,21.791690826416016,21.981117900937836,21.791690826416016,21.973540644531298,6988100
2009-09-21,22.003847122192383,22.041731954624268,21.723494448469793,21.723494448469793,4603100
2009-09-22,21.935653686523438,22.094771720032305,21.814420486169897,22.049309631203165,3830700
2009-09-23,21.624998092651367,21.973543257516116,21.624998092651367,21.905349386961873,4194000
2009-09-24,21.60226058959961,21.753801359905104,21.5189122265427,21.73864829452413,5084000
2009-09-25,21.617412567138672,21.731068492853392,21.51890970502934,21.549218722667135,3526200
2009-09-28,21.8523006439209,22.026573151490958,21.655296374192964,21.700758453295276,4043700
2009-09-29,21.882604598999023,22.01141500618192,21.784103203018315,21.875028791411676,6430200
2009-09-30,21.723495483398438,21.950807379246545,21.556800189457412,21.950807379246545,7156000
2009-10-01,21.412830352783203,21.73864505596087,21.397675844446226,21.73864505596087,7927000
2009-10-02,21.3294734954834,21.435553566321715,21.26127968037765,21.268856931524166,5993000
2009-10-05,21.465871810913086,21.511333895209273,21.208250924545368,21.30675379326964,4785600
2009-10-06,21.6401424407959,21.693181775359427,21.359791259470533,21.518909263161124,7127800
2009-10-07,21.655302047729492,21.69318688270474,21.534068841552124,21.617417212754248,4128500
2009-10-08,21.678030014038086,21.83714802728523,21.640143740493365,21.776531434827238,4539400
2009-10-09,21.882604598999023,21.905336357400664,21.655292795835418,21.67044730143651,5196500
2009-10-12,21.988691329956055,22.034153415268197,21.85230362880599,21.85230362880599,3940100
2009-10-13,21.776533126831055,21.920498087059734,21.731071040258616,21.920498087059734,4488800
2009-10-14,22.10992431640625,22.13265463624524,21.791686831737792,21.950804851465207,10170200
2009-10-15,22.170541763305664,22.21600384994429,22.018999547558675,22.072038889506018,6474200
2009-10-16,22.15538215637207,22.20084423255323,22.01141722904949,22.102342826625158,5617300
2009-10-19,22.34481430053711,22.390276387177305,22.102347911504495,22.170541764071626,5105500
2009-10-20,22.13265609741211,22.39027700416166,22.079616754001385,22.39027700416166,4748900
2009-10-21,21.844724655151367,22.170539372218784,21.82957014616834,22.125077290483233,9425100
2009-10-22,21.981111526489258,22.079612940781413,21.662874075771835,21.799261761109797,5381800
2009-10-23,21.753803253173828,22.0568877105901,21.67803358403356,22.0568877105901,6078400
2009-10-26,21.51891326904297,21.950806725418236,21.473451180270242,21.821996269550723,7268000
2009-10-27,21.60983657836914,21.746224275300133,21.496180645997843,21.57952755895621,8489700
2009-10-28,21.39009666442871,21.6628720090812,21.36736634918322,21.579523665945533,9471600
2009-10-29,21.579524993896484,21.60225675575416,21.352213156173413,21.427984250485576,5806700
2009-10-30,21.26886749267578,21.66287607666396,21.238559918253245,21.511333868910476,6955000
2009-11-02,21.35979652404785,21.526491823077908,21.246140572654003,21.27644815192591,6993400
2009-11-03,21.367368698120117,21.420408033141367,21.23855826511988,21.291597600141127,4974100
2009-11-04,21.6401424407959,21.90534055882702,21.405253339780206,21.405253339780206,8205300
2009-11-05,21.99627685546875,22.0493162158109,21.776540710949355,21.806849742695828,6651700
2009-11-06,22.094772338867188,22.117504106525306,21.859883187255097,21.95080736746,5297600
2009-11-09,22.466045379638672,22.48877714342517,22.117500339526888,22.223579013436815,4541800
2009-11-10,22.617589950561523,22.640320271515733,22.397853879912873,22.428162901470078,3583400
2009-11-11,22.647891998291016,22.746394849092543,22.488774009599325,22.70093132785491,5100100
2009-11-12,22.51909065246582,22.731249501422777,22.46605130153006,22.564554192022687,3450400
2009-11-13,22.564550399780273,22.700936659887773,22.481202036480955,22.49635654711968,3706900
2009-11-16,22.7918643951416,22.943406625174934,22.556975239282366,22.70093876807884,3769100
2009-11-17,22.852476119995117,22.890360946809604,22.72366568552696,22.82216854758623,8409100
2009-11-18,22.981290817260742,23.00402258469405,22.73882441216055,22.928251471796795,4641000
2009-11-19,22.867633819580078,22.920673162606462,22.62516742562306,22.920673162606462,8943200
2009-11-20,23.02675437927246,23.049486148159264,22.76155763499573,22.829750051228412,4254800
2009-11-23,23.238910675048828,23.390452893937965,23.132831988954656,23.163139565604258,4316900
2009-11-24,23.420761108398438,23.48895496423428,23.185871963415945,23.299527908071102,6797100
2009-11-25,23.564722061157227,23.564722061157227,23.37529503726563,23.473796453795323,6534300
2009-11-27,23.329830169677734,23.443486081394937,22.99643824278906,23.216172812747207,3394300
2009-11-30,23.246490478515625,23.360146432533224,23.163142104469582,23.360146432533224,5203100
2009-12-01,23.6556453704834,23.6556453704834,23.307100352790922,23.307100352790922,5944900
2009-12-02,23.602611541748047,23.70869167878911,23.48895559404542,23.61776605349874,4983300
2009-12-03,23.48895263671875,23.731419013347477,23.43591329748292,23.670802419190295,7722800
2009-12-04,23.473796844482422,23.79203430772544,23.382872680820714,23.64049355321809,6784300
2009-12-07,23.4434871673584,23.708685270458755,23.42075540587663,23.473794737454025,4296700
2009-12-08,23.261642456054688,23.451069507178214,23.22375617870176,23.34498937580372,5625400
2009-12-09,23.458635330200195,23.458635330200195,23.223746291468075,23.29194011645693,6328300
2009-12-10,23.70111846923828,23.754157824206953,23.519268632825387,23.541998959118228,6752500
2009-12-11,23.70111846923828,23.807197179175628,23.66323218339349,23.70111846923828,5955100
2009-12-14,23.920852661132812,23.981469272041053,23.792042182301053,23.875390564255135,4646500
2009-12-15,23.928422927856445,23.928422927856445,23.784457977051098,23.920845673054735,4171700
2009-12-16,23.807193756103516,24.064814681950423,23.807193756103516,24.004198078528432,6069700
2009-12-17,23.587461471557617,23.799620340375842,23.458650987849058,23.60261598616193,16428000
2009-12-18,23.717742919921875,23.732981137985092,23.527269553721037,23.633935626967098,10356100
2009-12-21,23.938688278198242,24.09106752414935,23.56536072413384,23.572979831751013,9174900
2009-12-22,24.045351028442383,24.1063024314941,23.915829115307968,23.915829115307968,3957200
2009-12-23,23.969161987304688,24.11392211797962,23.953925226072677,24.11392211797962,3457400
2009-12-24,23.969161987304688,24.014876630589054,23.892973821556303,23.99963841616093,2198500
2009-12-28,24.091068267822266,24.106305030330773,23.95392723287207,24.068210944265154,6543900
2009-12-29,24.060590744018555,24.1977317727423,24.030115767188924,24.10630393586108,10151100
2009-12-30,23.992021560668945,24.075830294693198,23.923451042502965,23.984402452739808,3637000
2009-12-31,23.672025680541992,24.022497370224123,23.672025680541992,24.007259154760504,3511000
2010-01-04,24.08344841003418,24.0910675176493,23.824404563904906,23.97678235661871,5580900
2010-01-05,23.847259521484375,24.129160679677327,23.847259521484375,24.045351952312586,5428600
2010-01-06,24.091068267822266,24.091068267822266,23.847261176135117,23.847261176135117,4883600
2010-01-07,24.174877166748047,24.174877166748047,23.946309728655176,23.99964203399709,6114600
2010-01-08,24.212968826293945,24.235824694520762,24.04535137558477,24.220587933434917,4284800
2010-01-11,24.350107192993164,24.38058362005232,24.24344260467816,24.3424895394244,4177700
2010-01-12,24.174877166748047,24.3120182108823,24.083450772789433,24.243447688815174,5791400
2010-01-13,24.494869232177734,24.57105739487632,24.22820484994846,24.23582395685753,8056100
2010-01-14,24.715822219848633,24.72344278185098,24.44916067762301,24.540587076901392,7801400
2010-01-15,24.54820442199707,24.761533627821954,24.403442826850945,24.624392593679545,9691800
2010-01-19,25.142486572265625,25.150104228777558,24.632019300564107,24.632019300564107,17749900
2010-01-20,24.929153442382812,25.264385498325574,24.738680088835004,25.226291408894557,16706200
2010-01-21,24.388206481933594,25.043435271675005,24.36535060995418,24.92153244379702,15057200
2010-01-22,24.12154769897461,24.54820909829343,24.075834496617773,24.31202107085735,13221000
2010-01-25,24.12154769897461,24.365353382473078,24.09869037119794,24.365353382473078,7485600
2010-01-26,23.984405517578125,24.10630835362912,23.854883572624388,24.03012017099457,9292600
2010-01-27,24.152015686035156,24.19010976580527,23.87011455486993,23.900590981242818,13238800
2010-01-28,23.9996395111084,24.258683355420498,23.931068996249536,24.228206925173815,12890200
2010-01-29,23.83203125,24.144407495573173,23.83203125,24.07583695842817,11902000
2010-02-01,23.969161987304688,24.037732499035123,23.771071012523556,23.870116499914122,6463000
2010-02-02,24.464397430419922,24.472015085573332,23.90821414645973,24.037736082012607,9894100
2010-02-03,24.13677978515625,24.403441275485257,24.06059016512105,24.38058540671199,5967400
2010-02-04,23.52726173400879,24.022493484088876,23.512024974206245,23.938684765792992,10027700
2010-02-05,23.48917579650879,23.603459527218682,23.0625158570335,23.458700813144507,14325900
2010-02-08,23.374897003173828,23.58060863382107,23.306326459624746,23.50441897952245,6971500
2010-02-09,23.557737350463867,23.7710679655243,23.37488316035318,23.672021037633556,8632900
2010-02-10,23.412981033325195,23.58059849132584,23.230126813575897,23.58059849132584,7047300
2010-02-11,23.572975158691406,23.649164766563285,23.23012264986591,23.26059907429302,4335600
2010-02-12,23.5196590423584,23.565372257237712,23.23775773534269,23.39775471401873,6966800
2010-02-16,23.725360870361328,23.755837304999492,23.48155520604157,23.755837304999492,5786100
2010-02-17,23.90821647644043,24.030120768720106,23.77107687236917,23.809170964634,10161600
2010-02-18,24.022497177124023,24.03773393926895,23.85487971476402,23.91583112293233,5326600
2010-02-19,24.022497177124023,24.07582947762177,23.885356145446274,23.946307553614584,4369300
2010-02-22,23.95392608642578,24.106303876591614,23.801546843063786,24.106303876591614,6989700
2010-02-23,23.725360870361328,23.976785643340627,23.67964767160047,23.88535924581891,4313800
2010-02-24,23.900604248046875,23.94631745978481,23.710130837075884,23.793938149729296,4352100
2010-02-25,23.91583251953125,23.91583251953125,23.618694569008472,23.732978284348288,5437900
2010-02-26,23.92344856262207,24.05297047759878,23.862497158703388,23.95392499117946,8794500
2010-03-01,24.152015686035156,24.235822952168608,23.92344684782649,23.92344684782649,6249900
2010-03-02,24.2358341217041,24.334881099867633,24.15964447385446,24.19012091427298,5321100
2010-03-03,24.13677978515625,24.350108977419456,24.098684248540586,24.350108977419456,5066800
2010-03-04,24.060590744018555,24.1824935577294,23.96916290713733,24.167255342716505,10135600
2010-03-05,24.395828247070312,24.395828247070312,24.08345205357261,24.113927035447396,5832200
2010-03-08,24.251066207885742,24.40344401184615,24.243447099708277,24.40344401184615,4370700
2010-03-09,24.2358341217041,24.29678554934448,24.144407706841864,24.174882694063722,4838900
2010-03-10,24.251066207885742,24.33487494464156,24.212972120194713,24.251066207885742,4063400
2010-03-11,24.441539764404297,24.441539764404297,24.11392394219997,24.24344586824512,6033900
2010-03-12,24.258682250976562,24.479632000617137,24.197730846454355,24.479632000617137,4899700
2010-03-15,24.418682098388672,24.418682098388672,24.21297199147588,24.258685187101356,5500100
2010-03-16,24.487255096435547,24.502493314251513,24.327258168957194,24.41868456946013,5494000
2010-03-17,24.494869232177734,24.555819181058183,24.380584081737744,24.47201045825447,11159700
2010-03-18,24.662487030029297,24.73105754807504,24.433919605340982,24.494872468667193,7125700
2010-03-19,24.6533145904541,24.806203946332463,24.56158214337585,24.6533145904541,8386700
2010-03-22,24.813840866088867,24.989662560521865,24.6915299953476,24.6915299953476,7909200
2010-03-23,24.936159133911133,24.936159133911133,24.72975893153581,24.783269771101036,5713500
2010-03-24,24.668598175048828,24.92086307584234,24.668598175048828,24.890287544557935,6315000
2010-03-25,24.56922721862793,24.852070653623585,24.546294834097026,24.852070653623585,5120600
2010-03-26,24.385753631591797,24.630376839291426,24.339887418049646,24.630376839291426,6811000
2010-03-29,24.645679473876953,24.645679473876953,24.44692237156764,24.454566987661185,4818700
2010-03-30,24.645679473876953,24.676255022128267,24.546300922722295,24.645679473876953,3440100
2010-03-31,24.56157684326172,24.67624164833567,24.454553734016873,24.607441598842783,4834400
2010-04-01,24.699182510375977,24.74504727629669,24.56158238036994,24.691536438641226,5602900
2010-04-05,24.630380630493164,24.78326706045943,24.592156106879866,24.72211307169727,4655600
2010-04-06,24.615089416503906,24.66095417534133,24.553932516558685,24.561578587112585,3978900
2010-04-07,24.508066177368164,24.615087829249735,24.393398455425736,24.615087829249735,4733200
2010-04-08,24.416336059570312,24.477491506949352,24.332246772651306,24.431623827869416,4561700
2010-04-09,24.523359298706055,24.553934835444743,24.416336171755344,24.45455777977003,4155000
2010-04-12,24.454561233520508,24.599805988999016,24.446916619225735,24.492784304994373,4513500
2010-04-13,24.477495193481445,24.53100603573971,24.339895051639566,24.408695122560506,7279200
2010-04-14,24.393409729003906,24.492788272874385,24.30167725872797,24.492788272874385,6331200
2010-04-15,24.32460594177246,24.42398447050409,24.255805870515516,24.408695241766747,5119600
2010-04-16,24.179357528686523,24.362825329669953,24.064691246617542,24.294025268816387,8928300
2010-04-19,24.378110885620117,24.401044723176923,24.09526751272323,24.179355334310024,11270000
2010-04-20,24.431625366210938,24.500425431101974,24.347537532058205,24.462203820856274,5741100
2010-04-21,24.003538131713867,24.446915534714012,23.911805680368197,24.446915534714012,13931400
2010-04-22,23.728334426879883,23.888866912663836,23.575445095414544,23.881222300284495,4291800
2010-04-23,23.965309143066406,23.988241519813336,23.575442699702272,23.728332015631157,10974900
2010-04-26,23.713048934936523,24.06469241137613,23.69011509418835,24.003536960775286,7321500
2010-04-27,23.437856674194336,23.8353679677441,23.399635051302088,23.65954616954144,10692000
2010-04-28,23.590736389160156,23.69011344268582,23.391980824047973,23.6060241571989,10333300
2010-04-29,23.91180419921875,24.057047481196214,23.713048622866452,23.713048622866452,10236400
2010-04-30,23.606019973754883,24.026464868617662,23.606019973754883,23.980598656508107,12506600
2010-05-03,23.72068977355957,23.82006681819801,23.590734279456548,23.606022046128114,5629700
2010-05-04,23.583093643188477,23.804781606940278,23.483715123734143,23.613670639747603,14483400
2010-05-05,23.6595401763916,23.70540640385631,23.239095140771692,23.307895210999295,9627700
2010-05-06,23.025047302246094,23.65189096874964,21.809581575026463,23.583090911883563,21647700
2010-05-07,22.71927261352539,23.04033911593059,22.428784567568812,23.04033911593059,18182100
2010-05-10,23.330825805664062,23.567802982311214,23.116781010526097,23.116781010526097,13168100
2010-05-11,23.28496551513672,23.514299609425322,23.116788345774147,23.170299197023084,8829300
2010-05-12,23.4760799407959,23.491369174247875,23.25439188798846,23.48372455752189,6115800
2010-05-13,23.22380256652832,23.468425813240994,23.22380256652832,23.39198113977209,6872600
2010-05-14,22.910383224487305,23.200872723843258,22.726916862922984,23.09384958605163,13544100
2010-05-17,22.910383224487305,23.002117134299983,22.56638434332709,22.963895522413637,11950000
2010-05-18,22.726919174194336,23.101496549406047,22.703986787954772,23.063274933632655,11648200
2010-05-19,22.67340850830078,22.864519504802345,22.535808357529863,22.581676046494298,12608800
2010-05-20,21.96247100830078,22.47464843557615,21.954826394990892,22.359982152049614,15946600
2010-05-21,22.0159912109375,22.0771466853766,21.595547506426374,21.725503071867156,16465100
2010-05-24,21.96247100830078,22.199449646724645,21.801938502975812,21.924249399812236,10310900
2010-05-25,21.87073516845703,21.87073516845703,21.381490199023947,21.511445688989827,16411700
2010-05-26,21.733135223388672,22.09242324739103,21.710201386854642,22.00069081737628,12620400
2010-05-27,22.176517486572266,22.176517486572266,21.91660644659248,21.91660644659248,9438500
2010-05-28,22.069496154785156,22.291184128801216,21.99305147275647,22.16887322077973,13301500
2010-06-01,21.82486915588379,22.176514049976966,21.78664755042315,21.9854031065522,11633700
2010-06-02,22.2988338470459,22.321767694322407,21.832522492186474,22.015988896214434,10510200
2010-06-03,22.428787231445312,22.497587308565056,22.268253232145494,22.298831692225928,8442500
2010-06-04,21.7713565826416,22.145933826809234,21.694911919777446,22.084778388130044,11034700
2010-06-07,21.740779876708984,22.015978625334704,21.740779876708984,21.801935316188107,9478700
2010-06-08,21.79429817199707,21.82487517318376,21.52674248582291,21.748431941186446,10571000
2010-06-09,21.694913864135742,21.947180253553803,21.6184706524812,21.824869365233578,8428600
2010-06-10,22.107717514038086,22.161228353428132,21.901317312338463,21.901317312338463,6967900
2010-06-11,22.29117774963379,22.329399350679566,22.038911391774047,22.046556003595327,7042100
2010-06-14,22.329410552978516,22.535810801518817,22.321767395383407,22.359989015604345,6416400
2010-06-15,22.71162223815918,22.726911462505072,22.428778878063586,22.436423490236532,4921200
2010-06-16,22.795717239379883,22.826295695751764,22.58931703305285,22.642829331703638,5576900
2010-06-17,22.826292037963867,22.83393665083183,22.59695802610744,22.83393665083183,5710800
2010-06-18,22.704126358032227,22.86547624556938,22.658027018223724,22.86547624556938,6962900
2010-06-21,22.665712356567383,22.996094160986043,22.550463264797823,22.942311349191698,7458600
2010-06-22,22.44289779663086,22.85011284679676,22.412165387159522,22.688764399760647,7226400
2010-06-23,22.35070037841797,22.496683361786342,22.235451271746896,22.458266015914717,6431100
2010-06-24,22.189346313476562,22.381428610553122,22.158613907989558,22.250812589922198,10192000
2010-06-25,22.289226531982422,22.404475599571313,22.11251119731469,22.189342932059684,8439200
2010-06-28,22.250816345214844,22.4352166711448,22.112518298975186,22.30460062846967,6556200
2010-06-29,21.84360694885254,22.066421731906185,21.72067435155284,22.020322374286838,15076600
2010-06-30,21.666885375976562,21.943482908687113,21.62078456596502,21.736035125522136,9503400
2010-07-01,21.482484817504883,21.62846778323671,21.121370602770064,21.62846778323671,23346200
2010-07-02,21.53627586364746,21.682257409786644,21.41334326401858,21.520908922325805,10103400
2010-07-06,21.64383316040039,21.812865053220808,21.46711779988746,21.682249033391333,11667300
2010-07-07,22.066415786743164,22.089466192078646,21.559318593136666,21.66688568589715,8794500
2010-07-08,22.250816345214844,22.30460062846967,22.097151360902377,22.143250709648928,7165200
2010-07-09,22.30459976196289,22.312283230700803,22.189349196366045,22.29691629322498,4261600
2010-07-12,22.26617431640625,22.34300751035668,22.181659121984932,22.258490850464078,5026200
2010-07-13,22.435213088989258,22.57351111314733,22.3967957499412,22.3967957499412,5439300
2010-07-14,22.435213088989258,22.48131243037528,22.25081279250188,22.3660633441744,5958300
2010-07-15,22.504358291625977,22.558141089966334,22.2892256327932,22.427525094509175,4594500
2010-07-16,22.03569221496582,22.535106140397104,22.004958328860585,22.396806583868244,9790100
2010-07-19,22.135562896728516,22.220079574071534,22.035680749799884,22.127879429199915,5391900
2010-07-20,22.074098587036133,22.081782055248723,21.759083717678422,21.88201627813647,8178400
2010-07-21,21.712987899780273,22.13556846179241,21.6668885484905,22.066418702121776,14343400
2010-07-22,21.85128402709961,22.074098744972126,21.766767341628107,21.928117244303547,10500800
2010-07-23,21.84360694885254,21.897389776987136,21.64384111187249,21.84360694885254,8858800
2010-07-26,22.15861701965332,22.1970328982746,21.866651066432993,21.935800820328765,10261500
2010-07-27,22.18166732788086,22.258499084783182,22.08178369915292,22.204716268762827,6225700
2010-07-28,21.882015228271484,22.212397018203177,21.843599354523374,22.143247273079258,9662900
2010-07-29,21.866647720336914,22.150930161236918,21.75908210427986,22.00494720696548,10540100
2010-07-30,21.951168060302734,22.043368221924258,21.582370344760342,21.666887037457418,7539400
2010-08-02,22.366058349609375,22.381423816325693,22.181659559771738,22.18934156039424,11733200
2010-08-03,22.550457000732422,22.63497219630189,22.39679061074398,22.39679061074398,10266000
2010-08-04,22.773277282714844,22.80401115449707,22.527412170343716,22.565829510071495,9458100
2010-08-05,22.78095817565918,22.78095817565918,22.604242829301064,22.696442968754408,4285100
2010-08-06,22.82706069946289,22.850111103912095,22.49668036185453,22.558146641580702,8894200
2010-08-09,22.888525009155273,22.97304021517344,22.77327446967975,22.97304021517344,4061700
2010-08-10,22.942312240600586,23.03451093140987,22.63497936331159,22.727179519592642,8692600
2010-08-11,22.35070037841797,22.658031818031464,22.319966501720668,22.627299406806063,13216600
2010-08-12,22.44289779663086,22.50436554651717,22.12020090255864,22.17398371823734,9553700
2010-08-13,22.358381271362305,22.442896491597867,22.258497649077007,22.29691499052202,4340300
2010-08-16,22.24312973022461,22.304596004300837,22.074096377411305,22.22776279533766,4641300
2010-08-17,22.550457000732422,22.63497219630189,22.31227541517451,22.37374167807563,7183200
2010-08-18,22.51972770690918,22.688761063295924,22.373746218811753,22.512044239303272,4410100
2010-08-19,22.104833602905273,22.435215425771883,22.035683850887995,22.3967980827224,8736200
2010-08-20,22.02799415588379,22.097143888355326,21.88969469094071,22.074093489041022,5606200
2010-08-23,22.127883911132812,22.335333180008455,22.104834969350108,22.166301256557126,6570800
2010-08-24,21.65151596069336,21.897381057388586,21.582366219063882,21.889697589932915,12112600
2010-08-25,21.866647720336914,21.958847866579827,21.528583936879993,21.55931634197989,10713000
2010-08-26,21.728347778320312,21.981896326234256,21.643831107191836,21.981896326234256,6566000
2010-08-27,21.951168060302734,21.958851529227182,21.51322058991216,21.78981960930488,7200700
2010-08-30,21.67456817626953,21.974217590482002,21.67456817626953,21.951167184628183,5835000
2010-08-31,21.59004783630371,21.759079709428157,21.543948500991853,21.643830638412787,8756200
2010-09-01,22.08946418762207,22.127880060890153,21.797499740558408,21.797499740558408,10345200
2010-09-02,22.2047176361084,22.243134982397088,22.066418120412944,22.12788440900293,6003300
2010-09-03,22.41216468811035,22.427531625102624,22.273865186123437,22.281548654619574,6604700
2010-09-07,22.281545639038086,22.38911125248254,22.235446299772118,22.38911125248254,3954000
2010-09-08,22.404470443725586,22.47362016146007,22.24312207932583,22.25080407865538,6850700
2010-09-09,22.64266586303711,22.71181562313726,22.54278369037688,22.565834098900915,6305700
2010-09-10,22.87316131591797,22.896210254701547,22.642661669780356,22.642661669780356,5453100
2010-09-13,22.926944732666016,23.034510357755273,22.811695639288704,22.99609448178675,5947100
2010-09-14,23.003772735595703,23.09597140320933,22.82705593597202,22.850106335611127,8386700
2010-09-15,23.21891212463379,23.22659559388956,22.91926415101831,22.949998028041392,4894200
2010-09-16,23.126718521118164,23.1651344103911,23.011469387827113,23.088301166372986,4913900
2010-09-17,23.1220760345459,23.276531233721087,23.075738149086146,23.207025878539454,6038900
2010-09-20,23.430992126464844,23.477328547263053,23.14524767335799,23.22247602336051,5467800
2010-09-21,23.44643783569336,23.57000260514825,23.34604053988111,23.430991871259437,7579700
2010-09-22,23.485050201416016,23.585447492644015,23.392377365060515,23.423267819509626,5875600
2010-09-23,23.36149024963379,23.52366848316569,23.3151538219116,23.338321299268454,8156800
2010-09-24,23.67811393737793,23.69355989693712,23.515935781029757,23.54682622714036,5571100
2010-09-27,23.50049591064453,23.678120072575794,23.485049947083162,23.678120072575794,4840600
2010-09-28,23.693565368652344,23.73990178502292,23.40009796128641,23.55455464653249,5634600
2010-09-29,23.60860824584961,23.701282528836735,23.523656942528724,23.60860824584961,7966300
2010-09-30,23.546833038330078,23.848021971817747,23.461881709189164,23.693566750571236,8680300
2010-10-01,23.546833038330078,23.747626151657926,23.423268272129587,23.7167342236037,8791700
2010-10-04,23.31514549255371,23.58544392488432,23.25336311999311,23.531383060011837,6193600
2010-10-05,23.747621536254883,23.786234965809854,23.50821503239664,23.63177977458205,6786200
2010-10-06,23.65494728088379,23.778513496274424,23.577720421650533,23.693562183508337,5800000
2010-10-07,23.701284408569336,23.81712616673476,23.63177905906851,23.74762081723393,6052000
2010-10-08,23.763071060180664,23.824853440536668,23.66267377147207,23.716733170157553,3678600
2010-10-11,23.77851676940918,23.817130204340984,23.693565444949467,23.74762484305724,2452400
2010-10-12,23.83258056640625,23.89436295750547,23.631787427081687,23.732183260239772,3194600
2010-10-13,24.00248146057129,24.079709816689988,23.87119369707201,23.932976087365294,3323600
2010-10-14,23.95614242553711,24.079707192658493,23.84802214954974,23.971588389679336,5111500
2010-10-15,24.056528091430664,24.126033427722085,23.902072934233406,24.010191691572246,5880600
2010-10-18,24.28050422668457,24.288227210002276,24.048819146178715,24.08743406276725,7161000
2010-10-19,23.82485580444336,24.087431315261206,23.70901401390802,24.087431315261206,8833000
2010-10-20,24.04880714416504,24.15692738364503,23.81712365229368,23.878906014993223,5489400
2010-10-21,24.110599517822266,24.226442784864926,23.93297533543574,24.149214431172595,5983600
2010-10-22,24.118316650390625,24.18782200455378,24.056534277024266,24.18782200455378,4671900
2010-10-25,24.24959945678711,24.43494653927247,24.22643199210623,24.24959945678711,6532600
2010-10-26,24.18010139465332,24.195547357761402,24.064259617358925,24.195547357761402,4005800
2010-10-27,24.033369064331055,24.133764878100383,23.88663536142993,24.0874284619767,5489900
2010-10-28,24.172374725341797,24.2573260364679,24.04108700496868,24.172374725341797,5007000
2010-10-29,24.071990966796875,24.149219336175232,23.979316628941117,24.11060441498174,6751200
2010-11-01,24.071990966796875,24.326843554639417,23.948426164994952,24.203278752837495,6943700
2010-11-02,24.30366325378418,24.326832195681973,24.241880881731337,24.26504982362913,5303500
2010-11-03,24.31911277770996,24.380895158813697,24.071983253295024,24.380895158813697,8271300
2010-11-04,24.434947967529297,24.50445331164995,24.365442623408644,24.496730331969015,7898400
2010-11-05,24.28821563720703,24.48900721576088,24.195541354560234,24.48900721576088,10241400
2010-11-08,24.2264404296875,24.365449685209892,24.172379556252576,24.257330884356413,7745100
2010-11-09,24.12604522705078,24.295946424963645,24.07198582194252,24.295946424963645,7484100
2010-11-10,24.118316650390625,24.156931554374584,23.886633118518766,24.156931554374584,6532400
2010-11-11,24.187822341918945,24.203268303727967,23.94069284500661,24.002475219234693,5827800
2010-11-12,23.886638641357422,24.079708786893114,23.85574671102772,24.041093873980987,6763900
2010-11-15,23.89435386657715,24.025641581838862,23.855738966201447,23.971582194320714,4181900
2010-11-16,23.546833038330078,23.817131516771727,23.477327673216276,23.739903169644368,12265400
2010-11-17,23.585451126098633,23.67812397673084,23.539113227774127,23.585451126098633,5810200
2010-11-18,23.917524337768555,23.971585205084427,23.654948874266385,23.72445423066449,5721600
2010-11-19,23.940690994262695,23.956136954877657,23.80168029474378,23.89435458542568,5078100
2010-11-22,23.948415756225586,23.971584698871695,23.716730748788436,23.909800851815397,7405200
2010-11-23,23.60088539123535,23.747619059655886,23.59316241152819,23.701282654420684,9030600
2010-11-24,23.82485580444336,23.840301769316945,23.693568049034432,23.693568049034432,5591000
2010-11-26,23.61634063720703,23.73218243235092,23.585450179239224,23.70129197438311,2863600
2010-11-29,23.59316062927246,23.63949850401501,23.27652585023664,23.477318888431395,7439200
2010-11-30,23.376930236816406,23.52366246590455,23.307424876508083,23.338315329418393,8214800
2010-12-01,23.82485580444336,23.863469243619043,23.639508644985163,23.639508644985163,8571300
2010-12-02,24.010202407836914,24.010202407836914,23.817132270413335,23.863468690952683,5519300
2010-12-03,24.010202407836914,24.02564837235278,23.89436061998442,23.909805111492034,7769400
2010-12-06,23.855735778808594,23.956133033363386,23.83256831468644,23.925241117190332,5092200
2010-12-07,23.87119483947754,24.041096052662954,23.840304379356756,24.025651559106787,6938200
2010-12-08,23.89435386657715,23.932967293945012,23.778512111465712,23.90207684665229,5222000
2010-12-09,23.932973861694336,23.97158877266684,23.855745512757565,23.97158877266684,3670300
2010-12-10,24.164655685424805,24.187823155909996,23.97158557533867,23.97158557533867,5730100
2010-12-13,24.20326805114746,24.31910981749022,24.172376127851805,24.21871401279529,9561500
2010-12-14,24.450401306152344,24.512183689238316,24.280500120917974,24.288223102929745,5587600
2010-12-15,24.373172760009766,24.5353524349162,24.350005287171843,24.357728269120546,5816700
2010-12-16,24.543073654174805,24.550796635568844,24.280498178809825,24.38089399091616,5071800
2010-12-17,24.584991455078125,24.584991455078125,24.406445930388195,24.546177725588617,6012600
2010-12-20,24.577226638793945,24.654855572817716,24.47631006101718,24.63932948988321,3241800
2010-12-21,24.515127182006836,24.616043773756257,24.515127182006836,24.600519169321014,2946300
2010-12-22,24.584991455078125,24.584991455078125,24.484074870016084,24.50736251545024,2646000
2010-12-23,24.569461822509766,24.60827702704215,24.538411139532514,24.538411139532514,2874100
2010-12-27,24.522890090942383,24.546179218441814,24.44526114659325,24.530653133442193,835200
2010-12-28,24.538415908813477,24.577229640241033,24.46855000772472,24.515126781567574,1652600
2010-12-29,24.546180725097656,24.600520545282766,24.52289159616873,24.569468373377532,1990500
2010-12-30,24.460786819458008,24.530652720130178,24.445260734719984,24.515126635392154,3877200
2010-12-31,24.453020095825195,24.50735990357879,24.3986802880716,24.484072260626515,3908500
2011-01-03,24.678142547607422,24.83339892148245,24.57722449797245,24.584987538763496,6877800
2011-01-04,24.75577735900879,24.779066488310395,24.623808587597853,24.724726667255727,4161000
2011-01-05,24.810117721557617,24.85669598117742,24.662624341375565,24.662624341375565,7962800
2011-01-06,24.911026000976562,24.926552081407014,24.817870999042384,24.848921679254758,4966800
2011-01-07,24.8955078125,24.93432154523168,24.75577600562757,24.93432154523168,6199000
2011-01-10,24.825639724731445,24.8799795380342,24.74801078544943,24.779062953421782,4481000
2011-01-11,24.949848175048828,24.988661908627513,24.848930098705807,24.887746793582544,3356200
2011-01-12,25.08181381225586,25.12062753869984,24.98089575446351,25.058523207351467,2886100
2011-01-13,24.949848175048828,25.011952517813167,24.879982270087975,25.011952517813167,7414600
2011-01-14,24.980897903442383,24.980897903442383,24.88774435970381,24.903270443876533,3907500
2011-01-18,25.074054718017578,25.08181924176568,24.973136638379295,24.98866272457735,8160100
2011-01-19,24.90326690673828,25.097338489385688,24.810110414933437,25.097338489385688,9936400
2011-01-20,24.96537208557129,25.0119503385863,24.80235264196544,24.89550618669767,8811800
2011-01-21,24.988656997680664,25.09733957615919,24.957607793698553,25.04299680627119,8079700
2011-01-24,24.957611083984375,25.050764630806537,24.93432047630544,24.98089873036545,3711500
2011-01-25,24.957611083984375,25.027476984425462,24.864454575864354,24.87221909885662,8002500
2011-01-26,24.926559448242188,25.011951435198025,24.903271801362568,24.980899265159916,7671800
2011-01-27,24.988656997680664,25.03523524560003,24.879977380499607,24.957607793698553,6871900
2011-01-28,24.538415908813477,25.035238778201123,24.515126781567574,25.00418660853992,11096100
2011-01-31,24.59275245666504,24.662618348468534,24.499597440710797,24.662618348468534,9021600
2011-02-01,25.035234451293945,25.066286615588314,24.693668047299308,24.693668047299308,13051200
2011-02-02,24.949848175048828,24.980900346431,24.872220707891458,24.9576126985434,4627700
2011-02-03,24.980897903442383,25.03523771739803,24.6781466653187,24.864453752795846,6316300
2011-02-04,25.09734344482422,25.105105006691794,24.887745738824535,25.0352391046919,4380100
2011-02-07,25.058523178100586,25.136153592195434,25.035235534520886,25.089575343738524,9145200
2011-02-08,25.128381729125977,25.143907807409157,25.035228220723553,25.035228220723553,5160100
2011-02-09,25.074054718017578,25.128394539061695,24.996427248325453,25.05852863181952,4933400
2011-02-10,25.08181381225586,25.12062753869984,24.98089575446351,24.988657315233304,4383300
2011-02-11,25.136152267456055,25.198253634161524,24.94984224474494,24.973129887097326,4341900
2011-02-14,25.22154426574707,25.22154426574707,25.081812488883305,25.18272758005364,9054900
2011-02-15,25.167203903198242,25.190494509099594,25.06628880238372,25.12839017509284,5502400
2011-02-16,25.299169540405273,25.392323063210004,25.206016017600543,25.22930365797745,4256200
2011-02-17,25.40785789489746,25.431145543295127,25.19049861305759,25.237073909852924,8772000
2011-02-18,25.469961166381836,25.501010375838415,25.345755444661542,25.392330739495407,4583200
2011-02-22,25.08181381225586,25.33022521505433,25.01970948090749,25.21378107442489,12072400
2011-02-23,24.841157913208008,25.089569255436345,24.833394873682323,25.011941821476285,9817600
2011-02-24,24.926559448242188,24.980899265159916,24.740250869960413,24.794590686878145,9063800
2011-02-25,25.08181381225586,25.128389099469633,24.949843588789324,25.004183398070396,6129200
2011-02-28,25.361278533935547,25.392330704647502,25.081817881421905,25.174971432259788,15415100
2011-03-01,25.15944480895996,25.46996058684429,25.15168324709692,25.438908416796274,10264400
2011-03-02,25.237077713012695,25.283655978125367,25.081822751900923,25.120636492178864,11750700
2011-03-03,25.757186889648438,25.772712975355468,25.39233127877839,25.39233127877839,11733900
2011-03-04,25.718360900878906,25.795988331125464,25.53981544227451,25.741648537693546,8793600
2011-03-07,25.524301528930664,25.780474539874508,25.36904363314449,25.780474539874508,8359500
2011-03-08,25.66403579711914,25.74166327179839,25.446673537680237,25.53983006085334,5795000
2011-03-09,25.702852249145508,25.772718168255274,25.570881974694327,25.656273982639448,8000200
2011-03-10,25.299169540405273,25.555342468442554,25.275881900028367,25.50100266669837,12703000
2011-03-11,25.384563446044922,25.45442933381916,25.206017946465717,25.29917147639893,8004000
2011-03-14,25.260356903076172,25.423376315302658,25.151677294925182,25.268118463102432,7608100
2011-03-15,24.96537208557129,25.089577798980187,24.716960658753486,24.833403329993217,12855500
2011-03-16,24.530651092529297,24.93431890439212,24.40644538416399,24.92655734318702,20826500
2011-03-17,24.817874908447266,24.887742281390068,24.693669206735358,24.77906118190558,10301600
2011-03-18,24.930946350097656,25.125903631092257,24.868560555641462,25.07911316970411,16696000
2011-03-21,25.141511917114258,25.344264726014472,25.08692153320464,25.118115188355656,8783300
2011-03-22,25.12590789794922,25.274073255322303,25.110311074837867,25.227282785988248,6413300
2011-03-23,25.11031150817871,25.164898902615565,24.91535567810712,25.079117861417682,7349200
2011-03-24,25.406648635864258,25.445639212189143,25.11031490117262,25.2038928793104,10593600
2011-03-25,25.476823806762695,25.586001559116784,25.398842672727927,25.40664257100515,5281100
2011-03-28,25.469032287597656,25.531419587895215,25.461235362455565,25.484629112672046,3925300
2011-03-29,25.61719512939453,25.624995028555215,25.414442373065544,25.44563602012844,4031500
2011-03-30,25.80435562133789,25.936924167309872,25.7419683233816,25.7419683233816,5202600
2011-03-31,25.819957733154297,25.913535724461237,25.749773495976413,25.78876407778841,3280600
2011-04-01,25.952518463134766,26.007105856132792,25.86673742419792,25.91352789310615,3929600
2011-04-04,26.10848617553711,26.155276648849554,26.038301952963483,26.038301952963483,4286700
2011-04-05,25.99151039123535,26.06949152644202,25.96031674723683,26.007104238444985,4311300
2011-04-06,26.046100616455078,26.13187868460515,26.014906969060533,26.06949436460601,3954000
2011-04-07,25.99930763244629,26.100685489285087,25.91352659779728,25.9837108102565,7031500
2011-04-08,25.98371124267578,26.124079669930225,25.91352702904856,26.04609853247318,6907600
2011-04-11,26.131877899169922,26.19426519208386,26.06169368203667,26.06169368203667,8928500
2011-04-12,26.100685119628906,26.202060000242305,26.022701009784427,26.022701009784427,6200400
2011-04-13,26.077299118041992,26.178677015115177,26.022711706108165,26.092895946421777,4442000
2011-04-14,26.217666625976562,26.26445710937996,25.9603264042347,26.061701322755965,8316200
2011-04-15,26.451608657836914,26.521792883777703,26.319040105943323,26.35023375631484,9761800
2011-04-18,26.155275344848633,26.28004695933777,26.007107007474698,26.28004695933777,7603400
2011-04-19,26.373624801635742,26.38922162522178,26.155275221011056,26.202062716979245,5456100
2011-04-20,26.630964279174805,26.732339156406987,26.568576993380063,26.654358023953076,7116900
2011-04-21,26.708951950073242,26.864917227951427,26.61537397326243,26.794733001645756,4828600
2011-04-25,26.740144729614258,26.763538479357408,26.599776281575064,26.62317003131821,6363700
2011-04-26,27.05206298828125,27.09105652415061,26.779126085930486,26.779126085930486,5800000
2011-04-27,27.356199264526367,27.402986752628,27.005278229816987,27.020875050780674,8745300
2011-04-28,27.49657440185547,27.512171228320266,27.33281218616082,27.35620891325325,5219400
2011-04-29,27.480968475341797,27.566746521022523,27.441974938917905,27.55115267619997,11660100
2011-05-02,27.7617130279541,27.816300430286912,27.62914447222879,27.66813504892504,14846400
2011-05-03,27.6915225982666,27.76170681051771,27.551157148554033,27.699322496733195,11291300
2011-05-04,27.668128967285156,27.714919433909987,27.51996361849102,27.65253214507688,9434600
2011-05-05,27.48876953125,27.72271591102612,27.4107883962545,27.621338055700278,11700000
2011-05-06,27.683725357055664,27.81629388157072,27.57455057809277,27.691522280643177,7405100
2011-05-09,27.839693069458008,27.870886716152114,27.543359375443732,27.543359375443732,9030400
2011-05-10,28.011247634887695,28.01904753269147,27.79289809301239,27.95666024941887,7764600
2011-05-11,27.9644718170166,28.11263721443552,27.816303444807048,28.04245297886011,13491000
2011-05-12,28.22179412841797,28.229594024528833,27.785095139449624,27.863076251825756,7867600
2011-05-13,28.136028289794922,28.3387810547258,27.987859947355012,28.268596833251642,10091200
2011-05-16,28.182809829711914,28.29198460119428,28.01904767248837,28.07363505822955,7557200
2011-05-17,28.182809829711914,28.198406650607883,27.987854030696433,28.050241314280306,7397600
2011-05-18,28.401161193847656,28.424557914086584,28.136024145983022,28.18281163688167,5666800
2011-05-19,28.33878517150879,28.518144213600497,28.206213634003326,28.518144213600497,17052500
2011-05-20,28.10483741760254,28.354380679762734,28.019056363461786,28.354380679762734,11701300
2011-05-23,27.81629753112793,27.870887902561364,27.691525913830088,27.80850060651744,27910000
2011-05-24,27.738311767578125,27.855286440789804,27.707118124749744,27.80849597654723,10177500
2011-05-25,27.777305603027344,27.847489820256925,27.61354342108827,27.61354342108827,7239400
2011-05-26,27.81629753112793,27.84749117914989,27.551160447311275,27.714922637241564,6576400
2011-05-27,27.831897735595703,27.85529446184894,27.699329177585625,27.816300909690334,7043300
2011-05-31,28.159421920776367,28.167218845445273,27.925475508438804,28.034650302543664,10185900
2011-06-01,27.769506454467773,28.136024334507603,27.7461127088617,28.065840122899754,12042500
2011-06-02,27.70713233947754,27.777316584453615,27.597957508357204,27.777316584453615,7603400
2011-06-03,27.441986083984375,27.597951368654922,27.395198580936476,27.395198580936476,12026700
2011-06-06,27.278223037719727,27.434188317610285,27.239232461444658,27.364004090399046,6513500
2011-06-07,27.332801818847656,27.56674817750296,27.317204998298724,27.473170228998708,8211900
2011-06-08,27.363994598388672,27.410785058562272,27.2470199353493,27.301607318157206,6631100
2011-06-09,27.652542114257812,27.785113663427488,27.37960506418898,27.426392572891785,6971000
2011-06-10,27.145645141601562,27.543353642405446,27.12224842405597,27.543353642405446,17102600
2011-06-13,27.278223037719727,27.395197741335217,27.130057657958353,27.130057657958353,10150700
2011-06-14,27.512168884277344,27.621343685438724,27.410793983079042,27.488775133968538,8585800
2011-06-15,27.13785171508789,27.48097588954026,27.07546739459926,27.39519484592717,15194100
2011-06-16,27.18464469909668,27.262625850612395,27.005285670778335,27.145654123338822,10648300
2011-06-17,27.247337341308594,27.48243024630448,27.16113591195746,27.411902075868866,16765100
2011-06-20,27.521610260009766,27.552956775974142,27.15329916021741,27.19248081048873,8445200
2011-06-21,27.694007873535156,27.75669790424551,27.552951567727195,27.63131485345707,12641600
2011-06-22,27.52945899963379,27.717532189208487,27.513785735607655,27.654842122473404,7622800
2011-06-23,27.498096466064453,27.5294429758712,27.137620571390013,27.427568313683132,19458700
2011-06-24,27.176815032958984,27.490274300146186,27.129795246070167,27.490274300146186,11042000
2011-06-27,27.317855834960938,27.388383980413423,27.067089759878208,27.231654436144858,6268200
2011-06-28,27.70184898376465,27.77237715188694,27.341373008636666,27.372719525439543,9300200
2011-06-29,27.756696701049805,27.850736227090515,27.678333418716818,27.850736227090515,6541700
2011-06-30,27.84290885925293,27.921275161221637,27.78021880704672,27.874255380040413,11835800
2011-07-01,28.17986488342285,28.19553813736435,27.827224143158023,27.84289739709952,10374800
2011-07-05,28.10151481628418,28.20338952012115,28.007478237787176,28.20338952012115,6410500
2011-07-06,28.17986488342285,28.219046523592827,28.05448184125842,28.05448184125842,6899800
2011-07-07,28.164194107055664,28.305250415570168,28.054484309181667,28.305250415570168,7400100
2011-07-08,28.03880500793457,28.070151511815926,27.874240346608183,27.97611498953901,6741200
2011-07-11,27.65482521057129,27.850736407037164,27.584297060268867,27.795881511176127,11117200
2011-07-12,27.65482521057129,27.929099689876466,27.56078568392298,27.639151956129904,5988800
2011-07-13,27.764545440673828,28.03098488761291,27.686182128372995,27.79589196134166,8597100
2011-07-14,27.71752166748047,27.913432909383943,27.646993500820486,27.819396350293403,9443600
2011-07-15,27.576457977294922,27.76453403466926,27.435401681606045,27.756695913037923,9994600
2011-07-18,27.372716903686523,27.505935103286586,27.168967553351255,27.482426712620246,8569400
2011-07-19,27.61564064025879,27.67049553030196,27.36487158516062,27.42756459627699,9930600
2011-07-20,27.521610260009766,27.670504716156394,27.419738567177998,27.654831458174208,6808400
2011-07-21,27.936939239501953,28.046649036830757,27.70968152253927,27.79588293168841,14621500
2011-07-22,27.889921188354492,27.94477609039119,27.77237326149416,27.921267700766307,7642700
2011-07-25,27.59996795654297,27.7880410150352,27.568621450338473,27.646984726482344,6821100
2011-07-26,27.380556106567383,27.592140622113007,27.34921257747689,27.576467362883495,8696700
2011-07-27,26.902528762817383,27.270839804446414,26.871182251803223,27.255166548939332,13037300
2011-07-28,26.87901496887207,27.176800818004704,26.839833328310092,26.886853090605,13788400
2011-07-29,26.737960815429688,26.926036890323285,26.479359575489767,26.65175940566045,18230600
2011-08-01,26.283451080322266,26.996567831058073,26.009173567351198,26.996567831058073,27608500
2011-08-02,25.719228744506836,26.205087809064015,25.69572035102827,26.103216111077934,23052100
2011-08-03,25.76624870300293,25.76624870300293,25.233369858352656,25.71922892634492,23351200
2011-08-04,24.739673614501953,25.515483517569297,24.739673614501953,25.405770701161984,26524200
2011-08-05,24.92774200439453,25.29605454203186,24.32433661204127,24.92774200439453,34270900
2011-08-08,23.65040397644043,24.716161548268683,23.642567347861217,24.434048898153186,35749300
2011-08-09,24.51241683959961,24.58294501119277,23.2272379864342,23.948191466854315,33607200
2011-08-10,23.478008270263672,24.38703803074547,23.438826610147306,24.21463513899061,31686400
2011-08-11,24.551591873168945,24.86504949868741,23.52501758908953,23.56419923177289,23576700
2011-08-12,24.794517517089844,25.02177519467271,24.54375145540091,24.73182600166761,14175900
2011-08-15,25.209856033325195,25.2647139287965,24.84938008197088,25.02178292364824,22841300
2011-08-16,25.186338424682617,25.35874120326689,24.912063994541356,25.06879202681014,16553800
2011-08-17,25.209856033325195,25.499806810576782,24.990436408912686,25.25687580542852,12656600
2011-08-18,24.379194259643555,24.763180096123925,24.167609769740878,24.708325190153026,14270400
2011-08-19,24.316499710083008,24.676975615874134,24.112751874107367,24.151933517890264,18010300
2011-08-22,24.300825119018555,24.755339037464054,24.269478609968054,24.700484141309502,11770100
2011-08-23,25.09230613708496,25.115814523814965,24.340006373365114,24.394861268646853,12479500
2011-08-24,25.38225746154785,25.39009558447935,24.959089998971333,24.998271645524785,11758600
2011-08-25,24.951255798339844,25.413606447137923,24.86505437391453,25.31956988838681,15550800
2011-08-26,25.26471519470215,25.350913630491675,24.332175765487115,24.81019967636737,12478900
2011-08-29,25.90730857849121,25.93081697534355,25.51548602098488,25.54682955366504,11473900
2011-08-30,25.99350357055664,26.150233170573557,25.633027583075663,25.8681204884168,11804700
2011-08-31,26.17374038696289,26.353978352010575,25.962155909028304,26.12672061763254,10386100
2011-09-01,26.0013427734375,26.448020208927677,25.946487859561064,26.165907515066806,9625000
2011-09-02,25.429279327392578,25.821101803964517,25.374424419821967,25.593844050104412,11320900
2011-09-06,25.491962432861328,25.523308939906144,24.794519092635113,24.841538853202337,44453200
2011-09-07,26.103214263916016,26.111049398064946,25.687880409185123,25.797590223479542,10855700
2011-09-08,25.821102142333984,26.197251366048057,25.774082368356613,25.930811958912884,9130800
2011-09-09,25.053125381469727,25.570332358921988,24.93557895260128,25.5389858473923,16098500
2011-09-12,25.13933563232422,25.162844028155234,24.67698342029446,24.747511597156254,13393200
2011-09-13,25.397932052612305,25.452786958543168,25.068801122343036,25.202020820182597,11253500
2011-09-14,25.640859603881836,25.922972218886738,25.123654139495436,25.484130041171582,14000300
2011-09-15,25.87595558166504,25.891628838767737,25.468459865099273,25.828935810356946,12105200
2011-09-16,26.015411376953125,26.086319643491688,25.763293763811355,25.960260836920803,11861400
2011-09-19,25.771169662475586,25.865716016149946,25.558444874926547,25.629353137442894,11646000
2011-09-20,26.007530212402344,26.275405543825272,25.72390016043595,25.86571668915861,10829700
2011-09-21,25.30632209777832,26.06267774500964,25.29056437539035,26.0232819363006,14044800
2011-09-22,24.794218063354492,24.928155751768433,24.494828731879654,24.676038103633893,26670000
2011-09-23,24.802095413208008,24.95966968503998,24.557856644334116,24.644522644115664,17981500
2011-09-26,25.21177864074707,25.243294085362777,24.71542240996257,25.006932758962307,13336900
2011-09-27,25.59783935546875,25.90510747517365,25.479657922284392,25.613594074779883,14319000
2011-09-28,25.156633377075195,25.72389947689227,25.117239063065995,25.692384025684913,15072000
2011-09-29,25.322080612182617,25.660864140424724,24.951783140918007,25.47965483551263,12782900
2011-09-30,24.999053955078125,25.479653967394878,24.991175093906147,25.054204480542843,10356100
2011-10-03,24.203310012817383,25.15663129457067,24.18755379125745,24.80996887368408,48032100
2011-10-04,24.463300704956055,24.4869372858513,23.722705869772266,23.990581108962637,20949700
2011-10-05,24.857248306274414,24.873006035494477,24.40816354268105,24.486950686041585,16962400
2011-10-06,25.156633377075195,25.156633377075195,24.73118380221239,24.841486378698722,9795500
2011-10-07,25.132991790771484,25.32207995219566,25.054204681159963,25.196021177912876,10780900
2011-10-10,25.708133697509766,25.747526496438663,25.392985295122756,25.392985295122756,6615000
2011-10-11,25.668746948242188,25.71601711590643,25.542685153194565,25.613593410169543,5107500
2011-10-12,25.68450927734375,25.93662693118304,25.66875455377336,25.763297922593217,8411100
2011-10-13,25.66086769104004,25.747533676137166,25.456023276202163,25.621474881126456,5970000
2011-10-14,25.90510368347168,25.960254209424406,25.755406822618635,25.960254209424406,6229400
2011-10-17,25.456022262573242,25.842075992024384,25.41662644874961,25.810560543156928,6750800
2011-10-18,25.645109176635742,25.842076225619852,25.20390340767834,25.369356510249446,9932600
2011-10-19,25.59783935546875,25.90510747517365,25.48753528193996,25.80268376677912,6233500
2011-10-20,25.574201583862305,25.716018103257223,25.282691185318853,25.54268613389038,6920500
2011-10-21,26.086322784423828,26.125715602693017,25.842082502387836,25.842082502387836,6784700
2011-10-24,26.48025131225586,26.488128672032474,26.086317202892886,26.165102822573985,36228400
2011-10-25,25.944503784179688,26.409346209008856,25.87359551579968,26.37783075517794,8333400
2011-10-26,26.291160583496094,26.385706929970027,25.960257387273188,26.180859518088457,8655700
2011-10-27,26.929330825805664,27.00023907220042,26.55903187180213,26.787514333016148,16385700
2011-10-28,26.952960968017578,27.03174956373131,26.77175170609242,26.77175170609242,10215300
2011-10-31,26.440860748291016,26.83479489111459,26.432980382366306,26.75600625926248,12897900
2011-11-01,25.936613082885742,26.24388412707864,25.857827485181655,25.944493445942893,13507200
2011-11-02,26.10995101928711,26.243890172812737,25.94449942270715,26.212374724279815,6063500
2011-11-03,26.393585205078125,26.44085837995508,26.125709891732807,26.330554305242178,7748400
2011-11-04,26.149337768554688,26.28327689104735,25.96025113212468,26.204488287969934,5672500
2011-11-07,26.45661735534668,26.496010166866625,26.05480286359818,26.165103938045576,5520200
2011-11-08,26.779644012451172,26.80327909896802,26.377829508791,26.582676943533546,4987600
2011-11-09,26.007530212402344,26.401464346525536,25.905109501475145,26.32267872189247,13047000
2011-11-10,26.377822875976562,26.503881648166676,26.117827973231165,26.25964446762982,6093300
2011-11-11,26.84266471862793,26.92145032289122,26.606304900359902,26.606304900359902,7084000
2011-11-14,26.661455154418945,26.77963656509512,26.543273743742766,26.669332512574233,4100200
2011-11-15,26.724491119384766,26.803279752159256,26.488131232019356,26.645705492089306,5627500
2011-11-16,26.21236801147461,26.637817441278656,26.196610291243587,26.43297008375323,10464700
2011-11-17,25.936613082885742,26.196610965169448,25.716011004931982,26.172975886953804,10134200
2011-11-18,25.881467819213867,26.039042052098946,25.849955377019658,26.00752660442623,6194700
2011-11-21,25.385114669799805,25.582081722158946,25.290568320722745,25.519050822774243,7436600
2011-11-22,25.44814109802246,25.56632252482278,25.30632458805349,25.377232843037977,5160500
2011-11-23,25.077838897705078,25.274807404511094,25.046324958478625,25.274807404511094,6472400
2011-11-25,24.98329734802246,25.180264377897398,24.95966226619054,25.006933932593558,2497600
2011-11-28,25.652984619140625,25.700254778319856,25.408744443294985,25.408744443294985,7381200
2011-11-29,25.763288497924805,25.920862725300786,25.676622522594094,25.708137969164973,4789900
2011-11-30,26.692974090576172,26.72448653279862,26.291159646085195,26.314797734600173,13397100
2011-12-01,26.73236656188965,26.882060428372327,26.629942860886512,26.629942860886512,5970200
2011-12-02,26.401458740234375,26.913574208039513,26.338430855007537,26.88205876268695,15173400
2011-12-05,26.448734283447266,26.77964047840907,26.314798136888395,26.6772167745544,43739100
2011-12-06,26.559036254882812,26.724487855282604,26.44873518794962,26.496008361840413,5064200
2011-12-07,26.756000518798828,26.882059297237472,26.417216988217778,26.51964068491116,6479800
2011-12-08,26.259645462036133,26.6850919558648,26.20449192947858,26.62994142878556,7784600
2011-12-09,26.645706176757812,26.700856718377548,26.33843801473954,26.38571119561893,5605900
2011-12-12,26.330549240112305,26.527516255991586,26.212370833871628,26.46448837375885,5421500
2011-12-13,26.28327751159668,26.637818720121054,26.20448890665906,26.48812187347856,5022800
2011-12-14,26.267518997192383,26.393577755806973,26.19661075762931,26.251761276680824,5186800
2011-12-15,26.559036254882812,26.629944512979673,26.417219738689088,26.432977463319354,6535300
2011-12-16,26.470300674438477,26.739678295194544,26.462379136622484,26.739678295194544,5777300
2011-12-19,26.470300674438477,26.779292028942816,26.391073206941932,26.589144898017448,4601700
2011-12-20,27.02489471435547,27.064508437403873,26.73174953699727,26.771363260045675,5208900
2011-12-21,27.199201583862305,27.238815311077985,26.98528383009726,27.09620347523462,5196900
2011-12-22,27.39727783203125,27.405199369867987,27.183360042429406,27.310125804156332,3699900
2011-12-23,27.571584701538086,27.603276904261662,27.397283631228017,27.46066501434037,2240300
2011-12-27,27.63496971130371,27.698351095802078,27.516125459658827,27.516125459658827,2224100
2011-12-28,27.333890914916992,27.634960704581157,27.27843108818068,27.634960704581157,5908200
2011-12-29,27.531972885131836,27.57951119254245,27.310133495218984,27.310133495218984,4775400
2011-12-30,27.484420776367188,27.627032604651223,27.436885515161503,27.45273160967456,2711600
2012-01-03,27.84096336364746,27.936036952842365,27.753811314245922,27.80927115980419,18864300
2012-01-04,27.706270217895508,27.83303598433756,27.611193626313263,27.817189885740518,6174000
2012-01-05,27.785497665405273,27.81718986257296,27.500273935564636,27.555733769440952,5939700
2012-01-06,27.83304214477539,27.896423530857824,27.698351788055934,27.825117582555745,6762500
2012-01-09,27.880569458007812,27.904340115536034,27.65873013663828,27.88849401796191,10695300
2012-01-10,28.086559295654297,28.149940649155038,28.04694557192466,28.070713201695764,7122300
2012-01-11,28.110332489013672,28.157870780298037,27.95979910011417,28.05487266034891,3501000
2012-01-12,28.197484970092773,28.2212526049542,27.991491749181005,28.17371733523135,3404900
2012-01-13,28.070724487304688,28.09449212663138,27.848885127363275,28.015264647319334,4826800
2012-01-17,28.245018005371094,28.419318999138504,28.213325816564847,28.29255326624699,5792900
2012-01-18,28.40347671508789,28.411401274519275,28.18163740835116,28.237097235035343,6940400
2012-01-19,28.40347671508789,28.435168908145673,28.252943331564236,28.332170791874816,4447600
2012-01-20,28.40347671508789,28.490628734829855,28.30048162115091,28.44309346757706,7768900
2012-01-23,28.276718139648438,28.458943762464735,28.19749065923601,28.411408483151135,5658200
2012-01-24,28.284631729125977,28.379705273207595,28.19747972107888,28.19747972107888,4382200
2012-01-25,28.49062728881836,28.53816557599228,28.110330058428172,28.173714441326734,6827200
2012-01-26,28.363862991333008,28.601548394652262,28.26878943447208,28.601548394652262,5074500
2012-01-27,28.37970542907715,28.474778973680934,28.252939695494266,28.252939695494266,3500700
2012-01-30,28.34009552001953,28.35594161664276,28.086564018715706,28.205405209889058,5297700
2012-01-31,28.363862991333008,28.625319050617904,28.292557068103843,28.443093473995344,7538700
2012-02-01,28.64116096496582,28.77584823232393,28.451010856675822,28.451010856675822,13009200
2012-02-02,28.53024673461914,28.67285860238757,28.36386722966742,28.67285860238757,5953400
2012-02-03,28.69662857055664,28.73624230568588,28.593630441353206,28.69662857055664,8292500
2012-02-06,28.538169860839844,28.64116798734774,28.45101783243579,28.56986205704753,4095400
2012-02-07,28.64116096496582,28.67285013106962,28.411397132295992,28.506470675274272,3442200
2012-02-08,28.64116096496582,28.67285013106962,28.482703045113063,28.64908250090841,4758300
2012-02-09,28.49062728881836,28.64116368703558,28.411399832528883,28.62531759131094,6164500
2012-02-10,28.37179183959961,28.403481015120974,28.221255410952207,28.324253542816063,3648100
2012-02-13,28.585704803466797,28.657007703072534,28.498552785281355,28.50647432223738,5493800
2012-02-14,28.70454978942871,28.720395887771037,28.522324191993306,28.59363012336666,4253200
2012-02-15,28.649091720581055,28.77585749279155,28.561939685498636,28.72831919483721,5725300
2012-02-16,28.807544708251953,28.83923690140601,28.55401320768726,28.601548475084456,5059900
2012-02-17,28.71247100830078,28.80754456495615,28.65700815939012,28.79169846845794,4531300
2012-02-21,28.5064697265625,28.791693368338372,28.45893144548874,28.760001180955864,7076000
2012-02-22,28.5064697265625,28.59362173069772,28.403471628736025,28.482702097192288,4212300
2012-02-23,28.53024673461914,28.57778503132006,28.466865361352248,28.522325196336155,3551600
2012-02-24,28.672842025756836,28.712458761271144,28.554000886211664,28.609460689132593,7647200
2012-02-27,28.728313446044922,28.79169783063359,28.458935856210687,28.53024177770604,9274100
2012-02-28,28.8392391204834,28.886774391538268,28.664935067057883,28.696627262650544,4370300
2012-02-29,28.664936065673828,28.90262149623092,28.664936065673828,28.8233940268233,6353900
2012-03-01,28.815460205078125,28.85507392704993,28.66492685265197,28.6886944813684,6010100
2012-03-02,28.76792335510254,28.870918422060946,28.696617450567366,28.870918422060946,3602700
2012-03-05,28.70454978942871,28.855083190179467,28.66493605474001,28.736241986113363,3395800
2012-03-06,28.332170486450195,28.61739417622774,28.268789123351766,28.546088253783353,4316000
2012-03-07,28.458934783935547,28.490626975035784,28.300479873101747,28.395553424068765,4343200
2012-03-08,28.77584457397461,28.847150477726373,28.60946513933152,28.60946513933152,4186400
2012-03-09,28.894704818725586,28.9976999418139,28.799628212642123,28.815474313656033,4698200
2012-03-12,28.894704818725586,28.950164661106903,28.831320414669946,28.83924497634427,2426600
2012-03-13,29.306690216064453,29.32253329249366,28.981852747248247,29.045234119967983,7159400
2012-03-14,29.29875373840332,29.36213810767611,29.23537239146361,29.23537239146361,6217000
2012-03-15,29.346294403076172,29.39382966156532,29.227450212186646,29.306680680224105,3819900
2012-03-16,29.34311294555664,29.454595442380647,29.30329928691322,29.42274330043093,4000200
2012-03-19,29.33514976501465,29.38292797522931,29.2395963821726,29.2953361086294,4130800
2012-03-20,29.183860778808594,29.279414175150414,29.152008634165416,29.15997015153236,2980600
2012-03-21,29.167932510375977,29.239598311633408,29.12015429700853,29.215707686155948,3717900
2012-03-22,29.072383880615234,29.136088182190136,28.984795022332182,29.04849628631879,4888200
2012-03-23,29.159975051879883,29.191827201875828,29.03256948948432,29.13608745817703,2760400
2012-03-26,29.669586181640625,29.669586181640625,29.311260260041458,29.351073913820578,9504600
2012-03-27,29.72532844543457,29.844769404776514,29.685511754733568,29.685511754733568,5334600
2012-03-28,29.66162109375,29.852730861496205,29.518289527337025,29.749212944067565,8930400
2012-03-29,29.72532844543457,29.757177545373544,29.49440500475165,29.53421865786563,8620700
2012-03-30,29.948291778564453,29.988105437588505,29.789034104880777,29.836812318262123,7242900
2012-04-02,30.051816940307617,30.131444277481577,29.844781003514186,29.9482989719109,10149200
2012-04-03,30.035890579223633,30.258849551257313,29.90052046221163,30.08366576603761,8863100
2012-04-04,29.876623153686523,29.96421501781373,29.80495735918128,29.91643680894784,7096900
2012-04-05,29.868663787841797,29.90051593261799,29.71737065653647,29.78107494608885,3536300
2012-04-09,29.494401931762695,29.63773349810909,29.478475864659018,29.613842878660222,3188600
2012-04-10,29.159975051879883,29.550156295359667,29.144048976881912,29.4784904766629,6500200
2012-04-11,29.263486862182617,29.430706058088358,29.23959927350682,29.40681846941256,3793600
2012-04-12,29.422746658325195,29.454598803910063,29.279415040781085,29.295341113573517,4721900
2012-04-13,29.128116607666016,29.374963097081576,29.128116607666016,29.374963097081576,4560700
2012-04-16,29.13607406616211,29.271441085042873,29.04848221272782,29.271441085042873,7243300
2012-04-17,29.566068649291992,29.58995623190906,29.22366578970896,29.28736702255007,4194700
2012-04-18,29.486446380615234,29.574038257630896,29.454597274272146,29.51033700735709,4080300
2012-04-19,29.534210205078125,29.7730950929794,29.42273079322994,29.629763552721403,9542800
2012-04-20,29.693492889404297,29.844786070757657,29.582013383397747,29.629788578778427,5714600
2012-04-23,29.462566375732422,29.502380047100864,29.3749744761688,29.382939032995537,4906800
2012-04-24,29.566068649291992,29.629769882133104,29.422737078415988,29.4864383112571,2971200
2012-04-25,29.876623153686523,29.924401362552413,29.693477909414725,29.717365495054075,6216400
2012-04-26,29.868663787841797,29.908480487605893,29.637743332183714,29.741258246324755,5472700
2012-04-27,29.88458251953125,30.019952582784573,29.79699066170621,29.92439920951497,3979400
2012-04-30,29.868663787841797,29.964220222170365,29.78903646348904,29.868663787841797,4775100
2012-05-01,29.980152130126953,30.05181795102911,29.669598214492066,29.812929856296382,5532400
2012-05-02,29.924406051635742,29.948293641018225,29.836814173783097,29.86070176316558,2863300
2012-05-03,29.812929153442383,29.956260791867585,29.765153965692804,29.956260791867585,3297100
2012-05-04,29.422746658325195,29.717371411015737,29.40682058553276,29.693483820620983,4886400
2012-05-07,29.486446380615234,29.582002812407392,29.247561376310102,29.247561376310102,5690200
2012-05-08,29.494401931762695,29.5581031625907,29.191812731966227,29.319218231208946,3984500
2012-05-09,29.295351028442383,29.478496371158332,29.12813176390897,29.327203184807455,8694500
2012-05-10,29.502365112304688,29.621809103533053,29.43866387787994,29.43866387787994,3400000
2012-05-11,29.470516204833984,29.701439659793795,29.438667102925937,29.446628619006145,3514200
2012-05-14,29.374963760375977,29.494407768497336,29.167930922231243,29.303297963020626,8433800
2012-05-15,29.199796676635742,29.414794191306317,29.128133876001257,29.303314673533954,5206200
2012-05-16,29.2475643157959,29.382934422312825,29.2077506506749,29.27145190735091,6770700
2012-05-17,28.97681999206543,29.31126137927203,28.94496785279105,29.30329682565984,5766800
2012-05-18,28.722007751464844,29.064410640372085,28.634415890918287,29.056449124680153,6830700
2012-05-21,29.00070571899414,29.024596340712307,28.73793318079029,28.753859249406734,7835900
2012-05-22,28.921070098876953,29.191807112347373,28.841442816274057,29.02458799632962,5614400
2012-05-23,28.79368019104004,28.93701180728428,28.51498151366944,28.84941992651416,6769800
2012-05-24,29.072383880615234,29.072383880615234,28.793685155195774,28.87331249457611,6592400
2012-05-25,29.00070571899414,29.159963367571596,28.91311689798419,29.00070571899414,3065800
2012-05-29,29.09626007080078,29.25551770810347,29.0007036658671,29.159961303169787,9650100
2012-05-30,28.929044723510742,29.008672033841872,28.841452859594188,28.99274596425821,3818200
2012-05-31,28.78571319580078,28.992746025652437,28.626455537214103,28.929044784770078,4766300
2012-06-01,28.276090621948242,28.586644451015648,28.24424151743841,28.50701409577242,10556700
2012-06-04,28.33979606628418,28.403497315499028,28.172576869809163,28.28405633412584,5566800
2012-06-05,28.49904441833496,28.57071019873863,28.228307363208508,28.252194944147536,7621900
2012-06-06,28.944955825805664,28.944955825805664,28.562739426090303,28.610517615149444,8536400
2012-06-07,28.960893630981445,29.144038873585266,28.89719239066093,29.136077357640385,7312700
2012-06-08,29.13607406616211,29.167926201517634,28.873298505859236,28.873298505859236,5226300
2012-06-11,28.88127326965332,29.279415989602906,28.865347196344793,29.223676251816993,7851500
2012-06-12,29.152009963989258,29.152009963989258,28.777754841328854,28.937012534221868,8854000
2012-06-13,29.120159149169922,29.3829348100948,29.04053181787704,29.14404674104019,15159000
2012-06-14,29.55810546875,29.637735810481246,29.12811377374905,29.183853494167447,14048400
2012-06-15,29.669391632080078,29.741443701025805,29.59733956313435,29.62135590146306,7422700
2012-06-18,29.869550704956055,29.869550704956055,29.637382473061304,29.661398823270723,7202300
2012-06-19,30.14173698425293,30.221793493778243,29.925580743782486,29.925580743782486,6074500
2012-06-20,30.061677932739258,30.205782095507086,29.861533601557294,30.093701758678804,5874100
2012-06-21,29.64537811279297,30.133730781954196,29.60534985632865,29.997634099183472,5341100
2012-06-22,29.957603454589844,30.013646679637745,29.725438340352664,29.789482941326973,4764100
2012-06-25,29.58934211730957,29.717434388442314,29.52529750872352,29.52529750872352,8618200
2012-06-26,29.677396774291992,29.773465183878,29.573320882430675,29.6453729531101,6401600
2012-06-27,29.997629165649414,30.10170200454835,29.71742530856225,29.765461040795405,8066400
2012-06-28,29.86151885986328,29.949582810742562,29.55729877154176,29.901547095546967,12607300
2012-06-29,30.429941177368164,30.44595308950035,30.117716525690444,30.117716525690444,9551200
2012-07-02,30.52602195739746,30.5420338744116,30.30185817316036,30.53402638892408,6582600
2012-07-03,30.51799774169922,30.598057282880653,30.397913010865913,30.517997741699222,3697200
2012-07-05,30.32586669921875,30.469970846701845,30.293842876675885,30.445951452814793,3692500
2012-07-06,30.125717163085938,30.245801895849795,29.997624949095588,30.205773651595177,5904300
2012-07-09,30.285831451416016,30.333864120174045,29.989615742265677,29.989615742265677,6279600
2012-07-10,30.14173698425293,30.461966076314265,30.045665508070456,30.461966076314265,5669500
2012-07-11,30.117717742919922,30.173757910667494,29.957601669086813,30.117717742919922,6572000
2012-07-12,30.189777374267578,30.28584887497212,29.933592813643852,30.08570449611228,3999600
2012-07-13,30.52602195739746,30.574054654478985,30.18177337649564,30.197785293509785,5157800
2012-07-16,30.582056045532227,30.61407987317876,30.421939961259852,30.493992046484404,3850600
2012-07-17,30.974327087402344,31.03837472169118,30.51799838195192,30.654098077836046,6453900
2012-07-18,31.022371292114258,31.094423373402734,30.774191222351696,30.86225521658874,5748700
2012-07-19,31.022371292114258,31.094423373402734,30.838238874145954,31.086418943908516,4801800
2012-07-20,30.622085571289062,30.982346012331604,30.574049827829917,30.910293924123096,4197500
2012-07-23,30.261821746826172,30.34188131030703,30.093701244456494,30.317861914282734,4674000
2012-07-24,29.92557144165039,30.269819822730444,29.765455418410507,30.23779600729064,4431100
2012-07-25,30.069690704345703,30.117723397742054,29.789486759037406,29.973619209631657,5069100
2012-07-26,30.357887268066406,30.501991414601385,30.237802515260444,30.381906661795426,8521200
2012-07-27,31.08639907836914,31.14243921089701,30.52599469913227,30.54200660184854,6373100
2012-07-30,30.926298141479492,31.078406710301763,30.87826240997578,31.014362122256472,5215400
2012-07-31,30.734169006347656,31.030381819202784,30.726164575280535,30.90228954440375,5167100
2012-08-01,30.750165939331055,30.982334028642427,30.694125787284758,30.91028196830301,6243900
2012-08-02,30.453954696655273,30.662103406292832,30.245802933058332,30.51799927886707,5332100
2012-08-03,30.814220428466797,30.998352833867074,30.742168352096265,30.79020103370334,4462600
2012-08-06,30.82222557067871,30.92630147316902,30.79020174622631,30.918293990075924,3532300
2012-08-07,30.750165939331055,30.846234335130532,30.718142122744815,30.766177847624174,4235700
2012-08-08,30.86225700378418,30.910292745411564,30.72616031678038,30.8142243161171,3203500
2012-08-09,30.846261978149414,30.95033794834323,30.78221734154228,30.838257543809263,3110300
2012-08-10,30.974327087402344,30.998346477240304,30.774182811188673,30.83022296421176,3949100
2012-08-13,30.8942813873291,30.926305215656807,30.750177213814794,30.870265043063505,2251000
2012-08-14,30.974327087402344,31.03837472169118,30.910282507072804,31.03036724042543,2448700
2012-08-15,31.046382904052734,31.126442456596966,30.926298156175875,30.982338315977007,2294600
2012-08-16,30.966312408447266,31.046368870845676,30.85423213950618,31.046368870845676,4592800
2012-08-17,30.806222915649414,30.99836286614143,30.71015446738386,30.99836286614143,6007800
2012-08-20,30.870254516601562,30.910282761381765,30.766178637005588,30.806206881785787,4566500
2012-08-21,30.766183853149414,31.022368327927772,30.75817637046018,30.878264179119967,5663500
2012-08-22,30.79021644592285,30.854264125404946,30.702152413615696,30.734176253356743,2509800
2012-08-23,30.750165939331055,30.830222426837413,30.686121360117816,30.766177847624174,2565300
2012-08-24,31.014354705810547,31.094411185213215,30.750162826655675,30.782186640000315,5991200
2012-08-27,31.046382904052734,31.174475134163846,30.942310066684723,31.03837847577814,3611000
2012-08-28,30.998355865478516,31.102428721778697,30.90228438494882,30.942315695482968,3558900
2012-08-29,31.10243034362793,31.21451374342388,30.97433808353579,30.982345567644263,2849200
2012-08-30,30.998355865478516,31.07040794889568,30.862256128374888,30.95032012521367,3808000
2012-08-31,31.09442710876465,31.262547633980642,30.9583273593323,31.11043902363672,4666300
2012-09-04,31.1584415435791,31.238501040417855,30.918269160977918,31.062373201330136,6334400
2012-09-05,31.16646957397461,31.28655737144974,31.07840559635412,31.21450530375657,2779800
2012-09-06,31.662822723388672,31.670830204360346,31.30256242864282,31.30256242864282,5035600
2012-09-07,31.64682388305664,31.74289537063163,31.558759879759787,31.7268834560358,3980900
2012-09-10,31.53473663330078,31.678840779164865,31.53473663330078,31.654824439507443,2781300
2012-09-11,31.550737380981445,31.638801333845876,31.51871357012916,31.542732955247722,2392000
2012-09-12,31.566757202148438,31.654821177095965,31.510717046083553,31.55874972044805,2864200
2012-09-13,31.886995315551758,31.95103991147376,31.4546828407281,31.574767603316868,6849400
2012-09-14,31.758893966674805,31.935021916343306,31.66282556410992,31.886989242040592,11318700
2012-09-17,31.943044662475586,31.943044662475586,31.67885261172487,31.67885261172487,2602500
2012-09-18,32.04710388183594,32.08713518443293,31.870978977039524,31.89499531543003,3210600
2012-09-19,32.07913589477539,32.19121624116726,32.015091291391634,32.04711206610332,4891100
2012-09-20,32.21522903442383,32.21522903442383,31.967048994041274,32.05511297785314,4835600
2012-09-21,32.335105895996094,32.43969903975662,32.246607310347024,32.29487870813057,8167400
2012-09-24,32.423606872558594,32.487972827107214,32.25465084557493,32.294878032598994,6990000
2012-09-25,32.39946365356445,32.72933142121268,32.391416376545,32.5201451866239,4965300
2012-09-26,32.23051834106445,32.54429472773848,32.214426850832716,32.471884556264634,6669000
2012-09-27,32.41556167602539,32.50406332626679,32.254649863689906,32.27878556134208,3146100
2012-09-28,32.27878189086914,32.36728353104687,32.14200886087606,32.35923932245671,4719600
2012-10-01,32.47187805175781,32.67301703565707,32.3592407118362,32.37533219884462,5344500
2012-10-02,32.61669921875,32.70520086504231,32.455787413594656,32.58451624389145,6266600
2012-10-03,32.89025115966797,32.91438685829267,32.62474619824553,32.65692917583692,5786000
2012-10-04,33.091392517089844,33.204029877525045,32.9143891968986,32.938524897238175,6372200
2012-10-05,33.123558044433594,33.26033411495335,33.04310369881249,33.20401545919126,4033500
2012-10-08,33.09943771362305,33.139664905100126,32.93852587857676,33.10748499340125,3126100
2012-10-09,32.69716262817383,32.97875913234705,32.67302692492462,32.922437376201806,6128200
2012-10-10,32.45577621459961,32.713233786356426,32.35118311696829,32.713233786356426,6180400
2012-10-11,32.47993469238281,32.697165246435446,32.471890480368344,32.60061935656933,3791900
2012-10-12,32.43165588378906,32.68911357746041,32.415564394292375,32.61670340929423,3508400
2012-10-15,32.898292541503906,32.92242823805387,32.50406184188,32.512106051017525,12298100
2012-10-16,33.25230407714844,33.25230407714844,32.99484330935414,33.0028905888272,5658200
2012-10-17,33.25230407714844,33.30862275690842,33.12357215868236,33.30862275690842,5398000
2012-10-18,33.260337829589844,33.276429314338536,32.99483293494182,33.05115466613068,4289300
2012-10-19,32.66497039794922,33.2522989432899,32.60865172688434,33.179888784901145,6218500
2012-10-22,32.689109802246094,32.72933698677313,32.49601501972389,32.66497103621991,4485800
2012-10-23,32.25465774536133,32.43970530056678,32.06156290954704,32.43970530056678,5915600
2012-10-24,32.310977935791016,32.487981287758004,32.27075073829082,32.44775409025781,5884400
2012-10-25,32.56843948364258,32.64889695717116,32.415574887646464,32.51212078674197,4746300
2012-10-26,32.439701080322266,32.60061291104396,32.29488073958653,32.52820274067609,3641200
2012-10-31,32.20638656616211,32.64889497079994,32.061566191760384,32.60062048961983,8629900
2012-11-01,32.47187805175781,32.568423904671,32.17419321494536,32.17419321494536,4900600
2012-11-02,32.29487228393555,32.62474006943486,32.25464510407214,32.52014694648032,7033000
2012-11-05,32.310977935791016,32.38338811894675,32.10179466730693,32.25465924546305,4693900
2012-11-06,32.34316635131836,32.54430544172564,32.14202726091108,32.28684765153544,7549200
2012-11-07,31.804101943969727,32.1581085954804,31.50641704358501,32.15006131568899,11973000
2012-11-08,31.425960540771484,31.820191288095856,31.41791326152287,31.788008309376952,8889000
2012-11-09,31.514461517333984,31.72364782572539,31.29723406736,31.361596960538733,7340700
2012-11-12,31.675365447998047,31.812141549213592,31.61100257088392,31.74777560296222,3573800
2012-11-13,31.554685592651367,31.900644899440056,31.530546826945535,31.546638314370288,5221700
2012-11-14,31.17655372619629,31.683425007426113,31.096099331332447,31.57883183879237,6858800
2012-11-15,31.08804702758789,31.216775880054875,30.959318175120902,31.152412988390353,8624600
2012-11-16,31.32135581970215,31.40985744390449,31.039762532818916,31.104125397333664,9847100
2012-11-19,31.651227951049805,31.667319436696676,31.514451857619925,31.61904497975606,7423800
2012-11-20,31.8282413482666,31.836285559080284,31.570783634296113,31.64319380817144,4895700
2012-11-21,31.804101943969727,31.916739307945676,31.747783261981752,31.747783261981752,5205700
2012-11-23,32.198341369628906,32.206385581677054,31.900656417631044,31.989155026714776,2853400
2012-11-26,32.05350875854492,32.06960024563447,31.892596956786836,32.04546454956882,4703900
2012-11-27,31.86042022705078,32.093742231872795,31.84433180594535,31.91673890833362,5396700
2012-11-28,32.10984802246094,32.13398373400604,31.611023879313294,31.763888500997762,7531100
2012-11-29,32.335105895996094,32.39947185189109,32.19028556437004,32.31097019710432,8403400
2012-11-30,32.37533187866211,32.43969475692193,32.23855577501188,32.36728460066882,4229000
2012-12-03,32.30291748046875,32.58451079050975,32.2546430262602,32.45578198175717,9937000
2012-12-04,32.37533187866211,32.47992193947648,32.29487444441571,32.302921722408996,4080400
2012-12-05,32.47993469238281,32.61671084973677,32.24661571430125,32.43970749403348,6294400
2012-12-06,32.463829040527344,32.536239193630784,32.3914188874239,32.463829040527344,2943900
2012-12-07,32.56843948364258,32.59257519113175,32.3109817066287,32.58453097834829,4619000
2012-12-10,32.7052001953125,32.761518865592976,32.43969526187253,32.487969723171794,5240900
2012-12-11,33.05116653442383,33.13162091792062,32.7534785633821,32.85807171723833,3891200
2012-12-12,33.00288009643555,33.228154743855356,32.946561434580595,33.107473212367694,6757600
2012-12-13,32.72128677368164,33.02701887311405,32.65692389803844,32.97070020599981,5929200
2012-12-14,32.59257125854492,32.72934741247084,32.552344061203804,32.62475424407319,5246300
2012-12-17,32.85002136230469,32.858065571494585,32.61669939701113,32.69715376545981,5549100
2012-12-18,33.107486724853516,33.15575812949531,32.777618826869315,32.97071058371277,8472500
2012-12-19,32.753475189208984,33.123570225788846,32.72933949047394,33.123570225788846,6996900
2012-12-20,32.80175018310547,32.80979439310057,32.63279415096883,32.69715703834281,4718700
2012-12-21,32.52591323852539,32.65533729407363,32.40457992216241,32.50973484586775,5572500
2012-12-24,32.396480560302734,32.50163854173202,32.33177009260845,32.396480560302734,3332700
2012-12-26,32.28324508666992,32.4531135892489,32.16190867870606,32.436935195806186,4404200
2012-12-27,32.23470687866211,32.39648771218081,31.94350508118375,32.31559883827783,5483700
2012-12-28,31.919235229492188,32.22661849766366,31.894969185011934,32.12955123402997,5801000
2012-12-31,32.25897979736328,32.31560263288676,31.74128353788398,31.862616862985817,11873100
2013-01-02,32.898014068603516,32.92228320565176,32.663435039036536,32.90610480952411,9533500
2013-01-03,32.93844985961914,32.946537511943035,32.768578303692806,32.922271469258895,5279600
2013-01-04,33.08406066894531,33.14877116106815,33.003168696650235,33.04361313994116,4645900
2013-01-07,33.18921661376953,33.22966414400385,32.98699130545124,33.019348095353365,4133100
2013-01-08,33.19731521606445,33.32673932061052,33.17304607503365,33.18113681728194,5787300
2013-01-09,33.56131362915039,33.56131362915039,33.27819634520847,33.29437474020915,5665200
2013-01-10,33.79587936401367,33.83632687848026,33.5289436656645,33.690724466394485,5518800
2013-01-11,33.78779983520508,33.87677945128306,33.69073256571676,33.82824427368247,3854100
2013-01-14,33.82014846801758,33.876771285379725,33.682633707486566,33.77161330211626,4643600
2013-01-15,33.77970886230469,33.81206564714782,33.66646320106658,33.69073233255534,5747600
2013-01-16,33.706905364990234,33.81206336577876,33.65837327671294,33.74735288617149,3812000
2013-01-17,34.006202697753906,34.10326996493563,33.803977424459525,33.8929570384231,4360900
2013-01-18,34.119449615478516,34.12753726899495,33.90104594197988,34.02238234471675,6024400
2013-01-22,34.216514587402344,34.22460532608811,33.949578839313375,34.062824495212496,7608900
2013-01-23,34.176063537597656,34.321665948638476,34.087083943549146,34.25695239452607,5544800
2013-01-24,34.394474029541016,34.50771968616319,34.256959242419285,34.3297604624925,8999800
2013-01-25,34.661399841308594,34.6775782284321,34.386373431632705,34.42682094229738,4046200
2013-01-28,34.54005813598633,34.7503709458355,34.52387975281161,34.71801417948607,5686600
2013-01-29,34.91216278076172,34.96878559700237,34.56433514630508,34.58051353461842,7230200
2013-01-30,34.8070182800293,35.017334323844175,34.766573836438205,34.94453309109491,5346400
2013-01-31,34.70994186401367,34.83127824856936,34.69376347369209,34.74229864465685,6007300
2013-02-01,34.9849739074707,35.0496874790776,34.74230418537072,34.85554984996985,5623600
2013-02-04,34.59669494628906,34.84745535849133,34.572428904554506,34.823186231044446,7593400
2013-02-05,34.97687911987305,35.04158959256844,34.76656314076034,34.76656314076034,8056200
2013-02-06,34.96879577636719,35.04159700211351,34.863637764575174,35.01733095543572,3968900
2013-02-07,34.83936309814453,35.009231554287105,34.65331625298188,35.00114390263316,6529300
2013-02-08,35.09821319580078,35.09821319580078,34.85554351778644,34.928344729761974,4192600
2013-02-11,35.025413513183594,35.09821472833795,34.952612298029244,35.09821472833795,2447900
2013-02-12,34.9849739074707,35.090131918475436,34.96070786097459,34.9930615610651,5133300
2013-02-13,34.96070098876953,35.04968058938187,34.855542998435645,35.033502199660326,4843300
2013-02-14,35.033504486083984,35.0982149634811,34.855545273244985,34.9202557506421,5172500
2013-02-15,35.114383697509766,35.14674047016621,34.97687204228741,35.049673237908564,8230000
2013-02-19,35.332794189453125,35.34088184134197,35.025410960568465,35.025410960568465,7245100
2013-02-20,35.10631561279297,35.38134216222824,35.09013721744814,35.30854092603322,6739600
2013-02-21,34.94453811645508,35.04969615348525,34.81511402692321,35.04160541217556,7447200
2013-02-22,35.09821319580078,35.130569975726,34.92025399192449,35.05776876375045,6168100
2013-02-25,34.70994186401367,35.37324043863658,34.68567582138751,35.27617318241949,6078700
2013-02-26,34.79891586303711,34.88789545261812,34.54815548200989,34.85553867718649,6548800
2013-02-27,35.179100036621094,35.29234566420052,34.685670014414804,34.83936006817089,6849900
2013-02-28,35.14674377441406,35.421770196426486,35.13056538656487,35.18718820118107,4358800
2013-03-01,35.413692474365234,35.42178321411921,34.96070979096204,35.07395546181284,7491500
2013-03-04,35.60783386230469,35.615921517196874,35.27618446888343,35.3489857057668,4903500
2013-03-05,35.91520309448242,35.97991356533585,35.7048871213563,35.73724389963912,6582600
2013-03-06,35.98801803588867,36.0769945815518,35.91521679982728,36.02037174080554,5068400
2013-03-07,35.963748931884766,36.125529799465845,35.92330448641785,36.06890695866947,4437200
2013-03-08,36.02845764160156,36.13361256845431,35.86667679589574,36.08508047474165,4029300
2013-03-11,36.21450424194336,36.21450424194336,35.93947773217659,36.05272339754298,6748700
2013-03-12,36.37628936767578,36.400555417192315,36.25495294866648,36.263043688980865,4612400
2013-03-13,36.384376525878906,36.41673331526838,36.222595664644814,36.368198131184165,4098300
2013-03-14,36.4167366027832,36.481447101690605,36.30349091541009,36.44909339509368,3777700
2013-03-15,36.33872985839844,36.428094546633005,36.20062304862991,36.32248145153154,5778400
2013-03-18,36.103145599365234,36.298123452865234,35.95691298400719,36.07877452982817,4042100
2013-03-19,36.12752151489258,36.24125731032227,35.924420994748715,36.160015242823924,7023300
2013-03-20,36.428104400634766,36.50934335787811,36.25750073098322,36.25750073098322,4387000
2013-03-21,36.225006103515625,36.42810660799843,36.151889797939106,36.36311295901141,4420000
2013-03-22,36.501220703125,36.501220703125,36.30624286703921,36.34686544472994,6881400
2013-03-25,36.395606994628906,36.63932696151926,36.2331259836795,36.5905848275817,6813400
2013-03-26,36.81805419921875,36.8424252647417,36.46059847559033,36.46059847559033,4855800
2013-03-27,37.00489807128906,37.02927223048167,36.614945613940414,36.72868135995044,5264700
2013-03-28,37.32987594604492,37.40299225671843,37.013039632815705,37.11052701402439,7415700
2013-04-01,37.42734909057617,37.45984590497387,37.23237440232359,37.35423280771475,6364600
2013-04-02,37.971675872802734,38.0122953583691,37.68733327570196,37.69545903225609,8849300
2013-04-03,37.744197845458984,38.07728255622693,37.67108153826271,38.036663074244075,8472800
2013-04-04,37.914791107177734,38.12601731393507,37.760435878445044,37.80105534926239,9794600
2013-04-05,37.70357894897461,37.71170160587019,37.48423002397953,37.589843158029275,9969300
2013-04-08,37.73606491088867,37.73606491088867,37.386731882658424,37.71169074908325,7700600
2013-04-09,37.85792541503906,38.03665481583983,37.760438059632804,37.84980276003319,5937500
2013-04-10,38.491607666015625,38.532227146242484,38.00416460609029,38.03666142989886,9062100
2013-04-11,38.865318298339844,39.00342517386495,38.58910144822143,38.597224105988936,7660400
2013-04-12,38.93842315673828,38.98716838620449,38.71907427274131,38.767819502207516,5624200
2013-04-15,38.231632232666016,38.995288857120464,38.19913541484231,38.92217256655068,10745300
2013-04-16,38.7840690612793,38.79219171689738,38.3616196905894,38.53222335017549,8771800
2013-04-17,38.60533905029297,38.71907482159238,38.29662545743219,38.54847116464327,16487600
2013-04-18,38.13413619995117,38.597204939454485,37.99602939300691,38.56471122545191,10353400
2013-04-19,38.67033767700195,38.702834503901485,38.18289766978088,38.18289766978088,12796700
2013-04-22,38.90592575073242,38.96279363471894,38.62158633079983,38.83280945716872,4716400
2013-04-23,39.14963912963867,39.30399744519758,38.73531560165085,39.027780726850125,10824200
2013-04-24,38.475345611572266,39.10089530227584,38.44284879928639,39.09276954967107,12635900
2013-04-25,38.62971496582031,38.73532809488698,38.426614463267036,38.68658285860982,10833800
2013-04-26,38.62158966064453,38.710954371490196,38.40224076104178,38.49972812784272,6174900
2013-04-29,38.74345397949219,38.88156394425092,38.654092354140055,38.654092354140055,3950000
2013-04-30,38.45100021362305,38.63785236036984,38.25602230884846,38.63785236036984,8217900
2013-05-01,38.044769287109375,38.41034753623138,38.020395131186,38.126008209343986,9250700
2013-05-02,38.46723556518555,38.548477629071485,38.24788974036316,38.33725136203591,9803300
2013-05-03,38.72719192504883,38.92216971865765,38.66220139322382,38.81655661799175,6232600
2013-05-06,38.475345611572266,38.75968497140725,38.4672198589675,38.73531391172614,10919000
2013-05-07,38.59720993041992,38.63783250154267,38.44285469698152,38.491599922888575,9847400
2013-05-08,38.71095657348633,38.82469235773498,38.56472396543301,38.56472396543301,20766200
2013-05-09,38.75969696044922,38.92217797307021,38.62971277016594,38.66220959250364,7140300
2013-05-10,39.141517639160156,39.18213710796368,38.759687814460015,38.808433036464336,6045100
2013-05-13,39.466487884521484,39.47461054036304,39.05216115805041,39.10090639030214,9155900
2013-05-14,39.864559173583984,39.89705599188345,39.482729306233225,39.482729306233225,6580500
2013-05-15,40.07579040527344,40.303261963682544,39.823944680557965,39.84831574779678,11796400
2013-05-16,39.66146469116211,40.059543027716906,39.628967867960164,39.99454938131301,7954100
2013-05-17,39.88892364501953,39.92142045794799,39.56396481293491,39.710197372046316,9246700
2013-05-20,39.612728118896484,39.945812881886575,39.58023438765642,39.91331915064651,8967600
2013-05-21,40.04328155517578,40.10014942769675,39.63708069484508,39.71831962728457,8319100
2013-05-22,40.04328155517578,40.94504796096058,39.856429531311655,40.26263039164235,20132000
2013-05-23,40.02704620361328,40.15703039735052,39.58834838759976,39.7102099250705,6668500
2013-05-24,39.90517807006836,39.97017170572776,39.596467597887596,39.872684351305786,5906800
2013-05-28,40.3113899230957,40.66884881798585,40.14890888897,40.230150955566835,9923800
2013-05-29,39.67770767211914,40.09203126449926,39.466484548351616,40.09203126449926,15882100
2013-05-30,39.962039947509766,40.100149853001646,39.68582323559266,39.72644580130987,9719600
2013-05-31,39.08464813232422,39.970166151189325,39.076522379462446,39.78331412323553,13329700
2013-06-03,39.29587936401367,39.35274724956405,38.946546296165735,39.304005118559346,12698200
2013-06-04,39.05215072631836,39.46647734211322,38.8328018883799,39.29587062433888,13141400
2013-06-05,38.48347854614258,39.24713834354295,38.4103622484993,38.995292629645554,12852100
2013-06-06,39.04404067993164,39.04404067993164,38.31287765071156,38.47535866821243,16861800
2013-06-07,39.40150451660156,39.612727713306704,39.23090080783184,39.23902346579161,7663500
2013-06-10,39.4583625793457,39.620843589635925,39.32837839092703,39.58022411183024,5663700
2013-06-11,39.29587936401367,39.53959931623919,38.98716887075943,39.14964677286489,9941700
2013-06-12,38.89779281616211,39.65332661697034,38.89779281616211,39.474597257920436,8582800
2013-06-13,39.49897766113281,39.547722888515054,38.60533685259516,38.80031156398981,6904900
2013-06-14,39.433990478515625,39.67771043802686,39.35274842596693,39.39337100177499,7314000
2013-06-17,39.52335739135742,39.83206791105974,39.32837955343231,39.60459634937011,8437400
2013-06-18,39.85642623901367,39.88891994986539,39.507093280060225,39.507093280060225,7399700
2013-06-19,39.22275924682617,39.9133026597616,39.21463659213925,39.85643477975206,22305700
2013-06-20,38.215389251708984,39.003417051925844,38.10165347223857,39.003417051925844,28952100
2013-06-21,38.59242248535156,38.83724585345859,38.26598925247684,38.55161910951673,15980600
2013-06-24,38.265995025634766,38.59242830775819,37.90692090577779,38.257835594476,19003300
2013-06-25,38.46185302734375,38.616907113706205,38.20070766447105,38.592425708780105,5688300
2013-06-26,39.01677703857422,39.16367165418162,38.68218443926791,38.71482526588266,7600000
2013-06-27,39.1555061340332,39.38400746844088,39.098380800431286,39.269756801237044,5338200
2013-06-28,38.85355758666992,39.30240082875781,38.8127542215887,39.12286228668378,8770700
2013-07-01,38.95965576171875,39.3840145698219,38.502649897402904,38.967815190948606,25892000
2013-07-02,38.87804412841797,39.106545493591625,38.76379344583113,38.93516946971138,5127400
2013-07-03,38.8209114074707,38.95148403604842,38.54344418260593,38.73114214161783,3926100
2013-07-05,39.351375579833984,39.359535009445366,38.96781701304307,39.08206770618983,4384400
2013-07-08,39.57172393798828,39.68597464961725,39.465632657290634,39.55540196302723,6630200
2013-07-09,39.68595504760742,39.783883735905604,39.51457595171451,39.72675840830692,5581000
2013-07-10,39.94711685180664,40.07768952803185,39.637005578359975,39.637005578359975,5040000
2013-07-11,40.46123123168945,40.510194019142965,40.27353016946146,40.35514000371207,7471900
2013-07-12,40.70606231689453,40.71422174533638,40.363307173484905,40.46939842181377,5578200
2013-07-15,40.74687576293945,40.80400111545323,40.56733716184003,40.80400111545323,4266200
2013-07-16,40.51020050048828,40.844793091706116,40.4122717968165,40.78766775513946,7064100
2013-07-17,40.61629104614258,40.82031099125294,40.55916571055946,40.61629104614258,4668600
2013-07-18,40.73054885864258,40.87744349392503,40.68158294251581,40.70606745712812,6544700
2013-07-19,41.26915740966797,41.29363880876569,40.57549078838715,40.657097527444584,6559600
2013-07-22,41.47317886352539,41.55478560552083,41.195711582404186,41.25283692442052,6172800
2013-07-23,41.32628631591797,41.55478769547556,41.2446795698182,41.538468836733855,5310900
2013-07-24,41.261009216308594,41.50583261324346,41.13859596129196,41.44870725772861,3790100
2013-07-25,41.46501922607422,41.473178654993674,40.96721000835118,41.24467728807725,3869100
2013-07-26,41.734317779541016,41.74248032034858,41.17938330231974,41.39156577995579,4832700
2013-07-29,41.611907958984375,41.791443387668174,41.48949475084329,41.68535526124958,6497400
2013-07-30,41.62006378173828,42.01178165552419,41.45684722271992,41.930174932563474,5698800
2013-07-31,41.636390686035156,41.97914269882871,41.603746747741305,41.70167544952557,6477200
2013-08-01,41.89754104614258,42.02811370205223,41.783290361358844,41.89754104614258,8762400
2013-08-02,41.91386413574219,41.91386413574219,41.726166132431935,41.73432556166379,3817700
2013-08-05,41.856727600097656,41.99545965162907,41.77511776411129,41.881208994345094,3479800
2013-08-06,41.66086196899414,41.92200718575085,41.51396739543142,41.7914345773725,4280200
2013-08-07,41.69350814819336,41.76695543893626,41.41604095128648,41.57925749883701,3955200
2013-08-08,41.69350814819336,41.889368627873324,41.54661356670756,41.840402729679155,3629500
2013-08-09,41.54663848876953,41.807783876261695,41.39974381916787,41.5874418718592,3902400
2013-08-12,41.37523651123047,41.51396854950945,41.25282332549297,41.51396854950945,3841800
2013-08-13,41.53030014038086,41.62822884380925,41.16306361115274,41.53846268164001,4430100
2013-08-14,41.203880310058594,41.63640171114104,41.17939579330618,41.40790030877267,5878500
2013-08-15,40.51020050048828,40.95088433665734,40.5020410723062,40.82847112224459,6461300
2013-08-16,40.3224983215332,40.49387431338348,40.26537299091645,40.41226758767298,10277800
2013-08-19,40.39595031738281,40.59997026848071,40.208252335944444,40.2980216125231,8096300
2013-08-20,40.51020050048828,40.67341708200616,40.37962785789345,40.42043122499858,5029400
2013-08-21,40.26538848876953,40.64078455248029,40.17561918807821,40.436764546581195,6178400
2013-08-22,40.526527404785156,40.59181529058123,40.322507431319046,40.41227671773977,2768500
2013-08-23,40.63259506225586,40.68155783506641,40.37960932138296,40.53466329044291,2366700
2013-08-26,40.68975067138672,40.94273348754215,40.63262531850657,40.706072645509366,3936700
2013-08-27,40.02872085571289,40.40411688492072,39.94711410609308,40.35515408038801,6653400
2013-08-28,40.200103759765625,40.34699842463395,39.84102964180887,40.03689023266614,6008600
2013-08-29,40.3224983215332,40.583643579523255,39.99606519249713,40.126637821492146,4042600
2013-08-30,40.16745376586914,40.3796331705904,40.04504053535064,40.3796331705904,4127300
2013-09-03,40.4285888671875,40.697893547925204,40.24089091077104,40.57548346144333,6062900
2013-09-04,40.893775939941406,40.93457932394894,40.39596656099298,40.39596656099298,4049700
2013-09-05,40.95088577270508,40.999851682806764,40.803991155497485,40.97536717120718,4288000
2013-09-06,40.96720886230469,41.212032193308794,40.47755908719893,41.06513757208682,5636300
2013-09-09,41.220191955566406,41.228354497421215,40.9182432819878,41.04065650502923,4286700
2013-09-10,41.48134231567383,41.52214568756676,41.26100037173471,41.407895001027455,6500100
2013-09-11,41.7588005065918,41.791444444668016,41.46501440319765,41.57926507336714,6753900
2013-09-12,41.69350814819336,41.864884122227885,41.66086421606391,41.701667574677366,3098400
2013-09-13,41.79144287109375,41.84856820402755,41.64454826837906,41.77512090267021,3668600
2013-09-16,42.16684341430664,42.305578604521656,42.04443330739663,42.15868398575164,6845800
2013-09-17,42.19132614135742,42.19948556956726,42.01995013107458,42.19948556956726,3654000
2013-09-18,42.45247268676758,42.53407942367622,41.922019557569016,42.191327392942966,6868600
2013-09-19,42.31373596191406,42.59120321566519,42.23212922796852,42.59120321566519,6104100
2013-09-20,42.234256744384766,42.51286856981065,42.21786744571982,42.439118288787945,8986300
2013-09-23,41.939247131347656,42.18508030968442,41.791746599157904,42.18508030968442,4773800
2013-09-24,41.7261962890625,41.98842193186752,41.709810116954976,41.97203263382102,5956800
2013-09-25,41.398433685302734,41.80815689700295,41.398433685302734,41.791767593422136,5207500
2013-09-26,41.54590606689453,41.693406572975626,41.38201626836688,41.38201626836688,4319300
2013-09-27,41.54590606689453,41.61965631993508,41.27548743043323,41.316459098580665,3937100
2013-09-30,41.45577621459961,41.57869437372055,41.193553726017655,41.25091470002379,8585300
2013-10-01,41.9802131652832,42.004795542031864,41.43118591164279,41.488546874681695,11685100
2013-10-02,41.881893157958984,41.89828245604478,41.61147442845179,41.70161400495419,6404800
2013-10-03,41.51313018798828,41.849102890197905,41.34104729498928,41.832713596683035,7228300
2013-10-04,41.97203063964844,42.00480610824523,41.48855731103386,41.57869688303741,4503400
2013-10-07,41.50495147705078,41.7753670988438,41.50495147705078,41.685227516266394,3971800
2013-10-08,40.906742095947266,41.75077358665526,40.8821597166824,41.5950768488088,7360000
2013-10-09,40.8329963684082,41.07882954736234,40.62813486495668,40.98868998569351,11388100
2013-10-10,41.78355407714844,41.808136457531624,41.185355729690535,41.185355729690535,7330100
2013-10-11,41.9802131652832,42.03757412832211,41.74257310358599,41.75076931312758,4694600
2013-10-14,42.28340530395508,42.28340530395508,41.66882090636307,41.77534974387496,8858200
2013-10-15,42.013004302978516,42.36536639602189,41.988421918885855,42.2342551376294,8043100
2013-10-16,42.8734245300293,42.8898138289876,42.217868201392896,42.217868201392896,7239000
2013-10-17,43.23398208618164,43.27495689878071,42.643982921214835,42.643982921214835,6823400
2013-10-18,43.061885833740234,43.30771900375101,42.84063504294903,43.28313662453144,7646000
2013-10-21,42.84064865112305,43.11106741218927,42.7259266770729,43.102871199220345,4103300
2013-10-22,43.242156982421875,43.34048960711907,42.91437739884753,42.963545274165014,5053300
2013-10-23,43.160221099853516,43.26674995951045,42.95535959140324,43.13563871913981,5140800
2013-10-24,43.160221099853516,43.40605741074468,43.127445634214766,43.32411093180144,3725600
2013-10-25,43.21760177612305,43.2339879522588,42.99635088701347,43.21760177612305,3855900
2013-10-28,43.365081787109375,43.455221349270715,43.15202719776862,43.22577746445167,8983400
2013-10-29,43.651893615722656,43.66008670121454,43.36508560848653,43.49619998386677,7262900
2013-10-30,43.414249420166016,43.84036172229911,43.283138183043405,43.80758313153384,8240300
2013-10-31,43.242156982421875,43.57812964891358,43.18479602418703,43.406046774209045,5904000
2013-11-01,43.52895736694336,43.57812523728334,43.217570232602554,43.3404852195463,10779200
2013-11-04,43.56174850463867,43.692859737403026,43.42244418742458,43.56994158908841,3156100
2013-11-05,43.414249420166016,43.51258206652336,43.21758412745134,43.43063871554865,4248100
2013-11-06,43.31591796875,43.676473099299066,43.26675008124572,43.57814045022906,4731100
2013-11-07,42.9307746887207,43.610916357271186,42.9061923094511,43.48799820904644,6050900
2013-11-08,43.56174850463867,43.59452709431435,42.9307747201045,42.9307747201045,6663800
2013-11-11,43.66828536987305,43.742035647205,43.5125886033173,43.5125886033173,5095700
2013-11-12,43.643699645996094,43.676478241524784,43.4470343247018,43.59453487864198,3064100
2013-11-13,43.88954162597656,43.88954162597656,43.35690032098144,43.463429207168325,5214800
2013-11-14,44.2582893371582,44.307457236107794,43.98787370778367,44.00426300743353,6201800
2013-11-15,44.51232147216797,44.51232147216797,44.18454171131911,44.27468130184952,4004400
2013-11-18,44.31565856933594,44.67621382547528,44.217322760074595,44.55329562686842,3796600
2013-11-19,44.36482238769531,44.43037959245047,44.06982121817622,44.18454320055818,4515100
2013-11-20,44.49592208862305,44.700783611246486,44.31564607435278,44.40578251851853,4744000
2013-11-21,44.67619705200195,44.81550137391156,44.56147511020852,44.64341846122141,4590300
2013-11-22,45.27439498901367,45.27439498901367,44.84828266106326,44.89745055019014,5924700
2013-11-25,45.45466995239258,45.65133523897728,45.38091968843872,45.51203092147465,5270100
2013-11-26,45.32356643676758,45.57759273568834,45.29078784144267,45.46287077799008,5035300
2013-11-27,45.30717468261719,45.53661858557362,45.21703511333038,45.38911804054771,4449500
2013-11-29,45.282596588134766,45.45468266946468,45.18426391733142,45.39732168433446,2837700
2013-12-02,45.298973083496094,45.40550193688643,45.15147255601359,45.26619761978537,4724400
2013-12-03,44.90563201904297,45.21702231775096,44.807299392164914,45.21702231775096,4402300
2013-12-04,44.74994659423828,45.05314073920648,44.38938835336304,44.71716800398809,3474900
2013-12-05,44.66801452636719,44.91385090660018,44.56148876260161,44.692600039954144,3612800
2013-12-06,45.24981689453125,45.26620619245965,44.92203718784106,45.04495535933462,4846500
2013-12-09,45.339942932128906,45.47105415046873,45.28257884353834,45.42188627136454,3896200
2013-12-10,45.15966796875,45.323557788162304,44.962999560267576,45.323557788162304,3545500
2013-12-11,44.38121032714844,45.167878004435856,44.32384933771745,45.167878004435856,9989200
2013-12-12,44.061614990234375,44.40578083474107,44.0452256939333,44.364809156957705,5645400
2013-12-13,44.09440231323242,44.282874569103086,43.90593005736175,44.19273498456945,4319500
2013-12-16,44.17633056640625,44.56147115908226,44.09438722265902,44.258273910153484,6211600
2013-12-17,43.96328353881836,44.26647771382064,43.758422018368954,44.192727441421304,5132600
2013-12-18,45.05314636230469,45.069535659475335,43.840366505126006,44.08619971080811,10210000
2013-12-19,44.954811096191406,44.987589688630344,44.7007816936976,44.94661488511236,6691000
2013-12-20,45.18109130859375,45.31274251484719,45.00006972294065,45.082353688606766,6813200
2013-12-23,45.3538818359375,45.42793583384725,45.23046059862942,45.41970900688496,3849400
2013-12-24,45.2715950012207,45.37856257040415,45.205767839011855,45.36210577985194,3291900
2013-12-26,45.60896682739258,45.60896682739258,45.28806714983082,45.28806714983082,2592600
2013-12-27,45.567806243896484,45.74059781861812,45.48552229963985,45.74059781861812,2668100
2013-12-30,45.64188003540039,45.64188003540039,45.337434017721876,45.56782602283168,2374200
2013-12-31,45.6171875,45.715928263473074,45.44439587214086,45.68301467564872,6008000
2014-01-02,45.362117767333984,45.60073344636845,45.25515016988307,45.510225782631345,8771800
2014-01-03,45.46908187866211,45.6665602771544,45.37857421561633,45.436171427923945,3642500
2014-01-06,45.279823303222656,45.75706082835926,45.21399927767979,45.60895284737286,9123500
2014-01-07,45.75706100463867,45.905168986195655,45.485528658846874,45.485528658846874,5714000
2014-01-08,46.160247802734375,46.22607497647058,45.707696969141374,45.831121350490555,7793300
2014-01-09,46.505828857421875,46.538742440517915,46.11910210307351,46.22606967872962,6204700
2014-01-10,46.68684387207031,46.69507069728348,46.250746804294096,46.62101671511858,7734300
2014-01-13,46.3083610534668,46.958390343131015,46.209623420483865,46.785598700707695,12815600
2014-01-14,46.89255142211914,46.9666054080628,46.333033114725225,46.38240034614649,6943500
2014-01-15,46.85142517089844,46.99130636878449,46.72800390797736,46.99130636878449,10054100
2014-01-16,46.966609954833984,47.04889077437609,46.77735842002542,46.83495562146731,5489900
2014-01-17,46.917240142822266,47.09826171456161,46.78558894668786,46.9666105184272,6907500
2014-01-21,47.18877029418945,47.27105425515717,46.82673028236804,47.15585984861454,5697400
2014-01-22,47.22990417480469,47.31218498011506,47.073566250378846,47.22167421098674,5391300
2014-01-23,46.90078353881836,47.18876955063713,46.596340735065354,47.04066156204116,7052900
2014-01-24,45.798194885253906,46.711526261736026,45.798194885253906,46.621015492706405,13101900
2014-01-27,45.42792892456055,45.88047967015141,45.279820951267276,45.781742067559826,13825900
2014-01-28,46.03682327270508,46.22607167546382,45.691236912893146,45.715923670687545,8806300
2014-01-29,45.6171875,46.07796831310353,45.46085266605304,45.724155091022915,12281200
2014-01-30,46.44822311401367,46.55519066999714,46.04503964226766,46.06972639445552,10714100
2014-01-31,46.0450553894043,46.316587784652924,45.82289337660429,45.971001385137626,10821300
2014-02-03,45.139949798583984,46.291897040614224,45.05766583491679,46.16024583755899,15808800
2014-02-04,45.58427429199219,45.641871497792486,45.255144711294214,45.39502274286286,10080000
2014-02-05,45.32920455932617,45.64187738745555,44.96716448489032,45.55959341225692,16384200
2014-02-06,45.58427429199219,45.641871497792486,45.37033912289481,45.43616629455933,7842200
2014-02-07,46.36594772338867,46.38240451494546,45.52667332567651,45.6500945541344,11497100
2014-02-10,46.752681732177734,46.769138526287996,46.275447258230294,46.456465715818105,7902800
2014-02-11,47.38624954223633,47.42738995407858,46.67862315882568,46.7855907406653,10380300
2014-02-12,47.38624954223633,47.64955194460138,47.24636837539802,47.5343575359182,6535800
2014-02-13,47.723594665527344,47.74827827903812,47.04888202653343,47.13116283077699,8256400
2014-02-14,47.896392822265625,47.97044681178997,47.583723212106776,47.68246081853526,8379800
2014-02-18,48.34071731567383,48.43945492323849,48.01158777204233,48.11032851841895,10874200
2014-02-19,48.04450607299805,48.49705688583098,47.978682041093826,48.324265270918595,10732700
2014-02-20,48.48060607910156,48.554660085895,47.94577437564907,48.11033918394701,9852300
2014-02-21,48.39009094238281,48.72744733482197,48.33249373919653,48.52996896760317,5196300
2014-02-24,48.75213623046875,49.031895450002004,48.48060383850449,48.554657841875425,6464300
2014-02-25,48.62871170043945,48.900244091595134,48.48883366049561,48.678082082143895,6858600
2014-02-26,48.62871170043945,48.9331576793981,48.51351728194158,48.768592879195786,7449000
2014-02-27,48.908485412597656,48.908485412597656,48.49707485958142,48.62872611099408,5980100
2014-02-28,48.908485412597656,49.377493191931094,48.488848029599,48.94962897895002,10341200
2014-03-03,48.546424865722656,48.743903229304614,48.22552527136256,48.26666568162194,8919900
2014-03-04,49.46797561645508,49.53380277377704,48.99074128111738,48.99074128111738,9658900
2014-03-05,49.34457015991211,49.56673217859035,49.270516153686025,49.542045417306575,10740200
2014-03-06,49.04011917114258,49.78065915794268,48.933154725458806,49.60786754062676,14206800
2014-03-07,48.91669464111328,49.36924542979061,48.60402187452389,49.30341826258775,12630300
2014-03-10,49.12239074707031,49.147074360801035,48.66984004207517,48.91668559581693,7775900
2014-03-11,49.02366256713867,49.36924578097568,48.91669498907916,49.12240017983323,6031700
2014-03-12,49.015438079833984,49.07303528857733,48.63694123985987,48.78504924486061,8822700
2014-03-13,48.348941802978516,49.1964492382483,48.250204200190154,49.17176248344236,12551400
2014-03-14,48.08564758300781,48.464147545643634,48.06096396283177,48.274895994919554,8006100
2014-03-17,48.55465316772461,48.76035836408456,48.29958073307809,48.381861556097185,6430200
2014-03-18,49.073028564453125,49.171766174653484,48.604020992486355,48.65339136699256,6147200
2014-03-19,48.92491912841797,49.40215665138482,48.61224951558997,49.130624307873624,8404800
2014-03-20,48.92491912841797,48.982516327560596,48.661616749819686,48.92491912841797,4895400
2014-03-21,48.0373420715332,49.3088709539949,47.94651812997565,49.13547836117049,19504500
2014-03-24,47.50065231323242,48.26026808378266,47.153873460137,48.20247160826676,20490000
2014-03-25,47.9217414855957,48.24375130012816,47.42633910582374,47.657528142919254,14646400
2014-03-26,47.93825912475586,48.51622389047509,47.896973227485844,48.14467601241894,13638300
2014-03-27,47.830909729003906,48.086867740805005,47.41807605494012,47.96301637871748,12961000
2014-03-28,47.64927291870117,48.42540242113367,47.4923972201765,47.97954119416245,13128800
2014-03-31,48.29328536987305,48.33456810802229,47.8887069768,48.04558264163554,9508100
2014-04-01,48.59878921508789,48.821719816494074,48.26852095752209,48.433655086304995,10114900
2014-04-02,48.81346130371094,48.846488759351736,48.55750639667355,48.71438208646006,8999300
2014-04-03,48.70612335205078,48.93730922583989,48.38411040683856,48.904281772535356,9609100
2014-04-04,47.896949768066406,49.11893991622514,47.8721807615734,48.970319577926645,20115400
2014-04-07,47.41808319091797,48.18595419220769,47.19515259541404,47.649269075290285,15263300
2014-04-08,47.030006408691406,47.484122772095354,46.741024127344524,47.45935376217152,15165000
2014-04-09,48.0373420715332,48.04559736182389,47.10433678508564,47.13736424559239,14438600
2014-04-10,46.435543060302734,48.09513340214349,46.32820539998646,48.02082319879709,17622500
2014-04-11,45.997928619384766,46.80708226741239,45.87408040316882,46.22911762572914,14710100
2014-04-14,46.25389862060547,46.518111996579705,45.73372715867473,46.311695099745336,11085300
2014-04-15,46.74928665161133,46.84836900598744,45.75848515554812,46.43553531176703,17424500
2014-04-16,46.98048400878906,47.23643892888961,46.683243192194645,47.153873435245245,29585700
2014-04-17,46.97221374511719,47.21165802594994,46.72451417686681,46.99698275704095,8656900
2014-04-21,47.533660888671875,47.55017461078402,46.97220693554071,47.06303083232229,5545000
2014-04-22,48.053836822509766,48.309791666165474,47.806137265884246,47.87218901113803,8980300
2014-04-23,47.814388275146484,48.16117014313358,47.6492542022798,48.13639798491778,8668900
2014-04-24,47.74010467529297,48.0621145643173,47.29424337525673,48.0621145643173,8012600
2014-04-25,47.385040283203125,47.72356371049617,47.26119209253713,47.707049988473294,6368600
2014-04-28,47.66578674316406,47.99605501928859,47.04653608768435,47.781379694906136,9735200
2014-04-29,47.94651412963867,47.987796876991744,47.624504290744255,47.748355682475214,8955800
2014-04-30,47.98779296875,48.06210316780223,47.69881061114216,47.86394473677727,11115200
2014-05-01,48.095123291015625,48.359336591885295,47.71531706472435,48.020813103291594,6857500
2014-05-02,47.68230056762695,48.169444543568794,47.583221344459446,48.0786206099687,6126300
2014-05-05,47.996036529541016,48.012550251952746,47.236421046953666,47.517148028612176,7218700
2014-05-06,47.5749626159668,47.94651363767559,47.550193597743444,47.94651363767559,6117700
2014-05-07,47.707061767578125,47.715320205463826,47.08781121234094,47.64101001284852,9058100
2014-05-08,47.45110321044922,47.98778509360054,47.318996561555096,47.7318302330581,7710000
2014-05-09,47.74010467529297,47.78964586963218,47.15388138247063,47.500660293828446,7298600
2014-05-12,48.227230072021484,48.26025752213736,47.847423844701915,47.92998932032061,5244500
2014-05-13,48.30154037475586,48.474929763769836,48.2354854743671,48.35108155004743,3230400
2014-05-14,48.33456802368164,48.4831884004964,48.136406471371615,48.27677156043934,3746700
2014-05-15,47.84743881225586,48.21073142816206,47.62450817874342,48.16119338716285,6469400
2014-05-16,48.0125617980957,48.053844539217536,47.64926611701255,47.905224151441935,8913400
2014-05-19,48.309791564941406,48.34281901233447,47.88870263452741,48.01255398741604,4386100
2014-05-20,48.00430679321289,48.34283033409628,47.86394483342608,48.30980287896826,4611800
2014-05-21,48.40889358520508,48.45017633639237,48.070369985994084,48.16944921877798,3921500
2014-05-22,48.69786834716797,48.85474403691752,48.26852087295328,48.42539971237437,3526100
2014-05-23,48.72262954711914,48.813453460702625,48.557498594790296,48.71437425937111,2796300
2014-05-27,48.98685836791992,49.02814111642486,48.72264184821031,48.98685836791992,3246500
2014-05-28,48.84648895263672,49.08593328247271,48.84648895263672,48.962081898165394,4401700
2014-05-29,49.23455047607422,49.23455047607422,48.97033714645924,48.97033714645924,2682200
2014-05-30,49.36664962768555,49.39141863929502,49.12720534989112,49.13546063720399,7778100
2014-06-02,49.43269729614258,49.49049375157604,49.061146404305624,49.32536282157792,4880300
2014-06-03,49.523529052734375,49.556556503840966,49.21803300417618,49.31711220782485,3054500
2014-06-04,49.66390609741211,49.66390609741211,49.35840682566016,49.48225822228088,3599800
2014-06-05,49.721683502197266,49.878559148022205,49.36664632773025,49.721683502197266,3929800
2014-06-06,49.67216110229492,49.87032270581655,49.57308187537002,49.76298503933934,3950900
2014-06-09,49.416202545166016,49.672160624403936,49.31712331919436,49.63087787605506,5533400
2014-06-10,49.58132553100586,49.58132553100586,49.09418165089821,49.42444986271296,6921400
2014-06-11,49.523529052734375,49.597839242888654,49.35013965893143,49.374908672425825,5901200
2014-06-12,49.27583312988281,49.515277443689214,49.1602401920925,49.41619508300781,4305300
2014-06-13,49.23455047607422,49.35839870264111,49.10244381126673,49.31711596045215,2950700
2014-06-16,49.333621978759766,49.70517289974735,49.16848788613518,49.45747333564591,9021700
2014-06-17,49.30885314941406,49.4327013570869,49.160232780469975,49.35013588530501,3728200
2014-06-18,49.70518493652344,49.71344022580192,49.19327196012443,49.25932372336707,5374200
2014-06-19,49.87031555175781,49.87031555175781,49.64738496090304,49.68040926535934,4313800
2014-06-20,50.28968048095703,50.2979667761568,49.97474751784187,50.02447477354471,4426700
2014-06-23,50.099056243896484,50.36426190984673,50.05761845137318,50.32282411732343,3406700
2014-06-24,50.13220977783203,50.53001829290802,50.07419307214288,50.264812616190696,4868300
2014-06-25,50.67919921875,50.7123475587428,50.07419538173886,50.10734688323285,20099100
2014-06-26,50.74549865722656,50.83666370486043,50.322828081789126,50.803512203629715,11236400
2014-06-27,50.612892150878906,50.73720869074651,50.43885152426501,50.59631640146316,4840900
2014-06-30,50.41398239135742,50.76206359563583,50.35596569581053,50.64603652754303,6434500
2014-07-01,51.05214309692383,51.15159760248041,50.554883215145836,50.61289676263656,8145300
2014-07-02,51.4416618347168,51.4416618347168,50.96097773661855,51.03556702995288,4036600
2014-07-03,51.64884567260742,51.66542141974279,51.32562650721908,51.54939435129574,2468600
2014-07-07,51.25933074951172,51.65714241387627,51.21789295657819,51.44166083222039,3900300
2014-07-08,50.77864456176758,51.201315090619374,50.60460394174042,51.176453048187156,7145400
2014-07-09,50.99411392211914,51.04384115965835,50.64603274384541,50.91952464656045,5879900
2014-07-10,50.96095657348633,51.0686941601715,50.39739396044194,50.58801026169229,4726600
2014-07-11,51.0687141418457,51.11844139004161,50.75378438777446,51.03556580454937,3779600
2014-07-14,51.234458923339844,51.36706173230852,51.11014240677531,51.36706173230852,4078700
2014-07-15,50.795223236083984,51.30077253799475,50.67919614938335,51.26762103850857,5498900
2014-07-16,50.62946701049805,50.99412400673286,50.40569913956956,50.96097566998488,5279000
2014-07-17,50.074188232421875,50.85323259879701,50.01617469384084,50.43055891884864,7321900
2014-07-18,50.89467239379883,50.98583743273176,50.140493201036655,50.256520282769166,8938700
2014-07-21,50.68748092651367,50.770356511247805,50.513440301671466,50.745494468127745,3731900
2014-07-22,51.12671661376953,51.267608872400736,50.919524533400306,50.944389732864785,5640400
2014-07-23,51.54110336303711,51.61569264217611,51.30076294047848,51.50795503125343,7264400
2014-07-24,51.43336868286133,51.71515006883158,51.38364144010166,51.65713653302893,6107400
2014-07-25,51.242759704589844,51.342211042925236,50.98584032226393,51.3256352929525,4129300
2014-07-28,51.2924690246582,51.425071824759506,51.01897713260556,51.25931753425784,7004900
2014-07-29,51.333927154541016,51.52454355764901,51.23447580541975,51.449957416934105,5321800
2014-07-30,51.54110336303711,51.78144694709615,51.275897739765206,51.590830602963244,7752700
2014-07-31,50.48029708862305,51.18474915898916,50.48029708862305,51.07701151345175,8415200
2014-08-01,50.52172088623047,50.778640228274,50.140488181134046,50.36425602842992,16923800
2014-08-04,50.737205505371094,50.83665683412088,50.28138032880804,50.6294647216834,9208900
2014-08-05,50.24823760986328,50.68748392564559,50.08248326908659,50.52172958486889,10309500
2014-08-06,50.22336196899414,50.43055406154197,49.85041873160839,50.032745623230184,9568000
2014-08-07,49.57693862915039,50.38913149792183,49.48577357504825,50.33111794740254,10947000
2014-08-08,50.16535568237305,50.19850718072953,49.47747947973094,49.64323381001246,5472600
2014-08-11,50.140499114990234,50.51344560847636,50.115637069258234,50.36426701108191,4700600
2014-08-12,50.099056243896484,50.2233696214664,49.95816395551615,50.09076678849127,2878500
2014-08-13,50.70405197143555,50.75377921456287,50.281378308604836,50.29795405631394,4751900
2014-08-14,51.3007698059082,51.3007698059082,50.63775249749839,50.79522053092109,4797400
2014-08-15,51.35049057006836,51.60740991853682,50.878092823352645,51.54939638202791,7777600
2014-08-18,51.7483024597168,51.82289174895401,51.541110340891294,51.607413336435854,7448800
2014-08-19,52.08810806274414,52.12125956729756,51.640575397278965,51.82290234931978,3874500
2014-08-20,52.07981491088867,52.170979955657664,51.847760732568375,51.98864986611968,4513800
2014-08-21,52.15439224243164,52.311857089958245,52.10466500355465,52.15439224243164,3125900
2014-08-22,52.20411682128906,52.35329220731821,52.079800311181216,52.23726515068433,3248900
2014-08-25,52.60194778442383,52.709685433784074,52.38646616270026,52.519069021644945,4863000
2014-08-26,52.79255294799805,52.825704446045975,52.56878507842581,52.676525866331154,3601300
2014-08-27,52.75111389160156,52.94173025855627,52.67652460353226,52.91686505486598,4151700
2014-08-28,52.73452377319336,52.850550820462225,52.543907458180236,52.60192098181467,3466000
2014-08-29,52.9251594543457,52.974883543370076,52.68481581905762,52.817418658957756,4139100
2014-09-02,52.90028762817383,53.08261768488523,52.759395358487616,53.032890443554706,5076800
2014-09-03,53.14063262939453,53.38097622662009,53.016316103519074,53.23179766016978,5421900
2014-09-04,52.87543869018555,53.389274362644464,52.76769788158076,53.25667466797907,6231400
2014-09-05,53.182064056396484,53.1903535104231,52.33672311270422,52.89199639547271,6349400
2014-09-08,53.190364837646484,53.289819338143005,52.98317270386366,53.082627204360186,7204800
2014-09-09,53.04948425292969,53.28153846848082,52.916878230898675,53.26495955422537,6667300
2014-09-10,53.42241287231445,53.48871586502074,53.01631810724094,53.12405572813759,7039600
2014-09-11,53.27323532104492,53.34782777001917,53.00802966813934,53.215221782065626,6360300
2014-09-12,52.88372802734375,53.2732471381077,52.73454941930599,53.24838509060189,7340200
2014-09-15,52.742828369140625,52.94173420598982,52.56049828215396,52.88372066222151,6082500
2014-09-16,53.463863372802734,53.50529800839384,52.60194328267587,52.66824312572341,6907900
2014-09-17,53.50529098510742,53.71248310487379,53.115768788266365,53.43070485703234,6704300
2014-09-18,53.903106689453125,53.927968734013874,53.57988746415907,53.67933564240206,5460700
2014-09-19,53.962158203125,54.319799163013684,53.887306217481616,54.195045853608036,6833500
2014-09-22,53.671043395996094,53.89561198887517,53.463112803979655,53.845704331825324,4005700
2014-09-23,53.35499954223633,53.587880826505426,53.08884859656605,53.17201957729944,7833900
2014-09-24,54.28651809692383,54.28651809692383,53.471433700813186,53.488065356727596,8120900
2014-09-25,53.396583557128906,54.236625083978005,53.396583557128906,54.2199934255183,11661500
2014-09-26,53.56293869018555,53.646109684153735,53.10548870505037,53.646109684153735,6513000
2014-09-29,53.44649124145508,53.62947121226945,53.0722154705937,53.11380096229615,10284100
2014-09-30,53.15538787841797,53.65442331052914,53.11380238560113,53.55461432044507,7580800
2014-10-01,52.59812545776367,53.313404049644255,52.42346134416681,53.313404049644255,11141700
2014-10-02,52.49000549316406,52.72288676905113,52.040874598722354,52.59813030244138,7225200
2014-10-03,53.571250915527344,53.637783894960236,52.89755135487779,52.93082101736388,11383100
2014-10-06,53.32172775268555,53.98710826307443,53.105478134978334,53.80412830544055,8287500
2014-10-07,52.47337341308594,53.23855977402584,52.47337341308594,53.21360594118057,11281800
2014-10-08,53.81243896484375,53.85402762477717,52.448417852906566,52.58149331549332,11412300
2014-10-09,52.69794464111328,53.78749922062331,52.66467497552383,53.72927889222674,15686000
2014-10-10,52.37356185913086,53.28013625204943,52.37356185913086,52.63971277999616,15606800
2014-10-13,51.134300231933594,52.42346950547388,51.076079909260585,52.39851884511963,17937500
2014-10-14,50.751705169677734,51.61669729431026,50.402380084712156,51.442033165442766,19321000
2014-10-15,50.335853576660156,50.5604190658344,49.24629579720806,50.177827420324206,32120100
2014-10-16,50.07801055908203,50.668532767848006,49.44590286020583,49.65383348352648,30185000
2014-10-17,50.87646484375,51.200839290517884,50.44397192693205,50.560412571673005,15704700
2014-10-20,51.49192810058594,51.533513581544604,50.71011027114894,50.71011027114894,9848900
2014-10-21,52.8559684753418,52.889238139472106,51.87453559288643,51.924440089081884,14961400
2014-10-22,52.589805603027344,53.00566679220779,52.440095321100856,52.87259133858081,13813800
2014-10-23,53.48805618286133,53.77916404851054,53.005658924851666,53.005658924851666,11165000
2014-10-24,54.236629486083984,54.26158014856831,53.52134754901446,53.637788204301145,9703500
2014-10-27,54.29484176635742,54.35306208537158,54.053641488859114,54.244940448784966,9110800
2014-10-28,54.69408416748047,54.727353835509014,54.21168349937708,54.727353835509014,8770600
2014-10-29,54.71902847290039,54.868738788859964,54.353068512657075,54.67743980631288,10162400
2014-10-30,55.72539520263672,55.75866485675953,54.5859333446967,54.63584099864976,11630600
2014-10-31,55.94996643066406,56.54880761007015,55.76699282187995,56.440685975942436,11388000
2014-11-03,56.01649475097656,56.10798471017426,55.61727160678429,56.03313275021476,8680700
2014-11-04,56.02482223510742,56.174532523236316,55.68381299999333,55.99987157800901,5716000
2014-11-05,55.96661376953125,56.548817043555594,55.83353510944582,56.5321853838148,6592100
2014-11-06,56.3076171875,56.432376845955936,56.0414662107126,56.0414662107126,7962400
2014-11-07,55.75035858154297,56.35751880317418,55.57569761668611,56.30761113782998,13895600
2014-11-10,56.31592559814453,56.34087625603496,55.65886410969583,55.87511372064393,5455300
2014-11-11,56.52384948730469,56.731780072386975,56.29928724745248,56.44067852237935,9777500
2014-11-12,56.440673828125,56.53216378559488,56.21610526141262,56.307595218882504,3879900
2014-11-13,56.399085998535156,56.72345718137073,56.132935121707575,56.5238456101344,5216600
2014-11-14,55.93334197998047,56.3824729223997,55.70877968154061,56.3824729223997,6331800
2014-11-17,56.20780944824219,56.35751975572692,55.816898848391,55.816898848391,8587200
2014-11-18,57.114383697509766,57.15597236155947,56.19949019826923,56.2493915186975,8240100
2014-11-19,56.798336029052734,57.08111866178467,56.64862571009473,57.047848996956255,6253600
2014-11-20,56.55712127685547,56.78168352518268,56.37414133979131,56.54880227638761,9041600
2014-11-21,56.82328796386719,57.23914926522615,56.66525863877803,57.122708608488836,8098700
2014-11-24,57.114383697509766,57.12270269942755,56.93140372855382,57.04784437324592,5020100
2014-11-25,57.189231872558594,57.36389280859431,56.96466327941403,57.23081418368818,5510200
2014-11-26,57.538570404052734,57.5635210670622,57.15597876498116,57.38054107760624,5325900
2014-11-28,57.89621353149414,58.212265850591464,57.59679287317449,57.59679287317449,4395500
2014-12-01,57.75479507446289,58.17065619949091,57.6133974693451,57.688255771529484,8537400
2014-12-02,58.395240783691406,58.47841177144882,57.96274784002906,57.96274784002906,7444800
2014-12-03,58.486732482910156,58.57822247577861,58.2621701748493,58.52832115077393,6577000
2014-12-04,58.4118537902832,58.727905946717684,58.187285239352285,58.38689679365107,4235400
2014-12-05,58.877620697021484,58.92752200302437,58.39522025386899,58.453440559384816,8325100
2014-12-08,59.08558654785156,59.40995792163691,58.8027975053862,58.8027975053862,5942800
2014-12-09,58.836063385009766,58.89428372153763,58.06256100225913,58.40357036302288,9776300
2014-12-10,57.92947006225586,58.82773183352112,57.887881401432224,58.79446217396996,9011200
2014-12-11,58.0958137512207,58.7778259285612,57.96274145457664,58.14572141480878,7383300
2014-12-12,57.20587921142578,58.104141139194674,57.15597788617412,57.771450831257326,10438600
2014-12-15,56.681880950927734,57.563504635142465,56.48226935829269,57.54687297973043,17776200
2014-12-16,56.02482223510742,57.4054781407064,55.991552577130065,56.44068344151675,14735600
2014-12-17,57.07280731201172,57.21419863161632,55.98324638692833,56.091374386482336,17776200
2014-12-18,58.63643264770508,58.644751648944954,57.62173024475647,57.74648988119976,16048100
2014-12-19,58.77835464477539,59.21244845972427,58.45277632227921,58.85348369448616,17822000
2014-12-22,58.219017028808594,58.53624546903177,57.92683796730766,58.43606706122037,9896600
2014-12-23,56.88334655761719,58.39433451353388,56.58281765149729,58.35259827986703,22190400
2014-12-24,57.30073928833008,57.62631116402306,56.87498900125999,56.92508139146159,4519100
2014-12-26,57.70980453491211,57.86841880064852,57.492760809094364,57.526153621303486,4242800
2014-12-29,57.91017532348633,57.99365418955454,57.58460328749983,57.65138255893687,5225900
2014-12-30,57.65970993041992,57.951889032534844,57.59292431592887,57.81832417257949,4965100
2014-12-31,57.083709716796875,58.15226071422658,57.075366289626636,57.82668235276431,7863600
2015-01-02,57.292388916015625,57.89344664015061,57.058645660857806,57.3591745229253,7516800
2015-01-05,57.00022888183594,57.50110836287108,56.891707011137235,57.03362169644203,10784800
2015-01-06,56.8082160949707,57.676403614242616,56.457594800581,57.19222382784819,13344500
2015-01-07,58.14389419555664,58.16058741412445,57.06700008067677,57.19222151152821,14146400
2015-01-08,59.13732147216797,59.20410710522866,58.61974873851891,58.71992081908142,22138400
2015-01-09,58.61139678955078,59.254197338352355,58.41104626675535,59.18741170774445,9724300
2015-01-12,58.636436462402344,59.27088717891289,58.47782856004565,59.062186871944895,11972100
2015-01-13,58.377655029296875,59.512985304204086,57.88511895153655,59.18741330747627,14219800
2015-01-14,58.28581237792969,58.43607683025427,57.65971155474839,57.81832580137627,12548000
2015-01-15,57.65970993041992,58.611382645323815,57.626317123174395,58.50286079854592,16382800
2015-01-16,58.74494934082031,58.85347117922333,57.551183642282105,57.56787686010324,13759300
2015-01-20,58.74494934082031,58.98704239789743,58.06041276768117,58.83677796140219,10387200
2015-01-21,58.8618278503418,59.08722134690757,58.394334899384596,58.68652038211797,8391000
2015-01-22,59.56306076049805,59.57141055532315,58.302509241055496,59.12061717017759,11497400
2015-01-23,59.22079849243164,59.538020651973156,59.19575547576095,59.479584823398994,6815600
2015-01-26,59.529659271240234,59.56305207664489,58.920258087427904,59.27922278424493,7871700
2015-01-27,59.10393142700195,59.52133205468127,58.853488502783115,58.995403187627325,10040100
2015-01-28,58.25244140625,59.42951445220129,58.1606127415717,59.21246430214082,11005400
2015-01-29,58.74494934082031,58.79503536330997,57.78492690593553,58.252413433242374,12120000
2015-01-30,57.82667541503906,58.878526693876225,57.743196570153366,58.494518912179906,13886500
2015-02-02,58.15225601196289,58.17729902950535,57.13379750505033,57.935205911548444,18042300
2015-02-03,58.54458999633789,58.569639375532255,57.6597030022497,58.43606816259956,17432800
2015-02-04,57.80998611450195,58.12720829419353,57.49276393481038,57.84337892852655,15184800
2015-02-05,58.786685943603516,58.83677833543788,58.177284769351054,58.177284769351054,10801400
2015-02-06,58.25244140625,59.02880697278423,58.09382710016397,58.786713799453196,11886100
2015-02-09,57.56790542602539,58.15227024415441,57.434340510100945,57.985306137962084,8139000
2015-02-10,58.53626251220703,58.59469834152115,57.90181181606251,58.035376696340045,8629000
2015-02-11,58.594688415527344,58.911910525348034,58.26076671785857,58.5863386216033,8088100
2015-02-12,58.803375244140625,58.970332870312646,58.310839419590366,58.870154473194326,10124100
2015-02-13,59.037147521972656,59.087233560667755,58.57800427050654,58.84514042526092,8592300
2015-02-17,59.4629020690918,59.48794509017076,59.03715160366313,59.09558744252364,8381700
2015-02-18,59.529659271240234,59.56305207664489,59.16235114984184,59.45453023584956,7780900
2015-02-19,59.629852294921875,59.73003073567645,59.36271615527096,59.46289459602554,5383600
2015-02-20,60.255950927734375,60.28099394471362,59.437842948588646,59.546371180868995,8213700
2015-02-23,60.53144454956055,60.723445283500816,60.23926536593719,60.34778724298914,8577500
2015-02-24,60.456298828125,60.64830589840703,60.23090531599408,60.6149130875307,8052200
2015-02-25,60.43125915527344,60.61491644073942,60.189166039798074,60.40621613798768,9629700
2015-02-26,60.598209381103516,60.62325876432972,60.147422387463926,60.43125170709085,4424900
2015-02-27,60.30602264404297,60.64829411223897,60.27262983965607,60.573158710111905,6745300
2015-03-02,60.8486442565918,60.86534384321246,60.38950115991612,60.49802936587192,6769900
2015-03-03,60.297698974609375,60.823621485698126,59.997170005693434,60.81527168960927,10144000
2015-03-04,60.58990478515625,60.673383675660574,59.7717963725393,60.1224115340761,9153500
2015-03-05,60.80691146850586,61.082397370952954,60.58986775963287,60.66499680446724,6252100
2015-03-06,59.61314010620117,60.65664131487413,59.538004707283235,60.52307010303154,12314900
2015-03-09,59.98045349121094,60.038889309289836,59.45453112850083,59.79679624324111,10306300
2015-03-10,59.3126220703125,59.72167283541734,59.27087946673917,59.45453673201847,12323900
2015-03-11,59.27921676635742,59.696617238002474,59.23747417158262,59.62983163397309,7525100
2015-03-12,60.06393814086914,60.06393814086913,59.49627312352061,59.554708947261176,7574200
2015-03-13,59.94706726074219,60.339424811891405,59.54636628397117,59.98046007031097,6480400
2015-03-16,61.2744026184082,61.28275241281814,60.24759445290469,60.4646445243739,13635100
2015-03-17,61.09908676147461,61.224301815297395,60.723422492927845,61.05734416418292,10142500
2015-03-18,61.89213562011719,62.15092185017303,60.73176292731659,60.96550615046704,12886900
2015-03-19,62.2511100769043,62.33458890277946,61.7836235567825,61.89214539351759,9403900
2015-03-20,62.70149612426758,63.63071772039593,62.34990048974379,63.12006418065542,9544300
2015-03-23,62.525699615478516,62.86054895812283,62.282929371272125,62.50895331624121,4667800
2015-03-24,61.98157501220703,62.7684852109272,61.97320186054056,62.60105411181473,8467700
2015-03-25,60.85145568847656,62.46712942770664,60.83470938144186,62.15738661601255,15039100
2015-03-26,60.709102630615234,61.211389362599085,60.20682228547249,60.508191769926356,18253800
2015-03-27,61.14445114135742,61.37884834105294,60.77610903506751,60.87656771501331,8841600
2015-03-30,61.7639045715332,61.855990059646146,61.56299368239677,61.638332870757175,8008200
2015-03-31,60.69236755371094,62.09038331486477,60.69236755371093,61.521130508542505,8442900
2015-04-01,60.081260681152344,60.95188307263983,59.696178805717096,60.717485964709,21829300
2015-04-02,60.26541519165039,60.54167158771461,59.97241888681278,60.13984352190844,7560100
2015-04-06,60.35752487182617,60.684007512032494,59.85524437818899,59.93058357815522,5746200
2015-04-07,60.49983215332031,60.95188648111276,60.44960602362422,60.50820530388384,5599300
2015-04-08,61.010498046875,61.27838143726794,60.5584436280537,60.6337892246125,12577100
2015-04-09,61.47090148925781,61.57136011628937,60.943508067735124,61.02722039684076,8181400
2015-04-10,61.998321533203125,62.082040285099374,61.28675684999343,61.52952717943562,5084300
2015-04-13,61.6634635925293,62.31642889171691,61.63834413830862,62.0401723768781,6814800
2015-04-14,61.7639045715332,61.830876996859345,61.26162415527112,61.730418358870125,5878700
2015-04-15,61.922969818115234,62.22433938093016,61.80577125333641,62.107140816151336,6254600
2015-04-16,61.88946533203125,62.14060868918837,61.797379860196365,61.989923952262274,4439500
2015-04-17,61.35373306274414,61.65510270490573,60.96027789731961,61.496044730752544,12115400
2015-04-20,61.730430603027344,61.897861699552465,61.57137904488257,61.66346455126057,6659500
2015-04-21,62.140625,62.324789605168824,62.01505328846109,62.04016635340036,6577200
2015-04-22,62.241065979003906,62.3750108168602,61.922956569357304,62.28292533754435,6078200
2015-04-23,62.475460052490234,62.634517943081384,61.85598117431375,62.14897750947553,10532500
2015-04-24,62.2745475769043,62.55917714285079,62.00666430787044,62.34989313932931,10397200
2015-04-27,61.14445114135742,62.483868273077995,61.06073876815827,62.42526897315412,17847700
2015-04-28,61.44579315185547,61.55461854937285,60.44122596485414,61.32022145512508,15798400
2015-04-29,60.88490295410156,61.45415567895297,60.48307487138968,61.01884139044505,13661300
2015-04-30,60.03104019165039,60.92677573069818,59.71293071342018,60.625406167388384,14554400
2015-05-01,60.84306335449219,60.876549571160446,60.43286837728094,60.44123514131592,11508300
2015-05-04,61.2281494140625,61.47091971122272,60.93515298191851,61.07746462226799,8561700
2015-05-05,60.45799255371094,61.110957931633365,60.39939326048313,61.10258477921683,11373800
2015-05-06,60.22358322143555,60.65051810581958,59.78826879948289,60.617038276601065,10152200
2015-05-07,60.50818634033203,60.717470330931874,60.0477653931167,60.13984447308734,9019700
2015-05-08,61.48763656616211,61.655067598051204,61.077441715005236,61.12766783115156,11222400
2015-05-11,61.52112579345703,61.81412213009915,61.462526526128606,61.70529674415811,7980700
2015-05-12,61.12767791748047,61.37882131333345,60.84305469656617,61.07745179304662,7019800
2015-05-13,61.19465637207031,61.64671069705088,61.08583096279152,61.32860123288344,6005800
2015-05-14,62.04017639160156,62.06528946060417,61.27001247025159,61.521149547121226,6894400
2015-05-15,62.16574478149414,62.2410839844518,61.97320061808582,62.14899847849694,3872300
2015-05-18,62.534088134765625,62.60943373386369,62.09040685324117,62.123893076524304,6792200
2015-05-19,62.82708740234375,62.98613897029665,62.45874535411744,62.61780330891401,5869200
2015-05-20,62.910797119140625,63.17868049200178,62.65965366283931,62.93591018740208,10577000
2015-05-21,62.91917419433594,62.98614025159452,62.684770639977586,62.89405473766469,4537900
2015-05-22,62.76848220825195,63.069845398551244,62.718249687499515,62.81033519089541,4612300
2015-05-26,62.132240295410156,62.64289381035699,62.00666860722232,62.57592139174463,9533800
2015-05-27,62.8521728515625,62.91914526487178,62.182461492151454,62.34989252542465,13043700
2015-05-28,62.89403533935547,63.06983316077033,62.59266582068946,62.84380921519174,5766400
2015-05-29,62.734962463378906,63.30421509522454,62.54241840822009,62.793561717237736,9839200
2015-06-01,62.98610305786133,63.228873234242144,62.567535109654415,63.09493481197275,7466700
2015-06-02,62.57592010498047,62.86054329796816,62.33314988263384,62.7852041187095,5722400
2015-06-03,62.69313430786133,62.84381909087391,62.51733645882046,62.78521980786029,5357600
2015-06-04,62.25783157348633,62.70988596109995,62.040174337929386,62.458742505700144,6479500
2015-06-05,62.23271942138672,62.274578797813284,61.730438838488624,62.17412012649601,7772200
2015-06-08,61.922969818115234,62.38339092636271,61.922969818115234,62.249452446690945,6736600
2015-06-09,61.90621566772461,62.12387285479411,61.66345180492019,62.12387285479411,8297500
2015-06-10,62.66801834106445,62.743357535662035,61.931340762014884,62.04853932261726,7728800
2015-06-11,63.09495162963867,63.19540387640579,62.7600959044509,63.153550902533404,4912000
2015-06-12,62.3164176940918,62.87729738754878,62.23269896875264,62.78521189914933,6330600
2015-06-15,62.391754150390625,62.51732584605822,61.60484415192599,61.9229599658628,7150200
2015-06-16,62.70149612426758,62.734982335199604,62.2243287954591,62.358267252345534,6041400
2015-06-17,62.76009750366211,62.9191554142187,62.36664249555385,62.776837416269274,5132100
2015-06-18,63.647483825683594,63.856767940005504,62.85220674599807,62.87731981782161,9511200
2015-06-19,63.59791564941406,63.849924221742434,63.55591849325548,63.707115946039444,10327400
2015-06-22,64.09351348876953,64.3959211303509,64.01790837395295,64.06830751126901,6635000
2015-06-23,64.21953582763672,64.38754369751183,63.99273321436149,64.18594066250662,4631600
2015-06-24,63.57270431518555,64.19431722741584,63.57270431518554,64.13551609259463,7294400
2015-06-25,63.92552185058594,64.22792956865021,63.597914557490334,63.76592240577276,9232500
2015-06-26,63.833099365234375,64.26151123460755,63.6062968513557,64.01790473668328,6147500
2015-06-29,62.270652770996094,63.606287313283296,62.23705121678573,63.27868017078366,13675900
2015-06-30,62.48906707763672,62.95947607467117,62.28746413731366,62.94267849999505,8722200
2015-07-01,63.16107940673828,63.21988052576584,62.7914687106557,63.135879842703794,7756500
2015-07-02,62.86708450317383,63.345901985436925,62.74108664872886,63.3038984280599,5678800
2015-07-06,62.841896057128906,63.23670649453089,62.27908417816379,62.27908417816379,9352600
2015-07-07,63.144283294677734,63.144283294677734,62.06905903625605,62.92588277326478,10653300
2015-07-08,62.060665130615234,62.83348827478978,62.04386755325713,62.64028088653541,13074900
2015-07-09,62.396690368652344,62.89230554727334,62.36308879647087,62.732699681622485,6654600
2015-07-10,63.2366943359375,63.31229945629516,62.81668440394127,63.17789320181174,8059500
2015-07-13,63.7743034362793,63.908709684229564,63.513899341928955,63.6903027357317,7815100
2015-07-14,64.4127197265625,64.49672042636702,63.66510260326983,63.80790443382178,5831800
2015-07-15,64.49671936035156,64.89993168512854,64.31191397853055,64.61432161990267,6994900
2015-07-16,64.79911041259766,64.89151307985229,64.54710197302306,64.73190730753231,5109200
2015-07-17,64.65633392333984,64.74033463312362,64.3959298003571,64.72353705470421,3877900
2015-07-20,64.8663330078125,65.01753683522075,64.67312562490754,64.74032875016516,3874800
2015-07-21,64.58074951171875,65.00916160051962,64.28674372875557,64.84116012706791,8140200
2015-07-22,64.72352600097656,64.78232712866728,64.30351611494515,64.40431438593366,5765400
2015-07-23,64.48834228515625,64.975555496601,64.37073998016544,64.84115560897364,5677400
2015-07-24,62.875457763671875,63.883485000486004,62.75785554736957,63.841481462303705,13229700
2015-07-27,62.81667709350586,62.94268134020928,62.48906989738228,62.724274406512826,11037000
2015-07-28,63.950706481933594,63.96751046725722,62.85028257041273,63.1694877942929,11445100
2015-07-29,64.05989837646484,64.35390396335248,63.791092352904556,64.2278997378746,9367000
2015-07-30,63.9675178527832,64.11872169394039,63.47190276999558,64.0011194184674,5381100
2015-07-31,64.33711242675781,64.62272248700987,64.16911103285123,64.21111458574906,7910300
2015-08-03,64.28671264648438,64.59752227182523,63.849905181396714,64.4043149028096,8447800
2015-08-04,64.25312805175781,64.63953648297458,64.05152504608905,64.60594132273312,10778700
2015-08-05,64.79070281982422,64.89990945832254,64.538700810881,64.64790104053903,5391200
2015-08-06,63.379486083984375,64.90832173668953,63.32068495922041,64.84952061192556,13360200
2015-08-07,63.27029037475586,63.480295322416204,62.60667397108807,63.3626930644338,10863600
2015-08-10,63.78270721435547,64.05991530188037,63.48029955684519,63.48029955684519,7951100
2015-08-11,63.245121002197266,63.58113036064658,62.925915636535414,63.3459257323857,7914900
2015-08-12,63.28709030151367,63.35429342538346,62.07746611607071,62.76628211362942,9665900
2015-08-13,63.144283294677734,63.5726951631821,62.99307948278455,63.33749065775762,6329300
2015-08-14,63.3206672668457,63.35426881572824,62.8334608301493,62.967860616839296,5504000
2015-08-17,63.95912170410156,63.97592569290097,62.8586975649655,63.11069971736131,5796000
2015-08-18,63.866703033447266,64.21111422049171,63.76590476121364,63.89190260150567,5465900
2015-08-19,63.60629653930664,64.04310398971755,63.15268510493258,63.522295846017094,10070300
2015-08-20,62.127864837646484,63.37949256931975,62.127864837646484,63.13589246240105,12992900
2015-08-21,60.22943115234375,62.03547542559295,60.221035566751034,61.50626513527322,24008300
2015-08-24,57.66736602783203,59.70021259874791,47.570326688491804,56.608939184848474,33675700
2015-08-25,57.08774948120117,59.92701432890126,57.0037487761389,59.47340923979636,17883700
2015-08-26,59.49861526489258,59.55741640569927,57.26415909655092,58.66699089068463,26115600
2015-08-27,60.657840728759766,60.741841443248916,59.381013205531104,60.27143231503473,18689700
2015-08-28,60.313438415527344,60.68304285660641,59.834627273056114,60.35543557011788,10045600
2015-08-31,59.213008880615234,60.56544161330996,59.061805022026874,60.04463330727324,15143100
2015-09-01,57.65896987915039,58.59979454704044,57.39016374673091,57.65896987915039,21723600
2015-09-02,58.84339141845703,58.84339141845703,57.885769328814575,58.616582476317014,12491700
2015-09-03,58.42338943481445,59.50700951845338,58.288983168067695,59.17940225431258,14080100
2015-09-04,57.692569732666016,58.18817842099631,57.27255976268704,57.53296389324407,16587900
2015-09-08,59.30541229248047,59.38941301294145,58.39818913027587,58.75100241036266,11697400
2015-09-09,58.3897819519043,60.036220099668924,58.23857812155638,59.9942165433556,12424000
2015-09-10,58.95259094238281,59.39780041944157,58.23017338792583,58.41497877285798,17313700
2015-09-11,59.330623626708984,59.3558296158027,58.541009007265856,58.70901048148471,7633000
2015-09-14,59.14579391479492,59.456597121902675,58.876981441210965,59.34739686114077,6232200
2015-09-15,59.994232177734375,60.137034052264944,59.22141524738062,59.43982226120914,8414600
2015-09-16,60.162227630615234,60.27142791058674,59.5658142698295,60.01941937669159,12003400
2015-09-17,60.7082405090332,61.53986489502982,60.10343151309535,60.10343151309535,19149000
2015-09-18,59.78172302246094,60.42244758542602,59.69741140389982,59.874454225145975,23716000
2015-09-21,58.98922348022461,60.33812537977211,58.59298214021686,60.19480595996085,23860100
2015-09-22,58.62673568725586,58.727905793856166,57.96914607454118,58.17991230590229,29234000
2015-09-23,58.56769561767578,59.11568886439758,58.264191863555155,58.6772916941913,9578700
2015-09-24,57.96912384033203,58.31477698250912,57.31996049476615,58.087152370058114,20064500
2015-09-25,56.384159088134766,58.60984915529321,55.93733587169295,58.43280635814112,30973700
2015-09-28,54.20062255859375,56.14809967792249,53.728505236556046,56.0300711514221,66470200
2015-09-29,54.69802474975586,55.625400884498376,54.02357698057361,54.34393918852978,31776000
2015-09-30,55.83618927001953,55.99636722179518,55.11957898357899,55.507388052623256,26565600
2015-10-01,56.40102005004883,56.44316941858107,55.43149452479764,55.97105532575842,19853100
2015-10-02,57.5728874206543,57.58131986838372,55.406211463448564,55.66755945440367,23741800
2015-10-05,57.724639892578125,58.188321609132366,57.15978809848526,58.07029306804051,18389800
2015-10-06,56.36728286743164,57.707752094441865,55.566374309012126,57.539141797533716,30431600
2015-10-07,57.26938247680664,57.54759535765183,56.089090669159425,56.780403431455625,27466100
2015-10-08,57.437984466552734,57.62345969342477,56.37572778331246,56.9405794781886,23182700
2015-10-09,57.69934844970703,57.94383797745174,57.277816111955396,57.530731655362565,13890000
2015-10-12,57.85108947753906,58.036558268356224,57.37054296008664,57.44641567922932,11074500
2015-10-13,57.12605667114258,58.33163925523084,57.06704240893149,57.58973832220903,17273300
2015-10-14,57.01644515991211,57.901665385398125,56.85626729181104,57.42955136224354,21786200
2015-10-15,58.289493560791016,58.289493560791016,56.645519948388255,56.704534220831604,22133300
2015-10-16,58.81219482421875,58.896500007160824,58.30635729449315,58.44967674870198,17657000
2015-10-19,59.02293395996094,59.183111804553505,58.297898141057026,58.61826026231239,15694700
2015-10-20,58.095577239990234,59.02294689491759,57.84265531952294,58.83747167751779,14802000
2015-10-21,57.5728874206543,58.65200917539245,56.620226653565496,58.42438454328203,36068300
2015-10-22,57.22721862792969,57.74992095798584,56.51061505574135,57.65718334407149,35524500
2015-10-23,58.449676513671875,58.75318031670146,57.581320911921225,57.81737799603909,26524200
2015-10-26,58.67730712890625,59.07354860279669,58.11245527262889,58.306363001240264,17831900
2015-10-27,59.75641632080078,59.75641632080078,58.82904655049995,58.83747899745037,25160900
2015-10-28,60.25383377075195,60.287557129835434,59.13255620150027,59.66368463490067,18158000
2015-10-29,60.52360153198242,61.54370881027676,60.27067960787863,60.599474249970534,22780700
2015-10-30,60.144229888916016,60.877698460270935,60.144229888916016,60.7090881007303,12427200
2015-11-02,61.425689697265625,61.467845501760024,60.14422785267928,60.48988743972977,18646600
2015-11-03,61.20647430419922,61.400381946787576,60.776509658161324,61.265488555061594,10428700
2015-11-04,60.936676025390625,61.44251323140506,60.565725739347826,61.4256547784345,11533000
2015-11-05,60.74281692504883,60.99573248711862,60.16953264612107,60.9788740224767,9172000
2015-11-06,60.48988342285156,60.54889768598121,59.79013827997698,60.371854896592275,12661100
2015-11-09,60.026206970214844,60.38029904971542,59.68055377117611,60.38029904971542,15625000
2015-11-10,60.43086242675781,60.56574939942318,59.92502502313746,60.04305353624649,9737400
2015-11-11,59.8322868347168,60.658486418461614,59.82385438898469,60.658486418461614,10580900
2015-11-12,58.795318603515625,59.76484410078705,58.795318603515625,59.672106487791496,10870800
2015-11-13,58.65198516845703,59.25056007078244,58.57611246616681,58.67727606922044,18196800
2015-11-16,59.38547134399414,59.38547134399414,58.51711585176991,58.52554186651624,12959800
2015-11-17,59.638389587402344,60.03463098906067,59.199998813867715,59.50350259249654,7882300
2015-11-18,60.801841735839844,60.869282038167846,59.67213144685721,59.67213144685721,12816300
2015-11-19,59.78172302246094,60.48989430744554,59.731134764909584,60.41402156922866,11128000
2015-11-20,60.29598617553711,60.5910639743275,60.093652442941654,60.093652442941654,9224500
2015-11-23,60.144229888916016,60.51518039839293,59.967187081776466,60.177953247238726,10362700
2015-11-24,60.32967758178711,60.388691823872726,59.739535160931,59.77325850384706,7174700
2015-11-25,60.65849304199219,60.74280464437659,60.36342172986337,60.489882701367776,4594400
2015-11-27,60.776519775390625,60.88612228243082,60.6163418861405,60.81867557534024,2658000
2015-11-30,59.95033264160156,60.877702545451825,59.95033264160156,60.869270097287064,8846100
2015-12-01,60.962005615234375,61.012593870393985,60.12737337394182,60.262266811603276,10659200
2015-12-02,60.44773483276367,61.2149267770498,60.35499720362858,61.02945151877961,9875100
2015-12-03,59.12410354614258,60.57417533075807,58.86275564266102,60.49830262280698,13191400
2015-12-04,60.515174865722656,60.60791248461324,59.24214554173836,59.385471409524385,14929800
2015-12-07,60.17794418334961,60.70064651051383,59.86601442197441,60.388710317066675,8511000
2015-12-08,60.31285095214844,60.481461323630796,59.72270178781342,59.72270178781342,7483600
2015-12-09,59.70581817626953,60.61632923575633,59.46976118278865,60.03461276462799,17593600
2015-12-10,60.152652740478516,60.56575255790312,59.646815310478935,59.70582957011102,9778500
2015-12-11,59.267433166503906,59.75640565713872,59.191554021635795,59.51191619578567,15178300
2015-12-14,59.655250549316406,59.73112327293575,58.73630682680271,59.49506622335709,21091500
2015-12-15,60.43086242675781,60.71750126371644,60.110500238614954,60.304401467834836,14006300
2015-12-16,61.21491241455078,61.30765002192739,60.08520266654098,60.93669959242096,15273700
2015-12-17,60.55731964111328,61.38351918178837,60.506731401429285,61.38351918178837,11469100
2015-12-18,59.679378509521484,60.47521853222904,59.670916799001496,60.39901792230208,15159800
2015-12-21,60.2212028503418,60.2212028503418,59.73015898953918,60.034948397937285,6707200
2015-12-22,60.627593994140625,60.71225628763837,60.085747564572316,60.432864905708755,7495800
2015-12-23,61.27948760986328,61.41495241784656,60.94930021455101,61.0085644532143,8091000
2015-12-24,61.33877944946289,61.533508583732754,61.05092629194797,61.07632434004393,2568300
2015-12-28,61.0509147644043,61.21177765106549,60.88159016952248,61.160975105145546,6534700
2015-12-29,61.795936584472656,61.939869559409985,61.33029083523525,61.45728102000695,7243100
2015-12-30,61.53349304199219,61.88907854416514,61.47422879163003,61.72822212707862,8496500
2015-12-31,60.983184814453125,61.592763715645475,60.983184814453125,61.31337230937906,6591700
2016-01-04,59.882564544677734,60.11115341273815,59.27298561742359,59.91642429901871,19666300
2016-01-05,60.17042541503906,60.432880530535115,59.90797029954301,60.05189688163306,14540000
2016-01-06,59.679378509521484,60.09423486055726,59.26452861780672,59.31532471821069,14651700
2016-01-07,58.46867752075195,59.27298556095934,58.307821080166306,58.527941779771886,17850400
2016-01-08,57.58818435668945,58.96820532590952,57.48659215922496,58.81581057039199,17022800
2016-01-11,56.902400970458984,57.867565429014086,56.09809940810294,57.84216738420784,28563800
2016-01-12,57.63051223754883,57.960699760665264,56.69074576119586,57.35958897603482,13727000
2016-01-13,55.92030334472656,58.011488575668515,55.86103909055929,57.74056534814394,16202500
2016-01-14,57.41884994506836,57.79137183053362,55.71710987475261,56.064233715176094,23342300
2016-01-15,56.61452865600586,56.87698364244886,55.810220907017474,55.96261558350767,17882300
2016-01-19,56.60606384277344,57.44423138344306,55.988016935043916,57.23257245685755,13495200
2016-01-20,56.716148376464844,57.266463112429555,54.912815877306016,55.60705719456779,24665600
2016-01-21,56.54681396484375,57.14792469391324,56.013435659722234,56.860071581113544,17102800
2016-01-22,57.444236755371094,57.596631455136645,57.071721402080755,57.34264459507302,11343800
2016-01-25,56.91088104248047,57.65591850302064,56.83468043280332,57.274934832597815,10131900
2016-01-26,57.3426513671875,57.45271170694792,56.50447718983017,56.94473146751024,12449700
2016-01-27,56.690731048583984,57.842156226025914,56.292811198528824,57.24104559739818,15924700
2016-01-28,55.369991302490234,56.9955307433912,55.073670017844684,56.961664530957485,26127300
2016-01-29,56.27587890625,56.30127694506514,55.09058757343764,55.25145043169105,17578200
2016-02-01,56.36054992675781,56.64840948303419,55.59857634757812,55.894897611892695,16705700
2016-02-02,55.54779052734375,56.115035118047295,55.378465904821,55.962640374048696,12968700
2016-02-03,55.91183853149414,55.97110278921685,54.66728265999766,55.70864771349053,19453100
2016-02-04,55.607032775878906,56.23354138235756,55.107514356355715,55.74249112840398,18958100
2016-02-05,54.52336120605469,55.45465954005414,54.243969768058776,55.30226479744912,16744000
2016-02-08,53.77831268310547,54.14236637798776,53.134867591362955,53.91377429773658,24652800
2016-02-09,54.17623519897461,54.71807845394245,53.067140955361296,53.12640521276371,20741700
2016-02-10,54.658817291259766,55.50545327884096,54.48949267747151,54.531827060578564,14728500
2016-02-11,53.77831268310547,54.2100955704735,53.371927839212134,53.67671727954705,22801100
2016-02-12,54.49796676635742,54.52336481525278,53.61746446850099,54.074645496919224,10316000
2016-02-16,55.52239227294922,55.54779032030093,54.89587696144558,55.08213792111854,17303000
2016-02-17,56.22509002685547,56.29281598592713,55.53084242733025,55.95416035329308,12140000
2016-02-18,55.87797164916992,56.521416767678936,55.742506799244,56.29282144825883,9722100
2016-02-19,55.81870651245117,55.97956940437311,55.47158268447636,55.60704753226735,8875100
2016-02-22,56.61452865600586,56.62299036185938,56.182742662730725,56.27587310165904,7515700
2016-02-23,56.19123840332031,56.75848302111465,56.13197413667494,56.4621616878878,8211900
2016-02-24,56.377479553222656,56.453680140463725,55.27685679643981,55.869499322452185,11118600
2016-02-25,57.0801887512207,57.11405496110699,56.35208138696326,56.63147277403581,9496400
2016-02-26,56.97859573364258,57.57123824954264,56.927793189909025,57.342649410358035,10365700
2016-02-29,56.07270050048828,56.95319618371459,56.047295996753306,56.80926962581409,11091700
2016-03-01,57.27492904663086,57.29185892522607,56.013443163376515,56.38595862635424,14549100
2016-03-02,57.36804962158203,57.384979497253994,57.02092580677411,57.13945431443554,10923700
2016-03-03,57.20718765258789,57.274920074999706,56.68227106787529,57.22411752853118,10815000
2016-03-04,57.071739196777344,57.43578649711158,56.8092776290967,57.207197605849544,9855700
2016-03-07,57.528900146484375,57.723629222991434,56.69073251134214,56.699200677969024,11082400
2016-03-08,56.82620620727539,57.37651439684072,56.75000561438016,57.1902599172159,8204200
2016-03-09,56.92780303955078,57.173328255566965,56.53835125324513,56.97860559207419,13032500
2016-03-10,56.96166229248047,57.59663921719032,56.52141446678213,57.207187478486595,11287700
2016-03-11,58.07075500488281,58.07922317274367,57.28338979544928,57.32571771611458,10618300
2016-03-14,57.825252532958984,58.05384145493216,57.68131947612414,57.85911229528579,6140900
2016-03-15,56.92780303955078,57.562780041872614,56.75847842265966,57.444251518184814,15226500
2016-03-16,56.792327880859375,57.12251530789661,56.343611965107144,56.81772591996714,16881300
2016-03-17,56.1319694519043,56.750010115435714,55.590122927991786,56.74154194681581,20920400
2016-03-18,56.79214096069336,56.99606715078782,56.1293970491129,56.231360144160135,19524800
2016-03-21,57.12351989746094,57.242473601475446,56.749661694849244,56.84312624550217,12183600
2016-03-22,57.69281005859375,57.87124064800017,56.93660144908905,56.93660144908905,13200200
2016-03-23,57.28496551513672,57.75228836753749,57.2339871975992,57.65032524997039,9105100
2016-03-24,57.25947952270508,57.47189783418046,56.81765228713294,57.030070598608326,8492800
2016-03-28,57.09804153442383,57.47189985013197,57.01307550335179,57.41242298013228,7156300
2016-03-29,57.76078796386719,57.811766282330744,56.80065308285574,56.99608077445299,10455600
2016-03-30,57.769283294677734,58.202618473593645,57.66732665198637,58.049677027064064,7607700
2016-03-31,57.59083557128906,58.02417062141637,57.56534641819168,57.6843001209732,8602700
2016-04-01,58.245113372802734,58.45753171992092,57.24249851510518,57.352953721908975,9120200
2016-04-04,58.941837310791016,59.15425562914582,58.37255129090572,58.381049838737844,17381200
2016-04-05,58.177127838134766,58.52549049598685,58.04117700800257,58.25359531821484,16555000
2016-04-06,59.74052429199219,59.766013452361186,58.19411923217896,58.19411923217896,24546600
2016-04-07,59.08628463745117,59.71504109178176,58.780401717508056,59.315693586161956,19216700
2016-04-08,58.9248161315918,59.47710483008342,58.57645360276752,59.45161567949749,12883800
2016-04-11,58.474517822265625,59.06928655529423,58.34706552733292,58.89935448371263,8695500
2016-04-12,58.950321197509766,59.077773467338766,58.4575156939916,58.466007758152934,13510500
2016-04-13,59.50261688232422,59.53660459035014,58.90784819810193,59.2222231529798,9706200
2016-04-14,59.53661346435547,59.732041194010094,59.31569657050534,59.48563513596446,6655200
2016-04-15,59.49411392211914,59.681043061151215,59.094772968041156,59.681043061151215,7945300
2016-04-18,60.046409606933594,60.114385025658386,59.230724029714246,59.324188609837655,11505400
2016-04-19,60.25884246826172,60.581722543864934,59.92747032513843,60.14838724805205,6655000
2016-04-20,60.581687927246094,60.870573637721364,60.224820337995254,60.27580512645428,10763400
2016-04-21,60.93856430053711,61.074508644673706,60.53921685043026,60.6156843285398,12463100
2016-04-22,61.066001892089844,61.26992160049343,60.70064223651766,60.97253734188598,12052800
2016-04-25,60.828086853027344,61.023514494984624,60.63266569356059,60.836585398109975,8937500
2016-04-26,60.59868621826172,60.947055306523325,60.420255642258724,60.947055306523325,7433500
2016-04-27,60.53070831298828,60.78561282960104,60.27581027886666,60.64116996201634,9121200
2016-04-28,60.2418212890625,60.82809129274393,59.91044931404965,60.18234443412406,19512000
2016-04-29,59.29871368408203,59.81701503192318,58.94185237384546,59.698061261844316,13577900
2016-05-02,59.6385612487793,59.66405040641224,59.16273987049464,59.40914586509932,9074800
2016-05-03,59.4516487121582,59.8170085327018,59.22223326443659,59.42615954740993,9436800
2016-05-04,58.88234329223633,59.17972755482525,58.72090334290631,59.077764458013014,11802000
2016-05-05,59.12875747680664,59.21372998653727,58.76340420793127,58.89085000754252,10145200
2016-05-06,58.780399322509766,59.08628222998973,58.296085799415295,58.916343680004836,14164300
2016-05-09,59.4516487121582,59.63857789697031,58.7549167848999,58.78040594964817,13606600
2016-05-10,59.952945709228516,59.96144425728903,59.528109061101915,59.68954906178772,11073000
2016-05-11,59.23072814941406,60.012426071640775,59.22222960085918,59.85948461011875,8452500
2016-05-12,58.88234329223633,59.53658866993196,58.542472785352956,59.358158112378604,11322900
2016-05-13,58.746395111083984,59.196720797688315,58.69541680165437,58.81437051198416,11947300
2016-05-16,59.54509353637695,59.672545800299424,58.72940812276114,58.754897279047356,8338100
2016-05-17,58.9248161315918,59.587559976785755,58.712397900055784,59.434618590780225,14920000
2016-05-18,59.17124557495117,59.46862992079532,58.77189810374937,58.8313749729182,11515200
2016-05-19,58.669952392578125,59.10328117048003,58.296094012433336,58.831385934691205,8765700
2016-05-20,59.21372604370117,59.4176457919932,58.86535692798086,58.890846086205876,7925700
2016-05-23,58.975826263427734,59.2392229093451,58.924841457852324,59.12876123267568,5061400
2016-05-24,59.825504302978516,59.91896240855,59.196741350089496,59.2732153232758,11936400
2016-05-25,60.199337005615234,60.31829071937015,59.97842018757416,59.98691873355414,8949200
2016-05-26,60.20784378051758,60.326797510530525,60.01241609121511,60.22483439230853,5257700
2016-05-27,60.47972869873047,60.6156730174995,60.16534733268488,60.16534733268488,9641300
2016-05-31,60.62418746948242,60.76863037185119,60.360790826046106,60.66667372664627,7669800
2016-06-01,60.845096588134766,60.98104092525639,60.38627229567703,60.437250611786155,9301700
2016-06-02,61.62677764892578,61.62677764892578,60.71762785729263,60.79410179321922,12473100
2016-06-03,61.42286682128906,61.64378363391431,60.930054886390835,61.439857430341284,13896000
2016-06-06,61.75424575805664,61.864700935570916,61.27843086108219,61.43137228975138,9117600
2016-06-07,61.37189865112305,61.55882131154393,61.218957214420776,61.49934444629817,6439100
2016-06-08,61.58433532714844,61.694790543419266,61.18498776313951,61.32093214605022,4621300
2016-06-09,61.48234939575195,61.88169681178231,61.30391881289636,61.44836169199493,9608500
2016-06-10,60.98955535888672,61.15949392766981,60.7091615822648,61.12550621391319,10270900
2016-06-13,60.50524139404297,61.22746247988032,60.488250778520445,60.76863807084996,8538400
2016-06-14,60.59868621826172,60.62417537447766,60.105874256448836,60.36077878359106,8000500
2016-06-15,60.182369232177734,60.88759971881618,60.131384419443,60.76014741071986,7861100
2016-06-16,60.39479064941406,60.4967473150697,59.706550743768496,60.003941638581445,9341200
2016-06-17,59.767738342285156,60.50993215225919,59.54593868204386,60.48434038443042,10799100
2016-06-20,60.143096923828125,60.569643710521945,60.066321626345214,60.279595019692124,7983700
2016-06-21,59.938385009765625,60.40758279480554,59.80188684849474,60.347866476397165,7014900
2016-06-22,60.10898971557617,60.78293461372752,59.88718350019475,59.938373555183894,11207600
2016-06-23,60.893836975097656,60.90236973604549,60.3563901899963,60.63791272396874,7626900
2016-06-24,59.127925872802734,60.0578014470186,58.90612618345005,59.16205040391595,22576500
2016-06-27,58.33454895019531,58.931718487189826,58.08715097883044,58.72697129866029,18241500
2016-06-28,59.46916961669922,59.520353163327535,58.73550840827649,58.74404116891099,13652400
2016-06-29,60.6037712097168,60.77438732933542,59.887169188425474,59.887169188425474,8968400
2016-06-30,61.17535400390625,61.20947853603715,60.42463382279323,60.72321534320244,9535200
2016-07-01,61.55925369262695,61.704278081184206,61.1156412576891,61.31185570171726,6793100
2016-07-05,61.49950408935547,61.74690197250693,61.19239643324272,61.19239643324272,8359800
2016-07-06,62.19053649902344,62.318501864933204,61.33744273774353,61.40569180070725,18791500
2016-07-07,62.096702575683594,62.57443305242119,61.81518004106768,62.56590029145384,8022400
2016-07-08,62.8645133972168,62.88157241735928,62.071135534451415,62.40384175026346,11013200
2016-07-11,62.693851470947266,63.214239126060015,62.63413517488129,63.05215575593128,7375100
2016-07-12,63.000972747802734,63.09481358190145,62.77916654824314,62.8303565995808,10237200
2016-07-13,62.97538375854492,63.28249804578312,62.91566745317023,63.197189967903434,6401900
2016-07-14,63.248355865478516,63.691968160419684,63.01802346861134,63.39338020826849,4813200
2016-07-15,63.19718551635742,63.66638316594049,63.120403695661736,63.48723426243546,7131300
2016-07-18,63.22276306152344,63.34219563698701,62.992424159852824,63.21423030367969,3954300
2016-07-19,63.08626174926758,63.453092214772134,62.89858664639815,63.29953512436123,6634700
2016-07-20,63.65786361694336,63.76876347119239,63.29103301154811,63.376341092400395,6855000
2016-07-21,63.845550537109375,63.9735159362244,63.59815900970171,63.65787532814331,9230800
2016-07-22,63.9734992980957,64.05028112103165,63.64932601209328,63.83700768083796,5446500
2016-07-25,63.90526580810547,64.04175744472323,63.51283689492861,63.9905738945653,5868400
2016-07-26,63.79434585571289,63.88818668341627,63.538421650821455,63.65785424815514,6904200
2016-07-27,64.08438873291016,64.18675579167926,63.54693564002372,63.66636821431245,7983100
2016-07-28,64.02469635009766,64.18677975652678,63.709049281005875,63.982039053959184,5470100
2016-07-29,64.15266418457031,64.27209682013734,63.751715484361284,63.905272659888965,4889200
2016-08-01,64.5621337890625,64.8351235224979,64.21236223541068,64.21236223541068,9255100
2016-08-02,64.31475067138672,64.6133322442837,63.922328245780655,64.6133322442837,12149300
2016-08-03,64.13558959960938,64.3147385094705,64.00762423296887,64.27208121772736,9761200
2016-08-04,64.04173278808594,64.28059794164417,63.95642473447047,64.17823088074053,8415500
2016-08-05,64.1953125,64.32327787979101,63.83701464345685,64.32327787979101,8244400
2016-08-08,63.64931869506836,64.1441145814981,63.427512520360516,64.1441145814981,6655500
2016-08-09,63.80289840698242,64.02470466023074,63.623749455409325,63.990580120608655,11261100
2016-08-10,63.58962631225586,63.7773080300037,63.41900361039847,63.7773080300037,7031600
2016-08-11,63.956417083740234,64.0246661219033,63.64077016367596,63.76020272616806,6599800
2016-08-12,63.79434585571289,63.86259491378597,63.56401342045176,63.837003144155666,6211900
2016-08-15,63.90526580810547,64.05029020594615,63.79435943797687,63.79435943797687,4122500
2016-08-16,63.33367919921875,63.81994238421901,63.33367919921874,63.81141613276541,6042300
2016-08-17,63.46162414550781,63.51280767211575,63.06920192147774,63.19716724658439,7296300
2016-08-18,63.48723220825195,63.62373032569947,63.29102430015674,63.45310767889008,4180100
2016-08-19,63.436058044433594,63.47871533958786,63.1630682777788,63.359276214873795,4323500
2016-08-22,63.564022064208984,63.80288729135846,63.393399395824154,63.461648463178086,4090200
2016-08-23,63.62372970581055,63.98202749773666,63.58960517678115,63.7858130829647,8557900
2016-08-24,62.62560272216797,63.73462046907187,62.47204561769359,63.598128880976574,8670400
2016-08-25,62.096702575683594,62.710931193540276,61.82371280203502,62.45500043323679,8766500
2016-08-26,62.335575103759766,62.65974846394298,61.960211680375764,62.16495891599814,9974300
2016-08-29,62.47206497192383,62.62562212397116,62.20760145481539,62.36115860686272,7372100
2016-08-30,62.25876998901367,62.54881867117543,62.10521289004944,62.54881867117543,5497900
2016-08-31,62.071109771728516,62.25025869753337,61.83224453732204,62.17347686728015,4756800
2016-09-01,61.90900802612305,62.147873214874465,61.62748554998533,62.07109790788505,9501400
2016-09-02,61.97725296020508,62.16493459848026,61.80663033059681,62.03696925342101,8052300
2016-09-06,62.199092864990234,62.33558453413045,61.985819343728174,62.07965370517944,8735800
2016-09-07,62.199092864990234,62.420892640917,62.01993737956972,62.14790279404522,7561600
2016-09-08,62.250267028808594,62.301450583434566,61.94315268387199,62.00286900046576,4822200
2016-09-09,61.0047492980957,61.90049402739095,60.987683774533764,61.90049402739095,14135500
2016-09-12,61.90900802612305,62.07109790788505,60.646426517394914,60.663492035784735,13023400
2016-09-13,61.08150100708008,61.52511332787488,60.75732777925904,61.52511332787488,12194200
2016-09-14,61.08150100708008,61.482456044056555,60.834103079826775,61.055909240224175,13108500
2016-09-15,61.7127799987793,61.883402602087045,60.82556849592628,60.97059282729775,9613600
2016-09-16,61.7547721862793,61.84041055732429,61.51498213383777,61.652002220751974,8691000
2016-09-19,61.532100677490234,62.03737812058141,61.45502811184939,61.90891731072513,9919700
2016-09-20,61.720497131347656,61.95172131761681,61.694806281071855,61.797576215962,5286600
2016-09-21,62.337127685546875,62.45702272220914,61.54924414925502,61.92605432142664,8485900
2016-09-22,62.80811309814453,62.919448819316095,62.55976387503826,62.59401398362871,6501900
2016-09-23,62.61116027832031,62.86808188960168,62.60259448226747,62.71393022959046,5420400
2016-09-26,61.883209228515625,62.43130243312237,61.73761686652135,62.379914203212344,5534100
2016-09-27,62.31999206542969,62.328557862863725,61.669135203801694,61.8061552938011,7839000
2016-09-28,62.22576904296875,62.38847992510113,61.900334211131245,62.37991413116162,6522600
2016-09-29,61.12960433959961,62.22579778771173,60.949761786511296,62.14871867422279,8857900
2016-09-30,61.7547721862793,61.926048928369276,61.22380383173814,61.25806048691391,7453500
2016-10-03,61.7033805847168,61.7033805847168,61.223794022880924,61.480715628642564,9187900
2016-10-04,61.58348083496094,61.89177759082898,61.27517754530554,61.63486253864105,10594600
2016-10-05,61.823272705078125,61.96029276364217,61.65198946463863,61.74619361343346,12842100
2016-10-06,61.592063903808594,61.67770228764005,61.22381297292245,61.61775476557904,9308900
2016-10-07,61.549217224121094,61.84038889041452,61.18952573769439,61.532085635641124,9920400
2016-10-10,61.83183288574219,62.0202411861321,61.66055617654462,61.66055617654462,11039500
2016-10-11,60.28175354003906,61.53209173782297,60.01627269635105,61.53209173782297,12499700
2016-10-12,59.999141693115234,60.55580077120516,59.939194194477075,60.31601077665253,11746400
2016-10-13,60.02482986450195,60.24749479255252,59.45104575547455,59.648019832939866,13623100
2016-10-14,59.62232971191406,60.324574616247666,59.605198122122914,60.161857182167296,8382400
2016-10-17,59.425350189208984,59.64801509959005,59.296889412689666,59.52812011718175,8463000
2016-10-18,60.136173248291016,60.264634051352104,59.82786993445956,59.97345579549445,5495800
2016-10-19,59.913516998291016,60.26464280876296,59.89639193782866,60.21325455979828,5296700
2016-10-20,60.196136474609375,60.38454483047128,59.8792672821335,59.99060305630074,6876000
2016-10-21,59.69942092895508,59.88782927283878,59.54526924157651,59.88782927283878,5511600
2016-10-24,59.588077545166016,60.024835110863364,59.588077545166016,59.9648876096625,7384700
2016-10-25,59.41679382324219,59.699406269671805,59.339721265372766,59.519563767522286,7922100
2016-10-26,59.0571174621582,59.416802519098404,58.817327424198076,59.32259835650142,8073700
2016-10-27,59.33115768432617,59.742230943001566,59.17700602904637,59.511000193187975,6974700
2016-10-28,58.04654312133789,58.783044499505465,57.789628138540145,58.62032710341699,18469300
2016-10-31,57.686885833740234,58.038005105076365,57.661194976543534,58.029445841869936,12689000
2016-11-01,57.378562927246094,57.883833703372986,56.93323964207978,57.721122818643664,14908700
2016-11-02,57.07884216308594,57.71257390052216,57.07884216308594,57.267250485137126,17942900
2016-11-03,56.539283752441406,57.50701580272302,56.48790206261604,57.26722587182387,22074200
2016-11-04,56.93325424194336,57.40426849633792,56.633510176488095,56.69345768282152,21382600
2016-11-07,58.389122009277344,58.54327366274716,57.51560032880682,57.54985044398882,17367800
2016-11-08,58.55184555053711,58.94578725399532,57.9352388725022,58.01231144036237,15943900
2016-11-09,60.615745544433594,61.29229958938056,58.551833298014245,58.551833298014245,49750100
2016-11-10,61.28373336791992,61.72906322078334,60.855535104513464,61.60916822973249,28378900
2016-11-11,60.367408752441406,61.1124763224556,60.101927834594676,61.1124763224556,15866100
2016-11-14,60.17898178100586,60.70138419128648,60.05908678852707,60.63287743400364,17406200
2016-11-15,60.35026550292969,60.41021299966003,59.79360644255526,60.41021299966003,10371600
2016-11-16,60.09335708618164,60.48729879864938,60.01628451655881,60.19612704613396,7585000
2016-11-17,60.333152770996094,60.35028436615209,59.964901880612025,60.110494304281374,12856200
2016-11-18,59.69084167480469,60.54723829300153,59.65659155980997,60.38452737851974,12185000
2016-11-21,59.90494918823242,59.96489669851951,59.75079751409582,59.81931082122066,6791800
2016-11-22,59.03998565673828,59.87925069370643,58.63747819595677,59.87925069370643,14522100
2016-11-23,59.271209716796875,59.27977551251966,58.05512807567014,58.05512807567014,13676000
2016-11-25,59.50242614746094,59.55380784185886,59.27119545509796,59.44247865940131,4009300
2016-11-28,59.0571174621582,59.39967745943918,58.96291329956122,59.39111166271532,6507200
2016-11-29,59.44249725341797,59.61377397751168,59.1855756334892,59.19414142983035,7093900
2016-11-30,58.877262115478516,59.50243446444373,58.8515712646886,59.48530287472573,8640700
2016-12-01,58.449058532714844,59.091355879228196,58.27778185382588,58.945770048793925,11360700
2016-12-02,58.58610534667969,58.81732959645559,58.35487456311504,58.551848692307566,7964500
2016-12-05,58.48332595825195,58.91152426821093,58.29491765646397,58.82588591297667,5832100
2016-12-06,58.646026611328125,58.66315166395549,58.312026014129216,58.654585870748896,5490800
2016-12-07,58.14076232910156,58.18358477090621,57.35287905667935,58.18358477090621,12758900
2016-12-08,58.25210952758789,58.31205704436292,57.62694350033241,57.96093774147751,7586600
2016-12-09,58.96290588378906,59.07424162583106,58.45763501503369,58.45763501503369,12100200
2016-12-12,59.24552917480469,59.33116754557431,58.85158744223333,58.96291667085495,15018100
2016-12-13,59.72509002685547,59.81072837002114,59.28833251657453,59.45960920290587,11041400
2016-12-14,59.41679382324219,60.0334004213477,59.211260468469526,59.71653786061226,11682200
2016-12-15,59.802188873291016,59.86213638669763,59.44250379285137,59.656602988416246,8210100
2016-12-16,59.84950256347656,60.09894795123908,59.67746786719932,59.93551663038886,8257100
2016-12-19,59.60003662109375,60.159137706882134,59.522619393855166,59.89248566022744,9318300
2016-12-20,59.55704116821289,59.76348278401266,59.419419986798395,59.62585504014614,4885000
2016-12-21,59.2215690612793,59.61723889647126,59.118354837938284,59.59143534063601,5432300
2016-12-22,59.299007415771484,59.316207604972135,58.903337439627,59.14417946315382,4458400
2016-12-23,59.746273040771484,59.780679975013896,59.316196206418866,59.316196206418866,4188700
2016-12-27,59.866695404052734,60.210758191925535,59.80648490835888,59.82369165710104,5141200
2016-12-28,59.41080856323242,59.995713270518316,59.40220518979334,59.92689940790794,4558800
2016-12-29,59.514034271240234,59.70326912781837,59.419416842951165,59.445220402947875,5539200
2016-12-30,59.299007415771484,59.58285319352641,59.109772522299565,59.522642687644705,6649000
2017-01-03,60.073123931884766,60.09033067875943,59.53983290289081,59.61724357647336,11792900
2017-01-04,60.54621124267578,60.70964252629217,60.167741559543586,60.167741559543586,9174500
2017-01-05,60.855857849121094,60.87305803099966,60.44298129708361,60.49459496761965,5979300
2017-01-06,61.02788543701172,61.199920066693174,60.65801918625922,60.87305755152346,5769300
2017-01-09,61.285945892333984,61.38916669000357,60.916079570415526,61.02789717938571,5751900
2017-01-10,61.5009880065918,61.85365416471833,61.25154265235756,61.38917039088063,10320500
2017-01-11,60.88166427612305,61.79342489506631,60.25375588994719,61.57838651796079,23742000
2017-01-12,60.94188690185547,60.97629383654198,60.43439938074603,60.58062393132484,9358900
2017-01-13,61.00210189819336,61.208543521545394,60.85587733682487,60.99350508572623,5279000
2017-01-17,60.69243621826172,60.79565701325818,60.19355211524019,60.62362891738196,6038200
2017-01-18,60.61503601074219,60.95049544934317,60.49461501034452,60.81286769891593,6174200
2017-01-19,60.22794723510742,60.735441229877175,60.13333638433743,60.59781351521059,6470700
2017-01-20,60.073123931884766,60.52901084974731,60.021516816163064,60.22795184150101,7006900
2017-01-23,59.82369613647461,60.159155575094275,59.60005432324405,59.995724262065906,10003700
2017-01-24,59.41080856323242,59.80647842956536,59.135559675242064,59.76347468727223,8703500
2017-01-25,59.969913482666016,59.99571704215426,59.4280124836066,59.46241941707478,6553800
2017-01-26,59.50541305541992,59.944093131188446,59.49680968385003,59.84087235969888,6612500
2017-01-27,59.99570846557617,60.038718766875824,59.62584218673123,59.64304236978072,7264900
2017-01-30,59.703277587890625,59.969923162243106,59.45383220182269,59.84950215689343,7281900
2017-01-31,60.65803146362305,60.65803146362305,59.34199745182875,59.385007758567056,14342500
2017-02-01,61.182716369628906,61.182716369628906,60.53760124170703,60.658022207256415,19490500
2017-02-02,61.1655158996582,61.19992282714644,60.692428849757995,60.88166366971808,14539400
2017-02-03,61.43216323852539,61.49237372283423,61.07090033267237,61.36334938147226,15104800
2017-02-06,61.5009880065918,61.5009880065918,61.199935531637294,61.3203565216191,11561600
2017-02-07,61.56121063232422,61.78485247026733,61.354775546313,61.5440104428454,11278000
2017-02-08,61.46656799316406,61.53538184778345,61.062294800338115,61.23432943688659,6812900
2017-02-09,61.69023895263672,61.87087048471223,61.40638658975228,61.45799372393,7869200
2017-02-10,61.81062316894531,61.94824429895736,61.63859511581785,61.78481961722115,4440300
2017-02-13,62.18912887573242,62.22352925637552,61.87086957393001,61.87086957393001,6465200
2017-02-14,62.67940139770508,62.67940139770508,62.07728988064491,62.120300189882,10403000
2017-02-15,63.35892868041992,63.479349681004265,62.48156817621702,62.54177867650919,10091700
2017-02-16,63.27287673950195,63.436307971887814,62.84280007528576,63.37609750139551,11332600
2017-02-17,63.35892868041992,63.39332905562772,63.032066053874686,63.032066053874686,12118400
2017-02-21,63.642757415771484,63.84919898653645,63.35030836753034,63.35030836753034,10651800
2017-02-22,63.54814910888672,63.77179089470228,63.49654199002603,63.565355856807976,6634300
2017-02-23,64.01261138916016,64.12443552577567,63.53953097927312,63.61694163159216,8685600
2017-02-24,64.32227325439453,64.35668017952125,63.88359316209125,63.90940327777376,9103000
2017-02-27,64.63195037841797,64.6663573149159,64.22767707763238,64.36530482362411,8178200
2017-02-28,64.5029296875,64.70937131826653,64.31369480719026,64.45132256103462,10258600
2017-03-01,65.14802551269531,65.31145678084074,64.70074857152166,64.88998339517416,15196600
2017-03-02,64.94160461425781,65.2770640336267,64.93300123973626,65.04482542116052,7889300
2017-03-03,65.19966125488281,65.25126838336487,64.8211914794737,64.84699504371473,6635300
2017-03-06,64.95021057128906,65.15664563085069,64.71796538713654,65.10503850657334,5886900
2017-03-07,64.49433135986328,64.8211874238876,64.2878897339457,64.4169141095311,12330600
2017-03-08,64.75233459472656,64.97597627370557,64.44267890458592,64.48568919139095,8130000
2017-03-09,65.10501861572266,65.19103265072334,64.70074543252416,64.7437491687994,8451400
2017-03-10,65.3544692993164,65.44908015190254,65.11362079402657,65.38027285569906,10455800
2017-03-13,65.3028564453125,65.41468060764457,65.04481431579025,65.41468060764457,6898500
2017-03-14,65.06198120117188,65.33722993592905,64.9931673768707,65.12219165682352,7296300
2017-03-15,65.879150390625,66.01677809428296,65.15662463377112,65.15662463377112,11044900
2017-03-16,65.24263763427734,65.715724655048,64.99319234718463,65.715724655048,12129400
2017-03-17,64.88351440429688,65.20292076866427,64.84898274048174,65.08206323843206,10401000
2017-03-20,64.78856658935547,64.9957500263423,64.65907447139769,64.90078957892277,4728300
2017-03-21,64.27922058105469,65.08206365776523,62.440453928181526,64.85761113464146,16650400
2017-03-22,64.2965087890625,64.4605260091188,63.97709574159552,64.3742001165244,9954300
2017-03-23,64.0979232788086,64.54682166173801,63.977065768549124,64.21878078906806,13250500
2017-03-24,64.13248443603516,64.41736580678709,63.864872195400935,64.13248443603516,9229500
2017-03-27,64.30513763427734,64.4173672237811,63.554095113720344,63.67495268222937,6946300
2017-03-28,64.34831237792969,64.43463828309505,63.97710505809865,64.17565398135456,7392300
2017-03-29,64.36556243896484,64.52095167261818,64.21880777002644,64.37419700367978,4357800
2017-03-30,64.37419128417969,64.50368339842625,64.11520705568658,64.28786540342949,7137400
2017-03-31,64.1928939819336,64.36554571391105,64.12383065464606,64.21879108310607,5895400
2017-04-03,64.24470520019531,64.56411823381917,63.994355512151174,64.26197432971182,12354800
2017-04-04,64.2101821899414,64.29651467668467,64.02889582301982,64.22745132178767,5228600
2017-04-05,64.01162719726562,64.67634381283995,63.96846095799414,64.29650856947322,6470100
2017-04-06,64.12384796142578,64.24470552367725,63.83896659915735,64.02888750733631,5253300
2017-04-07,64.236083984375,64.40010121459045,63.9943622493978,64.16702063152437,5638200
2017-04-10,64.11522674560547,64.43463984734039,64.05479795189828,64.21882178606548,4530000
2017-04-11,64.02887725830078,64.17563190522341,63.674939193002565,64.01161471770371,5472600
2017-04-12,64.02887725830078,64.13247226060965,63.76989963189182,63.959813923428214,3782200
2017-04-13,63.86488723754883,64.16703122333932,63.86488723754883,63.951213149739694,6671100
2017-04-17,64.0979232788086,64.11518581474266,63.735350748030186,63.78714494207272,6149900
2017-04-18,63.398704528808594,63.74400809653073,63.15698939690575,63.74400809653073,7519500
2017-04-19,63.58863067626953,63.76991704011688,63.476401079904086,63.605893221579024,5023100
2017-04-20,63.98576736450195,64.11525298526425,63.42463885829211,63.718148380349646,7307300
2017-04-21,63.605892181396484,63.933933226863644,63.45913749681201,63.87350443990275,6763000
2017-04-24,64.236083984375,64.39146664892316,64.1497515001898,64.21881485304043,5450000
2017-04-25,64.51233673095703,64.69362310914687,64.31378121984753,64.49506759803737,9035700
2017-04-26,64.86626434326172,65.12524860486911,64.6936125596857,64.74540677750984,6240400
2017-04-27,65.00440979003906,65.30655379157406,64.75406002126856,64.88355218942506,6962800
2017-04-28,65.17704772949219,65.21157940605575,64.95259512495096,65.05619015464164,5781100
2017-05-01,65.32381439208984,65.45330655638416,65.17705967947064,65.28928270919502,7182000
2017-05-02,65.50507354736328,65.52234267475187,65.00438081921375,65.38421600061245,5243800
2017-05-03,65.1856918334961,65.35834365533334,65.03893054006512,65.30654942603114,8094100
2017-05-04,65.61731719970703,65.61731719970703,65.31517326798267,65.41012714402999,4275400
2017-05-05,65.58279418945312,65.78134311957395,65.31518189831436,65.76408057244176,5720100
2017-05-08,65.17704772949219,65.58278669630924,65.08208726550336,65.53099247458583,6558500
2017-05-09,65.25474548339844,65.37560965638635,65.13388789665504,65.2115858231298,3830200
2017-05-10,65.0648193359375,65.15977979206794,64.79720051127751,65.15114522708062,4314900
2017-05-11,65.0993423461914,65.12523945146361,64.77129478276362,64.96121566974972,6791600
2017-05-12,64.98710632324219,65.16839262839235,64.94394668082079,65.07343219432677,2638000
2017-05-15,65.41012573242188,65.44465740762283,64.96122712729671,65.02165591233748,7320800
2017-05-16,65.15978240966797,65.40149754907623,64.97848946886819,65.34106876422416,5471700
2017-05-17,64.30513763427734,64.81447160405982,64.30513763427734,64.63318525129628,11434000
2017-05-18,64.59001922607422,64.96122649808444,64.27060617324194,64.27060617324194,10690500
2017-05-19,64.77131652832031,64.97850002629775,64.61592725827609,64.70225316691295,9209800
2017-05-22,64.94396209716797,65.02165342371387,64.57275483576974,64.71087494504357,4999100
2017-05-23,65.15978240966797,65.29790252379686,64.97848946886819,65.03029027462966,4216100
2017-05-24,65.32381439208984,65.37561520955461,65.03893294789135,65.19432222779552,5186400
2017-05-25,65.63458251953125,65.76407466324328,65.31517602945145,65.47055869841307,4479400
2017-05-26,65.51371002197266,65.77269425041698,65.4446466828885,65.58277336105681,4507400
2017-05-30,65.41874694824219,65.58277072541463,65.30652396642235,65.30652396642235,4651200
2017-05-31,65.677734375,65.82448903214394,65.48781348399369,65.54824225965547,5884400
2017-06-01,66.4029312133789,66.4547320514611,65.72094502381803,65.79000841709582,9149900
2017-06-02,66.83450317382812,66.92082903916126,66.53235935204147,66.5927881163988,4833000
2017-06-05,66.64458465576172,66.90356884708578,66.4891954582156,66.83450551790048,5558900
2017-06-06,66.4805908203125,66.72230597107556,66.36836122442686,66.51512249702778,4316500
2017-06-07,66.66184997558594,66.73091330082853,66.44603202388369,66.56688954993766,4415700
2017-06-08,66.4719467163086,66.78272517590766,66.29929494375043,66.61870138160734,6304400
2017-06-09,66.92085266113281,67.12804271455668,66.47195405120179,66.55827994700655,13419000
2017-06-12,66.83450317382812,67.11074989463897,66.51509681347137,66.86903483720965,7700600
2017-06-13,66.9726333618164,67.05895923170537,66.73954626825034,66.89493546854715,5592500
2017-06-14,67.29206085205078,67.4819817771396,67.05898027159691,67.0848773820647,6782300
2017-06-15,67.2229995727539,67.27479379021193,66.85179231307028,67.0330786604167,8186000
2017-06-16,67.33391571044922,67.4725842526333,66.978565586136,67.3079157720644,14165200
2017-06-19,68.03596496582031,68.09663371466972,67.3946086762126,67.42927747732622,8294400
2017-06-20,68.26129913330078,68.63398042663346,68.00128646822338,68.02728641225177,7697200
2017-06-21,69.12799072265625,69.15399066349606,68.35662828656072,68.39995931716177,9481200
2017-06-22,69.84735870361328,70.27204651851618,69.21467132614093,69.2406712714621,12341100
2017-06-23,69.74337005615234,69.8907075114247,69.48335733663797,69.7607011516675,8779600
2017-06-26,69.67401885986328,69.942693768533,69.57001246986363,69.942693768533,7434400
2017-06-27,69.04134368896484,69.7606998564555,69.02400598137345,69.67403115569256,8428000
2017-06-28,69.40535736083984,69.57869476526587,69.2320133440157,69.26668214738052,8674200
2017-06-29,68.77264404296875,69.38800025275111,68.347962892183,69.32733151692457,8445800
2017-06-30,68.67732238769531,69.04134149919096,68.67732238769531,69.04134149919096,7817400
2017-07-03,68.79865264892578,69.11933407147583,68.7899904087142,68.91132789564729,5904200
2017-07-05,69.20602416992188,69.29269288562915,68.65133645451635,68.89401150345637,8955500
2017-07-06,68.31331634521484,69.04134802461809,68.2179787846692,68.91134165911053,6367700
2017-07-07,68.65997314453125,68.7379729684073,68.38262941675626,68.5559667669671,4371400
2017-07-10,68.52997589111328,68.71198211663005,68.35663851797263,68.68598217189864,3580000
2017-07-11,68.4520034790039,68.63400977743296,68.10532198144398,68.48666567760027,4117500
2017-07-12,68.91999053955078,69.14533442191662,68.77265310632576,68.78999081164467,8808200
2017-07-13,68.98066711425781,69.19734216856178,68.51265481587141,68.98066711425781,9437700
2017-07-14,69.44868469238281,69.59602875190451,68.98933464405661,69.12800985010108,5750000
2017-07-17,69.19734191894531,69.58736098272425,69.18001082411858,69.5353610858462,5743700
2017-07-18,69.24934387207031,69.31868147161099,68.78132499376686,69.11066867298895,8042700
2017-07-19,69.81269073486328,69.81269073486328,69.54400922654202,69.54400922654202,8177900
2017-07-20,70.27204132080078,70.38470994632465,69.86469124117329,69.97735986669717,8276800
2017-07-21,70.19403839111328,70.29804478230726,70.07270090758544,70.12470740938089,4043600
2017-07-24,70.16804504394531,70.23738264459408,69.8647013066039,70.13337624362093,4476800
2017-07-25,69.6653823852539,70.38474537252281,69.56138255931619,70.33274545955396,8486000
2017-07-26,69.43133544921875,69.57867285783026,69.24066039694691,69.50933527293212,4964100
2017-07-27,68.95464324951172,69.50066842890911,68.66863730245113,69.50066842890911,12536800
2017-07-28,69.30134582519531,69.38801452099828,68.68598948887731,68.98066437708692,6426100
2017-07-31,69.24069213867188,69.52670484819527,69.23202328348657,69.38802961482668,5516800
2017-08-01,69.08466339111328,69.49201349145989,68.99799470457924,69.49201349145989,8678800
2017-08-02,68.92868041992188,69.07601789809436,68.68600537060266,69.07601789809436,7718500
2017-08-03,69.04134368896484,69.18001228770595,68.73799331769752,68.96333722959959,8003600
2017-08-04,68.88533020019531,69.36201131088862,68.79865489607168,69.36201131088862,3930100
2017-08-07,69.03267669677734,69.04134555080681,68.75533287941796,68.81600163282788,4583300
2017-08-08,68.71198272705078,69.06733294126198,68.57331414978574,68.9459954565062,4423300
2017-08-09,68.78999328613281,68.85932427271096,68.4259741977099,68.54731168971841,4886500
2017-08-10,67.93197631835938,68.64267039595366,67.92331407511513,68.58200163124681,7054700
2017-08-11,68.12264251708984,68.4606551063859,67.96663619799946,67.96663619799946,8318600
2017-08-14,68.58196258544922,68.69463780746925,68.41729409636679,68.41729409636679,3955800
2017-08-15,68.58196258544922,68.80730641709361,68.56463149642842,68.66863786774022,4653800
2017-08-16,68.77264404296875,68.90265036613883,68.6166377776439,68.69464421650446,3756900
2017-08-17,67.91460418701172,68.85064165901294,67.8886042481887,68.55596025676273,7133400
2017-08-18,67.60262298583984,68.06197308404192,67.55928532614594,67.66329174197223,8434600
2017-08-21,67.90596008300781,67.99262878146696,67.44661003001625,67.54194758204066,10269000
2017-08-22,68.72933959960938,68.8073394562496,67.87997035704473,67.92330801899962,5455500
2017-08-23,68.20928955078125,68.51263985046346,68.18328960792768,68.49530214696344,5662500
2017-08-24,68.40865325927734,68.50399081892202,68.14864053071943,68.27864689499839,5502800
2017-08-25,68.42596435546875,68.81598333430867,68.37396446991534,68.55597068174872,5476500
2017-08-28,68.78999328613281,68.90266192517002,68.59931819514875,68.61664928869395,7432800
2017-08-29,68.91999053955078,68.98932813603214,68.44330944163504,68.50397818545693,4243500
2017-08-30,69.27532196044922,69.44865929221059,68.82464093043244,68.84197201865044,3667900
2017-08-31,70.45404815673828,70.52338574800748,69.44867292052474,69.44867292052474,6987200
2017-09-01,70.40205383300781,70.70539755328652,70.13337229870623,70.5580601194936,6471600
2017-09-05,70.09870910644531,70.5233969611969,69.77803426753222,70.10737795983147,8076900
2017-09-06,70.43672180175781,70.50605940419896,70.02937826531094,70.34139086389838,8791000
2017-09-07,71.21674346923828,71.37274974700077,70.41071213619819,70.42804984061446,7251000
2017-09-08,71.53742980957031,71.65876729926343,70.99141110595127,71.11274859564439,4302600
2017-09-11,72.09210968017578,72.10944077154257,71.70209730665573,71.85810357854305,6286200
2017-09-12,72.24812316894531,72.25679202169292,71.97077939259685,72.10944797457248,6984800
2017-09-13,71.97943878173828,72.29145131565762,71.84076360559797,72.16144499112518,5873800
2017-09-14,72.07479858398438,72.18746724011673,71.69344834415429,71.7801170498252,6373800
2017-09-15,71.84426879882812,72.25311848442232,71.76598182247481,72.25311848442232,7091300
2017-09-18,71.8268814086914,72.11394695878735,71.71379799656572,71.92256992539005,7783100
2017-09-19,71.26144409179688,71.94865853677548,71.18315711493644,71.86167079468412,7329200
2017-09-20,71.33103942871094,71.40932640830259,70.8178070867491,71.28754223777811,5101800
2017-09-21,70.96565246582031,71.36580120853407,70.93085605731439,71.28750763021164,4527900
2017-09-22,70.96565246582031,71.06134093002755,70.6003001316125,70.86996400161308,6473300
2017-09-25,70.75690460205078,71.19184994129154,70.65252196814608,70.86999463776645,12439300
2017-09-26,70.64381408691406,71.15705298662246,70.61771843106658,70.95697523056089,4579400
2017-09-27,70.61772918701172,70.82650110232862,70.31326876118717,70.82650110232862,5384700
2017-09-28,70.6786117553711,70.91347929888549,70.4524383394671,70.5568276014394,4229000
2017-09-29,71.09615325927734,71.13094303883753,70.51332158220838,70.6873036636983,6902700
2017-10-02,71.81817626953125,71.82687703508495,71.2266503099309,71.30494392643513,8764900
2017-10-03,71.80076599121094,72.0269393899707,71.52240128379051,71.92255013591124,5141700
2017-10-04,72.14871215820312,72.17480780841868,71.83555108214237,71.90514390720855,3291100
2017-10-05,72.20092010498047,72.20962086930402,71.87036406481008,72.14872879251635,7709600
2017-10-06,72.10523986816406,72.3836046277604,71.99215646595722,72.0704434436221,4035900
2017-10-09,71.65290832519531,72.11394939207813,71.53981827251374,72.09654785932396,4558800
2017-10-10,71.81817626953125,71.81817626953125,71.42672809722878,71.67899720436975,4037700
2017-10-11,71.95735931396484,72.0356462908383,71.75728153405608,71.77468306452083,4031600
2017-10-12,71.87908172607422,72.04436311864292,71.79209396457414,71.9312796923669,4731600
2017-10-13,71.69635772705078,71.7920461920492,71.52238231981893,71.6441664322285,5909600
2017-10-16,71.38319396972656,71.92252833041097,71.25271573763335,71.64416370738525,10219700
2017-10-17,72.3401107788086,72.53148114996146,71.53111219609936,71.53111219609936,8437800
2017-10-18,72.44448852539062,72.83594327969931,72.3575007922349,72.5227821309478,6938700
2017-10-19,72.88812255859375,72.90551744765759,72.25309960159436,72.35748884618998,6410400
2017-10-20,72.96640014648438,73.0272922054963,72.71413114865304,72.91420884925606,6343800
2017-10-23,72.78373718261719,73.3404665765769,72.74894076590246,73.06210187959704,7159600
2017-10-24,72.296630859375,72.8011691576493,71.87908032090026,72.79246839064714,7145500
2017-10-25,72.19223022460938,72.40100877941923,71.91386545493584,72.22702665041102,6819100
2017-10-26,71.47019958496094,71.88774326702101,71.03525437805169,71.67897142599097,13466900
2017-10-27,71.45280456542969,71.5310981609048,71.18314063635069,71.21793705247987,6122000
2017-10-30,70.68730926513672,71.26143358770398,70.53072869775686,71.21794304143855,5884000
2017-10-31,70.55683135986328,70.86129176091055,70.43504719944437,70.64381909777121,6548600
2017-11-01,70.73079681396484,71.02656304503203,70.53941983563983,70.67860550596276,7427800
2017-11-02,70.4089584350586,70.87870022983779,70.25237783679886,70.86129869850913,10200300
2017-11-03,70.99177551269531,71.0352726992998,70.33065676939268,70.33065676939268,6862700
2017-11-06,70.77430725097656,70.95698349993668,70.72211593319919,70.8786965232706,4853200
2017-11-07,70.92216491699219,71.02655415667097,70.6698958986547,70.89606926625679,4439800
2017-11-08,71.08744812011719,71.16573507441522,70.75688550400356,70.84387985776235,6186200
2017-11-09,71.09615325927734,71.16573945513551,70.66120801065927,70.91347041452849,7086400
2017-11-10,70.63512420654297,70.92218973857486,70.19148471530046,70.92218973857486,4826300
2017-11-13,70.70470428466797,70.84388996114203,70.20016616255701,70.40024391330388,4704000
2017-11-14,70.41766357421875,70.54814853262727,70.09580819845053,70.46986153962656,7430100
2017-11-15,70.21754455566406,70.43501712594957,69.97397633882207,70.15665250145356,4952300
2017-11-16,70.94827270507812,71.0352670713948,70.32195043333289,70.32195043333289,4780500
2017-11-17,70.66991424560547,70.8960876719255,70.55683085081492,70.62642369533476,6129800
2017-11-20,70.37413024902344,70.72208771442602,70.26104025664402,70.66119565573582,4898500
2017-11-21,70.99177551269531,71.15705685770568,70.73080566654617,70.75690132381331,7974500
2017-11-22,70.96565246582031,71.26141198301627,70.85256247899196,70.99174811301569,4853100
2017-11-24,71.1309585571289,71.15706085260035,70.90479175695701,71.06137234608946,1650600
2017-11-27,71.19184875488281,71.31363955364063,71.07006459286406,71.13095667387344,4241400
2017-11-28,71.71378326416016,71.77467534075548,71.17444870235965,71.36582569644172,8290400
2017-11-29,72.07044982910156,72.33141971791866,71.77469014939948,71.77469014939948,8144600
2017-11-30,72.60977935791016,72.82725203760356,72.0791454885191,72.2966181682125,10639600
2017-12-01,72.46187591552734,72.76633624053632,71.4788954761218,72.57495928289144,15315400
2017-12-04,71.57457733154297,72.89681438742033,71.57457733154297,72.87941286375165,9770300
2017-12-05,71.45280456542969,71.97473753389198,71.39191249638804,71.61808588285889,13240800
2017-12-06,71.39191436767578,71.73117113790558,71.07875325104243,71.49630361879954,8533000
2017-12-07,71.40929412841797,71.54847976709388,71.13092948780269,71.34840207068139,3979200
2017-12-08,72.20962524414062,72.21831937225231,71.56590137996956,71.61809933233472,8444100
2017-12-11,72.51407623291016,72.5575734147779,72.15741792446144,72.27050794262233,6588600
2017-12-12,72.80113220214844,72.9142155688101,72.5401624184833,72.5401624184833,6068600
2017-12-13,73.05341339111328,73.26218527077637,72.76634790861505,72.79244356398063,8459800
2017-12-14,72.31401062011719,73.21000360505424,72.2444244088875,73.11431509828174,6772100
2017-12-15,73.1096420288086,73.13584200539064,72.58562250735861,72.58562250735861,8012200
2017-12-18,73.13583374023438,73.53758221671968,73.09216933862211,73.34544685574157,5655400
2017-12-19,73.04850769042969,73.50266283597146,73.01357216667495,73.24938528620198,4777100
2017-12-20,72.81270599365234,73.31925446303255,72.8039704463252,73.20571900086065,4686700
2017-12-21,72.64676666259766,73.08345075971275,72.5943667031904,73.03977968469303,4304200
2017-12-22,72.41096496582031,72.62930702880261,72.23628731747189,72.54196487299292,7023600
2017-12-26,72.42841339111328,72.52448441065384,72.27120687398049,72.34980680091213,2504100
2017-12-27,72.55067443847656,72.74281645121205,72.47207452232217,72.48080340416027,4053300
2017-12-28,72.6554946899414,72.78649457490017,72.42841711722981,72.68169466693315,5380600
2017-12-29,72.2100601196289,72.89128603325216,72.13145354168167,72.77775060207111,4877200
2018-01-02,73.02228546142578,73.05722097453466,72.3759951270811,72.48079500313992,6708900
2018-01-03,73.72099304199219,73.77339298758787,72.80395401445503,73.01356046010656,7606500
2018-01-04,73.82582092285156,74.09656296210105,73.64241438046275,73.95682749977823,7762500
2018-01-05,74.45464324951172,74.52451430863763,73.92188808440075,74.06163020265258,7579300
2018-01-08,74.18389892578125,74.46337649035392,73.8083503237051,74.36730545285043,5167300
2018-01-09,75.0572738647461,75.21448042534082,74.34111212498594,74.41097652492812,6962900
2018-01-10,74.9262466430664,74.94371107242225,74.36729161790645,74.803975647767,10835800
2018-01-11,75.2493896484375,75.26685407649934,74.84763450705614,75.05724762341224,4247800
2018-01-12,75.82582092285156,75.91315640336201,75.32800135434495,75.38913685702927,5391700
2018-01-16,76.20137786865234,76.8127329627487,76.07910684983308,76.29744890676331,8920000
2018-01-17,76.93497467041016,77.10091670270216,76.35855532462291,76.5506973276414,7214600
2018-01-18,76.95246887207031,77.03106880785688,76.50704924613567,76.94373332478173,7954800
2018-01-19,77.24067687988281,77.2668768567541,76.8563927837179,77.2494057633267,4802400
2018-01-22,77.74724578857422,77.79091687037375,77.07475510645371,77.21449723759497,11152500
2018-01-23,77.37168884277344,77.88697956700688,77.30182444796672,77.7385085660452,7637600
2018-01-24,77.59874725341797,77.88696029923626,77.32800529943246,77.7559537635671,8291100
2018-01-25,78.26251983642578,78.3411197709353,77.67736477973232,77.9743067500173,6339300
2018-01-26,79.9480972290039,79.96556165491758,78.60310988253283,78.6205743084465,9784400
2018-01-29,79.72978210449219,80.16646619532852,79.72104655695973,79.73851765202463,12643800
2018-01-30,78.05290985107422,78.69920038230059,77.9219033028239,78.15770975905859,14270600
2018-01-31,76.94371032714844,78.68171057497483,76.67296841155616,78.45463971950244,15858400
2018-02-01,76.96992492675781,77.31927348430918,76.45464096840341,76.64678300822014,12848700
2018-02-02,75.88695526123047,77.01360093335867,75.86949083070435,76.34111041414894,10539200
2018-02-05,72.52447509765625,75.97427582200864,71.93932017251868,75.51139187635448,34979800
2018-02-06,73.3280029296875,73.64241605615729,71.09218217547703,71.12711770767051,33313400
2018-02-07,73.24064636230469,74.27122094410505,72.86509782834516,73.11837536643596,17338000
2018-02-08,70.69914245605469,73.45898874995844,70.63800695781097,73.22317564011156,20252500
2018-02-09,71.70352935791016,72.31489110841089,69.48517328482153,71.34545185346707,35535700
2018-02-12,72.37601470947266,72.93496974391255,71.52011106489743,72.16640157410549,13389200
2018-02-13,72.42841339111328,72.59435545455052,71.5113742639604,71.9567938397149,8415200
2018-02-14,73.24939727783203,73.38039718427095,71.89567382961518,71.96554488856322,10110800
2018-02-15,74.0616226196289,74.08782259830082,73.00484128254625,73.74720954902536,9519100
2018-02-16,74.59437561035156,75.118395158709,73.69480083413502,73.69480083413502,9323000
2018-02-20,73.77339935302734,74.48082533268352,73.56379288929021,74.23628334777864,8872100
2018-02-21,73.46772766113281,74.75157318305011,73.45899211433519,73.76466961955359,9417400
2018-02-22,73.35418701171875,74.22755513741745,73.179516051887,73.70353559465222,6316100
2018-02-23,74.52449798583984,74.55069796145585,73.46772343528741,73.79086535224417,5498500
2018-02-26,75.46772766113281,75.55506312336713,74.6554952021432,74.6554952021432,6266100
2018-02-27,74.68171691894531,75.72102054969588,74.68171691894531,75.46774963445415,7460700
2018-02-28,73.48519897460938,75.02232885474751,73.46773454264813,74.92625782078447,6279000
2018-03-01,72.31488800048828,73.72974018820526,71.76466178235798,73.35419160411251,12720300
2018-03-02,73.04850769042969,73.2057142156911,71.91312648984511,71.92186203660125,11206000
2018-03-05,73.7122802734375,73.9306223319114,72.55943447122623,72.71664101985826,11028800
2018-03-06,73.60746765136719,74.0004873223582,73.2406546223918,73.87820964942945,9573300
2018-03-07,73.98301696777344,74.0616235680661,72.95244225943539,72.97864223844282,6868200
2018-03-08,74.48082733154297,74.5419628294099,74.06161439281819,74.18388538855204,6403000
2018-03-09,75.55508422851562,75.58128420817762,74.6555160560112,74.93499361118995,8253100
2018-03-12,75.2319107055664,75.69479462849006,75.14457524783391,75.58125919976466,5760200
2018-03-13,75.32798767089844,75.85200712204222,75.16204562378319,75.52012969108056,6400700
2018-03-14,74.96117401123047,75.76467093958973,74.71663204723146,75.59000001195295,9416400
2018-03-15,74.83892822265625,75.44154779015435,74.74285718113448,75.22320572547231,5883100
2018-03-16,74.83892822265625,75.24208829656895,74.8301619835091,74.8301619835091,7067700
2018-03-19,73.62942504882812,74.79508039814849,73.03344801954617,74.69867854430565,7190200
2018-03-20,73.7345962524414,73.99752986254519,73.31391050029072,73.79594653657503,5534400
2018-03-21,73.41910552978516,74.26049071611907,73.35775522314435,73.85732391627153,5498700
2018-03-22,71.30687713623047,72.76175830957656,71.18417655606923,72.70917425713036,14648500
2018-03-23,69.82569885253906,71.52598791191079,69.77311479888601,71.37699530210695,11049000
2018-03-26,71.27180480957031,71.36821334448585,69.80815768738537,70.61447753697098,9183500
2018-03-27,70.43042755126953,71.73631587629087,70.02726762162129,71.5259730187959,10948400
2018-03-28,70.80731201171875,71.49093147339175,70.53561881199755,70.63202068393052,10146800
2018-03-29,71.3419418334961,71.85903622699419,70.70214016209125,71.18418297525112,6914900
2018-04-02,69.72052001953125,71.41204258084605,69.01060197102638,71.04393420186308,11364900
2018-04-03,70.78101348876953,70.91248030087611,69.66793539117096,70.0973940898311,8590700
2018-04-04,71.7889404296875,71.99051714614689,69.93089203412194,69.93089203412194,9085800
2018-04-05,71.73633575439453,72.10443752868129,71.46464254289918,72.04308723296683,8031300
2018-04-06,70.00975036621094,71.4909302999781,69.378721656572,71.14035433683624,12171800
2018-04-09,70.70211791992188,71.6837290276058,70.18502368909638,70.38660030269057,6952600
2018-04-10,71.89408874511719,72.17454817216169,71.15788525663044,71.40328641945935,8097800
2018-04-11,71.30687713623047,71.78891990592112,71.21046858229235,71.35946118867668,6205800
2018-04-12,71.7889404296875,72.13075024166822,71.63994109402557,71.69253184818709,5096900
2018-04-13,71.75387573242188,72.19209408667385,71.3682414409421,72.13074378454583,7837000
2018-04-16,72.32351684570312,72.58645039696609,72.11317401669955,72.27969904494462,7217200
2018-04-17,72.88446807861328,73.0422202413677,72.49883384962156,72.87570184067792,6500900
2018-04-18,72.94581604003906,73.19997675192047,72.59524008731003,73.0685166204922,4704500
2018-04-19,72.3322982788086,72.88445751514352,72.06937135897806,72.81434099518363,5833600
2018-04-20,71.94666290283203,72.49882212993542,71.71002801027292,72.393647351754,5250500
2018-04-23,72.22714233398438,72.45501103216195,71.95544244511035,72.13949332595247,9257300
2018-04-24,71.6837387084961,72.50759111882564,71.1403456972839,72.45500038439897,8904800
2018-04-25,72.00804901123047,72.04310059812931,71.09655395817516,71.59612265500834,8068800
2018-04-26,72.91954040527344,73.19999991888287,72.218394964591,72.218394964591,9463300
2018-04-27,73.2175064086914,73.33144074710334,72.70917163113688,72.86693046945796,6663300
2018-04-30,72.09565734863281,73.57683026042028,72.08689111270162,73.53301245412197,7241000
2018-05-01,72.06060791015625,72.2621845544902,71.45586460379509,72.00802386149167,8498000
2018-05-02,71.07022857666016,71.73632215145307,70.91247643474865,71.68373810414923,11594300
2018-05-03,70.43042755126953,70.75471141686172,69.51016668387582,70.74594518085144,13524100
2018-05-04,70.99136352539062,71.22799846166917,69.94840184744034,70.22010173627037,7889500
2018-05-07,70.88619232177734,71.49970197560444,70.70214143163346,71.21924252109746,5886700
2018-05-08,70.35154724121094,70.77223965747467,69.93086151162632,70.71088937663195,9522300
2018-05-09,70.75473022460938,71.06148169972047,70.09740276936532,70.48303032949899,11340200
2018-05-10,71.70125579833984,72.01677341991035,71.01763651383,71.05269477030214,7845500
2018-05-11,72.7705307006836,72.91076376797174,71.63116711903045,71.76262726126224,10434000
2018-05-14,73.2525634765625,73.55931491088383,72.75299494447354,72.9019875430468,11837600
2018-05-15,72.30601501464844,72.85816763119179,72.06938008946705,72.77052531396463,8806800
2018-05-16,72.70917510986328,72.96334251080103,72.26219059878792,72.27095683652514,7013600
2018-05-17,72.7354736328125,72.85817422537185,72.32354734921434,72.6390650691329,6610400
2018-05-18,72.91954040527344,73.06853974584895,72.54267230698431,72.78808023223952,5838900
2018-05-21,72.9896240234375,73.40155021090769,72.88445593246075,73.26131717403305,6406500
2018-05-22,72.84939575195312,73.22626367026535,72.73545474082769,73.13861468119069,5770200
2018-05-23,73.0860595703125,73.11235160277172,72.45502404456408,72.54266638165544,8360500
2018-05-24,72.79679870605469,73.16490704286932,72.47252154665408,73.04219980614546,7166500
2018-05-25,72.691650390625,73.14739445946302,72.56894980721937,72.82311052521653,6853300
2018-05-29,71.94666290283203,72.34982954252119,71.49091890407108,72.21836274146422,18236800
2018-05-30,73.02466583251953,73.19119085462555,72.35857243077317,72.43745516791519,13167700
2018-05-31,72.22714233398438,72.94582006775475,72.2008436195665,72.88446977414071,11543500
2018-06-01,73.05976867675781,73.0860607096269,72.4374993810227,72.51637547962997,8037800
2018-06-04,73.33145904541016,73.4366338594283,72.91077316270069,73.14740813588958,7230800
2018-06-05,73.18246459960938,73.51550813908494,72.83188858155641,73.35774926529517,5444400
2018-06-06,74.00629425048828,74.08517031954123,73.13861737082998,73.4366092339484,7218900
2018-06-07,74.10269927978516,74.29550966833406,73.74335715110062,74.22539983917036,7405600
2018-06-08,74.53215026855469,74.5847343114135,73.95369905039212,74.07639960818196,6247100
2018-06-11,74.6723861694336,75.03172833943991,74.36563473569633,74.54092604546031,7074400
2018-06-12,74.62857818603516,74.75127877569047,74.29552799695878,74.75127877569047,6829200
2018-06-13,74.64608764648438,75.12813034802241,74.54967910617677,74.760028659582,10379200
2018-06-14,75.03173065185547,75.07555515231704,74.58474615653135,74.79508904805095,9379800
2018-06-15,75.17774963378906,75.21293777847491,74.59716202510343,74.94023804647502,9349300
2018-06-18,74.4564208984375,74.72032866844663,74.14853297439578,74.72032866844663,7342600
2018-06-19,74.64994049072266,74.67632992123409,73.83183458760702,73.94619102364061,6431700
2018-06-20,74.80828094482422,74.98421494918848,74.58836008364287,74.74670337215153,5900800
2018-06-21,74.37724304199219,74.74670850339157,74.20130231409782,74.73790978913372,7423400
2018-06-22,74.71150970458984,75.00180683063228,74.45640071910877,74.64993213647038,9829800
2018-06-25,74.02536010742188,74.72031080494646,73.46236326335543,74.43001366962889,9925100
2018-06-26,73.79664611816406,74.13972213620653,73.69988039908006,74.08694327541609,5560100
2018-06-27,73.17207336425781,74.1749120113908,73.11929450223579,73.79664784017731,7420500
2018-06-28,73.2688217163086,73.45355440104491,72.38913843006854,72.89935634683597,9026900
2018-06-29,73.41838073730469,74.06934461824164,73.36560187739018,73.49755573862863,6479300
2018-07-02,73.64710998535156,73.6910901372372,72.76742641020202,73.0137367374114,9364700
2018-07-03,73.82302856445312,74.16610455003853,73.62949714459435,73.91099556126575,3023100
2018-07-05,74.5883560180664,74.66752430227949,73.99017103980022,74.16610503457487,7458600
2018-07-06,75.66158294677734,75.79353681970545,74.86106770607888,74.9490347175467,9822500
2018-07-09,76.2157974243164,76.36534204687084,75.934298900674,75.96068833860075,7874400
2018-07-10,76.50607299804688,76.54126114246874,76.1629969792491,76.36532042035942,6122900
2018-07-11,75.89910125732422,76.17180103041318,75.84632238806915,76.0926327265306,6434500
2018-07-12,76.74359130859375,76.79637688557827,76.23337994839785,76.27736009918992,4461600
2018-07-13,76.88433837890625,77.05147367824169,76.53246364056719,76.57645049965421,6048700
2018-07-16,76.41809844970703,76.94590714103188,76.3125340268614,76.94590714103188,5388500
2018-07-17,76.8403549194336,76.95471807353864,76.35653300533271,76.39171444041597,5849300
2018-07-18,76.90193176269531,76.91952919152139,76.62923201896497,76.85795161353542,7575700
2018-07-19,76.47088623046875,76.87553983142742,76.13660891962091,76.71719653440425,5204000
2018-07-20,76.32135772705078,76.43571418898433,76.10143680771053,76.25978013809366,4822600
2018-07-23,76.47968292236328,76.57644864084395,76.18938576692128,76.27735277150764,3824600
2018-07-24,77.17465209960938,77.30659928227561,76.83156929031563,76.88435487483596,6467100
2018-07-25,78.15989685058594,78.17749428332617,77.05149348884613,77.1306685132689,9285900
2018-07-26,77.93997192382812,78.212678425681,77.77283659009342,78.02793894865488,5763000
2018-07-27,77.37696838378906,77.97515349818433,77.09546990121794,77.97515349818433,5742900
2018-07-30,77.42096710205078,77.57051172568289,77.19224745261363,77.3154026381288,5531200
2018-07-31,78.2302474975586,78.33581192501033,77.58807564226805,77.70243878320375,6719100
2018-08-01,78.24784088134766,78.5381380331502,78.18626330776398,78.18626330776398,5733000
2018-08-02,78.53813934326172,78.70528135068504,77.87837673895145,77.91356488322226,5666200
2018-08-03,79.0043716430664,79.06594921856056,78.4941603224516,78.59971804532594,5884800
2018-08-06,79.1451187133789,79.32105271355873,78.67888757259567,78.96038599975452,4751100
2018-08-07,79.15392303466797,79.41782405363438,79.04835860020998,79.15392303466797,5170300
2018-08-08,79.27708435058594,79.3914407965521,78.98678716684154,79.16272119316686,5020400
2018-08-09,79.1891098022461,79.50579641549983,79.10994150465908,79.28587552915434,5680300
2018-08-10,78.8460464477539,79.31228443947376,78.57334665245584,78.89883203276126,5389500
2018-08-13,78.87240600585938,79.25066337278493,78.67007589867866,78.93398356692293,6563900
2018-08-14,79.24190521240234,79.38265110717407,78.90762112834389,78.98679614720909,5497700
2018-08-15,79.10994720458984,79.20671293847013,78.60852781605259,78.99559075157374,6840600
2018-08-16,79.8840560913086,79.98962052690815,79.24189089790553,79.33865661934202,6916700
2018-08-17,80.13040161132812,80.37671873597658,79.63778078494201,79.8225135948368,5455300
2018-08-20,80.394287109375,80.54383171702936,80.27113193701805,80.31511880348276,8144900
2018-08-21,80.394287109375,80.63180544995879,80.22714507055333,80.59661729907772,6395900
2018-08-22,80.47343444824219,80.64936843068226,80.11276105935346,80.20952676313087,3954300
2018-08-23,80.44705963134766,80.64059109019387,80.25353488395447,80.4294689130221,6058300
2018-08-24,80.8341293334961,80.8341293334961,80.48225453437476,80.63180585423248,4028900
2018-08-27,81.12442016601562,81.18599774766,80.78134410950364,81.12442016601562,4671300
2018-08-28,81.16838073730469,81.27394515670932,80.99244674974838,81.24755572972101,4954100
2018-08-29,81.69620513916016,81.78417214264665,81.09802011941893,81.18598712290543,5338500
2018-08-30,81.63465118408203,81.90735098722324,81.45871041475375,81.63465118408203,5266100
2018-08-31,81.6170425415039,81.68741883956919,81.28276519287357,81.44110850779387,5808100
2018-09-04,80.96607971191406,81.59945298058261,80.77254824521496,81.54666740055805,6875500
2018-09-05,81.29155731201172,81.29155731201172,80.75494982784723,80.90449441551205,10218900
2018-09-06,81.29155731201172,81.45869261703896,80.7989299769796,81.28275859760419,5940300
2018-09-07,81.41471862792969,81.49388692922959,80.97487683461068,81.09803199982375,5591100
2018-09-10,81.20358276367188,81.76657967387143,81.12441446916846,81.61703508772992,4234000
2018-09-11,81.13321685791016,81.29156016554074,80.79013409849983,81.0628405630848,5683900
2018-09-12,81.53785705566406,81.68740162394639,81.02763906939897,81.18598235094842,11056600
2018-09-13,82.54951477050781,82.54951477050781,81.81058368772945,81.88975199883257,10603800
2018-09-14,82.27680969238281,82.6198857747205,82.12726508448249,82.6198857747205,5929000
2018-09-17,81.97770690917969,82.28559478962265,81.88094118797584,82.27679607548073,5543000
2018-09-18,82.4527359008789,82.66385805781309,81.85455086335509,81.97770601418772,5422900
2018-09-19,82.33837127685547,82.5758895716701,82.2504042723306,82.3999488511681,4186600
2018-09-20,83.13890075683594,83.19167962634002,82.52311819632365,82.57590377728113,5083000
2018-09-21,83.25103759765625,83.43649720786621,83.07441773926622,83.3570135552597,8579100
2018-09-24,83.41881561279297,83.58660916328279,83.08323524942779,83.19803746219667,5392600
2018-09-25,83.1627426147461,83.65729043482824,83.07443266967972,83.53364842659501,5215900
2018-09-26,83.34817504882812,84.00168330456289,83.17155520207646,83.3216827455769,10880500
2018-09-27,83.77207946777344,84.00169067879965,83.36584839449068,83.46299134001654,7168800
2018-09-28,84.0281982421875,84.08118286296222,83.56897573674962,83.60430106313846,5995800
2018-10-01,84.44326782226562,84.83183296223515,84.1959905216809,84.34612485286885,7307100
2018-10-02,84.34610748291016,84.51389433744585,84.1871469055074,84.44325043230162,5572700
2018-10-03,84.1871337890625,84.77881767035926,84.05466553892954,84.62869013109562,6367500
2018-10-04,83.36582946777344,84.16063214271395,82.93310618715584,84.12530683075944,10976400
2018-10-05,83.2686996459961,83.86921656848075,82.74765963470341,83.43649321977745,12291000
2018-10-08,83.2333755493164,83.47181302400502,82.53571567784276,83.16272491325479,11924000
2018-10-09,83.37471008300781,83.66613228219506,82.7565268772734,83.01263048195531,7463900
2018-10-10,81.40534973144531,83.46300446461919,81.35236511195966,83.36586150381754,22549300
2018-10-11,79.20638275146484,81.37000624059526,78.63235813058878,81.1845533761797,46581800
2018-10-12,80.42508697509766,80.72534884763988,79.49781578760759,80.16015042506726,20797300
2018-10-15,79.86873626708984,80.64587322697149,79.80691863093581,80.29262670425545,13909700
2018-10-16,82.05883026123047,82.2001315269315,80.47805772368004,80.48689073719015,13505900
2018-10-17,82.49159240722656,82.69470463362349,81.59081333219471,82.00587753955078,14232300
2018-10-18,81.55545806884766,82.45623681326794,80.90195654478856,82.44740379956548,14455600
2018-10-19,80.81367492675781,81.97938385201977,80.70769893805483,81.69678795309619,11318600
2018-10-22,80.15132141113281,80.95495057358593,79.78040890623063,80.80482301124864,8288300
2018-10-23,79.71858215332031,80.10715390558923,78.49105601332387,79.12689824881289,15424500
2018-10-24,77.0869140625,80.14248342077259,76.98977111934435,79.68326774754057,17431900
2018-10-25,78.0848159790039,78.62351521438923,76.18612250490932,77.07806813462157,15725100
2018-10-26,77.20172882080078,77.90822184243481,76.25679827849491,77.3606894137876,25507900
2018-10-29,77.3960189819336,78.66770379554934,76.30979381831779,78.0936790262024,14024300
2018-10-30,78.22614288330078,78.34977815121488,77.00744276012357,77.40484761066183,15432000
2018-10-31,78.33212280273438,79.17108422098586,78.27030516034681,78.85316299224475,13460700
2018-11-01,79.32118225097656,79.45365050317642,78.57053780533094,78.59703010824788,9668500
2018-11-02,78.82665252685547,80.22196566765763,78.30561245733281,80.08950413420082,12953000
2018-11-05,79.52430725097656,79.87754696718463,78.93261657733507,78.93261657733507,7783500
2018-11-06,79.93053436279297,80.01884428747877,79.30352513862374,79.41832736695375,7980500
2018-11-07,82.27961730957031,82.35026795004052,80.61936768421577,80.67235229576048,13310600
2018-11-08,82.32379913330078,82.6240543345456,82.01471091507291,82.12951318538103,7345600
2018-11-09,82.0853271484375,82.35909668161888,81.68792910728612,82.2266284220299,8486500
2018-11-12,80.97261810302734,82.0853354254981,80.78716521594887,81.96170016744578,8423200
2018-11-13,80.40742492675781,81.57313357922855,80.16898069237965,81.24637941040578,14227000
2018-11-14,79.76275634765625,80.91080580535028,79.38301753358361,80.90197278987416,11664000
2018-11-15,80.46923065185547,80.56637358666028,78.44690178541519,79.19754622358539,15563900
2018-11-16,81.28170776367188,81.67027957486198,80.28379266575301,80.3279442658142,11323200
2018-11-19,80.24845886230469,81.41416743506403,79.8952124110652,81.36117608792793,8821000
2018-11-20,79.49781799316406,80.33677926645859,79.31236509804418,79.7450952576071,11604300
2018-11-21,79.04743194580078,79.76275118790913,79.02976591599135,79.75391817300441,9345100
2018-11-23,79.1622314453125,79.63911316939462,78.57938049651169,78.62353209427246,3939500
2018-11-26,79.93053436279297,80.14247952956198,79.46248569810435,79.79806610695657,7141200
2018-11-27,80.7606430053711,80.7606430053711,79.37415651982204,79.66558528918559,9262000
2018-11-28,82.70352172851562,82.73001403663078,80.98144758724914,80.99911361773691,11870400
2018-11-29,82.97726440429688,83.46297906046507,82.39441355450992,82.50921577432473,8796000
2018-11-30,84.66402435302734,84.66402435302734,82.83598117421764,82.92429110439082,15875900
2018-12-03,84.25782012939453,84.61105996263248,83.77210525226543,84.61105996263248,12158200
2018-12-04,82.37677764892578,84.70819537577331,82.22665005944043,84.24014657466172,15011300
2018-12-06,82.06767272949219,82.06767272949219,79.60378721029964,81.35235351791292,18492900
2018-12-07,79.97467803955078,81.95285519229101,79.57728004899579,81.83804623771067,14930800
2018-12-10,80.28379821777344,80.58405337437256,78.28796114629736,80.01886164861918,15372000
2018-12-11,80.53106689453125,81.49365671415391,79.95704216637384,80.95495731024184,13632300
2018-12-12,81.2198715209961,82.27960400624345,81.16688691801818,81.422983657488,12581000
2018-12-13,81.29937744140625,81.89106824883314,80.75185171491496,81.44067874993125,11567100
2018-12-14,78.56170654296875,80.57520246091904,78.32326907378635,80.50455856410429,19422700
2018-12-17,76.99860382080078,78.40274987734023,76.46873077387997,77.74924832045106,22089500
2018-12-18,76.32743072509766,77.80222731310114,75.59444556904256,77.66093278504128,24712500
2018-12-19,75.32952117919922,77.39600180508413,74.64952058042756,76.47756372548561,23075600
2018-12-20,74.2697982788086,75.29421254219355,73.73993185254132,74.98512435500574,25321600
2018-12-21,73.3471908569336,75.64483182225578,73.19638185721253,74.38512117482358,28909200
2018-12-24,71.59066772460938,73.13426326129814,71.54631573197601,72.85925112690602,14235500
2018-12-26,74.7133560180664,74.7843273455308,71.51084762436751,71.85682438550855,20575100
2018-12-27,75.53836822509766,75.58272022223647,72.83264597632785,73.83509722006748,14045700
2018-12-28,75.62710571289062,76.68278243353377,75.31661455040727,76.02630766919783,15770600
2018-12-31,76.74485778808594,76.81582234107037,75.99967245206884,76.05290432705429,10163100
2019-01-02,75.58272552490234,76.14161622727987,74.7577025164288,75.56498607844173,14179900
2019-01-03,74.04804229736328,75.84889809315412,73.85287445912374,75.68921593170366,17668000
2019-01-04,76.25695037841797,76.67389849552687,74.88191634783615,74.91739524579545,16262600
2019-01-07,76.54969787597656,77.2682639639678,76.05291211323679,76.28355877839545,12387200
2019-01-08,77.14405822753906,77.40132418601439,76.29242269337809,77.16180444161189,13371000
2019-01-09,77.49004364013672,77.9424773949555,77.25939020871168,77.48117053210544,11259700
2019-01-10,77.64086151123047,77.69409339730507,76.75374011624375,77.14407569586162,10396800
2019-01-11,77.89812469482422,77.92473725279406,77.1351997814271,77.27714244819813,7187900
2019-01-14,77.03758239746094,77.46340344444657,77.0287160607916,77.42791779318145,5449000
2019-01-15,78.4215316772461,78.43927112691354,77.12633526915322,77.14407471882068,10540600
2019-01-16,78.27960205078125,78.86510551035458,78.226376924711,78.52799499670927,8288900
2019-01-17,78.97152709960938,79.29976438370849,78.00456822989221,78.06666644383554,8731600
2019-01-18,79.91188049316406,79.9562324928964,78.9626610659611,79.55703065431672,13367500
2019-01-22,79.36185455322266,79.50379718110393,78.81183702247822,79.35298144693081,12244500
2019-01-23,79.45057678222656,79.8852710667242,78.59006808900214,79.5126749988408,7722800
2019-01-24,78.78521728515625,79.44169172692925,78.41262807325032,79.37072041946249,11307000
2019-01-25,78.8828125,79.17556410930936,78.6521658698145,79.17556410930936,7241900
2019-01-28,77.9868392944336,78.42152685062216,77.61424319235906,78.34168241153525,7113800
2019-01-29,78.36827087402344,78.43037584544042,77.76503505313718,77.98681531723825,11099200
2019-01-30,79.44171142578125,79.6634917404616,78.46587262662923,78.66104038645965,11706500
2019-01-31,80.43527221679688,80.6215668441924,79.27314568810222,79.35298334204435,13409900
2019-02-01,80.5062484741211,80.69254311295188,79.95623089647955,80.53286102706869,9386500
2019-02-04,80.27558898925781,80.5151154840429,79.59250869860554,80.5151154840429,9308600
2019-02-05,80.1602783203125,80.86110493423706,80.142532104761,80.40867119244815,8921400
2019-02-06,80.52397918701172,80.5594648431592,79.92073656889801,80.0183204312544,6135900
2019-02-07,79.63688659667969,80.13367919239178,79.2110721068685,80.00060962625106,9511700
2019-02-08,79.78770446777344,79.79657080906853,79.21107417821774,79.3263975288491,7284200
2019-02-11,79.69009399414062,80.01832448579194,79.46831370812879,79.9650993829722,5017400
2019-02-12,80.78125,80.82560876491443,79.89412884728945,80.03607148045784,9093200
2019-02-13,80.95867919921875,81.19819893512944,80.59495627379445,80.94093298577509,6435600
2019-02-14,81.14498138427734,81.50869757535949,80.63932254522305,80.75464587055194,6938600
2019-02-15,82.36920166015625,82.41356042721654,81.14497684674467,81.75709263754925,8234200
2019-02-19,82.1740493774414,82.49341360941915,82.13856371075511,82.14743681947641,6284100
2019-02-20,82.0764389038086,82.18289586938899,81.66836402137876,81.96998870642489,6959900
2019-02-21,81.3578872680664,81.83693354490325,80.99417108288529,81.78370843687622,8368500
2019-02-22,82.10308837890625,82.17405294716274,81.4200011098692,81.51758500544592,6488100
2019-02-25,82.21839141845703,82.71517711455364,82.15629320644496,82.52000937160211,7652600
2019-02-26,81.92562103271484,82.25385823139804,81.82803718359811,82.03207798671382,7288000
2019-02-27,81.544189453125,81.93452499660405,81.26918401196394,81.65064644721888,9827600
2019-02-28,81.30467224121094,81.83694369207248,81.21596146076713,81.39338302165474,9464100
2019-03-01,82.45792388916016,82.57325399227076,81.73935778663386,81.81032911651755,10795200
2019-03-04,81.34015655517578,82.90148521599427,80.78126578809088,82.75067621492633,15208400
2019-03-05,81.29576873779297,81.58852029518222,80.87882078057727,81.37561314807921,13591700
2019-03-06,80.10706329345703,81.41112603631694,79.88528294853407,81.30467580240128,11662400
2019-03-07,79.4771957397461,80.1602829457329,79.20219029661294,79.9917277292585,14430700
2019-03-08,79.30863189697266,79.35298389340518,78.625544823579,79.05136595215401,11531200
2019-03-11,80.21351623535156,80.28448757249065,79.29090915714124,79.52156261874363,9694300
2019-03-12,80.79899597167969,80.98529060100826,80.30220352527289,80.41753360642672,8981600
2019-03-13,81.66838836669922,81.89016870162351,80.9853079131398,81.03853302769805,10098300
2019-03-14,81.53533172607422,81.7482389685539,81.24258003754015,81.64178196321447,9283800
2019-03-15,81.91019439697266,82.04375950654881,81.39375305649719,81.67868878667126,10219400
2019-03-18,81.78550720214844,82.07044283394494,81.49166542121418,81.99030787190905,7183500
2019-03-19,82.43553924560547,82.66704482940344,81.77661992537246,82.07046177411938,11308700
2019-03-20,81.86566162109375,82.43553297283813,81.54510813656223,82.33758569737559,11123700
2019-03-21,82.18622589111328,82.310884841079,81.06428854801857,81.18004134630009,7398200
2019-03-22,80.6903076171875,82.13279162052342,80.67249531471997,81.83005041260454,12162600
2019-03-25,80.64579010009766,80.90401415929229,80.06701250489613,80.83277853053443,9893300
2019-03-26,81.1978530883789,81.71429439463694,80.62798166578828,81.11771131058164,8107200
2019-03-27,80.52111053466797,81.28687636428543,79.96014538695358,81.09988798171396,10817400
2019-03-28,80.72590637207031,80.94851254654428,80.30740567711506,80.76151738179298,6726800
2019-03-29,81.69647216796875,81.76770777956708,81.02865359438863,81.20673582998259,10120900
2019-04-01,81.8211441040039,82.3197798776891,81.63415568887196,82.1951209342678,9082000
2019-04-02,81.63417053222656,81.963630253118,81.48279990103488,81.83897128703023,7002200
2019-04-03,81.52729034423828,82.04373834490937,81.28687864373383,81.99921438873355,7398700
2019-04-04,81.3581314086914,81.69649044939612,80.88620047129875,81.59854315988099,9212400
2019-04-05,81.91907501220703,82.06154622958275,81.50057430291781,81.55399761273293,6262000
2019-04-08,81.9012680053711,81.98140296862479,81.32249058384478,81.85674405240698,5961200
2019-04-09,81.68757629394531,81.86566534534357,81.39374124759287,81.6163474667887,7207600
2019-04-10,81.71428680419922,81.93689302026465,81.5718223584867,81.78552242375677,5433400
2019-04-11,80.70809936523438,81.93688308326833,80.35192810404428,81.89236592149567,8534200
2019-04-12,79.96904754638672,81.04646071805671,79.8354892637267,81.0197490615247,11659000
2019-04-15,80.28961181640625,80.35194128783613,79.91563498782699,80.06700559081342,7921900
2019-04-16,78.6423110961914,81.05536127517574,78.50874602934547,80.95741401238216,14857100
2019-04-17,76.38064575195312,78.92726147331351,75.97995726999616,78.90945596466325,34381800
2019-04-18,76.50528717041016,76.97721116568707,75.37445081154289,76.61214057804692,35300900
2019-04-22,76.54981231689453,76.99502466556238,76.14021777132827,76.38062945051232,18717700
2019-04-23,77.76080322265625,78.17039783550739,76.38954814829246,76.52311323351407,30503400
2019-04-24,77.67174530029297,77.94777476823054,77.32447343645411,77.78749805930528,14612800
2019-04-25,78.47315216064453,78.70466456089841,77.18203863859723,77.50259217943996,16166400
2019-04-26,79.25672912597656,79.28344078834911,78.4108213215598,78.58000424112383,11321700
2019-04-29,79.11425018310547,79.42589753618209,78.77589117025126,79.28343308623397,13264400
2019-04-30,79.47931671142578,79.63068729160284,78.78478647917633,79.34575163751585,11750900
2019-05-01,79.33687591552734,79.89784808241676,78.89166336067768,79.58619385929843,25596400
2019-05-02,79.67520141601562,79.75533637443239,78.80258226176069,79.25670073965873,18927500
2019-05-03,80.28070068359375,80.30741233980254,79.76425268555084,79.89781775999668,13624000
2019-05-06,80.6903076171875,80.8951015417437,78.98068663065901,79.11425172555384,25168300
2019-05-07,79.14097595214844,80.45880801447646,78.67795791551664,80.06701881881601,18011600
2019-05-08,79.31013488769531,79.67521230835048,78.66012180915887,79.10533419918598,13783300
2019-05-09,79.14097595214844,79.39920003170609,78.2327453907767,78.60672228114129,15692300
2019-05-10,79.16767120361328,79.37246510065603,77.47586274684174,78.88272874963727,17771800
2019-05-13,77.68065643310547,79.12314703213595,77.37791526668043,77.8231276597069,17436000
2019-05-14,78.07245635986328,78.6156160982917,77.88546794402114,78.03683854826436,13147000
2019-05-15,78.303955078125,78.5710784284118,77.31558305723982,77.66284816799389,10587700
2019-05-16,78.9183578491211,79.59508268734531,78.41972207011534,78.47314539117939,15124000
2019-05-17,78.74917602539062,79.37247070395965,78.26834579046488,78.26834579046488,13354100
2019-05-20,78.71354675292969,78.96286458804867,78.13476932517402,78.4107988149984,10757400
2019-05-21,79.45260620117188,79.79096517234184,79.10533428663702,79.15876439301266,11690600
2019-05-22,79.90673065185547,80.08481971241703,79.14987082632717,79.2211064505518,9021800
2019-05-23,79.63070678710938,79.63070678710938,78.96288804746351,79.50604783251443,13545300
2019-05-24,79.7464370727539,80.22726724474177,79.55054254415867,79.90671379674986,9986400
2019-05-28,78.606689453125,80.2984976992784,78.5977833041965,79.81766755815683,20796000
2019-05-29,77.84982299804688,78.23270584752868,77.30666344893547,78.22379969938244,16302700
2019-05-30,78.27725982666016,78.40191877493191,77.92108849156807,78.00122347542712,12457600
2019-05-31,77.71629333496094,78.08137084777661,77.26217468034261,77.7697166613618,10712900
2019-06-03,77.90326690673828,78.5710855329432,77.742990164713,77.78751412382096,19371000
2019-06-04,79.19438934326172,79.32794763774369,78.45533507791616,78.55328235613798,15837200
2019-06-05,79.79096221923828,79.97795060112762,79.22109092393696,79.77314991997166,24291700
2019-06-06,80.20055389404297,80.52110733525774,79.72862988153275,79.91561825667445,18840900
2019-06-07,81.0375747680664,81.23346933957855,80.4320855440303,80.4587972049814,9302700
2019-06-10,81.27798461914062,81.54511480924309,80.9841427687085,81.28689077038482,8552800
2019-06-11,81.14441680908203,81.88347108935501,80.93962289113821,81.67867717141118,8317900
2019-06-12,81.53619384765625,81.56290550313398,81.08207532432992,81.16221708416478,5799200
2019-06-13,81.4382553100586,81.67867382192816,81.11770182316747,81.67867382192816,9031800
2019-06-14,81.25126647949219,81.71428440622347,81.18893701255908,81.47387268902504,5056300
2019-06-17,81.61634826660156,81.66977158584324,81.21565299208079,81.33140578157199,4861500
2019-06-18,82.31087493896484,82.59581061795164,81.86566251596032,82.02593925997805,7979600
2019-06-19,83.0499038696289,83.2368990237661,82.27523877420735,82.32866207916031,6988100
2019-06-20,83.4150161743164,83.99379379619823,82.9341858481409,83.73556972510008,9241200
2019-06-21,83.81561279296875,83.97657337486244,82.85879345126382,83.33273104728768,9026100
2019-06-24,83.37744140625,83.76195798787677,83.22542496807809,83.70830673261315,6493600
2019-06-25,83.03765106201172,83.82456581954516,82.95716734479765,83.44004918091653,14930600
2019-06-26,81.99139404296875,83.16282520407735,81.82148931368901,83.1538810545397,10498400
2019-06-27,82.56370544433594,82.72466604091015,82.11659343411736,82.27755403069156,7416200
2019-06-28,82.84090423583984,82.91244378753196,82.12552236369301,82.5994667768629,9390600
2019-07-01,83.25224304199219,83.52945708793928,82.91244041884138,83.49368731354653,7797200
2019-07-02,83.6993637084961,83.6993637084961,82.84985365091988,83.32379127182372,7952500
2019-07-03,84.41474914550781,84.43263062411923,83.8782160961229,83.88715342423468,4066000
2019-07-05,83.83349609375,84.26272659560044,83.64570988118649,84.05705208333333,5934300
2019-07-08,83.20752716064453,83.5383855996879,82.82301065448067,83.51155997732072,15202000
2019-07-09,83.28803253173828,83.37745357769383,82.89457174266767,82.90351589397976,5537300
2019-07-10,83.57417297363281,83.79772897029534,83.22542616463028,83.4758077893103,5347300
2019-07-11,83.5920639038086,84.19119235634044,83.02869840816682,84.15542257706257,13691700
2019-07-12,82.66205596923828,83.3327238655987,82.08975324346834,83.3148355678259,11508200
2019-07-15,82.84090423583984,83.03763459179959,82.42956204719091,82.70676928201392,5811100
2019-07-16,82.4295654296875,82.89455888999294,82.3759141749104,82.77831223051344,9092300
2019-07-17,82.44744110107422,82.87667157622614,82.43850377416571,82.59946434954931,9566700
2019-07-18,82.9124526977539,83.0465876659947,82.03611015131686,82.43851505603926,6559500
2019-07-19,82.05400848388672,83.13601886783823,81.98246891576049,83.10024908377513,8105900
2019-07-22,81.88408660888672,82.19706362606945,81.81254705570572,82.14341237237736,5192500
2019-07-23,82.39381408691406,82.51900492432871,81.66055054389017,82.00035327081721,6688600
2019-07-24,82.43851470947266,82.44745203756668,81.52640238718,82.26860996225605,5430400
2019-07-25,82.0361099243164,82.52793586570911,81.8572678487488,82.21495882227187,6618700
2019-07-26,82.33119201660156,82.48320843819708,82.0182150243794,82.32224786757043,3812400
2019-07-29,82.6710205078125,82.73361592584797,82.24179673339464,82.37593172129606,5887500
2019-07-30,82.31331634521484,82.34907929908768,81.69629964390623,82.03610228479607,7959200
2019-07-31,81.49958038330078,82.56370919917971,80.99881709224631,82.22389968963147,8557400
2019-08-01,81.60686492919922,82.48320042225662,81.1150391160851,81.50849976657639,16422500
2019-08-02,81.41909790039062,81.7410190860687,80.89150219293413,81.49063063535088,15956600
2019-08-05,79.50545501708984,80.81995849853558,78.861612678691,80.49803732933616,17626200
2019-08-06,80.5337905883789,80.5516788843251,79.46966894070222,79.90783667798085,10135900
2019-08-07,80.56063079833984,80.78418678144864,78.87054811182833,79.88102552180787,12452500
2019-08-08,81.63371276855469,81.71418965675609,80.70371895580676,80.81102829579658,12034800
2019-08-09,81.7320785522461,82.25073013238622,81.02564074254929,81.49063424111037,7253100
2019-08-12,80.93621063232422,81.73206939227437,80.62323361813942,81.42802970536113,7097100
2019-08-13,81.99139404296875,82.42061770735623,80.83784435854832,80.90938391007528,12232500
2019-08-14,79.71112823486328,81.34755982140169,79.66641430511129,81.15082944631342,16426100
2019-08-15,79.98834228515625,80.2923820240201,79.46969749691056,80.05093769868874,12315200
2019-08-16,80.97197723388672,81.18658906057236,80.48015135774571,80.53380260882038,10239300
2019-08-19,81.74996185302734,81.95563638848994,81.47275457784518,81.60688955120008,6427200
2019-08-20,81.05245971679688,81.9466836826242,80.98986431208446,81.77677894595303,4708800
2019-08-21,81.65158081054688,81.84831115695975,81.41014336328634,81.61581103643665,5687100
2019-08-22,81.24919128417969,81.9913988241816,80.92727010592313,81.8036126072632,6486900
2019-08-23,79.3713150024414,81.41014439587701,78.9778543046251,81.10610472327707,9822700
2019-08-26,80.20294189453125,80.26553729316879,79.67534625825475,80.00621154955991,8913900
2019-08-27,79.72903442382812,80.9720055390646,79.67537633160937,80.69479139270419,8252000
2019-08-28,80.31024932861328,80.48015405923557,79.33554851530839,79.4517951706679,5691500
2019-08-29,80.9183120727539,81.15081217769095,80.39966743889084,80.9183120727539,4360300
2019-08-30,81.01670837402344,81.4548763067111,80.6679614937879,81.29392250573068,4784100
2019-09-03,80.5427474975586,80.92726405269339,80.25659611855505,80.5427474975586,6437800
2019-09-04,80.59642028808594,81.11507193313267,80.22084778197161,81.07036481900792,9318700
2019-09-05,81.39227294921875,81.57112185906807,80.85573986444744,81.28497042569748,7897400
2019-09-06,81.61583709716797,81.84833729193065,81.44593914387782,81.56218583006466,13166400
2019-09-09,80.86466979980469,81.71417979948595,80.56957426722134,81.6873541733215,10675900
2019-09-10,81.09716033935547,81.10609766542855,79.6038013764078,80.45331809800568,8770700
2019-09-11,81.90196990966797,81.92880235949879,81.0345783919869,81.23130193403405,8124300
2019-09-12,81.87513732910156,82.60840064729453,81.83043022795512,82.26859802455672,9344700
2019-09-13,81.83045959472656,82.49218360169608,81.66055481118993,81.97353192108163,6351000
2019-09-16,81.65158081054688,81.85725530608401,81.28495256509393,81.38331773830036,6668100
2019-09-17,81.77677917480469,82.00033516688714,81.49062777783466,81.6068812600455,3932900
2019-09-18,81.7678451538086,81.87514766801935,81.18659818641198,81.77678248173433,5369800
2019-09-19,82.15234375,82.5189719638756,81.71416917167933,81.86619240415091,5058600
2019-09-20,82.61029815673828,82.99641178084762,82.33193956170251,82.34091400941605,8935700
2019-09-23,82.1703109741211,82.66417277977,82.1433739293596,82.36785843667005,4232900
2019-09-24,81.41603088378906,82.5294788551831,81.1286910187538,82.47559792061709,10542600
2019-09-25,81.02094268798828,81.49684869623977,80.90420637226586,81.42501201744484,7956800
2019-09-26,80.57198333740234,81.31726670399586,79.95240389761783,81.29032965891366,10004500
2019-09-27,80.21279907226562,80.95808921823378,79.9164779032822,80.84135289975508,10017300
2019-09-30,80.93115234375,81.42502100155306,80.26668011838875,80.32055420806782,8031600
2019-10-01,80.1409683227539,81.32624623568334,79.97933920504883,81.14666137188811,13413900
2019-10-02,78.9736557006836,80.0511855658557,78.62346037845182,79.8895564286161,13385000
2019-10-03,79.68303680419922,79.70997385504819,78.30021110457672,78.86591657530526,11958800
2019-10-04,80.93115234375,80.97605198563156,79.87158519214631,79.91648483402786,9146600
2019-10-07,80.66177368164062,81.1915538231287,80.48218196787259,80.59891829450267,8247200
2019-10-08,79.12630462646484,80.02424269001686,79.1083420287885,79.98832434538794,10649300
2019-10-09,79.70097351074219,79.93443244273348,79.34179696442574,79.61118108684377,7350200
2019-10-10,80.09608459472656,80.37445009485457,79.39569389576054,79.46753059584034,8232300
2019-10-11,80.76055145263672,81.71236360570231,80.72463310808583,80.85932518747074,10773200
2019-10-14,80.72463989257812,81.1197280143956,80.59892910144652,80.70667729343114,4915600
2019-10-15,82.19723510742188,82.48457495761525,81.55970002889039,81.61357410995089,12607900
2019-10-16,82.08949279785156,82.51152476672767,81.9548007236344,82.13439243949844,7851500
2019-10-17,82.7000961303711,82.93356195031248,82.32296377942846,82.35888212485975,7536100
2019-10-18,82.3947982788086,82.82580471107256,82.02664038597288,82.46662811703678,6784700
2019-10-21,82.30500030517578,82.86171748028559,82.1433711912709,82.73600670843994,4948400
2019-10-22,82.4845962524414,83.46334551490784,82.44867790555399,82.93356531244785,8702400
2019-10-23,82.99640655517578,83.23884679192234,82.45764514517661,82.62824870039717,5525000
2019-10-24,82.57440185546875,83.22989980187373,82.27808058446135,83.14010049498039,6892300
2019-10-25,82.6641845703125,82.8886691096416,82.1433856456196,82.35888888517269,5536900
2019-10-28,83.51721954345703,83.68782311363715,82.80784766531224,82.87968435313735,6937900
2019-10-29,84.70250701904297,84.83719911118753,83.50824763980523,83.71477642785682,13768400
2019-10-30,85.17841339111328,85.21433173917241,84.3972047349573,84.72944431646087,10179700
2019-10-31,85.07964324951172,85.13351734851962,84.53190040718249,85.01678785042762,9675200
2019-11-01,85.18739318847656,85.9057395848173,85.16943058940159,85.53758851247159,14670800
2019-11-04,84.9269790649414,85.62736962021283,84.89106072227064,85.58246997919353,9878200
2019-11-05,84.32537078857422,85.06167976116633,84.13679775775358,85.05269846190724,13273800
2019-11-06,84.61271667480469,84.7743458192453,84.14578499054313,84.4061878816266,13130200
2019-11-07,84.80130767822266,85.0706850972848,84.54988601347405,84.93599296239044,7827900
2019-11-08,85.42086029052734,85.4388228913098,84.64863287428015,84.74740662640886,7756900
2019-11-11,85.07067108154297,85.27719990111804,84.83721206029777,85.09760813393854,6092500
2019-11-12,85.58248138427734,85.88778391230305,85.08861952086782,85.20534901206113,13801500
2019-11-13,85.68124389648438,85.88777265461268,85.21431914218873,85.34901121481819,6507700
2019-11-14,85.69022369384766,85.81593446590689,85.16941800918896,85.66328664993829,6498800
2019-11-15,87.51304626464844,87.66569409723175,85.90573624611936,85.98655423736724,11337700
2019-11-18,87.21672821044922,87.93508145564336,87.10898001917708,87.43223829444202,11251400
2019-11-19,87.80936431884766,87.93507510006214,87.29753989512476,87.52202441168258,10025800
2019-11-20,87.69263458251953,87.97099319001344,87.17182886144003,87.66569068600266,12305600
2019-11-21,87.9171142578125,87.97996964477696,87.14488701755016,87.74650384288469,9122400
2019-11-22,88.23139190673828,88.35710268168462,87.88119662642724,88.06976278884677,6141800
2019-11-25,89.2640380859375,89.2819938352838,88.45589235086116,88.59058444849467,11726500
2019-11-26,89.19217681884766,89.3986987077039,88.89585565582145,89.25503220033296,11073300
2019-11-27,89.65013122558594,89.7848233026326,89.23708054650682,89.31789853302426,6333200
2019-11-29,89.33584594726562,89.62318582116062,89.15626109510237,89.41666392624518,2392000
2019-12-02,88.9407730102539,89.54238990298951,88.65343308755003,89.51545285566168,6682200
2019-12-03,88.74320983886719,88.81504651952329,88.024856733752,88.26730381828561,7709700
2019-12-04,89.56932830810547,89.686057798537,89.01260420223547,89.10240349565507,6237600
2019-12-05,89.56932830810547,89.70402039751063,88.81506356859538,89.62320240357784,7390400
2019-12-06,90.16197204589844,90.46726772555759,89.97339900760973,90.03625440346451,5658500
2019-12-09,89.53340148925781,90.21583632047438,89.53340148925781,90.19787372320037,5148900
2019-12-10,89.73096466064453,89.81177581035122,89.16526606052332,89.5154614107019,6027900
2019-12-11,89.81175994873047,90.03624445923599,89.63217508061548,89.80278550083123,6064300
2019-12-12,90.64684295654297,90.94316415574343,89.81176030016579,89.85665994273202,9769100
2019-12-13,90.58399963378906,91.11378671360266,90.21584854845545,90.55706258495057,6433200
2019-12-16,91.562744140625,91.89497683497395,91.11377511520325,91.11377511520325,7730300
2019-12-17,91.4639663696289,91.81416164594187,91.33825559611776,91.67946957411611,4643600
2019-12-18,91.58966064453125,91.76924547413364,91.4010945182321,91.49986822973005,5202900
2019-12-19,91.94886779785156,92.0476415422674,91.63459081594861,91.77825735736522,6637200
2019-12-20,92.59986114501953,92.80724458754946,92.22116812378118,92.22116812378118,8586500
2019-12-23,92.96954345703125,93.06872594625483,92.58183196617745,92.81626392971263,4770900
2019-12-24,92.8523178100586,93.08674286143412,92.62690434437772,92.96953033574636,2071800
2019-12-26,92.7892074584961,93.07773643539898,92.4916600163256,92.96953548940786,2910100
2019-12-27,92.8162612915039,92.99658933274439,92.6088778529109,92.98757086696023,3605000
2019-12-30,92.25904083251953,93.01228169601814,92.12291062985891,92.81262498863187,5665100
2019-12-31,92.4405288696289,92.52220282428323,91.90508533493217,92.05936990017142,4746700
2020-01-02,92.6855697631836,92.83077715558179,92.02308007600813,92.72187161128315,6277400
2020-01-03,91.87786865234375,92.40423504088783,91.16092276254116,91.61468545807172,8247500
2020-01-06,92.44960021972656,92.47682486955773,91.43316944153088,91.46039409136205,6441800
2020-01-07,92.26810455322266,92.3497854385697,91.75081535892217,92.19550086044067,6335300
2020-01-08,92.8670654296875,93.28452623600944,92.27717260106375,92.31347444385722,7494700
2020-01-09,93.26638793945312,93.52050088283724,92.94875541506015,93.14841212292708,6660600
2020-01-10,93.29360961914062,93.7745969513049,93.13025477766324,93.62031930209541,9300300
2020-01-13,92.96688079833984,93.46601548842077,92.64924144917212,93.44786803148972,7621700
2020-01-14,93.52954864501953,93.54770302711313,92.52219507873545,92.68554989823741,7294900
2020-01-15,94.33724212646484,94.58227780875552,93.56584708832729,93.63845076632956,7521800
2020-01-16,94.82734680175781,94.89087331599669,94.35543654225052,94.72751843311518,5479900
2020-01-17,94.82734680175781,94.97255421937282,94.59139513393954,94.59139513393954,6533400
2020-01-21,94.92715454101562,95.14495869623461,94.57322019233378,94.6095220388485,6644800
2020-01-22,95.04513549804688,95.36276799428175,94.9180755756838,95.13588665070411,9431500
2020-01-23,94.56414031982422,95.01790300259472,93.91072787268472,94.88177973685882,8522600
2020-01-24,92.98504638671875,94.71842312600234,92.74908785739937,94.67304408902476,15962700
2020-01-27,92.27717590332031,92.63111022838685,91.73266208966942,91.859715082059,11762300
2020-01-28,92.73092651367188,93.09393798353732,92.29531136505976,92.5494242406731,8079900
2020-01-29,92.47684478759766,93.14841168226144,92.45869040122123,92.8217019661829,6435700
2020-01-30,91.80525970458984,91.85970900519227,91.01571022651301,91.7961825132,10989400
2020-01-31,89.97205352783203,91.51484369694684,89.6725685309516,91.44224693844377,14476700
2020-02-03,90.78882598876953,91.4422452704558,90.5982465189224,90.5982465189224,11850600
2020-02-04,92.3860855102539,92.75816731184285,91.90509124771492,91.92324563249629,9575100
2020-02-05,94.1648178100586,94.49152743985175,92.81260026079941,92.8216774515903,14131000
2020-02-06,94.24650573730469,94.60044006810978,93.83812210141234,94.60044006810978,6166500
2020-02-07,93.51142120361328,94.33726574508,93.3662138112541,94.25559177978013,6057200
2020-02-10,94.01055145263672,94.01055145263672,93.09395579756911,93.16655949020888,4010100
2020-02-11,94.57322692871094,94.65490782015442,94.14668885661771,94.33726837149283,10277100
2020-02-12,94.69119262695312,95.14495530641646,94.31003363793248,94.92715115895739,4705700
2020-02-13,94.24650573730469,94.63674191279092,94.05592624563033,94.34633407921064,4778500
2020-02-14,94.31910705566406,94.38263355129192,93.85626720245044,94.34633170752332,5114200
2020-02-18,93.98333740234375,94.43710014673339,93.6747820596164,94.31912432578528,8409300
2020-02-19,94.41893768310547,94.55506786956933,94.13760704191735,94.22835819160362,6427900
2020-02-20,93.81090545654297,94.29189282285458,92.95782934338985,94.20114166533966,8080900
2020-02-21,93.86534118652344,93.95609233090914,93.1211707243711,93.44788038325441,6510800
2020-02-24,90.90681457519531,92.21365332254122,90.47120627532607,91.59653579450222,16284500
2020-02-25,88.1479263305664,91.43317027626138,87.83937106450527,91.2335136105191,20301600
2020-02-26,88.13886260986328,89.68165290250028,87.94828312128122,88.63799738742523,13721600
2020-02-27,85.1440200805664,88.33850596668506,85.12587262176947,87.1859519267018,22047900
2020-02-28,84.0459213256836,84.09130036170977,81.65913220149884,82.9024374717381,27750600
2020-03-02,87.98457336425781,88.12070354139944,83.78273379909369,84.07314161252387,22359400
2020-03-03,85.79743957519531,89.74517310197062,84.64487860871016,88.20238291757927,33385500
2020-03-04,90.74344635009766,90.88865371122014,88.19330265422956,88.3748049317646,26418700
2020-03-05,88.63800811767578,90.01745066469256,87.63065432474563,88.80136297393119,17873000
2020-03-06,88.16609191894531,88.48372441669294,85.85189943388414,86.20583377764137,17917700
2020-03-09,83.58307647705078,85.56148185431798,81.68635197497868,82.93873436240038,21968500
2020-03-10,86.45087432861328,86.5960747968804,82.53036475122734,85.99711161399051,26473200
2020-03-11,83.1474838256836,85.0079068350033,82.08567379209846,84.40894364126753,23217900
2020-03-12,76.93999481201172,81.43224925889203,75.2338497187436,78.05625399181649,20652200
2020-03-13,82.2762680053711,82.49407219423715,76.37735205089903,80.51566625870555,29162800
2020-03-16,74.16297149658203,79.00008319467995,73.21006712512308,74.88898761038372,21474800
2020-03-17,78.81857299804688,79.4538448791151,74.73470904038777,75.69669059197821,27899700
2020-03-18,76.20491027832031,77.41192074315445,72.529429574504,74.78009565236111,28931000
2020-03-19,74.64395141601562,76.46807909750954,73.80902985217882,75.35181999943674,27121100
2020-03-20,71.77617645263672,76.05969720318129,71.3677928155685,75.28830204212525,22004900
2020-03-23,68.0482177734375,71.41323467652424,67.0633317229115,71.3129218218888,33633000
2020-03-24,73.29180908203125,73.43771424916922,70.73840256112298,71.26732357662831,16775800
2020-03-25,74.26757049560547,76.68417907394725,71.92391101884691,72.80847714437749,16851800
2020-03-26,79.20110321044922,79.62059009134867,74.78736623600709,74.93327138883315,18822500
2020-03-27,77.5049057006836,79.54763330252418,76.85743642814838,76.91214998548406,13043200
2020-03-30,81.13442993164062,81.28945639379145,78.89108250427651,78.90019679677349,13766700
2020-03-31,80.77877044677734,81.6451012643535,79.9215539208781,81.20737870972697,13584900
2020-04-01,77.70556640625,78.78164424991166,76.95778396963594,78.07946110329443,15255200
2020-04-02,79.85770416259766,80.0400873666836,76.53827975442604,77.31341880800119,13588000
2020-04-03,79.13726806640625,80.35925763382708,78.2435807457665,79.60235421917235,12934200
2020-04-06,83.28656005859375,83.76076054884592,81.28943133629225,81.65420469051017,13472900
2020-04-07,82.60262298583984,85.55727430628313,82.52054566604963,85.40224787248084,16699200
2020-04-08,86.00408935546875,86.5056534826417,82.2743001537572,83.31389947419605,32624300
2020-04-09,86.47832489013672,86.95252543608831,85.6940645215648,86.78837775528316,12982500
2020-04-13,85.72139739990234,86.46917952445368,84.49941486166047,86.16824103400118,9606600
2020-04-14,88.5666275024414,88.88580155111592,87.1075342099766,87.39935147697508,12830800
2020-04-15,88.11064910888672,88.63044875363063,86.8977809519938,87.39022381924666,11019000
2020-04-16,90.03484344482422,90.26282592325919,88.48455841698261,88.76725446385058,11331600
2020-04-17,91.904296875,92.22347095776483,90.63671483382457,92.22347095776483,11504400
2020-04-20,91.17475128173828,92.47881127153194,90.92852632114544,91.02883916324286,10558100
2020-04-21,88.4024887084961,90.12603570142556,88.11067141227188,89.61535021492831,9291400
2020-04-22,89.75213623046875,90.30841400835452,89.13202363991442,89.68830141780019,11994100
2020-04-23,90.24457550048828,91.63982703273669,90.0439498238955,90.2263399651037,16013300
2020-04-24,91.45745086669922,91.63983406442952,90.22634688833708,90.79173897578484,7853300
2020-04-27,92.63384246826172,93.02597261014937,91.94989503176978,92.09580020033538,8022100
2020-04-28,90.76436614990234,93.2539374079975,90.65493903359385,93.2539374079975,11517500
2020-04-29,91.36627197265625,92.15964664632514,90.77351606139828,92.15964664632514,9939900
2020-04-30,90.94679260253906,91.53954160591479,90.472585050869,90.97414939254415,12768900
2020-05-01,89.2140884399414,90.07129766740029,88.4115858132074,89.90715003533849,10102000
2020-05-04,89.16851043701172,89.36913614154564,88.35689332865066,88.94052794685471,8991300
2020-05-05,91.101806640625,91.7583973412019,89.72479041899699,89.95277291461542,11498300
2020-05-06,90.19898986816406,91.63983382439473,90.15339059011441,91.57599900960902,9493200
2020-05-07,90.18986511230469,91.12915176081212,90.08043102372676,91.12003051406245,9453900
2020-05-08,90.65496063232422,91.1929959689538,90.38137886142798,91.1565179356694,10374500
2020-05-11,92.21434020996094,92.45143693914295,90.28104660622857,90.28104660622857,15115100
2020-05-12,90.80999755859375,92.83448341644855,90.80087630984934,92.75240609269738,18471000
2020-05-13,89.82508850097656,91.39360892606739,89.10466309840706,90.69141905885994,12667200
2020-05-14,90.80999755859375,90.85558988736727,88.97701617952598,88.99525171954055,12021400
2020-05-15,91.57600402832031,91.65808134181323,90.34489998571368,90.55464693577478,15170200
2020-05-18,92.3329086303711,93.71903911099056,92.27819505905572,93.290437873231,10557300
2020-05-19,91.22035217285156,92.51529103755946,91.21123092522026,92.04109052283312,10561400
2020-05-20,91.32978820800781,92.25995371938888,91.12004125288222,91.91342283426133,10058000
2020-05-21,90.65496063232422,91.12916115007447,90.12603958591066,91.0744475788846,12259500
2020-05-22,90.84646606445312,90.91941517433177,90.18987537323056,90.66407589607267,10233200
2020-05-26,90.68230438232422,92.3602519273605,90.53639227016153,92.27818158237332,10828800
2020-05-27,91.62158966064453,91.62158966064453,89.43295671232835,90.8099726815876,15551900
2020-05-28,92.81623077392578,93.74640323490623,92.34203025316162,92.36938703893043,11707700
2020-05-29,93.9378890991211,94.13851476501274,91.822212276261,93.2174637340884,19055300
2020-06-01,93.00772857666016,93.45457923715483,92.42409399710895,93.34514514443661,8436200
2020-06-02,93.54578399658203,93.59137632352424,92.48794182389769,93.04421969789998,13162300
2020-06-03,93.36337280273438,93.91053626268041,92.97124270042501,93.81933771437447,10020900
2020-06-04,92.6247329711914,93.44547139059348,92.03197705954136,92.79800190347463,10848300
2020-06-05,94.12030792236328,94.87721160037857,92.72505593606687,93.2083777919761,14579500
2020-06-08,94.76775360107422,94.80423163199518,93.51841409002813,93.74639656517938,8191300
2020-06-09,93.78286743164062,95.04133514448064,93.67344029659226,94.57624894810616,10371100
2020-06-10,93.636962890625,94.40298067096738,93.22659721650916,94.09292784296395,10519700
2020-06-11,88.42984008789062,92.99861065785801,88.11978031602526,92.82534175718406,39561900
2020-06-12,89.00433349609375,90.57285362575074,87.47229138776265,90.28103641261487,19397200
2020-06-15,89.2049789428711,89.7156574398887,87.01634587962428,87.67293649434559,14521800
2020-06-16,91.4027328491211,91.98636740241267,89.89804718994299,91.30242000801104,13272800
2020-06-17,91.31153106689453,92.02284217618522,90.99235701895974,91.85869452903698,9086200
2020-06-18,91.00146484375,91.21120477682781,90.42695164220082,90.79171795320076,7115200
2020-06-19,91.87693786621094,92.41497317020766,90.92852993075974,92.04108552729812,12177000
2020-06-22,91.52435302734375,91.65256348610683,90.58108737203851,91.49688035574394,6889200
2020-06-23,91.91817474365234,92.7057575295324,91.74417178327586,92.15627596770108,5369900
2020-06-24,89.51876831054688,91.41445959529237,88.86855610038208,91.23130378483192,15739700
2020-06-25,90.39791107177734,90.50780872869666,88.68537593291224,89.43633277477683,10506300
2020-06-26,89.29898071289062,90.46203479196016,88.86855686894519,90.23308653343143,16631400
2020-06-29,90.10488891601562,90.26973196513977,89.30814634742435,90.00415110894268,7490200
2020-06-30,91.64341735839844,92.1287865947197,89.86677646745916,90.13235731103904,9183000
2020-07-01,92.34857177734375,92.73321018495457,91.49689091170772,92.07383804270378,10932800
2020-07-02,93.04456329345703,93.57572488686625,92.84308772444348,93.16362084984456,6502400
2020-07-06,93.98784637451172,94.52816795418225,93.53910969735784,94.11605685369854,6374400
2020-07-07,93.17277526855469,94.29920370143707,93.04456481108137,93.30098572602802,5913200
2020-07-08,93.18193817138672,93.77720502146785,92.55919864909274,93.49330443906065,5624900
2020-07-09,92.44929504394531,93.42919321605179,91.28624107753595,93.081194412098,10521700
2020-07-10,92.22953033447266,92.61416179326827,91.55184533750695,92.52258387264276,10502700
2020-07-13,92.75151062011719,94.46404598445119,92.51340249224897,92.760670506136,10167200
2020-07-14,94.59225463867188,94.74793776329624,92.35771760497353,92.53172050128649,10889900
2020-07-15,95.81941986083984,96.09416055787236,95.0867896469967,95.28826522656108,9606900
2020-07-16,95.66374206542969,95.73700718698679,94.98605715839297,95.72784730005552,6412200
2020-07-17,96.97331237792969,97.30299839025466,96.03004678203426,96.16741711832726,7548600
2020-07-20,96.95500183105469,97.5227889866482,96.63446870999238,97.1931029667152,6776300
2020-07-21,96.89090728759766,97.65101020747144,96.68943169909623,97.28469857777411,7458600
2020-07-22,97.76091766357422,97.9257607081991,96.82681173533125,97.33049377000103,5648400
2020-07-23,97.32131958007812,98.475220722877,97.00079342567459,98.07226956480048,6970100
2020-07-24,96.24983978271484,97.22058508237191,95.63626016947082,97.16563275302983,6241000
2020-07-27,96.97331237792969,97.22058038064618,95.91099621695129,96.21320257246123,5934200
2020-07-28,96.86341857910156,97.50447784508347,96.68026278136149,97.01910869282104,6239400
2020-07-29,97.87995147705078,98.27374273909516,97.01911082442395,97.08321605373601,5449800
2020-07-30,97.20227813720703,97.36712117309445,96.15827457223564,96.93669730233582,5349200
2020-07-31,96.64364624023438,97.16564803594027,95.37985425772196,96.90006719434297,6920400
2020-08-03,97.64183044433594,97.9623565256111,97.07403639540242,97.24803926249945,8811800
2020-08-04,97.21143341064453,97.65101016085006,96.60700664542885,97.42206189892529,6092900
2020-08-05,97.66017150878906,97.83417442627805,97.41291045646743,97.74259651752732,4406600
2020-08-06,97.1381607055664,97.95321589542462,96.43300318815217,97.54111185091507,5369700
2020-08-07,97.44954681396484,97.46785960164982,96.76270199115521,97.03743572811096,4274000
2020-08-10,97.11983489990234,97.55025167197566,96.86340703191114,97.46783366890152,4640200
2020-08-11,96.50624084472656,97.75171958711006,96.27729264924349,97.66014170630572,8115900
2020-08-12,98.12724304199219,98.43860937709692,96.9916614272754,97.02828700686024,8205500
2020-08-13,97.9990234375,98.09976123935762,97.33965127514001,98.00817633807107,5323300
2020-08-14,97.80669403076172,98.2462707528404,97.43121555149622,97.81584693005159,3826200
2020-08-17,98.3836441040039,98.75911560779322,97.93490748198137,97.98069294066745,4610200
2020-08-18,98.35617065429688,98.74996192800629,97.84332181766258,98.58511890675709,4220500
2020-08-19,98.03565979003906,98.72250465455514,97.825024290664,98.4477639139698,6308100
2020-08-20,97.72428894042969,97.94407734625221,97.4678679691455,97.60523834288986,4938300
2020-08-21,97.82501220703125,97.95322267361487,97.06490230732379,97.56859127386402,6466700
2020-08-24,97.37627410888672,98.32869969413962,96.78100724473536,98.29206713467454,6363200
2020-08-25,98.03565979003906,98.07228536763299,97.4953381967405,97.87081674307731,5096500
2020-08-26,97.91658020019531,98.02647786911761,96.86341691393018,97.83416218871287,6995300
2020-08-27,98.68586730957031,99.14376386373338,97.38543578566753,98.08144050434053,7775200
2020-08-28,98.90564727783203,98.96059262383022,98.17301005877326,98.96059262383022,5159600
2020-08-31,99.14374542236328,99.61995467585827,98.6125838414663,98.69500185215085,6721100
2020-09-01,98.25543212890625,99.17122513189322,97.66016527957548,99.0155419982525,10999300
2020-09-02,100.2243881225586,100.48996893090398,97.93490562331847,98.34700967840325,8495800
2020-09-03,97.49533081054688,100.49913100588597,96.79932611088763,100.35260774576898,13337300
2020-09-04,96.79933166503906,98.00817832488909,95.61796466830027,97.83418238020079,14715500
2020-09-08,95.20585632324219,96.68028387363987,94.94027546771649,96.64365130871073,9660200
2020-09-09,96.89090728759766,97.68764276783048,95.90184911874331,95.92016190544959,8200800
2020-09-10,95.4073257446289,97.16564682542234,95.1509047937149,97.16564682542234,9186200
2020-09-11,95.78279876708984,96.24069532565579,95.05016846555253,95.85606389332767,8764300
2020-09-14,97.15647888183594,97.67848761470053,96.3689033065973,96.561219003836,5846900
2020-09-15,97.28469848632812,98.06312117912296,97.03743045087373,97.6601700024989,5580500
2020-09-16,97.11983489990234,97.99899520075155,97.00993724219182,97.80667953996688,7193300
2020-09-17,96.79933166503906,97.12901775290244,95.91101819229583,96.22238450475172,7597300
2020-09-18,96.65279388427734,97.27553340263309,95.7553136716382,96.91837469223233,8649300
2020-09-21,94.86725616455078,95.36375165816298,93.54326818158493,95.36375165816298,8783000
2020-09-22,94.66499328613281,94.95921210151224,93.80991875788484,94.71096782576987,7833300
2020-09-23,93.69038391113281,95.0971176782514,93.59844185725018,95.06033945375252,7681900
2020-09-24,93.22145080566406,93.69036430146834,92.65139896733874,93.35936736498621,8434600
2020-09-25,94.72015380859375,94.97760140093384,92.79853877233737,92.89967714421714,6769000
2020-09-28,95.57523345947266,96.31998033025813,95.39134932690315,95.6304043110275,6511100
2020-09-29,95.45569610595703,96.2280247869883,95.07873158256542,95.74071857594062,5402700
2020-09-30,96.98196411132812,97.763482113683,95.73153250166862,95.74991810707718,7565500
2020-10-01,96.65096282958984,97.82783793620474,96.23721307150467,97.43248079744546,9113200
2020-10-02,95.76830291748047,96.7337049541111,95.35455317487131,95.7315246949333,8628700
2020-10-05,97.73589324951172,97.83703160889132,96.43029088699198,96.45787981523723,6661200
2020-10-06,96.43949890136719,98.06690214364671,96.34755684024356,98.01173129518884,7747200
2020-10-07,98.25997924804688,98.56338733800446,97.10148967588805,97.11987528159814,7873100
2020-10-08,98.73807525634766,99.05987594424957,98.52660923918164,98.8300173079298,5942700
2020-10-09,99.62993621826172,99.92415501676322,99.03230231091287,99.28974288276049,5636300
2020-10-12,100.31031799316406,100.70567516963159,99.74946230062339,100.08045933276968,5065000
2020-10-13,99.54718017578125,100.2367561196872,99.28973961241304,99.71267868290785,6773600
2020-10-14,98.96794891357422,99.92416182756165,98.6553444878035,99.51041902528159,5999900
2020-10-15,98.25079345703125,98.43467759273727,97.57960303371702,97.74510156174449,6197700
2020-10-16,99.22537231445312,99.9609227407893,98.53579642028623,98.57257464307591,7462100
2020-10-19,97.65314483642578,99.7862327582037,97.32214783005256,99.4828176665734,8308500
2020-10-20,97.7818603515625,98.59096722316066,97.61636185643822,98.0025226734853,7421100
2020-10-21,97.29456329345703,98.04849933993948,97.0647046571547,97.77266617048515,5474300
2020-10-22,98.76563262939453,98.94032739430324,97.4232593686029,97.43245567589472,6127100
2020-10-23,99.1334457397461,99.85060365927266,98.57259003042817,99.26216603223908,5697900
2020-10-26,98.03011322021484,98.45305226702044,97.09228606078294,98.33352128734506,8135500
2020-10-27,97.35894012451172,98.15885084130149,97.30377628705384,97.67155157114327,6893100
2020-10-28,94.26959991455078,96.32913083175626,94.15007597798972,95.74988973418424,11431700
2020-10-29,93.49730682373047,94.61901815934708,92.91805853565309,94.20526838004476,15974200
2020-10-30,93.4697265625,93.92944387115351,92.228484217352,93.37777748898576,10741700
2020-11-02,95.15229034423828,95.3729597117246,94.1593062494687,94.84888223972159,10287300
2020-11-03,96.5406265258789,97.58878133841014,96.24640775419871,96.31996420080097,9812900
2020-11-04,100.82518768310547,102.4433873050911,99.09664638432179,99.28972678189751,25531500
2020-11-05,101.0274658203125,102.28709367901037,100.84358171621933,102.21353723148152,12864800
2020-11-06,101.06425476074219,101.7538307463063,100.41145700284238,101.13781121607082,12311200
2020-11-09,102.01124572753906,105.19249498229925,101.88252547037858,104.74196706750966,20443000
2020-11-10,102.30548095703125,102.67325618596254,101.2021622849664,102.48017576908765,12526500
2020-11-11,102.17677307128906,103.12379668043073,101.68027750422533,103.12379668043073,9935400
2020-11-12,101.79981231689453,102.38824997071345,101.11943259492831,101.98369645318913,7856300
2020-11-13,103.08700561523438,103.48236275747776,102.1215965192569,102.3054806257626,6576100
2020-11-16,102.91231536865234,104.07080493226695,102.39743423581444,103.90530642317916,7586000
2020-11-17,102.24112701416016,102.6180985757107,101.75382778755439,102.38823992053973,8898100
2020-11-18,100.337890625,102.4985674445465,100.31030871066179,102.46178922051922,9849900
2020-11-19,100.26435089111328,100.42065309730295,99.5196040582908,100.33790033155393,10410900
2020-11-20,100.03447723388672,100.50338378216335,99.68508763156852,100.03447723388672,7674500
2020-11-23,99.77702331542969,100.58613011994676,99.15180760954293,100.53095928299359,7747700
2020-11-24,100.07123565673828,100.75162215605243,99.73104942180892,100.26432305162994,9615900
2020-11-25,99.70348358154297,100.2643392111044,99.28973383045582,100.19078276450284,11671800
2020-11-27,100.62291717529297,100.69646660647525,99.7862283861944,100.10802906864431,4443900
2020-11-30,100.89874267578125,100.99068472521377,100.12642104287363,100.65969475020245,12723400
2020-12-01,101.74464416503906,102.85715927633078,101.56994933265503,101.87336445793365,12682400
2020-12-02,102.50775909423828,102.68245390869856,101.75382302118265,101.81818316102658,8552400
2020-12-03,102.37903594970703,102.78358939725071,101.93771129304932,102.47097800194997,9795700
2020-12-04,103.4731674194336,103.49155302436522,102.28709598156526,102.41581626027384,7859600
2020-12-07,102.83876037597656,103.45477988503764,102.46179583115166,103.36283782640201,5803200
2020-12-08,103.62027740478516,103.70303016707584,102.55373690830613,102.59051513435429,7953200
2020-12-09,103.26170349121094,104.04322855696617,102.80198616534537,104.03403224632454,7386400
2020-12-10,103.08700561523438,103.65705055423946,102.8755325794967,103.24330780723713,5411000
2020-12-11,102.68244934082031,102.91230797499884,101.97448783403114,102.66406373656672,5222400
2020-12-14,101.9101333618164,103.97886132681094,101.845773216828,103.4639801669036,8469300
2020-12-15,103.01343536376953,103.23409766495521,102.07560830795627,102.61807827450083,5007500
2020-12-16,102.71003723144531,103.28927849797991,102.26871255638922,102.92151027367623,5355400
2020-12-17,103.8133773803711,103.87773753004431,102.86635372842196,102.87555003972676,4263700
2020-12-18,103.89611053466797,104.14435479194245,102.78359550256869,103.91449614031708,7876700
2020-12-21,102.85655975341797,102.94888089775507,100.97317882560343,102.35801712161543,6129600
2020-12-22,102.54265594482422,102.9119475533441,101.9610264158702,102.67190695125844,13104100
2020-12-23,102.61650848388672,103.37355305865556,102.54264875862853,102.90270611469839,3920700
2020-12-24,102.91193389892578,103.10581038285346,102.5241809310704,102.66265910269686,1674700
2020-12-28,103.17044067382812,103.67821747223353,102.89347023039772,103.44741111725851,4390100
2020-12-29,103.6597671508789,104.13061416960767,103.30894396566755,103.65053292284244,5053300
2020-12-30,103.64131164550781,104.22294125921537,103.5305220337124,103.8721180540088,3563700
2020-12-31,104.730712890625,104.89689377810626,103.30894464076357,103.65053360017066,5581200
2021-01-04,104.2783203125,105.15538878812411,102.5795887261299,105.13692033316474,12911800
2021-01-05,105.03536987304688,105.39543432507267,103.65053151971664,104.09368289198923,11081900
2021-01-06,106.47560119628906,106.75256462683731,103.56743939179603,103.56743939179603,17833700
2021-01-07,107.86044311523438,108.01738976886651,106.44790914524121,106.6140900266317,12407100
2021-01-08,108.37743377685547,108.85751494982877,107.35265297554255,108.05430628176832,9350600
2021-01-11,108.88521575927734,109.06062381142927,108.26664933226337,108.4051345634949,6428200
2021-01-12,107.70348358154297,108.7928828425823,107.21416817999419,108.67286607068418,9225500
2021-01-13,107.99894714355469,108.36823179430264,107.25112952538767,107.64811686422962,5259600
2021-01-14,107.65734100341797,108.58056663106504,107.52808997903958,108.1743451009315,5792300
2021-01-15,107.98968505859375,108.23895283791612,106.93720857940795,107.36189145314508,10335200
2021-01-19,108.80213165283203,109.1529618761991,108.22973630927875,108.84829574863888,6194500
2021-01-20,109.40222930908203,109.57764442017074,108.33128427413295,108.98678062283749,6872000
2021-01-21,108.88521575927734,109.37452413846417,108.51592415721042,109.26373454474866,5796200
2021-01-22,108.56208038330078,109.1714125786459,108.42360219676908,108.56208038330078,4796400
2021-01-25,109.27297973632812,109.33760524490054,108.40514544093948,108.62672465060392,6962000
2021-01-26,108.86675262451172,109.85460365820863,108.81136134677321,109.58686740971952,5504000
2021-01-27,105.56161499023438,107.66657534005198,105.29388575636209,107.66657534005198,13096900
2021-01-28,107.1033935546875,108.4513019561556,106.25402073098496,106.45713147048662,12626100
2021-01-29,106.19863891601562,107.70350114167968,105.34003883213104,106.9464493929417,10462400
2021-02-01,106.60485076904297,107.41728668214634,106.43866989549322,107.06646352405318,10105300
2021-02-02,106.90951538085938,107.97121906759537,106.88181269927928,107.44498081599828,11515700
2021-02-03,106.15248107910156,106.96491705984445,105.82011930433123,106.90952577860016,11280300
2021-02-04,106.59563446044922,107.02955165008458,105.9216836692881,106.15249008559177,8451500
2021-02-05,106.78948211669922,107.49113540467711,106.53098012735235,107.32495454814683,5557000
2021-02-08,106.91873931884766,107.31572655229313,106.60484604031703,107.16801413994088,6956700
2021-02-09,107.07569885253906,107.1772471795261,106.80796260664155,106.90951797728032,4730300
2021-02-10,107.26957702636719,107.87890221597723,106.89105117655569,107.85120657694749,5406400
2021-02-11,107.47270965576172,107.740438916669,106.96493269131008,107.64811775321961,4684000
2021-02-12,108.27587127685547,108.3958950840117,107.12183955358807,107.2603247691103,6345300
2021-02-16,107.2049560546875,108.51593467765348,106.85412582906834,108.41437930114814,9531900
2021-02-17,107.59270477294922,107.6480960511212,106.73410474302423,106.85412152694748,5022200
2021-02-18,106.91873931884766,107.35265641629404,106.47559503813956,107.06645877485124,7756600
2021-02-19,105.6262435913086,107.0849346766641,105.53391539698605,107.00184775415657,9390800
2021-02-22,105.37696838378906,105.7000959318796,104.43528138026059,105.11846634531662,7213300
2021-02-23,105.20155334472656,105.94937086360162,104.71224490816587,105.30310872329413,8731500
2021-02-24,105.93090057373047,106.50330296632593,104.98921358581111,105.32157535652433,9842000
2021-02-25,104.86917877197266,106.20785994262818,104.33371334736186,105.78317706755341,14494800
2021-02-26,103.96443176269531,105.23848051065785,103.69669550277125,105.23848051065785,14687000
2021-03-01,105.32158660888672,105.81089508925461,104.78611402734518,104.8138096705882,7361800
2021-03-02,105.01690673828125,105.79241282247253,104.91535136387735,105.54314502216876,8456100
2021-03-03,103.68745422363281,104.73993073595287,103.4474206637364,104.62914818327809,14946600
2021-03-04,102.29338836669922,104.13983936939306,101.49017964481283,103.4566474269672,23441700
2021-03-05,104.34294128417969,104.6753030224906,102.06258025139581,102.8934775535216,15645200
2021-03-08,104.0844497680664,105.73702439914037,103.95519875054349,104.42604576789248,12691800
2021-03-09,104.69378662109375,106.35558850938422,104.64762252267492,104.85073328587379,11022300
2021-03-10,104.93383026123047,105.9863069337361,104.89690039016766,105.38620885535767,11641100
2021-03-11,105.57083129882812,106.15246785403882,105.14614842700921,105.29386788345998,6549400
2021-03-12,105.80162811279297,105.94934755590451,105.18306879297751,105.34924964465263,7452400
2021-03-15,106.53099060058594,106.55868623878862,105.48774831425868,105.6077650943542,7119100
2021-03-16,106.46638488769531,106.83567656756513,106.07863179347582,106.64180002045539,8618600
2021-03-17,106.07860565185547,106.60484387679855,105.44157783715814,106.00474592535264,7524900
2021-03-18,105.85704803466797,106.72487528732265,105.54314767580398,105.58931177211262,8553300
2021-03-19,106.23555755615234,106.86335117525628,105.43234883881814,105.96782131704094,12595800
2021-03-22,107.1601333618164,107.23424944222377,105.6407890539576,106.16885375768781,6156800
2021-03-23,106.0761947631836,107.206440065355,105.80752931692176,107.03041617033239,9170500
2021-03-24,105.9557876586914,106.77104340656427,105.92798882515679,106.13180452914976,12647000
2021-03-25,106.40047454833984,106.60429026096521,105.01082967291156,106.11328353587645,11505300
2021-03-26,108.41080474853516,108.5497706227493,106.38192843016128,106.66911938693201,8286500
2021-03-29,108.92034912109375,109.29092244728912,107.93833581455955,107.97539385398892,8958900
2021-03-30,107.93833923339844,108.62389531431029,107.68819922635184,108.62389531431029,6865700
2021-03-31,108.15140533447266,108.8091695984528,107.98464769937219,108.16993788731601,8504100
2021-04-01,107.82716369628906,108.42934447901374,107.4843821262831,108.32743663571733,6676400
2021-04-05,108.57756805419922,108.91108334249108,108.19773551748246,108.3737594385527,7190900
2021-04-06,108.16068267822266,109.03152898042134,108.00319130342889,108.71653916273512,5206700
2021-04-07,107.91981506347656,108.46641236971563,107.64189033950844,108.09583900299239,5753200
2021-04-08,108.08657836914062,108.55905961308717,107.93835325557079,108.23481055080991,4292400
2021-04-09,109.27239227294922,109.33724207633814,108.08656325778104,108.15141306116996,5919100
2021-04-12,109.3835678100586,109.6059089862571,108.99446898468659,109.11490231594024,8279500
2021-04-13,109.8375015258789,110.14322501920219,108.9388635978001,109.04077142890786,6519600
2021-04-14,109.82823181152344,110.27291406100161,109.6336753757677,109.70779144004636,6226600
2021-04-15,111.70890808105469,112.03315710062995,110.26367277250728,110.26367277250728,8438300
2021-04-16,112.54268646240234,112.67238605886875,111.89418141197243,112.28328020137164,7447400
2021-04-19,112.57049560546875,112.5982873707032,111.99610654092703,112.32962185993848,7094300
2021-04-20,113.00590515136719,113.29309611496384,112.05167656206895,112.05167656206895,8063900
2021-04-21,114.3399658203125,114.4048156244964,113.30236895337008,113.3579524803567,9635900
2021-04-22,113.8304443359375,114.50673420467373,113.39502115212417,114.24733496361878,10030800
2021-04-23,114.5808334350586,114.8402326379489,113.53397034679467,113.77483699627957,4974500
2021-04-26,114.19174194335938,114.52525724503269,113.97865997414085,114.51599096773658,6907100
2021-04-27,113.53398132324219,113.92308016519566,113.34869111176516,113.90454760999852,7034700
2021-04-28,113.1911849975586,113.47837595283714,112.98736932551655,113.34867635573728,6788100
2021-04-29,112.73724365234375,113.3394173626761,112.12579659692528,113.31162559981134,8148900
2021-04-30,112.40372467041016,112.95031483706285,112.19990899196401,112.29255055450368,7153400
2021-05-03,113.6822280883789,113.80266144771542,112.85770592745148,113.01519733614543,13179100
2021-05-04,113.80262756347656,113.88600991672911,113.02442996297594,113.51543660159153,16186300
2021-05-05,114.00643157958984,114.35847937360711,113.77482416483001,113.96011433749631,16713700
2021-05-06,114.15467071533203,114.1639369915577,112.77429241781437,113.35794059427135,16115000
2021-05-07,114.9421615600586,115.5443424304191,114.37703873520789,114.42336305912004,7576700
2021-05-10,115.09038543701172,115.97975726077067,115.0440611164424,115.35904387839707,8846700
2021-05-11,113.84894561767578,114.96992470995146,113.58954643177368,114.48818437443292,11357800
2021-05-12,112.7742919921875,113.80262247022651,112.66311788219241,113.2375068483537,10946500
2021-05-13,113.79337310791016,114.31217152991316,112.80209351266961,112.97811036693584,11228000
2021-05-14,114.36774444580078,114.74758401817134,114.08055349856295,114.45112679480069,6590400
2021-05-17,114.15467071533203,114.76611065236824,114.08055464172224,114.23804599706969,5997700
2021-05-18,114.19174194335938,114.8495062694099,113.73778624113265,114.11762586118783,9202000
2021-05-19,113.9971923828125,114.07130139679056,112.64459862325845,113.45059511262033,10063000
2021-05-20,115.19229125976562,115.68330504774752,113.96014485503915,113.96014485503915,7522700
2021-05-21,115.2108154296875,116.4151770485281,115.11817385933794,115.57212250171993,8423300
2021-05-24,115.32197570800781,116.03532348895489,115.27565139434591,115.8037160568412,4958800
2021-05-25,114.97920227050781,115.49800069322873,114.8495026648276,115.48874148432185,6798500
2021-05-26,114.3121566772461,114.98845344785545,113.82115008191892,114.95139541279902,6848800
2021-05-27,114.06204223632812,114.64569047970933,113.997192431508,114.55304891112323,8102900
2021-05-28,114.5067138671875,115.4516761553096,114.43259779202147,114.49744759076725,10059900
2021-06-01,112.62606811523438,114.68274335852188,112.53342655081838,114.64568531913581,13368300
2021-06-02,112.40372467041016,113.01516463765043,112.13505919137644,112.72797367334805,13245100
2021-06-03,112.74651336669922,113.04297064504395,111.73670819199651,111.98684114918464,13244400
2021-06-04,113.10781860351562,113.67294138550612,112.9781189881177,113.33942606931176,11228900
2021-06-07,113.51544189453125,114.51598777162621,113.19119287920374,113.38574228840025,13978500
2021-06-08,113.16340637207031,113.85822875208535,112.29256006065985,113.7933789460079,10799500
2021-06-09,114.25658416748047,114.45113356919873,113.45058773056353,113.45058773056353,7965600
2021-06-10,116.21136474609375,116.34106436198992,114.48820462850296,114.53452188098076,9350900
2021-06-11,115.38683319091797,116.09091474240417,114.803177899538,116.0353312167864,6958100
2021-06-14,115.4887466430664,115.50727212980607,114.67348386454714,115.32198899001462,5156000
2021-06-15,115.52579498291016,115.78520126804271,115.03478831236744,115.60917734158454,5409100
2021-06-16,115.08112335205078,116.22989444941378,114.75687430054903,115.64624615671063,11653200
2021-06-17,115.96121215820312,116.26693567744356,114.85876554254847,114.87729102791235,6527000
2021-06-18,114.63642883300781,115.25714221061469,114.47893745323992,115.09964376274789,11152600
2021-06-21,116.0138168334961,116.22773031577405,114.58154661386274,115.00007114118554,6655400
2021-06-22,116.26493072509766,116.42303667660609,115.69760269139756,116.08821989948208,7194000
2021-06-23,115.78130340576172,116.37653165529126,115.7348054118275,116.10681774602313,6506600
2021-06-24,116.37653350830078,117.19497768619594,116.24632777012302,116.46024125180394,7029200
2021-06-25,116.90665435791016,117.26007600125014,116.26492812915122,116.3300309957117,8344200
2021-06-28,117.0833740234375,117.23218464149055,116.63695636063999,117.02757358950801,4631400
2021-06-29,117.21357727050781,117.5762942746876,116.94386335279042,117.09267396767477,6165500
2021-06-30,117.13916015625,117.38097383322359,116.69274254795407,117.09266216554582,8542700
2021-07-01,118.18081665039062,118.26452438928321,117.17636635776063,117.2228714455543,12021000
2021-07-02,119.31548309326172,119.42709815862314,118.12503356174548,118.32964462498526,12327900
2021-07-06,119.20388793945312,119.21318328227828,118.35755052306257,118.96208130373098,11413100
2021-07-07,119.95719909667969,119.95719909667969,118.77604507891827,119.21316026479458,18435700
2021-07-08,119.29686737060547,119.38986334896595,118.21801184383607,118.84114024515303,8386600
2021-07-09,119.70610046386719,120.06881745309,119.43637946159132,119.72469114644014,5224200
2021-07-12,119.93863677978516,120.53386514779108,119.61311527905035,119.70612547679279,9097900
2021-07-13,119.8270263671875,120.21764366845157,119.53871461087574,119.78983080146132,9698800
2021-07-14,119.71537780761719,120.19900511766124,119.50147145930022,120.09669961344729,7487000
2021-07-15,119.29686737060547,119.59447436926219,118.56213102303245,119.07365147809335,8750600
2021-07-16,119.62239837646484,120.05952071665112,119.21317625447237,119.60380769191046,6511000
2021-07-19,118.36682891845703,119.40848191593984,117.39958832269221,118.84115387484516,19460400
2021-07-20,119.80841064453125,120.48733956023635,118.74815275515392,118.74815275515392,15053700
2021-07-21,120.00371551513672,120.32923696962185,118.7109534218277,120.2920272192661,8295700
2021-07-22,120.88722229003906,120.88722229003906,119.7804666784947,120.10598804354579,9261100
2021-07-23,122.2823257446289,122.40323614883529,121.24997511622593,121.39878573811654,8303800
2021-07-26,121.49179077148438,122.29163009101829,121.09186401603672,121.93820842685916,6626500
2021-07-27,122.05912780761719,122.05912780761719,120.99887692848299,121.32438420873223,9551600
2021-07-28,122.4962387084961,122.84964617427998,121.5754890081578,121.88240557493724,7432600
2021-07-29,122.79383087158203,122.97983701915715,122.43111391683478,122.89613638145225,5662700
2021-07-30,122.90544128417969,123.36116844385081,122.42182810113006,122.58922938956404,6634400
2021-08-02,123.07289123535156,123.55651874522049,122.71017415079098,123.38910321853473,8366300
2021-08-03,124.78416442871094,124.82137418436584,123.04498442298278,123.12868508616074,7701700
2021-08-04,124.25402069091797,125.06315531931203,124.0959005486848,124.30051158895745,8322100
2021-08-05,123.74250030517578,124.17962262657599,122.80314569514647,124.16101775145893,8240900
2021-08-06,123.64021301269531,123.79831899610261,122.84966890429511,123.6867181116654,6923700
2021-08-09,124.11450958251953,124.34702084595301,123.72389236291464,123.81690254483254,9852500
2021-08-10,123.82621002197266,124.43073368960107,123.35189210697327,124.17963171826399,5832600
2021-08-11,122.59855651855469,124.21682597112788,122.496250986041,124.02152443992337,14512500
2021-08-12,123.56578063964844,123.6680861584388,122.63573562932183,122.71943627432466,8220300
2021-08-13,124.33769989013672,124.36560010069225,123.7238668751982,123.87267745906662,7922900
2021-08-16,125.75138092041016,125.76997160118569,123.90988174575766,124.33770865670422,8404200
2021-08-17,127.23944854736328,127.23944854736328,125.3514584162405,125.41656837521157,13874500
2021-08-18,125.30496978759766,127.21156504189032,125.23056447815542,127.07206395628717,12427700
2021-08-19,125.87232208251953,126.52335092624689,124.44005862631936,124.47725419251901,11669200
2021-08-20,126.58844757080078,126.96976949315791,125.55609687329914,125.99321923475966,7252700
2021-08-23,126.63492584228516,127.39755533408979,126.59771609652302,127.30455935240431,8471300
2021-08-24,126.18851470947266,126.653537268145,125.82579768136272,126.63494658357894,6548100
2021-08-25,125.8443832397461,126.13269491124815,125.32356032459914,126.06759914253483,6918500
2021-08-26,125.35149383544922,126.19783839305624,125.10968718671744,125.91882198829566,5972100
2021-08-27,125.21198272705078,125.9746123683575,125.00737165932789,125.63050020507933,8679200
2021-08-30,125.91877746582031,126.37450457217167,125.09103807890054,125.10033341893916,6417200
2021-08-31,125.75138092041016,126.53261525376368,125.30494913732868,125.94668240806885,9299100
2021-09-01,125.7885971069336,125.96530794280336,124.598140539493,125.85370707440633,10571100
2021-09-02,127.13716125488281,127.15576613030659,126.11412016836512,126.25362125563875,6847800
2021-09-03,127.27665710449219,127.45335372427841,126.40241258073416,127.0069361217874,5632800
2021-09-07,126.53263092041016,127.00694878338264,125.70489139991244,126.80233773864288,8739100
2021-09-08,126.47683715820312,126.68144821373305,125.94670464395875,126.28152144470208,6986200
2021-09-09,125.01663970947266,126.58841793595255,124.94223441096572,126.30010627383794,8905600
2021-09-10,123.8727035522461,125.57468771144026,123.80759358632918,125.46307265434858,10561600
2021-09-13,123.11004638671875,124.59812399409842,122.48691796864448,124.52371869459346,11676700
2021-09-14,123.09144592285156,123.97498572329529,122.87752538201588,123.68667408022658,10436300
2021-09-15,123.89130401611328,124.46792739033901,122.74733841766043,122.93334458437575,10299900
2021-09-16,123.5750961303711,124.28193953594432,122.72876581840977,124.0494282454506,10525700
2021-09-17,123.69597625732422,123.79828176774781,122.88684170574818,123.47276036421107,13541400
2021-09-20,122.40518951416016,123.49718891958122,121.34120287420588,122.29319541775399,17245000
2021-09-21,122.59186553955078,123.85184185036964,122.57319510966275,122.96518868911964,11741800
2021-09-22,122.79721069335938,123.41319253197085,122.20921314052856,122.95587376098405,11964100
2021-09-23,123.6838607788086,124.40250861232663,122.98386913533274,123.077192809643,10366500
2021-09-24,123.1798324584961,123.93582099304149,122.9185034401684,123.47850233164971,6962600
2021-09-27,121.42521667480469,122.97452061096634,121.16388761369954,122.82519989131035,11631400
2021-09-28,119.34392547607422,120.6505781247178,118.93326138403891,120.6505781247178,17433400
2021-09-29,120.28656005859375,120.84654478892047,119.63322317783108,119.87589604486823,11171400
2021-09-30,118.8119125366211,121.44387359396352,118.70924653047221,120.68788493112437,21653100
2021-10-01,118.83992767333984,119.39991961744798,116.92661415022948,118.97059222294227,23188900
2021-10-04,117.0292739868164,118.96125072034695,116.44128354467529,118.35458984600125,27580700
2021-10-05,117.72926330566406,118.92391459825902,117.34660490132508,117.50526796847335,19151800
2021-10-06,117.51459503173828,117.61725391695433,116.19860738558818,117.07593248302157,21322100
2021-10-07,119.07324981689453,119.83856662715823,118.10259385947909,118.32658919713391,15806400
2021-10-08,118.47591400146484,119.46523318516097,118.2332482527663,119.24123786672997,9552300
2021-10-11,117.55191802978516,118.99857016238526,117.51459141122908,118.37324605167225,7843400
2021-10-12,116.98259735107422,118.04659117573165,116.69326975703929,117.92525473641399,13007200
2021-10-13,117.16926574707031,117.70125909764825,116.45060369060702,117.17860096253534,10609000
2021-10-14,118.84925079345703,119.31591191412369,118.38258967279037,118.38258967279037,8857900
2021-10-15,119.4372329711914,119.97856151036929,119.21323765592847,119.46523149551393,8976100
2021-10-18,118.625244140625,119.03590816628126,118.1119212292376,118.91457884992052,11660700
2021-10-19,120.18390655517578,120.49190459750399,119.26924764420566,119.26924764420566,9487000
2021-10-20,121.90120697021484,122.07854045789935,120.79055132955153,120.90254543067192,13665700
2021-10-21,122.39588165283203,122.4705491432343,121.26655544237826,122.15322299005038,8267500
2021-10-22,122.89054870605469,122.93721767053368,122.09723327538579,122.28389489193327,8009700
2021-10-25,123.03987884521484,123.17054339578371,121.9945624406639,122.94654091993655,10629700
2021-10-26,123.64652252197266,124.00118951937934,122.64787516174344,123.31986829295255,9271600
2021-10-27,122.6665267944336,123.9731863860646,122.62920017358297,123.84252185103811,11851400
2021-10-28,123.69320678710938,124.1691960467139,122.89054901669465,122.89054901669465,9282500
2021-10-29,124.89715576171875,125.05581879133979,123.05851029881116,123.53449938767427,15415100
2021-11-01,124.74784851074219,125.52250764471766,124.27184507487499,125.00917758709939,14356700
2021-11-02,125.5318374633789,126.15716163620274,124.14118224116767,125.2331675198033,20851500
2021-11-03,126.26915740966797,126.315826369138,124.82251935566568,125.28918046763208,14610000
2021-11-04,125.40116882324219,126.17582794252527,124.53317178930186,125.97982401829155,15818500
2021-11-05,124.00117492675781,124.78516207378553,123.10517944346536,124.271832069887,14867300
2021-11-08,124.73849487304688,124.89717216487091,123.73984761630867,124.22517910330126,8948800
2021-11-09,124.28118896484375,124.88784270510612,124.03851607564542,124.77584859708642,7287000
2021-11-10,124.63584899902344,125.13985099727765,124.22519916518166,124.24385535669659,8445400
2021-11-11,124.27185821533203,124.70119273838314,123.97320248564402,124.61719714953664,8597300
2021-11-12,124.88782501220703,125.17715257784663,124.19717578877439,125.06515848569316,8317600
2021-11-15,124.1131820678711,125.24250819515751,123.99185986609865,125.17716880535448,6268900
2021-11-16,124.63584899902344,125.30784216911735,123.87053214725223,124.08519228061436,6150900
2021-11-17,124.81318664550781,125.29851822696813,124.23453137927653,124.77586001987304,8229000
2021-11-18,124.85984802246094,125.17717416586486,124.43052776758907,124.94384360606188,9029300
2021-11-19,124.10383605957031,125.65315410461393,123.99184196906361,125.23314778248482,10166100
2021-11-22,123.5438461303711,124.71049879607715,123.38518307679894,124.28117859026203,11146200
2021-11-23,123.67449188232422,123.80515639139045,122.59184919635966,122.9651722961594,12075200
2021-11-24,123.62787628173828,123.85186451592453,123.01188015499032,123.4412004314259,6760800
2021-11-26,123.1705551147461,124.80386927294124,122.74122055553232,124.0758789588838,11896900
2021-11-29,123.50654602050781,124.33720232712659,123.37588146355773,123.84254263000354,17137100
2021-11-30,121.07987213134766,123.35718033558227,120.9025386536034,122.79719562000388,19467000
2021-12-01,120.865234375,123.28253564457175,120.84656394195372,121.65856400373819,22241400
2021-12-02,121.45320892333984,121.94786849496613,120.2492154442004,120.82788482791351,17531100
2021-12-03,121.67719268798828,122.76917779176455,120.66920315187994,122.30251676067908,22111900
2021-12-06,122.36788177490234,122.89986805627244,121.80788272374359,121.99455856837481,15230900
2021-12-07,123.94518280029297,124.24383847900458,123.0305310924463,123.19852224146551,11974700
2021-12-08,124.87850189208984,124.96249746455038,123.67450838802749,124.29983249639817,15144700
2021-12-09,125.16783905029297,125.57850309113276,124.66385133558637,124.75717500945318,9095800
2021-12-10,125.60648345947266,125.86781249470758,124.7851554965261,124.8411525410244,8554300
2021-12-13,126.79180908203125,127.14646178499558,125.60648606390394,125.60648606390394,12201800
2021-12-14,126.27849578857422,126.94114657163229,125.65317162710211,126.20382830403578,11070800
2021-12-15,128.86380004882812,128.9291251958266,126.4371566876642,126.54915079187089,14996300
2021-12-16,129.6291046142578,130.28242722950804,128.6211150472868,128.85444556997365,19227500
2021-12-17,128.72378540039062,129.76910162014383,128.2197977205426,128.97578636099735,21504200
2021-12-20,127.94425964355469,128.85306229627116,126.83871415448955,128.4595623274805,16185700
2021-12-21,128.47833251953125,128.53454477074465,127.11980306675727,128.30968146979458,10773400
2021-12-22,129.97738647460938,130.05234091297103,128.1879010820779,128.41275010106548,7246000
2021-12-23,130.5114288330078,130.93303503113373,129.93053552154157,130.31467164929728,7743800
2021-12-27,131.888671875,131.888671875,130.83932416959067,130.97986908439944,6968900
2021-12-28,131.54200744628906,132.2446891405451,131.19535571854004,132.0104619091264,6065900
2021-12-29,132.29153442382812,132.56324601188007,131.31715545366836,131.41083776643825,7103600
2021-12-30,132.56324768066406,133.02232390003488,132.39459664180265,132.53514155686975,7931700
2021-12-31,132.0010986328125,132.90990143899228,131.95425032707314,132.40397690685612,7882800
2022-01-03,130.6426239013672,131.6825937072296,129.5183356967835,131.43898816056804,15122300
2022-01-04,128.9186553955078,130.50201924401483,128.36586834363456,130.3521247024447,14304500
2022-01-05,128.00048828125,129.97736661569195,127.95365427351479,129.19973051961244,15370700
2022-01-06,126.52018737792969,127.981777453316,126.29533836332953,127.20414125359731,15182000
2022-01-07,125.87370300292969,126.45458188420042,125.61136968260783,126.22035468419206,9619400
2022-01-10,127.16664123535156,127.2415956630252,125.02112614056306,125.3209295551623,15589900
2022-01-11,128.1785125732422,128.19725475535543,126.48270964244846,127.35402811341471,12168300
2022-01-12,127.8131332397461,128.00989043415322,127.2603603211276,127.44773927535955,10831800
2022-01-13,125.82683563232422,127.74750124049909,125.60197240780462,127.5882141880738,13804900
2022-01-14,125.61140441894531,125.74257111537884,124.31846534260228,125.48960166650787,14341800
2022-01-18,123.84998321533203,124.57140703300911,123.53143763727523,124.37464988415373,16471400
2022-01-19,123.34407043457031,125.05861570771695,123.22228197969261,124.08423658820777,14639600
2022-01-20,122.53829956054688,124.90869205237243,122.46335943472499,123.64385941369146,15127800
2022-01-21,121.30159759521484,123.29721814618962,121.10484043403751,122.91308206242628,25804800
2022-01-24,120.89873504638672,121.10485617685431,117.0386744141704,120.20543151308414,37938000
2022-01-25,120.12110137939453,121.15169263480794,118.3034886020098,119.29661693818711,19326800
2022-01-26,119.49337005615234,121.4046651993557,118.55646109270255,120.31784737069084,29557400
2022-01-27,119.80255889892578,121.64826366301332,119.40905167821177,120.07426337235151,18483600
2022-01-28,122.24787139892578,122.29471970396104,118.85626569658689,119.69948515088718,20906800
2022-01-31,122.95056915283203,123.17543246872815,121.77943285438904,122.02303835396751,19044400
2022-02-01,123.27848052978516,123.50334382287171,122.29472327966334,123.39090502828046,14674800
2022-02-02,124.9367904663086,125.23659383938407,122.94117020717202,123.19413957852154,13595200
2022-02-03,124.40277099609375,124.87122547771666,124.16854375528229,124.76816491991578,13805600
2022-02-04,123.95306396484375,124.8243824755686,123.04426108818204,123.26912439551273,12004100
2022-02-07,123.73757934570312,124.43088286098377,123.3909132919659,123.99991272382502,9229200
2022-02-08,124.74943542480469,124.96493480145689,122.80067716362866,123.08173844430945,11071600
2022-02-09,125.71442413330078,125.97677176684307,125.2178635805539,125.3490302492777,10811000
2022-02-10,123.7469482421875,125.34905470154993,123.25975153641936,124.26225107558673,14393300
2022-02-11,122.03238677978516,124.51518969832529,121.88247792158391,123.57828077871082,13072300
2022-02-14,120.78630828857422,122.01365680871793,119.8775054019142,121.77942955537456,14386900
2022-02-15,122.14480590820312,122.62263858571114,121.52645691346119,121.83562426278468,8969900
2022-02-16,122.33218383789062,122.67883550485816,121.17977576818373,121.51706349413082,8779200
2022-02-17,120.36470794677734,121.90123823160867,120.18669293820153,121.8356477353554,11906800
2022-02-18,119.46526336669922,120.8987257822713,119.06239222839665,120.25227060926501,13505600
2022-02-22,119.16544342041016,120.13982237093623,118.36906514938876,119.04364069055875,13682100
2022-02-23,118.56583404541016,120.18668257472054,118.45340239473354,119.77444033695454,12022800
2022-02-24,119.04363250732422,119.28723080223419,116.23290604436106,116.44839821832893,23220000
2022-02-25,122.68819427490234,122.98801192803798,119.44649095485913,119.57765760408283,17012300
2022-02-28,121.76069641113281,121.90122703863246,120.34595471251998,120.72072687934633,17987700
2022-03-01,121.08612060546875,122.11671189630954,120.14921163410636,121.12359067404084,14064200
2022-03-02,122.91310119628906,123.57829861943488,121.4608893020149,121.62016212581176,12395600
2022-03-03,123.54080963134766,124.26223349604581,122.49147622531066,123.45649126038299,11172600
2022-03-04,124.1591796875,124.27160418822574,121.92933178246449,122.29472570591939,12160400
2022-03-07,121.99491882324219,123.6157672793018,121.44213168607631,123.38154004534712,15704000
2022-03-08,119.50273132324219,122.0885947031921,119.42777689679646,121.18917017803346,21794600
2022-03-09,121.76069641113281,122.38842370745851,120.55207583025039,121.45151473453723,15576500
2022-03-10,121.7138442993164,121.97617765984789,120.15857202181122,120.28973870207696,10708800
2022-03-11,120.8050308227539,122.75380296913363,120.6832280960756,122.0417430852846,9869100
2022-03-14,121.65765380859375,123.40966927179825,121.30162377158379,121.7794422717036,14373200
2022-03-15,124.08424377441406,124.21541047686932,122.43527460514981,122.64139575130784,14374100
2022-03-16,125.57389068603516,125.59263286574225,123.43773967444577,124.71193626873543,13840400
2022-03-17,127.56014251708984,127.61636906047129,125.03986955516315,125.20850629702115,10973100
2022-03-18,128.34718322753906,128.50645605959292,127.10109240442527,127.48522856790137,11364200
2022-03-21,128.24942016601562,129.38660831554424,127.6479285450961,128.2870071182706,11473100
2022-03-22,128.27764892578125,128.55958699626063,127.80773302072178,128.38103099852214,8892100
2022-03-23,125.97501373291016,127.90167126449043,125.9374267810886,127.66671337870481,10013400
2022-03-24,127.47874450683594,127.47874450683594,126.17237929115477,126.44492411714984,7189200
2022-03-25,128.07083129882812,128.28698850949505,127.09339859368403,127.91106167871,7040100
2022-03-28,129.00128173828125,129.0388830335017,127.82649222475828,128.28701487670853,8467000
2022-03-29,129.7625274658203,130.5895693409528,128.99185883913412,130.07265920606437,12327700
2022-03-30,130.0162811279297,130.53319130063133,129.35840197207762,129.78132326221893,10752900
2022-03-31,128.74752807617188,130.45801402511952,128.52196334348693,129.74374721598738,15843000
2022-04-01,129.7625274658203,129.80950756297372,128.23999085572268,129.1046340174047,20785700
2022-04-04,128.6817169189453,129.69673657826667,128.38097832027017,129.4711718737432,16769500
2022-04-05,128.9542999267578,130.4862156804838,128.28701318198728,128.3528082774077,15025100
2022-04-06,130.91854858398438,131.22869474195454,128.54077571357223,128.6253571182843,23197800
2022-04-07,133.43727111816406,133.77561102865658,130.44861385938873,130.44861385938873,18160200
2022-04-08,134.23614501953125,134.79064220470778,133.24931900174943,133.44668994158246,19102700
2022-04-11,131.56703186035156,134.39591983549852,131.36966091292632,133.8508157824155,16570700
2022-04-12,130.28883361816406,132.0087268280703,129.72492903302816,131.23805818443054,14085400
2022-04-13,130.9279327392578,131.05950858444234,129.6027667937404,130.2794466663156,15496400
2022-04-14,130.2982177734375,131.71735794910526,130.20422890217438,131.05008572147744,10993400
2022-04-18,128.86032104492188,130.46743951299123,128.31521695460282,130.16668649459731,10125000
2022-04-19,130.0914764404297,130.55199904491514,129.15164492647713,129.19863937031292,11733100
2022-04-20,131.83953857421875,132.34705552608762,130.29821575788893,130.44859221330844,13674800
2022-04-21,130.3828125,132.35646427305474,130.09146704622395,132.20608779991557,11409700
2022-04-22,125.62728881835938,129.24564623097413,125.49571296739296,129.20804493601676,17525300
2022-04-25,126.47314453125,126.74568938369846,123.85100635230809,125.26075374378892,16501900
2022-04-26,124.24573516845703,126.38855007811117,124.06716486920381,125.71187017604225,20087700
2022-04-27,123.9731674194336,125.23253809433913,123.36226838529139,124.22691158033203,16726700
2022-04-28,125.68367004394531,126.09719822334424,123.69123173305036,124.84722053223078,15510700
2022-04-29,122.45064544677734,125.11037043476759,122.26268200628611,124.46188437548524,17430200
2022-05-02,121.6893539428711,123.03332017266013,119.71570962692168,122.34723299140627,23615100
2022-05-03,122.0747299194336,123.24951945762996,121.64240105947258,122.06533676577736,13585300
2022-05-04,124.78145599365234,125.2325711840243,120.85295211961208,121.87736520760619,19053500
2022-05-05,122.3566665649414,124.30211033322036,121.0972957834767,124.1705344954657,16119800
2022-05-06,121.9713363647461,122.30967629346945,120.55219589907686,121.17247381782697,21742300
2022-05-09,118.81348419189453,120.63675940738872,118.3529688123322,120.60856561256678,17289800
2022-05-10,119.23643493652344,120.50520613333246,118.13682654029944,120.05408382073469,21850200
2022-05-11,118.44696044921875,121.32284248768624,118.30598429294493,118.64432419986406,19987300
2022-05-12,119.59356689453125,119.66875514077034,117.74209756038219,118.01464957523952,17497100
2022-05-13,120.8623275756836,121.23825441122553,119.85670106254013,120.38300436857465,9841500
2022-05-16,121.75518798828125,122.58223005371374,120.69317367957032,120.72136748062528,8839800
2022-05-17,123.42807006835938,123.48445766268505,122.1122973911022,123.0239350745415,9058700
2022-05-18,120.2420425415039,122.8923598732813,119.85670819070845,122.5916212551,10005000
2022-05-19,120.50520324707031,121.23827071343109,118.8510977009577,119.28341935623853,9672800
2022-05-20,121.9713363647461,122.2344880492319,119.6687519551497,121.31345715353159,12833700
2022-05-23,123.04273223876953,123.52204111766885,122.53522956350496,122.78897373079229,9196500
2022-05-24,123.4092788696289,123.6160429584432,121.89614949641047,122.68560455877885,9031300
2022-05-25,123.3716812133789,124.1799368520653,122.2156781787537,123.32468677169093,8532400
2022-05-26,123.89801025390625,124.36792608692234,123.32471236399888,123.68185298611293,9090100
2022-05-27,125.95620727539062,125.98440106991882,123.59722130147895,124.1141314356442,13696000
2022-05-31,124.27392578125,125.07278836035474,123.26831344802626,124.84722361855424,11740800
2022-06-01,122.48824310302734,124.74383300334385,121.51081029638357,124.72504669833633,9259900
2022-06-02,123.4562759399414,123.48446973986168,120.45821092908983,122.64802021394597,9575400
2022-06-03,122.00894165039062,123.14612982256043,121.84915766322429,122.60102578951613,5852600
2022-06-06,122.02774047851562,123.13674930525352,121.69880799873485,122.8829907391934,7729000
2022-06-07,123.61603546142578,123.73821814486725,121.58599598928863,122.02771793944878,7219100
2022-06-08,122.63862609863281,123.7194266622748,122.29087866785827,123.26831152639807,5372000
2022-06-09,119.86611938476562,122.63862682047443,119.8379255849006,122.22509863486526,7772900
2022-06-10,117.939453125,119.03906143130565,117.47893769692475,118.44696299629216,11289000
2022-06-13,114.36810302734375,116.31355403905047,113.88878693160568,115.60868038016622,14886200
2022-06-14,113.27789306640625,114.52787072111619,112.46963737767243,114.23652524157686,9299500
2022-06-15,114.42447662353516,115.62745970690115,112.67638958978621,113.89817331714873,10301600
2022-06-16,112.74219512939453,112.81738337644616,111.60499978153575,112.32866694095647,9383300
2022-06-17,112.67638397216797,114.46206503453789,112.63878985639398,112.77976599796031,13724900
2022-06-21,115.70977020263672,116.22886259677797,113.87880481368065,114.25631869965703,7987200
2022-06-22,117.31423950195312,118.60723975415198,114.91698875035597,114.97361439625776,10188900
2022-06-23,119.94744110107422,120.04182678489543,117.86164565960264,117.86164565960264,11943300
2022-06-24,121.9388427734375,121.95772278808168,120.01349891544756,120.8251667303681,10448100
2022-06-27,122.3918685913086,122.9109610114004,121.55188791197178,121.93884902524316,8963600
2022-06-28,120.25889587402344,123.25073769789932,120.03238607553183,122.63727396034359,7518700
2022-06-29,121.30651092529297,121.91054184173203,120.23058040534737,120.41933736650338,9157700
2022-06-30,121.03279876708984,121.7217680606601,119.75866425319309,120.67415050958951,10697600
2022-07-01,122.3918685913086,122.55232712216343,119.73036243928779,121.07998833029417,9366600
2022-07-05,121.68401336669922,121.71234058937131,119.07913298555786,121.21211380771646,9987000
2022-07-06,122.50513458251953,123.13747829536182,121.63684107826302,121.85391085401905,9033300
2022-07-07,123.02420806884766,123.18465217416701,122.25971876529518,122.32579160931324,6805500
2022-07-08,123.39230346679688,124.61923081507145,122.55232281696811,122.67500691105646,6505800
2022-07-11,123.08084869384766,123.76981803028896,122.57118909608303,122.70332039897906,7027300
2022-07-12,121.5141372680664,123.52443401145848,120.96673204775955,122.69388617358162,9280400
2022-07-13,120.33438110351562,121.30649299092006,120.0229256831,120.4853924106076,9296500
2022-07-14,119.98518371582031,120.16450785906825,118.1919710858052,118.95644609545619,7784800
2022-07-15,122.88263702392578,122.93926266438511,121.23098863811701,121.76896102494277,9684800
2022-07-18,120.28720092773438,123.11859842811839,119.88136699798801,123.00534713649739,7047700
2022-07-19,122.33525085449219,122.54288783595233,121.04225052549944,121.57077578694953,6585700
2022-07-20,121.12716674804688,122.32579557515159,120.63639440980167,122.16535146463059,7599500
2022-07-21,123.04308319091797,123.04308319091797,121.17436501844078,121.48582044739219,9507700
2022-07-22,122.53343963623047,123.56217720527428,121.78783027794626,123.3262274288203,8657100
2022-07-25,123.17523193359375,123.40174893252193,122.51457535492825,122.62782665377567,5489000
2022-07-26,123.80754852294922,124.57203782613279,123.19408492048123,123.52442033795178,7482400
2022-07-27,124.58148956298828,125.13832761307253,123.15635801076441,123.73207607646084,7680700
2022-07-28,125.37428283691406,126.28976921713988,122.61839088863796,124.74193909821129,11052600
2022-07-29,124.95897674560547,125.18549368081435,124.08125062397596,124.74190701679859,8309500
2022-08-01,124.03407287597656,124.94012632574267,123.75093027284771,124.26058983872583,7665400
2022-08-02,123.59046936035156,125.33650317464316,123.52441092263068,124.33607859395983,7935100
2022-08-03,124.72303771972656,125.21381725422559,123.92081717425083,124.26058540563776,6825700
2022-08-04,124.10956573486328,125.04393190848853,123.91136161273809,125.01561909121773,5493000
2022-08-05,124.06240844726562,124.11903409802945,123.04310352981584,123.33567899291803,8883400
2022-08-08,124.35497283935547,125.17608790603005,123.72262912673267,124.29834719363289,7075100
2022-08-09,123.97746276855469,125.11001892173539,123.6848873224499,124.51542082079158,5802500
2022-08-10,125.32706451416016,125.42145017588774,124.60034964353197,125.2987516958879,6736300
2022-08-11,124.51542663574219,126.17652251246544,124.25116400103322,124.94958062204036,8471400
2022-08-12,126.11044311523438,126.1670687624173,124.60980585995584,124.81744283378174,7515500
2022-08-15,126.74275970458984,126.91265101099235,125.59133818888252,126.04435767057308,7486100
2022-08-16,126.4029769897461,126.82769800640573,125.91221194140324,126.46904982388533,7138400
2022-08-17,125.66685485839844,126.3935842581979,125.47809790294252,125.66685485839844,7251800
2022-08-18,125.11002349853516,125.88394577894732,124.43993411060106,125.62911595475876,7053600
2022-08-19,125.44979095458984,126.0538218810755,124.93069850185218,125.11002265836457,5946500
2022-08-22,123.80754852294922,125.0722501546018,123.39228905120959,124.67585629437524,6420400
2022-08-23,122.0804214477539,123.39230164329561,121.74065318985373,123.26017034306953,7501900
2022-08-24,122.23143005371094,122.7033296569777,121.78784327454154,122.20311722961358,6719500
2022-08-25,123.58104705810547,123.61879268269257,121.89163873291936,122.75049930488638,5636600
2022-08-26,120.13619995117188,123.6282612801226,120.0418214721443,123.61881407141854,9044500
2022-08-29,119.29620361328125,120.04180574093735,118.67329277222093,119.40945489302645,6727700
2022-08-30,118.50341033935547,119.72091201826036,118.2108349283605,119.72091201826036,7910500
2022-08-31,117.7483901977539,119.63598859758689,117.72951018141036,118.89038636557889,8954500
2022-09-01,119.68316650390625,119.73979934866111,117.39917431583605,117.55961844130682,11212400
2022-09-02,117.9654541015625,120.48540331220461,117.45580169493655,120.37214482163792,9730300
2022-09-06,118.0787124633789,119.56047684375093,117.74838420035637,118.42792074178335,9663400
2022-09-07,120.00406646728516,120.20226342983885,117.67288135437579,118.05040246426597,9038300
2022-09-08,122.08984375,122.12758937486059,119.3150722827588,119.56046204804382,9394800
2022-09-09,123.16580200195312,123.49613749961658,122.16537710214998,122.39187970513414,8880400
2022-09-12,123.98687744140625,124.62866828845274,123.30734096864207,123.63767639890241,7982400
2022-09-13,119.89080810546875,122.28806607580505,119.56991984211115,122.01435625023397,11928500
2022-09-14,119.95686340332031,120.99504096656294,119.16407562068197,120.28719164608628,8080100
2022-09-15,120.62696838378906,121.77840451154951,120.35326576320533,120.47596426244888,8624200
2022-09-16,120.28720092773438,120.55147074295449,119.36228177662066,120.24945529760484,10810100
2022-09-19,119.63907623291016,119.66750191152943,117.93346322257322,119.52536628911501,9430100
2022-09-20,118.23668670654297,119.01368661009224,117.50706775525285,118.83365489600774,9010600
2022-09-21,116.27521514892578,119.49692415290109,116.24678947422142,118.71044674926709,11642400
2022-09-22,116.89115142822266,117.68709937444281,115.60246760445052,116.09519625268419,9505600
2022-09-23,116.294189453125,116.50264684484942,114.84441474205146,116.2657565444497,16611100
2022-09-26,115.1855239868164,116.16151075451855,114.67384012981076,115.60245318052117,10450600
2022-09-27,114.83492279052734,116.73951524330403,114.37061268374576,115.99094839628248,13239900
2022-09-28,117.3459701538086,117.93346067340767,115.69721576566657,116.44578994683835,16360000
2022-09-29,116.36052703857422,117.27965539935394,115.57404944814779,116.99539135547897,10791700
2022-09-30,114.7591323852539,117.17541622907105,114.62647440152381,116.36998346158673,12389800
2022-10-03,117.11853790283203,117.5638927285671,115.24237117527514,115.59296411776016,9326800
2022-10-04,119.83806610107422,119.88543982347552,117.81975611864094,118.09454973411414,13717900
2022-10-05,120.23603057861328,120.86142439121545,118.62517955776387,119.07053444322584,9913400
2022-10-06,118.70098114013672,120.16022616710562,118.3882914573931,119.79067789987585,9399300
2022-10-07,116.18994903564453,118.00926468073821,115.52665190321484,117.80080007424083,10068700
2022-10-10,115.4603271484375,116.62583056873824,115.01497224173167,116.46474690483299,8377800
2022-10-11,116.07622528076172,117.3080575019986,114.92967731081264,115.22341891446825,10792900
2022-10-12,115.5077133178711,117.13751976102515,115.47928763817023,116.44579689459131,9292800
2022-10-13,118.19876861572266,118.75783341936052,113.65995011660867,113.84946667263736,14063600
2022-10-14,117.40281677246094,119.77171942231158,117.04273894292066,118.89048734739445,11442300
2022-10-17,119.2884750366211,119.52536532896951,118.00926890380327,118.15140452507592,8420400
2022-10-18,119.95174407958984,121.09829925673806,119.36426088361151,121.06039594904321,10016700
2022-10-19,118.27457427978516,119.59168360891334,117.24173616773793,119.58220597385935,7676200
2022-10-20,117.2701644897461,118.92839642506195,117.11855124273053,118.0661123486253,7196600
2022-10-21,119.90438079833984,120.22654809779871,116.55949131842718,117.18487787650743,8433100
2022-10-24,122.2164306640625,122.58597892691624,120.90879890545062,120.90879890545062,7411300
2022-10-25,123.14506530761719,123.2871937103879,121.78057480646997,121.84689657488393,7174200
2022-10-26,124.50953674316406,125.66556257171553,123.48618336380574,123.52407945026337,8277100
2022-10-27,123.85572052001953,124.8127520473705,123.66619672886188,124.79379677652767,6496800
2022-10-28,125.89297485351562,125.98773675188423,123.65672996319216,124.04523350441346,6267100
2022-10-31,125.78874206542969,126.28147790950887,124.95488363062427,125.23915486600208,7852800
2022-11-01,125.86457824707031,126.56577886450367,124.51904283954066,125.94038489154735,8033300
2022-11-02,123.72305297851562,127.0016061077873,123.65671676501069,125.5707941304039,10228700
2022-11-03,123.201904296875,123.88414947893801,121.95111664354758,122.82287116315351,7916600
2022-11-04,123.9504623413086,124.39581720480851,122.20695342727701,124.13050125957042,8082200
2022-11-07,125.27704620361328,125.60868387851745,123.68513620471964,124.14944629994558,6054400
2022-11-08,125.9024429321289,126.86895933480339,124.4432051512274,125.30548925107782,8930700
2022-11-09,124.54743194580078,126.5467864234493,124.39581870137368,125.70345763194645,8963500
2022-11-10,127.71229553222656,127.96814110094452,125.70347044404355,127.41855387785674,12416800
2022-11-11,126.14881896972656,127.57016067718877,124.50952779023588,127.55120540600466,10487200
2022-11-14,126.26250457763672,127.76912311340662,126.21512363541183,126.52782050373581,10552600
2022-11-15,126.10143280029297,127.59858107187188,125.04963940197135,127.06794916976997,8184100
2022-11-16,126.04459381103516,127.2669413869421,125.82664432665219,126.41414209757785,6122200
2022-11-17,125.9877700805664,126.49944687466252,124.94544675731936,125.04967908964407,6498700
2022-11-18,127.5133056640625,127.73124067120311,126.64153671822977,127.05846592050582,6720700
2022-11-21,127.57017517089844,128.11976242859402,127.10586495526668,127.24799335870641,7995200
2022-11-22,128.67880249023438,128.7735499266869,127.85441448714963,127.87336975789421,5931100
2022-11-23,129.1905059814453,129.38001535237208,128.37560267368576,128.69778450876333,5340600
2022-11-25,129.9580078125,130.06224011884802,129.3231435678842,129.34209883957544,3256000
2022-11-28,128.98202514648438,130.32756030740754,128.72619403423138,129.56003805337582,5026800
2022-11-29,128.65985107421875,128.91569663171276,127.96813548698667,128.70723202318217,5439600
2022-11-30,131.72996520996094,131.81524224991932,128.16712575957393,128.84937099651455,9377400
2022-12-01,132.10897827148438,132.81017875133753,131.39830738491938,132.48801141950076,15140200
2022-12-02,132.45005798339844,132.6300968630738,130.78235604809547,130.78235604809547,7779800
2022-12-05,131.18035888671875,131.90050010602326,130.73500402019363,131.59728807739205,6921500
2022-12-06,130.18544006347656,131.35093635707312,129.54110535112636,130.93400709207603,8171500
2022-12-07,131.25616455078125,131.63518319846332,130.14751982474488,130.18541590605926,7427000
2022-12-08,132.4406280517578,132.59222684956163,131.2277509175116,131.48358202178827,6765000
2022-12-09,130.74449157714844,132.65856926786012,130.7065954905863,132.2605952950929,6203000
2022-12-12,132.13739013671875,132.13739013671875,130.8297656740098,130.8297656740098,5669700
2022-12-13,132.5448455810547,134.33573540450809,131.62571019698575,133.93776149470003,9886500
2022-12-14,132.75332641601562,133.87144166249715,131.63519671089801,132.48801044367642,10882200
2022-12-15,130.3180694580078,131.9004946692856,129.85375934050802,131.56885697847213,8746700
2022-12-16,128.42295837402344,129.4179004490107,127.7122875288376,129.33262341766087,10843900
2022-12-19,127.94342803955078,128.61895968093444,127.36303413395022,128.38109356418332,6801600
2022-12-20,127.91487884521484,128.40964440831297,127.22031388426596,127.99099774093725,4815500
2022-12-21,129.5989532470703,129.998566494101,128.29543733845455,128.6950505854852,5937500
2022-12-22,129.41819763183594,129.45624982155883,127.74361092012434,128.875855930467,5483300
2022-12-23,129.49429321289062,129.61797369586665,128.54282894099046,129.29447932778683,3766900
2022-12-27,129.1613006591797,129.84635623297132,128.64751623793373,129.74169456146993,7050500
2022-12-28,128.3240203857422,130.21744008410164,128.27645877236492,129.58946999099385,5054200
2022-12-29,129.72268676757812,130.38870911827584,128.82830767455616,129.12327391104935,6297300
2022-12-30,129.25643920898438,129.41818640812087,127.94341374539009,129.28498197834998,6369500
2023-01-03,128.88536071777344,129.71313001456866,127.90533913012142,129.36109286870274,7239200
2023-01-04,129.22787475585938,129.94147290664972,128.39058161311073,129.60845462900429,8469800
2023-01-05,127.90538024902344,128.6855881961007,127.40110516837994,128.37160313336457,6714200
2023-01-06,129.08517456054688,129.43721174587375,127.12516020192471,128.76168014601976,7175700
2023-01-09,126.92533874511719,129.25643802199136,126.75408213049619,129.21837131772412,7719500
2023-01-10,127.99102783203125,128.1908272768555,126.68751139884239,126.87781594198701,7675200
2023-01-11,128.71412658691406,128.73315994351555,127.48674367276682,128.0766470636379,7307200
2023-01-12,128.30496215820312,128.83777982458798,127.05853177367621,128.43816657479934,7580500
2023-01-13,128.8758544921875,129.26595839392078,127.54381009382392,127.60089563686877,6334100
2023-01-17,128.2764434814453,129.02809400521096,128.10517233183327,128.80926124789113,6664100
2023-01-18,126.46865844726562,128.60945355278972,126.3449634175682,128.27644969173687,10629100
2023-01-19,126.77313995361328,127.27741499604035,125.84069425559635,126.09759374531095,9902300
2023-01-20,127.41061401367188,127.50575175225714,126.08807894630971,127.05856227813793,5962200
2023-01-23,127.84829711914062,128.56189558846953,127.20130814235081,127.48675043372198,7211000
2023-01-24,127.00147247314453,127.95293693627188,126.18321245412719,127.2107958164882,5754800
2023-01-25,127.03956604003906,127.06810881851163,125.79314965274132,126.15469635279345,5999000
2023-01-26,127.27739715576172,127.44865377943557,126.28786604721964,127.33448269698634,6861100
2023-01-27,126.41157531738281,127.22032595776501,126.24982809294562,127.08712150715813,5854600
2023-01-30,125.26980590820312,126.9634113722559,125.07951593257143,126.17369418109958,7055400
2023-01-31,126.88729858398438,126.90633193792175,125.43155914897191,125.55525417227206,6290600
2023-02-01,127.48670959472656,128.26690278847002,125.93581810570647,126.88728242668697,11843000
2023-02-02,126.62088012695312,126.79213674485399,125.71699187891228,126.55427065230671,11274600
2023-02-03,126.24980926513672,127.1156453240562,125.83116262046381,126.70650809650985,10046800
2023-02-06,125.54573059082031,126.33544782220724,125.37447395948581,126.06903893911227,7328300
2023-02-07,126.35445404052734,126.72552451359022,124.67035826976868,125.10803820839799,7551000
2023-02-08,125.98340606689453,126.68748043895408,125.79311608845127,125.89777775432427,5614100
2023-02-09,124.87970733642578,126.7826362101237,124.67989341668164,126.29739457388098,8085700
2023-02-10,126.05950927734375,126.19271369749995,124.87968832867953,125.05094493251197,6198600
2023-02-13,127.10614776611328,127.11567170341033,126.07856429363156,126.07856429363156,6300300
2023-02-14,126.35445404052734,127.50571764133097,125.71697474158302,127.27737551525668,6905900
2023-02-15,125.72650146484375,126.03097703244619,125.29834540132269,125.85970589612128,6491900
2023-02-16,124.4705810546875,125.58379267193364,124.2041576632131,124.57522820229514,8008000
2023-02-17,125.58380126953125,125.81214345186369,123.76650063809183,123.88067172925804,10798800
2023-02-21,123.95677185058594,125.18416896746093,123.77599130482966,124.67037009865956,9066200
2023-02-22,123.53815460205078,124.38495747709085,123.28126962475108,124.09000578731916,7318900
2023-02-23,123.87115478515625,124.499124784809,122.96726649255025,123.50959366083592,9955500
2023-02-24,122.27269744873047,123.06241472449491,121.9111508117535,122.82454859992235,9008000
2023-02-27,121.9016342163086,123.28126943647099,121.62571588319429,122.93874161573088,6463900
2023-02-28,120.99772644042969,121.70181532550876,120.89306477532597,121.62569643105199,10282800
2023-03-01,120.79792785644531,121.06433674574352,120.27462675506605,120.41734061783451,11101000
2023-03-02,121.54006958007812,121.88260462970922,120.25559399512734,120.25559399512734,10203100
2023-03-03,122.9006576538086,122.94823377854999,121.49249437427153,122.10143102365471,10048000
2023-03-06,122.84355926513672,123.40491973107471,122.5581170647331,122.98627310624184,8153400
2023-03-07,120.86454010009766,123.23369204585867,120.65521673855105,123.09096365306046,9604400
2023-03-08,120.21753692626953,120.98822809978304,119.73228800355332,120.61715027010736,10793200
2023-03-09,118.99964141845703,120.8835439534963,118.51439258594597,120.68373005962373,13270300
2023-03-10,118.12429809570312,119.78936067425163,117.66759202301296,118.79983689933691,20483200
2023-03-13,119.22799682617188,120.85500001337512,117.60099363896863,117.74371474502442,21294200
2023-03-14,120.29366302490234,120.6647336176813,119.09481566256345,120.03677079109322,14582900
2023-03-15,120.18898010253906,120.36024398117657,118.78080962717553,118.99964962841678,17244600
2023-03-16,121.31169891357422,121.36878444897559,118.95206424266456,119.28508255676338,16011400
2023-03-17,119.7513198852539,121.30220437245839,119.37073264190556,121.20705937639578,15071400
2023-03-20,121.26909637451172,121.45058207508231,119.95095663657773,119.95095663657773,10592100
2023-03-21,122.00457000732422,122.1478405026139,121.00163281583204,121.73711474549177,8816300
2023-03-22,120.16108703613281,122.52037180926712,120.14197944419352,122.0714381350385,10480000
2023-03-23,119.93183898925781,121.38370989728884,119.2441114314969,120.65777444327333,10092300
2023-03-24,121.5938491821289,121.70846558300956,119.36828842448966,119.81722209436833,8163700
2023-03-27,122.09053039550781,123.00749798807786,121.94725261504766,122.45349445691762,9455400
2023-03-28,121.35504913330078,122.40573342925937,121.05893977543977,121.9663608649851,8037400
2023-03-29,121.68936920166016,122.10964149745627,121.16401972265092,121.95681719555166,8183100
2023-03-30,122.34841918945312,122.38663436913312,121.57472941137054,122.34841918945312,6820400
2023-03-31,123.65703582763672,123.72389053869524,122.69229917309447,122.75916845897554,9202500
2023-04-03,125.04203796386719,125.18530847012244,123.40868131844424,123.75254510827946,8937300
2023-04-04,125.06112670898438,125.78706944873734,124.83189390680731,125.175757684895,9052600
2023-04-05,127.21985626220703,127.43954259648211,125.6151534764298,125.75843857908077,12325800
2023-04-06,127.53507232666016,128.09862253050676,127.10524614702842,127.71655805412867,8276300
2023-04-10,127.44904327392578,127.51591254608057,126.52253656912909,127.19115641657908,8024300
2023-04-11,127.87891387939453,128.3469405950959,127.66877408159364,127.74518987850514,8887500
2023-04-12,127.9171142578125,128.8531822623359,127.68786686749489,128.37559446362476,8988600
2023-04-13,129.57913208007812,129.7224025975415,128.18456921919832,128.46157831939252,9373500
2023-04-14,128.5379638671875,129.5599939924666,128.0603761549512,129.28299953229046,6632100
2023-04-17,128.4329071044922,128.71944810124245,127.76427257921678,128.57617760286732,7187000
2023-04-18,127.55411529541016,128.69077634261956,127.3821907209515,128.69077634261956,7194200
2023-04-19,127.94575500488281,128.1367871894629,127.20071928264545,127.59234473466857,7048100
2023-04-20,127.42040252685547,127.61144928170002,126.81865188852261,127.33444023206806,6672000
2023-04-21,128.2800750732422,128.70990114168234,127.71652501518017,128.11769698404575,6535900
2023-04-24,128.99649047851562,129.03469109634057,128.08907641321142,128.41383267661283,6299800
2023-04-25,127.62100982666016,129.19704370372943,127.4395241344887,128.80543279279507,7752000
2023-04-26,125.80619049072266,126.57988043043122,125.05159357002206,126.49390354560074,10128800
2023-04-27,126.46525573730469,126.64674145067973,124.76504417225078,125.86350496248016,10008900
2023-04-28,127.54460144042969,127.90757284585781,126.11183798720101,126.31243128357539,7917300
2023-05-01,128.2036590576172,128.71944742387518,127.47773091163363,127.72607129911759,6793900
2023-05-02,127.64965057373047,128.805419317538,126.73267569994074,127.99351432954897,14365800
2023-05-03,127.47774505615234,128.85318571039537,127.29625935581394,128.24187389467957,8961500
2023-05-04,126.46525573730469,127.01925938740897,125.93035968198316,126.9428435831024,9625300
2023-05-05,127.60191345214844,128.0413006704984,126.87598519446585,127.29626481858566,7650300
2023-05-08,127.32490539550781,127.44906830775287,126.73268663588185,127.41086769817495,5305700
2023-05-09,126.47479248046875,127.43951449637066,126.43657729825826,126.8377492625389,6452700
2023-05-10,126.82817077636719,127.14338036343072,126.08313523415082,126.83771728210199,6556600
2023-05-11,126.43658447265625,126.63717775358964,125.64378700725103,126.56076195965417,8764800
2023-05-12,126.2646713256836,126.89509075174365,125.70112119094374,126.62764273611037,6626800
2023-05-15,126.04497528076172,126.36973147828068,125.50051820713642,126.28376917449437,5725600
2023-05-16,124.99427032470703,125.82526837110554,124.96561622481893,125.77750667968473,7106000
2023-05-17,125.1471176147461,125.3094957260996,123.75255475426341,125.20442582171512,15512700
2023-05-18,124.84144592285156,125.04203920842806,123.87672382987809,124.87966110811507,12196900
2023-05-19,125.42410278320312,126.2646619555719,125.07069248337656,125.12800068607031,9277000
2023-05-22,125.54827880859375,126.42703858090609,125.25217671491293,125.6055870106194,12856100
2023-05-23,124.1728286743164,125.22352766995138,123.89583416173431,125.04204197299416,8723100
2023-05-24,123.32270812988281,123.96267395937545,123.0361525678419,123.93401986065349,7952900
2023-05-25,122.0618896484375,122.89289503607601,121.22133775182522,122.73051693458468,13737000
2023-05-26,121.81352996826172,123.09346163630389,121.58428988945326,121.94725395485088,8794900
2023-05-30,121.05895233154297,122.13830541303703,120.75329643399851,121.20223012763819,12114500
2023-05-31,122.1000747680664,122.31021452486951,120.39986369925599,120.72461984165345,15099100
2023-06-01,122.90243530273438,123.14122918835595,121.26908599957213,122.21470774615847,9751900
2023-06-02,124.47846221923828,124.69814847516237,123.00748397566404,123.29403950394132,10293000
2023-06-05,124.92739868164062,125.49096331004411,124.60264250582955,124.75547408556004,7880200
2023-06-06,123.88626861572266,125.47186356118154,123.3418261192835,125.4336629512721,9413500
2023-06-07,123.39913177490234,123.9531353435025,123.2176460882272,123.78119616540205,7519600
2023-06-08,124.19192504882812,124.36384964631637,123.00750215845152,123.41823521048748,6583100
2023-06-09,124.57396697998047,125.00379297107423,123.54237585646393,124.22055676560856,10446100
2023-06-12,125.02291107177734,125.0515651686051,124.01997395834502,124.50712275405749,7321100
2023-06-13,125.65333557128906,125.84436774968302,124.62174431817651,124.74592179280202,8362700
2023-06-14,124.36384582519531,125.1184426238443,123.88625808041743,125.01337273700031,12401600
2023-06-15,126.2933120727539,126.46523667541146,124.35430687706415,124.37341446896683,10598600
2023-06-16,126.28375244140625,127.27712849478591,126.15002846162783,126.61805510344199,10535000
2023-06-20,126.1418228149414,126.6981069225185,125.05802665407404,125.0772129018716,8585100
2023-06-21,126.16100311279297,126.59261322644538,125.24985384974248,125.83491005188144,9444800
2023-06-22,127.02421569824219,127.20644848784862,126.1897967509084,126.35284329034025,8036400
2023-06-23,126.60216522216797,127.120076731485,126.25688600435123,126.85152785482933,8096500
2023-06-26,125.88284301757812,126.48708534720399,124.66477255310686,126.28566635905632,7092800
2023-06-27,125.5950927734375,126.01710230941939,124.72230165445818,125.88282787840836,8578200
2023-06-28,125.19229888916016,125.59512227681994,124.78947550150039,125.56635022304557,10897800
2023-06-29,126.00756072998047,126.08429109389029,124.69357337090285,124.90457821294976,7843300
2023-06-30,127.30233001708984,127.59965099033542,126.43913915058212,126.51586950413235,8260900
2023-07-03,126.25691223144531,126.93788500394683,125.71981436656372,126.93788500394683,5240300
2023-07-05,126.18978118896484,126.4583301190077,125.70062699617179,125.98836217402317,7942100
2023-07-06,125.1827163696289,125.65266968349495,124.86620913498201,125.34576289023745,8213100
2023-07-07,123.72484588623047,124.93331585658531,123.65770134824696,124.49213467915489,8749700
2023-07-10,124.70315551757812,124.85660158806473,123.72486181478187,123.73444762080655,7476500
2023-07-11,124.73193359375,125.13475698851404,124.18523529275797,124.53051457895845,7278300
2023-07-12,124.39623260498047,125.16352148742256,124.19482823716557,125.04843327724261,11900400
2023-07-13,124.44417572021484,125.0292317752748,124.31948708452155,124.7127246010801,7526200
2023-07-14,126.31446075439453,126.71728416713165,125.2498507940108,125.38412526492317,13298600
2023-07-17,125.73899841308594,126.24732421450754,125.26903047213321,125.97877528676854,7905000
2023-07-18,126.66932678222656,127.14888050281986,125.55675863809375,125.78693505769493,8130300
2023-07-19,127.25437927246094,128.05044027363968,127.03378863966809,127.29275176892368,12484000
2023-07-20,129.36441040039062,129.89190776092698,128.01206545816106,128.10798205179537,12650200
2023-07-21,130.66880798339844,131.07163136770936,129.26850462713972,129.48909524918218,11308900
2023-07-24,130.38107299804688,131.25386431603374,130.2659847837431,130.66880816862502,12034000
2023-07-25,130.3235321044922,130.85102952293767,129.33565254784182,129.50828487355435,7802900
2023-07-26,130.2371826171875,130.65919219923884,129.3644060377453,129.70008483451016,8205300
2023-07-27,129.27809143066406,130.89898542146923,129.24931937690695,130.42903212022384,8800800
2023-07-28,129.6617431640625,129.88233378773623,128.9232263032885,129.67132897037223,6897600
2023-07-31,128.66424560546875,129.47949270979046,128.18469192876583,129.4315344151568,9735900
2023-08-01,127.99288177490234,128.8369009843658,127.67637457135355,128.36693308185679,10555300
2023-08-02,128.07919311523438,128.8944402423481,127.73391387296256,128.02164901399195,13873000
2023-08-03,127.43660736083984,127.82025913727261,127.18724468227269,127.65721262034576,11863400
2023-08-04,126.98583984375,128.26145470248068,126.66934721574376,127.47499408394611,12631200
2023-08-07,128.45323181152344,128.57792044186607,127.30230599508718,127.36945052983039,8165600
2023-08-08,129.4411163330078,129.60416280357816,128.55872481549866,129.2684694239944,12601200
2023-08-09,129.4027862548828,130.1029306543767,129.23973973088118,129.32605589626684,9833600
2023-08-10,129.3164520263672,130.94693167345488,129.18217757624979,129.7192753767194,9541700
2023-08-11,130.1221160888672,130.27557680513928,128.9711899864653,129.27809678419007,7674400
2023-08-14,130.51536560058594,130.9277748490429,130.0262259869885,130.14131421728888,8723300
2023-08-15,130.0358123779297,130.57291030150205,129.891937454588,130.18927310889916,9118500
2023-08-16,129.04791259765625,130.24679693127473,129.0191405444349,129.82478730427005,9462400
2023-08-17,128.0216522216797,129.03830372861498,127.96410811899544,128.58753671264915,11163800
2023-08-18,128.06964111328125,128.40533463888963,127.6572318556457,127.77232008850753,9463000
2023-08-21,128.2039031982422,128.3573639170978,127.61884701307237,128.02167042395362,6872400
2023-08-22,127.75311279296875,128.31898269108345,127.68598287979822,128.01207590906918,6939400
2023-08-23,128.1367645263672,128.80813683196865,127.76271319647363,128.52040166247698,7276800
2023-08-24,127.02421569824219,128.8944726326908,127.02421569824219,127.88740670342743,10241700
2023-08-25,127.95452880859375,128.4053104822593,127.00500716165219,127.43660258850987,8509100
2023-08-28,128.25186157226562,128.81773150918255,127.78189360857107,128.40532229120504,6768400
2023-08-29,129.4027862548828,129.4027862548828,128.25186014528228,128.4244924760536,10737000
2023-08-30,129.30686950683594,130.11251622801313,129.19176666465503,129.71927867309887,7892700
2023-08-31,127.76270294189453,129.3931825917224,127.73391625591907,129.3260380491421,7540200
2023-09-01,128.10800170898438,128.75060200744747,127.77230821457213,128.75060200744747,10183900
2023-09-05,126.78443145751953,128.27105111138965,126.78443145751953,128.17513450088705,11042600
2023-09-06,126.09385681152344,126.75564328933919,125.48002863286298,126.63095463849908,12840000
2023-09-07,126.65973663330078,127.20643494391196,126.38160189207674,126.47750386309706,11055700
2023-09-08,126.65973663330078,127.04338842184004,126.36241564394494,126.39118769873298,8716900
2023-09-11,127.53251647949219,127.78187914342567,126.58299485271435,126.60218109911477,7179000
2023-09-12,127.36946105957031,127.70513985658987,126.45831198935015,127.1488704632641,6941700
2023-09-13,127.38865661621094,127.89698238627398,127.02419110755517,127.06254896565775,6430300
2023-09-14,127.7914810180664,128.18470394737065,127.40782925984279,128.1079882305441,6433300
2023-09-15,126.78443145751953,128.08881833232672,126.69811528895922,127.48457588276442,9611900
2023-09-18,126.59178924560547,127.111839831354,126.11026854501752,126.98663974685054,6559400
2023-09-19,126.69771575927734,126.96736615765548,125.85023468160632,126.37991035515071,6252400
2023-09-20,126.7073745727539,127.61262122025134,126.68810962859746,127.25630057501462,6350700
2023-09-21,125.599853515625,126.67845514598801,125.54207338469057,126.46659956417679,7979500
2023-09-22,125.33983612060547,126.08138213557633,125.19538578417752,125.43614614145478,7790300
2023-09-25,126.02361297607422,126.0621281708605,124.86796609947027,125.21466163193618,6826300
2023-09-26,124.9546127319336,125.85023411648682,124.85830272086905,125.4457585207359,8200700
2023-09-27,124.32865142822266,125.31094308233571,123.41375033638353,125.18575769201483,9888600
2023-09-28,124.92574310302734,125.28206375153319,124.54053238544518,124.54053238544518,9129000
2023-09-29,123.98197937011719,125.31096676949815,123.78935929657497,125.19540648125157,12692700
2023-10-02,123.80860900878906,123.84713889669595,122.36404680406017,123.58711358528768,16035100
2023-10-03,122.71073913574219,123.46191028711506,122.19069587384794,123.20189232987951,11971100
2023-10-04,123.23078918457031,123.4041369480822,122.23885761736152,122.81668104659326,10064300
2023-10-05,123.9049301147461,124.1264255580562,122.80705598133785,123.51007955004482,9609700
2023-10-06,125.20502471923828,125.59987527549058,123.49081196192321,123.5582319229238,10692400
2023-10-09,125.63841247558594,125.75397276419856,124.35756539568486,124.85833644290523,8047600
2023-10-10,126.23548126220703,126.8036722189981,125.16650461213288,125.59987034706087,8154900
2023-10-11,125.67692565917969,126.59181221734582,125.11835978175709,126.38958171551504,9591800
2023-10-12,124.59831237792969,126.01398454040182,124.50200235122328,125.77322416848271,10927700
2023-10-13,125.37837219238281,126.10065329984809,124.67535602900702,125.06056674171647,11383800
2023-10-16,126.32217407226562,127.04445532466126,125.77324796176678,125.87918313324546,10545000
2023-10-17,126.14878845214844,126.84217938173738,125.61911278442848,125.715408100022,9149900
2023-10-18,125.05094146728516,126.67846921715257,124.82943134763818,126.32214857358085,10085700
2023-10-19,123.81825256347656,125.02205443706633,123.04780907798614,124.88721452017107,15492500
2023-10-20,123.32709503173828,124.21309146913966,123.30783008672918,123.56785541238585,12296800
2023-10-23,122.5566635131836,123.65452288945232,122.44109588795467,123.24042209741837,12344200
2023-10-24,122.93225860595703,123.31747670571674,122.16182240643761,122.16182240643761,9375900
2023-10-25,121.83438110351562,122.74926758114512,120.92911975065279,122.37368198738788,11427000
2023-10-26,120.63058471679688,121.73808395139777,120.53428203279329,120.83282255743157,14699100
2023-10-27,118.58892822265625,120.44759858805041,118.05925246538455,120.29351577065903,13566100
2023-10-30,119.25342559814453,119.61937870739025,118.34816427576116,119.20527058623864,15224500
2023-10-31,119.93718719482422,120.09127001147013,118.98377818377129,119.67716187981306,13917400
2023-11-01,120.18757629394531,120.77503216816974,119.58085547610061,119.79272577138458,13802600
2023-11-02,122.09440612792969,122.20034128587179,120.33203833390085,120.64984380772715,11894000
2023-11-03,122.70112609863281,123.4619224492547,122.49888090956497,122.93225401087966,11635600
2023-11-06,123.51969146728516,123.71231151375548,122.72037264536493,123.22115096804109,8425100
2023-11-07,123.60636901855469,123.90490950005248,123.14410591574324,123.47154381094775,8241900
2023-11-08,123.43302154541016,124.12641256871832,122.68185038596738,124.12641256871832,10021100
2023-11-09,120.88097381591797,123.46192549995787,120.76541353065102,123.31747514337418,13905500
2023-11-10,121.60324096679688,121.7765887221331,119.9949635046028,121.34322300750415,10401300
2023-11-13,122.3062744140625,122.54703479676735,121.02542741469101,121.72845096505563,11373800
2023-11-14,123.1344985961914,123.95308982769829,122.70113281856655,123.00930583424793,11216900
2023-11-15,123.23078918457031,123.72194240575789,122.92261619915182,123.22115671231312,9262700
2023-11-16,123.76045227050781,124.02047757829006,123.12484872995061,123.59673698630311,7665900
2023-11-17,123.51007080078125,124.22272679184293,123.13448520836222,124.02048161368796,6766100
2023-11-20,124.26123809814453,124.53088853068395,122.9418760035876,123.02854620800817,6910000
2023-11-21,125.01240539550781,125.2628055714452,124.53088468159254,124.68497483680848,8373000
2023-11-22,125.6094970703125,125.90805228202368,125.26281623383613,125.42653152712128,6737700
2023-11-24,126.28364562988281,126.31253570136144,125.85026516800727,125.85990498839892,3708800
2023-11-27,125.49392700195312,126.43770349338246,125.26280646233148,126.01397760579407,10530200
2023-11-28,124.84867858886719,125.55169465171706,124.76200839512775,125.27241912916398,6261300
2023-11-29,124.88720703125,125.56134779591278,124.65608649008216,124.71386662537412,6979000
2023-11-30,126.45696258544922,126.53400766004025,124.55014474756884,124.98351043415363,7743100
2023-12-01,126.95775604248047,127.0925812576076,126.1873199439627,126.2836299668448,9370900
2023-12-04,127.19851684570312,127.4392772088965,126.58217090372194,126.62068609610048,6943900
2023-12-05,127.03479766845703,127.23702813822706,126.24509664786109,126.93848764819306,6581000
2023-12-06,127.13111114501953,127.55485178292707,126.88072562936873,127.31409139273852,6210400
2023-12-07,126.97702026367188,127.45854098565039,126.39918951935915,127.15036067005794,6396700
2023-12-08,127.18889617919922,127.4874366888472,126.42808517572831,127.06369608359964,6007600
2023-12-11,128.02674865722656,128.26750904970822,127.24668733676168,127.87265847927475,9016800
2023-12-12,128.57566833496094,128.7586485753491,127.60300168771289,128.20972254903205,6779000
2023-12-13,130.9447479248047,130.98326311730546,127.85337838585767,128.02673348922724,9074300
2023-12-14,130.3091583251953,131.4648053220148,129.81801239263044,131.38776022958032,10098700
2023-12-15,129.20166015625,129.95283140292662,128.72013937274716,129.70243119080232,8296600
2023-12-18,129.41250610351562,129.8187926642725,129.07392658923257,129.6833638106869,5944300
2023-12-19,130.2831573486328,130.35087917617037,129.3738574920949,129.5769934534227,6358200
2023-12-20,128.3968048095703,130.2831408722691,128.38713658999154,130.20576559435784,7299000
2023-12-21,129.9639129638672,130.0606394309372,128.87079908543956,129.1706762264428,5606800
2023-12-22,130.61204528808594,131.01833189842037,130.0896662457704,130.28313395155251,5355100
2023-12-26,130.90223693847656,131.2504699065085,130.34117033336204,130.50561859958972,3688600
2023-12-27,131.45364379882812,131.54070205622315,130.7281287992554,130.75714821838704,5444100
2023-12-28,131.792236328125,132.23721063899006,131.5407149900655,131.56006619160286,5800200
2023-12-29,131.9276580810547,132.15981344437662,131.38594255244868,131.7922291989032,5590000
2024-01-02,134.249267578125,134.51045705888362,131.531007616634,131.59871466089734,11785900
2024-01-03,134.02679443359375,134.9747964763769,133.86234615397294,134.69427053129175,9585000
2024-01-04,134.6942901611328,135.4294734172815,134.2106134703568,134.44276883511893,11649200
2024-01-05,134.57818603515625,135.13925271902625,134.0074511321409,134.38471832776932,9437700
2024-01-08,135.76805114746094,135.79707056765915,134.06549977241386,134.61689827746187,7999400
2024-01-09,135.74871826171875,136.93855893229636,135.30372915757525,135.62295758346545,9201300
2024-01-10,136.3677978515625,136.532246143661,135.31338628188607,135.8260823574403,9773300
2024-01-11,136.27105712890625,136.4258372022782,135.42946446598677,136.1936670922203,7182300
2024-01-12,135.93247985839844,136.55158533447067,135.47782265996304,135.89377746328458,8026400
2024-01-16,135.11990356445312,135.77771149228914,134.90709941555576,135.59391200126672,7426900
2024-01-17,134.8490447998047,135.51652094189305,134.4717776013165,134.89741541717805,8337200
2024-01-18,134.82969665527344,134.95544253675874,133.03041907393617,133.68821217905537,8929300
2024-01-19,134.90708923339844,135.2553369899357,134.16222310623613,134.90708923339844,8842000
2024-01-22,135.49717712402344,135.8550931039415,134.68458917407006,135.0231687166039,7831400
2024-01-23,135.4004364013672,135.48749465183974,134.43308314552297,135.32304636962294,6407400
2024-01-24,134.16221618652344,136.0872395864335,134.1428649897586,135.7583430446227,9104900
2024-01-25,133.9591064453125,133.98812586900578,132.73057814725007,133.68824865041347,10050200
2024-01-26,134.72329711914062,135.0038230791585,134.38471756266128,134.88774540751524,5759100
2024-01-29,135.67132568359375,135.68099390457047,134.76201104992958,134.84906932064823,6229600
2024-01-30,135.9808807373047,136.22271909835646,135.2456826728963,135.89380770923802,5940300
2024-01-31,135.79705810546875,137.1223273750362,135.76803868793368,137.01591792386102,10223100
2024-02-01,137.55764770507812,137.55764770507812,135.30371255805372,135.96152053208854,8503600
2024-02-02,137.3544921875,137.99293410932995,136.65799667219545,137.50925748818173,10629200
2024-02-05,137.78012084960938,138.63139646104713,137.15134712065898,137.84784266444632,9631700
2024-02-06,139.27952575683594,139.38593521160297,138.1574071327764,138.85388793776778,10159000
2024-02-07,139.65679931640625,140.2952560740759,139.36660511804806,139.62777989657044,7884600
2024-02-08,139.4149627685547,139.52137222953345,138.78618898317902,139.52137222953345,6672400
2024-02-09,139.30856323242188,139.5794210140936,138.85390593590674,139.3569338564294,7447800
2024-02-12,139.4923553466797,139.53105774808924,138.46696311894584,139.12477109713666,6645500
2024-02-13,138.19607543945312,139.7535146446549,137.50924818918782,138.78616146777523,11170000
2024-02-14,139.39559936523438,139.44395521580122,138.3992267690916,138.67008447907384,9701100
2024-02-15,140.4113311767578,140.6821889306822,139.2892125222027,139.4923484573257,9294800
2024-02-16,140.86599731445312,141.81401427364293,140.09212640335164,140.5951395434393,8424100
2024-02-20,140.39199829101562,141.41739049405965,140.03406750948147,140.97240145241216,9120400
2024-02-21,140.70152282714844,140.74022522188696,139.53103369748615,139.93732027840818,7213500
2024-02-22,142.355712890625,142.61688764978135,140.58545460870016,140.88533176519502,9130000
2024-02-23,143.03285217285156,143.42947054800874,142.52982434974098,142.83938447492878,9194600
2024-02-26,142.2976837158203,143.27470528567204,142.1719230568918,142.9458086891644,7248300
2024-02-27,141.9494171142578,142.38472311204276,141.272258050327,141.60116936390207,7374000
2024-02-28,141.24325561523438,141.5044451495619,140.57579421072708,141.34966507287592,8038800
2024-02-29,140.0921173095703,141.46575727644245,139.99537607164163,141.23358716179794,9435600
2024-03-01,141.56248474121094,141.65922597981444,139.79222635137938,140.41133190077616,8741400
2024-03-04,141.34967041015625,141.8913859383715,141.01110558534225,141.15620268731382,10657800
2024-03-05,140.2952423095703,141.63019453360775,139.83091687711183,141.39802443705884,9743400
2024-03-06,141.25291442871094,141.77527864735507,140.55641896342675,140.55641896342675,8085300
2024-03-07,141.91073608398438,142.24931566692268,141.40770819982032,141.60119068186563,6438300
2024-03-08,141.6495361328125,142.44277292111363,141.39802958953257,141.77529678477242,7802500
2024-03-11,141.57217407226562,141.8236806390202,140.54676708324774,141.33033572554882,7723800
2024-03-12,142.22994995117188,142.57819771841528,141.19488962894025,141.66888328391082,7143700
2024-03-13,141.67857360839844,142.87808227725856,141.1271751314106,142.7716728217332,7874200
2024-03-14,141.17555236816406,141.87204797141257,140.39199850466971,141.76563851089847,9605700
2024-03-15,140.61448669433594,140.90469565796093,140.12114178862217,140.28559009052677,10570500
2024-03-18,140.5979766845703,141.3261114531134,140.50088612318865,141.19017874160315,6407000
2024-03-19,141.52999877929688,141.6173714072188,140.30673754656502,140.71449129080898,5240200
2024-03-20,141.20960998535156,141.2581552695382,140.42322674892694,141.19018890888873,8268200
2024-03-21,141.3940887451172,141.90863622348002,141.10283182186933,141.50088245651,8865300
2024-03-22,141.1999053955078,141.9571644163862,141.02514533702933,141.5979559822092,5537200
2024-03-25,141.00575256347656,141.60767265971904,140.7824471999513,141.46205160867396,5253000
2024-03-26,141.52027893066406,141.68532103522404,140.908640979576,141.28727046978767,6942400
2024-03-27,143.4037322998047,143.4037322998047,142.34549843541436,142.72412794951742,8797400
2024-03-28,143.4231414794922,143.90856470303308,143.37459619434986,143.60760467466832,8090200
2024-04-01,142.1998748779297,143.42313602168412,141.68532746567215,143.3357634001175,7378300
2024-04-02,139.98634338378906,140.4329244275084,139.25820859108381,140.27760026365922,10776400
2024-04-03,139.8310089111328,140.86010374774824,139.50092468315066,140.22905949931524,8453400
2024-04-04,137.8116455078125,140.7921511095554,137.73397601701777,140.7047636736984,12685700
2024-04-05,139.0446319580078,139.50093098185556,137.4815685561752,137.59806539156054,9073100
2024-04-08,138.59803771972656,138.93783991224396,138.38445030967705,138.93783991224396,9128200
2024-04-09,139.09317016601562,139.17083965696727,138.13202688117224,138.89900384560684,10534400
2024-04-10,137.462158203125,138.09321734322447,136.986452878895,137.70486983840726,13052700
2024-04-11,136.8990478515625,137.90873642048442,136.5010120794101,137.87961221310596,8153900
2024-04-12,134.8603057861328,136.2000640308319,134.42342777560174,136.19036089777782,13799400
2024-04-15,134.58843994140625,136.53013272364595,134.37485255024464,136.03499158325303,10383600
2024-04-16,134.636962890625,135.75344506642386,134.54959027564945,135.75344506642386,10170500
2024-04-17,134.40399169921875,135.54958345740994,134.1904042843116,135.42338348601348,8480100
2024-04-18,134.39427185058594,135.19037307923108,134.18069925264444,134.4913624246935,8105800
2024-04-19,134.8990936279297,135.27772310136982,134.4136704663942,135.09325992975604,9668400
2024-04-22,135.41366577148438,136.491305979833,134.87969723330409,135.3165900097783,8531300
2024-04-23,137.18060302734375,137.43301776521525,136.09324495618316,136.71460089052684,8615500
2024-04-24,136.75341796875,137.0349568931772,136.1320768949668,136.8796327351862,7378600
2024-04-25,135.84083557128906,136.88935153090085,135.1418249315479,136.66606099191006,9693300
2024-04-26,135.87965393066406,136.23886231925934,135.23889182078696,135.33596756189817,6013800
2024-04-29,136.33595275878906,136.72430020691826,135.6563632419885,136.04471069011768,6388600
2024-04-30,136.2388916015625,137.08352331907003,136.14180102564444,136.79226640525783,9677700
2024-05-01,136.48158264160156,137.70484371837517,135.48161207902967,135.63695105149168,10710200
2024-05-02,136.38449096679688,137.3165099800194,135.64665307453632,137.2194194195384,8425500
2024-05-03,136.7242889404297,137.1126215426187,136.01557527516206,136.97670365045863,8539300
2024-05-06,137.2776641845703,137.31650633330705,136.5398263119045,136.84078630188742,5605100
2024-05-07,138.41357421875,138.53977417349589,137.56892780253384,137.58834887785628,7720600
2024-05-08,137.9378662109375,138.71454633832747,137.76310614565264,138.69512526130887,5461100
2024-05-09,139.12229919433594,139.19996868797904,138.08348638254327,138.10290745943936,6821800
2024-05-10,139.40382385253906,139.8892470275787,139.20965754531113,139.30674810589494,6324900
2024-05-13,139.26792907714844,139.81160075322208,139.01551431724056,139.6854007802392,5351500
2024-05-14,139.86013793945312,139.9281043019961,138.93783676997566,139.46208733755043,6198700
2024-05-15,141.937744140625,142.09308312371732,140.42322609032664,140.48147450550104,8433700
2024-05-16,141.77268981933594,142.1707403740091,141.37463926466273,141.6367719243182,6740800
2024-05-17,142.0445556640625,142.07367987530435,141.199923910164,141.74359560526844,7071600
2024-05-20,141.74356079101562,142.0930660540168,141.44260080614166,141.89889975544705,3890000
2024-05-21,141.9862823486328,142.59792030536465,141.62707393033128,141.99598547936472,4048900
2024-05-22,142.2386932373047,142.66586800102996,141.5202764200755,141.60764903612667,6831200
2024-05-23,140.6853485107422,142.01540327334473,140.58825794990622,142.00570014283701,5155900
2024-05-24,140.20962524414062,141.09309896005837,140.12225262975915,140.86980845199255,3949500
2024-05-28,138.5106658935547,139.89898406690918,137.92816689236523,139.89898406690918,8375100
2024-05-29,137.43301391601562,137.59805602622538,136.84079701987923,137.32622021953398,6838200
2024-05-30,137.5009765625,137.9961028797622,136.57866065690374,136.8796354762741,7395500
2024-05-31,139.51060485839844,139.58827433701532,137.77279656790273,137.93783865473677,7945900
2024-06-03,140.49118041992188,140.9086372355509,139.17082880458472,139.4135403896545,10303300
2024-06-04,140.89895629882812,141.28728897053207,139.84072236264245,140.36498776477882,6964200
2024-06-05,141.53970336914062,141.69504236300756,140.27761478231164,141.06399806959308,5373400
2024-06-06,142.00570678710938,142.30666680026684,140.94747295466675,141.43289615367956,5425800
2024-06-07,142.1610107421875,142.86973917802845,141.70472662880726,141.86976871533594,5222300
2024-06-10,142.68528747558594,142.72411481097112,141.4231842734457,141.93773164745113,5396700
2024-06-11,142.09307861328125,142.57850180958053,141.48144064548325,142.57850180958053,5194000
2024-06-12,141.7921142578125,142.7532426761178,141.4231878994667,142.7047122091269,6522700
2024-06-13,141.6755828857422,141.90859131338834,140.3649493668193,141.26782924781477,4720600
2024-06-14,141.62709045410156,141.6659177954993,140.8018650134673,141.38437883202582,4109600
2024-06-17,141.48143005371094,141.70473537332825,140.73388905341048,141.02513109823445,4542800
2024-06-18,141.6658935546875,142.13189564143042,141.3552304348386,141.63676935013726,4872600
2024-06-20,142.13189697265625,142.31636014582824,141.03485069179757,141.22901699526412,6653600
2024-06-21,142.52996826171875,142.830928297972,141.97659347562694,142.3163808526471,8535400
2024-06-24,143.361328125,143.8681505125635,142.73755244491622,143.10792436721093,6446100
2024-06-25,142.91302490234375,143.73172785233535,142.5718912371865,143.52704467884337,5171600
2024-06-26,142.4061737060547,142.9129960894824,142.07479613196108,142.65957746177594,4572700
2024-06-27,142.17225646972656,142.57186672374837,141.3535536605006,142.5133900762302,4637900
2024-06-28,142.0552978515625,143.2931080415947,141.4217810312072,142.69857069412902,7656800
2024-07-01,141.25608825683594,143.75120600157922,140.98318730962725,142.33795089469393,6562000
2024-07-02,140.73953247070312,140.95395677993778,139.95006791033327,140.74928849420556,7536100
2024-07-03,139.6674346923828,141.00270126240207,139.1118767088931,140.99296011026624,7654000
2024-07-05,140.749267578125,140.82724139462184,139.25805365858707,139.96954428514152,4846900
2024-07-08,140.59332275390625,141.29507224441247,140.23270685839074,140.90521802612463,4001500
2024-07-09,141.27560424804688,141.3535780822046,140.05729097431072,140.89549110152072,8336700
2024-07-10,142.61087036132812,142.63035266377972,141.11964139253098,141.4315366955958,5342300
2024-07-11,143.61473083496094,143.99484386550137,142.44513855146698,142.62058334278453,7690700
2024-07-12,144.5114288330078,145.1157073632061,143.9948652755185,144.10207742171357,6614600
2024-07-15,144.00460815429688,145.20342407832885,143.79018385933364,145.06697360626006,5804100
2024-07-16,146.06112670898438,146.09036503466268,144.55041543699687,144.87205189144478,7602500
2024-07-17,146.723876953125,147.4938591618841,144.87204698692065,145.0572329579383,10395500
2024-07-18,143.39059448242188,146.74339499537265,143.1371906750898,145.78824155174914,11033400
2024-07-19,144.12155151367188,144.81355984914634,143.5465113404657,144.11181036347662,5985700
2024-07-22,144.9500274658203,145.2131872720862,144.13132459297844,144.85255646439242,5190200
2024-07-23,144.86231994628906,145.63228735806047,144.70637228476983,145.54457237545125,3553300
2024-07-24,146.07086181640625,146.256047786031,144.4529533318651,144.94027856898876,6870400
2024-07-25,145.33985900878906,147.68876997935595,145.18392625166052,145.6322570953798,11472800
2024-07-26,146.15859985351562,147.10399718429485,145.23266995349653,145.32039980380512,6028800
2024-07-29,146.24630737304688,146.74337376350584,145.47632516619464,146.17807470095204,8227200
2024-07-30,146.3730010986328,147.27943377320673,145.330132824516,146.2463066499184,7269400
2024-07-31,145.8369598388672,146.8408486693731,145.27166076126414,146.3145290683005,8417800
2024-08-01,147.3281707763672,147.4938595740602,145.70050625222117,146.58742689022654,10357700
2024-08-02,147.03578186035156,147.9227174258606,144.85255928494175,147.55234545960693,15742100
2024-08-05,143.1079559326172,145.01826286773775,142.4841801149468,144.73562072447604,17575600
2024-08-06,143.77069091796875,145.5932974788107,143.22488901362615,143.68297594162507,13335600
2024-08-07,142.30870056152344,144.3652135150192,141.85061368050887,143.6732200544125,11485000
2024-08-08,145.45684814453125,145.58354259847113,143.8779041980183,144.5309182581247,11479100
2024-08-09,146.17808532714844,146.54845729519016,145.3983619127387,145.71025722729746,8550400
2024-08-12,145.62252807617188,146.52894586092648,145.20342064701634,146.52894586092648,5044300
2024-08-13,147.38665771484375,147.5328493489001,146.0318940419685,146.1975828512281,4815700
2024-08-14,147.91294860839844,148.1273728995787,146.8505831751782,147.2014579360199,4837300
2024-08-15,148.83888244628906,149.0727890451495,147.90321143488865,148.5952198244853,5886800
2024-08-16,148.9948272705078,149.23848991201618,148.37105150312584,148.7901589799537,4562500
2024-08-19,149.90122985839844,150.03768031529904,148.91682346677288,149.00455330276816,4729600
2024-08-20,150.50552368164062,151.27550588068425,150.14490776704238,150.30085541140386,4878300
2024-08-21,150.7589569091797,151.1488260962668,150.23265209659814,150.81744844123438,5530100
2024-08-22,150.8563995361328,151.4119574461925,150.08643220350834,151.26575095155184,4951800
2024-08-23,151.50941467285156,151.61662682090693,150.71995016080118,151.25601090107804,4069400
2024-08-26,151.43145751953125,152.12346598260976,151.2852658797199,151.65563786322568,4433600
2024-08-27,151.6653594970703,152.0844520585874,151.12929876676924,151.57764452447174,3785400
2024-08-28,151.8407745361328,152.4743061995627,151.12928393048128,151.56787362240388,5150100
2024-08-29,152.1624298095703,152.8544382014617,151.51917178858474,152.44508678011226,4339200
2024-08-30,153.21505737304688,153.29303119857454,151.6068899785,152.26964518750538,7020600
2024-09-03,152.9226531982422,153.83882702198056,152.50356063358817,152.9031708966206,7674900
2024-09-04,152.65951538085938,155.59320808588365,151.90903031790464,152.7179920324167,8235500
2024-09-05,150.56398010253906,152.58151344145423,149.83299234878442,152.49379848027982,7245600
2024-09-06,150.04742431640625,151.714083024206,149.7355439255573,151.09030737052342,7651800
2024-09-09,151.1000518798828,151.57763593472063,149.852500544781,150.42754071743252,6169200
2024-09-10,151.7920684814453,151.8992806272688,150.73944419662894,151.3047432498814,7337200
2024-09-11,151.34373474121094,151.51917957193663,148.97534106631636,151.24626373836475,6636500
2024-09-12,151.88951110839844,152.02596156623258,149.89147486212505,151.30472980567407,4838100
2024-09-13,152.201416015625,152.66924406185743,151.7530702703292,151.95775340604771,4358500
2024-09-16,153.25404357910156,153.5951623166759,152.69848567872978,153.00062494160463,4711900
2024-09-17,151.6750946044922,153.10783192112663,151.1390487675351,153.0688524477423,6280000
2024-09-18,151.42172241210938,153.00065167305192,150.8369260855441,151.5484317529958,7148900
2024-09-19,151.9674835205078,152.78618625995605,151.56787330054462,152.78618625995605,6717400
2024-09-20,151.34373474121094,152.02598714517313,150.97336277677988,151.47044407051357,8541600
2024-09-23,151.04730224609375,151.8397261818904,150.77338345129542,151.82015628870346,6416400
2024-09-24,150.74404907226562,151.03753778555523,150.02990464764386,150.97884302838852,5341600
2024-09-25,149.27659606933594,151.41904392098112,149.217901321749,151.20381989485992,5940100
2024-09-26,149.77554321289062,149.96140495257427,148.9244245227017,149.17878835245108,6172900
2024-09-27,149.69728088378906,150.85165083605176,149.6874884732904,149.97119968356174,7312500
2024-09-30,150.67556762695312,150.71469248685554,149.26683383118424,149.49183536239715,7233800
2024-10-01,149.88316345214844,150.99840858866966,149.31575593673156,150.79296201702772,10560200
2024-10-02,149.5798797607422,150.04946765142193,148.57224666910687,149.69728419713982,7158400
2024-10-03,148.22984313964844,149.34508816302517,147.95592435688602,149.20812877164397,5551000
2024-10-04,148.34722900390625,148.71898231174117,147.60373731569013,148.45484101788722,6590100
2024-10-07,147.6917724609375,148.80701740430493,147.41785369782642,148.35699947779213,5922800
2024-10-08,148.49398803710938,148.72878199196228,147.9559428143541,148.0831098117088,4726600
2024-10-09,150.0103302001953,150.12773463842174,148.27877520650298,148.63094373881552,7840000
2024-10-10,149.4527130126953,150.12773254512678,149.0907371471064,150.01032810853735,4385500
2024-10-11,150.54837036132812,150.7244695315741,149.7070441483729,149.92226817453263,9354000
2024-10-14,151.37994384765625,151.64407025503795,150.19621151019945,150.7147017687049,4819800
2024-10-15,149.53099060058594,151.2331983401475,149.1983620834973,149.35489139419118,9088600
2024-10-16,149.9516143798828,150.2744504166068,148.93420393206307,149.33528968000485,4510200
2024-10-17,149.08094787597656,149.6972726051081,148.9831133411304,149.4527011954469,5430000
2024-10-18,149.8048858642578,150.16684677677148,148.75811305705273,149.18856113001726,9823900
2024-10-21,148.04396057128906,149.8146551061225,147.89720877587558,149.4135544304272,4825900
2024-10-22,147.82875061035156,148.10266940823848,147.13416120520296,147.26134312117009,5166900
2024-10-23,147.1341552734375,147.65264547192427,146.3515386981434,147.42764395289996,4910200
2024-10-24,146.16566467285156,147.73091277912172,146.1265248869084,147.1341579268528,5066300
2024-10-25,145.36346435546875,146.74285073496657,145.19715758259701,146.66458608994668,5314500
2024-10-28,145.57870483398438,146.2439469280352,145.39282814700758,145.77435900489706,4923500
2024-10-29,145.17758178710938,146.07761770451862,145.10910955516,145.48086287202668,7342600
2024-10-30,144.9036865234375,144.95260379845766,142.4579720469957,142.96668483778342,9211800
2024-10-31,143.68081665039062,144.7177971088202,143.65146927345057,144.04279251174347,6701100
2024-11-01,144.53192138671875,145.24606570228937,144.22864030857556,144.23843271824538,6896900
2024-11-04,143.58299255371094,144.87432188112385,143.29928134887422,144.17974741195346,5985900
2024-11-05,144.63954162597656,144.67866648451945,142.7710124221427,143.29928011347218,5035300
2024-11-06,144.8253936767578,147.63308349983024,144.15038915172173,147.39828958191316,10685600
2024-11-07,145.87217712402344,146.048261379775,144.99172599035617,145.69607794081716,9381600
2024-11-08,146.91893005371094,147.6722141751916,145.90151955755024,146.06782632483353,8701100
2024-11-11,146.0580596923828,147.32983410264922,145.84283564168595,146.59611981912497,6071900
2024-11-12,144.02320861816406,146.06782195933616,143.99386124407673,145.8232505569724,7022300
2024-11-13,143.64170837402344,144.3949926331822,143.4949565449251,143.9645444850915,5981200
2024-11-14,141.38186645507812,143.40691027673418,141.2253371461942,143.3971327927251,7936700
2024-11-15,138.76004028320312,140.7264040962939,138.4959138916324,140.59922217834531,14246100
2024-11-18,138.85787963867188,139.00461652796537,138.24155484872784,138.3980841489447,7933100
2024-11-19,138.1437225341797,138.53503082129896,137.2143392292264,137.5958700337767,6205800
2024-11-20,139.77745056152344,139.97310469499234,138.21218763886523,138.43718914598176,9328800
2024-11-21,140.90249633789062,141.09815050373192,139.05353685489692,139.77747368871127,7969600
2024-11-22,141.0296630859375,141.87098934322492,140.81443904843692,141.19596985537805,6330300
2024-11-25,142.23294067382812,142.68295861122206,141.64596335156708,141.66553324296333,6834300
2024-11-26,142.99603271484375,143.15256202447023,141.54817391944036,142.66341912747993,6018400
2024-11-27,143.75909423828125,144.55150334190083,143.13299192811027,143.13299192811027,5952800
2024-11-29,144.20909118652344,144.58082958269318,143.52429421731142,143.74929573702659,3521200
2024-12-02,143.95472717285156,144.17974361972222,143.21123545404527,144.12104886921833,6220800
2024-12-03,143.63192749023438,144.2286674944237,143.55366283539234,143.94497118214588,4236200
2024-12-04,143.55361938476562,144.37537562069383,143.18186611865198,143.88623287157677,5597400
2024-12-05,141.9492645263672,143.07428713800863,141.6851232011941,142.91775783957604,8948700
2024-12-06,141.14706420898438,142.30144913494132,140.97097994241528,142.1351274243519,6545200
2024-12-09,141.5579376220703,141.9394684474804,140.79487597125015,141.28401882061976,6258600
2024-12-10,140.97096252441406,141.9492481354719,140.50137468333958,141.84163612115736,7200500
2024-12-11,139.05352783203125,140.5209563718068,139.01440297238412,140.40356686541034,6895000
2024-12-12,137.94805908203125,139.44483498603745,137.85023946999422,139.08287405933612,5994200
2024-12-13,137.9285125732422,138.37851565660543,137.08718623537192,137.77198327143938,7599400
2024-12-16,136.2849578857422,138.57414249525365,136.17734587790432,137.82087336784147,9476600
2024-12-17,136.18714904785156,137.1947820520186,135.59039421677122,135.68821382324668,10280100
2024-12-18,134.3381805419922,136.9991035374343,134.25012349654594,136.09908261166873,14448100
2024-12-19,133.32077026367188,134.80776866566592,132.99793420042914,134.08383189408028,11929300
2024-12-20,135.00341796875,136.26539987298673,134.07404959865886,134.5044976675316,12098400
2024-12-23,136.35169982910156,136.54823982083818,134.6221269087631,135.22158363033589,8050500
2024-12-24,136.911865234375,136.911865234375,135.65397620001184,136.23378946418532,3139300
2024-12-26,137.18702697753906,137.30494798512532,136.28291593590555,136.43033219043002,4720300
2024-12-27,136.54824829101562,137.39338380344353,135.9684500311633,136.43032728766698,5948000
2024-12-30,134.86781311035156,135.76207237149467,134.36661885939247,135.76207237149467,6890300
