Date,Equity
1985-01-02,124991.25174965008
1985-01-03,124948.56264014015
1985-01-04,124971.54946916495
1985-01-07,125086.48361428893
1985-01-08,124938.7114998976
1985-01-09,125019.16414879615
1985-01-10,124920.65024099409
1985-01-11,125020.80767575421
1985-01-14,125263.8116547844
1985-01-15,125194.85116771
1985-01-16,125222.76356685608
1985-01-17,125193.2101461284
1985-01-18,125194.85116771
1985-01-22,125096.33475453149
1985-01-23,125193.2101461284
1985-01-24,125052.00462343996
1985-01-25,125119.32158355627
1985-01-28,125120.96511051434
1985-01-29,125162.01319844266
1985-01-30,125102.90385161084
1985-01-31,125071.70690392508
1985-02-01,125194.85116771
1985-02-04,125436.21412515859
1985-02-05,125515.02575247551
1985-02-06,125496.96449357201
1985-02-07,125613.54216565404
1985-02-08,125693.9948145526
1985-02-11,125838.48488578071
1985-02-13,126027.30508810034
1985-02-14,125937.00129895924
1985-02-15,100181.00459808881
1985-02-19,125217.4916625257
1985-02-20,125346.78568090375
1985-02-21,125513.91997321275
1985-02-22,125726.77873182757
1985-02-25,126149.34690275916
1985-02-26,126048.43549574708
1985-02-27,99741.97629532802
1985-02-28,99741.97629532802
1985-03-01,99741.97629532802
1985-03-04,99741.97629532802
1985-03-05,99741.97629532802
1985-03-06,99741.97629532802
1985-03-07,99741.97629532802
1985-03-08,99741.97629532802
1985-03-11,99741.97629532802
1985-03-12,99741.97629532802
1985-03-13,99741.97629532802
1985-03-14,99741.97629532802
1985-03-15,99741.97629532802
1985-03-18,99741.97629532802
1985-03-19,99741.97629532802
1985-03-20,99741.97629532802
1985-03-21,99741.97629532802
1985-03-22,99741.97629532802
1985-03-25,99741.97629532802
1985-03-26,99741.97629532802
1985-03-27,99741.97629532802
1985-03-28,99741.97629532802
1985-03-29,99741.97629532802
1985-04-01,99741.97629532802
1985-04-02,99741.97629532802
1985-04-03,99741.97629532802
1985-04-04,99741.97629532802
1985-04-05,99741.97629532802
1985-04-08,99741.97629532802
1985-04-09,99741.97629532802
1985-04-10,99741.97629532802
1985-04-11,99741.97629532802
1985-04-12,99741.97629532802
1985-04-15,74797.75305273641
1985-04-16,74807.94541596225
1985-04-17,74775.67607782644
1985-04-18,75140.82338605094
1985-04-19,75140.82338605094
1985-04-22,74880.97384100778
1985-04-23,98861.01635487788
1985-04-24,98861.01635487788
1985-04-25,98861.01635487788
1985-04-26,98861.01635487788
1985-04-29,98861.01635487788
1985-04-30,98861.01635487788
1985-05-01,98861.01635487788
1985-05-02,98861.01635487788
1985-05-03,98861.01635487788
1985-05-06,98861.01635487788
1985-05-07,98861.01635487788
1985-05-08,98861.01635487788
1985-05-09,98861.01635487788
1985-05-10,98861.01635487788
1985-05-13,98861.01635487788
1985-05-14,98861.01635487788
1985-05-15,98861.01635487788
1985-05-16,98861.01635487788
1985-05-17,98861.01635487788
1985-05-20,98861.01635487788
1985-05-21,98861.01635487788
1985-05-22,98861.01635487788
1985-05-23,98861.01635487788
1985-05-24,98861.01635487788
1985-05-28,98861.01635487788
1985-05-29,98861.01635487788
1985-05-30,98861.01635487788
1985-05-31,98861.01635487788
1985-06-03,98861.01635487788
1985-06-04,98861.01635487788
1985-06-05,98861.01635487788
1985-06-06,98861.01635487788
1985-06-07,98861.01635487788
1985-06-10,98861.01635487788
1985-06-11,98861.01635487788
1985-06-12,98861.01635487788
1985-06-13,98861.01635487788
1985-06-14,98861.01635487788
1985-06-17,98861.01635487788
1985-06-18,98861.01635487788
1985-06-19,98861.01635487788
1985-06-20,98861.01635487788
1985-06-21,98861.01635487788
1985-06-24,98861.01635487788
1985-06-25,98861.01635487788
1985-06-26,98861.01635487788
1985-06-27,98861.01635487788
1985-06-28,98861.01635487788
1985-07-01,98861.01635487788
1985-07-02,98861.01635487788
1985-07-03,98861.01635487788
1985-07-05,98861.01635487788
1985-07-08,74137.11019681348
1985-07-09,74332.86602804455
1985-07-10,74506.30059565636
1985-07-11,74587.00719995264
1985-07-12,74774.17672048052
1985-07-15,74892.6609957314
1985-07-16,74856.59953884777
1985-07-17,75189.72848080701
1985-07-18,74957.91381286648
1985-07-19,98914.99870279897
1985-07-22,98914.99870279897
1985-07-23,98914.99870279897
1985-07-24,98914.99870279897
1985-07-25,98914.99870279897
1985-07-26,98914.99870279897
1985-07-29,74177.59223335398
1985-07-30,74193.76091301878
1985-07-31,74251.25320700489
1985-08-01,74042.84775338041
1985-08-02,74015.89721255562
1985-08-05,74003.32248661082
1985-08-06,98010.50194053496
1985-08-07,98010.50194053496
1985-08-08,98010.50194053496
1985-08-09,98010.50194053496
1985-08-12,98010.50194053496
1985-08-13,98010.50194053496
1985-08-14,98010.50194053496
1985-08-15,73499.29882095454
1985-08-16,73531.62696649111
1985-08-19,73513.66779917158
1985-08-20,73402.3089031401
1985-08-21,73477.74398332779
1985-08-22,73659.14993529087
1985-08-23,73581.91701994957
1985-08-26,73474.1537942253
1985-08-27,97328.02887005036
1985-08-28,97328.02887005036
1985-08-29,97328.02887005036
1985-08-30,97328.02887005036
1985-09-03,97328.02887005036
1985-09-04,97328.02887005036
1985-09-05,97328.02887005036
1985-09-06,97328.02887005036
1985-09-09,97328.02887005036
1985-09-10,97328.02887005036
1985-09-11,97328.02887005036
1985-09-12,97328.02887005036
1985-09-13,97328.02887005036
1985-09-16,97328.02887005036
1985-09-17,97328.02887005036
1985-09-18,97328.02887005036
1985-09-19,97328.02887005036
1985-09-20,97328.02887005036
1985-09-23,72987.50374643042
1985-09-24,73137.2389579689
1985-09-25,73373.57416251744
1985-09-26,73591.86483436689
1985-09-30,73489.03439668957
1985-10-01,73664.02920121767
1985-10-02,73705.52199166367
1985-10-03,73893.14383989746
1985-10-04,73804.7462755903
1985-10-07,73680.26515146317
1985-10-08,73694.69802483333
1985-10-09,73712.73705195419
1985-10-10,73636.96653135271
1985-10-11,73638.77236101718
1985-10-15,73609.90661427687
1985-10-16,73442.12687003928
1985-10-17,73698.30417858403
1985-10-18,73779.4894353898
1985-10-21,73801.13736905047
1985-10-22,73748.82061177414
1985-10-23,73784.90141880496
1985-10-24,73685.67713487835
1985-10-25,73692.89219516885
1985-10-28,73786.70449568031
1985-10-29,73936.44246000792
1985-10-30,73950.87533337808
1985-10-31,73981.54415699374
1985-11-01,74107.8283579962
1985-11-04,74147.51807156685
1985-11-05,74039.27289768524
1985-11-06,74160.14786806166
1985-11-07,73981.54415699374
1985-11-08,73979.74108011839
1985-11-11,73979.74108011839
1985-11-12,73972.52326703875
1985-11-13,74071.74755096537
1985-11-14,74078.96261125589
1985-11-15,74017.62496402457
1985-11-18,74089.78933087536
1985-11-19,74210.66154846264
1985-11-20,74134.89102786116
1985-11-21,74394.67586655117
1985-11-22,74495.70322735314
1985-11-25,74506.52719418347
1985-11-26,74607.55593138
1985-11-27,74611.16346152526
1985-11-28,74611.16346152526
1985-11-29,74775.33429922303
1985-12-02,74715.79972886704
1985-12-03,74616.57544494042
1985-12-04,74712.1921987218
1985-12-05,74695.95487208173
1985-12-06,74649.048721826
1985-12-09,74558.84532785437
1985-12-10,98343.68484106025
1985-12-11,98343.68484106025
1985-12-12,98343.68484106025
1985-12-13,98343.68484106025
1985-12-16,98343.68484106025
1985-12-17,98343.68484106025
1985-12-18,98343.68484106025
1985-12-19,98343.68484106025
1985-12-20,98343.68484106025
1985-12-23,98343.68484106025
1985-12-24,98343.68484106025
1985-12-25,98343.68484106025
1985-12-26,98343.68484106025
1985-12-27,73749.15683701284
1985-12-30,73800.59425143796
1985-12-31,73915.3386723255
1986-01-01,73915.3386723255
1986-01-02,74053.82227728763
1986-01-03,97836.2778088614
1986-01-06,97836.2778088614
1986-01-07,97836.2778088614
1986-01-08,97836.2778088614
1986-01-09,97836.2778088614
1986-01-10,97836.2778088614
1986-01-13,97836.2778088614
1986-01-14,97836.2778088614
1986-01-15,97836.2778088614
1986-01-16,97836.2778088614
1986-01-17,97836.2778088614
1986-01-20,97836.2778088614
1986-01-21,97836.2778088614
1986-01-22,97836.2778088614
1986-01-23,97836.2778088614
1986-01-24,97836.2778088614
1986-01-27,73368.64596986043
1986-01-28,73432.57786571661
1986-01-29,73488.51808405867
1986-01-30,73628.36862991386
1986-01-31,73554.44828035752
1986-02-03,73450.55799693085
1986-02-04,73284.73411809068
1986-02-05,73532.47154825792
1986-02-06,73496.50976157277
1986-02-07,73464.54305151638
1986-02-10,73696.2971266554
1986-02-11,73738.25229041195
1986-02-12,73840.14427339594
1986-02-13,74029.94166052178
1986-02-14,74093.87355637795
1986-02-17,74093.87355637795
1986-02-18,74247.70915681866
1986-02-19,74419.52641273025
1986-02-20,74437.50806820113
1986-02-21,74413.53303565882
1986-02-24,74685.24397411171
1986-02-25,74823.09774378085
1986-02-26,74903.01299466522
1986-02-27,74980.92994510691
1986-02-28,74841.0778749951
1986-03-03,74980.92994510691
1986-03-04,75110.79051300531
1986-03-05,74637.29543328374
1986-03-06,74807.11438875264
1986-03-07,74863.05460709472
1986-03-10,74613.32040074145
1986-03-11,74685.24397411171
1986-03-12,74631.30205621233
1986-03-13,98538.07765453438
1986-03-14,98538.07765453438
1986-03-17,98538.07765453438
1986-03-18,98538.07765453438
1986-03-19,98538.07765453438
1986-03-20,98538.07765453438
1986-03-21,98538.07765453438
1986-03-24,98538.07765453438
1986-03-25,98538.07765453438
1986-03-26,98538.07765453438
1986-03-27,98538.07765453438
1986-03-28,98538.07765453438
1986-03-31,98538.07765453438
1986-04-01,98538.07765453438
1986-04-02,98538.07765453438
1986-04-03,98538.07765453438
1986-04-04,98538.07765453438
1986-04-07,98538.07765453438
1986-04-08,98538.07765453438
1986-04-09,98538.07765453438
1986-04-10,98538.07765453438
1986-04-11,98538.07765453438
1986-04-14,98538.07765453438
1986-04-15,98538.07765453438
1986-04-16,98538.07765453438
1986-04-17,98538.07765453438
1986-04-18,73894.9344343447
1986-04-21,73931.9465488019
1986-04-22,74110.4774279755
1986-04-23,74112.65509973088
1986-04-24,74073.46531351829
1986-04-25,74341.26080174024
1986-04-28,74382.6282597082
1986-04-29,74271.59025525974
1986-04-30,74199.7436981007
1986-05-01,73849.21329394284
1986-05-02,73988.55438690384
1986-05-05,74312.9577132277
1986-05-06,74143.13585999879
1986-05-07,74271.59025525974
1986-05-08,74293.36365065984
1986-05-09,74297.71733309375
1986-05-12,74458.830160378
1986-05-13,74249.81852093649
1986-05-14,74265.05890107044
1986-05-15,74238.9334843133
1986-05-16,73960.24963731444
1986-05-19,74058.22493338434
1986-05-20,73790.42778408554
1986-05-21,97825.55932293781
1986-05-22,97825.55932293781
1986-05-23,97825.55932293781
1986-05-26,97825.55932293781
1986-05-27,97825.55932293781
1986-05-28,97825.55932293781
1986-05-29,97825.55932293781
1986-05-30,97825.55932293781
1986-06-02,97825.55932293781
1986-06-03,97825.55932293781
1986-06-04,97825.55932293781
1986-06-05,97825.55932293781
1986-06-06,97825.55932293781
1986-06-09,97825.55932293781
1986-06-10,97825.55932293781
1986-06-11,97825.55932293781
1986-06-12,97825.55932293781
1986-06-13,97825.55932293781
1986-06-16,97825.55932293781
1986-06-17,97825.55932293781
1986-06-18,97825.55932293781
1986-06-19,97825.55932293781
1986-06-20,97825.55932293781
1986-06-23,97825.55932293781
1986-06-24,97825.55932293781
1986-06-25,97825.55932293781
1986-06-26,97825.55932293781
1986-06-27,97825.55932293781
1986-06-30,97825.55932293781
1986-07-01,97825.55932293781
1986-07-02,97825.55932293781
1986-07-03,97825.55932293781
1986-07-04,97825.55932293781
1986-07-07,97825.55932293781
1986-07-08,97825.55932293781
1986-07-09,97825.55932293781
1986-07-10,97825.55932293781
1986-07-11,97825.55932293781
1986-07-14,97825.55932293781
1986-07-15,97825.55932293781
1986-07-16,73360.60804347286
1986-07-17,73340.59884182649
1986-07-18,73493.99650198568
1986-07-21,73569.58436935623
1986-07-22,73505.11291358102
1986-07-23,73491.77288044135
1986-07-24,73402.84837218365
1986-07-25,73231.66513192242
1986-07-28,73565.13712626758
1986-07-29,73551.79878925419
1986-07-30,73594.0374218387
1986-07-31,73803.01374772209
1986-08-01,73798.5682007597
1986-08-04,73780.78262065766
1986-08-05,73734.09674498449
1986-08-06,73854.1468664839
1986-08-07,73891.93995210604
1986-08-08,73894.16357365038
1986-08-11,73994.2044935034
1986-08-12,73851.92324493958
1986-08-13,73905.27828911945
1986-08-14,73998.65004046579
1986-08-15,73976.41891340136
1986-08-18,73887.4927090174
1986-08-19,74040.89036917657
1986-08-20,74085.3543194317
1986-08-21,74127.59295201622
1986-08-22,74085.3543194317
1986-08-25,74060.89957082295
1986-08-26,73925.28749076583
1986-08-27,74023.10478907454
1986-08-28,73929.73303772819
1986-08-29,74160.94049067599
1986-09-01,74160.94049067599
1986-09-02,74198.73357629814
1986-09-03,74203.18081938679
1986-09-04,74154.27132216928
1986-09-05,73974.1969879833
1986-09-08,97872.0235986957
1986-09-09,97872.0235986957
1986-09-10,97872.0235986957
1986-09-11,97872.0235986957
1986-09-12,97872.0235986957
1986-09-15,97872.0235986957
1986-09-16,97872.0235986957
1986-09-17,97872.0235986957
1986-09-18,73395.45218385386
1986-09-19,73416.40593267999
1986-09-22,73015.97387788993
1986-09-23,96893.46503726658
1986-09-24,96893.46503726658
1986-09-25,96893.46503726658
1986-09-26,96893.46503726658
1986-09-29,96893.46503726658
1986-09-30,96893.46503726658
1986-10-01,96893.46503726658
1986-10-02,96893.46503726658
1986-10-03,96893.46503726658
1986-10-06,96893.46503726658
1986-10-07,96893.46503726658
1986-10-08,96893.46503726658
1986-10-09,96893.46503726658
1986-10-10,96893.46503726658
1986-10-13,96893.46503726658
1986-10-14,96893.46503726658
1986-10-15,96893.46503726658
1986-10-16,96893.46503726658
1986-10-17,96893.46503726658
1986-10-20,96893.46503726658
1986-10-21,96893.46503726658
1986-10-22,96893.46503726658
1986-10-23,96893.46503726658
1986-10-24,96893.46503726658
1986-10-27,96893.46503726658
1986-10-28,96893.46503726658
1986-10-29,96893.46503726658
1986-10-30,96893.46503726658
1986-10-31,96893.46503726658
1986-11-03,96893.46503726658
1986-11-04,96893.46503726658
1986-11-05,96893.46503726658
1986-11-06,96893.46503726658
1986-11-07,96893.46503726658
1986-11-10,96893.46503726658
1986-11-11,96893.46503726658
1986-11-12,96893.46503726658
1986-11-13,96893.46503726658
1986-11-14,96893.46503726658
1986-11-17,96893.46503726658
1986-11-18,96893.46503726658
1986-11-19,96893.46503726658
1986-11-20,96893.46503726658
1986-11-21,96893.46503726658
1986-11-24,96893.46503726658
1986-11-25,96893.46503726658
1986-11-26,96893.46503726658
1986-11-27,96893.46503726658
1986-11-28,96893.46503726658
1986-12-01,96893.46503726658
1986-12-02,96893.46503726658
1986-12-03,96893.46503726658
1986-12-04,96893.46503726658
1986-12-05,96893.46503726658
1986-12-08,96893.46503726658
1986-12-09,96893.46503726658
1986-12-10,96893.46503726658
1986-12-11,96893.46503726658
1986-12-12,96893.46503726658
1986-12-15,96893.46503726658
1986-12-16,96893.46503726658
1986-12-17,96893.46503726658
1986-12-18,96893.46503726658
1986-12-19,96893.46503726658
1986-12-22,96893.46503726658
1986-12-23,96893.46503726658
1986-12-24,96893.46503726658
1986-12-25,96893.46503726658
1986-12-26,96893.46503726658
1986-12-29,72661.61890378434
1986-12-30,72608.3234734094
1986-12-31,72888.69947669913
1987-01-01,72888.69947669913
1987-01-02,72881.74828313975
1987-01-05,72758.93914931925
1987-01-06,72860.89470246165
1987-01-07,72772.84153643799
1987-01-08,72893.33478430661
1987-01-09,72853.94174105041
1987-01-12,73104.19531629892
1987-01-13,73301.1534611725
1987-01-14,73678.85147784899
1987-01-15,73648.72728195591
1987-01-16,73641.77608839654
1987-01-19,73938.37213260875
1987-01-20,73681.16736380088
1987-01-21,73669.58263048588
1987-01-22,73917.51855193064
1987-01-23,73875.80962272256
1987-01-26,73848.00308063322
1987-01-27,74121.42789036359
1987-01-28,74260.45706510657
1987-01-29,74170.08801313104
1987-01-30,73750.68283509831
1987-02-02,73970.81221445373
1987-02-03,74061.18303428113
1987-02-04,73970.81221445373
1987-02-05,73755.3181427058
1987-02-06,97382.84480989035
1987-02-09,97382.84480989035
1987-02-10,97382.84480989035
1987-02-11,97382.84480989035
1987-02-12,97382.84480989035
1987-02-13,97382.84480989035
1987-02-16,97382.84480989035
1987-02-17,97382.84480989035
1987-02-18,97382.84480989035
1987-02-19,97382.84480989035
1987-02-20,97382.84480989035
1987-02-23,97382.84480989035
1987-02-24,97382.84480989035
1987-02-25,97382.84480989035
1987-02-26,97382.84480989035
1987-02-27,97382.84480989035
1987-03-02,97382.84480989035
1987-03-03,97382.84480989035
1987-03-04,97382.84480989035
1987-03-05,97382.84480989035
1987-03-06,97382.84480989035
1987-03-09,97382.84480989035
1987-03-10,97382.84480989035
1987-03-11,97382.84480989035
1987-03-12,97382.84480989035
1987-03-13,97382.84480989035
1987-03-16,97382.84480989035
1987-03-17,97382.84480989035
1987-03-18,97382.84480989035
1987-03-19,97382.84480989035
1987-03-20,97382.84480989035
1987-03-23,97382.84480989035
1987-03-24,97382.84480989035
1987-03-25,97382.84480989035
1987-03-26,97382.84480989035
1987-03-27,97382.84480989035
1987-03-30,73028.6109039562
1987-03-31,72975.83897719884
1987-04-01,72724.54299231454
1987-04-02,72870.29512368413
1987-04-03,72832.60034250424
1987-04-06,72809.98462413804
1987-04-07,72822.54827304052
1987-04-08,96678.75624844708
1987-04-09,96678.75624844708
1987-04-10,96678.75624844708
1987-04-13,96678.75624844708
1987-04-14,72500.6061029469
1987-04-15,72342.1740986406
1987-04-16,72294.39469296292
1987-04-17,72294.39469296292
1987-04-20,72337.1453943768
1987-04-21,72284.33536581487
1987-04-22,72176.19999724884
1987-04-23,72379.8960957907
1987-04-24,72578.56349006874
1987-04-27,72548.38550862457
1987-04-28,72540.84149291864
1987-04-29,72515.69413435874
1987-04-30,72548.38550862457
1987-05-01,72691.72756289854
1987-05-04,72814.9528814969
1987-05-05,72757.11223005068
1987-05-06,72799.86293146457
1987-05-07,72656.52087719059
1987-05-08,72568.50416292068
1987-05-11,72472.94343294486
1987-05-12,72513.17882291661
1987-05-13,72510.66543009496
1987-05-14,72616.28548721883
1987-05-15,72689.2141700769
1987-05-18,72621.31419148263
1987-05-19,72709.33090575253
1987-05-20,72686.69885863476
1987-05-21,72643.94815722088
1987-05-22,72576.04817862662
1987-05-25,72576.04817862662
1987-05-26,95984.97395063467
1987-05-27,95984.97395063467
1987-05-28,95984.97395063467
1987-05-29,95984.97395063467
1987-06-01,95984.97395063467
1987-06-02,95984.97395063467
1987-06-03,95984.97395063467
1987-06-04,95984.97395063467
1987-06-05,95984.97395063467
1987-06-08,95984.97395063467
1987-06-09,95984.97395063467
1987-06-10,95984.97395063467
1987-06-11,95984.97395063467
1987-06-12,95984.97395063467
1987-06-15,95984.97395063467
1987-06-16,95984.97395063467
1987-06-17,95984.97395063467
1987-06-18,95984.97395063467
1987-06-19,95984.97395063467
1987-06-22,95984.97395063467
1987-06-23,95984.97395063467
1987-06-24,95984.97395063467
1987-06-25,95984.97395063467
1987-06-26,95984.97395063467
1987-06-29,95984.97395063467
1987-06-30,95984.97395063467
1987-07-01,95984.97395063467
1987-07-02,95984.97395063467
1987-07-03,95984.97395063467
1987-07-06,95984.97395063467
1987-07-07,95984.97395063467
1987-07-08,95984.97395063467
1987-07-09,95984.97395063467
1987-07-10,95984.97395063467
1987-07-13,95984.97395063467
1987-07-14,95984.97395063467
1987-07-15,95984.97395063467
1987-07-16,95984.97395063467
1987-07-17,95984.97395063467
1987-07-20,95984.97395063467
1987-07-21,95984.97395063467
1987-07-22,95984.97395063467
1987-07-23,95984.97395063467
1987-07-24,95984.97395063467
1987-07-27,95984.97395063467
1987-07-28,95984.97395063467
1987-07-29,95984.97395063467
1987-07-30,95984.97395063467
1987-07-31,95984.97395063467
1987-08-03,95984.97395063467
1987-08-04,119972.82043247382
1987-08-05,119884.95823624484
1987-08-06,119925.32745136307
1987-08-07,120034.56275731066
1987-08-10,120034.56275731066
1987-08-11,120048.81028929567
1987-08-12,120013.18964759207
1987-08-13,119991.81834961456
1987-08-14,119849.33759454124
1987-08-17,119797.09422827476
1987-08-18,95098.48571969623
1987-08-19,95098.48571969623
1987-08-20,95098.48571969623
1987-08-21,95098.48571969623
1987-08-24,95098.48571969623
1987-08-25,95098.48571969623
1987-08-26,95098.48571969623
1987-08-27,95098.48571969623
1987-08-28,95098.48571969623
1987-08-31,95098.48571969623
1987-09-01,95098.48571969623
1987-09-02,71315.54150771529
1987-09-03,71337.76201367576
1987-09-04,71280.9750203997
1987-09-07,71280.9750203997
1987-09-08,71357.51483035105
1987-09-09,71226.65571640883
1987-09-10,71184.68239377308
1987-09-11,71142.70718740505
1987-09-14,71026.66174410316
1987-09-15,71110.61027310694
1987-09-16,71083.45062111151
1987-09-17,71108.14070008945
1987-09-18,71216.77930807119
1987-09-21,71145.17676042253
1987-09-22,71031.60089013811
1987-09-23,71016.7872194978
1987-09-24,71061.23011515103
1987-09-25,71046.41456077843
1987-09-28,70989.62756750238
1987-09-29,94235.67215655847
1987-09-30,94235.67215655847
1987-10-01,94235.67215655847
1987-10-02,94235.67215655847
1987-10-05,94235.67215655847
1987-10-06,94235.67215655847
1987-10-07,94235.67215655847
1987-10-08,94235.67215655847
1987-10-09,94235.67215655847
1987-10-12,94235.67215655847
1987-10-13,94235.67215655847
1987-10-14,94235.67215655847
1987-10-15,94235.67215655847
1987-10-16,94235.67215655847
1987-10-19,70668.506846651
1987-10-20,93461.78273614477
1987-10-21,93461.78273614477
1987-10-22,93461.78273614477
1987-10-23,93461.78273614477
1987-10-26,93461.78273614477
1987-10-27,70088.15751021079
1987-10-28,70366.63846425501
1987-10-29,70332.1366986539
1987-10-30,70378.95944899529
1987-11-02,70581.04202474689
1987-11-03,70516.96839160494
1987-11-04,70622.9367572332
1987-11-05,70977.81420936485
1987-11-06,71009.85290614102
1987-11-09,71152.78798640052
1987-11-10,71118.28622079942
1987-11-11,71002.45805905061
1987-11-12,70866.9159456763
1987-11-13,70852.12813170068
1987-11-16,70615.54379034799
1987-11-17,70857.05802976096
1987-11-18,70918.66859407797
1987-11-19,70955.63530870921
1987-11-20,70967.95629344949
1987-11-23,71046.81774056706
1987-11-24,71034.49675582678
1987-11-25,71078.85643734323
1987-11-26,71078.85643734323
1987-11-27,71278.47406406469
1987-11-30,71487.94960670148
1987-12-01,71266.1511991192
1987-12-02,71278.47406406469
1987-12-03,71202.07756597726
1987-12-04,71162.64590231588
1987-12-07,71086.24940422845
1987-12-08,71197.14766791699
1987-12-09,71239.0424004033
1987-12-10,71579.13391876454
1987-12-11,71638.2795340514
1987-12-14,71653.06546782183
1987-12-15,71628.42161813605
1987-12-16,71704.81999642869
1987-12-17,71842.82705883314
1987-12-18,71633.35151619633
1987-12-21,71717.14098116898
1987-12-22,71734.39186396953
1987-12-23,71643.20943211169
1987-12-24,71744.24977988488
1987-12-25,71744.24977988488
1987-12-28,72067.08853524034
1987-12-29,72096.66228298639
1987-12-30,72106.52019890174
1987-12-31,72407.18005360158
1988-01-01,72407.18005360158
1988-01-04,72249.45715936644
1988-01-05,94723.34107456553
1988-01-06,94723.34107456553
1988-01-07,94723.34107456553
1988-01-08,94723.34107456553
1988-01-11,94723.34107456553
1988-01-12,94723.34107456553
1988-01-13,94723.34107456553
1988-01-14,94723.34107456553
1988-01-15,94723.34107456553
1988-01-18,94723.34107456553
1988-01-19,94723.34107456553
1988-01-20,94723.34107456553
1988-01-21,94723.34107456553
1988-01-22,94723.34107456553
1988-01-25,94723.34107456553
1988-01-26,94723.34107456553
1988-01-27,94723.34107456553
1988-01-28,94723.34107456553
1988-01-29,94723.34107456553
1988-02-01,94723.34107456553
1988-02-02,94723.34107456553
1988-02-03,94723.34107456553
1988-02-04,94723.34107456553
1988-02-05,94723.34107456553
1988-02-08,94723.34107456553
1988-02-09,94723.34107456553
1988-02-10,94723.34107456553
1988-02-11,94723.34107456553
1988-02-12,94723.34107456553
1988-02-15,94723.34107456553
1988-02-16,94723.34107456553
1988-02-17,94723.34107456553
1988-02-18,94723.34107456553
1988-02-19,94723.34107456553
1988-02-22,94723.34107456553
1988-02-23,94723.34107456553
1988-02-24,94723.34107456553
1988-02-25,94723.34107456553
1988-02-26,94723.34107456553
1988-02-29,94723.34107456553
1988-03-01,94723.34107456553
1988-03-02,94723.34107456553
1988-03-03,94723.34107456553
1988-03-04,94723.34107456553
1988-03-07,94723.34107456553
1988-03-08,94723.34107456553
1988-03-09,94723.34107456553
1988-03-10,94723.34107456553
1988-03-11,94723.34107456553
1988-03-14,94723.34107456553
1988-03-15,94723.34107456553
1988-03-16,94723.34107456553
1988-03-17,94723.34107456553
1988-03-18,94723.34107456553
1988-03-21,94723.34107456553
1988-03-22,94723.34107456553
1988-03-23,94723.34107456553
1988-03-24,94723.34107456553
1988-03-25,94723.34107456553
1988-03-28,94723.34107456553
1988-03-29,94723.34107456553
1988-03-30,94723.34107456553
1988-03-31,94723.34107456553
1988-04-01,94723.34107456553
1988-04-04,94723.34107456553
1988-04-05,94723.34107456553
1988-04-06,94723.34107456553
1988-04-07,94723.34107456553
1988-04-08,94723.34107456553
1988-04-11,94723.34107456553
1988-04-12,94723.34107456553
1988-04-13,94723.34107456553
1988-04-14,94723.34107456553
1988-04-15,94723.34107456553
1988-04-18,94723.34107456553
1988-04-19,94723.34107456553
1988-04-20,94723.34107456553
1988-04-21,94723.34107456553
1988-04-22,94723.34107456553
1988-04-25,94723.34107456553
1988-04-26,94723.34107456553
1988-04-27,94723.34107456553
1988-04-28,94723.34107456553
1988-04-29,94723.34107456553
1988-05-02,94723.34107456553
1988-05-03,94723.34107456553
1988-05-04,94723.34107456553
1988-05-05,94723.34107456553
1988-05-06,94723.34107456553
1988-05-09,94723.34107456553
1988-05-10,94723.34107456553
1988-05-11,94723.34107456553
1988-05-12,94723.34107456553
1988-05-13,94723.34107456553
1988-05-16,94723.34107456553
1988-05-17,94723.34107456553
1988-05-18,94723.34107456553
1988-05-19,94723.34107456553
1988-05-20,94723.34107456553
1988-05-23,94723.34107456553
1988-05-24,94723.34107456553
1988-05-25,94723.34107456553
1988-05-26,94723.34107456553
1988-05-27,94723.34107456553
1988-05-30,94723.34107456553
1988-05-31,94723.34107456553
1988-06-01,94723.34107456553
1988-06-02,94723.34107456553
1988-06-03,94723.34107456553
1988-06-06,94723.34107456553
1988-06-07,94723.34107456553
1988-06-08,94723.34107456553
1988-06-09,94723.34107456553
1988-06-10,94723.34107456553
1988-06-13,94723.34107456553
1988-06-14,118395.88970818988
1988-06-15,118444.77600438992
1988-06-16,118383.02623649864
1988-06-17,118403.6101467923
1988-06-20,118475.65186983041
1988-06-21,118437.05752877722
1988-06-22,118756.10028637017
1988-06-23,118763.81876198285
1988-06-24,119142.03977092265
1988-06-27,119273.25974530763
1988-06-28,119203.79150180366
1988-06-29,119316.99908243938
1988-06-30,119268.11474922908
1988-07-01,119391.61428501163
1988-07-04,119391.61428501163
1988-07-05,119371.03037471796
1988-07-06,119324.71755805207
1988-07-07,119273.25974530763
1988-07-08,119512.54230424977
1988-07-11,119564.00011699421
1988-07-12,119455.93753243703
1988-07-13,119504.82382863708
1988-07-14,119600.02097851326
1988-07-15,119967.95003230622
1988-07-18,119921.63721564034
1988-07-19,119615.45989272838
1988-07-20,119597.44946196885
1988-07-21,95332.17221010529
1988-07-22,95332.17221010529
1988-07-25,95332.17221010529
1988-07-26,95332.17221010529
1988-07-27,95332.17221010529
1988-07-28,95332.17221010529
1988-07-29,95332.17221010529
1988-08-01,95332.17221010529
1988-08-02,95332.17221010529
1988-08-03,95332.17221010529
1988-08-04,95332.17221010529
1988-08-05,95332.17221010529
1988-08-08,95332.17221010529
1988-08-09,119156.87536554264
1988-08-10,119044.12675729321
1988-08-11,118794.64090355772
1988-08-12,118821.02895358273
1988-08-15,118797.0403163461
1988-08-16,118876.20446642111
1988-08-17,119087.30703640543
1988-08-18,118984.15424909379
1988-08-19,118964.96260721821
1988-08-22,119041.72734450485
1988-08-23,119140.08313645545
1988-08-24,118885.7984571432
1988-08-25,118729.87139999725
1988-08-26,118715.47675348271
1988-08-29,118854.61341175715
1988-08-30,118809.03371985655
1988-08-31,118938.5745571932
1988-09-01,118940.97396998157
1988-09-02,118727.47198720889
1988-09-05,118727.47198720889
1988-09-06,94420.55032395577
1988-09-07,94420.55032395577
1988-09-08,94420.55032395577
1988-09-09,94420.55032395577
1988-09-12,94420.55032395577
1988-09-13,94420.55032395577
1988-09-14,94420.55032395577
1988-09-15,94420.55032395577
1988-09-16,94420.55032395577
1988-09-19,94420.55032395577
1988-09-20,94420.55032395577
1988-09-21,94420.55032395577
1988-09-22,94420.55032395577
1988-09-23,94420.55032395577
1988-09-26,94420.55032395577
1988-09-27,94420.55032395577
1988-09-28,94420.55032395577
1988-09-29,94420.55032395577
1988-09-30,94420.55032395577
1988-10-03,94420.55032395577
1988-10-04,94420.55032395577
1988-10-05,94420.55032395577
1988-10-06,94420.55032395577
1988-10-07,94420.55032395577
1988-10-10,94420.55032395577
1988-10-11,94420.55032395577
1988-10-12,94420.55032395577
1988-10-13,94420.55032395577
1988-10-14,94420.55032395577
1988-10-17,94420.55032395577
1988-10-18,94420.55032395577
1988-10-19,94420.55032395577
1988-10-20,94420.55032395577
1988-10-21,94420.55032395577
1988-10-24,94420.55032395577
1988-10-25,94420.55032395577
1988-10-26,70807.14929212331
1988-10-27,94061.87070934387
1988-10-28,94061.87070934387
1988-10-31,94061.87070934387
1988-11-01,94061.87070934387
1988-11-02,94061.87070934387
1988-11-03,94061.87070934387
1988-11-04,94061.87070934387
1988-11-07,94061.87070934387
1988-11-08,94061.87070934387
1988-11-09,70538.17097190881
1988-11-10,70596.69237288745
1988-11-11,70769.70971948333
1988-11-14,70652.66885872753
1988-11-15,70701.01059915182
1988-11-16,70947.8149551549
1988-11-17,70912.19390802059
1988-11-18,70795.15304726477
1988-11-21,70945.2719812178
1988-11-22,71057.22301169643
1988-11-23,71077.57845040217
1988-11-24,71077.57845040217
1988-11-25,71128.46510596505
1988-11-28,70947.8149551549
1988-11-29,70970.71530899924
1988-11-30,71024.14687970071
1988-12-01,71031.779683915
1988-12-02,71143.73265559511
1988-12-05,71115.74441267508
1988-12-06,70968.17039386065
1988-12-07,93866.80937627751
1988-12-08,93866.80937627751
1988-12-09,93866.80937627751
1988-12-12,93866.80937627751
1988-12-13,93866.80937627751
1988-12-14,93866.80937627751
1988-12-15,93866.80937627751
1988-12-16,93866.80937627751
1988-12-19,93866.80937627751
1988-12-20,93866.80937627751
1988-12-21,93866.80937627751
1988-12-22,93866.80937627751
1988-12-23,93866.80937627751
1988-12-26,93866.80937627751
1988-12-27,93866.80937627751
1988-12-28,93866.80937627751
1988-12-29,93866.80937627751
1988-12-30,93866.80937627751
1989-01-02,93866.80937627751
1989-01-03,93866.80937627751
1989-01-04,93866.80937627751
1989-01-05,93866.80937627751
1989-01-06,93866.80937627751
1989-01-09,117325.30001686716
1989-01-10,117471.78149777066
1989-01-11,117337.71453641717
1989-01-12,117357.57511583155
1989-01-13,117528.88563583509
1989-01-16,117700.19615583862
1989-01-17,117603.36896475569
1989-01-18,117841.71296543596
1989-01-19,117655.50653732421
1989-01-20,93670.42878778049
1989-01-23,93670.42878778049
1989-01-24,93670.42878778049
1989-01-25,93670.42878778049
1989-01-26,93670.42878778049
1989-01-27,93670.42878778049
1989-01-30,93670.42878778049
1989-01-31,93670.42878778049
1989-02-01,93670.42878778049
1989-02-02,93670.42878778049
1989-02-03,93670.42878778049
1989-02-06,93670.42878778049
1989-02-07,93670.42878778049
1989-02-08,93670.42878778049
1989-02-09,93670.42878778049
1989-02-10,93670.42878778049
1989-02-13,93670.42878778049
1989-02-14,93670.42878778049
1989-02-15,93670.42878778049
1989-02-16,93670.42878778049
1989-02-17,93670.42878778049
1989-02-20,93670.42878778049
1989-02-21,93670.42878778049
1989-02-22,93670.42878778049
1989-02-23,93670.42878778049
1989-02-24,93670.42878778049
1989-02-27,93670.42878778049
1989-02-28,93670.42878778049
1989-03-01,93670.42878778049
1989-03-02,93670.42878778049
1989-03-03,93670.42878778049
1989-03-06,93670.42878778049
1989-03-07,93670.42878778049
1989-03-08,93670.42878778049
1989-03-09,93670.42878778049
1989-03-10,93670.42878778049
1989-03-13,93670.42878778049
1989-03-14,93670.42878778049
1989-03-15,93670.42878778049
1989-03-16,93670.42878778049
1989-03-17,117079.8414611114
1989-03-20,116988.41357836283
1989-03-21,117002.84907678542
1989-03-22,116966.75849508568
1989-03-23,117002.84907678542
1989-03-24,117002.84907678542
1989-03-27,117152.0226245109
1989-03-28,117303.60086487798
1989-03-29,117279.54108895923
1989-03-30,117279.54108895923
1989-03-31,117279.54108895923
1989-04-03,117127.96284859214
1989-04-04,93211.42656948304
1989-04-05,93211.42656948304
1989-04-06,93211.42656948304
1989-04-07,93211.42656948304
1989-04-10,93211.42656948304
1989-04-11,93211.42656948304
1989-04-12,93211.42656948304
1989-04-13,93211.42656948304
1989-04-14,93211.42656948304
1989-04-17,93211.42656948304
1989-04-18,93211.42656948304
1989-04-19,93211.42656948304
1989-04-20,93211.42656948304
1989-04-21,93211.42656948304
1989-04-24,93211.42656948304
1989-04-25,93211.42656948304
1989-04-26,93211.42656948304
1989-04-27,93211.42656948304
1989-04-28,93211.42656948304
1989-05-01,93211.42656948304
1989-05-02,93211.42656948304
1989-05-03,93211.42656948304
1989-05-04,93211.42656948304
1989-05-05,93211.42656948304
1989-05-08,116506.12884290278
1989-05-09,116492.00359075295
1989-05-10,116411.95630412313
1989-05-11,116553.21601038848
1989-05-12,116619.13624867669
1989-05-15,116852.21189010766
1989-05-16,116823.95958961625
1989-05-17,117191.23231123766
1989-05-18,117203.00275596525
1989-05-19,117214.77499688462
1989-05-22,117636.19571587487
1989-05-23,117678.5732685161
1989-05-24,117753.91094030147
1989-05-25,117417.24532659371
1989-05-26,93683.12436188795
1989-05-29,93683.12436188795
1989-05-30,93683.12436188795
1989-05-31,93683.12436188795
1989-06-01,93683.12436188795
1989-06-02,93683.12436188795
1989-06-05,93683.12436188795
1989-06-06,93683.12436188795
1989-06-07,93683.12436188795
1989-06-08,93683.12436188795
1989-06-09,117095.70981810513
1989-06-12,117270.79156473691
1989-06-13,117219.16577407646
1989-06-14,117385.26875004437
1989-06-15,117055.30620638045
1989-06-16,116873.49080988213
1989-06-19,116824.1084274936
1989-06-20,116922.87319227066
1989-06-21,92875.44847140281
1989-06-22,92875.44847140281
1989-06-23,92875.44847140281
1989-06-26,92875.44847140281
1989-06-27,92875.44847140281
1989-06-28,92875.44847140281
1989-06-29,92875.44847140281
1989-06-30,92875.44847140281
1989-07-03,92875.44847140281
1989-07-04,92875.44847140281
1989-07-05,92875.44847140281
1989-07-06,92875.44847140281
1989-07-07,92875.44847140281
1989-07-10,92875.44847140281
1989-07-11,92875.44847140281
1989-07-12,92875.44847140281
1989-07-13,92875.44847140281
1989-07-14,92875.44847140281
1989-07-17,92875.44847140281
1989-07-18,92875.44847140281
1989-07-19,92875.44847140281
1989-07-20,92875.44847140281
1989-07-21,92875.44847140281
1989-07-24,92875.44847140281
1989-07-25,92875.44847140281
1989-07-26,92875.44847140281
1989-07-27,92875.44847140281
1989-07-28,92875.44847140281
1989-07-31,92875.44847140281
1989-08-01,92875.44847140281
1989-08-02,92875.44847140281
1989-08-03,92875.44847140281
1989-08-04,92875.44847140281
1989-08-07,92875.44847140281
1989-08-08,92875.44847140281
1989-08-09,92875.44847140281
1989-08-10,92875.44847140281
1989-08-11,92875.44847140281
1989-08-14,92875.44847140281
1989-08-15,92875.44847140281
1989-08-16,92875.44847140281
1989-08-17,92875.44847140281
1989-08-18,92875.44847140281
1989-08-21,92875.44847140281
1989-08-22,92875.44847140281
1989-08-23,92875.44847140281
1989-08-24,92875.44847140281
1989-08-25,92875.44847140281
1989-08-28,92875.44847140281
1989-08-29,92875.44847140281
1989-08-30,92875.44847140281
1989-08-31,92875.44847140281
1989-09-01,92875.44847140281
1989-09-04,92875.44847140281
1989-09-05,92875.44847140281
1989-09-06,92875.44847140281
1989-09-07,92875.44847140281
1989-09-08,92875.44847140281
1989-09-11,92875.44847140281
1989-09-12,92875.44847140281
1989-09-13,92875.44847140281
1989-09-14,92875.44847140281
1989-09-15,92875.44847140281
1989-09-18,92875.44847140281
1989-09-19,92875.44847140281
1989-09-20,92875.44847140281
1989-09-21,92875.44847140281
1989-09-22,92875.44847140281
1989-09-25,92875.44847140281
1989-09-26,92875.44847140281
1989-09-27,92875.44847140281
1989-09-28,92875.44847140281
1989-09-29,92875.44847140281
1989-10-02,92875.44847140281
1989-10-03,92875.44847140281
1989-10-04,92875.44847140281
1989-10-05,92875.44847140281
1989-10-06,92875.44847140281
1989-10-09,92875.44847140281
1989-10-10,92875.44847140281
1989-10-11,92875.44847140281
1989-10-12,92875.44847140281
1989-10-13,92875.44847140281
1989-10-16,92875.44847140281
1989-10-17,92875.44847140281
1989-10-18,92875.44847140281
1989-10-19,92875.44847140281
1989-10-20,92875.44847140281
1989-10-23,92875.44847140281
1989-10-24,69648.45812616538
1989-10-25,69655.60206463494
1989-10-26,69512.71784462957
1989-10-27,69622.26247386273
1989-10-30,69588.92288309052
1989-10-31,69517.47986465212
1989-11-01,69415.07917388853
1989-11-02,69465.08856004683
1989-11-03,69455.56270313029
1989-11-06,69405.55331697199
1989-11-07,69505.57208928859
1989-11-08,69503.19198771303
1989-11-09,69431.74896927463
1989-11-10,69300.77070776139
1989-11-13,69346.01807389712
1989-11-14,69572.25308770442
1989-11-15,69491.28421234948
1989-11-16,69436.51098929718
1989-11-17,69443.65674463817
1989-11-20,69467.47047849382
1989-11-21,69657.9821662105
1989-11-22,69657.9821662105
1989-11-23,69657.9821662105
1989-11-24,69738.95104156544
1989-11-27,69836.58789543505
1989-11-28,69934.22656617609
1989-11-29,69888.97920004034
1989-11-30,69946.13434153963
1989-12-01,69874.69132310123
1989-12-04,69860.40344616213
1989-12-05,69950.89636156219
1989-12-06,70053.2970523258
1989-12-07,69998.5238292735
1989-12-08,69998.5238292735
1989-12-11,70093.78058156755
1989-12-12,70329.53963541996
1989-12-13,70372.40508310871
1989-12-14,70320.01559537483
1989-12-15,70436.70416307755
1989-12-18,70450.99204001666
1989-12-19,70320.01559537483
1989-12-20,70372.40508310871
1989-12-21,70431.94032618355
1989-12-22,70608.16595383255
1989-12-25,70608.16595383255
1989-12-26,70608.16595383255
1989-12-27,70805.82158001876
1989-12-28,70660.55725843785
1989-12-29,70674.84513537695
1990-01-01,70674.84513537695
1990-01-02,93308.05289520833
1990-01-03,93308.05289520833
1990-01-04,69972.87358356034
1990-01-05,69889.6537688646
1990-01-08,70091.39650039352
1990-01-09,70015.74369756253
1990-01-10,70005.65627238914
1990-01-11,70003.1339351009
1990-01-12,69995.56884721576
1990-01-15,69892.17610615285
1990-01-16,69866.95658122958
1990-01-17,69922.4364576934
1990-01-18,69665.21384970067
1990-01-19,69677.82168818268
1990-01-22,92515.86569311524
1990-01-23,92515.86569311524
1990-01-24,92515.86569311524
1990-01-25,92515.86569311524
1990-01-26,92515.86569311524
1990-01-29,92515.86569311524
1990-01-30,92515.86569311524
1990-01-31,92515.86569311524
1990-02-01,92515.86569311524
1990-02-02,92515.86569311524
1990-02-05,69378.80251223677
1990-02-06,69376.27481562554
1990-02-07,69325.7324518066
1990-02-08,69267.606998154
1990-02-09,69267.606998154
1990-02-12,69234.75465447846
1990-02-13,69186.73805920317
1990-02-14,69229.7011893236
1990-02-15,69062.90791819947
1990-02-16,69217.06463433508
1990-02-19,69217.06463433508
1990-02-20,69308.04243166323
1990-02-21,69313.0958968181
1990-02-22,69267.606998154
1990-02-23,69222.11809948993
1990-02-26,69017.41901953539
1990-02-27,69083.12563495408
1990-02-28,91741.79656505516
1990-03-01,91741.79656505516
1990-03-02,91741.79656505516
1990-03-05,91741.79656505516
1990-03-06,91741.79656505516
1990-03-07,91741.79656505516
1990-03-08,91741.79656505516
1990-03-09,91741.79656505516
1990-03-12,91741.79656505516
1990-03-13,91741.79656505516
1990-03-14,91741.79656505516
1990-03-15,91741.79656505516
1990-03-16,91741.79656505516
1990-03-19,91741.79656505516
1990-03-20,91741.79656505516
1990-03-21,91741.79656505516
1990-03-22,91741.79656505516
1990-03-23,91741.79656505516
1990-03-26,91741.79656505516
1990-03-27,91741.79656505516
1990-03-28,91741.79656505516
1990-03-29,91741.79656505516
1990-03-30,91741.79656505516
1990-04-02,91741.79656505516
1990-04-03,91741.79656505516
1990-04-04,91741.79656505516
1990-04-05,91741.79656505516
1990-04-06,91741.79656505516
1990-04-09,91741.79656505516
1990-04-10,91741.79656505516
1990-04-11,91741.79656505516
1990-04-12,91741.79656505516
1990-04-13,91741.79656505516
1990-04-16,91741.79656505516
1990-04-17,91741.79656505516
1990-04-18,91741.79656505516
1990-04-19,91741.79656505516
1990-04-20,91741.79656505516
1990-04-23,91741.79656505516
1990-04-24,91741.79656505516
1990-04-25,91741.79656505516
1990-04-26,91741.79656505516
1990-04-27,91741.79656505516
1990-04-30,91741.79656505516
1990-05-01,91741.79656505516
1990-05-02,91741.79656505516
1990-05-03,91741.79656505516
1990-05-04,91741.79656505516
1990-05-07,91741.79656505516
1990-05-08,91741.79656505516
1990-05-09,68798.31841078933
1990-05-10,68783.21861704352
1990-05-11,68805.86830766224
1990-05-14,68810.90285232164
1990-05-15,68813.42012465134
1990-05-16,68795.80113845963
1990-05-17,68750.50175722218
1990-05-18,68758.05165409509
1990-05-21,68607.04603617216
1990-05-22,68584.39634555344
1990-05-23,68549.16221340241
1990-05-24,91108.87991761552
1990-05-25,91108.87991761552
1990-05-28,91108.87991761552
1990-05-29,91108.87991761552
1990-05-30,91108.87991761552
1990-05-31,91108.87991761552
1990-06-01,91108.87991761552
1990-06-04,91108.87991761552
1990-06-05,91108.87991761552
1990-06-06,91108.87991761552
1990-06-07,91108.87991761552
1990-06-08,91108.87991761552
1990-06-11,91108.87991761552
1990-06-12,91108.87991761552
1990-06-13,91108.87991761552
1990-06-14,91108.87991761552
1990-06-15,91108.87991761552
1990-06-18,91108.87991761552
1990-06-19,91108.87991761552
1990-06-20,91108.87991761552
1990-06-21,91108.87991761552
1990-06-22,91108.87991761552
1990-06-25,91108.87991761552
1990-06-26,91108.87991761552
1990-06-27,91108.87991761552
1990-06-28,91108.87991761552
1990-06-29,91108.87991761552
1990-07-02,68323.68631649451
1990-07-03,68368.95128003677
1990-07-04,68368.95128003677
1990-07-05,68358.89367835448
1990-07-06,68341.2899974245
1990-07-09,68404.16056055404
1990-07-10,68577.68201010465
1990-07-11,68426.79304232518
1990-07-12,68627.97961180269
1990-07-13,68459.4850444359
1990-07-16,68401.6452008048
1990-07-17,68547.50536774314
1990-07-18,68512.29800588317
1990-07-19,68567.62248976504
1990-07-20,68587.74153044425
1990-07-23,68751.20537831256
1990-07-24,68761.26489865218
1990-07-25,68683.30409568455
1990-07-26,68688.33481518301
1990-07-27,68866.88698423207
1990-07-30,68942.33242745047
1990-07-31,69183.75515962909
1990-08-01,69120.88459649953
1990-08-02,69042.9237935319
1990-08-03,69088.19067573149
1990-08-06,69196.32812106061
1990-08-07,69095.73675497918
1990-08-08,69078.1330740492
1990-08-09,69052.98331387152
1990-08-10,69080.6465151411
1990-08-13,69223.9913223302
1990-08-14,69382.42636935737
1990-08-15,69412.60301171886
1990-08-16,69520.740457048
1990-08-17,69586.12637992679
1990-08-20,69430.20669264885
1990-08-21,69435.23741214733
1990-08-22,69485.53309518803
1990-08-23,69704.32334559553
1990-08-24,69563.49197949834
1990-08-27,69664.0852642371
1990-08-28,69628.87790237713
1990-08-29,69586.12637992679
1990-08-30,69498.10797527689
1990-08-31,69337.1594871578
1990-09-03,69337.1594871578
1990-09-04,69281.83308461861
1990-09-05,69545.88829856836
1990-09-06,69611.27422144715
1990-09-07,69465.41405450882
1990-09-10,69289.37724520899
1990-09-11,91731.91404326691
1990-09-12,91731.91404326691
1990-09-13,91731.91404326691
1990-09-14,91731.91404326691
1990-09-17,68790.90738434177
1990-09-18,68693.62253472081
1990-09-19,68493.64697620481
1990-09-20,68434.19695630863
1990-09-21,68404.47091549494
1990-09-24,68628.76459381935
1990-09-25,68507.15956265875
1990-09-26,68550.39818992639
1990-09-27,68563.90871464911
1990-09-28,68488.24317866196
1990-10-01,68642.27718027329
1990-10-02,68731.45530271438
1990-10-03,68836.84687951523
1990-10-04,68993.5838107636
1990-10-05,68953.04811313299
1990-10-08,69136.80815555801
1990-10-09,69242.19973235886
1990-10-10,69220.58041872503
1990-10-11,69355.69803633957
1990-10-12,69255.71025708158
1990-10-15,69231.39007554195
1990-10-16,69409.74632042414
1990-10-17,69417.853047604
1990-10-18,69579.99377639522
1990-10-19,69488.11272431709
1990-10-22,69309.75854116613
1990-10-23,69280.03250035243
1990-10-24,69439.4702995066
1990-10-25,69288.1392275323
1990-10-26,69331.37785479994
1990-10-29,69234.09300517898
1990-10-30,69320.56819798304
1990-10-31,69223.28334836206
1990-11-01,69347.5913091597
1990-11-02,69498.922381134
1990-11-05,69647.55258520249
1990-11-06,69539.45807876461
1990-11-07,69558.37446276139
1990-11-08,69531.35135158473
1990-11-09,69536.75514912757
1990-11-12,69647.55258520249
1990-11-13,69609.71981720891
1990-11-14,69669.1718988363
1990-11-15,69612.42274684594
1990-11-16,69679.98155565321
1990-11-19,69688.0882828331
1990-11-20,69671.8727667421
1990-11-21,69701.59880755581
1990-11-22,69701.59880755581
1990-11-23,69604.31395793485
1990-11-26,69542.16100840164
1990-11-27,69647.55258520249
1990-11-28,69507.02910831387
1990-11-29,91875.19838729764
1990-11-30,91875.19838729764
1990-12-03,91875.19838729764
1990-12-04,91875.19838729764
1990-12-05,91875.19838729764
1990-12-06,91875.19838729764
1990-12-07,91875.19838729764
1990-12-10,91875.19838729764
1990-12-11,91875.19838729764
1990-12-12,91875.19838729764
1990-12-13,91875.19838729764
1990-12-14,91875.19838729764
1990-12-17,91875.19838729764
1990-12-18,91875.19838729764
1990-12-19,91875.19838729764
1990-12-20,91875.19838729764
1990-12-21,91875.19838729764
1990-12-24,91875.19838729764
1990-12-25,91875.19838729764
1990-12-26,91875.19838729764
1990-12-27,91875.19838729764
1990-12-28,91875.19838729764
1990-12-31,91875.19838729764
1991-01-01,91875.19838729764
1991-01-02,91875.19838729764
1991-01-03,91875.19838729764
1991-01-04,91875.19838729764
1991-01-07,91875.19838729764
1991-01-08,91875.19838729764
1991-01-09,91875.19838729764
1991-01-10,91875.19838729764
1991-01-11,91875.19838729764
1991-01-14,91875.19838729764
1991-01-15,91875.19838729764
1991-01-16,91875.19838729764
1991-01-17,91875.19838729764
1991-01-18,91875.19838729764
1991-01-21,91875.19838729764
1991-01-22,91875.19838729764
1991-01-23,91875.19838729764
1991-01-24,91875.19838729764
1991-01-25,91875.19838729764
1991-01-28,91875.19838729764
1991-01-29,91875.19838729764
1991-01-30,91875.19838729764
1991-01-31,91875.19838729764
1991-02-01,91875.19838729764
1991-02-04,91875.19838729764
1991-02-05,68898.35810247675
1991-02-06,69042.95245436578
1991-02-07,68938.05033035779
1991-02-08,68952.2270530571
1991-02-11,69051.45762275968
1991-02-12,68938.05033035779
1991-02-13,68841.6533747437
1991-02-14,68799.12753277416
1991-02-15,68646.02801249121
1991-02-18,68646.02801249121
1991-02-19,91134.52526672858
1991-02-20,91134.52526672858
1991-02-21,91134.52526672858
1991-02-22,91134.52526672858
1991-02-25,91134.52526672858
1991-02-26,91134.52526672858
1991-02-27,91134.52526672858
1991-02-28,91134.52526672858
1991-03-01,91134.52526672858
1991-03-04,91134.52526672858
1991-03-05,91134.52526672858
1991-03-06,91134.52526672858
1991-03-07,91134.52526672858
1991-03-08,113910.18390698517
1991-03-11,114065.89871751911
1991-03-12,113883.79214639566
1991-03-13,113920.74101393342
1991-03-14,114018.3927430331
1991-03-15,114329.8203505387
1991-03-18,114596.38176368595
1991-03-19,114789.04342819538
1991-03-20,114728.34258019575
1991-03-21,114585.82465673769
1991-03-22,114744.17723383699
1991-03-25,115169.09122408353
1991-03-26,115158.53411713528
1991-03-27,115377.5895557965
1991-03-28,115417.17618989962
1991-03-29,115417.17618989962
1991-04-01,115097.83125557337
1991-04-02,114976.42754601184
1991-04-03,115005.45908672897
1991-04-04,114862.94116327091
1991-04-05,115050.32528108735
1991-04-08,115134.78012311114
1991-04-09,91693.91544346779
1991-04-10,91693.91544346779
1991-04-11,91693.91544346779
1991-04-12,91693.91544346779
1991-04-15,91693.91544346779
1991-04-16,91693.91544346779
1991-04-17,91693.91544346779
1991-04-18,91693.91544346779
1991-04-19,114609.3726910561
1991-04-22,114881.30398075016
1991-04-23,114663.75932620835
1991-04-24,114718.14596136063
1991-04-25,114745.33927893675
1991-04-26,114794.78064576577
1991-04-29,114757.69867761039
1991-04-30,114320.13673436514
1991-05-01,114411.60533767278
1991-05-02,114500.59942075156
1991-05-03,114789.83726350976
1991-05-06,114604.42930880008
1991-05-07,114451.15805392255
1991-05-08,114582.17937347996
1991-05-09,114559.93132422707
1991-05-10,114527.7927383277
1991-05-13,114436.3260210873
1991-05-14,91021.01532897755
1991-05-15,91021.01532897755
1991-05-16,91021.01532897755
1991-05-17,91021.01532897755
1991-05-20,91021.01532897755
1991-05-21,91021.01532897755
1991-05-22,91021.01532897755
1991-05-23,91021.01532897755
1991-05-24,91021.01532897755
1991-05-27,91021.01532897755
1991-05-28,91021.01532897755
1991-05-29,91021.01532897755
1991-05-30,91021.01532897755
1991-05-31,91021.01532897755
1991-06-03,91021.01532897755
1991-06-04,91021.01532897755
1991-06-05,91021.01532897755
1991-06-06,91021.01532897755
1991-06-07,113768.30641492992
1991-06-10,113768.30641492992
1991-06-11,113840.48577949536
1991-06-12,114008.90184935142
1991-06-13,114093.11171987694
1991-06-14,114064.23960693125
1991-06-17,114061.83313861974
1991-06-18,114290.39990267866
1991-06-19,114006.49721663739
1991-06-20,113968.00106604316
1991-06-21,114069.05070795679
1991-06-24,113886.19949942664
1991-06-25,114006.49721663739
1991-06-26,113946.34835803202
1991-06-27,113996.87317898884
1991-06-28,114129.19956656217
1991-07-01,114309.6461423783
1991-07-02,114391.4495445923
1991-07-03,114372.20146929518
1991-07-04,114372.20146929518
1991-07-05,114285.58696605565
1991-07-08,114121.98199722511
1991-07-09,114230.25104407329
1991-07-10,114198.9724628161
1991-07-11,114398.66711392935
1991-07-12,90808.94802429064
1991-07-15,90808.94802429064
1991-07-16,90808.94802429064
1991-07-17,90808.94802429064
1991-07-18,90808.94802429064
1991-07-19,90808.94802429064
1991-07-22,90808.94802429064
1991-07-23,90808.94802429064
1991-07-24,90808.94802429064
1991-07-25,90808.94802429064
1991-07-26,90808.94802429064
1991-07-29,90808.94802429064
1991-07-30,90808.94802429064
1991-07-31,90808.94802429064
1991-08-01,90808.94802429064
1991-08-02,90808.94802429064
1991-08-05,90808.94802429064
1991-08-06,90808.94802429064
1991-08-07,90808.94802429064
1991-08-08,90808.94802429064
1991-08-09,90808.94802429064
1991-08-12,90808.94802429064
1991-08-13,90808.94802429064
1991-08-14,90808.94802429064
1991-08-15,90808.94802429064
1991-08-16,90808.94802429064
1991-08-19,90808.94802429064
1991-08-20,90808.94802429064
1991-08-21,90808.94802429064
1991-08-22,90808.94802429064
1991-08-23,90808.94802429064
1991-08-26,90808.94802429064
1991-08-27,90808.94802429064
1991-08-28,90808.94802429064
1991-08-29,90808.94802429064
1991-08-30,90808.94802429064
1991-09-02,90808.94802429064
1991-09-03,90808.94802429064
1991-09-04,90808.94802429064
1991-09-05,90808.94802429064
1991-09-06,90808.94802429064
1991-09-09,90808.94802429064
1991-09-10,90808.94802429064
1991-09-11,90808.94802429064
1991-09-12,90808.94802429064
1991-09-13,90808.94802429064
1991-09-16,90808.94802429064
1991-09-17,90808.94802429064
1991-09-18,90808.94802429064
1991-09-19,90808.94802429064
1991-09-20,90808.94802429064
1991-09-23,90808.94802429064
1991-09-24,90808.94802429064
1991-09-25,90808.94802429064
1991-09-26,90808.94802429064
1991-09-27,90808.94802429064
1991-09-30,90808.94802429064
1991-10-01,90808.94802429064
1991-10-02,90808.94802429064
1991-10-03,68098.76364579138
1991-10-04,67961.79222528396
1991-10-07,67946.57188842853
1991-10-08,90128.50336244752
1991-10-09,90128.50336244752
1991-10-10,90128.50336244752
1991-10-11,90128.50336244752
1991-10-14,90128.50336244752
1991-10-15,90128.50336244752
1991-10-16,90128.50336244752
1991-10-17,90128.50336244752
1991-10-18,90128.50336244752
1991-10-21,90128.50336244752
1991-10-22,90128.50336244752
1991-10-23,90128.50336244752
1991-10-24,90128.50336244752
1991-10-25,90128.50336244752
1991-10-28,90128.50336244752
1991-10-29,90128.50336244752
1991-10-30,90128.50336244752
1991-10-31,90128.50336244752
1991-11-01,67588.4897002271
1991-11-04,67654.54833639007
1991-11-05,67629.14101952323
1991-11-06,67618.9777050857
1991-11-07,67585.9483870042
1991-11-08,67535.13181481652
1991-11-11,67603.73370265639
1991-11-12,67588.4897002271
1991-11-13,67629.14101952323
1991-11-14,67700.28228213199
1991-11-15,67801.91348805334
1991-11-18,67906.0860071976
1991-11-19,68053.44922040685
1991-11-20,67964.52264214592
1991-11-21,67992.47127223565
1991-11-22,68114.42910703209
1991-11-25,68109.3464805863
1991-11-26,67867.97406267034
1991-11-27,67806.99611449912
1991-11-28,67801.91348805334
1991-11-29,67718.06759778416
1991-12-02,67832.40343136596
1991-12-03,67890.84006631428
1991-12-04,67992.47127223565
1991-12-05,68114.42910703209
1991-12-06,68338.01620929588
1991-12-09,68271.95563467889
1991-12-10,68210.97768650767
1991-12-11,68208.43637328479
1991-12-12,68152.53911310533
1991-12-13,68116.96848180096
1991-12-16,68249.08963103493
1991-12-17,68269.41625991002
1991-12-18,68325.31158163544
1991-12-19,68406.61615868173
1991-12-20,68665.77583070392
1991-12-23,68853.79230166333
1991-12-24,68813.1409823672
1991-12-25,68813.1409823672
1991-12-26,68957.9648208076
1991-12-27,68879.19961853017
1991-12-30,68848.71161367158
1991-12-31,68904.60887385103
1992-01-01,68904.60887385103
1992-01-02,68825.8436715736
1992-01-03,68675.93914514146
1992-01-06,68993.53545211196
1992-01-07,69077.38134238114
1992-01-08,69057.05471350606
1992-01-09,90690.97142680101
1992-01-10,90690.97142680101
1992-01-13,90690.97142680101
1992-01-14,90690.97142680101
1992-01-15,90690.97142680101
1992-01-16,90690.97142680101
1992-01-17,90690.97142680101
1992-01-20,90690.97142680101
1992-01-21,90690.97142680101
1992-01-22,90690.97142680101
1992-01-23,90690.97142680101
1992-01-24,90690.97142680101
1992-01-27,90690.97142680101
1992-01-28,90690.97142680101
1992-01-29,90690.97142680101
1992-01-30,90690.97142680101
1992-01-31,90690.97142680101
1992-02-03,90690.97142680101
1992-02-04,90690.97142680101
1992-02-05,90690.97142680101
1992-02-06,90690.97142680101
1992-02-07,90690.97142680101
1992-02-10,90690.97142680101
1992-02-11,90690.97142680101
1992-02-12,90690.97142680101
1992-02-13,90690.97142680101
1992-02-14,90690.97142680101
1992-02-17,90690.97142680101
1992-02-18,90690.97142680101
1992-02-19,90690.97142680101
1992-02-20,90690.97142680101
1992-02-21,90690.97142680101
1992-02-24,90690.97142680101
1992-02-25,90690.97142680101
1992-02-26,90690.97142680101
1992-02-27,90690.97142680101
1992-02-28,90690.97142680101
1992-03-02,90690.97142680101
1992-03-03,90690.97142680101
1992-03-04,113355.78041027607
1992-03-05,113400.86144530158
1992-03-06,113348.26722290184
1992-03-09,90313.52021926008
1992-03-10,90313.52021926008
1992-03-11,90313.52021926008
1992-03-12,90313.52021926008
1992-03-13,90313.52021926008
1992-03-16,90313.52021926008
1992-03-17,90313.52021926008
1992-03-18,90313.52021926008
1992-03-19,90313.52021926008
1992-03-20,90313.52021926008
1992-03-23,90313.52021926008
1992-03-24,90313.52021926008
1992-03-25,90313.52021926008
1992-03-26,90313.52021926008
1992-03-27,90313.52021926008
1992-03-30,90313.52021926008
1992-03-31,90313.52021926008
1992-04-01,90313.52021926008
1992-04-02,90313.52021926008
1992-04-03,90313.52021926008
1992-04-06,90313.52021926008
1992-04-07,90313.52021926008
1992-04-08,90313.52021926008
1992-04-09,90313.52021926008
1992-04-10,90313.52021926008
1992-04-13,90313.52021926008
1992-04-14,90313.52021926008
1992-04-15,90313.52021926008
1992-04-16,90313.52021926008
1992-04-17,90313.52021926008
1992-04-20,90313.52021926008
1992-04-21,90313.52021926008
1992-04-22,90313.52021926008
1992-04-23,90313.52021926008
1992-04-24,90313.52021926008
1992-04-27,90313.52021926008
1992-04-28,90313.52021926008
1992-04-29,90313.52021926008
1992-04-30,90313.52021926008
1992-05-01,90313.52021926008
1992-05-04,90313.52021926008
1992-05-05,90313.52021926008
1992-05-06,90313.52021926008
1992-05-07,90313.52021926008
1992-05-08,90313.52021926008
1992-05-11,90313.52021926008
1992-05-12,90313.52021926008
1992-05-13,67727.23615062312
1992-05-14,67639.58461429726
1992-05-15,67719.50259647
1992-05-18,67905.11379661826
1992-05-19,67946.3620412009
1992-05-20,67812.30917995641
1992-05-21,67634.42956713671
1992-05-22,67649.89667544293
1992-05-25,67649.89667544293
1992-05-26,67714.34558248491
1992-05-27,89687.62090498464
1992-05-28,89687.62090498464
1992-05-29,89687.62090498464
1992-06-01,89687.62090498464
1992-06-02,89687.62090498464
1992-06-03,89687.62090498464
1992-06-04,89687.62090498464
1992-06-05,89687.62090498464
1992-06-08,89687.62090498464
1992-06-09,89687.62090498464
1992-06-10,89687.62090498464
1992-06-11,67257.86644206196
1992-06-12,67268.29634707146
1992-06-15,67333.4817614051
1992-06-16,67406.48910717061
1992-06-17,67273.51229422669
1992-06-18,67362.16350285597
1992-06-19,67283.94020993522
1992-06-22,67369.98543428784
1992-06-23,67372.59340786547
1992-06-24,67547.28984084737
1992-06-25,67708.95038454312
1992-06-26,67748.0620310035
1992-06-29,67881.0388439474
1992-06-30,67854.96507607415
1992-07-01,67875.82488609315
1992-07-02,68016.62561976991
1992-07-03,68016.62561976991
1992-07-06,68008.80368833803
1992-07-07,68264.32939851732
1992-07-08,68220.00379420268
1992-07-09,67959.26213686816
1992-07-10,68141.78050128193
1992-07-13,68345.16066501569
1992-07-14,68256.50746708544
1992-07-15,68285.18920853632
1992-07-16,68368.62645931132
1992-07-17,68553.75279730272
1992-07-20,68162.64031130093
1992-07-21,68196.53601060607
1992-07-22,68188.71407917418
1992-07-23,68214.78983634841
1992-07-24,67995.76580975091
1992-07-27,68243.46958849832
1992-07-28,68347.76664929233
1992-07-29,68246.07756207594
1992-07-30,68308.65500283195
1992-07-31,68326.90683927333
1992-08-03,68329.51481285095
1992-08-04,68295.6191135458
1992-08-05,68225.21775205694
1992-08-06,68264.32939851732
1992-08-07,68394.70022718458
1992-08-10,68405.13013219408
1992-08-11,68368.62645931132
1992-08-12,68405.13013219408
1992-08-13,68485.95940939148
1992-08-14,68392.09225360697
1992-08-17,68412.95206362595
1992-08-18,68478.1374779596
1992-08-19,68514.64115084235
1992-08-20,68585.04251233122
1992-08-21,68783.20473960876
1992-08-24,69101.30987984504
1992-08-25,69119.56171628641
1992-08-26,69030.91050765714
1992-08-27,69004.83673978389
1992-08-28,69041.34041266664
1992-08-31,69116.95573200977
1992-09-01,69260.36244996317
1992-09-02,69239.50263994417
1992-09-03,68981.36895618727
1992-09-04,69132.59959487352
1992-09-07,69132.59959487352
1992-09-08,69218.64481922616
1992-09-09,68965.7250933235
1992-09-10,68892.717747558
1992-09-11,90679.27427924998
1992-09-14,90679.27427924998
1992-09-15,90679.27427924998
1992-09-16,90679.27427924998
1992-09-17,90679.27427924998
1992-09-18,90679.27427924998
1992-09-21,90679.27427924998
1992-09-22,90679.27427924998
1992-09-23,90679.27427924998
1992-09-24,90679.27427924998
1992-09-25,90679.27427924998
1992-09-28,90679.27427924998
1992-09-29,90679.27427924998
1992-09-30,90679.27427924998
1992-10-01,90679.27427924998
1992-10-02,90679.27427924998
1992-10-05,90679.27427924998
1992-10-06,90679.27427924998
1992-10-07,90679.27427924998
1992-10-08,90679.27427924998
1992-10-09,90679.27427924998
1992-10-12,90679.27427924998
1992-10-13,90679.27427924998
1992-10-14,90679.27427924998
1992-10-15,90679.27427924998
1992-10-16,90679.27427924998
1992-10-19,90679.27427924998
1992-10-20,110491.27200302787
1992-10-21,110530.23231586794
1992-10-22,110369.80646975557
1992-10-23,110569.19437721859
1992-10-26,110672.3250285036
1992-10-27,110617.32213105231
1992-10-28,110766.28998730556
1992-10-29,110690.65991049091
1992-10-30,110759.41309517738
1992-11-02,111036.72162832055
1992-11-03,110970.26074101012
1992-11-04,110993.17846923895
1992-11-05,111121.51914612885
1992-11-06,111284.23728961729
1992-11-09,111346.11707919676
1992-11-10,111259.0272640124
1992-11-11,111215.4841049308
1992-11-12,111174.23149471468
1992-11-13,111066.51624867755
1992-11-16,111309.44731522218
1992-11-17,111304.86446898064
1992-11-18,111270.48700238211
1992-11-19,111194.85692556745
1992-11-20,111559.25527389497
1992-11-23,111501.96007906762
1992-11-24,111458.41517147543
1992-11-25,111396.53713040653
1992-11-26,111474.45775608666
1992-11-27,111556.9629765189
1992-11-30,111495.08318693943
1992-12-01,111334.65734082705
1992-12-02,111309.44731522218
1992-12-03,111336.9496382031
1992-12-04,111437.78799211208
1992-12-07,90983.14260005724
1992-12-08,90983.14260005724
1992-12-09,90983.14260005724
1992-12-10,90983.14260005724
1992-12-11,90983.14260005724
1992-12-14,90983.14260005724
1992-12-15,90983.14260005724
1992-12-16,90983.14260005724
1992-12-17,90983.14260005724
1992-12-18,90983.14260005724
1992-12-21,90983.14260005724
1992-12-22,90983.14260005724
1992-12-23,90983.14260005724
1992-12-24,90983.14260005724
1992-12-25,90983.14260005724
1992-12-28,113720.96881698066
1992-12-29,113718.50070776287
1992-12-30,113723.43504358272
1992-12-31,113770.319705642
1993-01-01,113770.319705642
1993-01-04,114041.75335851085
1993-01-05,113836.94359359638
1993-01-06,113945.51780779022
1993-01-07,113975.12947055647
1993-01-08,114039.28524929307
1993-01-11,113851.75036628736
1993-01-12,113901.10125494872
1993-01-13,113834.47736699434
1993-01-14,113844.34792124975
1993-01-15,113938.1153627526
1993-01-18,113696.29149003426
1993-01-19,113681.486599959
1993-01-20,90512.36645610839
1993-01-21,90512.36645610839
1993-01-22,90512.36645610839
1993-01-25,90512.36645610839
1993-01-26,90512.36645610839
1993-01-27,90512.36645610839
1993-01-28,90512.36645610839
1993-01-29,90512.36645610839
1993-02-01,90512.36645610839
1993-02-02,113132.53982172026
1993-02-03,113209.6217493734
1993-02-04,113279.4775334619
1993-02-05,113248.16363208904
1993-02-08,113236.11883429586
1993-02-09,113159.03690664272
1993-02-10,113267.43457344685
1993-02-11,113228.89269073121
1993-02-12,113212.03107648766
1993-02-15,113243.34497786051
1993-02-16,112932.60794013368
1993-02-17,112894.06789519616
1993-02-18,112959.10502505615
1993-02-19,112995.23758065753
1993-02-22,112826.62143822192
1993-02-23,112889.25107874577
1993-02-24,113009.69170556494
1993-02-25,113036.1869527093
1993-02-26,113163.85556087123
1993-03-01,113195.1694622441
1993-03-02,112968.74049573505
1993-03-03,113007.28237845069
1993-03-04,112963.92367928466
1993-03-05,113224.07587428082
1993-03-08,113156.62757952846
1993-03-09,113243.34497786051
1993-03-10,113221.66654716656
1993-03-11,113238.52816141013
1993-03-12,113272.25138989725
1993-03-15,113274.6607170115
1993-03-16,113224.07587428082
1993-03-17,113204.80493292301
1993-03-18,112954.28820860575
1993-03-19,112884.43242451726
1993-03-22,112891.65856808191
1993-03-23,112845.89237957975
1993-03-24,112980.78529352823
1993-03-25,113036.1869527093
1993-03-26,112894.06789519616
1993-03-29,112857.93533959478
1993-03-30,89836.62016716182
1993-03-31,89836.62016716182
1993-04-01,89836.62016716182
1993-04-02,89836.62016716182
1993-04-05,89836.62016716182
1993-04-06,89836.62016716182
1993-04-07,89836.62016716182
1993-04-08,89836.62016716182
1993-04-09,89836.62016716182
1993-04-12,89836.62016716182
1993-04-13,89836.62016716182
1993-04-14,89836.62016716182
1993-04-15,89836.62016716182
1993-04-16,89836.62016716182
1993-04-19,89836.62016716182
1993-04-20,89836.62016716182
1993-04-21,89836.62016716182
1993-04-22,89836.62016716182
1993-04-23,89836.62016716182
1993-04-26,89836.62016716182
1993-04-27,89836.62016716182
1993-04-28,89836.62016716182
1993-04-29,89836.62016716182
1993-04-30,89836.62016716182
1993-05-03,89836.62016716182
1993-05-04,89836.62016716182
1993-05-05,89836.62016716182
1993-05-06,89836.62016716182
1993-05-07,89836.62016716182
1993-05-10,89836.62016716182
1993-05-11,89836.62016716182
1993-05-12,89836.62016716182
1993-05-13,89836.62016716182
1993-05-14,89836.62016716182
1993-05-17,89836.62016716182
1993-05-18,89836.62016716182
1993-05-19,89836.62016716182
1993-05-20,89836.62016716182
1993-05-21,89836.62016716182
1993-05-24,89836.62016716182
1993-05-25,89836.62016716182
1993-05-26,89836.62016716182
1993-05-27,89836.62016716182
1993-05-28,89836.62016716182
1993-05-31,89836.62016716182
1993-06-01,89836.62016716182
1993-06-02,89836.62016716182
1993-06-03,89836.62016716182
1993-06-04,89836.62016716182
1993-06-07,89836.62016716182
1993-06-08,89836.62016716182
1993-06-09,89836.62016716182
1993-06-10,89836.62016716182
1993-06-11,89836.62016716182
1993-06-14,89836.62016716182
1993-06-15,89836.62016716182
1993-06-16,89836.62016716182
1993-06-17,89836.62016716182
1993-06-18,112287.91607651413
1993-06-21,112391.81699535377
1993-06-22,112488.469312982
1993-06-23,112420.81324368913
1993-06-24,112565.79079838663
1993-06-25,112437.72726101233
1993-06-28,112403.8992263659
1993-06-29,112266.1684293902
1993-06-30,112457.05624974628
1993-07-01,112350.7403594959
1993-07-02,112420.81324368913
1993-07-05,112420.81324368913
1993-07-06,112505.3833303052
1993-07-07,112546.45996616306
1993-07-08,112546.45996616306
1993-07-09,112783.2580521777
1993-07-12,112850.91412147056
1993-07-13,112691.43752086058
1993-07-14,112662.44311601485
1993-07-15,112754.26180384235
1993-07-16,112691.43752086058
1993-07-19,112599.61883303306
1993-07-20,112551.29175247415
1993-07-21,112539.21136495163
1993-07-22,112544.04315126271
1993-07-23,112684.18891964914
1993-07-26,112730.09918530771
1993-07-27,112759.09359015342
1993-07-28,112652.77769990306
1993-07-29,112916.15337586307
1993-07-30,112877.49355490557
1993-08-02,112698.686122072
1993-08-03,112643.11228379127
1993-08-04,112638.27865399056
1993-08-05,112672.106688637
1993-08-06,112580.2880008095
1993-08-09,112638.27865399056
1993-08-10,112838.83189045843
1993-08-11,112843.66552025914
1993-08-12,112853.3290928813
1993-08-13,112819.50105823486
1993-08-16,112531.9627637402
1993-08-17,112541.62817985198
1993-08-18,89622.9712689511
1993-08-19,89622.9712689511
1993-08-20,89622.9712689511
1993-08-23,89622.9712689511
1993-08-24,89622.9712689511
1993-08-25,89622.9712689511
1993-08-26,89622.9712689511
1993-08-27,89622.9712689511
1993-08-30,89622.9712689511
1993-08-31,89622.9712689511
1993-09-01,89622.9712689511
1993-09-02,89622.9712689511
1993-09-03,89622.9712689511
1993-09-06,89622.9712689511
1993-09-07,67209.38487301156
1993-09-08,67121.07823362219
1993-09-09,67285.42597358522
1993-09-10,67346.74992474682
1993-09-13,67253.53819270624
1993-09-14,67246.17961800021
1993-09-15,67359.01546356254
1993-09-16,67312.40866181301
1993-09-17,67199.57281625069
1993-09-20,67199.57281625069
1993-09-21,88969.84383472652
1993-09-22,88969.84383472652
1993-09-23,88969.84383472652
1993-09-24,88969.84383472652
1993-09-27,88969.84383472652
1993-09-28,88969.84383472652
1993-09-29,88969.84383472652
1993-09-30,88969.84383472652
1993-10-01,88969.84383472652
1993-10-04,88969.84383472652
1993-10-05,88969.84383472652
1993-10-06,88969.84383472652
1993-10-07,88969.84383472652
1993-10-08,88969.84383472652
1993-10-11,88969.84383472652
1993-10-12,88969.84383472652
1993-10-13,88969.84383472652
1993-10-14,88969.84383472652
1993-10-15,88969.84383472652
1993-10-18,88969.84383472652
1993-10-19,88969.84383472652
1993-10-20,88969.84383472652
1993-10-21,88969.84383472652
1993-10-22,88969.84383472652
1993-10-25,88969.84383472652
1993-10-26,88969.84383472652
1993-10-27,88969.84383472652
1993-10-28,88969.84383472652
1993-10-29,88969.84383472652
1993-11-01,88969.84383472652
1993-11-02,88969.84383472652
1993-11-03,88969.84383472652
1993-11-04,88969.84383472652
1993-11-05,88969.84383472652
1993-11-08,88969.84383472652
1993-11-09,88969.84383472652
1993-11-10,88969.84383472652
1993-11-11,88969.84383472652
1993-11-12,88969.84383472652
1993-11-15,88969.84383472652
1993-11-16,88969.84383472652
1993-11-17,88969.84383472652
1993-11-18,111204.52148873355
1993-11-19,111281.21095760903
1993-11-22,111225.43631486942
1993-11-23,111202.19702814825
1993-11-24,111183.60488955374
1993-11-25,111183.60488955374
1993-11-26,111281.21095760903
1993-11-29,111264.94327959981
1993-11-30,111325.36684351
1993-12-01,111385.7904074202
1993-12-02,111378.81879870822
1993-12-03,111295.15594807686
1993-12-06,88480.23430189368
1993-12-07,88480.23430189368
1993-12-08,88480.23430189368
1993-12-09,88480.23430189368
1993-12-10,88480.23430189368
1993-12-13,88480.23430189368
1993-12-14,88480.23430189368
1993-12-15,88480.23430189368
1993-12-16,88480.23430189368
1993-12-17,88480.23430189368
1993-12-20,88480.23430189368
1993-12-21,88480.23430189368
1993-12-22,88480.23430189368
1993-12-23,88480.23430189368
1993-12-24,88480.23430189368
1993-12-27,88480.23430189368
1993-12-28,88480.23430189368
1993-12-29,88480.23430189368
1993-12-30,110592.55240496017
1993-12-31,110624.57076651315
1994-01-03,110654.3033485765
1994-01-04,110558.24826391756
1994-01-05,110565.10909212608
1994-01-06,110619.99746266408
1994-01-07,110450.75730233119
1994-01-10,110530.80320621365
1994-01-11,110590.26662547054
1994-01-12,110485.06318824363
1994-01-13,110608.56158573665
1994-01-14,110587.9791011111
1994-01-17,110622.28498702352
1994-01-18,110519.36732928622
1994-01-19,110539.95155878161
1994-01-20,110473.6273113162
1994-01-21,110594.83992931961
1994-01-24,110555.96073955811
1994-01-25,110546.81238699015
1994-01-26,110466.76648310768
1994-01-27,87869.97375459102
1994-01-28,87869.97375459102
1994-01-31,87869.97375459102
1994-02-01,87869.97375459102
1994-02-02,87869.97375459102
1994-02-03,87869.97375459102
1994-02-04,87869.97375459102
1994-02-07,87869.97375459102
1994-02-08,87869.97375459102
1994-02-09,87869.97375459102
1994-02-10,87869.97375459102
1994-02-11,87869.97375459102
1994-02-14,87869.97375459102
1994-02-15,87869.97375459102
1994-02-16,87869.97375459102
1994-02-17,87869.97375459102
1994-02-18,87869.97375459102
1994-02-21,87869.97375459102
1994-02-22,87869.97375459102
1994-02-23,87869.97375459102
1994-02-24,87869.97375459102
1994-02-25,87869.97375459102
1994-02-28,87869.97375459102
1994-03-01,87869.97375459102
1994-03-02,87869.97375459102
1994-03-03,87869.97375459102
1994-03-04,87869.97375459102
1994-03-07,87869.97375459102
1994-03-08,87869.97375459102
1994-03-09,87869.97375459102
1994-03-10,65894.7901552076
1994-03-11,65847.89571293359
1994-03-14,65772.86639413527
1994-03-15,87346.58161637028
1994-03-16,87346.58161637028
1994-03-17,87346.58161637028
1994-03-18,87346.58161637028
1994-03-21,87346.58161637028
1994-03-22,87346.58161637028
1994-03-23,87346.58161637028
1994-03-24,87346.58161637028
1994-03-25,87346.58161637028
1994-03-28,87346.58161637028
1994-03-29,87346.58161637028
1994-03-30,87346.58161637028
1994-03-31,65502.291857515316
1994-04-01,65208.91911170875
1994-04-04,65206.57162837286
1994-04-05,86505.75521608922
1994-04-06,86505.75521608922
1994-04-07,86505.75521608922
1994-04-08,86505.75521608922
1994-04-11,86505.75521608922
1994-04-12,86505.75521608922
1994-04-13,86505.75521608922
1994-04-14,86505.75521608922
1994-04-15,86505.75521608922
1994-04-18,86505.75521608922
1994-04-19,86505.75521608922
1994-04-20,86505.75521608922
1994-04-21,86505.75521608922
1994-04-22,86505.75521608922
1994-04-25,86505.75521608922
1994-04-26,86505.75521608922
1994-04-27,86505.75521608922
1994-04-28,64871.74564433196
1994-04-29,64946.624895762594
1994-05-02,64960.665982773586
1994-05-03,65056.60418682745
1994-05-04,64874.08612304415
1994-05-05,64743.04787935608
1994-05-06,64808.56700120012
1994-05-09,64864.72599345755
1994-05-10,85946.77578420482
1994-05-11,85946.77578420482
1994-05-12,85946.77578420482
1994-05-13,85946.77578420482
1994-05-16,85946.77578420482
1994-05-17,85946.77578420482
1994-05-18,85946.77578420482
1994-05-19,85946.77578420482
1994-05-20,85946.77578420482
1994-05-23,85946.77578420482
1994-05-24,85946.77578420482
1994-05-25,85946.77578420482
1994-05-26,85946.77578420482
1994-05-27,85946.77578420482
1994-05-30,85946.77578420482
1994-05-31,85946.77578420482
1994-06-01,85946.77578420482
1994-06-02,85946.77578420482
1994-06-03,85946.77578420482
1994-06-06,85946.77578420482
1994-06-07,85946.77578420482
1994-06-08,85946.77578420482
1994-06-09,85946.77578420482
1994-06-10,85946.77578420482
1994-06-13,85946.77578420482
1994-06-14,85946.77578420482
1994-06-15,85946.77578420482
1994-06-16,85946.77578420482
1994-06-17,64452.55999090304
1994-06-20,64575.407166725774
1994-06-21,64717.152382961984
1994-06-22,64561.23138343041
1994-06-23,64596.66813808651
1994-06-24,64776.21303992609
1994-06-27,64776.21303992609
1994-06-28,64828.18670643661
1994-06-29,64806.92393268767
1994-06-30,64771.48717803156
1994-07-01,64700.615471107565
1994-07-04,64679.35269735861
1994-07-05,64783.300030379665
1994-07-06,64837.636627837455
1994-07-07,64839.99775639651
1994-07-08,64948.66914892387
1994-07-11,65317.20887400386
1994-07-12,65340.83277631186
1994-07-13,65239.24837423807
1994-07-14,65047.89242243861
1994-07-15,65076.24038425292
1994-07-18,65123.48999125713
1994-07-19,64913.234196655976
1994-07-20,64925.045246615875
1994-07-21,85899.83226835594
1994-07-22,85899.83226835594
1994-07-25,85899.83226835594
1994-07-26,85899.83226835594
1994-07-27,85899.83226835594
1994-07-28,85899.83226835594
1994-07-29,85899.83226835594
1994-08-01,85899.83226835594
1994-08-02,85899.83226835594
1994-08-03,85899.83226835594
1994-08-04,85899.83226835594
1994-08-05,85899.83226835594
1994-08-08,85899.83226835594
1994-08-09,85899.83226835594
1994-08-10,85899.83226835594
1994-08-11,85899.83226835594
1994-08-12,85899.83226835594
1994-08-15,85899.83226835594
1994-08-16,85899.83226835594
1994-08-17,85899.83226835594
1994-08-18,85899.83226835594
1994-08-19,85899.83226835594
1994-08-22,85899.83226835594
1994-08-23,85899.83226835594
1994-08-24,85899.83226835594
1994-08-25,85899.83226835594
1994-08-26,85899.83226835594
1994-08-29,85899.83226835594
1994-08-30,85899.83226835594
1994-08-31,85899.83226835594
1994-09-01,85899.83226835594
1994-09-02,85899.83226835594
1994-09-05,85899.83226835594
1994-09-06,85899.83226835594
1994-09-07,85899.83226835594
1994-09-08,85899.83226835594
1994-09-09,85899.83226835594
1994-09-12,85899.83226835594
1994-09-13,85899.83226835594
1994-09-14,85899.83226835594
1994-09-15,85899.83226835594
1994-09-16,85899.83226835594
1994-09-19,85899.83226835594
1994-09-20,85899.83226835594
1994-09-21,85899.83226835594
1994-09-22,85899.83226835594
1994-09-23,85899.83226835594
1994-09-26,85899.83226835594
1994-09-27,85899.83226835594
1994-09-28,85899.83226835594
1994-09-29,85899.83226835594
1994-09-30,85899.83226835594
1994-10-03,85899.83226835594
1994-10-04,85899.83226835594
1994-10-05,85899.83226835594
1994-10-06,85899.83226835594
1994-10-07,85899.83226835594
1994-10-10,85899.83226835594
1994-10-11,85899.83226835594
1994-10-12,85899.83226835594
1994-10-13,85899.83226835594
1994-10-14,64417.356462395706
1994-10-17,64655.079134797634
1994-10-18,64622.886283088344
1994-10-19,64672.413020621156
1994-10-20,64761.55925892836
1994-10-21,64692.22371563429
1994-10-24,64768.987797245325
1994-10-25,64793.7502213858
1994-10-26,64806.132378081966
1994-10-27,64749.1771022322
1994-10-28,64603.07747732708
1994-10-31,64677.36474974851
1994-11-01,64724.41467809172
1994-11-02,64506.50270070291
1994-11-03,85652.98295372822
1994-11-04,85652.98295372822
1994-11-07,85652.98295372822
1994-11-08,85652.98295372822
1994-11-09,85652.98295372822
1994-11-10,85652.98295372822
1994-11-11,85652.98295372822
1994-11-14,85652.98295372822
1994-11-15,85652.98295372822
1994-11-16,85652.98295372822
1994-11-17,85652.98295372822
1994-11-18,85652.98295372822
1994-11-21,85652.98295372822
1994-11-22,85652.98295372822
1994-11-23,85652.98295372822
1994-11-24,85652.98295372822
1994-11-25,85652.98295372822
1994-11-28,85652.98295372822
1994-11-29,85652.98295372822
1994-11-30,85652.98295372822
1994-12-01,85652.98295372822
1994-12-02,85652.98295372822
1994-12-05,85652.98295372822
1994-12-06,85652.98295372822
1994-12-07,85652.98295372822
1994-12-08,85652.98295372822
1994-12-09,85652.98295372822
1994-12-12,85652.98295372822
1994-12-13,85652.98295372822
1994-12-14,85652.98295372822
1994-12-15,85652.98295372822
1994-12-16,85652.98295372822
1994-12-19,85652.98295372822
1994-12-20,85652.98295372822
1994-12-21,85652.98295372822
1994-12-22,85652.98295372822
1994-12-23,85652.98295372822
1994-12-26,85652.98295372822
1994-12-27,85652.98295372822
1994-12-28,85652.98295372822
1994-12-29,85652.98295372822
1994-12-30,85652.98295372822
1995-01-02,85652.98295372822
1995-01-03,85652.98295372822
1995-01-04,85652.98295372822
1995-01-05,85652.98295372822
1995-01-06,85652.98295372822
1995-01-09,85652.98295372822
1995-01-10,85652.98295372822
1995-01-11,85652.98295372822
1995-01-12,85652.98295372822
1995-01-13,85652.98295372822
1995-01-16,85652.98295372822
1995-01-17,85652.98295372822
1995-01-18,85652.98295372822
1995-01-19,85652.98295372822
1995-01-20,85652.98295372822
1995-01-23,85652.98295372822
1995-01-24,85652.98295372822
1995-01-25,85652.98295372822
1995-01-26,85652.98295372822
1995-01-27,85652.98295372822
1995-01-30,85652.98295372822
1995-01-31,85652.98295372822
1995-02-01,85652.98295372822
1995-02-02,85652.98295372822
1995-02-03,85652.98295372822
1995-02-06,85652.98295372822
1995-02-07,85652.98295372822
1995-02-08,85652.98295372822
1995-02-09,85652.98295372822
1995-02-10,85652.98295372822
1995-02-13,85652.98295372822
1995-02-14,85652.98295372822
1995-02-15,85652.98295372822
1995-02-16,64232.24108006067
1995-02-17,64276.752819731766
1995-02-20,64276.752819731766
1995-02-21,64355.88459174147
1995-02-22,64397.92293291688
1995-02-23,64437.48976224686
1995-02-24,64425.12465641867
1995-02-27,64333.629665231056
1995-02-28,64400.39633141257
1995-03-01,64388.03122558438
1995-03-02,64618.00823277669
1995-03-03,64786.16348412859
1995-03-06,65003.77727214298
1995-03-07,65394.48933520012
1995-03-08,65063.125629487695
1995-03-09,65120.00247498698
1995-03-10,85963.4294708778
1995-03-13,85963.4294708778
1995-03-14,85963.4294708778
1995-03-15,85963.4294708778
1995-03-16,85963.4294708778
1995-03-17,85963.4294708778
1995-03-20,85963.4294708778
1995-03-21,85963.4294708778
1995-03-22,85963.4294708778
1995-03-23,85963.4294708778
1995-03-24,85963.4294708778
1995-03-27,85963.4294708778
1995-03-28,85963.4294708778
1995-03-29,85963.4294708778
1995-03-30,85963.4294708778
1995-03-31,85963.4294708778
1995-04-03,85963.4294708778
1995-04-04,85963.4294708778
1995-04-05,85963.4294708778
1995-04-06,85963.4294708778
1995-04-07,85963.4294708778
1995-04-10,85963.4294708778
1995-04-11,85963.4294708778
1995-04-12,85963.4294708778
1995-04-13,85963.4294708778
1995-04-14,85963.4294708778
1995-04-17,64465.0487984187
1995-04-18,64616.61031675941
1995-04-19,64364.00643376671
1995-04-20,64164.58327654803
1995-04-21,64321.46388178477
1995-04-24,64260.30655430398
1995-04-25,64433.14036295429
1995-04-26,64334.757541750325
1995-04-27,64316.144794888736
1995-04-28,64209.78537197799
1995-05-01,64223.08106058081
1995-05-02,64313.485251440725
1995-05-03,64348.05323035314
1995-05-04,64350.71277380116
1995-05-05,64342.73414345711
1995-05-08,64475.68291493624
1995-05-09,64337.41708519834
1995-05-10,64276.25975771755
1995-05-11,84998.22933924565
1995-05-12,84998.22933924565
1995-05-15,84998.22933924565
1995-05-16,84998.22933924565
1995-05-17,84998.22933924565
1995-05-18,84998.22933924565
1995-05-19,84998.22933924565
1995-05-22,84998.22933924565
1995-05-23,84998.22933924565
1995-05-24,84998.22933924565
1995-05-25,84998.22933924565
1995-05-26,84998.22933924565
1995-05-29,84998.22933924565
1995-05-30,84998.22933924565
1995-05-31,84998.22933924565
1995-06-01,84998.22933924565
1995-06-02,84998.22933924565
1995-06-05,84998.22933924565
1995-06-06,84998.22933924565
1995-06-07,84998.22933924565
1995-06-08,84998.22933924565
1995-06-09,84998.22933924565
1995-06-12,84998.22933924565
1995-06-13,84998.22933924565
1995-06-14,84998.22933924565
1995-06-15,84998.22933924565
1995-06-16,84998.22933924565
1995-06-19,84998.22933924565
1995-06-20,84998.22933924565
1995-06-21,84998.22933924565
1995-06-22,84998.22933924565
1995-06-23,84998.22933924565
1995-06-26,84998.22933924565
1995-06-27,84998.22933924565
1995-06-28,84998.22933924565
1995-06-29,84998.22933924565
1995-06-30,84998.22933924565
1995-07-03,84998.22933924565
1995-07-04,84998.22933924565
1995-07-05,84998.22933924565
1995-07-06,84998.22933924565
1995-07-07,84998.22933924565
1995-07-10,84998.22933924565
1995-07-11,84998.22933924565
1995-07-12,84998.22933924565
1995-07-13,84998.22933924565
1995-07-14,84998.22933924565
1995-07-17,84998.22933924565
1995-07-18,84998.22933924565
1995-07-19,84998.22933924565
1995-07-20,84998.22933924565
1995-07-21,84998.22933924565
1995-07-24,84998.22933924565
1995-07-25,84998.22933924565
1995-07-26,84998.22933924565
1995-07-27,84998.22933924565
1995-07-28,84998.22933924565
1995-07-31,84998.22933924565
1995-08-01,84998.22933924565
1995-08-02,84998.22933924565
1995-08-03,84998.22933924565
1995-08-04,84998.22933924565
1995-08-07,84998.22933924565
1995-08-08,84998.22933924565
1995-08-09,84998.22933924565
1995-08-10,84998.22933924565
1995-08-11,84998.22933924565
1995-08-14,84998.22933924565
1995-08-15,106240.35081616146
1995-08-16,106292.28301376966
1995-08-17,106218.09308191318
1995-08-18,106252.71454698531
1995-08-21,106257.66154869752
1995-08-22,106321.95747712959
1995-08-23,106279.91739621747
1995-08-24,106213.1479669293
1995-08-25,106190.89023268102
1995-08-28,106141.43153592892
1995-08-29,106274.9722812336
1995-08-30,106274.9722812336
1995-08-31,106156.26876760888
1995-09-01,106131.53941923284
1995-09-04,106156.26876760888
1995-09-05,106136.4845342167
1995-09-06,106284.86251120134
1995-09-07,106292.28301376966
1995-09-08,106265.0801645375
1995-09-11,106260.13316282528
1995-09-12,106262.60666368139
1995-09-13,106522.26953845077
1995-09-14,106457.97172329036
1995-09-15,106502.4853050586
1995-09-18,106413.45814152213
1995-09-19,106507.43042004245
1995-09-20,106252.71454698531
1995-09-21,84177.530046935
1995-09-22,84177.530046935
1995-09-25,84177.530046935
1995-09-26,84177.530046935
1995-09-27,84177.530046935
1995-09-28,84177.530046935
1995-09-29,84177.530046935
1995-10-02,84177.530046935
1995-10-03,84177.530046935
1995-10-04,84177.530046935
1995-10-05,84177.530046935
1995-10-06,84177.530046935
1995-10-09,84177.530046935
1995-10-10,84177.530046935
1995-10-11,84177.530046935
1995-10-12,84177.530046935
1995-10-13,84177.530046935
1995-10-16,84177.530046935
1995-10-17,84177.530046935
1995-10-18,84177.530046935
1995-10-19,84177.530046935
1995-10-20,84177.530046935
1995-10-23,84177.530046935
1995-10-24,84177.530046935
1995-10-25,84177.530046935
1995-10-26,84177.530046935
1995-10-27,84177.530046935
1995-10-30,84177.530046935
1995-10-31,84177.530046935
1995-11-01,84177.530046935
1995-11-02,84177.530046935
1995-11-03,84177.530046935
1995-11-06,84177.530046935
1995-11-07,84177.530046935
1995-11-08,84177.530046935
1995-11-09,84177.530046935
1995-11-10,84177.530046935
1995-11-13,84177.530046935
1995-11-14,84177.530046935
1995-11-15,84177.530046935
1995-11-16,84177.530046935
1995-11-17,84177.530046935
1995-11-20,84177.530046935
1995-11-21,84177.530046935
1995-11-22,84177.530046935
1995-11-23,84177.530046935
1995-11-24,84177.530046935
1995-11-27,84177.530046935
1995-11-28,84177.530046935
1995-11-29,84177.530046935
1995-11-30,84177.530046935
1995-12-01,84177.530046935
1995-12-04,84177.530046935
1995-12-05,84177.530046935
1995-12-06,84177.530046935
1995-12-07,84177.530046935
1995-12-08,84177.530046935
1995-12-11,84177.530046935
1995-12-12,84177.530046935
1995-12-13,84177.530046935
1995-12-14,84177.530046935
1995-12-15,84177.530046935
1995-12-18,84177.530046935
1995-12-19,84177.530046935
1995-12-20,84177.530046935
1995-12-21,84177.530046935
1995-12-22,84177.530046935
1995-12-25,84177.530046935
1995-12-26,84177.530046935
1995-12-27,84177.530046935
1995-12-28,84177.530046935
1995-12-29,84177.530046935
1996-01-01,84177.530046935
1996-01-02,84177.530046935
1996-01-03,84177.530046935
1996-01-04,84177.530046935
1996-01-05,84177.530046935
1996-01-08,84177.530046935
1996-01-09,84177.530046935
1996-01-10,84177.530046935
1996-01-11,84177.530046935
1996-01-12,84177.530046935
1996-01-15,84177.530046935
1996-01-16,105214.54849760186
1996-01-17,105280.613588231
1996-01-18,105324.65635972616
1996-01-19,105400.50707355616
1996-01-22,105395.61426195574
1996-01-23,105420.08205350352
1996-01-24,105508.16759649382
1996-01-25,105564.44333037645
1996-01-26,105618.27359184528
1996-01-29,105561.99785796265
1996-01-30,105606.03876268497
1996-01-31,105554.65584040276
1996-02-01,105505.7202573072
1996-02-02,105464.12482499867
1996-02-05,83956.74677834497
1996-02-06,83956.74677834497
1996-02-07,83956.74677834497
1996-02-08,83956.74677834497
1996-02-09,83956.74677834497
1996-02-12,83956.74677834497
1996-02-13,83956.74677834497
1996-02-14,83956.74677834497
1996-02-15,83956.74677834497
1996-02-16,83956.74677834497
1996-02-19,83956.74677834497
1996-02-20,83956.74677834497
1996-02-21,83956.74677834497
1996-02-22,83956.74677834497
1996-02-23,83956.74677834497
1996-02-26,83956.74677834497
1996-02-27,83956.74677834497
1996-02-28,83956.74677834497
1996-02-29,83956.74677834497
1996-03-01,83956.74677834497
1996-03-04,83956.74677834497
1996-03-05,83956.74677834497
1996-03-06,83956.74677834497
1996-03-07,83956.74677834497
1996-03-08,83956.74677834497
1996-03-11,83956.74677834497
1996-03-12,83956.74677834497
1996-03-13,83956.74677834497
1996-03-14,83956.74677834497
1996-03-15,83956.74677834497
1996-03-18,83956.74677834497
1996-03-19,83956.74677834497
1996-03-20,83956.74677834497
1996-03-21,83956.74677834497
1996-03-22,83956.74677834497
1996-03-25,83956.74677834497
1996-03-26,83956.74677834497
1996-03-27,83956.74677834497
1996-03-28,83956.74677834497
1996-03-29,83956.74677834497
1996-04-01,83956.74677834497
1996-04-02,83956.74677834497
1996-04-03,83956.74677834497
1996-04-04,83956.74677834497
1996-04-05,83956.74677834497
1996-04-08,83956.74677834497
1996-04-09,83956.74677834497
1996-04-10,83956.74677834497
1996-04-11,83956.74677834497
1996-04-12,83956.74677834497
1996-04-15,104938.58872653737
1996-04-16,104907.55174042845
1996-04-17,104883.67839671191
1996-04-18,104781.02137945335
1996-04-19,104838.3195900763
1996-04-22,104876.51657573887
1996-04-23,104890.84021768492
1996-04-24,104895.61597927986
1996-04-25,105017.37240007939
1996-04-26,104938.58872653737
1996-04-29,104919.4893229964
1996-04-30,104967.23601042948
1996-05-01,105041.24574379592
1996-05-02,104950.52448768597
1996-05-03,104926.65114396941
1996-05-06,104917.10144219894
1996-05-07,104917.10144219894
1996-05-08,104852.64323202234
1996-05-09,104857.4171721979
1996-05-10,104943.36266671293
1996-05-13,104969.62389122695
1996-05-14,105003.04693671397
1996-05-15,105022.14634025496
1996-05-16,105019.75845945749
1996-05-17,105019.75845945749
1996-05-20,105043.63180317402
1996-05-21,105129.57729768906
1996-05-22,105129.57729768906
1996-05-23,105112.86577494555
1996-05-24,105160.614283798
1996-05-27,105160.614283798
1996-05-28,105201.19915025805
1996-05-29,105043.63180317402
1996-05-30,105022.14634025496
1996-05-31,83644.44357114639
1996-06-03,83644.44357114639
1996-06-04,83644.44357114639
1996-06-05,83644.44357114639
1996-06-06,83644.44357114639
1996-06-07,83644.44357114639
1996-06-10,83644.44357114639
1996-06-11,83644.44357114639
1996-06-12,83644.44357114639
1996-06-13,83644.44357114639
1996-06-14,83644.44357114639
1996-06-17,83644.44357114639
1996-06-18,83644.44357114639
1996-06-19,83644.44357114639
1996-06-20,83644.44357114639
1996-06-21,83644.44357114639
1996-06-24,83644.44357114639
1996-06-25,83644.44357114639
1996-06-26,83644.44357114639
1996-06-27,83644.44357114639
1996-06-28,83644.44357114639
1996-07-01,83644.44357114639
1996-07-02,83644.44357114639
1996-07-03,83644.44357114639
1996-07-04,83644.44357114639
1996-07-05,83644.44357114639
1996-07-08,83644.44357114639
1996-07-09,83644.44357114639
1996-07-10,83644.44357114639
1996-07-11,83644.44357114639
1996-07-12,83644.44357114639
1996-07-15,83644.44357114639
1996-07-16,83644.44357114639
1996-07-17,83644.44357114639
1996-07-18,83644.44357114639
1996-07-19,83644.44357114639
1996-07-22,83644.44357114639
1996-07-23,83644.44357114639
1996-07-24,83644.44357114639
1996-07-25,83644.44357114639
1996-07-26,83644.44357114639
1996-07-29,83644.44357114639
1996-07-30,83644.44357114639
1996-07-31,62726.01232547674
1996-08-01,62677.31622666883
1996-08-02,62677.31622666883
1996-08-05,62638.35786151282
1996-08-06,62589.66176270491
1996-08-07,83197.46209302914
1996-08-08,83197.46209302914
1996-08-09,83197.46209302914
1996-08-12,83197.46209302914
1996-08-13,83197.46209302914
1996-08-14,83197.46209302914
1996-08-15,83197.46209302914
1996-08-16,83197.46209302914
1996-08-19,83197.46209302914
1996-08-20,83197.46209302914
1996-08-21,83197.46209302914
1996-08-22,83197.46209302914
1996-08-23,83197.46209302914
1996-08-26,83197.46209302914
1996-08-27,83197.46209302914
1996-08-28,83197.46209302914
1996-08-29,83197.46209302914
1996-08-30,83197.46209302914
1996-09-02,83197.46209302914
1996-09-03,83197.46209302914
1996-09-04,83197.46209302914
1996-09-05,83197.46209302914
1996-09-06,83197.46209302914
1996-09-09,83197.46209302914
1996-09-10,83197.46209302914
1996-09-11,83197.46209302914
1996-09-12,83197.46209302914
1996-09-13,83197.46209302914
1996-09-16,83197.46209302914
1996-09-17,83197.46209302914
1996-09-18,83197.46209302914
1996-09-19,83197.46209302914
1996-09-20,83197.46209302914
1996-09-23,83197.46209302914
1996-09-24,83197.46209302914
1996-09-25,83197.46209302914
1996-09-26,83197.46209302914
1996-09-27,83197.46209302914
1996-09-30,83197.46209302914
1996-10-01,83197.46209302914
1996-10-02,103989.54929401774
1996-10-03,103963.60526029984
1996-10-04,103977.75769650398
1996-10-07,103942.37930512322
1996-10-08,103923.51058979752
1996-10-09,103942.37930512322
1996-10-10,103918.79431067596
1996-10-11,103937.66122658193
1996-10-14,103918.79431067596
1996-10-15,104022.56864612784
1996-10-16,104032.00300379068
1996-10-17,104060.30607677923
1996-10-18,104041.43736145354
1996-10-21,103980.11493635489
1996-10-22,82794.13573800166
1996-10-23,82794.13573800166
1996-10-24,82794.13573800166
1996-10-25,82794.13573800166
1996-10-28,82794.13573800166
1996-10-29,82794.13573800166
1996-10-30,82794.13573800166
1996-10-31,82794.13573800166
1996-11-01,82794.13573800166
1996-11-04,82794.13573800166
1996-11-05,82794.13573800166
1996-11-06,82794.13573800166
1996-11-07,82794.13573800166
1996-11-08,82794.13573800166
1996-11-11,82794.13573800166
1996-11-12,82794.13573800166
1996-11-13,82794.13573800166
1996-11-14,82794.13573800166
1996-11-15,82794.13573800166
1996-11-18,82794.13573800166
1996-11-19,82794.13573800166
1996-11-20,82794.13573800166
1996-11-21,82794.13573800166
1996-11-22,82794.13573800166
1996-11-25,82794.13573800166
1996-11-26,82794.13573800166
1996-11-27,82794.13573800166
1996-11-28,82794.13573800166
1996-11-29,82794.13573800166
1996-12-02,82794.13573800166
1996-12-03,103485.42663423266
1996-12-04,103513.42557764737
1996-12-05,103448.09233608327
1996-12-06,103436.42670305958
1996-12-09,103506.42584179368
1996-12-10,103480.75895686532
1996-12-11,103350.09247373714
1996-12-12,103382.75909451918
1996-12-13,103492.42637008632
1996-12-16,103434.09286437591
1996-12-17,103436.42670305958
1996-12-18,103464.4256464743
1996-12-19,103518.0932550147
1996-12-20,103480.75895686532
1996-12-23,103487.758692719
1996-12-24,103513.42557764737
1996-12-25,103513.42557764737
1996-12-26,103506.42584179368
1996-12-27,103501.75994462367
1996-12-30,103525.09299086838
1996-12-31,103366.42578412817
1997-01-01,103366.42578412817
1997-01-02,103408.42597944755
1997-01-03,103627.76053058184
1997-01-06,103583.42649657879
1997-01-07,103562.42550882044
1997-01-08,103665.0930485339
1997-01-09,103674.42662307125
1997-01-10,103739.75986463534
1997-01-13,103779.42622127106
1997-01-14,103865.76045059352
1997-01-15,103770.09442693104
1997-01-16,103814.42668073677
1997-01-17,103991.76103655167
1997-01-20,104152.76208197555
1997-01-21,104169.0953923666
1997-01-22,104367.42895574254
1997-01-23,104388.42816330357
1997-01-24,104285.76240378742
1997-01-27,104437.42809447664
1997-01-28,104528.43000116642
1997-01-29,104495.76160018705
1997-01-30,104451.42934638131
1997-01-31,104500.42927755437
1997-02-03,104512.09491057807
1997-02-04,104547.09537004378
1997-02-05,104565.76251911846
1997-02-06,104600.76297858419
1997-02-07,104649.76290975725
1997-02-10,104612.42861160787
1997-02-11,104782.7632315691
1997-02-12,104890.09666845258
1997-02-13,104911.09765621093
1997-02-14,104936.7645411393
1997-02-17,105013.76341572708
1997-02-18,104978.76295626137
1997-02-19,105081.43049597484
1997-02-20,104936.7645411393
1997-02-21,104967.09732323769
1997-02-24,104792.09680610645
1997-02-25,104785.09707025277
1997-02-26,104943.76427699298
1997-02-27,104927.43096660197
1997-02-28,104932.09686377196
1997-03-03,105048.76387519279
1997-03-04,105209.76492061667
1997-03-05,105172.4306224673
1997-03-06,105167.76472529728
1997-03-07,105219.09849515403
1997-03-10,105093.09790919584
1997-03-11,105114.0971167569
1997-03-12,105055.76361104648
1997-03-13,105195.763668712
1997-03-14,105093.09790919584
1997-03-17,105116.43095544056
1997-03-18,104953.09785153033
1997-03-19,105004.42984118975
1997-03-20,105121.09685261057
1997-03-21,105023.09699026443
1997-03-24,105016.09725441075
1997-03-25,105069.76486295115
1997-03-26,105034.76440348543
1997-03-27,104885.43077128257
1997-03-28,104885.43077128257
1997-03-31,104892.43050713625
1997-04-01,83754.82466567143
1997-04-02,83754.82466567143
1997-04-03,83754.82466567143
1997-04-04,83754.82466567143
1997-04-07,83754.82466567143
1997-04-08,104686.2037503474
1997-04-09,104810.05086793879
1997-04-10,104727.48667543869
1997-04-11,104734.00468304627
1997-04-14,104814.3973114655
1997-04-15,104766.59637876663
1997-04-16,104794.84163096028
1997-04-17,104762.24993523992
1997-04-18,104673.16773513226
1997-04-21,104566.70307628273
1997-04-22,104723.14023191198
1997-04-23,104705.75943085262
1997-04-24,104718.79544606776
1997-04-25,104836.12455605157
1997-04-28,104894.78828220224
1997-04-29,104807.87930385792
1997-04-30,104866.54303000859
1997-05-01,104786.15040158934
1997-05-02,104836.12455605157
1997-05-05,104862.19824416436
1997-05-06,104720.96866783113
1997-05-07,104720.96866783113
1997-05-08,104597.12155023974
1997-05-09,83134.44550673105
1997-05-12,83134.44550673105
1997-05-13,83134.44550673105
1997-05-14,83134.44550673105
1997-05-15,83134.44550673105
1997-05-16,83134.44550673105
1997-05-19,83134.44550673105
1997-05-20,83134.44550673105
1997-05-21,83134.44550673105
1997-05-22,83134.44550673105
1997-05-23,83134.44550673105
1997-05-26,83134.44550673105
1997-05-27,83134.44550673105
1997-05-28,83134.44550673105
1997-05-29,83134.44550673105
1997-05-30,83134.44550673105
1997-06-02,83134.44550673105
1997-06-03,83134.44550673105
1997-06-04,83134.44550673105
1997-06-05,83134.44550673105
1997-06-06,83134.44550673105
1997-06-09,83134.44550673105
1997-06-10,83134.44550673105
1997-06-11,83134.44550673105
1997-06-12,83134.44550673105
1997-06-13,83134.44550673105
1997-06-16,83134.44550673105
1997-06-17,83134.44550673105
1997-06-18,83134.44550673105
1997-06-19,83134.44550673105
1997-06-20,83134.44550673105
1997-06-23,83134.44550673105
1997-06-24,83134.44550673105
1997-06-25,83134.44550673105
1997-06-26,83134.44550673105
1997-06-27,83134.44550673105
1997-06-30,83134.44550673105
1997-07-01,83134.44550673105
1997-07-02,83134.44550673105
1997-07-03,83134.44550673105
1997-07-04,83134.44550673105
1997-07-07,83134.44550673105
1997-07-08,83134.44550673105
1997-07-09,83134.44550673105
1997-07-10,83134.44550673105
1997-07-11,83134.44550673105
1997-07-14,83134.44550673105
1997-07-15,83134.44550673105
1997-07-16,83134.44550673105
1997-07-17,83134.44550673105
1997-07-18,83134.44550673105
1997-07-21,83134.44550673105
1997-07-22,103910.78407399385
1997-07-23,103955.2251221588
1997-07-24,104054.68911239141
1997-07-25,104109.71043988875
1997-07-28,104221.87302571871
1997-07-29,104213.40783351057
1997-07-30,104200.70923791322
1997-07-31,104217.63962232949
1997-08-01,104382.70683396218
1997-08-04,104422.9160933082
1997-08-05,104541.42555508137
1997-08-06,104587.9833049409
1997-08-07,104511.79818963807
1997-08-08,104251.500391162
1997-08-11,104380.59174683789
1997-08-12,104454.6601604461
1997-08-13,83129.71349263024
1997-08-14,83129.71349263024
1997-08-15,83129.71349263024
1997-08-18,83129.71349263024
1997-08-19,83129.71349263024
1997-08-20,83129.71349263024
1997-08-21,83129.71349263024
1997-08-22,83129.71349263024
1997-08-25,83129.71349263024
1997-08-26,83129.71349263024
1997-08-27,83129.71349263024
1997-08-28,83129.71349263024
1997-08-29,83129.71349263024
1997-09-01,83129.71349263024
1997-09-02,83129.71349263024
1997-09-03,83129.71349263024
1997-09-04,83129.71349263024
1997-09-05,83129.71349263024
1997-09-08,83129.71349263024
1997-09-09,83129.71349263024
1997-09-10,83129.71349263024
1997-09-11,83129.71349263024
1997-09-12,83129.71349263024
1997-09-15,83129.71349263024
1997-09-16,83129.71349263024
1997-09-17,83129.71349263024
1997-09-18,83129.71349263024
1997-09-19,83129.71349263024
1997-09-22,83129.71349263024
1997-09-23,83129.71349263024
1997-09-24,83129.71349263024
1997-09-25,83129.71349263024
1997-09-26,83129.71349263024
1997-09-29,83129.71349263024
1997-09-30,83129.71349263024
1997-10-01,83129.71349263024
1997-10-02,83129.71349263024
1997-10-03,83129.71349263024
1997-10-06,83129.71349263024
1997-10-07,83129.71349263024
1997-10-08,83129.71349263024
1997-10-09,83129.71349263024
1997-10-10,83129.71349263024
1997-10-13,83129.71349263024
1997-10-14,83129.71349263024
1997-10-15,83129.71349263024
1997-10-16,83129.71349263024
1997-10-17,83129.71349263024
1997-10-20,83129.71349263024
1997-10-21,83129.71349263024
1997-10-22,83129.71349263024
1997-10-23,83129.71349263024
1997-10-24,83129.71349263024
1997-10-27,83129.71349263024
1997-10-28,62340.00981448107
1997-10-29,62400.6071806775
1997-10-30,62467.6950579368
1997-10-31,62428.74043379379
1997-11-03,62335.68225673602
1997-11-04,62450.381524737815
1997-11-05,62456.87368691008
1997-11-06,62422.248271621516
1997-11-07,62530.45537745104
1997-11-10,62523.96321527878
1997-11-11,62504.48507765258
1997-11-12,62402.77013399532
1997-11-13,62350.83118550778
1997-11-14,62329.19009456376
1997-11-17,62309.71195693755
1997-11-18,62309.71195693755
1997-11-19,62266.4297750495
1997-11-20,82675.86927309238
1997-11-21,82675.86927309238
1997-11-24,82675.86927309238
1997-11-25,82675.86927309238
1997-11-26,82675.86927309238
1997-11-27,82675.86927309238
1997-11-28,82675.86927309238
1997-12-01,82675.86927309238
1997-12-02,82675.86927309238
1997-12-03,82675.86927309238
1997-12-04,82675.86927309238
1997-12-05,103337.60389934247
1997-12-08,103412.84007638496
1997-12-09,103396.12216606643
1997-12-10,103358.50407754519
1997-12-11,103191.31221868194
1997-12-12,103306.25682095789
1997-12-15,103312.52623663482
1997-12-16,103375.22198786373
1997-12-17,103212.2108024249
1997-12-18,103251.91922765836
1997-12-19,103245.64981198145
1997-12-22,103327.15540470085
1997-12-23,103272.81781140134
1997-12-24,103260.27898004751
1997-12-25,103260.27898004751
1997-12-26,103266.54839572443
1997-12-29,103383.58174025286
1997-12-30,103421.1998287741
1997-12-31,103498.52634252881
1998-01-01,103498.52634252881
1998-01-02,103592.57076660206
1998-01-05,103793.20004056211
1998-01-06,103864.25713863989
1998-01-07,103705.42503216579
1998-01-08,103784.84028817297
1998-01-09,103766.03204114223
1998-01-12,103766.03204114223
1998-01-13,103720.05420023184
1998-01-14,103726.32361590875
1998-01-15,103776.48213024357
1998-01-16,103763.94170443
1998-01-19,103763.94170443
1998-01-20,103822.45837669422
1998-01-21,103621.82910273416
1998-01-22,82543.31935685479
1998-01-23,82543.31935685479
1998-01-26,82543.31935685479
1998-01-27,82543.31935685479
1998-01-28,82543.31935685479
1998-01-29,82543.31935685479
1998-01-30,82543.31935685479
1998-02-02,82543.31935685479
1998-02-03,82543.31935685479
1998-02-04,82543.31935685479
1998-02-05,82543.31935685479
1998-02-06,82543.31935685479
1998-02-09,82543.31935685479
1998-02-10,82543.31935685479
1998-02-11,82543.31935685479
1998-02-12,82543.31935685479
1998-02-13,82543.31935685479
1998-02-16,82543.31935685479
1998-02-17,82543.31935685479
1998-02-18,82543.31935685479
1998-02-19,82543.31935685479
1998-02-20,82543.31935685479
1998-02-23,82543.31935685479
1998-02-24,82543.31935685479
1998-02-25,82543.31935685479
1998-02-26,82543.31935685479
1998-02-27,82543.31935685479
1998-03-02,82543.31935685479
1998-03-03,82543.31935685479
1998-03-04,82543.31935685479
1998-03-05,82543.31935685479
1998-03-06,82543.31935685479
1998-03-09,82543.31935685479
1998-03-10,82543.31935685479
1998-03-11,82543.31935685479
1998-03-12,82543.31935685479
1998-03-13,82543.31935685479
1998-03-16,82543.31935685479
1998-03-17,82543.31935685479
1998-03-18,82543.31935685479
1998-03-19,82543.31935685479
1998-03-20,82543.31935685479
1998-03-23,82543.31935685479
1998-03-24,82543.31935685479
1998-03-25,82543.31935685479
1998-03-26,82543.31935685479
1998-03-27,82543.31935685479
1998-03-30,103171.928099844
1998-03-31,103204.50307748964
1998-04-01,103247.25657070425
1998-04-02,103273.72257509602
1998-04-03,103265.58038394502
1998-04-06,103204.50307748964
1998-04-07,103147.49841987019
1998-04-08,81973.86337361025
1998-04-09,81973.86337361025
1998-04-10,81973.86337361025
1998-04-13,81973.86337361025
1998-04-14,81973.86337361025
1998-04-15,81973.86337361025
1998-04-16,81973.86337361025
1998-04-17,81973.86337361025
1998-04-20,81973.86337361025
1998-04-21,81973.86337361025
1998-04-22,81973.86337361025
1998-04-23,81973.86337361025
1998-04-24,81973.86337361025
1998-04-27,81973.86337361025
1998-04-28,81973.86337361025
1998-04-29,81973.86337361025
1998-04-30,81973.86337361025
1998-05-01,81973.86337361025
1998-05-04,81973.86337361025
1998-05-05,61473.223382332915
1998-05-06,61439.974339939814
1998-05-07,61421.27294264489
1998-05-08,81576.9471569875
1998-05-11,81576.9471569875
1998-05-12,81576.9471569875
1998-05-13,81576.9471569875
1998-05-14,81576.9471569875
1998-05-15,81576.9471569875
1998-05-18,81576.9471569875
1998-05-19,81576.9471569875
1998-05-20,81576.9471569875
1998-05-21,81576.9471569875
1998-05-22,81576.9471569875
1998-05-25,81576.9471569875
1998-05-26,81576.9471569875
1998-05-27,81576.9471569875
1998-05-28,81576.9471569875
1998-05-29,81576.9471569875
1998-06-01,81576.9471569875
1998-06-02,81576.9471569875
1998-06-03,81576.9471569875
1998-06-04,81576.9471569875
1998-06-05,81576.9471569875
1998-06-08,81576.9471569875
1998-06-09,81576.9471569875
1998-06-10,81576.9471569875
1998-06-11,81576.9471569875
1998-06-12,81576.9471569875
1998-06-15,101964.04739066925
1998-06-16,101780.56823267479
1998-06-17,80825.08110344002
1998-06-18,80825.08110344002
1998-06-19,80825.08110344002
1998-06-22,80825.08110344002
1998-06-23,80825.08110344002
1998-06-24,80825.08110344002
1998-06-25,80825.08110344002
1998-06-26,80825.08110344002
1998-06-29,80825.08110344002
1998-06-30,80825.08110344002
1998-07-01,80825.08110344002
1998-07-02,80825.08110344002
1998-07-03,80825.08110344002
1998-07-06,80825.08110344002
1998-07-07,80825.08110344002
1998-07-08,80825.08110344002
1998-07-09,101024.28059885956
1998-07-10,100951.32646465173
1998-07-13,100836.96792213131
1998-07-14,100831.05300665808
1998-07-15,100809.36398038824
1998-07-16,100700.91884903904
1998-07-17,80142.53669809889
1998-07-20,80142.53669809889
1998-07-21,80142.53669809889
1998-07-22,80142.53669809889
1998-07-23,80142.53669809889
1998-07-24,80142.53669809889
1998-07-27,80142.53669809889
1998-07-28,80142.53669809889
1998-07-29,80142.53669809889
1998-07-30,80142.53669809889
1998-07-31,80142.53669809889
1998-08-03,80142.53669809889
1998-08-04,80142.53669809889
1998-08-05,80142.53669809889
1998-08-06,80142.53669809889
1998-08-07,80142.53669809889
1998-08-10,80142.53669809889
1998-08-11,80142.53669809889
1998-08-12,80142.53669809889
1998-08-13,80142.53669809889
1998-08-14,80142.53669809889
1998-08-17,80142.53669809889
1998-08-18,80142.53669809889
1998-08-19,80142.53669809889
1998-08-20,80142.53669809889
1998-08-21,80142.53669809889
1998-08-24,80142.53669809889
1998-08-25,80142.53669809889
1998-08-26,80142.53669809889
1998-08-27,80142.53669809889
1998-08-28,80142.53669809889
1998-08-31,80142.53669809889
1998-09-01,80142.53669809889
1998-09-02,80142.53669809889
1998-09-03,60099.88864883813
1998-09-04,60136.554046224264
1998-09-07,60136.554046224264
1998-09-08,60167.10724897981
1998-09-09,60128.40600746297
1998-09-10,60454.31978751779
1998-09-11,60482.837146142614
1998-09-14,60421.72763247257
1998-09-15,60480.79974793242
1998-09-16,60429.875671233865
1998-09-17,60488.94778669372
1998-09-18,60454.31978751779
1998-09-21,60427.83982710316
1998-09-22,60456.35718572799
1998-09-23,60495.05842724484
1998-09-24,60543.946659812675
1998-09-25,60507.28126242654
1998-09-28,60560.2411832558
1998-09-29,60621.35069692586
1998-09-30,60550.057300363784
1998-10-01,60715.050811561654
1998-10-02,60713.01341335145
1998-10-05,60792.45484867484
1998-10-06,60884.11911917992
1998-10-07,61324.102333734074
1998-10-08,61173.36750184862
1998-10-09,61175.40490005881
1998-10-12,61034.85395106538
1998-10-13,61167.25686129751
1998-10-14,61114.29538638876
1998-10-15,61197.81161813254
1998-10-16,61354.657090569104
1998-10-19,61283.36369400703
1998-10-20,61191.70097758143
1998-10-21,61095.96346473544
1998-10-22,61152.998181985095
1998-10-23,61161.1462207464
1998-10-26,60912.63647780476
1998-10-27,61016.52202941205
1998-10-28,61008.37399065074
1998-10-29,61032.816552855176
1998-10-30,61047.0752321676
1998-11-02,61081.70478542302
1998-11-03,61010.40983478146
1998-11-04,60965.597952713506
1998-11-05,60988.004670787224
1998-11-06,80575.65734953193
1998-11-09,80575.65734953193
1998-11-10,80575.65734953193
1998-11-11,80575.65734953193
1998-11-12,80575.65734953193
1998-11-13,80575.65734953193
1998-11-16,80575.65734953193
1998-11-17,80575.65734953193
1998-11-18,80575.65734953193
1998-11-19,80575.65734953193
1998-11-20,80575.65734953193
1998-11-23,80575.65734953193
1998-11-24,80575.65734953193
1998-11-25,80575.65734953193
1998-11-26,80575.65734953193
1998-11-27,80575.65734953193
1998-11-30,80575.65734953193
1998-12-01,80575.65734953193
1998-12-02,80575.65734953193
1998-12-03,80575.65734953193
1998-12-04,80575.65734953193
1998-12-07,80575.65734953193
1998-12-08,80575.65734953193
1998-12-09,80575.65734953193
1998-12-10,80575.65734953193
1998-12-11,80575.65734953193
1998-12-14,80575.65734953193
1998-12-15,80575.65734953193
1998-12-16,80575.65734953193
1998-12-17,80575.65734953193
1998-12-18,80575.65734953193
1998-12-21,80575.65734953193
1998-12-22,80575.65734953193
1998-12-23,80575.65734953193
1998-12-24,80575.65734953193
1998-12-25,80575.65734953193
1998-12-28,80575.65734953193
1998-12-29,80575.65734953193
1998-12-30,80575.65734953193
1998-12-31,80575.65734953193
1999-01-01,80575.65734953193
1999-01-04,80575.65734953193
1999-01-05,80575.65734953193
1999-01-06,80575.65734953193
1999-01-07,80575.65734953193
1999-01-08,80575.65734953193
1999-01-11,80575.65734953193
1999-01-12,80575.65734953193
1999-01-13,80575.65734953193
1999-01-14,80575.65734953193
1999-01-15,80575.65734953193
1999-01-18,80575.65734953193
1999-01-19,80575.65734953193
1999-01-20,80575.65734953193
1999-01-21,80575.65734953193
1999-01-22,80575.65734953193
1999-01-25,80575.65734953193
1999-01-26,80575.65734953193
1999-01-27,80575.65734953193
1999-01-28,80575.65734953193
1999-01-29,80575.65734953193
1999-02-01,80575.65734953193
1999-02-02,80575.65734953193
1999-02-03,80575.65734953193
1999-02-04,80575.65734953193
1999-02-05,80575.65734953193
1999-02-08,80575.65734953193
1999-02-09,80575.65734953193
1999-02-10,80575.65734953193
1999-02-11,80575.65734953193
1999-02-12,80575.65734953193
1999-02-15,80575.65734953193
1999-02-16,80575.65734953193
1999-02-17,80575.65734953193
1999-02-18,80575.65734953193
1999-02-19,100712.52272668888
1999-02-22,100763.75882887698
1999-02-23,100831.39085902968
1999-02-24,100884.67684311379
1999-02-25,100774.00667475529
1999-02-26,100796.55068480619
1999-03-01,100976.90120161166
1999-03-02,100937.9628271979
1999-03-03,101017.89102152319
1999-03-04,101136.75759026222
1999-03-05,101116.26346210734
1999-03-08,101003.54497545458
1999-03-09,100976.90120161166
1999-03-10,100864.18271495891
1999-03-11,80310.10234843472
1999-03-12,80310.10234843472
1999-03-15,80310.10234843472
1999-03-16,80310.10234843472
1999-03-17,80310.10234843472
1999-03-18,80310.10234843472
1999-03-19,80310.10234843472
1999-03-22,80310.10234843472
1999-03-23,80310.10234843472
1999-03-24,80310.10234843472
1999-03-25,80310.10234843472
1999-03-26,80310.10234843472
1999-03-29,80310.10234843472
1999-03-30,80310.10234843472
1999-03-31,80310.10234843472
1999-04-01,80310.10234843472
1999-04-05,80310.10234843472
1999-04-06,80310.10234843472
1999-04-07,80310.10234843472
1999-04-08,80310.10234843472
1999-04-09,80310.10234843472
1999-04-12,80310.10234843472
1999-04-13,80310.10234843472
1999-04-14,80310.10234843472
1999-04-15,80310.10234843472
1999-04-16,80310.10234843472
1999-04-19,80310.10234843472
1999-04-20,80310.10234843472
1999-04-21,100380.60220673369
1999-04-22,100366.68717812124
1999-04-23,100358.73551653922
1999-04-26,100388.55235169132
1999-04-27,100311.02554704712
1999-04-28,100342.83219337519
1999-04-29,100372.65054515166
1999-04-30,100384.5772792125
1999-05-03,100406.44396940696
1999-05-04,100320.96550318073
1999-05-05,100167.9001884439
1999-05-06,79699.48466201716
1999-05-07,79699.48466201716
1999-05-10,79699.48466201716
1999-05-11,79699.48466201716
1999-05-12,79699.48466201716
1999-05-13,79699.48466201716
1999-05-14,79699.48466201716
1999-05-17,79699.48466201716
1999-05-18,79699.48466201716
1999-05-19,79699.48466201716
1999-05-20,79699.48466201716
1999-05-21,99617.3835170756
1999-05-24,99570.3452412959
1999-05-25,99566.42451271102
1999-05-26,99734.97995418479
1999-05-27,99703.62160210493
1999-05-28,99787.89932284183
1999-06-01,99701.6612378125
1999-06-02,99842.77756047146
1999-06-03,99880.01700542863
1999-06-04,99815.33844165664
1999-06-07,99905.49575995101
1999-06-08,99640.90340262538
1999-06-09,99640.90340262538
1999-06-10,99605.62432196064
1999-06-11,79265.2745147424
1999-06-14,79265.2745147424
1999-06-15,79265.2745147424
1999-06-16,79265.2745147424
1999-06-17,79265.2745147424
1999-06-18,79265.2745147424
1999-06-21,79265.2745147424
1999-06-22,79265.2745147424
1999-06-23,79265.2745147424
1999-06-24,79265.2745147424
1999-06-25,79265.2745147424
1999-06-28,79265.2745147424
1999-06-29,79265.2745147424
1999-06-30,79265.2745147424
1999-07-01,99074.65881877289
1999-07-02,99042.16590630377
1999-07-05,99124.35111653902
1999-07-06,99110.97219664924
1999-07-07,99126.26280743553
1999-07-08,99162.57764350477
1999-07-09,99223.73862845707
1999-07-12,99235.20585745035
1999-07-13,99200.80271227763
1999-07-14,99126.26280743553
1999-07-15,99139.64172732532
1999-07-16,99154.93233811163
1999-07-19,78811.0410786862
1999-07-20,78811.0410786862
1999-07-21,78811.0410786862
1999-07-22,78811.0410786862
1999-07-23,78811.0410786862
1999-07-26,78811.0410786862
1999-07-27,78811.0410786862
1999-07-28,78811.0410786862
1999-07-29,78811.0410786862
1999-07-30,78811.0410786862
1999-08-02,78811.0410786862
1999-08-03,78811.0410786862
1999-08-04,78811.0410786862
1999-08-05,78811.0410786862
1999-08-06,78811.0410786862
1999-08-09,78811.0410786862
1999-08-10,78811.0410786862
1999-08-11,78811.0410786862
1999-08-12,78811.0410786862
1999-08-13,78811.0410786862
1999-08-16,78811.0410786862
1999-08-17,78811.0410786862
1999-08-18,78811.0410786862
1999-08-19,78811.0410786862
1999-08-20,78811.0410786862
1999-08-23,78811.0410786862
1999-08-24,78811.0410786862
1999-08-25,78811.0410786862
1999-08-26,78811.0410786862
1999-08-27,78811.0410786862
1999-08-30,78811.0410786862
1999-08-31,78811.0410786862
1999-09-01,78811.0410786862
1999-09-02,78811.0410786862
1999-09-03,78811.0410786862
1999-09-06,78811.0410786862
1999-09-07,78811.0410786862
1999-09-08,78811.0410786862
1999-09-09,78811.0410786862
1999-09-10,78811.0410786862
1999-09-13,78811.0410786862
1999-09-14,78811.0410786862
1999-09-15,78811.0410786862
1999-09-16,78811.0410786862
1999-09-17,78811.0410786862
1999-09-20,78811.0410786862
1999-09-21,78811.0410786862
1999-09-22,78811.0410786862
1999-09-23,78811.0410786862
1999-09-24,78811.0410786862
1999-09-27,78811.0410786862
1999-09-28,78811.0410786862
1999-09-29,59101.38346345116
1999-09-30,59153.243629021905
1999-10-01,59266.93607392804
1999-10-04,59252.973897247044
1999-10-05,59264.94104246986
1999-10-06,59165.21077424472
1999-10-07,59185.15804530025
1999-10-08,59057.50342371312
1999-10-11,59107.368557825685
1999-10-12,59270.92613684439
1999-10-13,59282.89328206721
1999-10-14,59276.9097094558
1999-10-15,59452.43443369733
1999-10-18,59376.63997768094
1999-10-19,59384.61858175053
1999-10-20,59235.02317941282
1999-10-21,59364.671310695005
1999-10-22,59165.21077424472
1999-10-25,59193.13664936983
1999-10-26,59097.39492229792
1999-10-27,78410.88213539569
1999-10-28,78410.88213539569
1999-10-29,78410.88213539569
1999-11-01,78410.88213539569
1999-11-02,78410.88213539569
1999-11-03,78410.88213539569
1999-11-04,78410.88213539569
1999-11-05,78410.88213539569
1999-11-08,78410.88213539569
1999-11-09,78410.88213539569
1999-11-10,78410.88213539569
1999-11-11,78410.88213539569
1999-11-12,78410.88213539569
1999-11-15,78410.88213539569
1999-11-16,78410.88213539569
1999-11-17,78410.88213539569
1999-11-18,78410.88213539569
1999-11-19,78410.88213539569
1999-11-22,78410.88213539569
1999-11-23,78410.88213539569
1999-11-24,98006.74308897382
1999-11-25,97970.13455622757
1999-11-26,97937.38032692096
1999-11-29,98033.71733310704
1999-11-30,98058.76442552044
1999-12-01,98078.03153276045
1999-12-02,98160.88141687991
1999-12-03,98158.95573514616
1999-12-06,97893.06465728149
1999-12-07,97833.33618384166
1999-12-08,77913.35210983659
1999-12-09,77913.35210983659
1999-12-10,77913.35210983659
1999-12-13,77913.35210983659
1999-12-14,77913.35210983659
1999-12-15,77913.35210983659
1999-12-16,77913.35210983659
1999-12-17,77913.35210983659
1999-12-20,77913.35210983659
1999-12-21,77913.35210983659
1999-12-22,77913.35210983659
1999-12-23,77913.35210983659
1999-12-24,77913.35210983659
1999-12-27,77913.35210983659
1999-12-28,77913.35210983659
1999-12-29,77913.35210983659
1999-12-30,77913.35210983659
1999-12-31,77913.35210983659
2000-01-03,77913.35210983659
2000-01-04,77913.35210983659
2000-01-05,77913.35210983659
2000-01-06,77913.35210983659
2000-01-07,77913.35210983659
2000-01-10,77913.35210983659
2000-01-11,77913.35210983659
2000-01-12,77913.35210983659
2000-01-13,77913.35210983659
2000-01-14,77913.35210983659
2000-01-17,77913.35210983659
2000-01-18,77913.35210983659
2000-01-19,77913.35210983659
2000-01-20,77913.35210983659
2000-01-21,77913.35210983659
2000-01-24,77913.35210983659
2000-01-25,77913.35210983659
2000-01-26,77913.35210983659
2000-01-27,97384.87408219714
2000-01-28,97632.15160471173
2000-01-31,97754.84492062073
2000-02-01,97715.20534223213
2000-02-02,97690.66696707634
2000-02-03,97503.79425749293
2000-02-04,97596.28660706633
2000-02-07,97662.35257104733
2000-02-08,97583.07341427013
2000-02-09,97481.14245264373
2000-02-10,97566.08420060073
2000-02-11,97577.41082309034
2000-02-14,97677.45377428013
2000-02-15,97671.79118310033
2000-02-16,97594.39859662973
2000-02-17,97592.51058619312
2000-02-18,97660.46456061072
2000-02-21,97651.02738868773
2000-02-22,97405.63787660975
2000-02-23,97452.82805661473
2000-02-24,97543.43383588154
2000-02-25,97779.38473590653
2000-02-28,97781.27130621312
2000-02-29,97903.96606225212
2000-03-01,97709.54275105233
2000-03-02,97853.00130150391
2000-03-03,97919.06726548492
2000-03-06,97949.26967195052
2000-03-07,97936.05503902432
2000-03-08,97905.85407268871
2000-03-09,97800.14853031913
2000-03-10,97864.32648386352
2000-03-13,97824.68690547493
2000-03-14,97786.93533752293
2000-03-15,97802.03510062571
2000-03-16,97764.28353267373
2000-03-17,97768.05811341692
2000-03-20,97758.62094149392
2000-03-21,97883.20226783952
2000-03-22,97926.61786710132
2000-03-23,97773.72214472672
2000-03-24,97686.89094620313
2000-03-27,97815.24829342193
2000-03-28,97830.34949665473
2000-03-29,97966.25744548991
2000-03-30,97819.02431429512
2000-03-31,97813.36172311532
2000-04-03,97832.23750709133
2000-04-04,97762.39552223713
2000-04-05,97785.04732708633
2000-04-06,97828.46148621812
2000-04-07,97913.40467430511
2000-04-10,97858.66389268372
2000-04-11,97907.74208312531
2000-04-12,97911.51666386852
2000-04-13,97945.49365107733
2000-04-14,97871.87708547992
2000-04-17,97943.60564064072
2000-04-18,98037.98600065071
2000-04-19,98132.3663606607
2000-04-20,98192.7697334619
2000-04-24,98160.6807566897
2000-04-25,98426.8340631803
2000-04-26,98400.4076775879
2000-04-27,98592.94297835109
2000-04-28,98700.53653115728
2000-05-01,98604.2681607107
2000-05-02,98723.18833600648
2000-05-03,98911.94905602648
2000-05-04,99013.88001765287
2000-05-05,98921.38622794948
2000-05-08,98947.81261354187
2000-05-09,98815.68068557988
2000-05-10,98825.11929763287
2000-05-11,98961.02580633808
2000-05-12,98655.2343615889
2000-05-15,98779.81568793449
2000-05-16,98921.38622794948
2000-05-17,99070.50736958087
2000-05-18,99091.27116399347
2000-05-19,98951.58863441508
2000-05-22,98874.19604794448
2000-05-23,98889.29725117728
2000-05-24,98904.39845441008
2000-05-25,98815.68068557988
2000-05-26,78710.90550961533
2000-05-30,78710.90550961533
2000-05-31,78710.90550961533
2000-06-01,78710.90550961533
2000-06-02,78710.90550961533
2000-06-05,78710.90550961533
2000-06-06,78710.90550961533
2000-06-07,78710.90550961533
2000-06-08,78710.90550961533
2000-06-09,78710.90550961533
2000-06-12,78710.90550961533
2000-06-13,78710.90550961533
2000-06-14,78710.90550961533
2000-06-15,78710.90550961533
2000-06-16,78710.90550961533
2000-06-19,78710.90550961533
2000-06-20,78710.90550961533
2000-06-21,78710.90550961533
2000-06-22,78710.90550961533
2000-06-23,78710.90550961533
2000-06-26,78710.90550961533
2000-06-27,78710.90550961533
2000-06-28,78710.90550961533
2000-06-29,78710.90550961533
2000-06-30,78710.90550961533
2000-07-03,78710.90550961533
2000-07-04,78710.90550961533
2000-07-05,78710.90550961533
2000-07-06,78710.90550961533
2000-07-07,78710.90550961533
2000-07-10,78710.90550961533
2000-07-11,78710.90550961533
2000-07-12,78710.90550961533
2000-07-13,78710.90550961533
2000-07-14,78710.90550961533
2000-07-17,78710.90550961533
2000-07-18,78710.90550961533
2000-07-19,78710.90550961533
2000-07-20,78710.90550961533
2000-07-21,78710.90550961533
2000-07-24,78710.90550961533
2000-07-25,78710.90550961533
2000-07-26,78710.90550961533
2000-07-27,78710.90550961533
2000-07-28,78710.90550961533
2000-07-31,78710.90550961533
2000-08-01,78710.90550961533
2000-08-02,78710.90550961533
2000-08-03,78710.90550961533
2000-08-04,78710.90550961533
2000-08-07,78710.90550961533
2000-08-08,78710.90550961533
2000-08-09,78710.90550961533
2000-08-10,78710.90550961533
2000-08-11,78710.90550961533
2000-08-14,78710.90550961533
2000-08-15,78710.90550961533
2000-08-16,78710.90550961533
2000-08-17,78710.90550961533
2000-08-18,78710.90550961533
2000-08-21,78710.90550961533
2000-08-22,98381.7460599525
2000-08-23,98316.62970898079
2000-08-24,89443.29271107582
2000-08-25,98141.36227424543
2000-08-28,106935.98219644926
2000-08-29,107026.16285341413
2000-08-30,107197.16998886988
2000-08-31,107198.02124847806
2000-09-01,107065.11751810892
2000-09-05,107351.49061657474
2000-09-06,107959.49183409469
2000-09-07,107978.24048106349
2000-09-08,107664.44730392916
2000-09-11,108219.52857558748
2000-09-12,107944.0227342876
2000-09-13,107867.13660348469
2000-09-14,107915.5623259584
2000-09-15,108520.0987228805
2000-09-18,108805.67733457175
2000-09-19,113889.28414334764
2000-09-20,114275.63718907237
2000-09-21,97072.49906939907
2000-09-22,76758.70859225416
2000-09-25,76758.70859225416
2000-09-26,95943.58904053565
2000-09-27,95931.61973353116
2000-09-28,95946.57698399563
2000-09-29,95949.58392171722
2000-10-02,95946.57698399563
2000-10-03,71726.35062532555
2000-10-04,71612.90043216119
2000-10-05,71605.85383631247
2000-10-06,78296.27814769174
2000-10-09,78352.10213179723
2000-10-10,78907.05164208837
2000-10-11,79073.54044649434
2000-10-12,79568.74841054567
2000-10-13,78858.76789542752
2000-10-16,78731.91536282134
2000-10-17,79300.09688283925
2000-10-18,98495.24105876815
2000-10-19,97619.63911949872
2000-10-20,100643.83575061502
2000-10-23,111531.6438090494
2000-10-24,111473.41717729828
2000-10-25,111579.39118214443
2000-10-26,111575.06304537292
2000-10-27,92022.27203130611
2000-10-30,91999.4532720176
2000-10-31,91901.6584117056
2000-11-01,72264.845487454
2000-11-02,72264.845487454
2000-11-03,72264.845487454
2000-11-06,72264.845487454
2000-11-07,72264.845487454
2000-11-08,72264.845487454
2000-11-09,72264.845487454
2000-11-10,68881.1674691397
2000-11-13,68956.01494228114
2000-11-14,68688.78607333089
2000-11-15,68619.78605902864
2000-11-16,68827.37084781931
2000-11-17,68826.7861019354
2000-11-20,68971.21833526298
2000-11-21,68981.15901528958
2000-11-22,59557.82052629983
2000-11-23,59557.82052629983
2000-11-24,59216.52675447816
2000-11-27,67174.75589287783
2000-11-28,67405.28839324867
2000-11-29,67469.68318681512
2000-11-30,67478.48919044768
2000-12-01,67581.40479733542
2000-12-04,67573.36571517041
2000-12-05,66919.33091009471
2000-12-06,67182.04525245602
2000-12-07,67388.72379970559
2000-12-08,67187.57737437772
2000-12-11,69060.12962366632
2000-12-12,69094.48389312212
2000-12-13,69240.94156817046
2000-12-14,69392.82360155393
2000-12-15,69428.98599045476
2000-12-18,69535.09627194899
2000-12-19,66978.11302493633
2000-12-20,67410.86806804074
2000-12-21,67429.99061048137
2000-12-22,49143.641652905804
2000-12-26,49224.27845221257
2000-12-27,49097.61986883093
2000-12-28,49103.91267039886
2000-12-29,49625.64239644112
2001-01-02,67964.19599733855
2001-01-03,66801.80781386906
2001-01-04,67607.28030500025
2001-01-05,68296.05727786473
2001-01-08,67957.14675590223
2001-01-09,67839.44310781398
2001-01-10,67809.73634072853
2001-01-11,67982.78787964494
2001-01-12,67915.22586076033
2001-01-15,67817.30343665753
2001-01-16,41514.14443598703
2001-01-17,41031.16139721726
2001-01-18,42965.79409076533
2001-01-19,42977.87788508323
2001-01-22,60168.633448806366
2001-01-23,68322.73731079028
2001-01-24,85659.932888721
2001-01-25,85563.72742706788
2001-01-26,66625.91717528002
2001-01-29,66618.98491618947
2001-01-30,82639.25337664325
2001-01-31,82621.92107601772
2001-02-01,82618.45494647246
2001-02-02,82542.19513777901
2001-02-05,65563.97120522437
2001-02-06,65563.97120522437
2001-02-07,65563.97120522437
2001-02-08,49168.880040963515
2001-02-09,49181.486309330496
2001-02-12,49131.063159309066
2001-02-13,49156.275696043034
2001-02-14,49213.00005680145
2001-02-15,49484.01751567304
2001-02-16,49288.631896663836
2001-02-19,49288.631896663836
2001-02-20,49420.99002073114
2001-02-21,49288.631896663836
2001-02-22,49269.72441755986
2001-02-23,48805.61405883119
2001-02-26,32539.173427961912
2001-02-27,32423.616864088923
2001-02-28,32425.85727842645
2001-03-01,47436.288844355186
2001-03-02,62356.80823329443
2001-03-05,62356.80823329443
2001-03-06,62356.80823329443
2001-03-07,62356.80823329443
2001-03-08,62356.80823329443
2001-03-09,62356.80823329443
2001-03-12,62356.80823329443
2001-03-13,62356.80823329443
2001-03-14,77940.55516192358
2001-03-15,78079.00704765585
2001-03-16,93747.34742043368
2001-03-19,93703.62478302268
2001-03-20,93597.3776960366
2001-03-21,93828.39558206822
2001-03-22,80274.943593974
2001-03-23,80138.43526252072
2001-03-26,80063.04696362608
2001-03-27,64053.68798468235
2001-03-28,64455.861106711964
2001-03-29,64501.85492153385
2001-03-30,64799.26351764973
2001-04-02,64856.194772218885
2001-04-03,64517.13879541558
2001-04-04,64441.7449911465
2001-04-05,64442.88191391507
2001-04-06,64658.12850056362
2001-04-09,64546.771923193686
2001-04-10,64500.83456480261
2001-04-11,53588.36978833118
2001-04-12,63759.24348509936
2001-04-16,63829.53395047957
2001-04-17,63928.9609595864
2001-04-18,77083.74776843406
2001-04-19,76931.5880133659
2001-04-20,60979.159641701575
2001-04-23,45729.03298745877
2001-04-24,45993.88379725591
2001-04-25,46258.73460705305
2001-04-26,46069.55545719795
2001-04-27,45974.9658822704
2001-04-30,46220.89877708203
2001-05-01,45899.29422232836
2001-05-02,45880.37630734285
2001-05-03,45785.786732415305
2001-05-04,45804.70464740081
2001-05-07,60318.05985999244
2001-05-08,60318.05985999244
2001-05-09,60318.05985999244
2001-05-10,60318.05985999244
2001-05-11,60318.05985999244
2001-05-14,60318.05985999244
2001-05-15,45234.77445068643
2001-05-16,60262.03517435476
2001-05-17,60309.50502516952
2001-05-18,61088.16821956899
2001-05-21,60954.4134270944
2001-05-22,60953.820815770836
2001-05-23,75918.96385043807
2001-05-24,60281.5791636054
2001-05-25,60256.35163510241
2001-05-29,60279.77223375668
2001-05-30,60263.73661393012
2001-05-31,75164.46883527291
2001-06-01,75141.52827535527
2001-06-04,75179.76286600002
2001-06-05,75117.31296979054
2001-06-06,75201.42868027056
2001-06-07,75167.01735422108
2001-06-08,75182.31138494819
2001-06-11,75289.36765534585
2001-06-12,90225.37105386597
2001-06-13,90151.45136387067
2001-06-14,90074.38186440532
2001-06-15,89946.1889056557
2001-06-18,73666.19526879877
2001-06-19,73752.85949822696
2001-06-20,73764.32929201276
2001-06-21,73733.74220290457
2001-06-22,73736.29169419878
2001-06-25,73661.09725855639
2001-06-26,73629.23542380112
2001-06-27,73668.74378774692
2001-06-28,59227.43964174118
2001-06-29,59156.93329935416
2001-07-02,59238.699452196
2001-07-03,71283.16876172164
2001-07-04,71322.67809801348
2001-07-05,71586.86589460328
2001-07-06,71497.47350871713
2001-07-09,71534.06943425696
2001-07-10,85245.6888442583
2001-07-11,70364.11015619009
2001-07-12,70880.07101054917
2001-07-13,71370.2015066915
2001-07-16,56882.147734911516
2001-07-17,57000.45052855723
2001-07-18,56504.43292725425
2001-07-19,56739.18256879684
2001-07-20,56549.802392946265
2001-07-23,43212.56504602657
2001-07-24,43209.1533253714
2001-07-25,43301.27629087324
2001-07-26,43270.56755107056
2001-07-27,43338.80684503314
2001-07-30,43379.750746801314
2001-07-31,43311.511452838735
2001-08-01,43287.62778129948
2001-08-02,43277.39261933399
2001-08-03,43301.27629087324
2001-08-06,43420.694648569486
2001-08-07,43488.93394253207
2001-08-08,43557.17323649465
2001-08-09,43328.571683067654
2001-08-10,43567.408398460146
2001-08-13,43563.996677804986
2001-08-14,43376.339026146146
2001-08-15,39060.39585142998
2001-08-16,38853.745114431054
2001-08-17,71848.94150258314
2001-08-20,71483.16761417912
2001-08-21,71820.81834239018
2001-08-22,71567.67898872428
2001-08-23,71697.72711201392
2001-08-24,56238.53216593315
2001-08-27,56300.2621208517
2001-08-28,56677.78851734413
2001-08-29,56897.304390190206
2001-08-30,57217.53054947198
2001-08-31,57088.1458528798
2001-09-03,57088.1458528798
2001-09-04,57174.49852448312
2001-09-05,57182.004413693074
2001-09-06,57696.95843975303
2001-09-07,57964.10904922533
2001-09-10,57777.852837849205
2001-09-11,57877.9410426111
2001-09-12,58010.931224908374
2001-09-13,58131.24978575306
2001-09-14,79147.2626330553
2001-09-17,79727.87269405546
2001-09-18,86797.62285615358
2001-09-19,88116.45058555709
2001-09-20,58785.04159439179
2001-09-21,59486.13896982649
2001-09-24,58479.31335942624
2001-09-25,58404.11458912509
2001-09-26,44510.07793400006
2001-09-27,53707.37834271677
2001-09-28,53871.74138569498
2001-10-01,54181.474365967646
2001-10-02,54034.153420943854
2001-10-03,53825.6244432882
2001-10-04,53799.751938111025
2001-10-05,57715.88879719006
2001-10-08,57657.86497157123
2001-10-09,57493.56454434624
2001-10-10,42761.25669312632
2001-10-11,42822.4873292748
2001-10-12,42899.0256244604
2001-10-15,29042.729102911893
2001-10-16,29241.72867039446
2001-10-17,29171.26779721782
2001-10-18,40974.43057878199
2001-10-19,41242.06717401589
2001-10-22,41571.051603526066
2001-10-23,41439.86491757937
2001-10-24,41637.204334998445
2001-10-25,41445.08094805299
2001-10-26,41441.23043686026
2001-10-29,55876.72042730349
2001-10-30,56177.32279194922
2001-10-31,55973.13236147281
2001-11-01,55907.44417193541
2001-11-02,54805.573588222374
2001-11-05,42105.85259578379
2001-11-06,42083.62031732361
2001-11-07,42093.756106799156
2001-11-08,42071.70815204753
2001-11-09,55429.93484022
2001-11-12,55298.89385868493
2001-11-13,68934.62710556833
2001-11-14,54464.01128175717
2001-11-15,54611.10316629546
2001-11-16,54644.08212574903
2001-11-19,54833.3023145827
2001-11-20,54824.15206554267
2001-11-21,54938.69165373176
2001-11-22,54956.46909485929
2001-11-23,54960.02440224515
2001-11-26,54958.09020048023
2001-11-27,54890.63468576595
2001-11-28,68674.05549442407
2001-11-29,80591.40847073577
2001-11-30,80741.9128382189
2001-12-03,68494.84285020665
2001-12-04,68509.06498394832
2001-12-05,68548.17517358926
2001-12-06,54418.54941977188
2001-12-07,40810.51039523974
2001-12-10,27152.31473625134
2001-12-11,27085.6450770129
2001-12-12,53609.85341340302
2001-12-13,53609.85341340302
2001-12-14,53609.85341340302
2001-12-17,53609.85341340302
2001-12-18,53609.85341340302
2001-12-19,53609.85341340302
2001-12-20,53609.85341340302
2001-12-21,53609.85341340302
2001-12-24,67007.62684256493
2001-12-26,77010.06947948787
2001-12-27,76812.68782213586
2001-12-28,76839.2798809105
2001-12-31,76980.0201302529
2002-01-02,63118.74939402795
2002-01-03,63279.904040256544
2002-01-04,75182.00050442714
2002-01-07,75496.3630410361
2002-01-08,75299.44470782632
2002-01-09,88790.85165636451
2002-01-10,88785.21823879387
2002-01-11,88853.70851441214
2002-01-14,78522.67075744376
2002-01-15,78377.73257183051
2002-01-16,78268.41615568881
2002-01-17,78289.4597604262
2002-01-18,78130.46496158541
2002-01-21,78130.46496158541
2002-01-22,51896.647953133775
2002-01-23,64866.269892731056
2002-01-24,64884.88340442462
2002-01-25,65017.36913793432
2002-01-28,65038.172965921774
2002-01-29,64992.186348080904
2002-01-30,65004.230581614596
2002-01-31,76546.51781773797
2002-02-01,76544.42387527434
2002-02-04,89299.17883934538
2002-02-05,85583.01848570976
2002-02-06,85516.0393481663
2002-02-07,85828.83340924235
2002-02-08,85821.4176170832
2002-02-11,72255.87107913816
2002-02-12,72396.14157668893
2002-02-13,72564.2655444206
2002-02-14,72476.94816114436
2002-02-15,72385.26099845288
2002-02-18,72393.94589490714
2002-02-19,47023.25710753204
2002-02-20,46969.70024606414
2002-02-21,47160.76796805774
2002-02-22,47127.4758649831
2002-02-25,46987.07003897265
2002-02-26,46998.64990091165
2002-02-27,47055.101727864305
2002-02-28,47121.68593401359
2002-03-01,46901.668557172474
2002-03-04,50336.34535221175
2002-03-05,50336.34535221175
2002-03-06,50336.34535221175
2002-03-07,54482.36890317318
2002-03-08,54494.57512329548
2002-03-11,54573.0438237651
2002-03-12,54546.88759027523
2002-03-13,54546.88759027523
2002-03-14,54616.63765711308
2002-03-15,67183.95878074109
2002-03-18,77609.59348577543
2002-03-19,77434.82179125537
2002-03-20,77393.85718105956
2002-03-21,63913.11353897491
2002-03-22,63671.81551638036
2002-03-25,53226.10161382318
2002-03-26,53297.5954739063
2002-03-27,53374.32071372522
2002-03-28,65648.6286029657
2002-04-01,65777.83060036453
2002-04-02,78181.74135214408
2002-04-03,77847.93123387298
2002-04-04,64266.082949908
2002-04-05,51848.93739184221
2002-04-08,51906.48123855776
2002-04-09,51775.69973851383
2002-04-10,51831.50012457866
2002-04-11,47476.64995339991
2002-04-12,47476.64995339991
2002-04-15,47476.64995339991
2002-04-16,47476.64995339991
2002-04-17,47476.64995339991
2002-04-18,47476.64995339991
2002-04-19,47476.64995339991
2002-04-22,47476.64995339991
2002-04-23,47476.64995339991
2002-04-24,47468.78669970088
2002-04-25,59269.5208342128
2002-04-26,46584.04239980582
2002-04-29,46583.96748927872
2002-04-30,46464.72036789578
2002-05-01,46538.857149911826
2002-05-02,46474.31660858614
2002-05-03,46755.34915313572
2002-05-06,46709.678999248456
2002-05-07,46698.51209534271
2002-05-08,46466.377755248504
2002-05-09,46556.30747495005
2002-05-10,46672.336799853096
2002-05-13,50821.2092916969
2002-05-14,50723.082155797165
2002-05-15,73875.65868612507
2002-05-16,73788.57242573921
2002-05-17,61859.56074725036
2002-05-20,73557.29160344752
2002-05-21,73523.92411379449
2002-05-22,69411.56511023827
2002-05-23,69673.84328061387
2002-05-24,69412.26639800562
2002-05-27,69391.82574297735
2002-05-28,69871.95282422332
2002-05-29,70118.55803217799
2002-05-30,70361.27643157777
2002-05-31,70650.79086644982
2002-06-03,81437.16548396181
2002-06-04,81863.07588952364
2002-06-05,57557.13725790406
2002-06-06,57541.813531598535
2002-06-07,57401.14461054305
2002-06-10,44774.112518920076
2002-06-11,44598.94692935559
2002-06-12,44562.6038324714
2002-06-13,55914.820503351766
2002-06-14,55892.874880657764
2002-06-17,43807.808793345794
2002-06-18,43860.383357326325
2002-06-19,33172.119635231174
2002-06-20,33246.728727869246
2002-06-21,33323.38235386674
2002-06-24,44412.68696236243
2002-06-25,44567.14740494313
2002-06-26,44759.42391706322
2002-06-27,67189.27571714667
2002-06-28,67516.62909285656
2002-07-01,68428.53188067302
2002-07-02,56576.8009890291
2002-07-03,56811.56454283878
2002-07-04,56781.9258269761
2002-07-05,57120.237547189776
2002-07-08,57195.1865752215
2002-07-09,45889.66089452486
2002-07-10,56836.029119680774
2002-07-11,44866.39522166577
2002-07-12,32904.03801416991
2002-07-15,33028.728037220935
2002-07-16,43974.92660784317
2002-07-17,44014.80379258022
2002-07-18,43952.42820331579
2002-07-19,43912.52536606038
2002-07-22,62861.58210355909
2002-07-23,72575.16027406468
2002-07-24,72945.5419887845
2002-07-25,72771.1176813656
2002-07-26,72751.35134142445
2002-07-29,52446.74316215746
2002-07-30,52426.880451627745
2002-07-31,52512.452539274025
2002-08-01,52555.23858309717
2002-08-02,59423.837601270956
2002-08-05,59468.35398811147
2002-08-06,59308.829825085486
2002-08-07,59317.38921458836
2002-08-08,59182.686492055254
2002-08-09,59389.04386562698
2002-08-12,70011.891780981
2002-08-13,70407.03322693027
2002-08-14,75006.24764306808
2002-08-15,74870.8466725846
2002-08-16,74693.45687550878
2002-08-19,74709.51642083866
2002-08-20,56495.24832014296
2002-08-21,56345.19227537981
2002-08-22,56220.69869061619
2002-08-23,56253.6958148244
2002-08-26,56362.22898844237
2002-08-27,56238.9770967486
2002-08-28,56199.54758078567
2002-08-29,56335.75669871381
2002-08-30,66530.44335457805
2002-09-02,66530.44335457805
2002-09-03,62116.83222346212
2002-09-04,62475.212400201795
2002-09-05,62717.919930764634
2002-09-06,63109.75371157463
2002-09-09,73573.94356320737
2002-09-10,73451.98597226595
2002-09-11,73668.69641435
2002-09-12,62717.26433201395
2002-09-13,51589.152881374976
2002-09-16,51610.54068038081
2002-09-17,51619.71434124865
2002-09-18,51624.291098935784
2002-09-19,51651.80088959844
2002-09-20,51567.75463655766
2002-09-23,56023.013487382166
2002-09-24,66132.10805226
2002-09-25,65919.54687057064
2002-09-26,55418.55506916271
2002-09-27,55493.69224521775
2002-09-30,55544.80447209523
2002-10-01,55529.051732649954
2002-10-02,55485.0062160231
2002-10-03,55388.25927151392
2002-10-04,55372.815188988294
2002-10-07,55409.297196825006
2002-10-08,55372.66648622384
2002-10-09,55409.0863727651
2002-10-10,55310.42212441474
2002-10-11,55280.527070365395
2002-10-14,55374.911421030534
2002-10-15,44253.313830802326
2002-10-16,44217.56217455754
2002-10-17,44239.0133865152
2002-10-18,44236.15318855239
2002-10-21,39650.37765446274
2002-10-22,39650.37765446274
2002-10-23,39650.37765446274
2002-10-24,39650.37765446274
2002-10-25,39650.37765446274
2002-10-28,39650.37765446274
2002-10-29,39650.37765446274
2002-10-30,39650.37765446274
2002-10-31,39650.37765446274
2002-11-01,39650.37765446274
2002-11-04,39650.37765446274
2002-11-05,39650.37765446274
2002-11-06,39650.37765446274
2002-11-07,39650.37765446274
2002-11-08,29734.313138781876
2002-11-11,29727.67182407042
2002-11-12,29719.132577241973
2002-11-13,29677.387480705278
2002-11-14,29666.95102560885
2002-11-15,29683.079829358234
2002-11-18,29667.89999166735
2002-11-19,29623.307996955155
2002-11-20,29604.332295030283
2002-11-21,29610.025367532253
2002-11-22,39335.38737811763
2002-11-25,42617.9482445642
2002-11-26,38867.891717159204
2002-11-27,48582.43576754852
2002-11-28,48582.43576754852
2002-11-29,48582.43576754852
2002-12-02,48673.17478546662
2002-12-03,48627.805662825034
2002-12-04,48627.805662825034
2002-12-05,48459.29089571636
2002-12-06,58180.072980657336
2002-12-09,48317.876800855796
2002-12-10,48249.39684508681
2002-12-11,48288.10274902024
2002-12-12,48484.61167286126
2002-12-13,48538.20551134442
2002-12-16,48651.346544866734
2002-12-17,48663.255983874566
2002-12-18,48803.19439095443
2002-12-19,48916.33542447674
2002-12-20,48755.55572629116
2002-12-23,53221.84477148492
2002-12-24,53302.46301602021
2002-12-26,53435.905199708606
2002-12-27,53476.204665757505
2002-12-30,53119.40527895494
2002-12-31,60514.94764298477
2003-01-02,60575.64410109497
2003-01-03,61016.78485619124
2003-01-06,60908.65712922137
2003-01-07,70144.85702108397
2003-01-08,70419.5481588338
2003-01-09,70528.9939240063
2003-01-10,59714.84896193835
2003-01-13,59752.80257968565
2003-01-14,59573.462093760885
2003-01-15,59670.74034529956
2003-01-16,60025.45616567328
2003-01-17,59988.81491857277
2003-01-20,59988.81491857277
2003-01-21,69482.22082949233
2003-01-22,69405.15281273979
2003-01-23,69342.96404151284
2003-01-24,64202.923117286475
2003-01-27,64007.112549883735
2003-01-28,64048.185254645505
2003-01-29,64046.32498710655
2003-01-30,64685.85848495463
2003-01-31,64563.49034917269
2003-02-03,64412.38473399286
2003-02-04,64843.71130048635
2003-02-05,57311.53760982478
2003-02-06,37605.12595370009
2003-02-07,37800.25836625193
2003-02-10,37677.6613017945
2003-02-11,37848.71482320557
2003-02-12,37977.19305506309
2003-02-13,38043.208319323334
2003-02-14,37987.63544503564
2003-02-17,37960.34603507609
2003-02-18,37916.35073865403
2003-02-19,37974.12622169525
2003-02-20,37975.03508556386
2003-02-21,37755.43991669918
2003-02-24,37972.8894356791
2003-02-25,37869.058717068954
2003-02-26,45951.879661932355
2003-02-27,45747.74128276942
2003-02-28,55104.23898212568
2003-03-03,55179.1326531095
2003-03-04,55317.117178312204
2003-03-05,47320.2088573152
2003-03-06,47395.56343223063
2003-03-07,47480.41322316494
2003-03-10,47572.319770167545
2003-03-11,47535.20596094619
2003-03-12,47633.31110816318
2003-03-13,37413.923374887236
2003-03-14,37321.58504364274
2003-03-17,42128.75771971249
2003-03-18,37332.75457354566
2003-03-19,37332.75457354566
2003-03-20,37332.75457354566
2003-03-21,27588.54463539301
2003-03-24,35240.49600792994
2003-03-25,35282.27965016825
2003-03-26,35242.312728201636
2003-03-27,36758.75666277031
2003-03-28,36758.75666277031
2003-03-31,31449.316680870113
2003-04-01,36682.53448646169
2003-04-02,45849.95902812554
2003-04-03,37827.25973548104
2003-04-04,37903.35788794155
2003-04-07,38121.9181585983
2003-04-08,38139.84454049834
2003-04-09,38103.0219890762
2003-04-10,38029.062546423265
2003-04-11,37987.80131975989
2003-04-14,38196.0864098352
2003-04-15,38221.82675125691
2003-04-16,38180.137482116625
2003-04-17,38344.908181764265
2003-04-21,44766.69352517175
2003-04-22,44041.5673878596
2003-04-23,44121.224147358924
2003-04-24,44057.54217459384
2003-04-25,43912.2378307887
2003-04-28,44075.02286695108
2003-04-29,44123.70017996531
2003-04-30,52814.26899099621
2003-05-01,61582.21126970502
2003-05-02,61794.61579625798
2003-05-05,61783.75812833382
2003-05-06,61872.62405472249
2003-05-07,70382.44315432297
2003-05-08,70338.90101837613
2003-05-09,71023.56683858615
2003-05-12,71299.78134193463
2003-05-13,71188.68915842645
2003-05-14,71265.58157261887
2003-05-15,71358.14249746352
2003-05-16,79913.5587480611
2003-05-19,69249.24067333054
2003-05-20,69248.73743027479
2003-05-21,60549.73599933443
2003-05-22,60587.48809131154
2003-05-23,60615.22520814592
2003-05-26,60635.18193310956
2003-05-27,52020.573366257566
2003-05-28,52036.16714373913
2003-05-29,52082.091444285776
2003-05-30,52232.62838707815
2003-06-02,60602.45203735227
2003-06-03,60654.08812756695
2003-06-04,60802.4221713228
2003-06-05,60858.31512859458
2003-06-06,60758.738561896236
2003-06-09,52137.518575797134
2003-06-10,52303.99011573862
2003-06-11,52407.85966436053
2003-06-12,52454.58839345731
2003-06-13,52332.837790716294
2003-06-16,52540.399257120254
2003-06-17,52463.86537051704
2003-06-18,52439.59502201501
2003-06-19,52306.61657032486
2003-06-20,43487.16026545267
2003-06-23,43250.88760492295
2003-06-24,43215.46651429073
2003-06-25,37522.16257393379
2003-06-26,37622.30815570511
2003-06-27,37569.504121680235
2003-06-30,29276.279956027593
2003-07-01,29307.32999609634
2003-07-02,29427.432730853714
2003-07-03,29356.42040923405
2003-07-04,29356.42040923405
2003-07-07,29623.914322351568
2003-07-08,29565.9356555211
2003-07-09,29658.534056571065
2003-07-10,29687.355475460474
2003-07-11,29720.130393131087
2003-07-14,38117.21835716334
2003-07-15,30296.62247238758
2003-07-16,30339.49334030196
2003-07-17,30237.298504961756
2003-07-18,30521.390027911613
2003-07-21,30312.270853808295
2003-07-22,21983.222943127417
2003-07-23,37133.36067481501
2003-07-24,37180.71081247308
2003-07-25,37145.97353765082
2003-07-28,37296.74830447738
2003-07-29,37369.8570468899
2003-07-30,28509.45426983641
2003-07-31,36589.3523338926
2003-08-01,36399.67259016135
2003-08-04,44161.36504300468
2003-08-05,32514.323670417827
2003-08-06,40665.69973075469
2003-08-07,40695.46995517696
2003-08-08,48107.83176919036
2003-08-11,48178.68501288177
2003-08-12,40231.289438449094
2003-08-13,40305.48871842502
2003-08-14,40379.68799840094
2003-08-15,40613.70111217117
2003-08-18,40727.85385059567
2003-08-19,31871.245719051512
2003-08-20,31871.245719051512
2003-08-21,31871.245719051512
2003-08-22,31871.245719051512
2003-08-25,31871.245719051512
2003-08-26,31871.245719051512
2003-08-27,39625.465252757145
2003-08-28,39563.176136024544
2003-08-29,39671.14419181612
2003-09-01,44931.68225191694
2003-09-02,52897.899244459004
2003-09-03,60910.85457366242
2003-09-04,60846.18584862354
2003-09-05,60992.35041152561
2003-09-08,61061.53220905612
2003-09-09,67140.37337874896
2003-09-10,58828.08570134656
2003-09-11,58997.62170022345
2003-09-12,58803.43349676899
2003-09-15,58695.33486751384
2003-09-16,58955.31665314111
2003-09-17,59049.86682240677
2003-09-18,59203.4588819798
2003-09-19,59373.058141228634
2003-09-22,59166.32686490339
2003-09-23,59228.86457694728
2003-09-24,44262.28842713609
2003-09-25,44107.087777233035
2003-09-26,35878.032505626885
2003-09-29,35497.83397841497
2003-09-30,35446.35444491882
2003-10-01,35532.1536674124
2003-10-02,35615.80790934364
2003-10-03,42859.83796465193
2003-10-06,42915.758826445155
2003-10-07,43032.31453714192
2003-10-08,43019.56700425444
2003-10-09,43130.803788574136
2003-10-10,43399.8044863694
2003-10-13,43767.417315506274
2003-10-14,43733.30596820725
2003-10-15,43830.8020842389
2003-10-16,37276.751494382355
2003-10-17,37281.19282267943
2003-10-20,37427.74977398595
2003-10-21,37378.897280409496
2003-10-22,44782.50399840549
2003-10-23,44857.35194600126
2003-10-24,52067.09705310643
2003-10-27,52137.87061410135
2003-10-28,52248.102115691654
2003-10-29,52620.99591569262
2003-10-30,52643.43873696985
2003-10-31,52707.8466118965
2003-11-03,44855.50629244986
2003-11-04,36581.77996859973
2003-11-05,36572.89784142843
2003-11-06,36426.340890121915
2003-11-07,36466.311256527064
2003-11-10,28914.60787664629
2003-11-11,36140.73032352311
2003-11-12,43636.69903602555
2003-11-13,43663.86059775892
2003-11-14,50474.52216162073
2003-11-17,43265.12937396269
2003-11-18,35513.56498452169
2003-11-19,35464.150474437396
2003-11-20,35442.18890436003
2003-11-21,35484.282332565075
2003-11-24,35401.925188104666
2003-11-25,35394.60466474554
2003-11-26,35498.92337928332
2003-11-27,35498.92337928332
2003-11-28,35498.92337928332
2003-12-01,41550.29339676962
2003-12-02,46438.32547832769
2003-12-03,46594.83352785412
2003-12-04,46463.57429517273
2003-12-05,46437.94731580348
2003-12-08,46519.85606416098
2003-12-09,50995.172585846
2003-12-10,44514.79502669722
2003-12-11,51306.44053553318
2003-12-12,51555.91723569027
2003-12-15,51589.82661589769
2003-12-16,51561.80245275773
2003-12-17,51623.36428936966
2003-12-18,51656.621521146575
2003-12-19,51681.248432088294
2003-12-22,51257.50991123017
2003-12-23,51345.59602364227
2003-12-24,51434.527482996746
2003-12-26,51437.65231619473
2003-12-29,56553.517527821925
2003-12-30,56648.425128454764
2003-12-31,56614.02278010445
2004-01-02,56599.75501964869
2004-01-05,57344.835866632464
2004-01-06,57341.7775108544
2004-01-07,57314.07693495547
2004-01-08,57643.44677664332
2004-01-09,57747.89824212374
2004-01-12,66066.9997569775
2004-01-13,71859.64005991265
2004-01-14,71822.05602551196
2004-01-15,59354.94895899814
2004-01-16,59700.19139583734
2004-01-19,59689.25447964437
2004-01-20,59913.53749394778
2004-01-21,59951.56221685993
2004-01-22,59902.36420666845
2004-01-23,59913.69742270562
2004-01-26,60139.395284973725
2004-01-27,59724.412829770314
2004-01-28,41668.633574528605
2004-01-29,38718.8261467411
2004-01-30,38831.05060230369
2004-02-02,38856.645691483995
2004-02-03,38973.70071492316
2004-02-04,31349.833188464083
2004-02-05,31344.77636926087
2004-02-06,31382.70492473905
2004-02-09,37759.57394469803
2004-02-10,37626.664639942996
2004-02-11,44258.212682137964
2004-02-12,44311.926677249285
2004-02-13,44321.10776013446
2004-02-16,44333.48030688081
2004-02-17,49065.25310001119
2004-02-18,55240.878821652346
2004-02-19,55634.693229069424
2004-02-20,55527.785103370086
2004-02-23,55699.48202587741
2004-02-24,56054.627532537306
2004-02-25,55986.838236369265
2004-02-26,56356.26111511324
2004-02-27,56443.48321996836
2004-03-01,59773.878971710335
2004-03-02,45216.33387281238
2004-03-03,39925.4858365306
2004-03-04,40017.015260709726
2004-03-05,40225.18966406112
2004-03-08,40094.16639936702
2004-03-09,40171.87222354936
2004-03-10,32990.74551316888
2004-03-11,33047.35645298595
2004-03-12,32919.982585852624
2004-03-15,45908.31666705065
2004-03-16,45952.27010238382
2004-03-17,46159.40328362221
2004-03-18,46509.141101217516
2004-03-19,46622.81907478833
2004-03-22,46938.7800818232
2004-03-23,46933.38251708683
2004-03-24,32410.319503563496
2004-03-25,32268.710423637625
2004-03-26,32359.11563546918
2004-03-29,32279.119882360894
2004-03-30,32435.52973492299
2004-03-31,44881.259458986446
2004-04-01,42287.17560768975
2004-04-02,42293.756481114935
2004-04-05,35715.28530128009
2004-04-06,35728.554153575606
2004-04-07,35774.618876317225
2004-04-08,35719.783979638894
2004-04-12,29034.438291446877
2004-04-13,24285.14606983897
2004-04-14,24285.14606983897
2004-04-15,24285.14606983897
2004-04-16,24285.14606983897
2004-04-19,24285.14606983897
2004-04-20,24285.14606983897
2004-04-21,24285.14606983897
2004-04-22,24285.14606983897
2004-04-23,24285.14606983897
2004-04-26,24285.14606983897
2004-04-27,24285.14606983897
2004-04-28,24285.14606983897
2004-04-29,24285.14606983897
2004-04-30,24285.14606983897
2004-05-03,24285.14606983897
2004-05-04,26916.728755211047
2004-05-05,26956.566290722098
2004-05-06,26943.061993374224
2004-05-07,26980.87397443366
2004-05-10,26913.35274526734
2004-05-11,26989.651806345737
2004-05-12,27037.59181723629
2004-05-13,27058.523491004147
2004-05-14,27078.779808239433
2004-05-17,27090.258293562645
2004-05-18,27022.061965436802
2004-05-19,27086.88228361894
2004-05-20,27047.719847067412
2004-05-21,26980.87397443366
2004-05-24,27101.737036458904
2004-05-25,27062.574599907377
2004-05-26,27032.865351800494
2004-05-27,26947.788458810024
2004-05-28,22055.318867926762
2004-05-31,22055.318867926762
2004-06-01,26201.08397666973
2004-06-02,26041.05847809296
2004-06-03,22461.396078532907
2004-06-04,22706.007264817308
2004-06-07,22706.007264817308
2004-06-08,22706.007264817308
2004-06-09,22706.007264817308
2004-06-10,22706.007264817308
2004-06-11,22706.007264817308
2004-06-14,22706.007264817308
2004-06-15,22706.007264817308
2004-06-16,22706.007264817308
2004-06-17,22706.007264817308
2004-06-18,22706.007264817308
2004-06-21,22706.007264817308
2004-06-22,22706.007264817308
2004-06-23,22706.007264817308
2004-06-24,22706.007264817308
2004-06-25,22706.007264817308
2004-06-28,22706.007264817308
2004-06-29,22706.007264817308
2004-06-30,22706.007264817308
2004-07-01,22706.007264817308
2004-07-02,17027.518275542698
2004-07-05,17010.737579650773
2004-07-06,17017.837085897136
2004-07-07,17048.171250330543
2004-07-08,22730.140801983554
2004-07-09,22733.7108594213
2004-07-12,22743.99740910848
2004-07-13,22631.349869294605
2004-07-14,22694.15790234697
2004-07-15,22650.996113456305
2004-07-16,26379.482473067685
2004-07-19,26349.125239835037
2004-07-20,26198.86047434715
2004-07-21,20151.408921660008
2004-07-22,20180.68183960081
2004-07-23,21983.35996346253
2004-07-26,21983.35996346253
2004-07-27,21983.35996346253
2004-07-28,24401.165579878663
2004-07-29,24392.710360107558
2004-07-30,24451.896253429797
2004-08-02,24453.02363040096
2004-08-03,24471.625027887327
2004-08-04,24397.219867992193
2004-08-05,21271.019858494732
2004-08-06,21802.5253091643
2004-08-09,21830.600008813646
2004-08-10,16143.094805942288
2004-08-11,16184.983218309608
2004-08-12,16323.857054425236
2004-08-13,20295.241989384587
2004-08-16,20181.351166937002
2004-08-17,20133.341951069582
2004-08-18,25413.262319517722
2004-08-19,25572.43288832642
2004-08-20,35195.184088012255
2004-08-23,30937.710628966117
2004-08-24,17238.86955848022
2004-08-25,19967.272303519323
2004-08-26,19967.272303519323
2004-08-27,19967.272303519323
2004-08-30,19967.272303519323
2004-08-31,24957.842612045286
2004-09-01,24964.026838900045
2004-09-02,24944.78284580479
2004-09-03,24913.85634211328
2004-09-06,24913.85634211328
2004-09-07,24926.225131411404
2004-09-08,24955.779413287793
2004-09-09,24948.218266377407
2004-09-10,24955.093470174535
2004-09-13,24964.026838900045
2004-09-14,24971.58832139904
2004-09-15,24959.21483386041
2004-09-16,24990.14167314053
2004-09-17,24973.646821916027
2004-09-20,24996.33059823579
2004-09-21,28714.96921103241
2004-09-22,28794.368156870652
2004-09-23,28745.242827376427
2004-09-24,28727.207866732977
2004-09-27,30760.58269149917
2004-09-28,30747.26702840163
2004-09-29,35737.69302480463
2004-09-30,38780.75640104395
2004-10-01,38725.484714547594
2004-10-04,33366.90967262945
2004-10-05,33575.26108755981
2004-10-06,33758.75233196438
2004-10-07,33739.82127211771
2004-10-08,38783.61769845913
2004-10-11,38782.99211335907
2004-10-12,33384.122469299735
2004-10-13,20673.90286674884
2004-10-14,20718.082662340334
2004-10-15,20724.788608813727
2004-10-18,20675.08620710712
2004-10-19,20660.096727650132
2004-10-20,23626.750852700658
2004-10-21,23592.375022569096
2004-10-22,23629.09156616884
2004-10-25,28261.113471821813
2004-10-26,28246.34269296979
2004-10-27,28064.77569994444
2004-10-28,29116.25292461965
2004-10-29,29195.614058505074
2004-11-01,29195.638806785886
2004-11-02,26102.3328483944
2004-11-03,30786.75872808946
2004-11-04,34487.965095095205
2004-11-05,34646.11596873177
2004-11-08,34624.64300960034
2004-11-09,34661.91669070229
2004-11-10,34582.61629246401
2004-11-11,34694.959956319944
2004-11-12,34863.81169831366
2004-11-15,34860.51904453477
2004-11-16,34854.948370378755
2004-11-17,35006.52191119677
2004-11-18,34947.65853654614
2004-11-19,34914.19871245227
2004-11-22,34973.394890421645
2004-11-23,34956.77648859615
2004-11-24,38437.40526610038
2004-11-25,38474.1948573829
2004-11-26,38422.019384391126
2004-11-29,38427.533462388485
2004-11-30,34956.64880149416
2004-12-01,35256.924713268956
2004-12-02,35185.67897562684
2004-12-03,35280.652122215004
2004-12-06,35236.982985748706
2004-12-07,35076.34591830056
2004-12-08,26194.744758258654
2004-12-09,26221.158773557938
2004-12-10,26230.33569265561
2004-12-13,26301.62678130528
2004-12-14,26323.983403088656
2004-12-15,26321.831833992976
2004-12-16,26294.980939270674
2004-12-17,26231.376685562198
2004-12-20,26257.29304570592
2004-12-21,29116.95124850423
2004-12-22,29075.09425176477
2004-12-23,29098.173025929784
2004-12-24,29098.173025929784
2004-12-27,29113.595021743233
2004-12-28,29247.772030299682
2004-12-29,29149.44552191061
2004-12-30,29137.365931763183
2004-12-31,29134.37067031315
2005-01-03,29145.13877594479
2005-01-04,20812.980058130095
2005-01-05,17211.979084941537
2005-01-06,17211.979084941537
2005-01-07,17211.979084941537
2005-01-10,17211.979084941537
2005-01-11,17211.979084941537
2005-01-12,17211.979084941537
2005-01-13,17211.979084941537
2005-01-14,17211.979084941537
2005-01-17,17211.979084941537
2005-01-18,17211.979084941537
2005-01-19,17211.979084941537
2005-01-20,17211.979084941537
2005-01-21,17211.979084941537
2005-01-24,17211.979084941537
2005-01-25,17211.979084941537
2005-01-26,17211.979084941537
2005-01-27,17211.979084941537
2005-01-28,17211.979084941537
2005-01-31,17211.979084941537
2005-02-01,17211.979084941537
2005-02-02,17211.979084941537
2005-02-03,17211.979084941537
2005-02-04,17211.979084941537
2005-02-07,17211.979084941537
2005-02-08,17211.979084941537
2005-02-09,17211.979084941537
2005-02-10,17211.979084941537
2005-02-11,17211.979084941537
2005-02-14,17211.979084941537
2005-02-15,17211.979084941537
2005-02-16,17211.979084941537
2005-02-17,17211.979084941537
2005-02-18,17211.979084941537
2005-02-21,17211.979084941537
2005-02-22,17211.979084941537
2005-02-23,17211.979084941537
2005-02-24,17211.979084941537
2005-02-25,21513.46810915639
2005-02-28,21699.794113243417
2005-03-01,21357.69695534965
2005-03-02,25576.963927882156
2005-03-03,27544.7231955521
2005-03-04,31828.582848196747
2005-03-07,22608.55409031303
2005-03-08,22617.927860643627
2005-03-09,29304.926538468244
2005-03-10,32814.878181634514
2005-03-11,41269.271365429166
2005-03-14,36881.853316941386
2005-03-15,41127.771146447165
2005-03-16,36227.90704890243
2005-03-17,31925.436681639338
2005-03-18,19460.028997351532
2005-03-21,16711.773849233745
2005-03-22,16689.906627412514
2005-03-23,16607.62668984511
2005-03-24,16645.801615196724
2005-03-28,16616.521749449163
2005-03-29,16623.193114844416
2005-03-30,16614.29805524036
2005-03-31,16666.556989913555
2005-04-01,16735.864906648203
2005-04-04,16726.228427128648
2005-04-05,16690.277337370262
2005-04-06,19487.41285038565
2005-04-07,19421.081078818763
2005-04-08,19395.485182670705
2005-04-11,19444.017083218452
2005-04-12,17317.957936734074
2005-04-13,14445.432307657527
2005-04-14,14445.432307657527
2005-04-15,14445.432307657527
2005-04-18,14445.432307657527
2005-04-19,14445.432307657527
2005-04-20,14445.432307657527
2005-04-21,14445.432307657527
2005-04-22,14445.432307657527
2005-04-25,14445.432307657527
2005-04-26,14445.432307657527
2005-04-27,14445.432307657527
2005-04-28,14445.432307657527
2005-04-29,14445.432307657527
2005-05-02,14445.432307657527
2005-05-03,14445.432307657527
2005-05-04,14445.432307657527
2005-05-05,14445.432307657527
2005-05-06,14445.432307657527
2005-05-09,14445.432307657527
2005-05-10,14445.432307657527
2005-05-11,14445.432307657527
2005-05-12,16899.516545787403
2005-05-13,16922.183984402975
2005-05-16,16924.457457815362
2005-05-17,18066.758722411756
2005-05-18,16916.60798890594
2005-05-19,16935.927670307578
2005-05-20,16961.61284829901
2005-05-23,18020.207910406418
2005-05-24,18018.940939138094
2005-05-25,18018.096076812166
2005-05-26,20613.80494379058
2005-05-27,17815.82489338936
2005-05-31,17872.418747065494
2005-06-01,20714.33385061056
2005-06-02,22665.856961166995
2005-06-03,22710.43940749312
2005-06-06,22717.36100125004
2005-06-07,22661.09556736853
2005-06-08,22695.403118917762
2005-06-09,19802.618505260427
2005-06-10,19866.522994780702
2005-06-13,19856.12942396897
2005-06-14,19830.874218252648
2005-06-15,23211.823654455886
2005-06-16,23252.254516920068
2005-06-17,27522.18222732329
2005-06-20,27704.69523112193
2005-06-21,27640.24617846094
2005-06-22,27598.585399481803
2005-06-23,27563.370972594843
2005-06-24,27725.112262689563
2005-06-27,20774.455326062387
2005-06-28,18678.128784697165
2005-06-29,18660.989968452996
2005-06-30,18643.03543996272
2005-07-01,18739.269045664827
2005-07-04,18751.939402789198
2005-07-05,18772.20636024144
2005-07-06,18809.597352727622
2005-07-07,18792.380588311724
2005-07-08,18765.126778147467
2005-07-11,18714.98839007985
2005-07-12,15051.60772599059
2005-07-13,15037.19680819337
2005-07-14,20896.0991588031
2005-07-15,24412.263014535813
2005-07-18,24446.373294856006
2005-07-19,17760.00659278831
2005-07-20,16365.752382393777
2005-07-21,16360.876819877933
2005-07-22,16367.702607400115
2005-07-25,16356.976369865257
2005-07-26,16362.82704488427
2005-07-27,16383.304407450818
2005-07-28,16400.85643250786
2005-07-29,16371.60305741279
2005-08-01,16378.428844934973
2005-08-02,16405.731995023703
2005-08-03,18964.48145630933
2005-08-04,18911.623877216927
2005-08-05,18885.858347587127
2005-08-08,20433.864442573897
2005-08-09,20377.802602440854
2005-08-10,20452.542735615316
2005-08-11,23806.327731504432
2005-08-12,23878.444659981273
2005-08-15,23912.86306831461
2005-08-16,20326.353245641352
2005-08-17,20123.538394385047
2005-08-18,20121.807090826653
2005-08-19,16699.64399720798
2005-08-22,16734.205041614703
2005-08-23,16747.30448118524
2005-08-24,16745.738276545108
2005-08-25,16745.429056139114
2005-08-26,16794.943571400847
2005-08-29,14180.088767457088
2005-08-30,14244.125633839214
2005-08-31,14222.78013650428
2005-09-01,14235.783758372381
2005-09-02,14189.166855925698
2005-09-06,14149.665181653545
2005-09-07,12526.413052818587
2005-09-08,12526.413052818587
2005-09-09,12526.413052818587
2005-09-12,15657.233532624943
2005-09-13,15632.167711543465
2005-09-14,15657.929634264097
2005-09-15,15697.617202016872
2005-09-16,15725.468067110682
2005-09-19,15775.599709273634
2005-09-20,15772.118351136909
2005-09-21,15790.917557584087
2005-09-22,17241.42454123382
2005-09-23,17210.521469570896
2005-09-26,17261.6702952969
2005-09-27,17236.26255498132
2005-09-28,17316.894922382064
2005-09-29,20181.368492446843
2005-09-30,20091.869625953535
2005-10-03,20077.062248447535
2005-10-04,20079.766684997205
2005-10-05,20118.187569196223
2005-10-06,20205.902302209048
2005-10-07,20313.4840892416
2005-10-10,20343.24175114863
2005-10-11,20389.75991645734
2005-10-12,20315.300395235325
2005-10-13,20240.3637065915
2005-10-14,20271.816755216758
2005-10-17,20364.771819324902
2005-10-18,20343.283239017564
2005-10-19,14073.07769072405
2005-10-20,14070.646732519845
2005-10-21,14074.698297327881
2005-10-24,14071.051860021571
2005-10-25,14104.274730086234
2005-10-26,14107.110912389091
2005-10-27,14079.560213736293
2005-10-28,14048.768301875836
2005-10-31,14048.768301875836
2005-11-01,14048.768301875836
2005-11-02,14053.630121687325
2005-11-03,14056.061079891531
2005-11-04,17206.163828751116
2005-11-07,17210.433099333393
2005-11-08,17208.71806766205
2005-11-09,17207.90602619497
2005-11-10,19877.55383194777
2005-11-11,19905.628629245955
2005-11-14,19916.846311629564
2005-11-15,19922.219030737986
2005-11-16,23077.88437571151
2005-11-17,29401.322867135044
2005-11-18,29439.805386773172
2005-11-21,29522.11760075792
2005-11-22,29548.59472182516
2005-11-23,29601.321461723976
2005-11-24,29596.439398164854
2005-11-25,29629.573399456185
2005-11-28,29711.694090092915
2005-11-29,28115.22080087758
2005-11-30,28048.094545299806
2005-12-01,28272.977857613398
2005-12-02,28313.451193552355
2005-12-05,28344.954472250298
2005-12-06,28388.36792990147
2005-12-07,28438.68316545771
2005-12-08,28470.20679466099
2005-12-09,28578.24563349502
2005-12-12,25318.340739284933
2005-12-13,22055.0007296922
2005-12-14,18678.725349233715
2005-12-15,18666.471530775576
2005-12-16,18678.396674635464
2005-12-19,18629.049421482036
2005-12-20,18630.305111168367
2005-12-21,18642.439922473066
2005-12-22,20405.39769983534
2005-12-23,20426.25719835668
2005-12-27,20407.454862720493
2005-12-28,20339.463176068773
2005-12-29,17227.583327162298
2005-12-30,17212.05508776259
2006-01-03,23451.291332836903
2006-01-04,23481.254139956636
2006-01-05,24615.36951967965
2006-01-06,20453.728951835335
2006-01-09,22202.210264327456
2006-01-10,22145.30559774398
2006-01-11,22202.34545519192
2006-01-12,22172.26826495111
2006-01-13,22215.93646873114
2006-01-16,22227.081853479067
2006-01-17,22164.52269359141
2006-01-18,22030.03446995055
2006-01-19,22166.95981855813
2006-01-20,16257.49265010927
2006-01-23,16299.827633428944
2006-01-24,16305.601245421716
2006-01-25,16352.716012642535
2006-01-26,16368.217452654379
2006-01-27,16393.75997242459
2006-01-30,16467.538450568227
2006-01-31,16500.600963861172
2006-02-01,16451.438309856007
2006-02-02,18924.169398069134
2006-02-03,24354.864754595183
2006-02-06,24339.35760168054
2006-02-07,15720.177617079371
2006-02-08,15750.447569217245
2006-02-09,15831.26875037829
2006-02-10,10322.400446964592
2006-02-13,10322.400446964592
2006-02-14,10322.400446964592
2006-02-15,10322.400446964592
2006-02-16,10322.400446964592
2006-02-17,10322.400446964592
2006-02-20,10322.400446964592
2006-02-21,12902.097529272516
2006-02-22,12853.612727488744
2006-02-23,12858.807527679863
2006-02-24,15452.260691200709
2006-02-27,15484.060653659119
2006-02-28,15468.94553052607
2006-03-01,12653.528008823077
2006-03-02,14526.731347060584
2006-03-03,14535.510556513542
2006-03-06,11766.084489526256
2006-03-07,11780.862271016364
2006-03-08,14226.58923323224
2006-03-09,14214.492972267766
2006-03-10,14237.911013819059
2006-03-13,11549.774391227285
2006-03-14,11565.813688553515
2006-03-15,16448.60625981559
2006-03-16,16401.793952804728
2006-03-17,15250.732707293926
2006-03-20,15246.284408000656
2006-03-21,15263.188774931506
2006-03-22,15272.970706180282
2006-03-23,15337.777438756886
2006-03-24,15349.211931526934
2006-03-27,15411.842556677733
2006-03-28,15403.109490505052
2006-03-29,15451.401467390784
2006-03-30,17951.759679907213
2006-03-31,20288.618423594926
2006-04-03,20417.13209250022
2006-04-04,20391.450556305783
2006-04-05,20452.517200940616
2006-04-06,20622.604804407434
2006-04-07,20586.445836720544
2006-04-10,20738.017242073478
2006-04-11,20729.604867684677
2006-04-12,18266.73913042947
2006-04-13,18322.072040819952
2006-04-17,19840.726605706906
2006-04-18,20045.751242624276
2006-04-19,20248.346847123874
2006-04-20,18013.520104255116
2006-04-21,18229.525180690398
2006-04-24,18123.592845173185
2006-04-25,18261.890696323724
2006-04-26,18319.043115871085
2006-04-27,15467.410314707624
2006-04-28,15544.678603704066
2006-05-01,15553.452568387365
2006-05-02,15600.987972620627
2006-05-03,15595.151905080076
2006-05-04,16668.74358507533
2006-05-05,16724.884936432012
2006-05-08,16706.125535841802
2006-05-09,19431.162556407493
2006-05-10,19485.030697417307
2006-05-11,20275.12546218923
2006-05-12,20010.55450474369
2006-05-15,17437.02159237714
2006-05-16,17496.050884261545
2006-05-17,17615.791742669382
2006-05-18,16887.212470401544
2006-05-19,13078.211681945786
2006-05-22,13147.657495027182
2006-05-23,13102.517716524275
2006-05-24,13046.961066059159
2006-05-25,10262.946563330077
2006-05-26,10262.946563330077
2006-05-29,10262.946563330077
2006-05-30,10262.946563330077
2006-05-31,10262.946563330077
2006-06-01,10262.946563330077
2006-06-02,10262.946563330077
2006-06-05,10262.946563330077
2006-06-06,10262.946563330077
2006-06-07,10262.946563330077
2006-06-08,10262.946563330077
2006-06-09,10262.946563330077
2006-06-12,10262.946563330077
2006-06-13,10262.946563330077
2006-06-14,10262.946563330077
2006-06-15,10262.946563330077
2006-06-16,10262.946563330077
2006-06-19,10262.946563330077
2006-06-20,10262.946563330077
2006-06-21,10262.946563330077
2006-06-22,10262.946563330077
2006-06-23,10262.946563330077
2006-06-26,10262.946563330077
2006-06-27,10262.946563330077
2006-06-28,10262.946563330077
2006-06-29,10262.946563330077
2006-06-30,10262.946563330077
2006-07-03,10262.946563330077
2006-07-04,10262.946563330077
2006-07-05,10262.946563330077
2006-07-06,10262.946563330077
2006-07-07,10262.946563330077
2006-07-10,10262.946563330077
2006-07-11,10262.946563330077
2006-07-12,10262.946563330077
2006-07-13,12032.92483023724
2006-07-14,12040.5413063755
2006-07-17,12000.612827385004
2006-07-18,10169.866385523848
2006-07-19,10169.866385523848
2006-07-20,10169.866385523848
2006-07-21,10169.866385523848
2006-07-24,10169.866385523848
2006-07-25,10169.866385523848
2006-07-26,10169.866385523848
2006-07-27,10169.866385523848
2006-07-28,10169.866385523848
2006-07-31,10169.866385523848
2006-08-01,10169.866385523848
2006-08-02,10169.866385523848
2006-08-03,10169.866385523848
2006-08-04,10169.866385523848
2006-08-07,10169.866385523848
2006-08-08,10169.866385523848
2006-08-09,10169.866385523848
2006-08-10,10169.866385523848
2006-08-11,10169.866385523848
2006-08-14,10169.866385523848
2006-08-15,10169.866385523848
2006-08-16,12711.697460583913
2006-08-17,12715.61137172108
2006-08-18,12727.353105132572
2006-08-21,12718.057566181806
2006-08-22,12717.56832728966
2006-08-23,12709.251266123185
2006-08-24,12705.826593878166
2006-08-25,12708.76202723104
2006-08-28,12720.99299953468
2006-08-29,12723.439193995408
2006-08-30,15265.206732809032
2006-08-31,16962.49658074126
2006-09-01,16986.845928234237
2006-09-04,16986.98145134675
2006-09-05,16988.298866891022
2006-09-06,16970.19622295244
2006-09-07,16892.473646577746
2006-09-08,15158.293570407619
2006-09-11,15156.29048527502
2006-09-12,15186.298652852618
2006-09-13,15195.120329432579
2006-09-14,15191.649527623542
2006-09-15,17492.988795345736
2006-09-18,17528.128613555393
2006-09-19,19049.357450397467
2006-09-20,19088.70525490622
2006-09-21,19123.870516679614
2006-09-22,19095.518820588906
2006-09-25,19134.768400127083
2006-09-26,19197.977579338312
2006-09-27,19208.73766225797
2006-09-28,20630.405417521208
2006-09-29,20603.299187460623
2006-10-02,20601.776761701185
2006-10-03,20572.370868748716
2006-10-04,20812.643427928073
2006-10-05,20806.13028901629
2006-10-06,20780.72962853894
2006-10-09,20993.9091223489
2006-10-10,18373.155073598078
2006-10-11,21039.70779573865
2006-10-12,18564.59526261293
2006-10-13,18699.674624554296
2006-10-16,18782.4825798629
2006-10-17,18723.56472877809
2006-10-18,18620.323708617012
2006-10-19,18639.006230538063
2006-10-20,18588.31503000515
2006-10-23,20180.21219743936
2006-10-24,20242.249875907568
2006-10-25,20259.923556051872
2006-10-26,20263.954316550702
2006-10-27,20268.323587149658
2006-10-30,20239.528787922776
2006-10-31,18471.580592569473
2006-11-01,18519.465898583887
2006-11-02,18577.622646280644
2006-11-03,18557.403049437686
2006-11-06,18627.0790635753
2006-11-07,18709.24630399688
2006-11-08,18790.341999895274
2006-11-09,18699.211889807535
2006-11-10,18661.906208299522
2006-11-13,18674.301730584462
2006-11-14,18826.10779093763
2006-11-15,18861.639530119377
2006-11-16,18829.055615199002
2006-11-17,18852.502471002997
2006-11-20,18900.932185556347
2006-11-21,18928.46085586332
2006-11-22,18955.17474260972
2006-11-23,18951.680764991474
2006-11-24,18996.768394676707
2006-11-27,21463.663838819608
2006-11-28,21485.149694656437
2006-11-29,21518.792825870398
2006-11-30,21628.929599009043
2006-12-01,21585.682832764724
2006-12-04,21545.83485563287
2006-12-05,21553.09164317226
2006-12-06,17226.32316576121
2006-12-07,17208.166177251624
2006-12-08,17202.123063766685
2006-12-11,17230.252383927094
2006-12-12,17225.19010398719
2006-12-13,17210.67241400746
2006-12-14,17280.923926712087
2006-12-15,17348.771811657873
2006-12-18,17344.367142003204
2006-12-19,17373.59757745108
2006-12-20,17362.676806495558
2006-12-21,17360.051942879403
2006-12-22,14646.344886693438
2006-12-25,14646.344886693438
2006-12-26,14683.460164735448
2006-12-27,14693.20468701717
2006-12-28,14695.805087041992
2006-12-29,14694.49157592965
2007-01-01,14694.49157592965
2007-01-02,14694.49157592965
2007-01-03,13157.525334836977
2007-01-04,13162.906962650579
2007-01-05,13141.380451396173
2007-01-08,13153.122184807668
2007-01-09,13149.208273670503
2007-01-10,13157.036095944832
2007-01-11,15294.830261096417
2007-01-12,18367.448821717913
2007-01-16,18384.22638283705
2007-01-17,18416.876249969137
2007-01-18,18366.388086158786
2007-01-19,18358.61887023718
2007-01-22,15814.755576477899
2007-01-23,15863.659382391295
2007-01-24,15827.277630657625
2007-01-25,15811.16564762704
2007-01-26,15796.05275519962
2007-01-29,15772.442923632181
2007-01-30,15831.289193529868
2007-01-31,18322.48816518729
2007-02-01,18342.488575878102
2007-02-02,18354.36632605319
2007-02-05,18381.47300054697
2007-02-06,18369.003483643006
2007-02-07,18359.816454907876
2007-02-08,18410.243082441033
2007-02-09,18460.17562654945
2007-02-12,18417.079372980184
2007-02-13,18489.150296443662
2007-02-14,18499.94088232918
2007-02-15,18518.660023587
2007-02-16,18575.52021873157
2007-02-20,18539.97811056058
2007-02-21,21167.09354442478
2007-02-22,21192.78130484679
2007-02-23,21228.97585492767
2007-02-26,21242.00820129043
2007-02-27,16674.540969686794
2007-02-28,14081.490296887996
2007-03-01,9470.2325949436
2007-03-02,9470.2325949436
2007-03-05,9470.2325949436
2007-03-06,9470.2325949436
2007-03-07,9470.2325949436
2007-03-08,9470.2325949436
2007-03-09,9470.2325949436
2007-03-12,9470.2325949436
2007-03-13,9470.2325949436
2007-03-14,9470.2325949436
2007-03-15,9470.2325949436
2007-03-16,9470.2325949436
2007-03-19,9470.2325949436
2007-03-20,9470.2325949436
2007-03-21,9470.2325949436
2007-03-22,9470.2325949436
2007-03-23,9470.2325949436
2007-03-26,9470.2325949436
2007-03-27,9470.2325949436
2007-03-28,9470.2325949436
2007-03-29,9470.2325949436
2007-03-30,9470.2325949436
2007-04-02,10803.071601062016
2007-04-03,10859.97698375708
2007-04-04,10890.634487337942
2007-04-05,10885.804927244277
2007-04-09,10938.720621099676
2007-04-10,10947.119934406002
2007-04-11,10971.687970884479
2007-04-12,10937.040778463954
2007-04-13,10952.369530254386
2007-04-16,15686.806333225908
2007-04-17,15745.959279104825
2007-04-18,15726.273660741479
2007-04-19,16570.507103900563
2007-04-20,19004.17593251114
2007-04-23,18988.373646587286
2007-04-24,18923.729438074053
2007-04-25,19028.00173584662
2007-04-26,15114.145830891805
2007-04-27,15102.44414449438
2007-04-30,15019.41027474801
2007-05-01,15039.7745603997
2007-05-02,15053.6751995838
2007-05-03,16552.156154265656
2007-05-04,16581.378626552603
2007-05-07,16563.265530374905
2007-05-08,16537.551271096654
2007-05-09,16538.978063084636
2007-05-10,14964.164075280863
2007-05-11,15033.138763546121
2007-05-14,15019.984463981651
2007-05-15,15026.282924127558
2007-05-16,16810.024251747185
2007-05-17,16771.812635644106
2007-05-18,16786.30672840286
2007-05-21,16831.900864765783
2007-05-22,16801.543105565266
2007-05-23,16814.97950495116
2007-05-24,16792.681503237374
2007-05-25,16849.55801686474
2007-05-29,16824.303671490892
2007-05-30,16921.68700501103
2007-05-31,16939.05625139595
2007-06-01,16981.002620189567
2007-06-04,16983.168726505854
2007-06-05,17011.80013759572
2007-06-06,16929.667192918045
2007-06-07,14155.889039817554
2007-06-08,14171.601735536497
2007-06-11,14236.186975359999
2007-06-12,14228.724428224252
2007-06-13,14294.37428145884
2007-06-14,14345.992258146694
2007-06-15,16470.534923005354
2007-06-18,18765.586629335437
2007-06-19,18633.57603340338
2007-06-20,18622.243877328452
2007-06-21,17659.40056295137
2007-06-22,15585.538368338115
2007-06-25,15562.299347505104
2007-06-26,12943.040184060526
2007-06-27,12997.294295163072
2007-06-28,13012.527938562082
2007-06-29,12984.904890141079
2007-07-02,12990.23166841715
2007-07-03,13015.7520572384
2007-07-05,13073.472358691804
2007-07-06,13121.299108545474
2007-07-09,13088.914042392757
2007-07-10,14134.760138824837
2007-07-11,14188.559753423113
2007-07-12,16308.48314224845
2007-07-13,16361.792727447297
2007-07-16,16297.137412421047
2007-07-17,15081.632933203677
2007-07-18,15131.874096490323
2007-07-19,15154.540095511526
2007-07-20,15109.333150283406
2007-07-23,15107.832684869107
2007-07-24,15052.623586841673
2007-07-25,15082.482977958258
2007-07-26,9800.352622865139
2007-07-27,9839.734407631615
2007-07-30,9808.73538480339
2007-07-31,9819.133746732707
2007-08-01,9800.959637522537
2007-08-02,9816.736275947493
2007-08-03,9807.659257162783
2007-08-06,8597.517167925496
2007-08-07,8594.874481636285
2007-08-08,8623.944030817629
2007-08-09,8614.254181090513
2007-08-10,8602.802540503924
2007-08-13,8601.921645074186
2007-08-14,8647.728207420547
2007-08-15,10479.520983818147
2007-08-16,9542.697519939444
2007-08-17,10279.131853851239
2007-08-20,10287.634979484747
2007-08-21,10321.799304336637
2007-08-22,10365.345466223622
2007-08-23,10371.856337485677
2007-08-24,10374.900696899738
2007-08-27,10371.952181946654
2007-08-28,10380.131183635356
2007-08-29,10416.132664498615
2007-08-30,10472.97089902578
2007-08-31,10461.786312513039
2007-09-04,10533.062385155828
2007-09-05,10607.672534623758
2007-09-06,12363.60481178728
2007-09-07,12437.366638754796
2007-09-10,12463.741595273988
2007-09-11,12519.19361649173
2007-09-12,14499.077049230209
2007-09-13,14463.314510924847
2007-09-14,14490.955410398543
2007-09-17,14621.042837055393
2007-09-18,14624.732747786353
2007-09-19,14597.824831609192
2007-09-20,13430.276483783457
2007-09-21,14785.10603833063
2007-09-24,16099.995143772641
2007-09-25,16098.397921779033
2007-09-26,16179.567280518771
2007-09-27,16309.58773089336
2007-09-28,16309.091581168206
2007-10-01,15635.348190843477
2007-10-02,12257.595851642367
2007-10-03,12257.043266213464
2007-10-04,12243.316007321682
2007-10-05,12241.773183860922
2007-10-08,9833.372069833225
2007-10-09,9857.028599222233
2007-10-10,9870.85452851882
2007-10-11,11750.153634808556
2007-10-12,11771.52583602284
2007-10-15,11809.882212798424
2007-10-16,11824.427144250942
2007-10-17,11836.163269143726
2007-10-18,11883.195896306335
2007-10-19,11836.927597285683
2007-10-22,11817.98110464859
2007-10-23,11824.178416535877
2007-10-24,11846.790620050584
2007-10-25,11894.915414088817
2007-10-26,13838.835997207996
2007-10-29,13897.175357684053
2007-10-30,13836.106988659467
2007-10-31,13941.37584211401
2007-11-01,13888.148933632287
2007-11-02,13996.241383442983
2007-11-05,13996.741601841153
2007-11-06,15207.870286907913
2007-11-07,15182.992664481397
2007-11-08,13569.290975421909
2007-11-09,13592.40258159881
2007-11-12,9483.127154631278
2007-11-13,9453.781344386665
2007-11-14,9510.89399031404
2007-11-15,9516.095386559646
2007-11-16,9534.981924418478
2007-11-19,9522.064944492458
2007-11-20,9579.399467897765
2007-11-21,9567.500894784018
2007-11-23,9594.771184187866
2007-11-26,9592.63603909321
2007-11-27,9540.457380536549
2007-11-28,9501.043961434121
2007-11-29,9506.975429829334
2007-11-30,8495.449409094133
2007-12-03,8494.167973123536
2007-12-04,8507.238620023629
2007-12-05,8515.439810235453
2007-12-06,8514.670948653094
2007-12-07,9606.112766481223
2007-12-10,9614.94219281882
2007-12-11,9641.008595461863
2007-12-12,9684.865946092496
2007-12-13,9684.584695179328
2007-12-14,9699.209498818998
2007-12-17,10451.351493759605
2007-12-18,10415.917362777956
2007-12-19,10448.396436942581
2007-12-20,10443.379932725784
2007-12-21,10472.987381370287
2007-12-24,10467.918431484148
2007-12-26,10535.127992719328
2007-12-27,10514.283123482326
2007-12-28,9684.588334133052
2007-12-31,9684.993150214426
2008-01-02,12012.265315659468
2008-01-03,12055.02297794654
2008-01-04,12039.324770364281
2008-01-07,11997.98399825917
2008-01-08,13506.182800307593
2008-01-09,13494.872432769771
2008-01-10,13531.210277770117
2008-01-11,13637.467426825346
2008-01-14,13719.82152773101
2008-01-15,12960.200699902107
2008-01-16,11430.923566178604
2008-01-17,11421.435319482933
2008-01-18,11405.551033991753
2008-01-22,11372.66863140379
2008-01-23,8866.09527532827
2008-01-24,8907.874389454635
2008-01-25,10594.952819329557
2008-01-28,10651.870499125576
2008-01-29,10653.855960097748
2008-01-30,10642.208554662864
2008-01-31,10670.233366249511
2008-02-01,10632.135615302534
2008-02-04,11482.841328195891
2008-02-05,8025.705942051819
2008-02-06,8650.479807372523
2008-02-07,8677.205697809573
2008-02-08,10490.2039246295
2008-02-11,10491.89238695151
2008-02-12,10441.16850633026
2008-02-13,9726.666073813285
2008-02-14,9742.408555401433
2008-02-15,9732.32710196057
2008-02-19,9789.592125980525
2008-02-20,10602.243663565056
2008-02-21,11805.081932080137
2008-02-22,11826.059980209953
2008-02-25,12717.672251832322
2008-02-26,13385.453578444463
2008-02-27,13466.847307004635
2008-02-28,13545.317479472185
2008-02-29,12876.593223431635
2008-03-03,12951.241578202538
2008-03-04,12817.57576706483
2008-03-05,13004.676913318195
2008-03-06,11854.806792664847
2008-03-07,11813.222338201333
2008-03-10,11819.484442561032
2008-03-11,11843.134426931076
2008-03-12,11870.88546858267
2008-03-13,11940.933117580174
2008-03-14,11948.8264602921
2008-03-17,11870.399237871778
2008-03-18,11880.134950868349
2008-03-19,8474.432374730222
2008-03-20,6685.635757901425
2008-03-24,6685.635757901425
2008-03-25,6685.635757901425
2008-03-26,6685.635757901425
2008-03-27,6685.635757901425
2008-03-28,6685.635757901425
2008-03-31,6685.635757901425
2008-04-01,6685.635757901425
2008-04-02,7235.560276793626
2008-04-03,7239.4839525548805
2008-04-04,7237.637516902526
2008-04-07,7230.251774293106
2008-04-08,7231.405796575828
2008-04-09,8040.552012057851
2008-04-10,8015.994042141064
2008-04-11,8010.815700701203
2008-04-14,8008.247926089978
2008-04-15,8635.979277359675
2008-04-16,8659.081189189996
2008-04-17,8649.60230796888
2008-04-18,8651.45830062744
2008-04-21,8633.750889508014
2008-04-22,8678.259853801244
2008-04-23,8654.84476092344
2008-04-24,8621.706601699956
2008-04-25,8648.82477107954
2008-04-28,8675.929415564835
2008-04-29,8634.09542479675
2008-04-30,8637.371007535534
2008-05-01,7798.903790189645
2008-05-02,7816.4337499038675
2008-05-05,7817.911085882484
2008-05-06,7839.898784952025
2008-05-07,7855.363791559697
2008-05-08,7872.163475087317
2008-05-09,7884.334740798696
2008-05-12,7861.034684801552
2008-05-13,7864.073032105917
2008-05-14,7848.285793269233
2008-05-15,8914.334056519781
2008-05-16,8918.674097629326
2008-05-19,8913.834730933058
2008-05-20,8919.19405466275
2008-05-21,7668.165017120704
2008-05-22,7644.654207516331
2008-05-23,7655.886701155282
2008-05-27,7636.023083087046
2008-05-28,7642.855720775583
2008-05-29,7609.298834480337
2008-05-30,7628.981851015982
2008-06-02,7646.454989952432
2008-06-03,7620.451037646961
2008-06-04,6982.252340553623
2008-06-05,8693.609727901767
2008-06-06,9247.263892120116
2008-06-09,9232.902411958534
2008-06-10,9225.048438820046
2008-06-11,7993.142643942643
2008-06-12,8008.320797890654
2008-06-13,8031.280927090858
2008-06-16,8020.05530091718
2008-06-17,8036.580484057811
2008-06-18,8050.613152856895
2008-06-19,8009.260631613401
2008-06-20,8009.083728247482
2008-06-23,8013.409901100626
2008-06-24,7997.796443125779
2008-06-25,8018.959601943187
2008-06-26,8077.558297349586
2008-06-27,8083.898951885269
2008-06-30,8065.149616157549
2008-07-01,8073.980127729942
2008-07-02,9058.448452145238
2008-07-03,9065.567775850599
2008-07-07,8970.17685682669
2008-07-08,8309.11393298884
2008-07-09,8327.533024897559
2008-07-10,8371.57198217176
2008-07-11,9604.440525963193
2008-07-14,9628.332203875021
2008-07-15,8825.711085828243
2008-07-16,8778.206045990804
2008-07-17,8171.35419628891
2008-07-18,8128.42959150432
2008-07-21,8147.215374008586
2008-07-22,7166.139711502278
2008-07-23,5840.893992569766
2008-07-24,5840.893992569766
2008-07-25,5840.893992569766
2008-07-28,5840.893992569766
2008-07-29,5840.893992569766
2008-07-30,5840.893992569766
2008-07-31,5840.893992569766
2008-08-01,5840.893992569766
2008-08-04,5036.519998470206
2008-08-05,5051.868852575662
2008-08-06,5077.958995286059
2008-08-07,6520.202222896248
2008-08-08,5603.999179676039
2008-08-11,5646.11699433753
2008-08-12,5651.783739978154
2008-08-13,5596.304371361197
2008-08-14,5958.7764427883085
2008-08-15,7453.5555372085955
2008-08-18,7417.779479704752
2008-08-19,7401.855778925238
2008-08-20,7400.963405080547
2008-08-21,8578.446984767052
2008-08-22,8586.688961556712
2008-08-25,8596.238538041473
2008-08-26,8604.856780356946
2008-08-27,8603.474293711657
2008-08-28,8603.483300035205
2008-08-29,8606.232947635224
2008-09-02,8257.173192984375
2008-09-03,8262.681922228287
2008-09-04,8280.727379591066
2008-09-05,7587.839869977759
2008-09-08,7596.107056870389
2008-09-09,7605.594320544398
2008-09-10,6938.969741186418
2008-09-11,6956.087845619231
2008-09-12,7118.534958582721
2008-09-15,7132.691212534658
2008-09-16,6899.7621121755965
2008-09-17,5941.829684585695
2008-09-18,5958.5318605717175
2008-09-19,4779.47206055805
2008-09-22,4756.160172106529
2008-09-23,4755.022212473237
2008-09-24,4763.721889839819
2008-09-25,4762.108566547111
2008-09-26,4775.388948641114
2008-09-29,4812.886686677352
2008-09-30,4819.54471871427
2008-10-01,4476.985406769499
2008-10-02,5627.01651794931
2008-10-03,5288.720347756619
2008-10-06,5381.84128559923
2008-10-07,5387.16569707011
2008-10-08,5375.195470041844
2008-10-09,5389.361977434801
2008-10-10,5477.110196300997
2008-10-13,4453.814510376004
2008-10-14,4466.583716256388
2008-10-15,4540.796103370764
2008-10-16,4532.674072589416
2008-10-17,4513.0325994122295
2008-10-20,4477.546323412125
2008-10-21,4503.309559486967
2008-10-22,4236.837194691934
2008-10-23,4224.983464632786
2008-10-24,4273.933910778525
2008-10-27,4262.672285046365
2008-10-28,4246.148150122114
2008-10-29,4163.336627330084
2008-10-30,4175.970537608284
2008-10-31,4211.147056045935
2008-11-03,4197.3911508625615
2008-11-04,4123.379221698024
2008-11-05,4183.422391352253
2008-11-06,4235.866398537326
2008-11-07,4228.329465705491
2008-11-10,4211.0136500596
2008-11-11,5191.798674731382
2008-11-12,5220.6232963690645
2008-11-13,5194.746991930817
2008-11-14,5176.4781017987
2008-11-17,5184.091342125334
2008-11-18,5198.259219730744
2008-11-19,4995.166091459927
2008-11-20,6385.438357041486
2008-11-21,6682.509335727293
2008-11-24,6574.632607541704
2008-11-25,6582.631699399074
2008-11-26,6581.216190026781
2008-11-28,6905.894076366858
2008-12-01,6983.371023707157
2008-12-02,6984.7346868666245
2008-12-03,6995.862101205261
2008-12-04,7028.145245339778
2008-12-05,7046.167710015773
2008-12-08,6984.393587273602
2008-12-09,6997.146961519398
2008-12-10,6966.618159315478
2008-12-11,6158.134050036404
2008-12-12,6152.197103797832
2008-12-15,6155.7394430282875
2008-12-16,6633.131264334647
2008-12-17,6637.313346280933
2008-12-18,6875.877989033323
2008-12-19,6873.296078680192
2008-12-22,6840.936135587619
2008-12-23,6843.345918583875
2008-12-24,6838.69847994824
2008-12-26,6845.411446866379
2008-12-29,6850.058885502015
2008-12-30,6845.067192152628
2008-12-31,6132.446905636709
2009-01-02,6128.909039527651
2009-01-05,6112.988619543686
2009-01-06,6119.032498514298
2009-01-07,5394.982657039683
2009-01-08,5394.982657039683
2009-01-09,5394.982657039683
2009-01-12,5394.982657039683
2009-01-13,5394.982657039683
2009-01-14,5394.982657039683
2009-01-15,5394.982657039683
2009-01-16,5394.982657039683
2009-01-20,5394.982657039683
2009-01-21,5394.982657039683
2009-01-22,5394.982657039683
2009-01-23,6064.21798703143
2009-01-26,6074.08596215209
2009-01-27,6067.133540690346
2009-01-28,6058.835450999412
2009-01-29,6071.544195083896
2009-01-30,6088.140328837518
2009-02-02,6072.740339551147
2009-02-03,6061.7510046583275
2009-02-04,6068.927688948855
2009-02-05,6077.898567126137
2009-02-06,6078.122875583166
2009-02-09,6062.050052182201
2009-02-10,6077.973351821229
2009-02-11,6881.182191386952
2009-02-12,6884.118063918222
2009-02-13,6885.528787654081
2009-02-17,6927.007364170438
2009-02-18,8159.141649877885
2009-02-19,8129.611950453697
2009-02-20,8167.84691415364
2009-02-23,8170.448991930814
2009-02-24,8120.295205150262
2009-02-25,8124.822795107401
2009-02-26,6536.810770344836
2009-02-27,6540.654399791418
2009-03-02,6553.420800299591
2009-03-03,6553.008997820463
2009-03-04,6548.4789610879725
2009-03-05,6555.754417502008
2009-03-06,6547.518053726327
2009-03-09,6554.381707661236
2009-03-10,6553.283497896199
2009-03-11,6538.732585068126
2009-03-12,6535.84986298319
2009-03-13,6532.692536091471
2009-03-16,6526.103382232297
2009-03-17,6525.828882156562
2009-03-18,5270.130905322648
2009-03-19,5270.130905322648
2009-03-20,5270.130905322648
2009-03-23,5270.130905322648
2009-03-24,5270.130905322648
2009-03-25,5270.130905322648
2009-03-26,5270.130905322648
2009-03-27,5270.130905322648
2009-03-30,5270.130905322648
2009-03-31,5270.130905322648
2009-04-01,5270.130905322648
2009-04-02,5270.130905322648
2009-04-03,5270.130905322648
2009-04-06,5270.130905322648
2009-04-07,5270.130905322648
2009-04-08,5270.130905322648
2009-04-09,5270.130905322648
2009-04-13,5270.130905322648
2009-04-14,5270.130905322648
2009-04-15,5270.130905322648
2009-04-16,5894.78010344672
2009-04-17,4618.765581595614
2009-04-20,4604.1134588818295
2009-04-21,4606.206619269513
2009-04-22,4594.810548469779
2009-04-23,5121.272351986019
2009-04-24,5121.272351986019
2009-04-27,5121.272351986019
2009-04-28,5121.272351986019
2009-04-29,5121.272351986019
2009-04-30,5121.272351986019
2009-05-01,5680.195563103029
2009-05-04,6289.328593083605
2009-05-05,6291.720811967874
2009-05-06,6302.4176907807505
2009-05-07,6279.371988958604
2009-05-08,6284.863325974728
2009-05-11,6285.904857676693
2009-05-12,6284.7328699228465
2009-05-13,5590.265156663881
2009-05-14,5598.381411650107
2009-05-15,5580.373470899417
2009-05-18,5588.489725885644
2009-05-19,5596.35234790355
2009-05-20,5599.903209460024
2009-05-21,6199.952459007231
2009-05-22,6205.6448918493425
2009-05-26,6609.525031965812
2009-05-27,6627.6196639141945
2009-05-28,7897.618323092602
2009-05-29,7949.124226126811
2009-06-01,9518.53526626057
2009-06-02,9523.542492948478
2009-06-03,8803.637317714998
2009-06-04,8914.132613667769
2009-06-05,8859.951210551544
2009-06-08,6853.259249709847
2009-06-09,6896.382813161161
2009-06-10,6904.466305669306
2009-06-11,6937.30899889998
2009-06-12,6906.692214781359
2009-06-15,6845.944453452747
2009-06-16,6836.760088376005
2009-06-17,6847.027649969616
2009-06-18,6853.6043699924985
2009-06-19,5723.476525095664
2009-06-22,5690.744911884771
2009-06-23,5703.95781025719
2009-06-24,5709.091256494557
2009-06-25,5728.741238027605
2009-06-26,5723.336265140351
2009-06-29,5739.9755935615485
2009-06-30,5378.705837658906
2009-07-01,5371.937350959287
2009-07-02,5348.887562839835
2009-07-06,4930.834827039668
2009-07-07,4293.821321006665
2009-07-08,4290.057392581875
2009-07-09,4285.79160703378
2009-07-10,4283.784178540558
2009-07-13,4270.234036211314
2009-07-14,4279.26746443081
2009-07-15,4299.843606486329
2009-07-16,4004.626534033411
2009-07-17,4942.436337790924
2009-07-20,5397.656644638922
2009-07-21,5412.547992287513
2009-07-22,5430.840595511871
2009-07-23,6146.363776950831
2009-07-24,6169.313800501434
2009-07-27,6170.200978402767
2009-07-28,6165.30442611849
2009-07-29,6156.091957442926
2009-07-30,6168.240942024453
2009-07-31,6171.385887041133
2009-08-03,6527.43838616614
2009-08-04,6542.53791605204
2009-08-05,6535.622904725013
2009-08-06,6514.524659616007
2009-08-07,6537.708061838742
2009-08-10,6532.418894910783
2009-08-11,6508.316691385613
2009-08-12,6541.231647618399
2009-08-13,6571.993036518393
2009-08-14,6544.612395179602
2009-08-17,6489.932236385203
2009-08-18,6506.164565638033
2009-08-19,6516.621684456428
2009-08-20,6525.829426024029
2009-08-21,6924.797926125004
2009-08-24,6932.231901617326
2009-08-25,6912.560712963942
2009-08-26,6910.472814619534
2009-08-27,6916.6319669871355
2009-08-28,6932.288526228503
2009-08-31,6884.41632034061
2009-09-01,6842.612535246045
2009-09-02,8718.566268431308
2009-09-03,8804.299210988254
2009-09-04,8826.826915554444
2009-09-08,8889.659815144523
2009-09-09,8890.684298302367
2009-09-10,8911.04994174252
2009-09-11,8904.88092039961
2009-09-14,8892.76785604241
2009-09-15,8939.545012499773
2009-09-16,9024.63529712296
2009-09-17,9002.048163226162
2009-09-18,8974.807378770118
2009-09-21,8941.440867792602
2009-09-22,8992.75224978466
2009-09-23,8948.658483459609
2009-09-24,7278.58897157771
2009-09-25,7266.699850638988
2009-09-28,7294.411138818527
2009-09-29,7288.642687699278
2009-09-30,7305.256282091223
2009-10-01,6458.933434489756
2009-10-02,5651.472452264208
2009-10-05,5666.884962626838
2009-10-06,5691.887437628219
2009-10-07,5697.253358187503
2009-10-08,6422.389059758425
2009-10-09,6408.716679714641
2009-10-12,6424.0730159095665
2009-10-13,6433.434857628086
2009-10-14,7728.139665931087
2009-10-15,7707.3313058405565
2009-10-16,7707.636618481774
2009-10-19,7736.613138542134
2009-10-20,8534.30114451324
2009-10-21,9070.879124561117
2009-10-22,9059.823290025686
2009-10-23,9051.020105598956
2009-10-26,8273.231640279302
2009-10-27,8250.01944196239
2009-10-28,5052.091466219435
2009-10-29,5082.992725901215
2009-10-30,5054.403790182648
2009-11-02,5058.909576226101
2009-11-03,5988.191504803127
2009-11-04,6000.935930055362
2009-11-05,5992.461328410686
2009-11-06,5984.816008476451
2009-11-09,6003.542999158631
2009-11-10,6001.58578809853
2009-11-11,6670.2913246013595
2009-11-12,6643.695431110527
2009-11-13,6234.35174912436
2009-11-16,7662.771837391028
2009-11-17,7665.707197442014
2009-11-18,7666.654603438394
2009-11-19,7644.144773402546
2009-11-20,7647.438748578112
2009-11-23,7692.574078668833
2009-11-24,7681.630675238854
2009-11-25,7727.929975291872
2009-11-27,7662.034261528887
2009-11-30,7691.040634239705
2009-12-01,7759.820528168779
2009-12-02,7779.583141106674
2009-12-03,7764.430308016641
2009-12-04,6682.917625165359
2009-12-07,5941.710213072503
2009-12-08,5920.024003330493
2009-12-09,5925.030910139614
2009-12-10,5410.2379365693205
2009-12-11,5411.605355253525
2009-12-14,5420.679292643539
2009-12-15,5413.064360044104
2009-12-16,5415.947339871268
2009-12-17,5403.757878679476
2009-12-18,5408.602177530176
2009-12-21,5423.347033660022
2009-12-22,5432.179984206521
2009-12-23,5437.512083657293
2009-12-24,6019.410488728994
2009-12-28,6480.620752631854
2009-12-29,6476.6357060212795
2009-12-30,6479.991830537677
2009-12-31,6467.825095972898
2010-01-04,6503.771366997525
2010-01-05,6506.975344171564
2010-01-06,7033.308307537435
2010-01-07,7016.279918438457
2010-01-08,7025.659083621485
2010-01-11,7028.994552192613
2010-01-12,6481.3490133611995
2010-01-13,6493.820149683785
2010-01-14,6494.561879848447
2010-01-15,5948.01360561185
2010-01-19,5980.525718085153
2010-01-20,5949.2299519320695
2010-01-21,4610.140097773047
2010-01-22,3819.650195300816
2010-01-25,3819.650195300816
2010-01-26,3819.650195300816
2010-01-27,3056.172422357596
2010-01-28,4004.3503506137204
2010-01-29,4026.661807533644
2010-02-01,4020.6045858939087
2010-02-02,4001.800997612766
2010-02-03,4033.2322023003026
2010-02-04,4033.7837238661855
2010-02-05,4044.7584956442965
2010-02-08,4030.0374156037715
2010-02-09,4023.157459403955
2010-02-10,4010.8501347828947
2010-02-11,4011.0511499914505
2010-02-12,4022.1845807334835
2010-02-16,3994.5319417169335
2010-02-17,4018.5469486982697
2010-02-18,4029.0899794794113
2010-02-19,4025.3715612788346
2010-02-22,4386.931861298141
2010-02-23,4398.0351259890085
2010-02-24,4391.781545158058
2010-02-25,4398.780584058627
2010-02-26,4381.254331389493
2010-03-01,4395.000466230387
2010-03-02,4393.85816258138
2010-03-03,4378.8634965156725
2010-03-04,4395.445748250604
2010-03-05,4399.942428580975
2010-03-08,4398.287068949252
2010-03-09,5227.011931919366
2010-03-10,5238.590008418956
2010-03-11,6185.453800897099
2010-03-12,6178.030183090292
2010-03-15,6174.005341641745
2010-03-16,6174.818542137376
2010-03-17,6174.373875738691
2010-03-18,6190.023840170355
2010-03-19,6210.724400838259
2010-03-22,6195.698153319758
2010-03-23,6217.998728315952
2010-03-24,6221.171330294748
2010-03-25,6229.247544946482
2010-03-26,6226.799748860052
2010-03-29,6809.03387680577
2010-03-30,6812.094710445316
2010-03-31,6813.893084675217
2010-04-01,7325.662951765659
2010-04-05,7365.7272173118745
2010-04-06,7365.14177180146
2010-04-07,8286.397449842974
2010-04-08,8293.144063405907
2010-04-09,9227.847351311731
2010-04-12,9216.182640718602
2010-04-13,9202.368755977717
2010-04-14,8280.816447110525
2010-04-15,8610.300619803525
2010-04-16,7578.0488656093
2010-04-19,7055.000456154328
2010-04-20,7073.728349372839
2010-04-21,7081.480603923486
2010-04-22,6495.905160415872
2010-04-23,6520.625516909095
2010-04-26,6515.183982030543
2010-04-27,6482.894816199186
2010-04-28,6497.289156001969
2010-04-29,6522.240223914159
2010-04-30,7418.366202954407
2010-05-03,7455.15252979607
2010-05-04,5239.995924715089
2010-05-05,5252.934422328059
2010-05-06,6135.657351611204
2010-05-07,6140.2066868100355
2010-05-10,6123.997070584986
2010-05-11,6665.299098191999
2010-05-12,6696.0992297918065
2010-05-13,6684.611087972507
2010-05-14,6691.664557759192
2010-05-17,6681.769287863116
2010-05-18,6685.5461168320435
2010-05-19,5058.824988838609
2010-05-20,5055.416816304169
2010-05-21,5055.926977309859
2010-05-24,5063.556694372717
2010-05-25,5072.985102423048
2010-05-26,5072.798413967252
2010-05-27,5057.112782444766
2010-05-28,5062.7620851433785
2010-06-01,5064.406569708233
2010-06-02,5063.828765290633
2010-06-03,5066.087477670858
2010-06-04,5086.996212968503
2010-06-07,5089.5243938114845
2010-06-08,5090.537148288682
2010-06-09,5084.273696191777
2010-06-10,5069.519379575648
2010-06-11,5078.480277116123
2010-06-14,5065.0784277803305
2010-06-15,5057.957611230807
2010-06-16,5060.212539080598
2010-06-17,4193.532166865227
2010-06-18,4944.12564137091
2010-06-21,4932.867623239552
2010-06-22,4931.202510850808
2010-06-23,4930.9651843782285
2010-06-24,4937.567186783483
2010-06-25,4944.8493126804815
2010-06-28,4938.997607200314
2010-06-29,4944.061567817061
2010-06-30,4946.268549072619
2010-07-01,4079.660988065045
2010-07-02,4077.541425456153
2010-07-06,4080.5534354793153
2010-07-07,4408.630780728632
2010-07-08,5051.244927570791
2010-07-09,5050.976008306114
2010-07-12,5054.781553413038
2010-07-13,5060.049591009278
2010-07-14,5075.619882448862
2010-07-15,5453.008727443019
2010-07-16,5452.596476153922
2010-07-19,5429.046666991984
2010-07-20,5422.726309164333
2010-07-21,5439.192292120737
2010-07-22,5439.674696864602
2010-07-23,5431.842627093926
2010-07-26,5036.916956752455
2010-07-27,5037.381973632677
2010-07-28,5062.116691210578
2010-07-29,5081.633663095381
2010-07-30,5124.6355208087025
2010-08-02,5142.645781135003
2010-08-03,5138.333822412793
2010-08-04,5164.750192703706
2010-08-05,5206.316438926486
2010-08-06,5175.306400347128
2010-08-09,4794.203549452619
2010-08-10,4789.891331032344
2010-08-11,4799.511600254411
2010-08-12,4805.430349727442
2010-08-13,4803.977608537857
2010-08-16,4797.185957280377
2010-08-17,4800.4267359752475
2010-08-18,4793.728352085428
2010-08-19,4784.616086136705
2010-08-20,4047.924117645839
2010-08-23,4048.8165650601095
2010-08-24,4054.171249545732
2010-08-25,4050.713015815434
2010-08-26,4052.832578424326
2010-08-27,4045.469887256595
2010-08-30,4374.71011331091
2010-08-31,5164.563784361338
2010-09-01,5163.393389511461
2010-09-02,5756.209784949133
2010-09-03,5777.516169025316
2010-09-07,5778.445375778076
2010-09-08,5780.878556106669
2010-09-09,4898.875740986401
2010-09-10,4898.1711150117135
2010-09-13,4927.107415406514
2010-09-14,5736.98560473225
2010-09-15,6299.038874396883
2010-09-16,6318.156461544078
2010-09-17,6342.536746212811
2010-09-20,6998.168143714459
2010-09-21,6980.1363952867205
2010-09-22,7025.443466987063
2010-09-23,7038.066864638136
2010-09-24,7098.575709051402
2010-09-27,7090.188400503994
2010-09-28,7092.113066261334
2010-09-29,7104.139812059022
2010-09-30,7090.4978960658655
2010-10-01,5954.518650284174
2010-10-04,5943.849056413672
2010-10-05,6008.931653842056
2010-10-06,6400.136795631652
2010-10-07,6357.470523252376
2010-10-08,6406.981859542262
2010-10-11,7055.968572512466
2010-10-12,7063.184577106305
2010-10-13,7121.7233293137915
2010-10-14,7149.1148709744575
2010-10-15,7143.707772504624
2010-10-18,7156.658124535673
2010-10-19,6162.754613093281
2010-10-20,6209.5794652224
2010-10-21,5374.092998500104
2010-10-22,5385.99212911673
2010-10-25,5411.824619044517
2010-10-26,5416.666944335939
2010-10-27,5405.470472478634
2010-10-28,5410.2360318609735
2010-10-29,5927.577881406802
2010-11-01,5941.475832666339
2010-11-02,5965.83762073305
2010-11-03,5959.296403479323
2010-11-04,6045.2543466606585
2010-11-05,6070.254998240677
2010-11-08,6083.037797909562
2010-11-09,6139.591729150435
2010-11-10,5549.755977497193
2010-11-11,5563.477229319738
2010-11-12,4757.721237756308
2010-11-15,4761.779787973434
2010-11-16,3085.9491874593296
2010-11-17,3085.9491874593296
2010-11-18,3085.9491874593296
2010-11-19,3085.9491874593296
2010-11-22,3085.9491874593296
2010-11-23,3085.9491874593296
2010-11-24,3085.9491874593296
2010-11-26,3085.9491874593296
2010-11-29,3085.9491874593296
2010-11-30,3085.9491874593296
2010-12-01,3085.9491874593296
2010-12-02,3085.9491874593296
2010-12-03,3412.1502377670718
2010-12-06,3417.3269641990883
2010-12-07,3823.1619846859962
2010-12-08,3811.221588055447
2010-12-09,3816.2219178377636
2010-12-10,3816.201326871944
2010-12-13,3837.0879372246295
2010-12-14,3839.0734888601537
2010-12-15,3825.597346108293
2010-12-16,3818.772028957087
2010-12-17,3827.0042990406164
2010-12-20,3834.24278122847
2010-12-21,4541.330105637631
2010-12-22,4965.541523705241
2010-12-23,5954.5859367845205
2010-12-27,5963.249669359628
2010-12-28,5987.743992797596
2010-12-29,5986.301438236233
2010-12-30,5975.561909776536
2010-12-31,6013.592433160999
2011-01-03,6013.529052575442
2011-01-04,5962.2141611739535
2011-01-05,5664.682590751725
2011-01-06,5630.431451083653
2011-01-07,4745.467973707693
2011-01-10,4760.673722382877
2011-01-11,4762.324883884437
2011-01-12,4794.730421066184
2011-01-13,5225.2718096901135
2011-01-14,5234.246936542527
2011-01-18,5246.650970906779
2011-01-19,5219.665823487041
2011-01-20,5215.029109452157
2011-01-21,4355.266451903327
2011-01-24,4344.581057656974
2011-01-25,3842.777217868986
2011-01-26,3856.300283356431
2011-01-27,3856.9956216478877
2011-01-28,3851.86525296402
2011-01-31,3868.1149206110586
2011-02-01,4366.642311181849
2011-02-02,4370.513189594185
2011-02-03,4362.7824626738975
2011-02-04,4376.636947976187
2011-02-07,4370.25495821076
2011-02-08,5359.8436647588815
2011-02-09,5381.821733620183
2011-02-10,5368.08676534383
2011-02-11,5372.449105807904
2011-02-14,5372.766972225332
2011-02-15,4704.802042913918
2011-02-16,4699.482910962729
2011-02-17,5311.811081865406
2011-02-18,4939.302128916705
2011-02-22,3871.3347490336264
2011-02-23,3900.3758885312504
2011-02-24,3891.8594031608327
2011-02-25,3906.014306242215
2011-02-28,3927.432826116086
2011-03-01,3949.6698840091085
2011-03-02,3955.8064602104632
2011-03-03,3955.9382310451
2011-03-04,3976.1436774872573
2011-03-07,3982.035331903263
2011-03-08,3968.970498915147
2011-03-09,3971.90675735268
2011-03-10,3459.027897562565
2011-03-11,3470.8779829647983
2011-03-14,3468.944558094515
2011-03-15,2833.1940389949655
2011-03-16,2835.4777935494485
2011-03-17,2845.2978858629313
2011-03-18,2844.298751412656
2011-03-21,2847.895657213143
2011-03-22,2852.662971432666
2011-03-23,3124.074452082421
2011-03-24,3124.9783918282337
2011-03-25,3122.0439758032335
2011-03-28,3118.2696624427035
2011-03-29,3119.722510275407
2011-03-30,3121.990962898217
2011-03-31,3131.64208239185
2011-04-01,3351.7952506438296
2011-04-04,3365.8301603212904
2011-04-05,3372.330354948681
2011-04-06,3374.1169776573233
2011-04-07,3378.2619850632123
2011-04-08,3395.6092983681856
2011-04-11,3389.810990284391
2011-04-12,3097.0506109426397
2011-04-13,3099.2055488882042
2011-04-14,3109.048932914437
2011-04-15,3758.6468879074678
2011-04-18,3767.379066708845
2011-04-19,3774.413648594442
2011-04-20,3775.1730506564772
2011-04-21,3790.075462964744
2011-04-25,3807.694104285078
2011-04-26,3791.374355453246
2011-04-27,5069.931667533037
2011-04-28,5078.603662190643
2011-04-29,5108.381260544998
2011-05-02,5083.098500115526
2011-05-03,4773.902048938808
2011-05-04,4759.349182201103
2011-05-05,3749.642167764603
2011-05-06,3747.979090057533
2011-05-09,3755.2938744827525
2011-05-10,3766.449053130306
2011-05-11,3755.1908719234693
2011-05-12,3762.874457673673
2011-05-13,3746.8337229032973
2011-05-16,3733.575007915302
2011-05-17,3734.2868599254493
2011-05-18,3746.78781623473
2011-05-19,3750.2851597719005
2011-05-20,3736.981886993547
2011-05-23,2223.7297308928987
2011-05-24,2223.7297308928987
2011-05-25,2223.7297308928987
2011-05-26,2779.5232013522823
2011-05-27,2780.014482083034
2011-05-31,2780.7864946599298
2011-06-01,2783.944727929049
2011-06-02,2782.4007027752573
2011-06-03,2783.944727929049
2011-06-06,2784.014910890585
2011-06-07,2783.593813121369
2011-06-08,2785.5589360443764
2011-06-09,3015.6780705654646
2011-06-10,3017.3144382164246
2011-06-13,3015.2828366865206
2011-06-14,3003.7950571224583
2011-06-15,2742.6223985176775
2011-06-16,2744.727887363757
2011-06-17,2743.8155088637895
2011-06-20,2743.5347770176454
2011-06-21,2743.2540451715017
2011-06-22,2173.2895293963606
2011-06-23,1972.025575855747
2011-06-24,1971.716037939969
2011-06-27,1972.9320255345654
2011-06-28,2166.280865928771
2011-06-29,2166.280865928771
2011-06-30,2166.280865928771
2011-07-01,2166.280865928771
2011-07-05,2166.280865928771
2011-07-06,2166.280865928771
2011-07-07,2166.280865928771
2011-07-08,2166.280865928771
2011-07-11,2166.280865928771
2011-07-12,2166.280865928771
2011-07-13,2707.7157101626804
2011-07-14,2709.0137701407148
2011-07-15,2709.287059093366
2011-07-18,2713.4885952786135
2011-07-19,3146.490887583824
2011-07-20,3141.9465767839574
2011-07-21,3133.608855347293
2011-07-22,3524.120185051837
2011-07-25,3526.77388371641
2011-07-26,3535.390459435524
2011-07-27,3521.217627490272
2011-07-28,3524.9355569159316
2011-07-29,3529.252823374408
2011-08-01,4058.5846068277033
2011-08-02,3588.6640156549834
2011-08-03,3347.8539442857327
2011-08-04,3338.7812878414434
2011-08-05,3133.913243436711
2011-08-08,3161.4597042004075
2011-08-09,3177.0047025638337
2011-08-10,3192.1184483901707
2011-08-11,3177.394989370205
2011-08-12,3177.2742135591793
2011-08-15,3181.1591650931646
2011-08-16,3192.5612592952702
2011-08-17,3196.774486921453
2011-08-18,3208.0474508638054
2011-08-19,3431.192472901872
2011-08-22,3448.3957995254386
2011-08-23,3431.6538532714117
2011-08-24,2526.898670659156
2011-08-25,2528.6424872462453
2011-08-26,2893.518509874938
2011-08-29,2897.080320921589
2011-08-30,2902.7275729309954
2011-08-31,2901.2492275234536
2011-09-01,2897.497440052156
2011-09-02,2903.340285076986
2011-09-06,2897.221394132266
2011-09-07,2895.170311155398
2011-09-08,2895.681924667376
2011-09-09,3392.826007650903
2011-09-12,2947.107221340107
2011-09-13,2941.151880225004
2011-09-14,2939.90360909456
2011-09-15,2435.768207320926
2011-09-16,2436.103556664597
2011-09-19,2440.1277487886505
2011-09-20,2439.7923994449793
2011-09-21,2441.200866688398
2011-09-22,2586.8992651690987
2011-09-23,2482.935748455139
2011-09-26,2480.609876176674
2011-09-27,1917.2404954430433
2011-09-28,1934.2323508851728
2011-09-29,1931.6420404653868
2011-09-30,1949.7937175351565
2011-10-03,1953.0451840563685
2011-10-04,1961.736100787146
2011-10-05,1954.8142855553947
2011-10-06,1946.6869609839923
2011-10-07,1952.7940197895755
2011-10-10,1937.7491543676688
2011-10-11,2186.3629600532504
2011-10-12,1705.6160643881735
2011-10-13,1709.5859938507645
2011-10-14,1707.7904986043764
2011-10-17,1709.026447569454
2011-10-18,1708.9910326493336
2011-10-19,1710.9352665074032
2011-10-20,1714.4270979257249
2011-10-21,1711.2150396480583
2011-10-24,1709.6320271676857
2011-10-25,1810.6798953816472
2011-10-26,1810.6798953816472
2011-10-27,2221.114391885023
2011-10-28,2221.0980025402423
2011-10-31,1975.7105692394691
2011-11-01,1971.32399614164
2011-11-02,1972.2430876478518
2011-11-03,1976.128338105929
2011-11-04,1975.2928003730092
2011-11-07,1976.8594336222338
2011-11-08,1978.9273895112103
2011-11-09,1971.95064944133
2011-11-10,1971.32399614164
2011-11-11,2144.765766014142
2011-11-14,2142.704029345048
2011-11-15,2146.2104414384053
2011-11-16,2147.882530598961
2011-11-17,1892.2197664351759
2011-11-18,1889.8045685940117
2011-11-21,1888.9652327506549
2011-11-22,1890.8323126342618
2011-11-23,1887.6805494332234
2011-11-25,1888.7082934734735
2011-11-28,1891.1748896248537
2011-11-29,1893.881292283343
2011-11-30,1894.857651081852
2011-12-01,1894.5835790345989
2011-12-02,1895.8853951221022
2011-12-05,1895.9367803638436
2011-12-06,1896.433526148134
2011-12-07,1895.0803248188893
2011-12-08,1891.3975633618911
2011-12-09,1893.2303907738287
2011-12-12,1890.4212045633822
2011-12-13,2325.0675538443566
2011-12-14,2338.8834946277625
2011-12-15,2338.359468700296
2011-12-16,2336.8232564230193
2011-12-19,2337.560629266599
2011-12-20,2330.7010661802815
2011-12-21,2328.1874557502683
2011-12-22,2328.1975860313305
2011-12-23,1893.4302178900627
2011-12-27,1893.8073126321024
2011-12-28,1902.207184483019
2011-12-29,1905.5656618067435
2011-12-30,1900.059720736279
2012-01-03,1892.0254243350034
2012-01-04,1892.791346386121
2012-01-05,2093.1784545853725
2012-01-06,2094.7883415826686
2012-01-09,2093.7687587670316
2012-01-10,2092.427165798201
2012-01-11,2095.3786457643278
2012-01-12,2092.26614025052
2012-01-13,2095.807965340474
2012-01-17,2094.466372371643
2012-01-18,2432.9163798091377
2012-01-19,2803.0540363990317
2012-01-20,2804.5193017182337
2012-01-23,2801.781301265545
2012-01-24,2803.188167822154
2012-01-25,2371.4814083878987
2012-01-26,2649.984284788631
2012-01-27,2648.6545491265024
2012-01-30,2362.9180177547914
2012-01-31,2773.993278909376
2012-02-01,2962.0489998090043
2012-02-02,2760.4039242533663
2012-02-03,2766.8349213431525
2012-02-06,2768.2913382930374
2012-02-07,2768.8132371208985
2012-02-08,3048.339889494491
2012-02-09,3054.8728760185104
2012-02-10,3044.651951213139
2012-02-13,3047.358142716983
2012-02-14,2770.552480233785
2012-02-15,2766.5277737309516
2012-02-16,2773.3074723623695
2012-02-17,2772.9080472266633
2012-02-21,3008.2919601677763
2012-02-22,3359.3201197544913
2012-02-23,3635.561086337206
2012-02-24,3636.472282943344
2012-02-27,3638.267540922575
2012-02-28,3653.281316339526
2012-02-29,3285.460793625147
2012-03-01,3294.776584632984
2012-03-02,3293.023274978339
2012-03-05,3285.0209478495826
2012-03-06,3274.793697374347
2012-03-07,3280.988577054386
2012-03-08,3291.896179458209
2012-03-09,3296.2511536819748
2012-03-12,3294.039739256481
2012-03-13,2894.6630431681297
2012-03-14,2894.36962204308
2012-03-15,2900.561407509169
2012-03-16,2907.909963818235
2012-03-19,2908.847621087919
2012-03-20,2897.6212242969787
2012-03-21,2903.2041987849734
2012-03-22,2894.5141364342894
2012-03-23,2903.246807129952
2012-03-26,2919.998915860465
2012-03-27,2915.5021776697295
2012-03-28,2907.779584945827
2012-03-29,2658.2061626800514
2012-03-30,2671.1156813956222
2012-04-02,2682.1989896226405
2012-04-03,2680.2950031343007
2012-04-04,2670.628632667708
2012-04-05,2676.0435161230134
2012-04-09,2244.615509506764
2012-04-10,1805.0724168216998
2012-04-11,1804.0155580385997
2012-04-12,1809.0356372583244
2012-04-13,1807.9127248012808
2012-04-16,1803.4871286470498
2012-04-17,1805.006363147756
2012-04-18,1489.1249698171457
2012-04-19,1482.5427907385397
2012-04-20,1495.212115967176
2012-04-23,1487.7364507673847
2012-04-24,1495.410079717602
2012-04-25,1502.5401003649267
2012-04-26,1498.7049054677566
2012-04-27,1646.4683683060655
2012-04-30,1646.8727796096503
2012-05-01,1648.6596574804908
2012-05-02,1650.0344633721188
2012-05-03,1406.6564716268747
2012-05-04,1405.9540443089768
2012-05-07,1404.8171593321085
2012-05-08,980.703312781333
2012-05-09,647.7561700996806
2012-05-10,647.1540245631923
2012-05-11,652.2792679127058
2012-05-14,781.0206455886495
2012-05-15,1122.024137052301
2012-05-16,1254.8099622101586
2012-05-17,1241.3018354450166
2012-05-18,1517.1522275444902
2012-05-21,1664.0526762021345
2012-05-22,1663.9735696676
2012-05-23,1673.516255958396
2012-05-24,1666.2130557527387
2012-05-25,1667.7918025391177
2012-05-29,1505.3396579535918
2012-05-30,1513.0093986376928
2012-05-31,1516.970122548391
2012-06-01,1305.8579629955038
2012-06-04,1307.3546586985246
2012-06-05,1486.2373987353747
2012-06-06,1364.644086030223
2012-06-07,1364.100505246714
2012-06-08,1371.284652964689
2012-06-11,1367.5182647394427
2012-06-12,1367.775115057176
2012-06-13,1365.907145091204
2012-06-14,1364.4245199485238
2012-06-15,1361.2338813222505
2012-06-18,1362.0190957052778
2012-06-19,1357.4079298992376
2012-06-20,1360.7252181611186
2012-06-21,1369.7884072781665
2012-06-22,1368.7591809342223
2012-06-25,1488.016887877331
2012-06-26,1488.3292240341098
2012-06-27,1487.7148556502136
2012-06-28,1488.44440166211
2012-06-29,1860.6337578134667
2012-07-02,1983.001453411398
2012-07-03,1996.0122396646627
2012-07-05,2021.19051873957
2012-07-06,2013.146894526375
2012-07-09,2026.1854001295667
2012-07-10,2021.84148049126
2012-07-11,2018.6438499785045
2012-07-12,2026.8388937784525
2012-07-13,2026.0740349942166
2012-07-16,2034.8040115460474
2012-07-17,2035.6780535871055
2012-07-18,2045.8548276756997
2012-07-19,2058.541288292578
2012-07-20,2067.7116009394513
2012-07-23,2055.437683397308
2012-07-24,1833.7298511493461
2012-07-25,1836.46595310834
2012-07-26,1828.1139102136299
2012-07-27,2076.462131351377
2012-07-30,2082.775900299479
2012-07-31,2074.5102223498243
2012-08-01,2073.108684868322
2012-08-02,2069.261387877571
2012-08-03,1734.2770306464001
2012-08-06,1733.600940206347
2012-08-07,1732.9565676291484
2012-08-08,1737.3458124443823
2012-08-09,1741.2629112772825
2012-08-10,1733.9848847531678
2012-08-13,1592.2792640320222
2012-08-14,1591.597180245229
2012-08-15,1594.3525539987866
2012-08-16,1857.1140093864988
2012-08-17,1858.8151336226895
2012-08-20,1861.9286394795977
2012-08-21,1863.6647608212575
2012-08-22,1864.1354508881254
2012-08-23,1856.4428283583525
2012-08-24,1858.3841938384226
2012-08-27,1857.54351489659
2012-08-28,1856.4237487962034
2012-08-29,1859.881876693571
2012-08-30,1855.6946230837611
2012-08-31,2448.047315711655
2012-09-04,2459.730950840812
2012-09-05,2454.6469693852573
2012-09-06,2471.529412927018
2012-09-07,2487.770772525346
2012-09-10,2477.585803344574
2012-09-11,2477.968554207987
2012-09-12,2346.207424692447
2012-09-13,2372.8074407333734
2012-09-14,2376.128516987218
2012-09-17,2371.6489711140275
2012-09-18,2375.012923472438
2012-09-19,2374.348804141319
2012-09-20,2375.2457858703083
2012-09-21,2379.102973246396
2012-09-24,2364.258616769383
2012-09-25,2358.434001242585
2012-09-26,1740.3270938120804
2012-09-27,1751.715218058704
2012-09-28,1749.8300190212499
2012-10-01,1754.8594294509776
2012-10-02,1750.915700358206
2012-10-03,1751.9912909448988
2012-10-04,1758.7744445836174
2012-10-05,1751.1708858118714
2012-10-08,1745.35686695452
2012-10-09,1743.1826161126721
2012-10-10,1744.3371848134689
2012-10-11,1745.097670580496
2012-10-12,1739.3669937236084
2012-10-15,1082.3941251087595
2012-10-16,1082.3941251087595
2012-10-17,1082.3941251087595
2012-10-18,1082.3941251087595
2012-10-19,1082.3941251087595
2012-10-22,1082.3941251087595
2012-10-23,1082.3941251087595
2012-10-24,1082.3941251087595
2012-10-25,1082.3941251087595
2012-10-26,1082.3941251087595
2012-10-31,1082.3941251087595
2012-11-01,1082.3941251087595
2012-11-02,960.069517920417
2012-11-05,958.9309124800845
2012-11-06,954.5206266194751
2012-11-07,960.6748491177506
2012-11-08,739.7351533108493
2012-11-09,738.242724348529
2012-11-12,928.1924857141586
2012-11-13,928.4663307302966
2012-11-14,727.2962109153285
2012-11-15,728.8085403736691
2012-11-16,725.7950065669213
2012-11-19,890.8174988841088
2012-11-20,894.4639128534127
2012-11-21,893.5559160574123
2012-11-23,892.2587699231079
2012-11-26,893.0370576036905
2012-11-27,893.844165866802
2012-11-28,894.8386464024396
2012-11-29,892.5614355217747
2012-11-30,891.3507621310822
2012-12-03,891.0913439002468
2012-12-04,891.9416885351641
2012-12-05,892.8352805379127
2012-12-06,895.1701325836352
2012-12-07,895.6457546655511
2012-12-10,896.1790289085499
2012-12-11,895.8475317313289
2012-12-12,894.4350922708838
2012-12-13,895.703406826634
2012-12-14,894.4927334359415
2012-12-17,893.8153452842732
2012-12-18,892.7632125875526
2012-12-19,890.4860017068877
2012-12-20,631.1662577414531
2012-12-21,626.7229155573758
2012-12-24,628.0933332718384
2012-12-26,627.2942552776885
2012-12-27,836.5625598606131
2012-12-28,837.6896916131558
2012-12-31,836.6095223264174
2013-01-02,959.2999908637454
2013-01-03,719.4150279035935
2013-01-04,719.6143425804735
2013-01-07,719.5004484793991
2013-01-08,718.9879250245648
2013-01-09,718.6177691960734
2013-01-10,934.7567084931807
2013-01-11,934.4517566049457
2013-01-14,933.7832034229428
2013-01-15,933.5030222038656
2013-01-16,933.4828055683163
2013-01-17,1116.162133098116
2013-01-18,1116.287845412538
2013-01-22,1118.887618781297
2013-01-23,1345.4029899625816
2013-01-24,1343.7243846805734
2013-01-25,1346.4960182053494
2013-01-28,1348.8659233825674
2013-01-29,1352.6110670364687
2013-01-30,1351.3551923743378
2013-01-31,1349.1503105440124
2013-02-01,1594.2963595569672
2013-02-04,1583.8382838479658
2013-02-05,1590.390905513817
2013-02-06,1586.979952254355
2013-02-07,1584.5464615027472
2013-02-08,1590.0431365190411
2013-02-11,1590.2986820402973
2013-02-12,1592.5064781144197
2013-02-13,1592.8488100068962
2013-02-14,1592.356639619809
2013-02-15,1589.0201983161714
2013-02-19,1348.7221421486922
2013-02-20,1391.1144565326053
2013-02-21,1388.7687529156385
2013-02-22,1392.4117155102817
2013-02-25,1083.9869450629321
2013-02-26,1084.5702670800629
2013-02-27,1083.7827879198012
2013-02-28,1084.8910886266196
2013-03-01,1085.8535310148307
2013-03-04,1085.5910527957167
2013-03-05,1499.8081666956396
2013-03-06,1500.4361544899912
2013-03-07,1500.6425622377076
2013-03-08,1503.5426817224716
2013-03-11,1504.6567745394002
2013-03-12,1503.7143015706627
2013-03-13,1504.8093551631453
2013-03-14,1505.3607936740434
2013-03-15,1504.2750809633371
2013-03-18,1321.9125303028957
2013-03-19,1322.7573481583072
2013-03-20,1321.38205411423
2013-03-21,1319.5982222686048
2013-03-22,1320.6893589021797
2013-03-25,1321.3231865557887
2013-03-26,1324.0197245406189
2013-03-27,1324.87238553817
2013-03-28,1327.891179785059
2013-04-01,1180.377299631474
2013-04-02,1183.3789543309454
2013-04-03,1182.5573503001183
2013-04-04,1182.9299193826955
2013-04-05,1392.3760067650555
2013-04-08,1178.349854369916
2013-04-09,1353.3553221773527
2013-04-10,1361.0159002535015
2013-04-11,1359.9187315695017
2013-04-12,1357.642937209097
2013-04-15,995.0910184868324
2013-04-16,755.1790992105989
2013-04-17,867.2134971950228
2013-04-18,604.4359076862434
2013-04-19,604.086162941592
2013-04-22,603.1493425770631
2013-04-23,602.624725460086
2013-04-24,599.8142643664992
2013-04-25,706.2823216408431
2013-04-26,706.2823216408431
2013-04-29,845.7560818157696
2013-04-30,846.7929384192147
2013-05-01,845.987849762422
2013-05-02,847.8663899616049
2013-05-03,1018.8061187524876
2013-05-06,1019.9424456111653
2013-05-07,1020.630628052668
2013-05-08,1022.2433036403798
2013-05-09,1021.6128794175006
2013-05-10,1022.9931725358126
2013-05-13,1150.311579141861
2013-05-14,1329.6114161602493
2013-05-15,1167.9104046766013
2013-05-16,1166.9914617822124
2013-05-17,1170.8433946852188
2013-05-20,1169.923158176477
2013-05-21,1170.1584572247955
2013-05-22,1168.9291589793102
2013-05-23,1166.9726485319766
2013-05-24,1166.8140492920625
2013-05-28,1001.1099326135061
2013-05-29,998.7734209267232
2013-05-30,998.8144480988419
2013-05-31,798.9077691005122
2013-06-03,797.464442508211
2013-06-04,797.230423550452
2013-06-05,435.516549594485
2013-06-06,435.2153150521232
2013-06-07,436.0587717707365
2013-06-10,436.48050013004314
2013-06-11,285.45605457796614
2013-06-12,285.9233145683429
2013-06-13,286.0941907960628
2013-06-14,375.87561307255714
2013-06-17,376.32903670195924
2013-06-18,376.95682579151145
2013-06-19,524.7545573201847
2013-06-20,525.7193970450605
2013-06-21,525.2002663013996
2013-06-24,526.9816796927273
2013-06-25,527.4326387269608
2013-06-26,527.0169357688321
2013-06-27,527.8297177006993
2013-06-28,643.0719554082544
2013-07-01,644.8797145187293
2013-07-02,646.4549394476169
2013-07-03,649.0708536483872
2013-07-05,653.4258862848844
2013-07-08,654.1188366364086
2013-07-09,654.494422230601
2013-07-10,655.9555711604171
2013-07-11,773.0282811635454
2013-07-12,771.7374992915047
2013-07-15,623.0484988157576
2013-07-16,622.5438892747242
2013-07-17,622.7778096705395
2013-07-18,623.3249868777715
2013-07-19,764.4134132107097
2013-07-22,763.6639851417988
2013-07-23,763.1543961533987
2013-07-24,702.7250766336874
2013-07-25,704.6791691022764
2013-07-26,704.69174988969
2013-07-29,703.4595888505759
2013-07-30,703.9606397430043
2013-07-31,704.2600069590476
2013-08-01,711.7911775302492
2013-08-02,711.7373168147423
2013-08-05,711.6145176455273
2013-08-06,709.2484487707842
2013-08-07,707.3146338752181
2013-08-08,705.882244017326
2013-08-09,707.7411785171557
2013-08-12,707.1751366776538
2013-08-13,710.4507168511582
2013-08-14,708.7431841256605
2013-08-15,543.4386491265576
2013-08-16,544.3879819139389
2013-08-19,542.8995342467141
2013-08-20,541.1621098506128
2013-08-21,383.24276565484644
2013-08-22,385.3908753858269
2013-08-23,384.05508817678947
2013-08-26,427.70742419231055
2013-08-27,429.6852073319561
2013-08-28,431.29703446925964
2013-08-29,429.79197859074674
2013-08-30,428.92787758183835
2013-09-03,430.63565585003164
2013-09-04,430.02504142368116
2013-09-05,431.924160004521
2013-09-06,433.221478225959
2013-09-09,548.0020734828461
2013-09-10,547.103335449911
2013-09-11,546.622680416049
2013-09-12,547.4537527565791
2013-09-13,547.0163065826748
2013-09-16,544.6467971512366
2013-09-17,544.2073169288296
2013-09-18,711.6793527294709
2013-09-19,710.3070438668202
2013-09-20,617.0487682423719
2013-09-23,613.17092129612
2013-09-24,613.1401336252402
2013-09-25,468.47610196166465
2013-09-26,469.13913917288875
2013-09-27,469.41308694184465
2013-09-30,468.9756908830365
2013-10-01,470.5007165459143
2013-10-02,470.54492102672816
2013-10-03,469.4192187455849
2013-10-04,470.06595182924525
2013-10-07,469.2590034719969
2013-10-08,314.1876012398393
2013-10-09,313.7112633844955
2013-10-10,313.6344430176492
2013-10-11,313.7266321470372
2013-10-14,313.8802846036609
2013-10-15,313.5422421653301
2013-10-16,415.7364679633601
2013-10-17,418.2014473234683
2013-10-18,605.0870695061806
2013-10-21,604.8511729106406
2013-10-22,536.8842738504048
2013-10-23,536.6324754724442
2013-10-24,537.3765778574042
2013-10-25,451.0738037958178
2013-10-28,450.98497057864626
2013-10-29,451.29477561112446
2013-10-30,451.94966673865497
2013-10-31,450.21599471315653
2013-11-01,572.6368056044658
2013-11-04,573.4406850808156
2013-11-05,573.9951981342552
2013-11-06,573.4213341295313
2013-11-07,570.8179136839653
2013-11-08,573.1091320031121
2013-11-11,572.6228619373215
2013-11-12,574.2811062037123
2013-11-13,389.6449257410616
2013-11-14,389.5646275920834
2013-11-15,389.63082238473385
2013-11-18,390.9844034569715
2013-11-19,390.0841500695888
2013-11-20,390.56100062588007
2013-11-21,390.26383907997433
2013-11-22,391.07445417865347
2013-11-25,497.71528596224283
2013-11-26,498.6799247859836
2013-11-27,501.29777884954865
2013-11-29,500.2206608023772
2013-12-02,501.9524644269335
2013-12-03,569.0056930205208
2013-12-04,645.8240325270235
2013-12-05,645.2242618228372
2013-12-06,647.3220562938238
2013-12-09,648.0251617844525
2013-12-10,647.5734530341148
2013-12-11,644.7635946050024
2013-12-12,516.7934761945157
2013-12-13,618.8140187599054
2013-12-16,620.0774704503119
2013-12-17,517.3819416568558
2013-12-18,423.69319365874867
2013-12-19,423.41145160721135
2013-12-20,423.3365700225886
2013-12-23,528.2861465168035
2013-12-24,531.6585857460157
2013-12-26,533.5192165560628
2013-12-27,533.3173695304606
2013-12-30,532.6989807585982
2013-12-31,533.6554817480219
2014-01-02,532.9120579827779
2014-01-03,529.8894092063362
2014-01-06,529.1320281743122
2014-01-07,530.9581071554786
2014-01-08,533.6342205466253
2014-01-09,430.30339363886344
2014-01-10,432.57471201156153
2014-01-13,529.5761402905856
2014-01-14,531.7034836919036
2014-01-15,534.7333324988152
2014-01-16,533.568636091816
2014-01-17,534.5646366229936
2014-01-21,535.772057233701
2014-01-22,536.271939670849
2014-01-23,533.9032081011138
2014-01-24,409.4305440108989
2014-01-27,270.72272655500444
2014-01-28,270.33437687014236
2014-01-29,272.5868050423426
2014-01-30,272.27612529445287
2014-01-31,271.926610578077
2014-02-03,270.68389158651826
2014-02-04,354.28075834248017
2014-02-05,354.28075834248017
2014-02-06,354.28075834248017
2014-02-07,354.28075834248017
2014-02-10,354.28075834248017
2014-02-11,354.28075834248017
2014-02-12,354.28075834248017
2014-02-13,426.4677183873281
2014-02-14,513.3787911150687
2014-02-18,514.0303865476974
2014-02-19,580.376736854901
2014-02-20,580.2297265934766
2014-02-21,580.0712382390013
2014-02-24,743.8147234009643
2014-02-25,743.8204739485076
2014-02-26,653.2546249585503
2014-02-27,653.1627813057491
2014-02-28,741.3124604523057
2014-03-03,743.1253731853938
2014-03-04,744.159142272501
2014-03-05,743.4794923678971
2014-03-06,657.5502701588733
2014-03-07,658.0830954043034
2014-03-10,655.2877092976794
2014-03-11,585.48335074309
2014-03-12,537.4827274636596
2014-03-13,534.9635037233147
2014-03-14,535.5054528154196
2014-03-17,535.6486115335375
2014-03-18,537.2698716808447
2014-03-19,535.969564172484
2014-03-20,437.0140450392371
2014-03-21,437.24289024969596
2014-03-24,336.81270094795394
2014-03-25,336.8842667521442
2014-03-26,335.35409976858006
2014-03-27,335.94770913253296
2014-03-28,335.4360701798313
2014-03-31,422.5654396956109
2014-04-01,423.58044351373854
2014-04-02,421.08429643490365
2014-04-03,508.6308755414982
2014-04-04,507.249641627148
2014-04-07,506.101027946627
2014-04-08,507.90707523316206
2014-04-09,508.1766468044782
2014-04-10,356.001779737719
2014-04-11,355.15809206447045
2014-04-14,355.9357630949169
2014-04-15,356.8183226794037
2014-04-16,356.9243117308287
2014-04-17,356.5596474865299
2014-04-21,355.58370431049946
2014-04-22,355.54147535281277
2014-04-23,355.7175047450215
2014-04-24,355.66315972759935
2014-04-25,356.95646954917004
2014-04-28,357.35174668007005
2014-04-29,358.4764078538621
2014-04-30,358.5672015705754
2014-05-01,355.863799530836
2014-05-02,355.40454008902
2014-05-05,355.8142453830136
2014-05-06,297.2910572393527
2014-05-07,297.0833144631581
2014-05-08,297.3099429462795
2014-05-09,296.6867146176957
2014-05-12,360.73838389055425
2014-05-13,361.22397007758195
2014-05-14,360.27456647580084
2014-05-15,318.18210808537435
2014-05-16,318.43818272393315
2014-05-19,318.69425736249195
2014-05-20,318.2077155492302
2014-05-21,318.78815139663016
2014-05-22,318.9674036436213
2014-05-23,319.19787081832425
2014-05-27,319.61612606130365
2014-05-28,285.6566137357274
2014-05-29,349.8858975200541
2014-05-30,350.28440628891065
2014-06-02,350.50218115102444
2014-06-03,351.0044876232563
2014-06-04,351.2390466656167
2014-06-05,313.13403866575874
2014-06-06,349.1554979522482
2014-06-09,349.4228651588319
2014-06-10,350.14419121529215
2014-06-11,350.52168492940353
2014-06-12,412.49118549695413
2014-06-13,412.93080280326615
2014-06-16,413.2758326391469
2014-06-17,413.09318682705964
2014-06-18,413.52250330060156
2014-06-19,413.3925592198493
2014-06-20,477.47418284293593
2014-06-23,476.3183560719616
2014-06-24,476.7542366909252
2014-06-25,477.56832286517823
2014-06-26,476.8184894259885
2014-06-27,476.8716950730243
2014-06-30,477.70418878289036
2014-07-01,479.33760177641346
2014-07-02,479.43843232425286
2014-07-03,415.46281699826346
2014-07-07,415.8992267243433
2014-07-08,414.83241044266265
2014-07-09,415.91189691670013
2014-07-10,478.9106689771363
2014-07-11,480.423852015939
2014-07-14,437.10990647587846
2014-07-15,436.8267005874509
2014-07-16,374.0561254952336
2014-07-17,372.5389267151286
2014-07-18,374.07710214700063
2014-07-21,373.8212382254106
2014-07-22,374.5413561806897
2014-07-23,375.16330048468967
2014-07-24,375.0994574225239
2014-07-25,434.44895346135024
2014-07-28,434.57678006366086
2014-07-29,434.23658015934416
2014-07-30,434.73689021306166
2014-07-31,354.8933533737469
2014-08-01,266.34105227494206
2014-08-04,266.36324721342146
2014-08-05,266.5038170386892
2014-08-06,266.44463241764225
2014-08-07,266.5038170386892
2014-08-08,266.40763709038026
2014-08-11,266.46682735612166
2014-08-12,266.48902229460106
2014-08-13,266.5630073044305
2014-08-14,266.55560711003926
2014-08-15,266.42983202885966
2014-08-18,318.08290739772946
2014-08-19,318.5745532825765
2014-08-20,318.91572674194913
2014-08-21,370.4778877688318
2014-08-22,370.6662309060647
2014-08-25,371.1217912562586
2014-08-26,371.3988159463046
2014-08-27,371.20360882421187
2014-08-28,371.1956005656738
2014-08-29,371.6757304165367
2014-09-02,371.93638554066183
2014-09-03,371.5616414646531
2014-09-04,372.20649618787024
2014-09-05,372.59735666966776
2014-09-08,321.32819808620354
2014-09-09,320.8573286210229
2014-09-10,321.28512454484917
2014-09-11,322.2298854557007
2014-09-12,321.55976866768816
2014-09-15,321.0687826485953
2014-09-16,321.46768685178824
2014-09-17,322.04997713525216
2014-09-18,323.0245725208548
2014-09-19,274.02538635846156
2014-09-22,225.81720381837653
2014-09-23,163.37116697068052
2014-09-24,164.22112159967455
2014-09-25,91.70196363494375
2014-09-26,92.53636774609626
2014-09-29,91.88080673035827
2014-09-30,94.55686402545149
2014-10-01,93.41912321396617
2014-10-02,94.29997001465227
2014-10-03,96.67351584359241
2014-10-06,93.68973526952746
2014-10-07,93.35670903655567
2014-10-08,33.63364389433977
2014-10-09,76.65568789172673
2014-10-10,76.90827026688257
2014-10-13,85.4981544681324
2014-10-14,84.52017575390974
2014-10-15,59.3176961698055
2014-10-16,59.62511453927223
2014-10-17,75.24566378540639
2014-10-20,75.05959080206014
2014-10-21,151.87569964413257
2014-10-22,151.9274474864929
2014-10-23,151.36977111100342
2014-10-24,151.3596761778937
2014-10-27,150.98245831703636
2014-10-28,196.99891414285594
2014-10-29,153.67388046491666
2014-10-30,153.67388046491666
2014-10-31,215.61188534851038
2014-11-03,215.8402679244362
2014-11-04,215.61640432303227
2014-11-05,215.81410222275417
2014-11-06,245.0553429012936
2014-11-07,244.7952362601996
2014-11-10,245.09488506874794
2014-11-11,245.08041217098403
2014-11-12,245.2738042138219
2014-11-13,245.23004459326182
2014-11-14,245.32150775625874
2014-11-17,245.46798117593372
2014-11-18,245.58385702652956
2014-11-19,245.5161988374219
2014-11-20,245.67780756738972
2014-11-21,246.15905799886895
2014-11-24,246.35591160207088
2014-11-25,246.31376719466184
2014-11-26,246.38753519824888
2014-11-28,246.7499269481886
2014-12-01,264.6521967575508
2014-12-02,265.24058047301094
2014-12-03,265.2456294532102
2014-12-04,265.2248768966203
2014-12-05,265.8425130088015
2014-12-08,265.3157904311727
2014-12-09,264.907973711011
2014-12-10,195.47541243694786
2014-12-11,196.16898792863685
2014-12-12,196.56516956081492
2014-12-15,196.34880406929153
2014-12-16,196.33319588634978
2014-12-17,197.5493646262209
2014-12-18,197.80492416194943
2014-12-19,197.25899620206235
2014-12-22,197.13488989245616
2014-12-23,197.56199651565078
2014-12-24,196.78646610554267
2014-12-26,196.78999945625074
2014-12-29,197.0063537880072
2014-12-30,176.22024213146915
2014-12-31,176.34403137367065
2015-01-02,176.7021398220437
2015-01-05,176.83476970740077
2015-01-06,176.88782368534595
2015-01-07,177.06024489741287
2015-01-08,177.27245743618965
2015-01-09,177.08235156480765
2015-01-12,177.10003622412273
2015-01-13,211.34617569432135
2015-01-14,211.39936534554937
2015-01-15,242.1357182716202
2015-01-16,242.37738113075207
2015-01-20,243.02895231795674
2015-01-21,242.83931500432732
2015-01-22,243.5181511107687
2015-01-23,243.80301954623206
2015-01-26,243.35090509007193
2015-01-27,243.34392560441907
2015-01-28,229.22960260898185
2015-01-29,194.1319734077008
2015-01-30,174.11108855670034
2015-02-02,174.30730262491218
2015-02-03,172.5025033110281
2015-02-04,173.05438289595799
2015-02-05,172.71534791175043
2015-02-06,172.54305590764352
2015-02-09,150.9116503625314
2015-02-10,151.24987975812715
2015-02-11,151.16627037186998
2015-02-12,150.64131662506145
2015-02-13,199.76716236122215
2015-02-17,216.6662539629652
2015-02-18,216.7450229468186
2015-02-19,216.9777290648247
2015-02-20,217.18868631958588
2015-02-23,217.36225211592108
2015-02-24,217.44343487352248
2015-02-25,217.20392243198813
2015-02-26,217.81351565471493
2015-02-27,217.6032349811078
2015-03-02,218.019962513495
2015-03-03,217.76082068408107
2015-03-04,217.8547077164705
2015-03-05,218.10403448909608
2015-03-06,218.05758548011153
2015-03-09,218.17574020912474
2015-03-10,153.04808131247125
2015-03-11,153.56976695675175
2015-03-12,153.28239714563892
2015-03-13,153.80408278991942
2015-03-16,153.4813436601765
2015-03-17,153.47692165209676
2015-03-18,153.01713400192085
2015-03-19,153.26029047824414
2015-03-20,113.75219306199227
2015-03-23,113.75219306199227
2015-03-24,113.75219306199227
2015-03-25,113.75219306199227
2015-03-26,113.75219306199227
2015-03-27,113.75219306199227
2015-03-30,113.75219306199227
2015-03-31,113.75219306199227
2015-04-01,113.75219306199227
2015-04-02,113.75219306199227
2015-04-06,113.75219306199227
2015-04-07,113.75219306199227
2015-04-08,113.75219306199227
2015-04-09,113.75219306199227
2015-04-10,113.75219306199227
2015-04-13,113.75219306199227
2015-04-14,113.75219306199227
2015-04-15,113.75219306199227
2015-04-16,113.75219306199227
2015-04-17,113.75219306199227
2015-04-20,113.75219306199227
2015-04-21,113.75219306199227
2015-04-22,113.75219306199227
2015-04-23,113.75219306199227
2015-04-24,142.18313288169085
2015-04-27,142.15488272451447
2015-04-28,142.0999518633382
2015-04-29,141.87238115275073
2015-04-30,141.42351754428174
2015-05-01,162.13803602789358
2015-05-04,162.14092141197114
2015-05-05,161.8187838997077
2015-05-06,120.67801057176942
2015-05-07,120.63290570491417
2015-05-08,120.66760213814803
2015-05-11,120.57391961757196
2015-05-12,120.80292170220142
2015-05-13,120.79945222432762
2015-05-14,137.40040096941814
2015-05-15,137.5127145796703
2015-05-18,162.61535802313927
2015-05-19,124.47825449972366
2015-05-20,124.45466293364926
2015-05-21,124.51953974035386
2015-05-22,124.47825449972366
2015-05-26,124.24823673049826
2015-05-27,124.43696925909347
2015-05-28,124.44581609637137
2015-05-29,124.26003251353546
2015-06-01,124.29836880840637
2015-06-02,124.26887935081336
2015-06-03,124.37799034390747
2015-06-04,124.17746203227507
2015-06-05,124.09784049677397
2015-06-08,93.63930211772066
2015-06-09,93.63930211772066
2015-06-10,93.63930211772066
2015-06-11,93.63930211772066
2015-06-12,93.63930211772066
2015-06-15,73.82403225572261
2015-06-16,74.0662031709501
2015-06-17,74.09228297900894
2015-06-18,74.05129966210777
2015-06-19,74.32327581846627
2015-06-22,74.35308105959726
2015-06-23,74.0103163452066
2015-06-24,73.91717341218776
2015-06-25,73.92462605488578
2015-06-26,83.14990240346135
2015-06-29,83.49770261939388
2015-06-30,112.35041672785351
2015-07-01,111.62687227795278
2015-07-02,111.80813039620493
2015-07-06,112.32820094932876
2015-07-07,94.51438365398835
2015-07-08,94.01588324490095
2015-07-09,93.76700780833184
2015-07-10,94.19608605403893
2015-07-13,94.39956797949317
2015-07-14,94.13656815784982
2015-07-15,84.12613660197518
2015-07-16,103.25708705628466
2015-07-17,103.37628940459518
2015-07-20,89.66465809515833
2015-07-21,89.69333400821536
2015-07-22,83.0243736966157
2015-07-23,83.48198648550006
2015-07-24,83.31237763663748
2015-07-27,83.48385760522271
2015-07-28,83.15038758964538
2015-07-29,83.03851495400535
2015-07-30,83.39915718530034
2015-07-31,83.65451231817376
2015-08-03,84.02338214428127
2015-08-04,83.72573820435055
2015-08-05,84.07043941541356
2015-08-06,83.88950597925313
2015-08-07,84.02330870141168
2015-08-10,83.57623141395
2015-08-11,56.34737508591396
2015-08-12,56.17163873105074
2015-08-13,56.28240329106936
2015-08-14,56.25622850680314
2015-08-17,56.57810108401263
2015-08-18,48.51187299908686
2015-08-19,48.95578530544289
2015-08-20,29.36801613309843
2015-08-21,16.452693943797918
2015-08-24,18.735016580397158
2015-08-25,17.637443581545412
2015-08-26,44.67882222854284
2015-08-27,64.99621450295936
2015-08-28,57.854041915965595
2015-08-31,37.58619519504374
2015-09-01,37.94367963924574
2015-09-02,37.88588609376182
2015-09-03,57.54346453986362
2015-09-04,57.547747523972376
2015-09-08,57.31674206122659
2015-09-09,57.43620977016754
2015-09-10,57.3329199780395
2015-09-11,57.19423765620013
2015-09-14,57.08974752257004
2015-09-15,63.34278920580113
2015-09-16,63.35855169327296
2015-09-17,63.383321316442974
2015-09-18,63.5386944072367
2015-09-21,63.47564445734939
2015-09-22,63.58823365357672
2015-09-23,63.57021938218035
2015-09-24,63.531939055463056
2015-09-25,63.34053742187659
2015-09-28,63.45312661810392
2015-09-29,63.38557310036752
2015-09-30,63.315767798706574
2015-10-01,63.44862305025483
2015-10-02,63.47564445734939
2015-10-05,63.38557310036752
2015-10-06,74.33083183997695
2015-10-07,74.37871038508833
2015-10-08,63.242056785582186
2015-10-09,63.201524674940345
2015-10-12,63.18576218746852
2015-10-13,70.04344200317014
2015-10-14,99.61948377165302
2015-10-15,99.77268908255921
2015-10-16,99.67140968059087
2015-10-19,67.65719360851246
2015-10-20,67.65719360851246
2015-10-21,67.65719360851246
2015-10-22,67.65719360851246
2015-10-23,79.19738898005953
2015-10-26,79.20927695797471
2015-10-27,79.24932067305744
2015-10-28,110.64549257455243
2015-10-29,95.46170661891114
2015-10-30,95.35833368442171
2015-11-02,95.48188901029704
2015-11-03,95.56671627523518
2015-11-04,95.69708536567717
2015-11-05,95.65969292521567
2015-11-06,63.015771739036154
2015-11-09,62.85650608824394
2015-11-10,62.84598230800803
2015-11-11,62.85243301521819
2015-11-12,62.71293767698516
2015-11-13,45.780798989797354
2015-11-16,45.79694652702808
2015-11-17,31.96130944201573
2015-11-18,32.06309980241501
2015-11-19,31.63495643533428
2015-11-20,31.908665766114392
2015-11-23,32.13570040922973
2015-11-24,31.839143014980515
2015-11-25,31.932797018848646
2015-11-27,32.32941406420245
2015-11-30,32.179581459981854
2015-12-01,48.60293706208115
2015-12-02,48.85366088644107
2015-12-03,31.09740882395944
2015-12-04,58.743467518115466
2015-12-07,58.743467518115466
2015-12-08,58.743467518115466
2015-12-09,58.743467518115466
2015-12-10,58.743467518115466
2015-12-11,58.743467518115466
2015-12-14,58.743467518115466
2015-12-15,58.743467518115466
2015-12-16,58.743467518115466
2015-12-17,58.743467518115466
2015-12-18,58.743467518115466
2015-12-21,58.743467518115466
2015-12-22,58.743467518115466
2015-12-23,58.743467518115466
2015-12-24,58.743467518115466
2015-12-28,58.743467518115466
2015-12-29,44.05392862106409
2015-12-30,44.05940788123198
2015-12-31,44.024705900168705
2016-01-04,34.71417544047064
2016-01-05,34.66361557268918
2016-01-06,34.585784965932405
2016-01-07,40.22069278560328
2016-01-08,40.17228588306871
2016-01-11,40.28718746606483
2016-01-12,40.07325257985871
2016-01-13,40.322627911747226
2016-01-14,40.15412955279376
2016-01-15,40.25616316588145
2016-01-18,40.25616316588145
2016-01-19,48.89578625667445
2016-01-20,48.91948938973824
2016-01-21,48.92515753025349
2016-01-22,48.68348863010312
2016-01-25,48.80870300694009
2016-01-26,48.72625732671822
2016-01-27,48.93185624177152
2016-01-28,48.87672069312314
2016-01-29,63.00749890525413
2016-02-01,62.903743427117405
2016-02-02,63.21097178465931
2016-02-03,77.31023841399129
2016-02-04,77.57130616321498
2016-02-05,77.85983750559349
2016-02-08,90.96508131192186
2016-02-09,76.67684399994329
2016-02-10,76.49360687267026
2016-02-11,77.6813616742506
2016-02-12,77.3068062482738
2016-02-16,90.37698245117707
2016-02-17,90.18468370838623
2016-02-18,90.55348982775286
2016-02-19,90.54497555509103
2016-02-22,77.60085471034051
2016-02-23,77.8903275630496
2016-02-24,77.99787813055165
2016-02-25,77.96823629222396
2016-02-26,77.69291285556233
2016-02-29,63.715874038185845
2016-03-01,68.33179537925992
2016-03-02,53.83300632572839
2016-03-03,54.000558835204515
2016-03-04,53.91698375941928
2016-03-07,66.14292608790625
2016-03-08,66.12936835568149
2016-03-09,66.06157818998192
2016-03-10,66.25139095485586
2016-03-11,66.08746140687933
2016-03-14,65.91120787880591
2016-03-15,65.73865109338882
2016-03-16,65.72509336116406
2016-03-17,73.76532123621548
2016-03-18,73.53088406605696
2016-03-21,73.42424689967189
2016-03-22,86.13429970948548
2016-03-23,71.11177506624472
2016-03-24,63.429413282668484
2016-03-28,63.41092505565951
2016-03-29,75.6939690919539
2016-03-30,75.49433684436252
2016-03-31,75.60741226291981
2016-04-01,87.64879786077852
2016-04-04,87.49041480111453
2016-04-05,73.65859548620867
2016-04-06,73.71176694970984
2016-04-07,73.73277543530784
2016-04-08,73.84409541443227
2016-04-11,85.6234891877373
2016-04-12,97.47244855181577
2016-04-13,97.7005732171694
2016-04-14,97.23858584501642
2016-04-15,94.07211536667614
2016-04-18,102.48079145936082
2016-04-19,103.59664754961815
2016-04-20,107.51948272712104
2016-04-21,107.28505911044526
2016-04-22,97.46349852395676
2016-04-25,97.70469037100479
2016-04-26,98.16120805454854
2016-04-27,98.4674981227821
2016-04-28,98.73909824135262
2016-04-29,99.10169765483604
2016-05-02,99.28501821998091
2016-05-03,98.77925575365545
2016-05-04,98.45339310788964
2016-05-05,98.20335070900401
2016-05-06,98.93567880392322
2016-05-09,89.90824900390122
2016-05-10,90.83545707882064
2016-05-11,90.89567538647668
2016-05-12,90.8174151695689
2016-05-13,90.59094881446764
2016-05-16,90.95759806824238
2016-05-17,91.12237507091012
2016-05-18,76.4461028764232
2016-05-19,76.1564107155881
2016-05-20,76.1371430741138
2016-05-23,60.11986854173561
2016-05-24,60.11441992813354
2016-05-25,66.02830774494169
2016-05-26,65.99721156545482
2016-05-27,66.13098946510254
2016-05-31,65.90508338802456
2016-06-01,66.28601691246264
2016-06-02,66.87670901135174
2016-06-03,66.72114936302226
2016-06-06,77.7855591113122
2016-06-07,77.89175576012644
2016-06-08,78.50338815656718
2016-06-09,78.34662286434555
2016-06-10,78.1208433441621
2016-06-13,77.99505228272852
2016-06-14,78.03718046409786
2016-06-15,77.71571170687781
2016-06-16,73.98878865960663
2016-06-17,74.46703727061805
2016-06-20,74.02217240610537
2016-06-21,67.80649315374103
2016-06-22,67.84061877099876
2016-06-23,67.82589465673185
2016-06-24,48.26638132206637
2016-06-27,48.280945948399875
2016-06-28,48.23900010902474
2016-06-29,58.18925956398595
2016-06-30,58.27584632471371
2016-07-01,58.901188022355214
2016-07-05,59.18958561260011
2016-07-06,59.39763619969245
2016-07-07,59.174474652696944
2016-07-08,67.30339721911521
2016-07-11,67.44198424602098
2016-07-12,74.94780037080159
2016-07-13,75.11229848110214
2016-07-14,75.09021517196285
2016-07-15,74.94315696973169
2016-07-18,74.98643277986842
2016-07-19,74.95963823959517
2016-07-20,74.78037089182999
2016-07-21,74.90108435513591
2016-07-22,74.85715056991248
2016-07-25,74.78668135265971
2016-07-26,74.8369067371992
2016-07-27,75.10163109240833
2016-07-28,75.27610806948202
2016-07-29,75.48028806122502
2016-08-01,75.59228914785226
2016-08-02,75.68143687733652
2016-08-03,75.54852800195272
2016-08-04,75.5825011921148
2016-08-05,75.24619316258533
2016-08-08,75.21125153366208
2016-08-09,75.29713863667673
2016-08-10,75.46548330604747
2016-08-11,75.43904686553094
2016-08-12,65.31110952179044
2016-08-15,65.38998350708658
2016-08-16,65.37391264551309
2016-08-17,65.34900055767638
2016-08-18,65.42021083493057
2016-08-19,65.348173207406
2016-08-22,65.33944212285597
2016-08-23,65.37928201328197
2016-08-24,56.485005775219065
2016-08-25,56.472650469947524
2016-08-26,56.45961670271862
2016-08-29,56.51276578858168
2016-08-30,56.46880892117231
2016-08-31,56.4433263316768
2016-09-01,56.44109841480967
2016-09-02,56.511388697663705
2016-09-06,56.58987367303862
2016-09-07,56.591964062915565
2016-09-08,56.510754245701435
2016-09-09,35.17068679415314
2016-09-12,35.17068679415314
2016-09-13,35.17068679415314
2016-09-14,35.17068679415314
2016-09-15,35.17068679415314
2016-09-16,35.17068679415314
2016-09-19,35.17068679415314
2016-09-20,35.17068679415314
2016-09-21,43.96116065444254
2016-09-22,44.026869220646674
2016-09-23,43.97294288010673
2016-09-26,43.89771790086612
2016-09-27,43.980646643041005
2016-09-28,43.99424151880738
2016-09-29,43.95073791635498
2016-09-30,43.99786681901175
2016-10-03,43.98970989355192
2016-10-04,43.97475553020891
2016-10-05,47.164758873784336
2016-10-06,38.40620950378322
2016-10-07,38.34900735592495
2016-10-11,47.113368105030105
2016-10-12,47.08785744762999
2016-10-13,47.004702730969896
2016-10-14,47.07230214454238
2016-10-17,47.02363352651025
2016-10-18,54.728388604029504
2016-10-19,54.81469371497356
2016-10-20,54.805421252405665
2016-10-21,54.86535126941796
2016-10-24,54.94956807729797
2016-10-25,54.888175702053346
2016-10-26,54.77213262518996
2016-10-27,54.74504486214953
2016-10-28,54.629932596921954
2016-10-31,51.32109406752593
2016-11-01,45.55941860028203
2016-11-02,36.616845192399666
2016-11-03,36.6779963904887
2016-11-04,36.732537074239374
2016-11-07,36.88293730872283
2016-11-08,37.12258579150887
2016-11-09,37.38702606733928
2016-11-10,37.686173119629764
2016-11-14,44.895845719588024
2016-11-15,44.84714933270532
2016-11-16,37.38492408003859
2016-11-17,37.419988746560776
2016-11-18,37.44336537668985
2016-11-21,44.69256468062042
2016-11-22,44.71584070635914
2016-11-23,49.690235738961505
2016-11-25,49.8249458719428
2016-11-28,49.75770057207253
2016-11-29,49.62313123650375
2016-11-30,49.69829622984515
2016-12-01,49.661240037474016
2016-12-02,49.610332721195334
2016-12-05,49.744723817328705
2016-12-06,49.75720389432507
2016-12-07,49.760641832148195
2016-12-08,49.826300965179
2016-12-09,49.94496745487942
2016-12-12,52.17916546045467
2016-12-13,59.706129690930176
2016-12-14,59.641110422429755
2016-12-15,59.73557800755009
2016-12-16,59.72762093973394
2016-12-19,54.670345764080146
2016-12-20,54.733903482265404
2016-12-21,54.69599457630409
2016-12-22,54.69601367299745
2016-12-23,54.70614880127975
2016-12-27,54.77813368212614
2016-12-28,54.69368922477095
2016-12-29,54.629636074314064
2016-12-30,54.49451266559285
2017-01-03,54.6106126976511
2017-01-04,54.694953489235665
2017-01-05,54.674235770070055
2017-01-06,54.82336340164848
2017-01-09,54.7177928489029
2017-01-10,54.682893051919436
2017-01-11,54.77512775556517
2017-01-12,54.73646299863316
2017-01-13,47.339949045183886
2017-01-17,63.26364493277902
2017-01-18,63.231961533654115
2017-01-19,58.5479589774795
2017-01-20,58.661108158455235
2017-01-23,58.61580903525042
2017-01-24,58.62521408101388
2017-01-25,58.78039182693215
2017-01-26,58.75639132435353
2017-01-27,58.71289318703435
2017-01-30,51.98264704416688
2017-01-31,52.00134103834627
2017-02-01,52.245543391334245
2017-02-02,52.1946164158584
2017-02-03,52.257572084955
2017-02-06,52.18528771998087
2017-02-07,52.26300582069329
2017-02-08,52.33605848720521
2017-02-09,56.48125561548285
2017-02-10,62.343479639490766
2017-02-13,62.47231334969533
2017-02-14,62.406310200560085
2017-02-15,62.632276871451396
2017-02-16,62.41954896427879
2017-02-17,62.296771734987274
2017-02-21,62.44583130453938
2017-02-22,62.490086891522154
2017-02-23,56.55691504533348
2017-02-24,52.52946056071452
2017-02-27,52.55642537829466
2017-02-28,52.53789347689085
2017-03-01,52.72189914109987
2017-03-02,45.47225010190262
2017-03-03,45.512762431300516
2017-03-06,45.47124639444458
2017-03-07,45.42169916529343
2017-03-08,42.94113644031165
2017-03-09,42.95428013891334
2017-03-10,42.995645047070425
2017-03-13,43.02690270609346
2017-03-14,39.76472673136064
2017-03-15,42.984454482844555
2017-03-16,42.97772720792686
2017-03-17,42.989974384262155
2017-03-20,42.944686578130245
2017-03-21,33.76657933764756
2017-03-22,33.80833051782758
2017-03-23,33.791250489572114
2017-03-24,33.82806743936722
2017-03-27,33.82844699555067
2017-03-28,33.867920838629956
2017-03-29,33.914985805378336
2017-03-30,33.91726314247906
2017-03-31,33.91878136721288
2017-04-03,33.91270846827761
2017-04-04,33.92713160324888
2017-04-05,33.88500086688541
2017-04-06,33.894869327655236
2017-04-07,33.89259199055451
2017-04-10,33.89411021528833
2017-04-11,40.276862017114986
2017-04-12,40.25352272777333
2017-04-13,46.699850049966614
2017-04-17,46.77393442436889
2017-04-18,46.69247374459437
2017-04-19,46.61350821553874
2017-04-20,36.251716085436406
2017-04-21,36.29050052199961
2017-04-24,36.35043644387602
2017-04-25,29.07799808722004
2017-04-26,29.069515329452717
2017-04-27,32.805767828338546
2017-04-28,32.78982646863345
2017-05-01,26.785253862274743
2017-05-02,26.802904324403315
2017-05-03,26.864854291497693
2017-05-04,26.971883482130654
2017-05-05,27.016551483601
2017-05-08,27.0333565049407
2017-05-09,27.134068764477114
2017-05-10,27.081113984545315
2017-05-11,27.052885836010525
2017-05-12,27.03095093078959
2017-05-15,26.971643595005066
2017-05-16,33.02792596550728
2017-05-17,21.127111959856915
2017-05-18,21.127111959856915
2017-05-19,21.127111959856915
2017-05-22,21.127111959856915
2017-05-23,21.127111959856915
2017-05-24,26.407569703360622
2017-05-25,31.73465838328683
2017-05-26,31.74465012459981
2017-05-30,31.737855621361618
2017-05-31,31.739554429618323
2017-06-01,31.806524631465642
2017-06-02,37.163741759342386
2017-06-05,31.7968516657546
2017-06-06,31.772521338161887
2017-06-07,35.7089806985582
2017-06-08,35.72509838368367
2017-06-09,27.29461896136398
2017-06-12,27.18328863850167
2017-06-13,27.246649128618706
2017-06-14,27.19988752925145
2017-06-15,27.218788677377017
2017-06-16,29.625717495020275
2017-06-19,29.575561133306522
2017-06-20,25.39072974517184
2017-06-21,25.341353549805792
2017-06-22,25.321020964438894
2017-06-23,25.32051511978993
2017-06-26,25.273192663661373
2017-06-27,25.25578142110516
2017-06-28,25.315478286716868
2017-06-29,29.8051918376187
2017-06-30,29.989849876622056
2017-07-03,30.0997487206321
2017-07-05,30.066364125222847
2017-07-06,23.371440946748546
2017-07-07,23.32936695579863
2017-07-10,26.67452771188245
2017-07-11,26.75704630275658
2017-07-12,26.684395287064383
2017-07-13,20.088216608159964
2017-07-14,24.066080704839397
2017-07-17,24.124369568079295
2017-07-18,24.13386277706146
2017-07-19,27.646586407398466
2017-07-20,27.659403325945096
2017-07-21,27.663425203868854
2017-07-24,27.69393965176127
2017-07-25,27.88602124122042
2017-07-26,27.94019371476915
2017-07-27,27.923489519296254
2017-07-28,27.9153782431437
2017-07-31,27.924040102938484
2017-08-01,27.920054370832325
2017-08-02,27.940617309396693
2017-08-03,27.916411042617348
2017-08-04,27.93473644636772
2017-08-07,28.00281527746943
2017-08-08,28.042442348049896
2017-08-09,28.02495847970642
2017-08-10,17.395323760642658
2017-08-11,17.40848489186881
2017-08-14,17.39614665002762
2017-08-15,17.359954029437745
2017-08-16,16.216961370069427
2017-08-17,16.205569654971434
2017-08-18,16.203681522598277
2017-08-21,16.28981178299661
2017-08-22,16.32061369888392
2017-08-23,16.307742443323
2017-08-24,16.377680512935065
2017-08-25,16.37535776317688
2017-08-28,19.609326829329078
2017-08-29,19.635582955246548
2017-08-30,19.594150582187204
2017-08-31,19.617252055223805
2017-09-01,22.790478417985764
2017-09-05,24.010391147060197
2017-09-06,24.031953681543477
2017-09-07,24.08052391511196
2017-09-08,19.501833894570662
2017-09-11,19.426572281277725
2017-09-12,22.679758698992735
2017-09-13,22.665244834037836
2017-09-14,22.655206409447707
2017-09-15,22.628719167369017
2017-09-18,15.783089487183014
2017-09-19,15.785703966750038
2017-09-20,15.786357586641795
2017-09-21,15.78080181756187
2017-09-22,15.778840957886601
2017-09-25,17.403265276845847
2017-09-26,17.390705055192527
2017-09-27,17.41057555173484
2017-09-28,17.396742886434332
2017-09-29,17.410956718561028
2017-10-02,17.390375748238817
2017-10-03,17.393884759856952
2017-10-04,17.38474332668359
2017-10-05,20.554975228837318
2017-10-06,18.860605459076638
2017-10-09,18.859100301843405
2017-10-10,18.865696368303567
2017-10-11,18.880472529564415
2017-10-12,18.871901522941165
2017-10-13,18.889039301853582
2017-10-16,22.005192228818274
2017-10-17,21.966132491196063
2017-10-18,21.95138107761131
2017-10-19,21.930849538714057
2017-10-20,21.953885532158836
2017-10-23,21.93795825680995
2017-10-24,21.96248945218091
2017-10-25,21.928888241745128
2017-10-26,21.93940251305056
2017-10-27,20.676407882810167
2017-10-30,20.676098252784914
2017-10-31,20.702901343010105
2017-11-01,20.698171807503687
2017-11-02,20.706319963854202
2017-11-03,20.779568378376503
2017-11-06,20.857064119376318
2017-11-07,20.850668973391514
2017-11-08,20.85619065899369
2017-11-09,20.845286687591344
2017-11-10,20.822164434382607
2017-11-13,20.827526193673727
2017-11-14,20.7769336132675
2017-11-15,20.73338506721724
2017-11-16,20.79164705632578
2017-11-17,20.813556522111192
2017-11-20,20.806944015142026
2017-11-21,23.915578375510393
2017-11-22,23.954272885214763
2017-11-24,24.0103693239829
2017-11-27,23.972448063659698
2017-11-28,24.049625599565843
2017-11-29,23.975619690909156
2017-11-30,24.05019096604275
2017-12-01,24.050104423616997
2017-12-04,18.870637141383032
2017-12-05,18.833283210758722
2017-12-06,16.924556849891538
2017-12-07,16.963513681512595
2017-12-08,16.97894617787791
2017-12-11,16.994868496778018
2017-12-12,16.98766360870873
2017-12-13,17.008592944968797
2017-12-14,16.95712856499617
2017-12-15,19.596231865977217
2017-12-18,19.737275008385822
2017-12-19,19.68444448570562
2017-12-20,19.679022321502764
2017-12-21,17.089345044214085
2017-12-22,17.068572105010972
2017-12-26,20.92133405072135
2017-12-27,20.914468265791218
2017-12-28,20.971713689434225
2017-12-29,20.913485426450904
2018-01-02,20.977156854010126
2018-01-03,21.052853831114195
2018-01-04,21.09615719661509
2018-01-05,23.35152087426686
2018-01-08,23.370641072137246
2018-01-09,23.40514637821329
2018-01-10,23.432439737981895
2018-01-11,23.53472986846761
2018-01-12,23.601438433232236
2018-01-16,23.53320220635831
2018-01-17,21.43962477863176
2018-01-18,21.396945468181762
2018-01-19,21.46068690086039
2018-01-22,21.54627775571767
2018-01-23,21.606277216017354
2018-01-24,21.603154870623037
2018-01-25,24.107023604152026
2018-01-26,24.19911215251698
2018-01-29,24.116139611631088
2018-01-30,23.544710205935374
2018-01-31,23.539891439189084
2018-02-01,23.55541975246091
2018-02-02,11.27085237371995
2018-02-05,11.215135653408328
2018-02-06,11.224839485773312
2018-02-07,9.447378197047174
2018-02-08,9.450703053044734
2018-02-09,9.425766633063036
2018-02-12,9.459015193038631
2018-02-13,9.457352765039852
2018-02-14,9.460677621037412
2018-02-15,11.065716776588681
2018-02-16,11.059753274506384
2018-02-20,11.05427398521345
2018-02-21,11.06805762199305
2018-02-22,11.071188273374382
2018-02-23,11.074510531869532
2018-02-26,11.086344329979628
2018-02-27,11.105508854992845
2018-02-28,12.138140121026874
2018-03-01,12.22908879010562
2018-03-02,12.196466344865755
2018-03-05,12.233555210290561
2018-03-06,12.239497181284259
2018-03-07,12.202826759494865
2018-03-08,12.247689608485167
2018-03-09,11.337384531468189
2018-03-12,11.353093953421638
2018-03-13,11.341140104192766
2018-03-14,11.345381668313069
2018-03-15,11.333918497411982
2018-03-16,10.219108465947269
2018-03-19,7.6095819021290225
2018-03-20,7.610043336956002
2018-03-21,7.605287008739445
2018-03-22,5.895640642539785
2018-03-23,5.895640642539785
2018-03-26,5.895640642539785
2018-03-27,5.895640642539785
2018-03-28,5.895640642539785
2018-03-29,5.895640642539785
2018-04-02,5.895640642539785
2018-04-03,5.895640642539785
2018-04-04,5.895640642539785
2018-04-05,5.895640642539785
2018-04-06,5.895640642539785
2018-04-09,5.895640642539785
2018-04-10,5.895640642539785
2018-04-11,6.619920716859715
2018-04-12,6.622630941103722
2018-04-13,6.626100024827672
2018-04-16,6.613416195215994
2018-04-17,6.616668414683114
2018-04-18,6.6378082134120575
2018-04-19,6.635856848647993
2018-04-20,6.636832489675285
2018-04-23,6.639651146047707
2018-04-24,6.629460676423207
2018-04-25,6.633255056532401
2018-04-26,6.634772775492286
2018-04-27,6.633797051755514
2018-04-30,7.308986243587327
2018-05-01,8.59286761648165
2018-05-02,8.5925968760866
2018-05-03,8.628560763407389
2018-05-04,8.623133707758655
2018-05-07,8.598742838959197
2018-05-08,8.592777642484414
2018-05-09,8.608664946816516
2018-05-10,8.602223005615395
2018-05-11,7.835586507058124
2018-05-14,7.835993396017113
2018-05-15,7.882395584387465
2018-05-16,9.222974681415405
2018-05-17,9.216358029266456
2018-05-18,9.237645087450144
2018-05-21,9.26034903769241
2018-05-22,9.25401187447869
2018-05-23,9.265175399493074
2018-05-24,9.239758201934892
2018-05-25,8.478799117054873
2018-05-29,9.913826464736552
2018-05-30,8.551428766554483
2018-05-31,8.53614906627266
2018-06-01,8.552542019674075
2018-06-04,9.986513599694728
2018-06-05,10.000395304183339
2018-06-06,11.40998869338647
2018-06-07,9.918925423303694
2018-06-08,9.9284934769934
2018-06-11,9.918437314058004
2018-06-12,9.925034324874199
2018-06-13,9.923515294499099
2018-06-14,9.934770890390507
2018-06-15,8.493506117991375
2018-06-18,8.5154121267263
2018-06-19,8.509984335733446
2018-06-20,8.534373199511004
2018-06-21,8.502829818947182
2018-06-22,8.497740456496961
2018-06-25,4.423834697456356
2018-06-26,4.423834697456356
2018-06-27,4.423834697456356
2018-06-28,4.958033476004497
2018-06-29,4.963125344017353
2018-07-02,4.961597800262474
2018-07-03,4.9630525879823795
2018-07-05,4.954323750669761
2018-07-06,4.960579437759222
2018-07-09,4.960943106940901
2018-07-10,6.06849657108538
2018-07-11,6.0323694974613336
2018-07-12,6.900291839917751
2018-07-13,6.908308414249885
2018-07-16,6.336431848527268
2018-07-17,6.353516629982261
2018-07-18,6.353388332786796
2018-07-19,6.344863641861788
2018-07-20,6.342183042058655
2018-07-23,6.35483087281257
2018-07-24,6.356731860104489
2018-07-25,6.370931749177448
2018-07-26,6.366918972154625
2018-07-27,6.341972427289185
2018-07-30,4.8475099443523515
2018-07-31,4.852946388663996
2018-08-01,4.850475277613249
2018-08-02,4.857493232997372
2018-08-03,4.861842388446688
2018-08-06,4.865993855011945
2018-08-07,4.869848788251112
2018-08-08,4.868069588294573
2018-08-09,4.867476521642393
2018-08-10,5.795219791843049
2018-08-13,5.791062752987788
2018-08-14,5.800488839465126
2018-08-15,5.792389093510451
2018-08-16,5.8011955606672
2018-08-17,5.798826361605796
2018-08-20,5.799357683083832
2018-08-21,5.794435245399667
2018-08-22,4.845039697677006
2018-08-23,4.843754719930617
2018-08-24,5.779330841059964
2018-08-27,6.718427757189303
2018-08-28,6.71909079449806
2018-08-29,6.740167050702414
2018-08-30,6.731789657862595
2018-08-31,6.736356279116805
2018-09-04,6.7288884488476945
2018-09-05,6.708638614923705
2018-09-06,5.067934961903167
2018-09-07,5.066577193834995
2018-09-10,5.070848196241419
2018-09-11,5.075249394311325
2018-09-12,5.07244364537525
2018-09-13,5.078206142914131
2018-09-14,5.083278251215288
2018-09-17,5.066820162684011
2018-09-18,4.325531623479036
2018-09-19,4.323405018714653
2018-09-20,4.3445177457742945
2018-09-21,4.345889049665773
2018-09-24,4.333379966771359
2018-09-25,4.335527448908866
2018-09-26,3.2337208755791207
2018-09-27,3.2369828317265488
2018-09-28,3.6281219096679935
2018-10-01,3.644127157486663
2018-10-02,3.642270891005017
2018-10-03,3.6541136819086213
2018-10-04,3.635277030864808
2018-10-05,3.6310791025406974
2018-10-08,3.630515338871619
2018-10-09,2.205919622024703
2018-10-10,2.1967405013093746
2018-10-11,1.7848845732061065
2018-10-12,1.785180837850874
2018-10-15,2.232821996091019
2018-10-16,2.22888548486772
2018-10-17,2.228791291332887
2018-10-18,2.2240670217302525
2018-10-19,1.7496317374990675
2018-10-22,1.7493354728543
2018-10-23,1.7476566398672841
2018-10-24,2.488370079582359
2018-10-25,2.488370079582359
2018-10-26,2.488370079582359
2018-10-29,2.488370079582359
2018-10-30,3.1102449106337544
2018-10-31,3.1110142450998426
2018-11-01,3.1055645806668974
2018-11-02,3.1072315535350192
2018-11-05,3.106013375410435
2018-11-06,3.105821041793913
2018-11-07,3.103769401692747
2018-11-08,3.107872681895079
2018-11-09,3.1096037822736946
2018-11-12,3.113642934965533
2018-11-13,3.1121042171183984
2018-11-14,3.1088985264031415
2018-11-15,3.109731988379723
2018-11-16,3.1067827587914816
2018-11-19,3.104987579817331
2018-11-20,3.1089626049986765
2018-11-21,3.1083214766386167
2018-11-23,3.1096678608692296
2018-11-26,3.1106295778667983
2018-11-27,3.112553011861936
2018-11-28,3.1088343988926477
2018-11-29,3.1087702713821543
2018-11-30,3.111911834586918
2018-12-03,3.110437244250276
2018-12-04,3.731902151622667
2018-12-06,3.7327375412667303
2018-12-07,3.73243262066666
2018-12-10,3.736580079492503
2018-12-11,3.736456154236018
2018-12-12,3.73332202505427
2018-12-13,3.733450231160299
2018-12-14,3.736776742873527
2018-12-17,3.735972542559467
2018-12-18,3.737442852046564
2018-12-19,4.358475848690562
2018-12-20,4.965616837955546
2018-12-21,4.970286010327566
2018-12-24,4.975120703237229
2018-12-26,4.969889753579917
2018-12-27,4.974848076877397
2018-12-28,4.977665413566056
2018-12-31,4.9638508410050255
2019-01-02,4.971658703087256
2019-01-03,4.9950787318142655
2019-01-04,4.991002959118216
2019-01-07,4.989462713889216
2019-01-08,4.351123171272771
2019-01-09,4.358465608737282
2019-01-10,4.343147983112094
2019-01-11,4.348228577920397
2019-01-14,4.350902312181468
2019-01-15,3.6784522084769833
2019-01-16,3.6818312400198807
2019-01-17,3.6776497614464376
2019-01-18,3.6673867820208224
2019-01-22,3.045795175037365
2019-01-23,3.0460904797567974
2019-01-24,3.044121701517457
2019-01-25,3.053128885995375
2019-01-28,3.0555898587945496
2019-01-29,3.6619325771092486
2019-01-30,3.666363253957339
2019-01-31,3.6766158018041337
2019-02-01,3.669808615876184
2019-02-04,3.6668848884950127
2019-02-05,3.6650386659496714
2019-02-06,3.053018312938944
2019-02-07,3.052969105499429
2019-02-08,3.0550855060573134
2019-02-11,3.051787826539356
2019-02-12,3.052870630538056
2019-02-13,3.0536581898996666
2019-02-14,3.053165995339832
2019-02-15,3.057251174137056
2019-02-19,3.6700513306423357
2019-02-20,4.283716340951063
2019-02-21,3.6515299818310387
2019-02-22,3.6665578882982617
2019-02-25,3.662635468354713
2019-02-26,3.660988099317156
2019-02-27,2.956496856697867
2019-02-28,2.9546164726627397
2019-03-01,2.951169126838082
2019-03-04,2.946468191656672
2019-03-05,2.9516914640388645
2019-03-06,2.9480351534462033
2019-03-07,2.946572649134265
2019-03-08,2.9429163883544214
2019-03-11,2.944169977711173
2019-03-12,2.9499155374813304
2019-03-13,3.5248289435001205
2019-03-14,3.5132167492716397
2019-03-15,3.5187662985971326
2019-03-18,4.110310188091775
2019-03-19,4.1140733367478095
2019-03-20,4.113887865551908
2019-03-21,4.712214643405236
2019-03-22,4.076000679453587
2019-03-25,4.075569914322715
2019-03-26,4.080929455060565
2019-03-27,4.076354717880737
2019-03-28,4.079008331580116
2019-03-29,4.08495093191737
2019-04-01,4.096538667258036
2019-04-02,4.4375254216601165
2019-04-03,3.8514556543979923
2019-04-04,3.848482601264405
2019-04-05,3.8598983213516638
2019-04-08,3.8690394139452304
2019-04-09,3.86113300201935
2019-04-10,3.8708078474740164
2019-04-11,3.282206311557286
2019-04-12,3.2871606489901284
2019-04-15,3.2824343554762065
2019-04-16,3.2911093571620254
2019-04-17,3.2869076129927217
2019-04-18,3.291333220102729
2019-04-22,3.3020401820821443
2019-04-23,3.3258968958185156
2019-04-24,3.3180563755420054
2019-04-25,3.311003797288325
2019-04-26,3.88109710737978
2019-04-29,3.8803984666043543
2019-04-30,3.882668211969257
2019-05-01,3.872306214183627
2019-05-02,3.5171167459309705
2019-05-03,4.076617177420803
2019-05-06,4.068743073216004
2019-05-07,3.2872545258871853
2019-05-08,2.269620718246783
2019-05-09,2.266531498013283
2019-05-10,2.268714081889428
2019-05-13,1.3619128293331855
2019-05-14,1.3614339766595027
2019-05-15,1.3596142862646183
2019-05-16,1.3591354107568947
2019-05-17,1.3601410447563063
2019-05-20,1.3612903048735694
2019-05-21,1.5886671038004816
2019-05-22,1.5924020242795545
2019-05-23,1.9953500009348137
2019-05-24,2.0007416249781604
2019-05-28,2.0118298726121933
2019-05-29,2.014697742177852
2019-05-30,1.8789361476370696
2019-05-31,1.3554676614380916
2019-06-03,1.3601671576372252
2019-06-04,1.6251002069991087
2019-06-05,1.6283607977249726
2019-06-06,1.6266069288535858
2019-06-07,1.6234036400202916
2019-06-10,1.6206247408366545
2019-06-11,1.6263827427612778
2019-06-12,1.6354502454646653
2019-06-13,1.7508057630228504
2019-06-14,1.7594737234406337
2019-06-17,1.7607131522367265
2019-06-18,2.0075677527301545
2019-06-19,2.0002432529252467
2019-06-20,2.4899145303667076
2019-06-21,2.4844014730787087
2019-06-24,2.495265060233258
2019-06-25,2.4959859917382783
2019-06-26,2.492666920826155
2019-06-27,2.491905097974162
2019-06-28,2.4769699653902673
2019-07-01,2.5628635476638877
2019-07-02,2.4493302432544697
2019-07-03,2.7537416374533565
2019-07-05,2.743578558310132
2019-07-08,2.7404650587174952
2019-07-09,2.7420056632090195
2019-07-10,2.750490172271622
2019-07-11,2.3369916287201704
2019-07-12,2.3412458168904116
2019-07-15,2.3428268286461105
2019-07-16,2.676404476446795
2019-07-17,2.681009649253996
2019-07-18,2.6903415556716865
2019-07-19,2.6842443988803755
2019-07-22,2.6935911511582535
2019-07-23,2.6981335136550415
2019-07-24,2.7056167866544403
2019-07-25,2.694939530418312
2019-07-26,2.6992690780526205
2019-07-29,2.6994519680278533
2019-07-30,2.702143866122311
2019-07-31,2.690947299925093
2019-08-01,2.549271881329383
2019-08-02,2.025471057404167
2019-08-05,2.0351693321879676
2019-08-06,2.038189239315759
2019-08-07,2.06391605760271
2019-08-08,2.055486170809541
2019-08-09,2.054562904696068
2019-08-12,2.061427456670287
2019-08-13,2.057550971253626
2019-08-14,1.9700981707570733
2019-08-15,1.970177988060732
2019-08-16,1.9635507970561736
2019-08-19,1.9571324335289892
2019-08-20,1.964888795397557
2019-08-21,1.9636358339516498
2019-08-22,1.9586741672343004
2019-08-23,1.9766416549304835
2019-08-26,1.9814433737511916
2019-08-27,1.9974559908323788
2019-08-28,1.9991812610860256
2019-08-29,1.9932939267451824
2019-08-30,1.8786445474260458
2019-09-03,1.9087939792255915
2019-09-04,1.915751766051199
2019-09-05,1.8869153192896446
2019-09-06,1.5343859292644344
2019-09-09,1.5291176370899175
2019-09-10,0.9174882423987075
2019-09-11,0.9175570982475266
2019-09-12,0.9158357020270496
2019-09-13,0.9155602786317732
2019-09-16,1.0037751696850543
2019-09-17,1.0037751696850543
2019-09-18,1.0037751696850543
2019-09-19,1.0037751696850543
2019-09-20,1.0037751696850543
2019-09-23,1.0037751696850543
2019-09-24,1.0037751696850543
2019-09-25,1.0037751696850543
2019-09-26,1.0037751696850543
2019-09-27,1.0037751696850543
2019-09-30,1.0037751696850543
2019-10-01,1.216327835213299
2019-10-02,1.2149984592688023
2019-10-03,1.465409163590009
2019-10-04,1.4667470995383614
2019-10-07,1.4657720167859312
2019-10-08,1.4673428605514887
2019-10-09,1.4672908490640242
2019-10-10,1.4661320974446421
2019-10-11,1.2132506441575177
2019-10-14,1.2142910253314716
2019-10-15,1.2127882525246494
2019-10-16,1.2114010776260442
2019-10-17,1.212210262983564
2019-10-18,1.2127882525246494
2019-10-21,1.2126148556623237
2019-10-22,1.2127882525246494
2019-10-23,1.2127304535705408
2019-10-24,1.2126148556623237
2019-10-25,1.3965504113869318
2019-10-28,1.6318826581952304
2019-10-29,1.6303471489377666
2019-10-30,1.6320541553459238
2019-10-31,1.6308146653778328
2019-11-01,1.636295443507076
2019-11-04,1.8554381344361746
2019-11-05,1.8544064839085892
2019-11-06,1.852084942632729
2019-11-07,1.856085572193713
2019-11-08,1.8563253314388968
2019-11-11,1.6108108197444477
2019-11-12,1.6115821818561553
2019-11-13,1.6112704741077297
2019-11-14,1.6108513929982597
2019-11-15,1.6148253616006478
2019-11-18,1.614719508682493
2019-11-19,1.6155773036612064
2019-11-20,1.6130372623763658
2019-11-21,1.6110169377252572
2019-11-22,1.6125748697349267
2019-11-25,1.6208111626861128
2019-11-26,1.6228327915356116
2019-11-27,1.6258627717050627
2019-11-29,1.7806997098533612
2019-12-02,1.7728732093358301
2019-12-03,1.117760378896968
2019-12-04,1.1204287199422878
2019-12-05,1.1199017774094127
2019-12-06,1.1227036468555938
2019-12-09,1.1217457907392638
2019-12-10,1.3096944157363808
2019-12-11,1.310424013743385
2019-12-12,1.6884068956075282
2019-12-13,1.7741934894733629
2019-12-16,1.784775191710568
2019-12-17,1.7883174208005084
2019-12-18,1.78705477465306
2019-12-19,1.789964161160863
2019-12-20,1.790078636296669
2019-12-23,1.790638673517233
2019-12-24,1.7938005424996064
2019-12-26,1.8017286693822376
2019-12-27,1.7995729426936848
2019-12-30,1.7965771972187405
2019-12-31,1.7953594075542378
2020-01-02,1.8033221729811417
2020-01-03,1.7976390836235567
2020-01-06,1.7982529624357524
2020-01-07,1.796728664543789
2020-01-08,1.7119574172358352
2020-01-09,1.716352682888044
2020-01-10,1.7150502998293595
2020-01-13,1.722801920749324
2020-01-14,1.7260834877769269
2020-01-15,1.7281587563584004
2020-01-16,1.7304260297094882
2020-01-17,1.732282589061219
2020-01-21,1.5428403688492907
2020-01-22,1.5421971410398485
2020-01-23,1.7125866740047575
2020-01-24,1.5228000520062164
2020-01-27,0.6589789899033722
2020-01-28,0.658257393086739
2020-01-29,0.6560926026368399
2020-01-30,0.6555874848651968
2020-01-31,0.48245152248471107
2020-02-03,0.48245152248471107
2020-02-04,0.5762744467975008
2020-02-05,0.5765402464928406
2020-02-06,0.6978628663063582
2020-02-07,0.696689513188482
2020-02-10,0.6988644177216308
2020-02-11,0.6990241300433422
2020-02-12,0.7008412262554226
2020-02-13,0.700605194919006
2020-02-14,0.700924446836666
2020-02-18,0.7005384859065272
2020-02-19,0.8227426802903055
2020-02-20,0.8216806545963653
2020-02-21,0.9416064996324564
2020-02-24,0.599530613432703
2020-02-25,0.4723340281619839
2020-02-26,0.4718164107299264
2020-02-27,0.5589918483526103
2020-02-28,0.4147479647932655
2020-03-02,0.4150236055676254
2020-03-03,0.41550342469336304
2020-03-04,0.4156667673744652
2020-03-05,0.41600366165423847
2020-03-06,0.3351509541959713
2020-03-09,0.3127930937636859
2020-03-10,0.3937060663548611
2020-03-11,0.3934406344980701
2020-03-12,0.353547825262675
2020-03-13,0.2639440105559932
2020-03-16,0.17686732683079695
2020-03-17,0.17963272011644213
2020-03-18,0.25884260382336216
2020-03-19,0.29246316946218553
2020-03-20,0.2929023916542015
2020-03-23,0.293959818731399
2020-03-24,0.2915176990871633
2020-03-25,0.29018465533519683
2020-03-26,0.21221913635568473
2020-03-27,0.21276801993506422
2020-03-30,0.21400307544867775
2020-03-31,0.2126679725184667
2020-04-01,0.21429601134014115
2020-04-02,0.21372043533896956
2020-04-03,0.2144845552706968
2020-04-06,0.2144197007493899
2020-04-07,0.21298067285339833
2020-04-08,0.21336077694569044
2020-04-09,0.24201690194918998
2020-04-13,0.28442425853705466
2020-04-14,0.285325332087424
2020-04-15,0.2856977188653059
2020-04-16,0.28552070825128284
2020-04-17,0.2846822131183265
2020-04-20,0.28591122795810625
2020-04-21,0.2861613232174488
2020-04-22,0.28594640135836297
2020-04-23,0.2857991662026964
2020-04-24,0.28608366068324553
2020-04-27,0.28720120648088465
2020-04-28,0.2875295098927535
2020-04-29,0.2871876973147932
2020-04-30,0.28597344425306076
2020-05-01,0.2861447386466078
2020-05-04,0.2864468437793101
2020-05-05,0.28611760603406133
2020-05-06,0.2859414818493684
2020-05-07,0.28602342733541447
2020-05-08,0.2854419757918848
2020-05-11,0.2852630965111018
2020-05-12,0.28474322267529134
2020-05-13,0.28534868555265175
2020-05-14,0.2857511415049513
2020-05-15,0.2861334377373033
2020-05-18,0.2855824461133318
2020-05-19,0.32859641096575215
2020-05-20,0.363703752025634
2020-05-21,0.3613563754419343
2020-05-22,0.3625310764536959
2020-05-26,0.3616713116407634
2020-05-27,0.36195557890157026
2020-05-28,0.40482987749670174
2020-05-29,0.40689227318136023
2020-06-01,0.4078197028468982
2020-06-02,0.40645774649612365
2020-06-03,0.3306680150791886
2020-06-04,0.33151404379091787
2020-06-05,0.3071071687807698
2020-06-08,0.3501479797758396
2020-06-09,0.3509747488726254
2020-06-10,0.3526832717967354
2020-06-11,0.2916209149343999
2020-06-12,0.29158649446469126
2020-06-15,0.2919484850259175
2020-06-16,0.29230645307632014
2020-06-17,0.2927809740328019
2020-06-18,0.2925646008416225
2020-06-19,0.367034361502031
2020-06-22,0.36790250506735417
2020-06-23,0.36825666120800093
2020-06-24,0.3673822485201337
2020-06-25,0.36791727416535747
2020-06-26,0.36730700567845365
2020-06-29,0.36785905553052733
2020-06-30,0.43541686275257496
2020-07-01,0.5033218888942042
2020-07-02,0.5042899297541138
2020-07-06,0.506482087487752
2020-07-07,0.5070263777334588
2020-07-08,0.5590531468950701
2020-07-09,0.5587122381658827
2020-07-10,0.5600719957463309
2020-07-13,0.48452155934547525
2020-07-14,0.48344257725984946
2020-07-15,0.48326808734669396
2020-07-16,0.4820031479784757
2020-07-17,0.4832909725324176
2020-07-20,0.5234289098097624
2020-07-21,0.5286503959325844
2020-07-22,0.5329667673321599
2020-07-23,0.5324933799967415
2020-07-24,0.5309420971273536
2020-07-27,0.5378486922061643
2020-07-28,0.537442833776171
2020-07-29,0.5387921288539106
2020-07-30,0.5362223954560934
2020-07-31,0.5387925567870488
2020-08-03,0.5413235885211617
2020-08-04,0.5468196473747051
2020-08-05,0.5849163916817977
2020-08-06,0.5905425678286572
2020-08-07,0.5303686385034342
2020-08-10,0.5357460754247779
2020-08-11,0.3929525851922184
2020-08-12,0.39436555336727547
2020-08-13,0.394492448734124
2020-08-14,0.3941526883811009
2020-08-17,0.39515517465602923
2020-08-18,0.3953619924319696
2020-08-19,0.4432060002513833
2020-08-20,0.4428396316660983
2020-08-21,0.4421210360336725
2020-08-24,0.44333216921309804
2020-08-25,0.4440420525345471
2020-08-26,0.44573111947279315
2020-08-27,0.44581806794727974
2020-08-28,0.4468727749806269
2020-08-31,0.4476724485136256
2020-09-01,0.4485920819467513
2020-09-02,0.44975738987462044
2020-09-03,0.319083343888803
2020-09-04,0.37947204149968583
2020-09-08,0.33944849096810603
2020-09-09,0.3403017894448963
2020-09-10,0.33977561046309246
2020-09-11,0.3417829955739292
2020-09-14,0.34314501857797425
2020-09-15,0.34138935944294235
2020-09-16,0.34251906568299983
2020-09-17,0.38089667094794977
2020-09-18,0.3828892914627653
2020-09-21,0.3793922560897727
2020-09-22,0.3796461204629852
2020-09-23,0.3782025494271054
2020-09-24,0.2598156519262129
2020-09-25,0.25998909276886667
2020-09-28,0.2601377563482842
2020-09-29,0.2599395382423942
2020-09-30,0.2613518422468606
2020-10-01,0.26172350119540433
2020-10-02,0.2614261740365693
2020-10-05,0.2614013967733331
2020-10-06,0.2619464965645306
2020-10-07,0.28587311324125986
2020-10-08,0.2852246246275799
2020-10-09,0.28595932793632045
2020-10-12,0.31337796898888065
2020-10-13,0.3133165247372035
2020-10-14,0.31368740295481673
2020-10-15,0.31550935699823796
2020-10-16,0.3154666075381654
2020-10-19,0.3155886174342609
2020-10-20,0.3567106281098623
2020-10-21,0.3575779817851885
2020-10-22,0.3574469928738103
2020-10-23,0.3579010564178936
2020-10-26,0.3562128105516576
2020-10-27,0.3556717250451039
2020-10-28,0.2798372185796836
2020-10-29,0.2793459943714501
2020-10-30,0.2791424024695817
2020-11-02,0.23997670402850255
2020-11-03,0.23999609373344238
2020-11-04,0.239918534913683
2020-11-05,0.30193032982720636
2020-11-06,0.30129799076019026
2020-11-09,0.3022944151834202
2020-11-10,0.33487903146417247
2020-11-11,0.33423206448813114
2020-11-12,0.30691475060269136
2020-11-13,0.3078040956771435
2020-11-16,0.30924937428850596
2020-11-17,0.3101954841209581
2020-11-18,0.3103987573057464
2020-11-19,0.31045558084104297
2020-11-20,0.36400730871561043
2020-11-23,0.3645698889326524
2020-11-24,0.36571611048088315
2020-11-25,0.3651518005178611
2020-11-27,0.36735094917614486
2020-11-30,0.36600295949938955
2020-12-01,0.3968899382677953
2020-12-02,0.3970596198970132
2020-12-03,0.398041192444786
2020-12-04,0.44211770512652315
2020-12-07,0.442164542497972
2020-12-08,0.4419696493507891
2020-12-09,0.44174708267137497
2020-12-10,0.4642539740372209
2020-12-11,0.46361620936402714
2020-12-14,0.46380816632319316
2020-12-15,0.4668519689873131
2020-12-16,0.4675244566322287
2020-12-17,0.47023593729793955
2020-12-18,0.47235364696203974
2020-12-21,0.47067237778337045
2020-12-22,0.4701001786972016
2020-12-23,0.471989298512737
2020-12-24,0.472879210642408
2020-12-28,0.47346300228082
2020-12-29,0.4746367653373976
2020-12-30,0.5018418737783146
2020-12-31,0.5028388693234829
2021-01-04,0.5015209243349713
2021-01-05,0.5071991838059751
2021-01-06,0.5092949229250893
2021-01-07,0.5116559954257334
2021-01-08,0.5130471255478949
2021-01-11,0.5099916031103995
2021-01-12,0.5162519348204537
2021-01-13,0.5163650955605434
2021-01-14,0.519769195621045
2021-01-15,0.5164443304052921
2021-01-19,0.5169453391022057
2021-01-20,0.5178180132549957
2021-01-21,0.5177518980515152
2021-01-22,0.43743639597915573
2021-01-25,0.43871052282868955
2021-01-26,0.43882243733500803
2021-01-27,0.43499053756858286
2021-01-28,0.43502123054780467
2021-01-29,0.30441877004344964
2021-02-01,0.32332350768017765
2021-02-02,0.2502448341591941
2021-02-03,0.2509306866945658
2021-02-04,0.2514594912552662
2021-02-05,0.2523917785379972
2021-02-08,0.29582535010640176
2021-02-09,0.33475084281191886
2021-02-10,0.3339114636451206
2021-02-11,0.333999009892729
2021-02-12,0.33500223085053343
2021-02-16,0.3366678674847436
2021-02-17,0.3361416277586742
2021-02-18,0.33664645882870803
2021-02-19,0.33783771096693216
2021-02-22,0.3394191350591104
2021-02-23,0.33965743804869203
2021-02-24,0.3433694616310742
2021-02-25,0.28360798901632256
2021-02-26,0.24114475698102517
2021-03-01,0.2412728912577101
2021-03-02,0.2413087093917111
2021-03-03,0.24087411026502928
2021-03-04,0.20852765350125957
2021-03-05,0.21020000080588525
2021-03-08,0.2095070455162113
2021-03-09,0.20934584408351936
2021-03-10,0.20889230894783758
2021-03-11,0.22273450178055415
2021-03-12,0.19390932080761028
2021-03-15,0.2160532546134836
2021-03-16,0.21567071894224593
2021-03-17,0.21585675956086664
2021-03-18,0.190987205375046
2021-03-19,0.1912990593983785
2021-03-22,0.19111130374923682
2021-03-23,0.1741046161389731
2021-03-24,0.17405702487218663
2021-03-25,0.17396934047148938
2021-03-26,0.17450503365230902
2021-03-29,0.17430402395472272
2021-03-30,0.17402085387777183
2021-03-31,0.17486543216383416
2021-04-01,0.1749711136131116
2021-04-05,0.1751034028142937
2021-04-06,0.17511178190371926
2021-04-07,0.17532887180445136
2021-04-08,0.17600041841276984
2021-04-09,0.17609767782304023
2021-04-12,0.17585963304048063
2021-04-13,0.176252566737468
2021-04-14,0.17658110803923627
2021-04-15,0.17671266199860436
2021-04-16,0.17665746983378783
2021-04-19,0.17673221797943975
2021-04-20,0.2000413142351865
2021-04-21,0.20120860851468292
2021-04-22,0.21777300515138706
2021-04-23,0.21826640502072744
2021-04-26,0.24889466067966803
2021-04-27,0.2508128068468849
2021-04-28,0.22035973954330149
2021-04-29,0.22100281250637027
2021-04-30,0.2225115289728365
2021-05-03,0.22180817078961185
2021-05-04,0.22253418055233498
2021-05-05,0.2232803997367872
2021-05-06,0.22420874703449625
2021-05-07,0.24593760068184345
2021-05-10,0.2441448071314392
2021-05-11,0.24511960579450887
2021-05-12,0.21349486209851548
2021-05-13,0.21078896258469088
2021-05-14,0.19123610728741475
2021-05-17,0.17352899273836156
2021-05-18,0.14488596862883793
2021-05-19,0.14425111251253128
2021-05-20,0.14421849927391206
2021-05-21,0.12310796584514457
2021-05-24,0.12310796584514457
2021-05-25,0.12310796584514457
2021-05-26,0.12310796584514457
2021-05-27,0.12310796584514457
2021-05-28,0.12310796584514457
2021-06-01,0.13563331910667073
2021-06-02,0.13583865335504408
2021-06-03,0.1358349528505473
2021-06-04,0.13598479223342963
2021-06-07,0.13591264792036106
2021-06-08,0.1548754338309688
2021-06-09,0.15473265257418586
2021-06-10,0.15465792610167634
2021-06-11,0.15497185685432138
2021-06-14,0.18567842731697565
2021-06-15,0.18579512195821074
2021-06-16,0.18558411631662175
2021-06-17,0.2126163798399608
2021-06-18,0.21212606899495287
2021-06-21,0.21290730202025765
2021-06-22,0.21330077316457713
2021-06-23,0.21334199058939757
2021-06-24,0.21398496385271837
2021-06-25,0.21421086856769797
2021-06-28,0.21427618420966765
2021-06-29,0.21430465670655013
2021-06-30,0.21444088554068969
2021-07-01,0.21508065991871442
2021-07-02,0.2154185443264182
2021-07-06,0.2148859179115425
2021-07-07,0.2146657180514412
2021-07-08,0.19118272102196815
2021-07-09,0.19201271796056896
2021-07-12,0.19216081232889487
2021-07-13,0.19225501794120087
2021-07-14,0.1919616979423222
2021-07-15,0.19137197906121928
2021-07-16,0.19093255364656753
2021-07-19,0.1326853562047994
2021-07-20,0.13303806576760469
2021-07-21,0.13324155205383847
2021-07-22,0.1334368019903914
2021-07-23,0.15988523060622511
2021-07-26,0.15999025052544358
2021-07-27,0.15954362177591774
2021-07-28,0.1596627173466138
2021-07-29,0.15982038110658855
2021-07-30,0.15952946099618182
2021-08-02,0.15946580133356392
2021-08-03,0.15985613572885882
2021-08-04,0.15978880405307974
2021-08-05,0.1601301622773178
2021-08-06,0.16003760752759433
2021-08-09,0.16007301360277387
2021-08-10,0.15994173778110185
2021-08-11,0.15995558410857474
2021-08-12,0.17176671494897833
2021-08-13,0.17204063135982778
2021-08-16,0.17209787103319268
2021-08-17,0.1712515861087731
2021-08-18,0.17071596301976544
2021-08-19,0.1968760518334152
2021-08-20,0.19717052765835652
2021-08-23,0.1977549787433766
2021-08-24,0.19784882787085759
2021-08-25,0.19780727845436114
2021-08-26,0.19775662735016764
2021-08-27,0.1980747583704793
2021-08-30,0.1855091933537467
2021-08-31,0.1589580462191466
2021-09-01,0.15901433644753782
2021-09-02,0.15908140883032418
2021-09-03,0.15917482636966215
2021-09-07,0.15912940733214218
2021-09-08,0.15898325669794985
2021-09-09,0.1587444151523451
2021-09-10,0.15831547022126433
2021-09-13,0.15837004355735002
2021-09-14,0.12039162957798853
2021-09-15,0.12061837143979193
2021-09-16,0.1206450184534654
2021-09-17,0.1205847863613367
2021-09-20,0.05099925552415612
2021-09-21,0.05099925552415612
2021-09-22,0.05099925552415612
2021-09-23,0.05099925552415612
2021-09-24,0.05099925552415612
2021-09-27,0.05099925552415612
2021-09-28,0.0637446078626453
2021-09-29,0.06382209466113106
2021-09-30,0.06380986039475879
2021-10-01,0.06378131273606971
2021-10-04,0.06976040247310056
2021-10-05,0.06988496575082395
2021-10-06,0.0698082209041912
2021-10-07,0.06986880154453276
2021-10-08,0.05717742846084195
2021-10-11,0.057330889738898626
2021-10-12,0.05733850561213313
2021-10-13,0.05725560698433166
2021-10-14,0.06462490860138928
2021-10-15,0.06491154854782233
2021-10-18,0.0649394972902107
2021-10-19,0.06495159660614502
2021-10-20,0.0650498268834775
2021-10-21,0.06474747853566451
2021-10-22,0.05736140683766127
2021-10-25,0.0687285291827017
2021-10-26,0.06883000201447638
2021-10-27,0.06855723380634221
2021-10-28,0.06583332566165852
2021-10-29,0.06596774263915453
2021-11-01,0.07324582551521326
2021-11-02,0.07324005133275754
2021-11-03,0.08290093568234377
2021-11-04,0.07672027611948233
2021-11-05,0.08937835016724256
2021-11-08,0.08941639757751188
2021-11-09,0.08933673131110403
2021-11-10,0.10175273858384118
2021-11-11,0.1020508653390459
2021-11-12,0.10232933588123017
2021-11-15,0.11494722507968458
2021-11-16,0.11491562808008413
2021-11-17,0.11497931059248875
2021-11-18,0.11496765154132196
2021-11-19,0.10286354504153329
2021-11-22,0.0877921738620592
2021-11-23,0.08786006250254744
2021-11-24,0.08779370092718919
2021-11-26,0.04419616924092018
2021-11-29,0.04406704945907354
2021-11-30,0.035702334660559984
2021-12-01,0.03571025150146519
2021-12-02,0.03572080561168656
2021-12-03,0.03571948697702848
2021-12-06,0.03574191584531198
2021-12-07,0.035752470962124694
2021-12-08,0.03568914126783977
2021-12-09,0.03573927656281313
2021-12-10,0.03571025150146519
2021-12-13,0.03574587376246891
2021-12-14,0.03577885774756512
2021-12-15,0.03577094191325126
2021-12-16,0.03570893186021577
2021-12-17,0.03577885774756512
2021-12-20,0.035776219471657614
2021-12-21,0.03576830263075241
2021-12-22,0.03938245476226321
2021-12-23,0.03939432810543223
2021-12-27,0.04344852299902479
2021-12-28,0.04339901396642146
2021-12-29,0.04337296537897084
2021-12-30,0.04331017267817813
2021-12-31,0.02647519550073658
2022-01-03,0.02649814291239185
2022-01-04,0.02649668262255924
2022-01-05,0.026420121712763943
2022-01-06,0.026415949456099347
2022-01-07,0.030366169426507023
2022-01-10,0.030285857394014473
2022-01-11,0.030327191687574247
2022-01-12,0.03427505993021215
2022-01-13,0.029341684197041647
2022-01-14,0.02923935946529779
2022-01-18,0.025372238758857787
2022-01-19,0.02548280078373391
2022-01-20,0.028961401705479013
2022-01-21,0.028837251765842398
2022-01-24,0.03166051921269502
2022-01-25,0.03175486597267016
2022-01-26,0.03196074443637791
2022-01-27,0.03677067435714182
2022-01-28,0.03288551458856728
2022-01-31,0.032881195568086934
2022-02-01,0.03300711398850599
2022-02-02,0.027999886525761273
2022-02-03,0.02801804616534393
2022-02-04,0.028106954957543402
2022-02-07,0.02822121730038188
2022-02-08,0.028129530118594794
2022-02-09,0.031406788664536694
2022-02-10,0.03137826083541387
2022-02-11,0.03141667023093791
2022-02-14,0.03627112555123676
2022-02-15,0.036042371369201034
2022-02-16,0.03625556950417237
2022-02-17,0.03630299210698178
2022-02-18,0.03632028242809138
2022-02-22,0.038361515783163366
2022-02-23,0.03855070434565316
2022-02-24,0.035578350311714246
2022-02-25,0.032880657138549915
2022-02-28,0.03332383638322684
2022-03-01,0.03869864996235513
2022-03-02,0.038785704332000404
2022-03-03,0.04316476733531198
2022-03-04,0.04374480263985496
2022-03-07,0.03979517926437291
2022-03-08,0.04003646034747154
2022-03-09,0.037386989367692344
2022-03-10,0.03547055103574201
2022-03-11,0.035429287851612215
2022-03-14,0.026082618975344682
2022-03-15,0.026158126623440876
2022-03-16,0.026000867866279486
2022-03-17,0.026164423062994668
2022-03-18,0.026101892692423377
2022-03-21,0.026226233457384326
2022-03-22,0.026223647819736372
2022-03-23,0.026299298846388215
2022-03-24,0.02621087910451516
2022-03-25,0.026261086721363028
2022-03-28,0.02612547044076103
2022-03-29,0.02596799480543237
2022-03-30,0.026074358695754335
2022-03-31,0.02181242906873307
2022-04-01,0.021746273869662915
2022-04-04,0.021820848821341995
2022-04-05,0.02186535322798919
2022-04-06,0.021849716544572607
2022-04-07,0.021855730653578986
2022-04-08,0.021908654812835108
2022-04-11,0.021888206842213424
2022-04-12,0.021944739466873375
2022-04-13,0.021979621299110366
2022-04-14,0.022012097487744804
2022-04-18,0.022122757093462155
2022-04-19,0.02207825268681496
2022-04-20,0.02213478531147491
2022-04-21,0.022055399072590725
2022-04-22,0.022025328527558834
2022-04-25,0.022060210359795825
2022-04-26,0.022074644221411133
2022-04-27,0.02668448387870752
2022-04-28,0.026716511550934532
2022-04-29,0.026698157128971757
2022-05-02,0.02670738286549073
2022-05-03,0.0266365076135346
2022-05-04,0.02658677579309078
2022-05-05,0.026663320669293743
2022-05-06,0.02660401198430644
2022-05-09,0.02656628229801669
2022-05-10,0.02658784185612053
2022-05-11,0.026660524831064927
2022-05-12,0.022395374910195717
2022-05-13,0.022330372605364864
2022-05-16,0.022371590948052793
2022-05-17,0.02228155284607892
2022-05-18,0.0188756798685195
2022-05-19,0.02232603730333912
2022-05-20,0.022345048305005086
2022-05-23,0.017675553605189624
2022-05-24,0.017675553605189624
2022-05-25,0.017675553605189624
2022-05-26,0.017675553605189624
2022-05-27,0.017675553605189624
2022-05-31,0.017675553605189624
2022-06-01,0.017675553605189624
2022-06-02,0.017675553605189624
2022-06-03,0.017675553605189624
2022-06-06,0.017675553605189624
2022-06-07,0.017675553605189624
2022-06-08,0.0190612798670336
2022-06-09,0.021284885870484892
2022-06-10,0.02124571787253058
2022-06-13,0.025617956495543458
2022-06-14,0.02560240618225556
2022-06-15,0.025540194562146595
2022-06-16,0.025521607476192084
2022-06-17,0.024057008380140674
2022-06-21,0.02401959596115222
2022-06-22,0.021189653899696317
2022-06-23,0.021199323910442384
2022-06-24,0.02118923370153141
2022-06-27,0.020121817580455954
2022-06-28,0.02103612365491908
2022-06-29,0.02106134933757749
2022-06-30,0.01994753753013782
2022-07-01,0.02001376560963476
2022-07-05,0.01610049735776681
2022-07-06,0.01618895431805252
2022-07-07,0.01614268913632423
2022-07-08,0.01606241662380027
2022-07-11,0.01617383613971026
2022-07-12,0.016244517370441393
2022-07-13,0.016219138169525957
2022-07-14,0.01631629288690363
2022-07-15,0.01488484516016265
2022-07-18,0.014764262284817194
2022-07-19,0.014753675922596545
2022-07-20,0.014812998286735782
2022-07-21,0.014822383362653947
2022-07-22,0.014825895602107262
2022-07-25,0.014782215116399284
2022-07-26,0.015820881082239915
2022-07-27,0.015803607887049872
2022-07-28,0.019008106256878453
2022-07-29,0.014511925974269523
2022-08-01,0.014521387753808247
2022-08-02,0.014553557804239907
2022-08-03,0.014567435080896703
2022-08-04,0.014543780632049893
2022-08-05,0.014552296233634745
2022-08-08,0.014547249951214092
2022-08-09,0.014545042202655055
2022-08-10,0.014522018539110828
2022-08-11,0.014508141262454033
2022-08-12,0.01679453235880747
2022-08-15,0.016808957865236007
2022-08-16,0.016827000652448756
2022-08-17,0.014082307087651137
2022-08-18,0.014122361954365066
2022-08-19,0.014094922793702768
2022-08-22,0.014073160700763703
2022-08-23,0.014057706460850455
2022-08-24,0.014042252220937206
2022-08-25,0.014074106878717576
2022-08-26,0.01405518331964013
2022-08-29,0.014971676517173007
2022-08-30,0.014971676517173007
2022-08-31,0.014971676517173007
2022-09-01,0.018713285886722955
2022-09-02,0.018707827221373916
2022-09-06,0.01873102602854036
2022-09-07,0.01871840306013332
2022-09-08,0.01871396808974984
2022-09-09,0.018689745847901326
2022-09-12,0.018666888272390072
2022-09-13,0.014974006224139517
2022-09-14,0.014967529915525649
2022-09-15,0.011241906515081381
2022-09-16,0.011219776728752571
2022-09-19,0.011244180168932607
2022-09-20,0.011291961078586547
2022-09-21,0.011302401439253876
2022-09-22,0.011341189347350936
2022-09-23,0.008222779083202097
2022-09-26,0.008370935870027966
2022-09-27,0.008380932060602305
2022-09-28,0.008126931616547626
2022-09-29,0.008211983489211525
2022-09-30,0.00826162451980049
2022-10-03,0.014877952070296727
2022-10-04,0.01091606721326861
2022-10-05,0.010922680889258974
2022-10-06,0.010951067228918768
2022-10-07,0.011057436969317202
2022-10-10,0.011085941281553692
2022-10-11,0.011116404176131764
2022-10-12,0.011122115280029035
2022-10-13,0.01104613815115114
2022-10-14,0.011130313990360515
2022-10-17,0.011039129536184526
2022-10-18,0.011006920021043
2022-10-19,0.007464722194118239
2022-10-20,0.007508811878538649
2022-10-21,0.00741765126250386
2022-10-24,0.007382519345660755
2022-10-25,0.008128023447551275
2022-10-26,0.008110830761027744
2022-10-27,0.008091615405501441
2022-10-28,0.008113864764531896
2022-10-31,0.008127012113049892
2022-11-01,0.008127517780300585
2022-11-02,0.008126000778548508
2022-11-03,0.00814521613407481
2022-11-04,0.008144710466824117
2022-11-07,0.008157857815342113
2022-11-08,0.008137125458063735
2022-11-09,0.008135608456311658
2022-11-10,0.012919085059877081
2022-11-11,0.01291717574991584
2022-11-14,0.012944645002783434
2022-11-15,0.012908122004840292
2022-11-16,0.012908429905006933
2022-11-17,0.011536524373362786
2022-11-18,0.011536524373362786
2022-11-21,0.011536524373362786
2022-11-22,0.011536524373362786
2022-11-23,0.011536524373362786
2022-11-25,0.011536524373362786
2022-11-28,0.011536524373362786
2022-11-29,0.011536524373362786
2022-11-30,0.011536524373362786
2022-12-01,0.01356682208426391
2022-12-02,0.010231152308953979
2022-12-05,0.010202435784482275
2022-12-06,0.010208907612458889
2022-12-07,0.010236175153435355
2022-12-08,0.010242779429784802
2022-12-09,0.010261524464354153
2022-12-12,0.010220836051977343
2022-12-13,0.010245319414451962
2022-12-14,0.01026584204890665
2022-12-15,0.0068599912728261655
2022-12-16,0.006859341609000663
2022-12-19,0.006871002556478597
2022-12-20,0.006938072304549762
2022-12-21,0.008873568665558247
2022-12-22,0.008833210301120253
2022-12-23,0.008853497485114579
2022-12-27,0.008873336389755848
2022-12-28,0.008843525890698239
2022-12-29,0.00888459515644259
2022-12-30,0.008880234195252143
2023-01-03,0.011415619588297902
2023-01-04,0.01142506578567375
2023-01-05,0.011347472314698999
2023-01-06,0.011452447503313354
2023-01-09,0.01321812465484392
2023-01-10,0.01321903475892949
2023-01-11,0.013251652027576548
2023-01-12,0.013350974106319111
2023-01-13,0.013415202759291355
2023-01-17,0.013380837432875504
2023-01-18,0.013358990411800581
2023-01-19,0.013403913776850327
2023-01-20,0.013425224924801554
2023-01-23,0.013402674482558535
2023-01-24,0.013425954912368936
2023-01-25,0.013452397724311883
2023-01-26,0.01344740791616467
2023-01-27,0.01340179941926735
2023-01-30,0.013382779260766392
2023-01-31,0.015023703447133122
2023-02-01,0.014646494471860293
2023-02-02,0.016592532198946713
2023-02-03,0.011985744995003857
2023-02-06,0.014630039739493492
2023-02-07,0.014694497736135589
2023-02-08,0.01462389173414235
2023-02-09,0.014568982528338265
2023-02-10,0.014566691799340076
2023-02-13,0.014628609630120526
2023-02-14,0.014637052036389188
2023-02-15,0.014669931290214551
2023-02-16,0.01459919576297416
2023-02-17,0.014587856166581224
2023-02-21,0.006850468591941945
2023-02-22,0.006850468591941945
2023-02-23,0.006850468591941945
2023-02-24,0.005649919746290019
2023-02-27,0.0056577664219813455
2023-02-28,0.006838709302744682
2023-03-01,0.006838709302744682
2023-03-02,0.006838709302744682
2023-03-03,0.006838709302744682
2023-03-06,0.006838709302744682
2023-03-07,0.005504278528865741
2023-03-08,0.0055075388673024965
2023-03-09,0.005506208132459641
2023-03-10,0.005482920780333094
2023-03-13,0.006719763253575078
2023-03-14,0.006719763253575078
2023-03-15,0.006719763253575078
2023-03-16,0.006719763253575078
2023-03-17,0.00839928414475383
2023-03-20,0.008407299634073108
2023-03-21,0.00837216759157987
2023-03-22,0.00837967157351622
2023-03-23,0.008419749436480033
2023-03-24,0.008409772544308395
2023-03-27,0.008384446787433964
2023-03-28,0.008401501197205797
2023-03-29,0.008396129016490927
2023-03-30,0.008408237709884045
2023-03-31,0.009404681908044658
2023-04-03,0.009414985807667
2023-04-04,0.010555190896818603
2023-04-05,0.010540928303855154
2023-04-06,0.010542891452864894
2023-04-10,0.010514533536609885
2023-04-11,0.010534284176339424
2023-04-12,0.010542346535041424
2023-04-13,0.010608625421961101
2023-04-14,0.010553138438501222
2023-04-17,0.010530233407396474
2023-04-18,0.010550643238060917
2023-04-19,0.010544725297437291
2023-04-20,0.010547161785052498
2023-04-21,0.010510436756380035
2023-04-24,0.010527289652114217
2023-04-25,0.010493727471405805
2023-04-26,0.0104923023407597
2023-04-27,0.010526842291791206
2023-04-28,0.010534455773961865
2023-05-01,0.010528165636780027
2023-05-02,0.010562813828089889
2023-05-03,0.010571870961294314
2023-05-04,0.01060893374671009
2023-05-05,0.010590595555326916
2023-05-08,0.010596041345759567
2023-05-09,0.01060061860255778
2023-05-10,0.010596179546496658
2023-05-11,0.009417555315310387
2023-05-12,0.009413583765985747
2023-05-15,0.009421995653118066
2023-05-16,0.00939790869900986
2023-05-17,0.007390827657553119
2023-05-18,0.008960400300135537
2023-05-19,0.008955007848377364
2023-05-22,0.008958465994880241
2023-05-23,0.008928294691103138
2023-05-24,0.008910298802966447
2023-05-25,0.008947403357089581
2023-05-26,0.008994029860959405
2023-05-30,0.008999534223055832
2023-05-31,0.008983233171481765
2023-06-01,0.009010031604303605
2023-06-02,0.009039913676894613
2023-06-05,0.009038357585257593
2023-06-06,0.009041408974637323
2023-06-07,0.009970567879974373
2023-06-08,0.009987788258008513
2023-06-09,0.00998669601589416
2023-06-12,0.010023347906959208
2023-06-13,0.008463437097445096
2023-06-14,0.008458406538606578
2023-06-15,0.00848893781488898
2023-06-16,0.008523868461654064
2023-06-20,0.008496752448912598
2023-06-21,0.00847170191369884
2023-06-22,0.00847852179832297
2023-06-23,0.008433529826945877
2023-06-26,0.008411063991213006
2023-06-27,0.00846774180858018
2023-06-28,0.008466878492487206
2023-06-29,0.008499467432198175
2023-06-30,0.008537533232187988
2023-07-03,0.00854949372039934
2023-07-05,0.008542618876993324
2023-07-06,0.008514463249112926
2023-07-07,0.00851547719140854
2023-07-10,0.008528929458833826
2023-07-11,0.008552623968697607
2023-07-12,0.008575361821719977
2023-07-13,0.010177134397929985
2023-07-14,0.010163410499694256
2023-07-17,0.010191391044998818
2023-07-18,0.010226449963659252
2023-07-19,0.01023241466849046
2023-07-20,0.010184382877605699
2023-07-21,0.010175918664585865
2023-07-24,0.011399386274510415
2023-07-25,0.011422653474859282
2023-07-26,0.01086549120508218
2023-07-27,0.010850381576870433
2023-07-28,0.010903947623854209
2023-07-31,0.010930472819880018
2023-08-01,0.010913681358105061
2023-08-02,0.01083265203848394
2023-08-03,0.010840724958532378
2023-08-04,0.00603501929617037
2023-08-07,0.006027785271674126
2023-08-08,0.006030711683646132
2023-08-09,0.006036001883161937
2023-08-10,0.004877893900576442
2023-08-11,0.004881359547262739
2023-08-14,0.00487499029507182
2023-08-15,0.00486075310948692
2023-08-16,0.004845672969321086
2023-08-17,0.0038293375744060214
2023-08-18,0.0038363040188673556
2023-08-21,0.002801650109743796
2023-08-22,0.002796643777107622
2023-08-23,0.002845367143915439
2023-08-24,0.002848305598028067
2023-08-25,0.0028497748250843813
2023-08-28,0.002847864829911173
2023-08-29,0.0028414002308633913
2023-08-30,0.0028411063854521285
2023-08-31,0.0028391963902789203
2023-09-01,0.003339450244073161
2023-09-05,0.004321143890135817
2023-09-06,0.004329037258435462
2023-09-07,0.0043239133717239715
2023-09-08,0.004328639851892329
2023-09-11,0.004323728437079335
2023-09-12,0.0043329907137961785
2023-09-13,0.004330513120866151
2023-09-14,0.004348595939738829
2023-09-15,0.00435306670419758
2023-09-18,0.004355783513754241
2023-09-19,0.0043576845796464364
2023-09-20,0.003571109356930697
2023-09-21,0.0035884752737249956
2023-09-22,0.0035925476342986325
2023-09-25,0.0035957592146183153
2023-09-26,0.003612385581637038
2023-09-27,0.0036341174833962077
2023-09-28,0.0036090237190256015
2023-09-29,0.0036057813625135528
2023-10-02,0.003619584244959693
2023-10-03,0.0036419107675253297
2023-10-04,0.002253876408470851
2023-10-05,0.002256131091347261
2023-10-06,0.002232638445605695
2023-10-09,0.002214827948041213
2023-10-10,0.0022077931423941594
2023-10-11,0.0022116116660941473
2023-10-12,0.00224684175427326
2023-10-13,0.002253283117373863
2023-10-16,0.0022407188781694556
2023-10-17,0.002244236505351436
2023-10-18,0.002265021622419705
2023-10-19,0.0022757772923883354
2023-10-20,0.0022909861322769963
2023-10-23,0.001294147728068606
2023-10-24,0.0012811069298324929
2023-10-25,0.0005653024246886481
2023-10-26,0.0005676815453270678
2023-10-27,0.0005629939058252043
2023-10-30,0.002357610889180738
2023-10-31,0.0023417851898864753
2023-11-01,0.0023211153511291317
2023-11-02,0.0037208711341006504
2023-11-03,0.0043435319297088154
2023-11-06,0.0043387721731239365
2023-11-07,0.004079957970078827
2023-11-08,0.004079237475168581
2023-11-09,0.004084009795539594
2023-11-10,0.002918805263619186
2023-11-13,0.0031639161459863507
2023-11-14,0.0037328804028820307
2023-11-15,0.0037332208176247446
2023-11-16,0.0037335164409539436
2023-11-17,0.0037334537329750225
2023-11-20,0.0045310560020990105
2023-11-21,0.004525700261126857
2023-11-22,0.004530587946217856
2023-11-23,0.004531452762909831
2023-11-24,0.004529749005920736
2023-11-27,0.005918393437782839
2023-11-28,0.005146197384065027
2023-11-29,0.00515088464945807
2023-11-30,0.005939443761793027
2023-12-01,0.005981206641706272
2023-12-04,0.005736548322396354
2023-12-05,0.004326822938293043
2023-12-06,0.004320178973244076
2023-12-07,0.0043339947571992155
2023-12-08,0.004339247050152257
2023-12-11,0.004347425791546308
2023-12-12,0.004355355384300201
2023-12-13,0.005114133312109503
2023-12-14,0.005650309901359066
2023-12-15,0.005646335132976221
2023-12-18,0.0056760981830799445
2023-12-19,0.005695750380163386
2023-12-20,0.005667350588557697
2023-12-21,0.005691024657471653
2023-12-22,0.005697380355055086
2023-12-26,0.005712154036308543
2023-12-27,0.006325026725703576
2023-12-28,0.006313818166427889
2023-12-29,0.0062959365668597105
2024-01-02,0.006269784113247856
2024-01-03,0.004093890572393564
2024-01-04,0.004084888224111335
2024-01-05,0.003473626517223982
2024-01-08,0.00348733195669237
2024-01-09,0.0034849251098865693
2024-01-10,0.0034894846910386336
2024-01-11,0.0034917726618594407
2024-01-12,0.0034936054009212627
2024-01-16,0.0034855069990110234
2024-01-17,0.002728802229737275
2024-01-18,0.002735736055670006
2024-01-19,0.003171461163284962
2024-01-22,0.0031739428342329717
2024-01-23,0.0031781454862315995
2024-01-24,0.003180856302692223
2024-01-25,0.0031855628126070956
2024-01-26,0.003181725339609988
2024-01-29,0.003192725164789691
2024-01-30,0.003189250303565523
2024-01-31,0.003166844085758349
2024-02-01,0.0031816458393864088
2024-02-02,0.003197841777373654
2024-02-05,0.0031938787983543733
2024-02-06,0.003195112563385732
2024-02-07,0.003206569543223099
2024-02-08,0.003207649767033758
2024-02-09,0.0032163741660367023
2024-02-12,0.003214085037882229
2024-02-13,0.0031949147177602107
2024-02-14,0.0032080043283909607
2024-02-15,0.0032137196905058863
2024-02-16,0.0032049635407279224
2024-02-20,0.0031967284860652404
2024-02-21,0.0031958309870217198
2024-02-22,0.0032258928754806534
2024-02-23,0.003225163767983459
2024-02-26,0.003221138435762051
2024-02-27,0.0032239025870163234
2024-02-28,0.00321976113987191
2024-02-29,0.003227793394807079
2024-03-01,0.0032413539522507927
2024-03-04,0.0037134514983586456
2024-03-05,0.0036997994605313085
2024-03-06,0.0037108601893886166
2024-03-07,0.0037278953077039714
2024-03-08,0.003720263799955727
2024-03-11,0.0037182500757618284
2024-03-12,0.0037289605923355403
2024-03-13,0.004549068315290767
2024-03-14,0.00453949782926653
2024-03-15,0.004538431554434895
2024-03-18,0.004566713368676277
2024-03-19,0.004812213066319486
2024-03-20,0.004817371277580985
2024-03-21,0.005159301784248053
2024-03-22,0.004662952459872178
2024-03-25,0.004667865254398582
2024-03-26,0.004658852827313258
2024-03-27,0.004679377980079613
2024-03-28,0.004693738309985106
2024-04-01,0.00469646465554719
2024-04-02,0.004701629119540057
2024-04-03,0.005136257011854648
2024-04-04,0.005123591363397399
2024-04-05,0.005152137497114111
2024-04-08,0.00516150897279262
2024-04-09,0.005167969180786199
2024-04-10,0.0047442547852872075
2024-04-11,0.004759628603156188
2024-04-12,0.003543255319187084
2024-04-15,0.002367865389173114
2024-04-16,0.0023615817953163277
2024-04-17,0.002353295149084166
2024-04-18,0.002365050894166762
2024-04-19,0.002382500721622239
2024-04-22,0.0019967448470504232
2024-04-23,0.0019962888838719354
2024-04-24,0.0019916519057725703
2024-04-25,0.0020051368416457343
2024-04-26,0.0020069499140780707
2024-04-29,0.0017620281303794985
2024-04-30,0.0011564101901105541
2024-05-01,0.0011552477540835212
2024-05-02,0.0011495809361901546
2024-05-03,0.001157282040226196
2024-05-06,0.0011631910361410889
2024-05-07,0.0011623192322161816
2024-05-08,0.0011561680120890276
2024-05-09,0.0011605755781756324
2024-05-10,0.0011689063081150547
2024-05-13,0.0012636948314070002
2024-05-14,0.0012764667447116484
2024-05-15,0.0012791139158899647
2024-05-16,0.0012712930845345297
2024-05-17,0.001392081893243956
2024-05-20,0.001735850327024013
2024-05-21,0.001738246824213468
2024-05-22,0.0017088714323069752
2024-05-23,0.0013694764889678513
2024-05-24,0.0009607466861514308
2024-05-28,0.0009616510686502965
2024-05-29,0.0009595825521024126
2024-05-30,0.000956502037870377
2024-05-31,0.0009560616121070302
2024-06-03,0.0009557930059859955
2024-06-04,0.0009544230643245796
2024-06-05,0.0008638182440663694
2024-06-06,0.0008637035991391385
2024-06-07,0.0008635193483632319
2024-06-10,0.0008641089508461331
2024-06-11,0.0008651939831931389
2024-06-12,0.001044136965403542
2024-06-13,0.0010453634740078845
2024-06-14,0.0010460105653091012
2024-06-17,0.0010492772668850023
2024-06-18,0.0010496682557731842
2024-06-20,0.0010479263856490789
2024-06-21,0.0010476373030239533
2024-06-24,0.0010491357449933809
2024-06-25,0.0010516013782965261
2024-06-26,0.001052142813164478
2024-06-27,0.001052445387442552
2024-06-28,0.0010507277419934007
2024-07-01,0.0010521485295844914
2024-07-02,0.0010549535551179834
2024-07-03,0.0010569337451791913
2024-07-05,0.001059665694232446
2024-07-08,0.0010601072722644963
2024-07-09,0.001060456350610518
2024-07-10,0.001064117594883512
2024-07-11,0.0010587946323815634
2024-07-12,0.0010602829047989027
2024-07-15,0.001199397070252824
2024-07-16,0.0013822729068638856
2024-07-17,0.0009118715323279002
2024-07-18,0.0009074607064900703
2024-07-19,0.0004067637033655574
2024-07-22,0.00040903983364825236
2024-07-23,0.0004104968141155385
2024-07-24,0.000407532840418507
2024-07-25,0.000409139889705993
2024-07-26,0.00041144728559843054
2024-07-29,0.0004098277331203296
2024-07-30,0.000410315479685596
2024-07-31,0.00041118465752987515
2024-08-01,0.0004737470610292853
2024-08-02,0.0003022923402060853
2024-08-05,0.0002678532213095049
2024-08-06,0.00026720564899131746
2024-08-07,0.0002675462944485041
2024-08-08,0.00019932127775292038
2024-08-09,0.00019901908228195448
2024-08-12,0.00019837152379330192
2024-08-13,0.00019853557282207022
2024-08-14,0.00019863054554193236
2024-08-15,0.00023202525234907001
2024-08-16,0.0002830758443261413
2024-08-19,0.00028314123123593496
2024-08-20,0.0002833353515864263
2024-08-21,0.00028327609080200286
2024-08-22,0.00028267329602942433
2024-08-23,0.00028327609080200286
2024-08-26,0.00028346612540601366
2024-08-27,0.00028343138907787653
2024-08-28,0.0002831248832613112
2024-08-29,0.0002836295951748485
2024-08-30,0.0002829777614671001
2024-09-03,0.00028289806696157226
2024-09-04,0.00028296958498543747
2024-09-05,0.00028333739196531593
2024-09-06,0.0002829716303530285
2024-09-09,0.00028314123123593496
2024-09-10,0.0002833557853075307
2024-09-11,0.0002833516995610501
2024-09-12,0.0002841506550630096
2024-09-13,0.0002847657120637313
2024-09-16,0.00028474731872151654
2024-09-17,0.0002844183388049572
2024-09-18,0.00028454911262454455
2024-09-19,0.0002849026169973902
2024-09-20,0.0002855544507051386
2024-09-23,0.0003373340144875131
2024-09-24,0.00037415519167996285
2024-09-25,0.0003737370464414918
2024-09-26,0.0003745521576576275
2024-09-27,0.00037334040905608805
2024-09-30,0.0003729784711233256
2024-10-01,0.00037344535848604887
2024-10-02,0.0003732432798821117
2024-10-03,0.0003739836535253632
2024-10-04,0.0003741355337365431
2024-10-07,0.0003731895360910241
2024-10-08,0.00027079935346423787
2024-10-09,0.0002711636988083711
2024-10-10,0.0002710541716803801
2024-10-11,0.00027132910712411254
2024-10-14,0.00031672912926112873
2024-10-15,0.0003157176279713539
2024-10-16,0.0003706702842619581
2024-10-17,0.00037105854783276235
2024-10-18,0.000403426852256033
2024-10-21,0.000404408374568858
2024-10-22,0.00040577269021440526
2024-10-23,0.00034809218244191665
2024-10-24,0.0004029316976675987
2024-10-25,0.0004032784935604284
2024-10-28,0.00034911244045624125
2024-10-29,0.0003505497058822239
2024-10-30,0.00035012313253851275
2024-10-31,0.00023298612988387028
2024-11-01,0.00023349466671072346
2024-11-04,0.00023313513497986272
2024-11-05,0.0002337557846117726
2024-11-06,0.0002356862393252013
2024-11-07,0.0002363050023158017
2024-11-08,0.00023662261211620698
2024-11-11,0.0002804710198621103
2024-11-12,0.00028020550034062804
2024-11-13,0.00028009057986699533
2024-11-14,0.00027912688020943516
2024-11-15,0.00024265177312449767
2024-11-18,0.00024291294770823212
2024-11-19,0.00024320534020684395
2024-11-20,0.00024342672017226897
2024-11-21,0.0002440511420182359
2024-11-22,0.000244358758605859
2024-11-25,0.00024385343862489537
2024-11-26,0.0002445087679697675
2024-11-27,0.0002433652147178442
2024-11-29,0.0002976847459208851
2024-12-02,0.00029853961153991236
2024-12-03,0.0002986562218112691
2024-12-04,0.00029945588633566574
2024-12-05,0.0002989891099078989
2024-12-06,0.00029957021532329455
2024-12-09,0.00029902535145112
2024-12-10,0.0003334196163814543
2024-12-11,0.0003345343961477017
2024-12-12,0.0003336032863862571
2024-12-13,0.0003337592353536467
2024-12-16,0.00033574777027218914
2024-12-17,0.0003352684772299104
2024-12-18,0.0001231288810474504
2024-12-19,0.00012355954024005693
2024-12-20,0.0001236680519379816
2024-12-23,0.0001239579556208025
2024-12-24,0.00012410700477871357
2024-12-26,0.0001244662376686415
2024-12-27,0.0001244326273711198
2024-12-30,0.00012434838377480554
2024-12-31,0.00012498691380644333
2025-01-02,0.00012543416342063754
2025-01-03,0.00012456643795127513
2025-01-06,0.00012483377045736843
2025-01-07,0.00012496811263233107
2025-01-08,0.00012487913798424794
2025-01-09,0.00012507314610719455
2025-01-10,0.00013266659640114465
2025-01-13,0.00013344902645142246
2025-01-14,0.00013290127069647543
2025-01-15,0.0001333691987381288
2025-01-16,0.0001328707933419053
2025-01-17,0.0001337311729745437
2025-01-21,8.954847741261747e-05
2025-01-22,9.193919297279581e-05
2025-01-23,9.241874986746562e-05
2025-01-24,0.00010330165065671554
2025-01-27,0.00010265781875406615
2025-01-28,0.00010310664081633368
2025-01-29,0.00010399466342977332
2025-01-30,0.00010372885619584981
2025-01-31,0.00010299026025693429
2025-02-03,0.00010353890099784542
2025-02-04,0.00010413003538133265
2025-02-05,0.00010414079005107305
2025-02-06,0.00010426455909028319
2025-02-07,0.00010361601950849155
2025-02-10,0.0001140442443493682
2025-02-11,0.00011323050116723079
2025-02-12,0.00011389538387474309
2025-02-13,0.00011446182484109387
2025-02-14,0.00012167006017026218
2025-02-18,0.0001221989729049173
2025-02-19,0.00011189530429147167
2025-02-20,0.0001119412485136068
2025-02-21,0.0001110851285189246
2025-02-24,0.00011031013537970295
2025-02-25,7.200118127473427e-05
2025-02-26,7.193278620447192e-05
2025-02-27,3.3707579259938696e-05
2025-02-28,1.91837074131117e-05
2025-03-03,2.3978435464496588e-05
2025-03-04,2.397170818114622e-05
2025-03-05,1.910648396889495e-05
2025-03-06,1.4328190824893578e-05
2025-03-07,1.4338291465757675e-05
2025-03-10,1.4335077307047419e-05
2025-03-11,1.435665588520638e-05
2025-03-12,1.7150364187650933e-05
2025-03-13,2.1650321353902152e-05
2025-03-14,2.16537803996575e-05
2025-03-17,2.1715273511815055e-05
2025-03-18,2.4962412203104816e-05
2025-03-19,2.4948023929765696e-05
2025-03-20,2.492286551933027e-05
2025-03-21,2.483543367334073e-05
2025-03-24,2.4804059357512888e-05
2025-03-25,2.4959982662613765e-05
2025-03-26,2.49608119289613e-05
2025-03-27,2.505160316649312e-05
2025-03-28,2.5077972225270946e-05
2025-03-31,2.5053667286938997e-05
2025-04-01,2.501767904647248e-05
2025-04-02,2.5103484286037033e-05
2025-04-03,2.3493126870377553e-05
2025-04-04,1.4075928804102932e-05
2025-04-07,1.400256320209644e-05
2025-04-08,1.3957070454498156e-05
2025-04-09,9.080252940302187e-06
2025-04-10,1.2034305582448414e-05
2025-04-11,1.5001970390612231e-05
2025-04-14,1.4992641258904909e-05
2025-04-15,1.4978599630176285e-05
2025-04-16,1.5114876315016487e-05
2025-04-17,1.5098666562688522e-05
2025-04-21,1.5237462037874686e-05
2025-04-22,1.5203188581992866e-05
2025-04-23,1.504820697135321e-05
2025-04-24,1.5123898168738062e-05
2025-04-25,1.5070717910324914e-05
2025-04-28,1.5137206185136231e-05
2025-04-29,1.5114240477970681e-05
2025-04-30,1.509118377555766e-05
2025-05-01,1.1114343713868132e-05
2025-05-02,1.1125821651162997e-05
2025-05-05,1.1133626564456582e-05
2025-05-06,1.1160714678617462e-05
2025-05-07,1.1143727205320678e-05
2025-05-08,1.109643815971045e-05
2025-05-09,1.1110211824575828e-05
2025-05-12,1.9484038197822365e-05
2025-05-13,1.948842056724985e-05
2025-05-14,1.9487544093364355e-05
2025-05-15,1.943232623857805e-05
2025-05-16,1.9427943869150565e-05
2025-05-19,1.9430573290807057e-05
2025-05-20,1.943846155577653e-05
2025-05-21,1.9472644037310908e-05
2025-05-22,1.9489297041135347e-05
2025-05-23,1.946387929845594e-05
2025-05-26,1.946387929845594e-05
2025-05-27,1.947176756342541e-05
2025-05-28,1.9422685025837583e-05
2025-05-29,1.9434079186349044e-05
2025-05-30,1.9399020230929167e-05
2025-06-02,1.5052691935500681e-05
2025-06-03,1.5052691935500681e-05
2025-06-04,1.5052691935500681e-05
2025-06-05,1.7529421913724872e-05
2025-06-06,1.7552741993830314e-05
2025-06-09,1.7598757062260575e-05
2025-06-10,2.037685370169068e-05
2025-06-11,2.0341235131527168e-05
2025-06-12,2.035021071155826e-05
2025-06-13,2.169989389869762e-05
2025-06-16,2.172152695760169e-05
2025-06-17,2.1802209411390652e-05
2025-06-18,2.1791041575861313e-05
2025-06-20,2.1746834304075697e-05
2025-06-23,2.026463237528181e-05
2025-06-24,2.027633504779423e-05
2025-06-25,2.0309112451692755e-05
2025-06-26,2.668662433192094e-05
2025-06-27,2.6677206360481314e-05
2025-06-30,2.6678919933732304e-05
2025-07-01,2.6676254699619346e-05
2025-07-02,2.9343136363775303e-05
2025-07-03,2.9417190763485615e-05
2025-07-04,2.9303867561394317e-05
2025-07-07,2.925600614048229e-05
2025-07-08,2.9620157929871252e-05
2025-07-09,2.9569661633810844e-05
2025-07-10,2.9691786484725935e-05
2025-07-11,2.9755244811481002e-05
2025-07-14,2.9748045412567072e-05
2025-07-15,2.965797783437384e-05
2025-07-16,2.9670448666138363e-05
2025-07-17,2.975431581090555e-05
2025-07-18,2.9790083068446386e-05
2025-07-21,2.9879399096089736e-05
2025-07-22,2.9948709345595112e-05
2025-07-23,3.0076872402756462e-05
2025-07-24,3.0025314252070876e-05
2025-07-25,2.9986658841761062e-05
2025-07-28,2.9891197032962505e-05
2025-07-29,2.986727494012567e-05
2025-07-30,2.7310789409699424e-05
2025-07-31,2.3853014959470298e-05
2025-08-01,5.568715165980306e-06
2025-08-04,5.568715165980306e-06
2025-08-05,5.568715165980306e-06
2025-08-06,5.568715165980306e-06
2025-08-07,5.568715165980306e-06
2025-08-08,5.568715165980306e-06
2025-08-11,5.568715165980306e-06
2025-08-12,6.899015726577859e-06
2025-08-13,9.275432414497687e-06
2025-08-14,9.261899388855717e-06
2025-08-15,9.245526383419624e-06
2025-08-18,9.248446269261898e-06
2025-08-19,9.214735442095705e-06
2025-08-20,9.198811722389375e-06
2025-08-21,9.1900986298257e-06
2025-08-22,9.267133023636109e-06
2025-08-25,9.246757568413565e-06
2025-08-26,9.26615866505125e-06
2025-08-27,9.277697554664194e-06
2025-08-28,9.291157737877794e-06
2025-08-29,1.0619346993583804e-05
2025-09-02,1.2014614680799008e-05
2025-09-03,1.2062804263472685e-05
2025-09-04,1.2066842319101609e-05
2025-09-05,1.1377290704574003e-05
2025-09-08,1.1406446578923225e-05
2025-09-09,1.1387362920336518e-05
2025-09-10,1.1386108202296416e-05
2025-09-11,1.1454954032484288e-05
2025-09-12,1.1473287317858128e-05
2025-09-15,1.1505534638244679e-05
2025-09-16,1.1487042921116714e-05
2025-09-17,1.1461497217919602e-05
2025-09-18,1.1497071080564484e-05
2025-09-19,1.155875352284947e-05
2025-09-22,1.1677519551118474e-05
2025-09-23,1.1677698109884767e-05
2025-09-24,1.1606978413260318e-05
2025-09-25,1.1616866095948702e-05
2025-09-26,1.240389107165605e-05
2025-09-29,1.24449868613079e-05
2025-09-30,1.2451596736561037e-05
2025-10-01,1.2510406698133806e-05
2025-10-02,1.2468022075009538e-05
2025-10-03,1.2538611477421195e-05
2025-10-06,1.2601341368462555e-05
2025-10-07,1.2556287411321129e-05
2025-10-08,1.2668115538584001e-05
2025-10-09,1.2555062473978069e-05
2025-10-10,4.340972237204305e-06
2025-10-13,4.501014619808632e-06
2025-10-14,4.519043760536514e-06
2025-10-15,4.757649685997341e-06
2025-10-16,4.8599377671737935e-06
2025-10-17,4.7162877617929525e-06
2025-10-20,4.819908962893903e-06
2025-10-21,1.269430240828288e-06
2025-10-22,1.2665413904929413e-06
2025-10-23,1.2689149247653804e-06
2025-10-24,1.729020095383664e-06
2025-10-27,1.9028083003627946e-06
2025-10-28,1.9039373817424052e-06
2025-10-29,1.9057509821548585e-06
2025-10-30,1.8937490485275692e-06
2025-10-31,1.89610793105742e-06
2025-11-03,2.128961039767285e-06
2025-11-04,1.9455235078843592e-06
2025-11-05,1.9529385500752126e-06
2025-11-06,1.9366598701086785e-06
2025-11-07,1.239205918912252e-06
2025-11-10,1.247926573256759e-06
2025-11-11,1.2480611462843623e-06
2025-11-12,1.2492400405387953e-06
2025-11-13,1.1049109088708672e-06
2025-11-14,9.8248451520208e-07
2025-11-17,5.575208754358115e-07
2025-11-18,5.567399726110086e-07
2025-11-19,5.531478196169156e-07
2025-11-20,5.50284509259305e-07
2025-11-21,5.50805111142507e-07
2025-11-24,5.504406898242657e-07
2025-11-25,5.507530509541868e-07
2025-11-26,5.521586760388319e-07
2025-11-28,5.916379805720144e-07
2025-12-01,5.909415480571159e-07
2025-12-02,5.899705213603101e-07
2025-12-03,5.88054415898894e-07
2025-12-04,5.881088348551704e-07
2025-12-05,3.1432463009844554e-07
2025-12-08,3.138896862554271e-07
2025-12-09,3.1550634722460273e-07
2025-12-10,3.1564839893054554e-07
2025-12-11,4.0926439608850124e-07
2025-12-12,4.055849012185143e-07
2025-12-15,4.0684621642710986e-07
2025-12-16,4.060071138113439e-07
2025-12-17,4.0865849825817767e-07
2025-12-18,4.6529405188717393e-07
2025-12-19,5.360565969547442e-07
2025-12-22,5.395409095859243e-07
2025-12-23,5.420470807567161e-07
2025-12-24,5.431520561606272e-07
2025-12-26,5.496779645864361e-07
2025-12-29,4.425891380906562e-07
