Date,Equity
1980-01-02,100000.0
1980-01-03,100000.0
1980-01-04,100000.0
1980-01-07,100000.0
1980-01-08,141817.89616856354
1980-01-09,141985.9592544844
1980-01-10,142367.83456861036
1980-01-11,142496.88272369758
1980-01-14,142655.84485843772
1980-01-15,142866.11842880462
1980-01-16,143023.08264267733
1980-01-17,142939.16671511397
1980-01-18,143051.05294185958
1980-01-21,143410.85026344887
1980-01-22,143248.39850658702
1980-01-23,143808.56947973973
1980-01-24,143971.48024065478
1980-01-25,144033.88773266677
1980-01-28,144391.2799807148
1980-01-29,144202.8026736591
1980-01-30,144544.8669049915
1980-01-31,144458.89881616397
1980-02-01,144698.3994466563
1980-02-04,144536.12125510522
1980-02-05,144610.76744421176
1980-02-06,144905.5256052732
1980-02-07,145121.40322788034
1980-02-08,145624.8297472443
1980-02-11,145365.59585882555
1980-02-12,145504.30660338784
1980-02-13,145655.7160851672
1980-02-14,145151.201449921
1980-02-15,119380.40533817506
1980-02-19,119255.3080560649
1980-02-20,119544.11146696273
1980-02-21,119360.32737109279
1980-02-22,119323.26207704896
1980-02-25,119059.16964770331
1980-02-26,119159.55594826129
1980-02-27,101894.58512653178
1980-02-28,101894.58512653178
1980-02-29,101894.58512653178
1980-03-03,101894.58512653178
1980-03-04,101894.58512653178
1980-03-05,101894.58512653178
1980-03-06,101894.58512653178
1980-03-07,101894.58512653178
1980-03-10,101894.58512653178
1980-03-11,101894.58512653178
1980-03-12,101894.58512653178
1980-03-13,101894.58512653178
1980-03-14,101894.58512653178
1980-03-17,101894.58512653178
1980-03-18,101894.58512653178
1980-03-19,101894.58512653178
1980-03-20,101894.58512653178
1980-03-21,101894.58512653178
1980-03-24,101894.58512653178
1980-03-25,101894.58512653178
1980-03-26,101894.58512653178
1980-03-27,101894.58512653178
1980-03-28,101894.58512653178
1980-03-31,101894.58512653178
1980-04-01,101894.58512653178
1980-04-02,101894.58512653178
1980-04-03,101894.58512653178
1980-04-07,101894.58512653178
1980-04-08,101894.58512653178
1980-04-09,101894.58512653178
1980-04-10,101894.58512653178
1980-04-11,101894.58512653178
1980-04-14,101894.58512653178
1980-04-15,101894.58512653178
1980-04-16,101894.58512653178
1980-04-17,101894.58512653178
1980-04-18,101894.58512653178
1980-04-21,101894.58512653178
1980-04-22,101894.58512653178
1980-04-23,101894.58512653178
1980-04-24,101894.58512653178
1980-04-25,101894.58512653178
1980-04-28,101894.58512653178
1980-04-29,101894.58512653178
1980-04-30,101894.58512653178
1980-05-01,101894.58512653178
1980-05-02,101894.58512653178
1980-05-05,101894.58512653178
1980-05-06,101894.58512653178
1980-05-07,101894.58512653178
1980-05-08,101894.58512653178
1980-05-09,101894.58512653178
1980-05-12,101894.58512653178
1980-05-13,101894.58512653178
1980-05-14,101894.58512653178
1980-05-15,101894.58512653178
1980-05-16,101894.58512653178
1980-05-19,101894.58512653178
1980-05-20,101894.58512653178
1980-05-21,101894.58512653178
1980-05-22,101894.58512653178
1980-05-23,127361.86395171277
1980-05-27,149553.8861297813
1980-05-28,149786.9834575562
1980-05-29,149328.12121970835
1980-05-30,149581.7950975006
1980-06-02,149438.91184281715
1980-06-03,149346.7440223574
1980-06-04,149982.93935054517
1980-06-05,150187.036413024
1980-06-06,150350.39507275217
1980-06-09,150506.04508785525
1980-06-10,150890.36057874234
1980-06-11,151342.34041535837
1980-06-12,151258.53397154075
1980-06-13,151534.13424880494
1980-06-16,151623.73028350784
1980-06-17,151644.20828849042
1980-06-18,151725.59670235944
1980-06-19,151329.96587108154
1980-06-20,151173.5097041284
1980-06-23,151344.5262463911
1980-06-24,151583.60387845073
1980-06-25,152080.91041518073
1980-06-26,152020.1216684118
1980-06-27,152013.11651789435
1980-06-30,125550.08671795424
1980-07-01,125686.9016126959
1980-07-02,125835.61292862562
1980-07-03,151906.7189003099
1980-07-07,152512.57792605518
1980-07-08,152415.35547921958
1980-07-09,152524.656907518
1980-07-10,152280.45412115683
1980-07-11,152613.6140472806
1980-07-14,153315.69101376407
1980-07-15,153259.650128237
1980-07-16,153333.076707157
1980-07-17,153942.98625990227
1980-07-18,154273.00468960754
1980-07-21,154444.53955943265
1980-07-22,154270.76825688384
1980-07-23,154224.01337861293
1980-07-24,154212.24111357104
1980-07-25,153965.6104735527
1980-07-28,154156.84906013496
1980-07-29,154515.46217371133
1980-07-30,154684.80956839817
1980-07-31,154490.6297525277
1980-08-01,154508.14355449157
1980-08-04,154366.60748201015
1980-08-05,154419.7472496376
1980-08-06,154729.0485958296
1980-08-07,155362.23760085806
1980-08-08,155526.03091266972
1980-08-11,155954.67835680014
1980-08-12,155680.03520056073
1980-08-13,155642.8666394251
1980-08-14,156311.6806832318
1980-08-15,156585.54444469232
1980-08-18,129519.38347271836
1980-08-19,129362.74070507335
1980-08-20,129594.72999485898
1980-08-21,156186.61126577845
1980-08-22,156558.91346141373
1980-08-25,156370.87822605006
1980-08-26,156425.65271433938
1980-08-27,156128.8899953043
1980-08-28,155674.05502498487
1980-08-29,155810.89651852107
1980-09-02,156200.24471190464
1980-09-03,156991.80592563757
1980-09-04,156928.90688046964
1980-09-05,156903.5710058388
1980-09-08,156422.95621210095
1980-09-09,156630.57453038535
1980-09-10,156991.86191149318
1980-09-11,157430.4268964976
1980-09-12,157613.8934726927
1980-09-15,157641.12834032121
1980-09-16,158104.33871114353
1980-09-17,158912.00889378646
1980-09-18,158769.19084081898
1980-09-19,159188.78049636184
1980-09-22,159505.8381332343
1980-09-23,159183.60153274058
1980-09-24,159388.9599684357
1980-09-25,158896.8645907331
1980-09-26,131183.89202815574
1980-09-29,108261.93731651195
1980-09-30,108261.93731651195
1980-10-01,108261.93731651195
1980-10-02,108261.93731651195
1980-10-03,108261.93731651195
1980-10-06,135320.6562893611
1980-10-07,135342.7466278219
1980-10-08,135482.1879393858
1980-10-09,135530.51029143747
1980-10-10,135566.4055114483
1980-10-13,135715.5121360828
1980-10-14,135736.2226183838
1980-10-15,155642.38438908142
1980-10-16,155218.30682985848
1980-10-17,155016.35004516412
1980-10-20,155165.76367620772
1980-10-21,154956.1741445762
1980-10-22,155166.85940369495
1980-10-23,126928.07442149884
1980-10-24,126975.58855319253
1980-10-27,126683.0850607497
1980-10-28,126708.32722641178
1980-10-29,126687.54036019543
1980-10-30,106341.77896269994
1980-10-31,106341.77896269994
1980-11-03,106341.77896269994
1980-11-05,106341.77896269994
1980-11-06,106341.77896269994
1980-11-07,106341.77896269994
1980-11-10,106341.77896269994
1980-11-11,106341.77896269994
1980-11-12,106341.77896269994
1980-11-13,151467.23221664314
1980-11-14,151757.3610308554
1980-11-17,151816.33394869222
1980-11-18,152369.38014332275
1980-11-19,152449.66190218081
1980-11-20,152828.21930946392
1980-11-21,152595.83597401032
1980-11-24,152241.54606249844
1980-11-25,152538.1235770386
1980-11-26,152871.2985420458
1980-11-28,153063.55073017115
1980-12-01,152183.65306250833
1980-12-02,124864.81230763192
1980-12-03,124829.47997423512
1980-12-04,124798.22229516809
1980-12-05,124465.27638007984
1980-12-08,105206.95765332312
1980-12-09,105206.95765332312
1980-12-10,105206.95765332312
1980-12-11,105206.95765332312
1980-12-12,105206.95765332312
1980-12-15,105206.95765332312
1980-12-16,105206.95765332312
1980-12-17,105206.95765332312
1980-12-18,105206.95765332312
1980-12-19,105206.95765332312
1980-12-22,105206.95765332312
1980-12-23,105206.95765332312
1980-12-24,105206.95765332312
1980-12-26,105206.95765332312
1980-12-29,105206.95765332312
1980-12-30,105206.95765332312
1980-12-31,105206.95765332312
1981-01-02,105206.95765332312
1981-01-05,105206.95765332312
1981-01-06,105206.95765332312
1981-01-07,105206.95765332312
1981-01-08,105206.95765332312
1981-01-09,105206.95765332312
1981-01-12,105206.95765332312
1981-01-13,105206.95765332312
1981-01-14,105206.95765332312
1981-01-15,105206.95765332312
1981-01-16,105206.95765332312
1981-01-19,105206.95765332312
1981-01-20,105206.95765332312
1981-01-21,105206.95765332312
1981-01-22,105206.95765332312
1981-01-23,105206.95765332312
1981-01-26,105206.95765332312
1981-01-27,105206.95765332312
1981-01-28,105206.95765332312
1981-01-29,105206.95765332312
1981-01-30,105206.95765332312
1981-02-02,105206.95765332312
1981-02-03,105206.95765332312
1981-02-04,105206.95765332312
1981-02-05,105206.95765332312
1981-02-06,105206.95765332312
1981-02-09,105206.95765332312
1981-02-10,105206.95765332312
1981-02-11,105206.95765332312
1981-02-12,105206.95765332312
1981-02-13,105206.95765332312
1981-02-17,105206.95765332312
1981-02-18,105206.95765332312
1981-02-19,105206.95765332312
1981-02-20,105206.95765332312
1981-02-23,105206.95765332312
1981-02-24,105206.95765332312
1981-02-25,105206.95765332312
1981-02-26,105206.95765332312
1981-02-27,105206.95765332312
1981-03-02,105206.95765332312
1981-03-03,105206.95765332312
1981-03-04,105206.95765332312
1981-03-05,105206.95765332312
1981-03-06,105206.95765332312
1981-03-09,105206.95765332312
1981-03-10,105206.95765332312
1981-03-11,105206.95765332312
1981-03-12,105206.95765332312
1981-03-13,105206.95765332312
1981-03-16,105206.95765332312
1981-03-17,105206.95765332312
1981-03-18,105206.95765332312
1981-03-19,131502.12261796786
1981-03-20,131738.79587180034
1981-03-23,131909.87004976295
1981-03-24,131920.16044723731
1981-03-25,132127.2500350139
1981-03-26,132155.5481373952
1981-03-27,132064.22404918575
1981-03-30,132082.23175409273
1981-03-31,132239.15491817205
1981-04-01,132388.36273751137
1981-04-02,132468.11282726453
1981-04-03,132556.86382543223
1981-04-06,132379.3598664042
1981-04-07,132442.3858522323
1981-04-08,132576.1590567064
1981-04-09,132718.93513228768
1981-04-10,132878.43138640875
1981-04-13,132772.95824700862
1981-04-14,132652.0485300506
1981-04-15,132856.56502778543
1981-04-16,133070.08635932006
1981-04-20,133187.13742256173
1981-04-21,133081.66232046898
1981-04-22,133140.83161527343
1981-04-23,133247.59228104074
1981-04-24,133445.6770350175
1981-04-27,133486.83862491496
1981-04-28,133197.4278200361
1981-04-29,106145.71291010083
1981-04-30,106145.71291010083
1981-05-01,106145.71291010083
1981-05-04,106145.71291010083
1981-05-05,106145.71291010083
1981-05-06,106145.71291010083
1981-05-07,106145.71291010083
1981-05-08,106145.71291010083
1981-05-11,106145.71291010083
1981-05-12,106145.71291010083
1981-05-13,106145.71291010083
1981-05-14,106145.71291010083
1981-05-15,106145.71291010083
1981-05-18,106145.71291010083
1981-05-19,106145.71291010083
1981-05-20,106145.71291010083
1981-05-21,106145.71291010083
1981-05-22,106145.71291010083
1981-05-26,132675.50802553596
1981-05-27,132908.01542532106
1981-05-28,133045.35185004942
1981-05-29,133064.62758922708
1981-06-01,133010.41618124614
1981-06-02,105478.1467731132
1981-06-03,105478.1467731132
1981-06-04,105478.1467731132
1981-06-05,105478.1467731132
1981-06-08,105478.1467731132
1981-06-09,105478.1467731132
1981-06-10,105478.1467731132
1981-06-11,105478.1467731132
1981-06-12,105478.1467731132
1981-06-15,105478.1467731132
1981-06-16,105478.1467731132
1981-06-17,105478.1467731132
1981-06-18,105478.1467731132
1981-06-19,105478.1467731132
1981-06-22,105478.1467731132
1981-06-23,105478.1467731132
1981-06-24,105478.1467731132
1981-06-25,105478.1467731132
1981-06-26,105478.1467731132
1981-06-29,105478.1467731132
1981-06-30,105478.1467731132
1981-07-01,105478.1467731132
1981-07-02,105478.1467731132
1981-07-06,105478.1467731132
1981-07-07,105478.1467731132
1981-07-08,105478.1467731132
1981-07-09,105478.1467731132
1981-07-10,105478.1467731132
1981-07-13,105478.1467731132
1981-07-14,105478.1467731132
1981-07-15,105478.1467731132
1981-07-16,105478.1467731132
1981-07-17,105478.1467731132
1981-07-20,105478.1467731132
1981-07-21,105478.1467731132
1981-07-22,105478.1467731132
1981-07-23,105478.1467731132
1981-07-24,105478.1467731132
1981-07-27,105478.1467731132
1981-07-28,105478.1467731132
1981-07-29,105478.1467731132
1981-07-30,105478.1467731132
1981-07-31,105478.1467731132
1981-08-03,105478.1467731132
1981-08-04,105478.1467731132
1981-08-05,105478.1467731132
1981-08-06,105478.1467731132
1981-08-07,105478.1467731132
1981-08-10,105478.1467731132
1981-08-11,105478.1467731132
1981-08-12,105478.1467731132
1981-08-13,105478.1467731132
1981-08-14,105478.1467731132
1981-08-17,105478.1467731132
1981-08-18,105478.1467731132
1981-08-19,105478.1467731132
1981-08-20,105478.1467731132
1981-08-21,105478.1467731132
1981-08-24,105478.1467731132
1981-08-25,105478.1467731132
1981-08-26,105478.1467731132
1981-08-27,105478.1467731132
1981-08-28,105478.1467731132
1981-08-31,105478.1467731132
1981-09-01,105478.1467731132
1981-09-02,105478.1467731132
1981-09-03,105478.1467731132
1981-09-04,105478.1467731132
1981-09-08,105478.1467731132
1981-09-09,105478.1467731132
1981-09-10,105478.1467731132
1981-09-11,105478.1467731132
1981-09-14,105478.1467731132
1981-09-15,105478.1467731132
1981-09-16,105478.1467731132
1981-09-17,105478.1467731132
1981-09-18,105478.1467731132
1981-09-21,105478.1467731132
1981-09-22,105478.1467731132
1981-09-23,105478.1467731132
1981-09-24,105478.1467731132
1981-09-25,105478.1467731132
1981-09-28,105478.1467731132
1981-09-29,105478.1467731132
1981-09-30,105478.1467731132
1981-10-01,105478.1467731132
1981-10-02,105478.1467731132
1981-10-05,105478.1467731132
1981-10-06,105478.1467731132
1981-10-07,105478.1467731132
1981-10-08,105478.1467731132
1981-10-09,105478.1467731132
1981-10-12,105478.1467731132
1981-10-13,105478.1467731132
1981-10-14,105478.1467731132
1981-10-15,105478.1467731132
1981-10-16,105478.1467731132
1981-10-19,105478.1467731132
1981-10-20,105478.1467731132
1981-10-21,105478.1467731132
1981-10-22,105478.1467731132
1981-10-23,105478.1467731132
1981-10-26,105478.1467731132
1981-10-27,105478.1467731132
1981-10-28,105478.1467731132
1981-10-29,105478.1467731132
1981-10-30,105478.1467731132
1981-11-02,105478.1467731132
1981-11-03,105478.1467731132
1981-11-04,105478.1467731132
1981-11-05,105478.1467731132
1981-11-06,105478.1467731132
1981-11-09,105478.1467731132
1981-11-10,105478.1467731132
1981-11-11,105478.1467731132
1981-11-12,105478.1467731132
1981-11-13,105478.1467731132
1981-11-16,105478.1467731132
1981-11-17,105478.1467731132
1981-11-18,105478.1467731132
1981-11-19,105478.1467731132
1981-11-20,105478.1467731132
1981-11-23,105478.1467731132
1981-11-24,105478.1467731132
1981-11-25,105478.1467731132
1981-11-27,105478.1467731132
1981-11-30,105478.1467731132
1981-12-01,105478.1467731132
1981-12-02,105478.1467731132
1981-12-03,105478.1467731132
1981-12-04,105478.1467731132
1981-12-07,105478.1467731132
1981-12-08,105478.1467731132
1981-12-09,105478.1467731132
1981-12-10,105478.1467731132
1981-12-11,105478.1467731132
1981-12-14,105478.1467731132
1981-12-15,105478.1467731132
1981-12-16,105478.1467731132
1981-12-17,105478.1467731132
1981-12-18,105478.1467731132
1981-12-21,105478.1467731132
1981-12-22,105478.1467731132
1981-12-23,105478.1467731132
1981-12-24,105478.1467731132
1981-12-28,105478.1467731132
1981-12-29,105478.1467731132
1981-12-30,105478.1467731132
1981-12-31,105478.1467731132
1982-01-04,105478.1467731132
1982-01-05,105478.1467731132
1982-01-06,105478.1467731132
1982-01-07,105478.1467731132
1982-01-08,105478.1467731132
1982-01-11,105478.1467731132
1982-01-12,105478.1467731132
1982-01-13,105478.1467731132
1982-01-14,105478.1467731132
1982-01-15,105478.1467731132
1982-01-18,105478.1467731132
1982-01-19,105478.1467731132
1982-01-20,105478.1467731132
1982-01-21,105478.1467731132
1982-01-22,105478.1467731132
1982-01-25,105478.1467731132
1982-01-26,105478.1467731132
1982-01-27,105478.1467731132
1982-01-28,105478.1467731132
1982-01-29,105478.1467731132
1982-02-01,105478.1467731132
1982-02-02,105478.1467731132
1982-02-03,105478.1467731132
1982-02-04,105478.1467731132
1982-02-05,105478.1467731132
1982-02-08,105478.1467731132
1982-02-09,105478.1467731132
1982-02-10,105478.1467731132
1982-02-11,105478.1467731132
1982-02-12,105478.1467731132
1982-02-16,105478.1467731132
1982-02-17,105478.1467731132
1982-02-18,105478.1467731132
1982-02-19,105478.1467731132
1982-02-22,105478.1467731132
1982-02-23,105478.1467731132
1982-02-24,105478.1467731132
1982-02-25,105478.1467731132
1982-02-26,105478.1467731132
1982-03-01,105478.1467731132
1982-03-02,105478.1467731132
1982-03-03,105478.1467731132
1982-03-04,105478.1467731132
1982-03-05,105478.1467731132
1982-03-08,105478.1467731132
1982-03-09,105478.1467731132
1982-03-10,105478.1467731132
1982-03-11,105478.1467731132
1982-03-12,105478.1467731132
1982-03-15,105478.1467731132
1982-03-16,105478.1467731132
1982-03-17,105478.1467731132
1982-03-18,105478.1467731132
1982-03-19,105478.1467731132
1982-03-22,105478.1467731132
1982-03-23,105478.1467731132
1982-03-24,105478.1467731132
1982-03-25,105478.1467731132
1982-03-26,105478.1467731132
1982-03-29,105478.1467731132
1982-03-30,105478.1467731132
1982-03-31,105478.1467731132
1982-04-01,105478.1467731132
1982-04-02,105478.1467731132
1982-04-05,105478.1467731132
1982-04-06,105478.1467731132
1982-04-07,105478.1467731132
1982-04-08,105478.1467731132
1982-04-12,105478.1467731132
1982-04-13,105478.1467731132
1982-04-14,105478.1467731132
1982-04-15,105478.1467731132
1982-04-16,105478.1467731132
1982-04-19,105478.1467731132
1982-04-20,105478.1467731132
1982-04-21,105478.1467731132
1982-04-22,105478.1467731132
1982-04-23,105478.1467731132
1982-04-26,105478.1467731132
1982-04-27,105478.1467731132
1982-04-28,105478.1467731132
1982-04-29,105478.1467731132
1982-04-30,105478.1467731132
1982-05-03,105478.1467731132
1982-05-04,105478.1467731132
1982-05-05,105478.1467731132
1982-05-06,105478.1467731132
1982-05-07,105478.1467731132
1982-05-10,105478.1467731132
1982-05-11,105478.1467731132
1982-05-12,105478.1467731132
1982-05-13,105478.1467731132
1982-05-14,105478.1467731132
1982-05-17,105478.1467731132
1982-05-18,105478.1467731132
1982-05-19,105478.1467731132
1982-05-20,105478.1467731132
1982-05-21,105478.1467731132
1982-05-24,105478.1467731132
1982-05-25,105478.1467731132
1982-05-26,105478.1467731132
1982-05-27,105478.1467731132
1982-05-28,105478.1467731132
1982-06-01,105478.1467731132
1982-06-02,105478.1467731132
1982-06-03,105478.1467731132
1982-06-04,105478.1467731132
1982-06-07,105478.1467731132
1982-06-08,105478.1467731132
1982-06-09,105478.1467731132
1982-06-10,105478.1467731132
1982-06-11,105478.1467731132
1982-06-14,105478.1467731132
1982-06-15,105478.1467731132
1982-06-16,105478.1467731132
1982-06-17,105478.1467731132
1982-06-18,105478.1467731132
1982-06-21,105478.1467731132
1982-06-22,105478.1467731132
1982-06-23,105478.1467731132
1982-06-24,105478.1467731132
1982-06-25,105478.1467731132
1982-06-28,105478.1467731132
1982-06-29,105478.1467731132
1982-06-30,105478.1467731132
1982-07-01,105478.1467731132
1982-07-02,105478.1467731132
1982-07-06,105478.1467731132
1982-07-07,105478.1467731132
1982-07-08,105478.1467731132
1982-07-09,105478.1467731132
1982-07-12,105478.1467731132
1982-07-13,105478.1467731132
1982-07-14,105478.1467731132
1982-07-15,105478.1467731132
1982-07-16,105478.1467731132
1982-07-19,105478.1467731132
1982-07-20,105478.1467731132
1982-07-21,105478.1467731132
1982-07-22,105478.1467731132
1982-07-23,105478.1467731132
1982-07-26,105478.1467731132
1982-07-27,105478.1467731132
1982-07-28,105478.1467731132
1982-07-29,105478.1467731132
1982-07-30,105478.1467731132
1982-08-02,105478.1467731132
1982-08-03,105478.1467731132
1982-08-04,105478.1467731132
1982-08-05,105478.1467731132
1982-08-06,105478.1467731132
1982-08-09,105478.1467731132
1982-08-10,105478.1467731132
1982-08-11,105478.1467731132
1982-08-12,105478.1467731132
1982-08-13,105478.1467731132
1982-08-16,105478.1467731132
1982-08-17,105478.1467731132
1982-08-18,105478.1467731132
1982-08-19,105478.1467731132
1982-08-20,105478.1467731132
1982-08-23,105478.1467731132
1982-08-24,105478.1467731132
1982-08-25,131119.67097367963
1982-08-26,131331.22733417965
1982-08-27,131017.16414630631
1982-08-30,131137.1192983312
1982-08-31,131540.60223810727
1982-09-01,131265.79694871808
1982-09-02,131710.7192435507
1982-09-03,158594.28023462984
1982-09-07,158139.12890295841
1982-09-08,158451.9366802848
1982-09-09,158543.70249098988
1982-09-10,158282.15622571527
1982-09-13,158621.41393211752
1982-09-14,159055.17932006042
1982-09-15,159562.3630191033
1982-09-16,159519.91440489359
1982-09-17,159226.31830875343
1982-09-20,159129.2523186839
1982-09-21,159922.75759105888
1982-09-22,159831.47230941703
1982-09-23,159724.14764809015
1982-09-24,159683.89890467716
1982-09-27,159753.67378905922
1982-09-28,159728.72320443008
1982-09-29,159264.62218307971
1982-09-30,158912.38068484503
1982-10-01,159402.49899478926
1982-10-04,159203.6953687023
1982-10-05,159414.81908872037
1982-10-06,160749.91296018404
1982-10-07,161889.9431153553
1982-10-08,162858.58078402572
1982-10-11,164099.7719565432
1982-10-12,164071.50675618742
1982-10-13,165002.50756868283
1982-10-14,164489.43364159367
1982-10-15,164214.85387955766
1982-10-18,165215.41194134855
1982-10-19,165308.6933009083
1982-10-20,166352.98319784892
1982-10-21,166834.37165533946
1982-10-22,166930.47975514864
1982-10-25,112176.80882067679
1982-10-26,112176.80882067679
1982-10-27,112176.80882067679
1982-10-28,112176.80882067679
1982-10-29,112176.80882067679
1982-11-01,112176.80882067679
1982-11-02,140214.00102679455
1982-11-03,163571.4881007132
1982-11-04,163698.0048676462
1982-11-05,164007.49787739458
1982-11-08,163696.8525203043
1982-11-09,164551.2459533438
1982-11-10,164284.0594925313
1982-11-11,164520.80419709824
1982-11-12,164308.50048623054
1982-11-15,163490.00685886748
1982-11-16,110985.23870098677
1982-11-17,110985.23870098677
1982-11-18,110985.23870098677
1982-11-19,110985.23870098677
1982-11-22,110985.23870098677
1982-11-23,110985.23870098677
1982-11-24,110985.23870098677
1982-11-26,110985.23870098677
1982-11-29,110985.23870098677
1982-11-30,110985.23870098677
1982-12-01,138724.6128391452
1982-12-02,138794.08847982567
1982-12-03,138909.49070654536
1982-12-06,139160.30987993357
1982-12-07,139320.4581853753
1982-12-08,139326.346347443
1982-12-09,138918.91140649075
1982-12-10,110124.65862356753
1982-12-13,110124.65862356753
1982-12-14,110124.65862356753
1982-12-15,110124.65862356753
1982-12-16,110124.65862356753
1982-12-17,110124.65862356753
1982-12-20,110124.65862356753
1982-12-21,110124.65862356753
1982-12-22,110124.65862356753
1982-12-23,110124.65862356753
1982-12-27,110124.65862356753
1982-12-28,110124.65862356753
1982-12-29,110124.65862356753
1982-12-30,110124.65862356753
1982-12-31,110124.65862356753
1983-01-03,110124.65862356753
1983-01-04,110124.65862356753
1983-01-05,110124.65862356753
1983-01-06,137648.94152055928
1983-01-07,137631.88533309186
1983-01-10,165458.66342767962
1983-01-11,165258.89295935837
1983-01-12,165666.67420430473
1983-01-13,165549.8828199595
1983-01-14,165969.84134529013
1983-01-17,166155.61725366052
1983-01-18,166038.99846006185
1983-01-19,165659.22226108436
1983-01-20,165942.7537737633
1983-01-21,165249.62688006688
1983-01-24,107588.70208235037
1983-01-25,107588.70208235037
1983-01-26,107588.70208235037
1983-01-27,107588.70208235037
1983-01-28,107588.70208235037
1983-01-31,134479.15431755062
1983-02-01,134457.49554379145
1983-02-02,134471.57341626842
1983-02-03,134597.18703380896
1983-02-04,134836.50095192302
1983-02-07,134876.56836151157
1983-02-08,134776.94428108257
1983-02-09,134807.2645815465
1983-02-10,135174.35832504352
1983-02-11,135376.85662383132
1983-02-14,162486.45970307948
1983-02-15,162414.9320257146
1983-02-16,162258.91712751967
1983-02-17,162253.14370175096
1983-02-18,162602.2418892613
1983-02-22,161918.71382694415
1983-02-23,162242.9740899718
1983-02-24,163001.60874599745
1983-02-25,163040.96647798107
1983-02-28,162545.93814902747
1983-03-01,163179.67997764063
1983-03-02,163607.18318434007
1983-03-03,164016.2555675427
1983-03-04,164129.61542781242
1983-03-07,164070.05875697196
1983-03-08,163393.3996958275
1983-03-09,163889.86458985577
1983-03-10,163807.10664045205
1983-03-11,163716.81658930506
1983-03-14,163443.5335701426
1983-03-15,163531.2953556481
1983-03-16,163294.00287828688
1983-03-17,163183.8909334424
1983-03-18,163348.1548278663
1983-03-21,163724.02990561863
1983-03-22,163757.18948667438
1983-03-23,164333.8385695908
1983-03-24,164555.15527938568
1983-03-25,164485.06747176038
1983-03-28,164148.57843180618
1983-03-29,164060.47846588027
1983-03-30,164603.16564805555
1983-03-31,164527.6859048301
1983-04-04,164314.3676211693
1983-04-05,164122.95207203276
1983-04-06,136098.30730642675
1983-04-07,136228.31879968898
1983-04-08,136425.1435150958
1983-04-11,136838.65037887564
1983-04-12,164160.84785818495
1983-04-13,164651.55656121316
1983-04-14,165182.5781174689
1983-04-15,165574.61468896188
1983-04-18,165876.05959776265
1983-04-19,165593.32341783313
1983-04-20,166248.70045514364
1983-04-21,166331.995143988
1983-04-22,166569.3603876615
1983-04-25,166082.1524400006
1983-04-26,166776.468360057
1983-04-27,166791.4455335891
1983-04-28,167254.61109337088
1983-04-29,167743.27893523453
1983-05-02,167073.01111366917
1983-05-03,167025.77154073352
1983-05-04,167556.0004705122
1983-05-05,168141.08830027393
1983-05-06,168900.60733845236
1983-05-09,168948.9756094385
1983-05-10,169142.8165388704
1983-05-11,168819.4314341399
1983-05-12,168617.41489214846
1983-05-13,168915.12824561013
1983-05-16,168209.59213548776
1983-05-17,168407.20081144583
1983-05-18,168576.1040405992
1983-05-19,168276.15217336087
1983-05-20,168377.04347820033
1983-05-23,168639.89995236642
1983-05-24,169369.9957893949
1983-05-25,169670.51499373454
1983-05-26,169761.11761950265
1983-05-27,169642.76277665218
1983-05-31,168937.84411320798
1983-06-01,168888.9389856956
1983-06-02,169396.50483164596
1983-06-03,169815.07245264703
1983-06-06,170051.6842163444
1983-06-07,169549.04862790243
1983-06-08,141796.43674026994
1983-06-09,141821.3717737639
1983-06-10,142070.72210870334
1983-06-13,142350.99164166907
1983-06-14,142549.47657808344
1983-06-15,170399.20440487127
1983-06-16,171178.29063531544
1983-06-17,171137.73675088043
1983-06-20,170971.92171865952
1983-06-21,171354.4305422464
1983-06-22,171652.96853187145
1983-06-23,171497.69417305302
1983-06-24,171628.80980187227
1983-06-27,170850.33454645614
1983-06-28,113364.77444031628
1983-06-29,113364.77444031628
1983-06-30,113364.77444031628
1983-07-01,113364.77444031628
1983-07-05,113364.77444031628
1983-07-06,113364.77444031628
1983-07-07,113364.77444031628
1983-07-08,113364.77444031628
1983-07-11,113364.77444031628
1983-07-12,113364.77444031628
1983-07-13,113364.77444031628
1983-07-14,113364.77444031628
1983-07-15,113364.77444031628
1983-07-18,113364.77444031628
1983-07-19,113364.77444031628
1983-07-20,113364.77444031628
1983-07-21,113364.77444031628
1983-07-22,113364.77444031628
1983-07-25,113364.77444031628
1983-07-26,113364.77444031628
1983-07-27,113364.77444031628
1983-07-28,113364.77444031628
1983-07-29,113364.77444031628
1983-08-01,113364.77444031628
1983-08-02,113364.77444031628
1983-08-03,113364.77444031628
1983-08-04,113364.77444031628
1983-08-05,113364.77444031628
1983-08-08,113364.77444031628
1983-08-09,113364.77444031628
1983-08-10,113364.77444031628
1983-08-11,113364.77444031628
1983-08-12,113364.77444031628
1983-08-15,113364.77444031628
1983-08-16,113364.77444031628
1983-08-17,113364.77444031628
1983-08-18,113364.77444031628
1983-08-19,113364.77444031628
1983-08-22,113364.77444031628
1983-08-23,113364.77444031628
1983-08-24,113364.77444031628
1983-08-25,113364.77444031628
1983-08-26,113364.77444031628
1983-08-29,113364.77444031628
1983-08-30,113364.77444031628
1983-08-31,113364.77444031628
1983-09-01,113364.77444031628
1983-09-02,113364.77444031628
1983-09-06,113364.77444031628
1983-09-07,113364.77444031628
1983-09-08,113364.77444031628
1983-09-09,113364.77444031628
1983-09-12,113364.77444031628
1983-09-13,113364.77444031628
1983-09-14,113364.77444031628
1983-09-15,113364.77444031628
1983-09-16,113364.77444031628
1983-09-19,113364.77444031628
1983-09-20,113364.77444031628
1983-09-21,113364.77444031628
1983-09-22,113364.77444031628
1983-09-23,113364.77444031628
1983-09-26,113364.77444031628
1983-09-27,113364.77444031628
1983-09-28,113364.77444031628
1983-09-29,113364.77444031628
1983-09-30,113364.77444031628
1983-10-03,113364.77444031628
1983-10-04,113364.77444031628
1983-10-05,113364.77444031628
1983-10-06,113364.77444031628
1983-10-07,141698.8838146282
1983-10-10,142005.81053774187
1983-10-11,141622.56540813445
1983-10-12,141503.11205195263
1983-10-13,141544.58884141737
1983-10-14,141542.930681194
1983-10-17,141637.4964447716
1983-10-18,112386.1046564793
1983-10-19,112386.1046564793
1983-10-20,112386.1046564793
1983-10-21,112386.1046564793
1983-10-24,112386.1046564793
1983-10-25,112386.1046564793
1983-10-26,112386.1046564793
1983-10-27,112386.1046564793
1983-10-28,112386.1046564793
1983-10-31,112386.1046564793
1983-11-01,112386.1046564793
1983-11-02,112386.1046564793
1983-11-03,112386.1046564793
1983-11-04,112386.1046564793
1983-11-07,112386.1046564793
1983-11-08,112386.1046564793
1983-11-09,112386.1046564793
1983-11-10,112386.1046564793
1983-11-11,112386.1046564793
1983-11-14,112386.1046564793
1983-11-15,112386.1046564793
1983-11-16,112386.1046564793
1983-11-17,112386.1046564793
1983-11-18,112386.1046564793
1983-11-21,112386.1046564793
1983-11-22,112386.1046564793
1983-11-23,112386.1046564793
1983-11-25,112386.1046564793
1983-11-28,112386.1046564793
1983-11-29,112386.1046564793
1983-11-30,112386.1046564793
1983-12-01,112386.1046564793
1983-12-02,112386.1046564793
1983-12-05,112386.1046564793
1983-12-06,112386.1046564793
1983-12-07,112386.1046564793
1983-12-08,112386.1046564793
1983-12-09,112386.1046564793
1983-12-12,112386.1046564793
1983-12-13,112386.1046564793
1983-12-14,112386.1046564793
1983-12-15,112386.1046564793
1983-12-16,112386.1046564793
1983-12-19,112386.1046564793
1983-12-20,112386.1046564793
1983-12-21,112386.1046564793
1983-12-22,112386.1046564793
1983-12-23,112386.1046564793
1983-12-27,112386.1046564793
1983-12-28,112386.1046564793
1983-12-29,112386.1046564793
1983-12-30,112386.1046564793
1984-01-03,112386.1046564793
1984-01-04,112386.1046564793
1984-01-05,112386.1046564793
1984-01-06,112386.1046564793
1984-01-09,112386.1046564793
1984-01-10,112386.1046564793
1984-01-11,112386.1046564793
1984-01-12,112386.1046564793
1984-01-13,112386.1046564793
1984-01-16,112386.1046564793
1984-01-17,112386.1046564793
1984-01-18,112386.1046564793
1984-01-19,112386.1046564793
1984-01-20,112386.1046564793
1984-01-23,112386.1046564793
1984-01-24,112386.1046564793
1984-01-25,112386.1046564793
1984-01-26,112386.1046564793
1984-01-27,112386.1046564793
1984-01-30,112386.1046564793
1984-01-31,112386.1046564793
1984-02-01,112386.1046564793
1984-02-02,112386.1046564793
1984-02-03,112386.1046564793
1984-02-06,112386.1046564793
1984-02-07,112386.1046564793
1984-02-08,112386.1046564793
1984-02-09,112386.1046564793
1984-02-10,112386.1046564793
1984-02-13,112386.1046564793
1984-02-14,112386.1046564793
1984-02-15,112386.1046564793
1984-02-16,112386.1046564793
1984-02-17,112386.1046564793
1984-02-21,112386.1046564793
1984-02-22,112386.1046564793
1984-02-23,112386.1046564793
1984-02-24,112386.1046564793
1984-02-27,112386.1046564793
1984-02-28,112386.1046564793
1984-02-29,112386.1046564793
1984-03-01,112386.1046564793
1984-03-02,112386.1046564793
1984-03-05,112386.1046564793
1984-03-06,112386.1046564793
1984-03-07,112386.1046564793
1984-03-08,112386.1046564793
1984-03-09,112386.1046564793
1984-03-12,112386.1046564793
1984-03-13,112386.1046564793
1984-03-14,112386.1046564793
1984-03-15,112386.1046564793
1984-03-16,112386.1046564793
1984-03-19,112386.1046564793
1984-03-20,112386.1046564793
1984-03-21,112386.1046564793
1984-03-22,112386.1046564793
1984-03-23,112386.1046564793
1984-03-26,112386.1046564793
1984-03-27,112386.1046564793
1984-03-28,112386.1046564793
1984-03-29,112386.1046564793
1984-03-30,112386.1046564793
1984-04-02,112386.1046564793
1984-04-03,112386.1046564793
1984-04-04,112386.1046564793
1984-04-05,112386.1046564793
1984-04-06,112386.1046564793
1984-04-09,112386.1046564793
1984-04-10,112386.1046564793
1984-04-11,112386.1046564793
1984-04-12,112386.1046564793
1984-04-13,112386.1046564793
1984-04-16,112386.1046564793
1984-04-17,112386.1046564793
1984-04-18,112386.1046564793
1984-04-19,112386.1046564793
1984-04-23,112386.1046564793
1984-04-24,112386.1046564793
1984-04-25,112386.1046564793
1984-04-26,112386.1046564793
1984-04-27,112386.1046564793
1984-04-30,112386.1046564793
1984-05-01,112386.1046564793
1984-05-02,112386.1046564793
1984-05-03,112386.1046564793
1984-05-04,112386.1046564793
1984-05-07,112386.1046564793
1984-05-08,112386.1046564793
1984-05-09,112386.1046564793
1984-05-10,112386.1046564793
1984-05-11,112386.1046564793
1984-05-14,112386.1046564793
1984-05-15,112386.1046564793
1984-05-16,112386.1046564793
1984-05-17,112386.1046564793
1984-05-18,112386.1046564793
1984-05-21,112386.1046564793
1984-05-22,112386.1046564793
1984-05-23,112386.1046564793
1984-05-24,112386.1046564793
1984-05-25,112386.1046564793
1984-05-29,112386.1046564793
1984-05-30,112386.1046564793
1984-05-31,112386.1046564793
1984-06-01,112386.1046564793
1984-06-04,112386.1046564793
1984-06-05,112386.1046564793
1984-06-06,112386.1046564793
1984-06-07,112386.1046564793
1984-06-08,112386.1046564793
1984-06-11,112386.1046564793
1984-06-12,112386.1046564793
1984-06-13,112386.1046564793
1984-06-14,112386.1046564793
1984-06-15,112386.1046564793
1984-06-18,112386.1046564793
1984-06-19,112386.1046564793
1984-06-20,112386.1046564793
1984-06-21,112386.1046564793
1984-06-22,112386.1046564793
1984-06-25,112386.1046564793
1984-06-26,112386.1046564793
1984-06-27,112386.1046564793
1984-06-28,112386.1046564793
1984-06-29,112386.1046564793
1984-07-02,112386.1046564793
1984-07-03,112386.1046564793
1984-07-05,112386.1046564793
1984-07-06,112386.1046564793
1984-07-09,112386.1046564793
1984-07-10,112386.1046564793
1984-07-11,112386.1046564793
1984-07-12,112386.1046564793
1984-07-13,112386.1046564793
1984-07-16,112386.1046564793
1984-07-17,112386.1046564793
1984-07-18,112386.1046564793
1984-07-19,112386.1046564793
1984-07-20,112386.1046564793
1984-07-23,112386.1046564793
1984-07-24,112386.1046564793
1984-07-25,112386.1046564793
1984-07-26,112386.1046564793
1984-07-27,112386.1046564793
1984-07-30,112386.1046564793
1984-07-31,112386.1046564793
1984-08-01,112386.1046564793
1984-08-02,112386.1046564793
1984-08-03,112386.1046564793
1984-08-06,140475.60774251982
1984-08-07,140496.33923195428
1984-08-08,140328.75266235243
1984-08-09,140983.5476874315
1984-08-10,140962.81619799702
1984-08-13,140964.54294336576
1984-08-14,140790.04675603658
1984-08-15,140510.1611036614
1984-08-16,140677.74767326325
1984-08-17,140741.67152318783
1984-08-20,140879.8876040067
1984-08-21,141379.19118582233
1984-08-22,141246.1579773621
1984-08-23,141256.52372207932
1984-08-24,141323.90369899382
1984-08-27,141139.0417669474
1984-08-28,141304.89895492807
1984-08-29,169340.1418035039
1984-08-30,140417.00125722177
1984-08-31,140430.82049267643
1984-09-04,140119.83760614958
1984-09-05,140017.90163184103
1984-09-06,140252.86817835734
1984-09-07,140031.72350354816
1984-09-10,140012.7187594824
1984-09-11,140045.5453752553
1984-09-12,140085.2816087555
1984-09-13,140648.5116767482
1984-09-14,168695.0641140312
1984-09-17,168687.6859986776
1984-09-18,168324.06773846847
1984-09-19,168094.4137140721
1984-09-20,168199.08301129512
1984-09-21,139225.4824823422
1984-09-24,139158.10250542773
1984-09-25,139216.8434829937
1984-09-26,139330.8719473882
1984-09-27,139448.35653877258
1984-09-28,139299.7747132365
1984-10-01,110485.09224526341
1984-10-02,110485.09224526341
1984-10-03,110485.09224526341
1984-10-04,110485.09224526341
1984-10-05,110485.09224526341
1984-10-08,110485.09224526341
1984-10-09,110485.09224526341
1984-10-10,110485.09224526341
1984-10-11,110485.09224526341
1984-10-12,110485.09224526341
1984-10-15,110485.09224526341
1984-10-16,110485.09224526341
1984-10-17,110485.09224526341
1984-10-18,110485.09224526341
1984-10-19,110485.09224526341
1984-10-22,110485.09224526341
1984-10-23,110485.09224526341
1984-10-24,110485.09224526341
1984-10-25,110485.09224526341
1984-10-26,110485.09224526341
1984-10-29,110485.09224526341
1984-10-30,110485.09224526341
1984-10-31,110485.09224526341
1984-11-01,110485.09224526341
1984-11-02,110485.09224526341
1984-11-05,110485.09224526341
1984-11-06,138099.46102395633
1984-11-07,137898.50220241267
1984-11-08,137819.09051673947
1984-11-09,137644.06481722288
1984-11-12,137605.16884350652
1984-11-13,109300.26700448334
1984-11-14,109300.26700448334
1984-11-15,109300.26700448334
1984-11-16,109300.26700448334
1984-11-19,109300.26700448334
1984-11-20,109300.26700448334
1984-11-21,109300.26700448334
1984-11-23,109300.26700448334
1984-11-26,109300.26700448334
1984-11-27,109300.26700448334
1984-11-28,109300.26700448334
1984-11-29,109300.26700448334
1984-11-30,109300.26700448334
1984-12-03,109300.26700448334
1984-12-04,109300.26700448334
1984-12-05,109300.26700448334
1984-12-06,109300.26700448334
1984-12-07,109300.26700448334
1984-12-10,109300.26700448334
1984-12-11,109300.26700448334
1984-12-12,109300.26700448334
1984-12-13,109300.26700448334
1984-12-14,109300.26700448334
1984-12-17,109300.26700448334
1984-12-18,109300.26700448334
1984-12-19,109300.26700448334
1984-12-20,109300.26700448334
1984-12-21,109300.26700448334
1984-12-24,109300.26700448334
1984-12-26,109300.26700448334
1984-12-27,109300.26700448334
1984-12-28,109300.26700448334
1984-12-31,109300.26700448334
1985-01-02,109300.26700448334
1985-01-03,109300.26700448334
1985-01-04,109300.26700448334
1985-01-07,109300.26700448334
1985-01-08,109300.26700448334
1985-01-09,109300.26700448334
1985-01-10,109300.26700448334
1985-01-11,109300.26700448334
1985-01-14,163936.0571689374
1985-01-15,164230.06165591342
1985-01-16,164547.5816946393
1985-01-17,164580.80311939685
1985-01-18,164878.50510257244
1985-01-21,165857.86947555686
1985-01-22,166111.7846208748
1985-01-23,166649.34401228832
1985-01-24,166725.89169965946
1985-01-25,167010.219487223
1985-01-28,167125.15778699837
1985-01-29,167538.6843387076
1985-01-30,167828.9621558889
1985-01-31,167878.11197402197
1985-02-01,167685.80051023694
1985-02-04,168218.0260949703
1985-02-05,168452.1588847437
1985-02-06,168626.47995115837
1985-02-07,169127.21854039383
1985-02-08,169325.50920739182
1985-02-11,168949.3913254789
1985-02-12,168871.86169549986
1985-02-13,169500.68410576423
1985-02-14,169360.76019934367
1985-02-15,169156.12542773833
1985-02-19,169027.31747537694
1985-02-20,169046.052206335
1985-02-21,168855.34787943543
1985-02-22,168636.8142816489
1985-02-25,168380.73901355712
1985-02-26,168798.51604735432
1985-02-27,168628.57601860716
1985-02-28,168714.57581251347
1985-03-01,169363.83576447098
1985-03-04,169165.67238984723
1985-03-05,169192.9113481865
1985-03-06,168768.6596542024
1985-03-07,140241.96755345268
1985-03-08,112361.88943013336
1985-03-11,112361.88943013336
1985-03-12,112361.88943013336
1985-03-13,112361.88943013336
1985-03-14,112361.88943013336
1985-03-15,112361.88943013336
1985-03-18,112361.88943013336
1985-03-19,112361.88943013336
1985-03-20,112361.88943013336
1985-03-21,112361.88943013336
1985-03-22,112361.88943013336
1985-03-25,112361.88943013336
1985-03-26,112361.88943013336
1985-03-27,112361.88943013336
1985-03-28,112361.88943013336
1985-03-29,112361.88943013336
1985-04-01,112361.88943013336
1985-04-02,112361.88943013336
1985-04-03,112361.88943013336
1985-04-04,112361.88943013336
1985-04-08,112361.88943013336
1985-04-09,112361.88943013336
1985-04-10,112361.88943013336
1985-04-11,112361.88943013336
1985-04-12,112361.88943013336
1985-04-15,112361.88943013336
1985-04-16,112361.88943013336
1985-04-17,112361.88943013336
1985-04-18,112361.88943013336
1985-04-19,112361.88943013336
1985-04-22,112361.88943013336
1985-04-23,112361.88943013336
1985-04-24,112361.88943013336
1985-04-25,112361.88943013336
1985-04-26,112361.88943013336
1985-04-29,112361.88943013336
1985-04-30,112361.88943013336
1985-05-01,112361.88943013336
1985-05-02,112361.88943013336
1985-05-03,112361.88943013336
1985-05-06,112361.88943013336
1985-05-07,112361.88943013336
1985-05-08,112361.88943013336
1985-05-09,112361.88943013336
1985-05-10,140445.34022281205
1985-05-13,168578.38487289997
1985-05-14,168426.6064711104
1985-05-15,168606.7085846954
1985-05-16,168904.14013498527
1985-05-17,169357.60700671526
1985-05-20,169981.11033579658
1985-05-21,169910.42533171579
1985-05-22,169658.08509828596
1985-05-23,169433.78488008876
1985-05-24,169529.19722924626
1985-05-28,169346.67798335734
1985-05-29,140384.06187375102
1985-05-30,140394.73174504598
1985-05-31,140669.07162458185
1985-06-03,140634.01779502016
1985-06-04,140743.75142123047
1985-06-05,140762.04229693554
1985-06-06,140899.21107390145
1985-06-07,140688.8834453233
1985-06-10,140662.97389081214
1985-06-11,140591.34063544433
1985-06-12,140373.3943280601
1985-06-13,111414.90291403465
1985-06-14,111414.90291403465
1985-06-17,111414.90291403465
1985-06-18,111414.90291403465
1985-06-19,111414.90291403465
1985-06-20,111414.90291403465
1985-06-21,111414.90291403465
1985-06-24,111414.90291403465
1985-06-25,111414.90291403465
1985-06-26,111414.90291403465
1985-06-27,139261.66625546926
1985-06-28,167192.614244805
1985-07-01,167305.09646140237
1985-07-02,167281.85289677212
1985-07-03,167238.2870898638
1985-07-05,167516.21269952104
1985-07-08,167355.1177049585
1985-07-09,167170.79554136167
1985-07-10,167485.00593453285
1985-07-11,167756.36660539385
1985-07-12,167986.35828264846
1985-07-15,167960.20469821093
1985-07-16,168458.00541999223
1985-07-17,168838.2046910065
1985-07-18,168568.97587834398
1985-07-19,168762.72334252123
1985-07-22,168555.18976027865
1985-07-23,168237.31890175928
1985-07-24,110774.66629321745
1985-07-25,110774.66629321745
1985-07-26,110774.66629321745
1985-07-29,110774.66629321745
1985-07-30,110774.66629321745
1985-07-31,110774.66629321745
1985-08-01,110774.66629321745
1985-08-02,110774.66629321745
1985-08-05,110774.66629321745
1985-08-06,110774.66629321745
1985-08-07,110774.66629321745
1985-08-08,110774.66629321745
1985-08-09,110774.66629321745
1985-08-12,110774.66629321745
1985-08-13,110774.66629321745
1985-08-14,110774.66629321745
1985-08-15,110774.66629321745
1985-08-16,110774.66629321745
1985-08-19,110774.66629321745
1985-08-20,110774.66629321745
1985-08-21,110774.66629321745
1985-08-22,110774.66629321745
1985-08-23,110774.66629321745
1985-08-26,110774.66629321745
1985-08-27,110774.66629321745
1985-08-28,110774.66629321745
1985-08-29,110774.66629321745
1985-08-30,110774.66629321745
1985-09-03,110774.66629321745
1985-09-04,110774.66629321745
1985-09-05,110774.66629321745
1985-09-06,110774.66629321745
1985-09-09,110774.66629321745
1985-09-10,110774.66629321745
1985-09-11,110774.66629321745
1985-09-12,110774.66629321745
1985-09-13,110774.66629321745
1985-09-16,110774.66629321745
1985-09-17,110774.66629321745
1985-09-18,110774.66629321745
1985-09-19,110774.66629321745
1985-09-20,110774.66629321745
1985-09-23,110774.66629321745
1985-09-24,110774.66629321745
1985-09-25,110774.66629321745
1985-09-26,110774.66629321745
1985-09-30,110774.66629321745
1985-10-01,110774.66629321745
1985-10-02,110774.66629321745
1985-10-03,110774.66629321745
1985-10-04,110774.66629321745
1985-10-07,110774.66629321745
1985-10-08,110774.66629321745
1985-10-09,110774.66629321745
1985-10-10,110774.66629321745
1985-10-11,110774.66629321745
1985-10-14,110774.66629321745
1985-10-15,110774.66629321745
1985-10-16,110774.66629321745
1985-10-17,110774.66629321745
1985-10-18,110774.66629321745
1985-10-21,110774.66629321745
1985-10-22,110774.66629321745
1985-10-23,110774.66629321745
1985-10-24,110774.66629321745
1985-10-25,110774.66629321745
1985-10-28,110774.66629321745
1985-10-29,110774.66629321745
1985-10-30,138461.41048823524
1985-10-31,138424.99033766
1985-11-01,138674.10292276522
1985-11-04,138633.3125319537
1985-11-05,138796.4740951997
1985-11-06,138853.28944118065
1985-11-07,138832.89424577492
1985-11-08,166679.1959276924
1985-11-11,167410.0983506516
1985-11-12,167720.46558749102
1985-11-13,167531.55118463025
1985-11-14,167937.07050135563
1985-11-15,167890.97044379276
1985-11-18,167969.1495240025
1985-11-19,168037.15678445296
1985-11-20,168093.00581452047
1985-11-21,168657.83243977302
1985-11-22,168812.30150000413
1985-11-25,168549.5593920201
1985-11-26,168660.7844045332
1985-11-27,169163.94659460755
1985-11-29,169202.34155312835
1985-12-02,168860.93289798207
1985-12-03,168928.43442007323
1985-12-04,169751.64375397464
1985-12-05,169839.1009819767
1985-12-06,169561.771059449
1985-12-09,169773.01551245205
1985-12-10,169830.32857254372
1985-12-11,170257.70933760857
1985-12-12,170475.79936955665
1985-12-13,171257.24115583196
1985-12-16,171671.01348607737
1985-12-17,171296.0647629465
1985-12-18,171099.85786114016
1985-12-19,171148.91210637282
1985-12-20,171319.85585842642
1985-12-23,170836.1494372427
1985-12-24,113651.81352029479
1985-12-26,113651.81352029479
1985-12-27,113651.81352029479
1985-12-30,113651.81352029479
1985-12-31,113651.81352029479
1986-01-02,113651.81352029479
1986-01-03,142057.66472734942
1986-01-06,142083.83070990292
1986-01-07,170811.69985854172
1986-01-08,140894.45518918787
1986-01-09,111119.06071869335
1986-01-10,111119.06071869335
1986-01-13,111119.06071869335
1986-01-14,111119.06071869335
1986-01-15,111119.06071869335
1986-01-16,111119.06071869335
1986-01-17,111119.06071869335
1986-01-20,111119.06071869335
1986-01-21,111119.06071869335
1986-01-22,111119.06071869335
1986-01-23,111119.06071869335
1986-01-24,111119.06071869335
1986-01-27,111119.06071869335
1986-01-28,138891.88199865673
1986-01-29,139067.2545964381
1986-01-30,139033.848350355
1986-01-31,139159.11412755045
1986-02-03,139301.08302778748
1986-02-04,139334.48672533184
1986-02-05,139417.99724346216
1986-02-06,139576.66671820197
1986-02-07,139693.58348241542
1986-02-10,167616.0284591983
1986-02-11,167650.0841386113
1986-02-12,167773.42098633695
1986-02-13,168090.7134502558
1986-02-14,168585.91898071064
1986-02-18,169115.15742074783
1986-02-19,168744.5884554505
1986-02-20,169144.07404731464
1986-02-21,169665.29158845678
1986-02-24,169600.09800981253
1986-02-25,169496.04927953173
1986-02-26,169561.56417741883
1986-02-27,170146.05087618635
1986-02-28,170282.2310281018
1986-03-03,170114.615962069
1986-03-04,170164.75839030673
1986-03-05,169975.89534139892
1986-03-06,170219.3367322698
1986-03-07,170334.31114056564
1986-03-10,170606.0060360802
1986-03-11,171554.6458629382
1986-03-12,171855.8984889792
1986-03-13,171997.84461938555
1986-03-14,172546.333446063
1986-03-17,172154.53867909475
1986-03-18,172422.37826420844
1986-03-19,172415.96226376103
1986-03-20,172620.20924885385
1986-03-21,172200.8347149285
1986-03-24,172297.7711004852
1986-03-25,172102.502929039
1986-03-26,172542.4559544581
1986-03-27,172982.43540738669
1986-03-31,173090.36009474634
1986-04-01,172565.65308809484
1986-04-02,172630.5160041133
1986-04-03,172247.75783964747
1986-04-04,143155.90838624493
1986-04-07,114092.06272052825
1986-04-08,114092.06272052825
1986-04-09,114092.06272052825
1986-04-10,142607.94871619294
1986-04-11,142736.47822471737
1986-04-14,142880.1299376915
1986-04-15,142948.1775503906
1986-04-16,171909.42809919594
1986-04-17,172186.24892512645
1986-04-18,172117.28231658618
1986-04-21,172463.18476045295
1986-04-22,172152.2330695042
1986-04-23,171967.5016256384
1986-04-24,172180.74577763432
1986-04-25,172273.01741949667
1986-04-28,172297.98459586187
1986-04-29,171829.06938509297
1986-04-30,111978.11622484053
1986-05-01,111978.11622484053
1986-05-02,111978.11622484053
1986-05-05,111978.11622484053
1986-05-06,111978.11622484053
1986-05-07,111978.11622484053
1986-05-08,111978.11622484053
1986-05-09,111978.11622484053
1986-05-12,111978.11622484053
1986-05-13,111978.11622484053
1986-05-14,111978.11622484053
1986-05-15,111978.11622484053
1986-05-16,111978.11622484053
1986-05-19,111978.11622484053
1986-05-20,111978.11622484053
1986-05-21,111978.11622484053
1986-05-22,111978.11622484053
1986-05-23,111978.11622484053
1986-05-27,139965.647698424
1986-05-28,168115.50383195656
1986-05-29,168325.4148254138
1986-05-30,168409.85420273285
1986-06-02,168090.98974225143
1986-06-03,168151.4177892668
1986-06-04,167944.89060556403
1986-06-05,168202.74585892062
1986-06-06,168226.27910789853
1986-06-09,109416.56199685462
1986-06-10,109416.56199685462
1986-06-11,109416.56199685462
1986-06-12,109416.56199685462
1986-06-13,109416.56199685462
1986-06-16,109416.56199685462
1986-06-17,109416.56199685462
1986-06-18,109416.56199685462
1986-06-19,109416.56199685462
1986-06-20,109416.56199685462
1986-06-23,109416.56199685462
1986-06-24,109416.56199685462
1986-06-25,136763.8649865699
1986-06-26,136811.46450228413
1986-06-27,136859.06609322684
1986-06-30,164334.8871530265
1986-07-01,164608.52680737013
1986-07-02,164809.68936599023
1986-07-03,164826.07336672366
1986-07-07,106816.76722539327
1986-07-08,106816.76722539327
1986-07-09,106816.76722539327
1986-07-10,106816.76722539327
1986-07-11,106816.76722539327
1986-07-14,106816.76722539327
1986-07-15,106816.76722539327
1986-07-16,106816.76722539327
1986-07-17,106816.76722539327
1986-07-18,106816.76722539327
1986-07-21,106816.76722539327
1986-07-22,106816.76722539327
1986-07-23,106816.76722539327
1986-07-24,106816.76722539327
1986-07-25,106816.76722539327
1986-07-28,106816.76722539327
1986-07-29,106816.76722539327
1986-07-30,106816.76722539327
1986-07-31,106816.76722539327
1986-08-01,106816.76722539327
1986-08-04,106816.76722539327
1986-08-05,106816.76722539327
1986-08-06,106816.76722539327
1986-08-07,106816.76722539327
1986-08-08,106816.76722539327
1986-08-11,106816.76722539327
1986-08-12,106816.76722539327
1986-08-13,106816.76722539327
1986-08-14,106816.76722539327
1986-08-15,106816.76722539327
1986-08-18,106816.76722539327
1986-08-19,106816.76722539327
1986-08-20,106816.76722539327
1986-08-21,106816.76722539327
1986-08-22,106816.76722539327
1986-08-25,106816.76722539327
1986-08-26,106816.76722539327
1986-08-27,133514.28398504702
1986-08-28,133465.79497979014
1986-08-29,133475.2814345951
1986-09-02,133010.42745654413
1986-09-03,133174.86577350573
1986-09-04,133570.1508079014
1986-09-05,133215.9753527461
1986-09-08,132970.371391698
1986-09-09,132920.82887204687
1986-09-10,105492.68249440659
1986-09-11,105492.68249440659
1986-09-12,105492.68249440659
1986-09-15,105492.68249440659
1986-09-16,105492.68249440659
1986-09-17,105492.68249440659
1986-09-18,105492.68249440659
1986-09-19,105492.68249440659
1986-09-22,105492.68249440659
1986-09-23,105492.68249440659
1986-09-24,105492.68249440659
1986-09-25,105492.68249440659
1986-09-26,105492.68249440659
1986-09-29,105492.68249440659
1986-09-30,105492.68249440659
1986-10-01,105492.68249440659
1986-10-02,105492.68249440659
1986-10-03,105492.68249440659
1986-10-06,105492.68249440659
1986-10-07,105492.68249440659
1986-10-08,105492.68249440659
1986-10-09,105492.68249440659
1986-10-10,105492.68249440659
1986-10-13,105492.68249440659
1986-10-14,105492.68249440659
1986-10-15,105492.68249440659
1986-10-16,105492.68249440659
1986-10-17,105492.68249440659
1986-10-20,105492.68249440659
1986-10-21,105492.68249440659
1986-10-22,105492.68249440659
1986-10-23,105492.68249440659
1986-10-24,105492.68249440659
1986-10-27,105492.68249440659
1986-10-28,105492.68249440659
1986-10-29,105492.68249440659
1986-10-30,105492.68249440659
1986-10-31,105492.68249440659
1986-11-03,105492.68249440659
1986-11-04,105492.68249440659
1986-11-05,105492.68249440659
1986-11-06,105492.68249440659
1986-11-07,105492.68249440659
1986-11-10,105492.68249440659
1986-11-11,105492.68249440659
1986-11-12,105492.68249440659
1986-11-13,105492.68249440659
1986-11-14,105492.68249440659
1986-11-17,105492.68249440659
1986-11-18,105492.68249440659
1986-11-19,105492.68249440659
1986-11-20,105492.68249440659
1986-11-21,105492.68249440659
1986-11-24,105492.68249440659
1986-11-25,105492.68249440659
1986-11-26,131859.2608141979
1986-11-28,131906.95975772943
1986-12-01,131888.9402287245
1986-12-02,132413.63184238502
1986-12-03,132397.73273367676
1986-12-04,132311.87269443186
1986-12-05,132113.65625797067
1986-12-08,132112.5968565257
1986-12-09,131913.31940121274
1986-12-10,132091.3975057791
1986-12-11,131795.66114455133
1986-12-12,131708.74332126824
1986-12-15,131799.9019851447
1986-12-16,131993.87758101252
1986-12-17,131731.0020734598
1986-12-18,104624.41335925538
1986-12-19,104624.41335925538
1986-12-22,104624.41335925538
1986-12-23,104624.41335925538
1986-12-24,104624.41335925538
1986-12-26,104624.41335925538
1986-12-29,104624.41335925538
1986-12-30,104624.41335925538
1986-12-31,104624.41335925538
1987-01-02,104624.41335925538
1987-01-05,104624.41335925538
1987-01-06,104624.41335925538
1987-01-07,130773.97865394104
1987-01-08,157122.61878372426
1987-01-09,157492.81897513635
1987-01-12,157986.14576006794
1987-01-13,158012.6470918262
1987-01-14,158537.5631118964
1987-01-15,159009.58881677626
1987-01-16,158903.46057925723
1987-01-19,159403.92576845537
1987-01-20,159338.56172894832
1987-01-21,159042.4615355436
1987-01-22,159913.57462292022
1987-01-23,159454.05997955124
1987-01-26,159112.9113643085
1987-01-27,159730.9231908732
1987-01-28,159983.05537540506
1987-01-29,159794.96640955738
1987-01-30,159854.78157857858
1987-02-02,160450.83731941658
1987-02-03,160556.12454018713
1987-02-04,161186.29880948339
1987-02-05,161515.1726336684
1987-02-06,161490.51450388774
1987-02-09,161221.75141910368
1987-02-10,160745.9255227173
1987-02-11,161331.437326149
1987-02-12,161197.12961487615
1987-02-13,161843.63397415873
1987-02-17,162831.54417022865
1987-02-18,162748.17324712442
1987-02-19,162756.60839535884
1987-02-20,162761.24647785033
1987-02-23,162305.17715568145
1987-02-24,162508.79464608367
1987-02-25,162872.90263476374
1987-02-26,162898.002894681
1987-02-27,163170.49115983958
1987-03-02,162971.37633838865
1987-03-03,163065.31003586808
1987-03-04,163740.9773080052
1987-03-05,164094.9171806769
1987-03-06,164143.89596767555
1987-03-09,163715.12641693314
1987-03-10,164157.45111659841
1987-03-11,164239.669741369
1987-03-12,164409.08043184184
1987-03-13,164238.218746892
1987-03-16,163991.98929151145
1987-03-17,164696.4446667462
1987-03-18,164735.12415244133
1987-03-19,165013.75454296792
1987-03-20,165612.792523778
1987-03-23,165808.20100182333
1987-03-24,165864.29411623353
1987-03-25,165693.67182750042
1987-03-26,165833.1358650149
1987-03-27,165196.01790491887
1987-03-30,109643.2896808913
1987-03-31,109643.2896808913
1987-04-01,109643.2896808913
1987-04-02,109643.2896808913
1987-04-03,109643.2896808913
1987-04-06,109643.2896808913
1987-04-07,109643.2896808913
1987-04-08,109643.2896808913
1987-04-09,109643.2896808913
1987-04-10,109643.2896808913
1987-04-13,109643.2896808913
1987-04-14,109643.2896808913
1987-04-15,109643.2896808913
1987-04-16,109643.2896808913
1987-04-20,109643.2896808913
1987-04-21,109643.2896808913
1987-04-22,109643.2896808913
1987-04-23,109643.2896808913
1987-04-24,109643.2896808913
1987-04-27,109643.2896808913
1987-04-28,109643.2896808913
1987-04-29,109643.2896808913
1987-04-30,109643.2896808913
1987-05-01,109643.2896808913
1987-05-04,109643.2896808913
1987-05-05,109643.2896808913
1987-05-06,109643.2896808913
1987-05-07,109643.2896808913
1987-05-08,109643.2896808913
1987-05-11,109643.2896808913
1987-05-12,109643.2896808913
1987-05-13,109643.2896808913
1987-05-14,109643.2896808913
1987-05-15,109643.2896808913
1987-05-18,109643.2896808913
1987-05-19,109643.2896808913
1987-05-20,109643.2896808913
1987-05-21,109643.2896808913
1987-05-22,109643.2896808913
1987-05-26,109643.2896808913
1987-05-27,109643.2896808913
1987-05-28,109643.2896808913
1987-05-29,109643.2896808913
1987-06-01,109643.2896808913
1987-06-02,109643.2896808913
1987-06-03,109643.2896808913
1987-06-04,109643.2896808913
1987-06-05,109643.2896808913
1987-06-08,109643.2896808913
1987-06-09,109643.2896808913
1987-06-10,109643.2896808913
1987-06-11,109643.2896808913
1987-06-12,109643.2896808913
1987-06-15,109643.2896808913
1987-06-16,137047.26042326077
1987-06-17,137051.75576704668
1987-06-18,137130.89357743153
1987-06-19,137246.00237133403
1987-06-22,137487.0109797533
1987-06-23,137377.29769615794
1987-06-24,137236.10877283086
1987-06-25,137424.95986681108
1987-06-26,137263.0890687767
1987-06-29,137329.63552550483
1987-06-30,136978.91363349016
1987-07-01,136883.5892921839
1987-07-02,137125.4980671244
1987-07-06,137061.64936554985
1987-07-07,137284.67111000523
1987-07-08,137364.70908691135
1987-07-09,137295.4621306195
1987-07-10,137371.9021858508
1987-07-13,137305.35572912268
1987-07-14,164982.9233117564
1987-07-15,164965.90130163374
1987-07-16,165298.08356100754
1987-07-17,165525.2623220005
1987-07-20,165078.56091635913
1987-07-21,136096.34874017787
1987-07-22,136089.1556412384
1987-07-23,107775.37388589873
1987-07-24,107775.37388589873
1987-07-27,107775.37388589873
1987-07-28,107775.37388589873
1987-07-29,134712.48240674814
1987-07-30,134917.31485669373
1987-07-31,161905.81311864144
1987-08-03,161701.2879880974
1987-08-04,161568.3391090945
1987-08-05,161974.6111672881
1987-08-06,162564.01788113944
1987-08-07,162815.1263274601
1987-08-10,163409.1073866655
1987-08-11,164056.0306548865
1987-08-12,163963.4192837731
1987-08-13,164304.96537099557
1987-08-14,164248.63599145802
1987-08-17,164265.07192865235
1987-08-18,163546.76286222256
1987-08-19,163670.5957013985
1987-08-20,164395.51231643232
1987-08-21,164634.64537133367
1987-08-24,164328.5806785957
1987-08-25,164702.70220115274
1987-08-26,164527.32772769127
1987-08-27,164286.04199878528
1987-08-28,135935.89504403813
1987-08-31,136041.19936450606
1987-09-01,135886.341181676
1987-09-02,107510.87755474384
1987-09-03,107510.87755474384
1987-09-04,107510.87755474384
1987-09-08,107510.87755474384
1987-09-09,107510.87755474384
1987-09-10,107510.87755474384
1987-09-11,134381.87852134593
1987-09-14,134364.54462762206
1987-09-15,106838.29974121062
1987-09-16,106838.29974121062
1987-09-17,106838.29974121062
1987-09-18,106838.29974121062
1987-09-21,106838.29974121062
1987-09-22,106838.29974121062
1987-09-23,106838.29974121062
1987-09-24,106838.29974121062
1987-09-25,106838.29974121062
1987-09-28,106838.29974121062
1987-09-29,106838.29974121062
1987-09-30,106838.29974121062
1987-10-01,133541.1982842383
1987-10-02,133647.14927333893
1987-10-05,133718.81983358637
1987-10-06,133355.78821384694
1987-10-07,105986.4512028786
1987-10-08,105986.4512028786
1987-10-09,105986.4512028786
1987-10-12,105986.4512028786
1987-10-13,105986.4512028786
1987-10-14,105986.4512028786
1987-10-15,105986.4512028786
1987-10-16,105986.4512028786
1987-10-19,105986.4512028786
1987-10-20,105986.4512028786
1987-10-21,105986.4512028786
1987-10-22,105986.4512028786
1987-10-23,105986.4512028786
1987-10-26,105986.4512028786
1987-10-27,105986.4512028786
1987-10-28,105986.4512028786
1987-10-29,105986.4512028786
1987-10-30,105986.4512028786
1987-11-02,105986.4512028786
1987-11-03,105986.4512028786
1987-11-04,105986.4512028786
1987-11-05,105986.4512028786
1987-11-06,105986.4512028786
1987-11-09,105986.4512028786
1987-11-10,105986.4512028786
1987-11-11,105986.4512028786
1987-11-12,105986.4512028786
1987-11-13,105986.4512028786
1987-11-16,105986.4512028786
1987-11-17,105986.4512028786
1987-11-18,105986.4512028786
1987-11-19,105986.4512028786
1987-11-20,105986.4512028786
1987-11-23,105986.4512028786
1987-11-24,105986.4512028786
1987-11-25,105986.4512028786
1987-11-27,105986.4512028786
1987-11-30,105986.4512028786
1987-12-01,105986.4512028786
1987-12-02,105986.4512028786
1987-12-03,105986.4512028786
1987-12-04,105986.4512028786
1987-12-07,105986.4512028786
1987-12-08,105986.4512028786
1987-12-09,105986.4512028786
1987-12-10,105986.4512028786
1987-12-11,105986.4512028786
1987-12-14,105986.4512028786
1987-12-15,105986.4512028786
1987-12-16,105986.4512028786
1987-12-17,105986.4512028786
1987-12-18,105986.4512028786
1987-12-21,105986.4512028786
1987-12-22,105986.4512028786
1987-12-23,105986.4512028786
1987-12-24,105986.4512028786
1987-12-28,105986.4512028786
1987-12-29,105986.4512028786
1987-12-30,105986.4512028786
1987-12-31,105986.4512028786
1988-01-04,105986.4512028786
1988-01-05,105986.4512028786
1988-01-06,105986.4512028786
1988-01-07,105986.4512028786
1988-01-08,105986.4512028786
1988-01-11,105986.4512028786
1988-01-12,105986.4512028786
1988-01-13,105986.4512028786
1988-01-14,105986.4512028786
1988-01-15,105986.4512028786
1988-01-18,105986.4512028786
1988-01-19,105986.4512028786
1988-01-20,105986.4512028786
1988-01-21,105986.4512028786
1988-01-22,105986.4512028786
1988-01-25,105986.4512028786
1988-01-26,105986.4512028786
1988-01-27,105986.4512028786
1988-01-28,105986.4512028786
1988-01-29,105986.4512028786
1988-02-01,105986.4512028786
1988-02-02,105986.4512028786
1988-02-03,105986.4512028786
1988-02-04,105986.4512028786
1988-02-05,105986.4512028786
1988-02-08,105986.4512028786
1988-02-09,105986.4512028786
1988-02-10,105986.4512028786
1988-02-11,105986.4512028786
1988-02-12,105986.4512028786
1988-02-16,105986.4512028786
1988-02-17,105986.4512028786
1988-02-18,105986.4512028786
1988-02-19,132476.44084387203
1988-02-22,132706.58328969247
1988-02-23,132736.8670549327
1988-02-24,132918.55732463035
1988-02-25,133037.66545877518
1988-02-26,133069.9669095237
1988-02-29,133459.5958431426
1988-03-01,133491.89421345523
1988-03-02,133713.9628368065
1988-03-03,133792.6956977336
1988-03-04,133855.27783328644
1988-03-07,134057.15727981093
1988-03-08,134319.6011763799
1988-03-09,134578.00662149634
1988-03-10,134349.88186118423
1988-03-11,134366.0325865585
1988-03-14,134416.5024481896
1988-03-15,134436.6916250164
1988-03-16,134632.51493458002
1988-03-17,134789.98065643423
1988-03-18,134796.0367933951
1988-03-21,134642.6095229934
1988-03-22,134721.3423839205
1988-03-23,134866.695831853
1988-03-24,134535.61058233443
1988-03-25,107455.12314923017
1988-03-28,107455.12314923017
1988-03-29,107455.12314923017
1988-03-30,107455.12314923017
1988-03-31,107455.12314923017
1988-04-04,107455.12314923017
1988-04-05,107455.12314923017
1988-04-06,107455.12314923017
1988-04-07,107455.12314923017
1988-04-08,134312.18899858158
1988-04-11,134422.16231254343
1988-04-12,161395.98760682778
1988-04-13,161373.61808025895
1988-04-14,104978.86462241484
1988-04-15,104978.86462241484
1988-04-18,104978.86462241484
1988-04-19,104978.86462241484
1988-04-20,104978.86462241484
1988-04-21,104978.86462241484
1988-04-22,104978.86462241484
1988-04-25,104978.86462241484
1988-04-26,104978.86462241484
1988-04-27,104978.86462241484
1988-04-28,104978.86462241484
1988-04-29,104978.86462241484
1988-05-02,104978.86462241484
1988-05-03,104978.86462241484
1988-05-04,104978.86462241484
1988-05-05,104978.86462241484
1988-05-06,104978.86462241484
1988-05-09,104978.86462241484
1988-05-10,104978.86462241484
1988-05-11,104978.86462241484
1988-05-12,104978.86462241484
1988-05-13,104978.86462241484
1988-05-16,104978.86462241484
1988-05-17,104978.86462241484
1988-05-18,104978.86462241484
1988-05-19,104978.86462241484
1988-05-20,104978.86462241484
1988-05-23,104978.86462241484
1988-05-24,104978.86462241484
1988-05-25,104978.86462241484
1988-05-26,104978.86462241484
1988-05-27,104978.86462241484
1988-05-31,104978.86462241484
1988-06-01,104978.86462241484
1988-06-02,104978.86462241484
1988-06-03,104978.86462241484
1988-06-06,104978.86462241484
1988-06-07,104978.86462241484
1988-06-08,131217.02058300888
1988-06-09,157602.1747912574
1988-06-10,157815.39307967448
1988-06-13,157890.923388638
1988-06-14,184346.38973645546
1988-06-15,184444.8941194215
1988-06-16,183723.8994895841
1988-06-17,183757.68958780367
1988-06-20,183546.04650960633
1988-06-21,183996.6294741371
1988-06-22,184746.19123945764
1988-06-23,184757.57009529788
1988-06-24,184749.4375890266
1988-06-27,184032.30292133993
1988-06-28,184662.45925642888
1988-06-29,184547.83615088556
1988-06-30,185306.89181656844
1988-07-01,185093.7387805465
1988-07-05,185619.78100297012
1988-07-06,185167.67493730335
1988-07-07,185163.10331208285
1988-07-08,184921.4934481437
1988-07-11,184956.36819134414
1988-07-12,184581.90350976336
1988-07-13,184720.3428122219
1988-07-14,184969.94385706016
1988-07-15,185210.2581392615
1988-07-18,185049.2979834195
1988-07-19,184483.91037725605
1988-07-20,184724.56609380923
1988-07-21,129879.95603715305
1988-07-22,103091.63431484909
1988-07-25,103091.63431484909
1988-07-26,103091.63431484909
1988-07-27,103091.63431484909
1988-07-28,103091.63431484909
1988-07-29,103091.63431484909
1988-08-01,103091.63431484909
1988-08-02,103091.63431484909
1988-08-03,103091.63431484909
1988-08-04,103091.63431484909
1988-08-05,103091.63431484909
1988-08-08,103091.63431484909
1988-08-09,103091.63431484909
1988-08-10,103091.63431484909
1988-08-11,103091.63431484909
1988-08-12,103091.63431484909
1988-08-15,103091.63431484909
1988-08-16,103091.63431484909
1988-08-17,103091.63431484909
1988-08-18,103091.63431484909
1988-08-19,103091.63431484909
1988-08-22,103091.63431484909
1988-08-23,103091.63431484909
1988-08-24,103091.63431484909
1988-08-25,103091.63431484909
1988-08-26,103091.63431484909
1988-08-29,103091.63431484909
1988-08-30,103091.63431484909
1988-08-31,103091.63431484909
1988-09-01,103091.63431484909
1988-09-02,103091.63431484909
1988-09-06,103091.63431484909
1988-09-07,103091.63431484909
1988-09-08,103091.63431484909
1988-09-09,103091.63431484909
1988-09-12,103091.63431484909
1988-09-13,103091.63431484909
1988-09-14,103091.63431484909
1988-09-15,103091.63431484909
1988-09-16,103091.63431484909
1988-09-19,103091.63431484909
1988-09-20,103091.63431484909
1988-09-21,103091.63431484909
1988-09-22,103091.63431484909
1988-09-23,103091.63431484909
1988-09-26,103091.63431484909
1988-09-27,103091.63431484909
1988-09-28,103091.63431484909
1988-09-29,103091.63431484909
1988-09-30,103091.63431484909
1988-10-03,103091.63431484909
1988-10-04,103091.63431484909
1988-10-05,103091.63431484909
1988-10-06,103091.63431484909
1988-10-07,128858.1006327558
1988-10-10,128873.85312976548
1988-10-11,128845.1253264218
1988-10-12,128479.07632364728
1988-10-13,128593.98753702204
1988-10-14,128619.93532159363
1988-10-17,128704.26632847544
1988-10-18,128979.49949929756
1988-10-19,128756.16189761864
1988-10-20,129303.84822049078
1988-10-21,129376.13153666141
1988-10-24,129248.24501695266
1988-10-25,129257.51268889174
1988-10-26,129164.84162569368
1988-10-27,128784.88970096233
1988-10-28,128900.72852995992
1988-10-31,128941.50402401478
1988-11-01,128949.84408033104
1988-11-02,128949.84408033104
1988-11-03,128962.81938666504
1988-11-04,102210.06565084195
1988-11-07,102210.06565084195
1988-11-08,102210.06565084195
1988-11-09,102210.06565084195
1988-11-10,102210.06565084195
1988-11-11,102210.06565084195
1988-11-14,102210.06565084195
1988-11-15,102210.06565084195
1988-11-16,102210.06565084195
1988-11-17,102210.06565084195
1988-11-18,102210.06565084195
1988-11-21,102210.06565084195
1988-11-22,102210.06565084195
1988-11-23,102210.06565084195
1988-11-25,102210.06565084195
1988-11-28,102210.06565084195
1988-11-29,102210.06565084195
1988-11-30,102210.06565084195
1988-12-01,102210.06565084195
1988-12-02,102210.06565084195
1988-12-05,102210.06565084195
1988-12-06,102210.06565084195
1988-12-07,102210.06565084195
1988-12-08,102210.06565084195
1988-12-09,102210.06565084195
1988-12-12,102210.06565084195
1988-12-13,102210.06565084195
1988-12-14,102210.06565084195
1988-12-15,102210.06565084195
1988-12-16,102210.06565084195
1988-12-19,102210.06565084195
1988-12-20,102210.06565084195
1988-12-21,102210.06565084195
1988-12-22,102210.06565084195
1988-12-23,102210.06565084195
1988-12-27,102210.06565084195
1988-12-28,102210.06565084195
1988-12-29,102210.06565084195
1988-12-30,102210.06565084195
1989-01-03,102210.06565084195
1989-01-04,102210.06565084195
1989-01-05,102210.06565084195
1989-01-06,127756.19489252492
1989-01-09,127716.97652425584
1989-01-10,127653.88316446304
1989-01-11,127660.70533401133
1989-01-12,127752.78380775076
1989-01-13,127773.24511260501
1989-01-16,127776.65619737915
1989-01-17,127734.02674433593
1989-01-18,179017.05553168303
1989-01-19,179273.89687600598
1989-01-20,179307.10351557707
1989-01-23,178928.77584509127
1989-01-24,179499.47530534444
1989-01-25,179746.792164499
1989-01-26,180303.9862823598
1989-01-27,180621.23317411682
1989-01-30,180821.43643063912
1989-01-31,181322.04368245514
1989-02-01,181503.35068274813
1989-02-02,181707.932254118
1989-02-03,181926.2408607899
1989-02-06,181798.286123236
1989-02-07,182543.4480799403
1989-02-08,182404.5196999524
1989-02-09,181993.4513245031
1989-02-10,102290.495729537
1989-02-13,102290.495729537
1989-02-14,102290.495729537
1989-02-15,102290.495729537
1989-02-16,102290.495729537
1989-02-17,102290.495729537
1989-02-21,102290.495729537
1989-02-22,102290.495729537
1989-02-23,102290.495729537
1989-02-24,102290.495729537
1989-02-27,102290.495729537
1989-02-28,102290.495729537
1989-03-01,102290.495729537
1989-03-02,102290.495729537
1989-03-03,102290.495729537
1989-03-06,102290.495729537
1989-03-07,127856.72746476773
1989-03-08,127916.78159422195
1989-03-09,127900.55202022352
1989-03-10,127892.43599489272
1989-03-13,127929.76673941858
1989-03-14,127889.18908942776
1989-03-15,127986.57644007105
1989-03-16,128137.52410923861
1989-03-17,101750.32162474042
1989-03-20,101750.32162474042
1989-03-21,101750.32162474042
1989-03-22,101750.32162474042
1989-03-23,101750.32162474042
1989-03-27,101750.32162474042
1989-03-28,101750.32162474042
1989-03-29,101750.32162474042
1989-03-30,101750.32162474042
1989-03-31,101750.32162474042
1989-04-03,101750.32162474042
1989-04-04,101750.32162474042
1989-04-05,101750.32162474042
1989-04-06,101750.32162474042
1989-04-07,127181.54358959018
1989-04-10,152636.90062794532
1989-04-11,152924.28724581623
1989-04-12,153200.88594035266
1989-04-13,152980.95658779028
1989-04-14,178821.67998907948
1989-04-17,178829.54343774536
1989-04-18,179505.99751079886
1989-04-19,179702.78996751827
1989-04-20,179617.7359619703
1989-04-21,180163.6266706636
1989-04-24,180045.64131899743
1989-04-25,179849.36184952752
1989-04-26,179958.9398997309
1989-04-27,180464.43401778696
1989-04-28,180619.99569843226
1989-05-01,180509.3102594192
1989-05-02,180495.75561303354
1989-05-03,180585.35679683145
1989-05-04,180639.41826052906
1989-05-05,180806.52985854016
1989-05-08,180505.80523515205
1989-05-09,180431.62991683517
1989-05-10,180572.89888808024
1989-05-11,180797.27373322134
1989-05-12,181809.49062296993
1989-05-15,182123.883127368
1989-05-16,182007.48763558164
1989-05-17,182529.23509552225
1989-05-18,182765.92883470363
1989-05-19,183287.99724497876
1989-05-22,183312.73122613787
1989-05-23,182831.40274902416
1989-05-24,183048.0983322651
1989-05-25,183239.4055284845
1989-05-26,183728.01963978074
1989-05-30,183383.15253653674
1989-05-31,183782.58525375903
1989-06-01,184173.76240225846
1989-06-02,184838.80928162258
1989-06-05,184143.0771538528
1989-06-06,184310.07138824975
1989-06-07,184983.61429322715
1989-06-08,185062.52888018853
1989-06-09,185061.21719704644
1989-06-12,184996.68727774674
1989-06-13,184521.20137720986
1989-06-14,184469.97805398487
1989-06-15,131274.78794965782
1989-06-16,131381.96795198155
1989-06-19,131427.54057167392
1989-06-20,131373.528196416
1989-06-21,131308.54697191992
1989-06-22,131463.8286876087
1989-06-23,131943.1769284895
1989-06-26,131825.02807692759
1989-06-27,131980.30979261635
1989-06-28,131758.3573560473
1989-06-29,104991.69682395516
1989-06-30,104991.69682395516
1989-07-03,104991.69682395516
1989-07-05,104991.69682395516
1989-07-06,104991.69682395516
1989-07-07,104991.69682395516
1989-07-10,104991.69682395516
1989-07-11,104991.69682395516
1989-07-12,104991.69682395516
1989-07-13,104991.69682395516
1989-07-14,131233.06003304198
1989-07-17,131280.51227785597
1989-07-18,131194.30853297925
1989-07-19,157781.41405594043
1989-07-20,157574.18711472675
1989-07-21,157767.7242346993
1989-07-24,157440.6176207605
1989-07-25,157439.13400444807
1989-07-26,157860.87741495811
1989-07-27,158297.59678273433
1989-07-28,158293.6687482089
1989-07-31,158661.7613417579
1989-08-01,158435.2827608934
1989-08-02,158506.0632468998
1989-08-03,184925.47884287933
1989-08-04,184892.3636785624
1989-08-07,185755.9250592464
1989-08-08,185853.63016909763
1989-08-09,185621.89059703797
1989-08-10,185844.16414126597
1989-08-11,185428.01731855617
1989-08-14,185020.41395786603
1989-08-15,185222.1958874372
1989-08-16,185299.12027092563
1989-08-17,185170.2623050359
1989-08-18,185407.85945438925
1989-08-21,130727.91316267475
1989-08-22,130733.65714991442
1989-08-23,130923.19821191071
1989-08-24,157259.1123220976
1989-08-25,157236.56342667862
1989-08-28,157376.0987210499
1989-08-29,157174.59368181933
1989-08-30,157332.36970506547
1989-08-31,183543.23060344346
1989-09-01,183902.06213761785
1989-09-05,183837.05196287038
1989-09-06,183368.90571104543
1989-09-07,183369.7400536026
1989-09-08,183598.98307035555
1989-09-11,183338.21547608433
1989-09-12,183586.52041447416
1989-09-13,183331.44676575295
1989-09-14,155808.56496695132
1989-09-15,129050.5794064219
1989-09-18,129010.373248563
1989-09-19,129021.86122304235
1989-09-20,128998.88702690248
1989-09-21,129016.11723580268
1989-09-22,129079.29758980144
1989-09-25,128998.88702690248
1989-09-26,129062.06562808242
1989-09-27,129062.06562808242
1989-09-28,129251.60669007871
1989-09-29,129354.99144911756
1989-10-02,129487.09614435476
1989-10-03,155149.6584766669
1989-10-04,155425.125839767
1989-10-05,181049.00743425766
1989-10-06,181421.16559319533
1989-10-09,181662.08849968118
1989-10-10,181449.53534549088
1989-10-11,181106.78828484315
1989-10-12,180966.00941642147
1989-10-13,97732.03902407845
1989-10-16,97732.03902407845
1989-10-17,97732.03902407845
1989-10-18,97732.03902407845
1989-10-19,97732.03902407845
1989-10-20,97732.03902407845
1989-10-23,97732.03902407845
1989-10-24,97732.03902407845
1989-10-25,97732.03902407845
1989-10-26,97732.03902407845
1989-10-27,97732.03902407845
1989-10-30,97732.03902407845
1989-10-31,97732.03902407845
1989-11-01,97732.03902407845
1989-11-02,97732.03902407845
1989-11-03,97732.03902407845
1989-11-06,97732.03902407845
1989-11-07,97732.03902407845
1989-11-08,97732.03902407845
1989-11-09,97732.03902407845
1989-11-10,97732.03902407845
1989-11-13,97732.03902407845
1989-11-14,97732.03902407845
1989-11-15,97732.03902407845
1989-11-16,97732.03902407845
1989-11-17,97732.03902407845
1989-11-20,97732.03902407845
1989-11-21,97732.03902407845
1989-11-22,97732.03902407845
1989-11-24,97732.03902407845
1989-11-27,97732.03902407845
1989-11-28,97732.03902407845
1989-11-29,97732.03902407845
1989-11-30,97732.03902407845
1989-12-01,97732.03902407845
1989-12-04,97732.03902407845
1989-12-05,97732.03902407845
1989-12-06,97732.03902407845
1989-12-07,97732.03902407845
1989-12-08,97732.03902407845
1989-12-11,97732.03902407845
1989-12-12,97732.03902407845
1989-12-13,97732.03902407845
1989-12-14,97732.03902407845
1989-12-15,97732.03902407845
1989-12-18,97732.03902407845
1989-12-19,97732.03902407845
1989-12-20,97732.03902407845
1989-12-21,97732.03902407845
1989-12-22,97732.03902407845
1989-12-26,97732.03902407845
1989-12-27,97732.03902407845
1989-12-28,97732.03902407845
1989-12-29,97732.03902407845
1990-01-02,122158.94144375951
1990-01-03,122095.77840864776
1990-01-04,121885.91272661816
1990-01-05,121650.23795772069
1990-01-08,121758.22697433674
1990-01-09,96187.90041613983
1990-01-10,96187.90041613983
1990-01-11,96187.90041613983
1990-01-12,96187.90041613983
1990-01-15,96187.90041613983
1990-01-16,96187.90041613983
1990-01-17,96187.90041613983
1990-01-18,96187.90041613983
1990-01-19,96187.90041613983
1990-01-22,96187.90041613983
1990-01-23,96187.90041613983
1990-01-24,96187.90041613983
1990-01-25,96187.90041613983
1990-01-26,96187.90041613983
1990-01-29,96187.90041613983
1990-01-30,96187.90041613983
1990-01-31,96187.90041613983
1990-02-01,96187.90041613983
1990-02-02,96187.90041613983
1990-02-05,96187.90041613983
1990-02-06,96187.90041613983
1990-02-07,96187.90041613983
1990-02-08,96187.90041613983
1990-02-09,96187.90041613983
1990-02-12,96187.90041613983
1990-02-13,96187.90041613983
1990-02-14,96187.90041613983
1990-02-15,96187.90041613983
1990-02-16,96187.90041613983
1990-02-20,96187.90041613983
1990-02-21,96187.90041613983
1990-02-22,96187.90041613983
1990-02-23,96187.90041613983
1990-02-26,96187.90041613983
1990-02-27,96187.90041613983
1990-02-28,96187.90041613983
1990-03-01,96187.90041613983
1990-03-02,96187.90041613983
1990-03-05,96187.90041613983
1990-03-06,96187.90041613983
1990-03-07,96187.90041613983
1990-03-08,96187.90041613983
1990-03-09,96187.90041613983
1990-03-12,96187.90041613983
1990-03-13,96187.90041613983
1990-03-14,96187.90041613983
1990-03-15,96187.90041613983
1990-03-16,96187.90041613983
1990-03-19,96187.90041613983
1990-03-20,96187.90041613983
1990-03-21,96187.90041613983
1990-03-22,96187.90041613983
1990-03-23,96187.90041613983
1990-03-26,96187.90041613983
1990-03-27,96187.90041613983
1990-03-28,96187.90041613983
1990-03-29,96187.90041613983
1990-03-30,96187.90041613983
1990-04-02,96187.90041613983
1990-04-03,96187.90041613983
1990-04-04,96187.90041613983
1990-04-05,96187.90041613983
1990-04-06,96187.90041613983
1990-04-09,96187.90041613983
1990-04-10,96187.90041613983
1990-04-11,96187.90041613983
1990-04-12,96187.90041613983
1990-04-16,96187.90041613983
1990-04-17,96187.90041613983
1990-04-18,96187.90041613983
1990-04-19,96187.90041613983
1990-04-20,96187.90041613983
1990-04-23,96187.90041613983
1990-04-24,96187.90041613983
1990-04-25,96187.90041613983
1990-04-26,96187.90041613983
1990-04-27,96187.90041613983
1990-04-30,96187.90041613983
1990-05-01,96187.90041613983
1990-05-02,96187.90041613983
1990-05-03,96187.90041613983
1990-05-04,96187.90041613983
1990-05-07,96187.90041613983
1990-05-08,96187.90041613983
1990-05-09,96187.90041613983
1990-05-10,96187.90041613983
1990-05-11,120228.8646780251
1990-05-14,120416.70349520279
1990-05-15,120384.60005034137
1990-05-16,120365.47472688161
1990-05-17,120397.57817174305
1990-05-18,144449.5542709964
1990-05-21,144925.76098708503
1990-05-22,169048.5250361152
1990-05-23,169351.55152865592
1990-05-24,169386.6543232038
1990-05-25,168784.88821685826
1990-05-29,169534.13366441627
1990-05-30,169685.77149234503
1990-05-31,169756.27990203135
1990-06-01,170167.94627259095
1990-06-04,170777.54068569973
1990-06-05,170615.92688375292
1990-06-06,170476.61785156513
1990-06-07,170288.90295885922
1990-06-08,169688.92237443908
1990-06-11,170013.27712997928
1990-06-12,170667.79418939992
1990-06-13,170819.70361927908
1990-06-14,170552.05370621703
1990-06-15,170618.37076299713
1990-06-18,144623.33515648657
1990-06-19,120107.7683541328
1990-06-20,120123.8569934078
1990-06-21,120150.67248332454
1990-06-22,94892.75221710374
1990-06-25,94892.75221710374
1990-06-26,94892.75221710374
1990-06-27,94892.75221710374
1990-06-28,94892.75221710374
1990-06-29,94892.75221710374
1990-07-02,94892.75221710374
1990-07-03,94892.75221710374
1990-07-05,94892.75221710374
1990-07-06,94892.75221710374
1990-07-09,94892.75221710374
1990-07-10,94892.75221710374
1990-07-11,94892.75221710374
1990-07-12,94892.75221710374
1990-07-13,94892.75221710374
1990-07-16,94892.75221710374
1990-07-17,94892.75221710374
1990-07-18,94892.75221710374
1990-07-19,94892.75221710374
1990-07-20,94892.75221710374
1990-07-23,94892.75221710374
1990-07-24,94892.75221710374
1990-07-25,94892.75221710374
1990-07-26,94892.75221710374
1990-07-27,94892.75221710374
1990-07-30,94892.75221710374
1990-07-31,94892.75221710374
1990-08-01,94892.75221710374
1990-08-02,94892.75221710374
1990-08-03,94892.75221710374
1990-08-06,94892.75221710374
1990-08-07,94892.75221710374
1990-08-08,94892.75221710374
1990-08-09,94892.75221710374
1990-08-10,94892.75221710374
1990-08-13,94892.75221710374
1990-08-14,94892.75221710374
1990-08-15,94892.75221710374
1990-08-16,94892.75221710374
1990-08-17,94892.75221710374
1990-08-20,94892.75221710374
1990-08-21,94892.75221710374
1990-08-22,94892.75221710374
1990-08-23,94892.75221710374
1990-08-24,94892.75221710374
1990-08-27,94892.75221710374
1990-08-28,94892.75221710374
1990-08-29,94892.75221710374
1990-08-30,94892.75221710374
1990-08-31,94892.75221710374
1990-09-04,94892.75221710374
1990-09-05,94892.75221710374
1990-09-06,94892.75221710374
1990-09-07,94892.75221710374
1990-09-10,94892.75221710374
1990-09-11,94892.75221710374
1990-09-12,94892.75221710374
1990-09-13,94892.75221710374
1990-09-14,94892.75221710374
1990-09-17,94892.75221710374
1990-09-18,94892.75221710374
1990-09-19,94892.75221710374
1990-09-20,94892.75221710374
1990-09-21,94892.75221710374
1990-09-24,94892.75221710374
1990-09-25,94892.75221710374
1990-09-26,94892.75221710374
1990-09-27,94892.75221710374
1990-09-28,94892.75221710374
1990-10-01,94892.75221710374
1990-10-02,94892.75221710374
1990-10-03,94892.75221710374
1990-10-04,94892.75221710374
1990-10-05,94892.75221710374
1990-10-08,94892.75221710374
1990-10-09,94892.75221710374
1990-10-10,94892.75221710374
1990-10-11,94892.75221710374
1990-10-12,94892.75221710374
1990-10-15,94892.75221710374
1990-10-16,94892.75221710374
1990-10-17,94892.75221710374
1990-10-18,94892.75221710374
1990-10-19,94892.75221710374
1990-10-22,94892.75221710374
1990-10-23,94892.75221710374
1990-10-24,94892.75221710374
1990-10-25,94892.75221710374
1990-10-26,94892.75221710374
1990-10-29,94892.75221710374
1990-10-30,94892.75221710374
1990-10-31,94892.75221710374
1990-11-01,94892.75221710374
1990-11-02,94892.75221710374
1990-11-05,94892.75221710374
1990-11-06,94892.75221710374
1990-11-07,94892.75221710374
1990-11-08,94892.75221710374
1990-11-09,94892.75221710374
1990-11-12,94892.75221710374
1990-11-13,94892.75221710374
1990-11-14,94892.75221710374
1990-11-15,94892.75221710374
1990-11-16,94892.75221710374
1990-11-19,94892.75221710374
1990-11-20,94892.75221710374
1990-11-21,94892.75221710374
1990-11-23,94892.75221710374
1990-11-26,94892.75221710374
1990-11-27,94892.75221710374
1990-11-28,94892.75221710374
1990-11-29,94892.75221710374
1990-11-30,94892.75221710374
1990-12-03,94892.75221710374
1990-12-04,94892.75221710374
1990-12-05,94892.75221710374
1990-12-06,94892.75221710374
1990-12-07,94892.75221710374
1990-12-10,94892.75221710374
1990-12-11,94892.75221710374
1990-12-12,94892.75221710374
1990-12-13,94892.75221710374
1990-12-14,94892.75221710374
1990-12-17,94892.75221710374
1990-12-18,94892.75221710374
1990-12-19,94892.75221710374
1990-12-20,94892.75221710374
1990-12-21,94892.75221710374
1990-12-24,94892.75221710374
1990-12-26,94892.75221710374
1990-12-27,94892.75221710374
1990-12-28,94892.75221710374
1990-12-31,94892.75221710374
1991-01-02,94892.75221710374
1991-01-03,94892.75221710374
1991-01-04,94892.75221710374
1991-01-07,94892.75221710374
1991-01-08,94892.75221710374
1991-01-09,94892.75221710374
1991-01-10,94892.75221710374
1991-01-11,94892.75221710374
1991-01-14,94892.75221710374
1991-01-15,94892.75221710374
1991-01-16,94892.75221710374
1991-01-17,94892.75221710374
1991-01-18,94892.75221710374
1991-01-21,94892.75221710374
1991-01-22,94892.75221710374
1991-01-23,94892.75221710374
1991-01-24,118610.01036385224
1991-01-25,118701.40926950834
1991-01-28,142415.2399124886
1991-01-29,142628.92711365368
1991-01-30,143460.3726729976
1991-01-31,167731.13838245414
1991-02-01,168096.81228912185
1991-02-04,169333.6398590419
1991-02-05,170318.48325603263
1991-02-06,171563.25203945217
1991-02-07,171003.3075787384
1991-02-08,171416.70485864062
1991-02-11,172910.09293547156
1991-02-12,172692.47573739674
1991-02-13,173455.7184978702
1991-02-14,172802.3322399247
1991-02-15,173656.68778693653
1991-02-19,173764.1923720273
1991-02-20,172988.87732761365
1991-02-21,173152.09711676888
1991-02-22,173528.4365562279
1991-02-25,173937.4904893075
1991-02-26,173203.44642546138
1991-02-27,173953.56394044275
1991-02-28,174300.22658293255
1991-03-01,174963.6049120467
1991-03-04,175512.7216058184
1991-03-05,177294.88455284224
1991-03-06,177338.88841635847
1991-03-07,177540.07820084365
1991-03-08,177483.75808174312
1991-03-11,176618.52488957936
1991-03-12,150990.29106044536
1991-03-13,151511.023917273
1991-03-14,151459.8889808833
1991-03-15,151323.13618693667
1991-03-18,151219.9196114254
1991-03-19,150618.2388722153
1991-03-20,150946.0865608695
1991-03-21,150895.56413481163
1991-03-22,150962.62316744015
1991-03-25,151280.47773928056
1991-03-26,152054.75907626605
1991-03-27,176587.78084221852
1991-03-28,176770.80069868814
1991-04-01,176305.03447600186
1991-04-02,177787.62756892288
1991-04-03,178130.31495291923
1991-04-04,178443.3163392324
1991-04-05,177937.1442032869
1991-04-08,178186.90246408497
1991-04-09,177514.42979669286
1991-04-10,177401.00564399583
1991-04-11,178424.1594050093
1991-04-12,178900.1792323928
1991-04-15,178910.1037595423
1991-04-16,179923.02337900514
1991-04-17,180584.60227706074
1991-04-18,180020.38019823085
1991-04-19,179252.94847151113
1991-04-22,128475.97229748261
1991-04-23,128533.3617548866
1991-04-24,128604.21315041874
1991-04-25,128355.52406019278
1991-04-26,128339.22746082372
1991-04-29,103349.96925699011
1991-04-30,103349.96925699011
1991-05-01,103349.96925699011
1991-05-02,103349.96925699011
1991-05-03,103349.96925699011
1991-05-06,103349.96925699011
1991-05-07,103349.96925699011
1991-05-08,103349.96925699011
1991-05-09,103349.96925699011
1991-05-10,103349.96925699011
1991-05-13,103349.96925699011
1991-05-14,103349.96925699011
1991-05-15,103349.96925699011
1991-05-16,103349.96925699011
1991-05-17,103349.96925699011
1991-05-20,103349.96925699011
1991-05-21,103349.96925699011
1991-05-22,103349.96925699011
1991-05-23,103349.96925699011
1991-05-24,103349.96925699011
1991-05-28,103349.96925699011
1991-05-29,103349.96925699011
1991-05-30,103349.96925699011
1991-05-31,103349.96925699011
1991-06-03,103349.96925699011
1991-06-04,103349.96925699011
1991-06-05,103349.96925699011
1991-06-06,103349.96925699011
1991-06-07,103349.96925699011
1991-06-10,103349.96925699011
1991-06-11,103349.96925699011
1991-06-12,103349.96925699011
1991-06-13,103349.96925699011
1991-06-14,103349.96925699011
1991-06-17,103349.96925699011
1991-06-18,103349.96925699011
1991-06-19,103349.96925699011
1991-06-20,103349.96925699011
1991-06-21,103349.96925699011
1991-06-24,103349.96925699011
1991-06-25,103349.96925699011
1991-06-26,103349.96925699011
1991-06-27,103349.96925699011
1991-06-28,103349.96925699011
1991-07-01,103349.96925699011
1991-07-02,103349.96925699011
1991-07-03,103349.96925699011
1991-07-05,103349.96925699011
1991-07-08,103349.96925699011
1991-07-09,103349.96925699011
1991-07-10,103349.96925699011
1991-07-11,103349.96925699011
1991-07-12,103349.96925699011
1991-07-15,103349.96925699011
1991-07-16,103349.96925699011
1991-07-17,103349.96925699011
1991-07-18,103349.96925699011
1991-07-19,103349.96925699011
1991-07-22,103349.96925699011
1991-07-23,103349.96925699011
1991-07-24,103349.96925699011
1991-07-25,103349.96925699011
1991-07-26,103349.96925699011
1991-07-29,103349.96925699011
1991-07-30,103349.96925699011
1991-07-31,103349.96925699011
1991-08-01,103349.96925699011
1991-08-02,103349.96925699011
1991-08-05,103349.96925699011
1991-08-06,129181.00316691972
1991-08-07,129177.03523392775
1991-08-08,154925.41682532468
1991-08-09,154725.14773010893
1991-08-12,154870.3747518165
1991-08-13,155199.33182727385
1991-08-14,155384.18832645216
1991-08-15,155244.55623155832
1991-08-16,154834.26637706353
1991-08-19,99547.24973593134
1991-08-20,99547.24973593134
1991-08-21,99547.24973593134
1991-08-22,99547.24973593134
1991-08-23,149307.81114240765
1991-08-26,149302.89215737168
1991-08-27,149270.69093143748
1991-08-28,174592.83709803934
1991-08-29,174634.35526775703
1991-08-30,174614.38595289542
1991-09-03,174021.7599446404
1991-09-04,173651.99680561412
1991-09-05,173553.72383461025
1991-09-06,173565.63785341565
1991-09-09,173588.93729049427
1991-09-10,95440.92803390628
1991-09-11,95440.92803390628
1991-09-12,95440.92803390628
1991-09-13,95440.92803390628
1991-09-16,95440.92803390628
1991-09-17,95440.92803390628
1991-09-18,95440.92803390628
1991-09-19,95440.92803390628
1991-09-20,119295.19587900524
1991-09-23,119223.3634211693
1991-09-24,119255.28805585363
1991-09-25,119244.64786415632
1991-09-26,119267.26182365644
1991-09-27,119207.39907403092
1991-09-30,119404.27712696657
1991-10-01,119393.63490547307
1991-10-02,119355.05659883456
1991-10-03,119146.2088376885
1991-10-04,119116.94323603039
1991-10-07,94658.31260789125
1991-10-08,94658.31260789125
1991-10-09,94658.31260789125
1991-10-10,94658.31260789125
1991-10-11,94658.31260789125
1991-10-14,94658.31260789125
1991-10-15,141975.04701947237
1991-10-16,142572.4054441076
1991-10-17,142364.21612562845
1991-10-18,142558.02493352606
1991-10-21,142414.43499290492
1991-10-22,142425.0295622385
1991-10-23,142332.51749849378
1991-10-24,116857.32030964363
1991-10-25,92647.05196663644
1991-10-28,92647.05196663644
1991-10-29,92647.05196663644
1991-10-30,115803.02538598349
1991-10-31,139029.43554314814
1991-11-01,138894.1669198341
1991-11-04,138652.29421868984
1991-11-05,138721.2840875704
1991-11-06,138797.08438383442
1991-11-07,139227.97609583873
1991-11-08,139410.3511835701
1991-11-11,139584.20121736583
1991-11-12,139950.79110533063
1991-11-13,139974.25560918823
1991-11-14,139889.82142595475
1991-11-15,90144.59843009907
1991-11-18,90144.59843009907
1991-11-19,90144.59843009907
1991-11-20,90144.59843009907
1991-11-21,90144.59843009907
1991-11-22,90144.59843009907
1991-11-25,90144.59843009907
1991-11-26,90144.59843009907
1991-11-27,90144.59843009907
1991-11-29,90144.59843009907
1991-12-02,90144.59843009907
1991-12-03,90144.59843009907
1991-12-04,90144.59843009907
1991-12-05,90144.59843009907
1991-12-06,90144.59843009907
1991-12-09,90144.59843009907
1991-12-10,90144.59843009907
1991-12-11,90144.59843009907
1991-12-12,90144.59843009907
1991-12-13,90144.59843009907
1991-12-16,90144.59843009907
1991-12-17,90144.59843009907
1991-12-18,90144.59843009907
1991-12-19,90144.59843009907
1991-12-20,90144.59843009907
1991-12-23,90144.59843009907
1991-12-24,112675.11484520082
1991-12-26,135515.97831957892
1991-12-27,135865.6263470198
1991-12-30,136921.02991745106
1991-12-31,159825.93924933404
1992-01-02,159698.79931529384
1992-01-03,182990.97615648806
1992-01-06,183380.47994617847
1992-01-07,183729.63393256895
1992-01-08,184360.3230975906
1992-01-09,185049.37629514124
1992-01-10,184522.72830867674
1992-01-13,154813.05673970102
1992-01-14,176485.28591167208
1992-01-15,177017.93926758535
1992-01-16,176687.19479448808
1992-01-17,176881.84416933273
1992-01-20,176279.51584584854
1992-01-21,150992.78353470692
1992-01-22,151837.83744411008
1992-01-23,151586.02801612084
1992-01-24,151744.4379420612
1992-01-27,151723.83944136353
1992-01-28,151913.59583053848
1992-01-29,100371.11877043665
1992-01-30,100489.74382543835
1992-01-31,100524.14610503067
1992-02-03,100608.36888044004
1992-02-04,100839.68918575313
1992-02-05,120061.99433752737
1992-02-06,120192.05788595474
1992-02-07,120089.38553194156
1992-02-10,120118.2501584718
1992-02-11,120116.88110899075
1992-02-12,120687.58540071202
1992-02-13,120386.6512220095
1992-02-14,120309.19803416837
1992-02-18,99594.37221009695
1992-02-19,76385.84466771326
1992-02-20,76385.84466771326
1992-02-21,76385.84466771326
1992-02-24,76385.84466771326
1992-02-25,76385.84466771326
1992-02-26,76385.84466771326
1992-02-27,76385.84466771326
1992-02-28,76385.84466771326
1992-03-02,76385.84466771326
1992-03-03,76385.84466771326
1992-03-04,76385.84466771326
1992-03-05,76385.84466771326
1992-03-06,76385.84466771326
1992-03-09,76385.84466771326
1992-03-10,76385.84466771326
1992-03-11,76385.84466771326
1992-03-12,76385.84466771326
1992-03-13,76385.84466771326
1992-03-16,76385.84466771326
1992-03-17,76385.84466771326
1992-03-18,76385.84466771326
1992-03-19,76385.84466771326
1992-03-20,76385.84466771326
1992-03-23,76385.84466771326
1992-03-24,76385.84466771326
1992-03-25,76385.84466771326
1992-03-26,76385.84466771326
1992-03-27,76385.84466771326
1992-03-30,76385.84466771326
1992-03-31,76385.84466771326
1992-04-01,76385.84466771326
1992-04-02,76385.84466771326
1992-04-03,76385.84466771326
1992-04-06,76385.84466771326
1992-04-07,76385.84466771326
1992-04-08,76385.84466771326
1992-04-09,76385.84466771326
1992-04-10,76385.84466771326
1992-04-13,76385.84466771326
1992-04-14,95477.53243535974
1992-04-15,95753.01219210277
1992-04-16,95826.35774851374
1992-04-20,95651.94509193674
1992-04-21,95692.37193200315
1992-04-22,95666.38324910331
1992-04-23,95722.98110719156
1992-04-24,95583.79670811523
1992-04-27,95468.63830494892
1992-04-28,95487.92678053865
1992-04-29,95634.04121305967
1992-04-30,95783.62136729117
1992-05-01,95650.79032135867
1992-05-04,95893.35136175717
1992-05-05,95785.35281817014
1992-05-06,95843.10544683645
1992-05-07,95808.45386963667
1992-05-08,95843.10544683645
1992-05-11,96005.96898765647
1992-05-12,95933.77820182359
1992-05-13,95973.62695161282
1992-05-14,95840.21781540313
1992-05-15,95748.96979009139
1992-05-18,95881.22274574672
1992-05-19,96008.2785288126
1992-05-20,95984.02270676801
1992-05-21,95896.81567349138
1992-05-22,95943.5958667016
1992-05-26,95813.07436192522
1992-05-27,95848.88070970308
1992-05-28,96010.58806996874
1992-05-29,96001.9251756688
1992-06-01,96096.06224239015
1992-06-02,95997.30609335653
1992-06-03,96060.25589461229
1992-06-04,96018.09619369062
1992-06-05,96012.32093082399
1992-06-08,96043.50819628956
1992-06-09,95845.99307826976
1992-06-10,70211.96137640938
1992-06-11,70211.96137640938
1992-06-12,70211.96137640938
1992-06-15,70211.96137640938
1992-06-16,70211.96137640938
1992-06-17,70211.96137640938
1992-06-18,70211.96137640938
1992-06-19,70211.96137640938
1992-06-22,70211.96137640938
1992-06-23,70211.96137640938
1992-06-24,70211.96137640938
1992-06-25,70211.96137640938
1992-06-26,70211.96137640938
1992-06-29,70211.96137640938
1992-06-30,70211.96137640938
1992-07-01,70211.96137640938
1992-07-02,70211.96137640938
1992-07-06,70211.96137640938
1992-07-07,70211.96137640938
1992-07-08,70211.96137640938
1992-07-09,70211.96137640938
1992-07-10,70211.96137640938
1992-07-13,70211.96137640938
1992-07-14,70211.96137640938
1992-07-15,70211.96137640938
1992-07-16,70211.96137640938
1992-07-17,70211.96137640938
1992-07-20,70211.96137640938
1992-07-21,70211.96137640938
1992-07-22,70211.96137640938
1992-07-23,70211.96137640938
1992-07-24,70211.96137640938
1992-07-27,70211.96137640938
1992-07-28,70211.96137640938
1992-07-29,87760.56413106411
1992-07-30,87830.81055301812
1992-07-31,87842.86374203554
1992-08-03,87879.44191068492
1992-08-04,87849.09836885311
1992-08-05,87758.90114108287
1992-08-06,87692.39549521942
1992-08-07,87621.31821251963
1992-08-10,87643.76413755261
1992-08-11,87622.14907326542
1992-08-12,87575.59550170791
1992-08-13,87573.51771559862
1992-08-14,87664.1310079866
1992-08-17,87698.630122037
1992-08-18,87723.569897797
1992-08-19,87592.63766066909
1992-08-20,87595.54757601385
1992-08-21,69172.74085899197
1992-08-24,69172.74085899197
1992-08-25,69172.74085899197
1992-08-26,69172.74085899197
1992-08-27,69172.74085899197
1992-08-28,69172.74085899197
1992-08-31,69172.74085899197
1992-09-01,69172.74085899197
1992-09-02,69172.74085899197
1992-09-03,69172.74085899197
1992-09-04,69172.74085899197
1992-09-08,69172.74085899197
1992-09-09,69172.74085899197
1992-09-10,69172.74085899197
1992-09-11,69172.74085899197
1992-09-14,103750.0338359343
1992-09-15,103341.6436809634
1992-09-16,84984.65557063954
1992-09-17,84985.06130607156
1992-09-18,85107.03505502647
1992-09-21,85074.91619449742
1992-09-22,66857.18163374276
1992-09-23,66857.18163374276
1992-09-24,66857.18163374276
1992-09-25,66857.18163374276
1992-09-28,66857.18163374276
1992-09-29,66857.18163374276
1992-09-30,66857.18163374276
1992-10-01,66857.18163374276
1992-10-02,66857.18163374276
1992-10-05,66857.18163374276
1992-10-06,66857.18163374276
1992-10-07,66857.18163374276
1992-10-08,66857.18163374276
1992-10-09,66857.18163374276
1992-10-12,66857.18163374276
1992-10-13,66857.18163374276
1992-10-14,66857.18163374276
1992-10-15,66857.18163374276
1992-10-16,66857.18163374276
1992-10-19,66857.18163374276
1992-10-20,66857.18163374276
1992-10-21,83567.29909501842
1992-10-22,83566.45869772817
1992-10-23,83571.49595709592
1992-10-26,83616.8329995302
1992-10-27,83561.70157079051
1992-10-28,100395.65886389464
1992-10-29,100558.49918432302
1992-10-30,100595.22446206154
1992-11-02,100746.03185093947
1992-11-03,100639.54389812157
1992-11-04,100659.09167386439
1992-11-05,101001.72428987036
1992-11-06,101145.14895016156
1992-11-09,101427.53756455879
1992-11-10,101708.1536812592
1992-11-11,102103.69498599615
1992-11-12,102075.62937174844
1992-11-13,102210.31505441967
1992-11-16,102110.3324366581
1992-11-17,101818.10711806644
1992-11-18,102179.74305019138
1992-11-19,102355.38390015479
1992-11-20,119269.5392718896
1992-11-23,119101.00677616452
1992-11-24,119486.85151039711
1992-11-25,119711.8755458805
1992-11-27,119830.48904711897
1992-11-30,120078.44965949965
1992-12-01,120089.42301537277
1992-12-02,120060.09748009153
1992-12-03,120205.58861232389
1992-12-04,120531.91493258071
1992-12-07,120924.75612503744
1992-12-08,121035.79351889566
1992-12-09,137529.11534976884
1992-12-10,137169.92694098438
1992-12-11,136988.78858349315
1992-12-14,119764.34388999743
1992-12-15,79599.90534939754
1992-12-16,79558.77841377466
1992-12-17,79711.92476111127
1992-12-18,79941.05678861606
1992-12-21,79918.33997484233
1992-12-22,79903.06394853197
1992-12-23,79852.92917767631
1992-12-24,79881.9129872204
1992-12-28,79857.62912567728
1992-12-29,95472.15748246489
1992-12-30,111231.5061892455
1992-12-31,111414.8009010255
1993-01-04,111191.68126130712
1993-01-05,111233.35592308416
1993-01-06,111526.6414531304
1993-01-07,93823.88018115175
1993-01-08,93728.76585857917
1993-01-11,93924.83937981018
1993-01-12,93802.71669361263
1993-01-13,94051.04024858185
1993-01-14,94424.78003272688
1993-01-15,94562.69696152065
1993-01-18,94584.92114668987
1993-01-19,94573.37930773715
1993-01-20,94621.11229244244
1993-01-21,94741.37490174118
1993-01-22,94831.77701756841
1993-01-25,95086.8228525279
1993-01-26,95177.78242045152
1993-01-27,94776.72242749031
1993-01-28,94644.45977848663
1993-01-29,94748.80715315518
1993-02-01,94942.61043953149
1993-02-02,95069.0767187915
1993-02-03,126351.8137874544
1993-02-04,126663.96232443643
1993-02-05,126440.61618552145
1993-02-08,126317.49060937484
1993-02-09,93080.13908338838
1993-02-10,93101.25402073882
1993-02-11,93198.26564531802
1993-02-12,92952.12241611755
1993-02-16,55345.13250822296
1993-02-17,55345.13250822296
1993-02-18,55345.13250822296
1993-02-19,55345.13250822296
1993-02-22,55345.13250822296
1993-02-23,55345.13250822296
1993-02-24,55345.13250822296
1993-02-25,55345.13250822296
1993-02-26,55345.13250822296
1993-03-01,55345.13250822296
1993-03-02,55345.13250822296
1993-03-03,55345.13250822296
1993-03-04,55345.13250822296
1993-03-05,55345.13250822296
1993-03-08,83010.43588958745
1993-03-09,83011.77112682199
1993-03-10,83095.29102291456
1993-03-11,82930.79335609477
1993-03-12,82696.09140420645
1993-03-15,82802.94549188983
1993-03-16,82803.27344724826
1993-03-17,82645.5402151747
1993-03-18,82909.56784868398
1993-03-19,82881.22744177323
1993-03-22,82809.37820582392
1993-03-23,82799.26841124153
1993-03-24,82712.56284892464
1993-03-25,82861.61432545289
1993-03-26,82682.20814742331
1993-03-29,82833.46584886692
1993-03-30,82878.6275959466
1993-03-31,82781.14091704591
1993-04-01,82756.72357377435
1993-04-02,49266.01090176197
1993-04-05,49266.01090176197
1993-04-06,49266.01090176197
1993-04-07,49266.01090176197
1993-04-08,49266.01090176197
1993-04-12,49266.01090176197
1993-04-13,49266.01090176197
1993-04-14,49266.01090176197
1993-04-15,49266.01090176197
1993-04-16,49266.01090176197
1993-04-19,49266.01090176197
1993-04-20,49266.01090176197
1993-04-21,49266.01090176197
1993-04-22,49266.01090176197
1993-04-23,49266.01090176197
1993-04-26,49266.01090176197
1993-04-27,49266.01090176197
1993-04-28,49266.01090176197
1993-04-29,49266.01090176197
1993-04-30,49266.01090176197
1993-05-03,49266.01090176197
1993-05-04,49266.01090176197
1993-05-05,49266.01090176197
1993-05-06,49266.01090176197
1993-05-07,49266.01090176197
1993-05-10,49266.01090176197
1993-05-11,49266.01090176197
1993-05-12,61579.43496332069
1993-05-13,61458.06730438129
1993-05-14,61440.45636710905
1993-05-17,61464.92760968403
1993-05-18,61445.33611107722
1993-05-19,61642.098922442005
1993-05-20,74037.43525429454
1993-05-21,73874.31121460325
1993-05-24,73934.24255588633
1993-05-25,73971.71813753297
1993-05-26,86527.53142683135
1993-05-27,86615.82261040264
1993-05-28,86422.30826188052
1993-06-01,86624.35287516538
1993-06-02,86698.08122122918
1993-06-03,86697.4363843276
1993-06-04,86574.72320523816
1993-06-07,73702.02320789598
1993-06-08,60341.27044692938
1993-06-09,60346.185588898734
1993-06-10,60274.71616114129
1993-06-11,60321.71434632375
1993-06-14,60355.94594020095
1993-06-15,60275.70644180857
1993-06-16,60345.19530823145
1993-06-17,60381.40746344322
1993-06-18,60285.50219111198
1993-06-21,60342.26072759666
1993-06-22,60295.2625424142
1993-06-23,43600.86618638769
1993-06-24,43600.86618638769
1993-06-25,43600.86618638769
1993-06-28,43600.86618638769
1993-06-29,43600.86618638769
1993-06-30,43600.86618638769
1993-07-01,43600.86618638769
1993-07-02,43600.86618638769
1993-07-06,43600.86618638769
1993-07-07,43600.86618638769
1993-07-08,43600.86618638769
1993-07-09,54498.35808754478
1993-07-12,65438.24974279621
1993-07-13,65471.90620054081
1993-07-14,65602.92560507124
1993-07-15,65530.48976328888
1993-07-16,53665.9636671834
1993-07-19,42449.485163149984
1993-07-20,42449.485163149984
1993-07-21,42449.485163149984
1993-07-22,42449.485163149984
1993-07-23,42449.485163149984
1993-07-26,42449.485163149984
1993-07-27,42449.485163149984
1993-07-28,42449.485163149984
1993-07-29,42449.485163149984
1993-07-30,42449.485163149984
1993-08-02,42449.485163149984
1993-08-03,42449.485163149984
1993-08-04,53059.20375901902
1993-08-05,63655.31124265341
1993-08-06,63715.81458751186
1993-08-09,63744.58185860543
1993-08-10,63741.467419349116
1993-08-11,63781.20975962154
1993-08-12,63735.83227352429
1993-08-13,63762.07979339015
1993-08-16,63911.411584771515
1993-08-17,64020.109344346
1993-08-18,85364.71258974385
1993-08-19,85320.441852717
1993-08-20,85347.15456984128
1993-08-23,85296.07284148326
1993-08-24,85616.06710753968
1993-08-25,85650.48255333053
1993-08-26,85601.1263925372
1993-08-27,85619.4704441422
1993-08-30,85743.00646398525
1993-08-31,85944.0207651047
1993-09-01,86007.2832276666
1993-09-02,85988.09947931574
1993-09-03,86054.48637096006
1993-09-07,74769.31143626894
1993-09-08,37641.18084933673
1993-09-09,37641.18084933673
1993-09-10,37641.18084933673
1993-09-13,37641.18084933673
1993-09-14,37641.18084933673
1993-09-15,37641.18084933673
1993-09-16,37641.18084933673
1993-09-17,37641.18084933673
1993-09-20,37641.18084933673
1993-09-21,37641.18084933673
1993-09-22,37641.18084933673
1993-09-23,47049.12384070097
1993-09-24,56486.72475095211
1993-09-27,56600.29583194823
1993-09-28,56673.17567571856
1993-09-29,56698.06351922604
1993-09-30,56747.65460668776
1993-10-01,56755.17374315908
1993-10-04,56795.73675273575
1993-10-05,56745.815085546
1993-10-06,56825.12143881635
1993-10-07,56786.01297811709
1993-10-08,56804.494498151376
1993-10-11,56887.24257172027
1993-10-12,57003.00670265491
1993-10-13,57137.0074436166
1993-10-14,66668.14854015809
1993-10-15,66783.03415289662
1993-10-18,66689.95549231241
1993-10-19,46545.837121148084
1993-10-20,46543.01590437511
1993-10-21,46528.70624022864
1993-10-22,46486.58480340791
1993-10-25,46505.32833538005
1993-10-26,46507.34322662667
1993-10-27,46513.59086560199
1993-10-28,55861.62954076187
1993-10-29,55845.33841429034
1993-11-01,55901.200764254754
1993-11-02,55900.56423489387
1993-11-03,55701.261361843004
1993-11-04,33003.00290161986
1993-11-05,33003.00290161986
1993-11-08,33003.00290161986
1993-11-09,33003.00290161986
1993-11-10,33003.00290161986
1993-11-11,33003.00290161986
1993-11-12,33003.00290161986
1993-11-15,33003.00290161986
1993-11-16,41251.69124870022
1993-11-17,41237.41894656244
1993-11-18,41195.157279162144
1993-11-19,41214.431617218
1993-11-22,41161.61009621287
1993-11-23,41170.324580663895
1993-11-24,41200.137062099246
1993-11-26,41192.06682858515
1993-11-29,41178.39481417799
1993-11-30,41192.06682858515
1993-12-01,41221.25676930891
1993-12-02,41232.439163625335
1993-12-03,41236.79640585085
1993-12-06,41250.44616727704
1993-12-07,41269.720505332894
1993-12-08,41304.512769705354
1993-12-09,41293.95291610052
1993-12-10,41318.162531131544
1993-12-13,41370.98405213667
1993-12-14,41322.51977335705
1993-12-15,41265.363263107385
1993-12-16,41285.860429605455
1993-12-17,41342.39494189917
1993-12-20,41350.4868856386
1993-12-21,41328.12209700575
1993-12-22,41366.00426919956
1993-12-23,41356.06695630633
1993-12-27,41434.343173765665
1993-12-28,41436.210795900435
1993-12-29,41437.45587732362
1993-12-30,41396.438748590874
1993-12-31,41347.99726554786
1994-01-03,41353.57733621559
1994-01-04,41414.26827115043
1994-01-05,41447.43769617881
1994-01-06,41458.68630668252
1994-01-07,41496.23522691738
1994-01-10,58092.456051001696
1994-01-11,58026.609754559875
1994-01-12,66285.79470275054
1994-01-13,66265.35833220446
1994-01-14,66429.93219292861
1994-01-17,66427.14797243636
1994-01-18,66468.61118116739
1994-01-19,66467.90278981227
1994-01-20,66560.30924918951
1994-01-21,66632.59894526249
1994-01-24,66514.20182607003
1994-01-25,66385.88563983292
1994-01-26,66503.91668005049
1994-01-27,66680.1991759342
1994-01-28,66833.06751790435
1994-01-31,67045.32792974325
1994-02-01,66944.38274247397
1994-02-02,67071.25932629975
1994-02-03,67011.10046413253
1994-02-04,28765.768589239236
1994-02-07,28765.768589239236
1994-02-08,28765.768589239236
1994-02-09,28765.768589239236
1994-02-10,28765.768589239236
1994-02-11,28765.768589239236
1994-02-14,28765.768589239236
1994-02-15,28765.768589239236
1994-02-16,28765.768589239236
1994-02-17,28765.768589239236
1994-02-18,28765.768589239236
1994-02-22,28765.768589239236
1994-02-23,28765.768589239236
1994-02-24,28765.768589239236
1994-02-25,28765.768589239236
1994-02-28,28765.768589239236
1994-03-01,28765.768589239236
1994-03-02,28765.768589239236
1994-03-03,28765.768589239236
1994-03-04,28765.768589239236
1994-03-07,28765.768589239236
1994-03-08,28765.768589239236
1994-03-09,28765.768589239236
1994-03-10,28765.768589239236
1994-03-11,28765.768589239236
1994-03-14,28765.768589239236
1994-03-15,28765.768589239236
1994-03-16,35955.413145650855
1994-03-17,43163.04756271868
1994-03-18,43198.230279800795
1994-03-21,43083.08426242019
1994-03-22,43089.727770491576
1994-03-23,43117.29348211922
1994-03-24,35179.891874647095
1994-03-25,27780.29679908409
1994-03-28,27780.29679908409
1994-03-29,27780.29679908409
1994-03-30,27780.29679908409
1994-03-31,27780.29679908409
1994-04-04,27780.29679908409
1994-04-05,27780.29679908409
1994-04-06,27780.29679908409
1994-04-07,27780.29679908409
1994-04-08,27780.29679908409
1994-04-11,27780.29679908409
1994-04-12,27780.29679908409
1994-04-13,27780.29679908409
1994-04-14,27780.29679908409
1994-04-15,27780.29679908409
1994-04-18,27780.29679908409
1994-04-19,27780.29679908409
1994-04-20,27780.29679908409
1994-04-21,27780.29679908409
1994-04-22,27780.29679908409
1994-04-25,27780.29679908409
1994-04-26,27780.29679908409
1994-04-28,27780.29679908409
1994-04-29,27780.29679908409
1994-05-02,27780.29679908409
1994-05-03,27780.29679908409
1994-05-04,27780.29679908409
1994-05-05,27780.29679908409
1994-05-06,27780.29679908409
1994-05-09,27780.29679908409
1994-05-10,27780.29679908409
1994-05-11,27780.29679908409
1994-05-12,27780.29679908409
1994-05-13,27780.29679908409
1994-05-16,27780.29679908409
1994-05-17,27780.29679908409
1994-05-18,27780.29679908409
1994-05-19,27780.29679908409
1994-05-20,27780.29679908409
1994-05-23,27780.29679908409
1994-05-24,27780.29679908409
1994-05-25,27780.29679908409
1994-05-26,27780.29679908409
1994-05-27,27780.29679908409
1994-05-31,27780.29679908409
1994-06-01,27780.29679908409
1994-06-02,27780.29679908409
1994-06-03,27780.29679908409
1994-06-06,27780.29679908409
1994-06-07,27780.29679908409
1994-06-08,27780.29679908409
1994-06-09,27780.29679908409
1994-06-10,27780.29679908409
1994-06-13,27780.29679908409
1994-06-14,27780.29679908409
1994-06-15,27780.29679908409
1994-06-16,27780.29679908409
1994-06-17,27780.29679908409
1994-06-20,27780.29679908409
1994-06-21,27780.29679908409
1994-06-22,27780.29679908409
1994-06-23,27780.29679908409
1994-06-24,27780.29679908409
1994-06-27,27780.29679908409
1994-06-28,27780.29679908409
1994-06-29,27780.29679908409
1994-06-30,27780.29679908409
1994-07-01,27780.29679908409
1994-07-05,27780.29679908409
1994-07-06,27780.29679908409
1994-07-07,27780.29679908409
1994-07-08,27780.29679908409
1994-07-11,27780.29679908409
1994-07-12,27780.29679908409
1994-07-13,27780.29679908409
1994-07-14,27780.29679908409
1994-07-15,27780.29679908409
1994-07-18,27780.29679908409
1994-07-19,27780.29679908409
1994-07-20,27780.29679908409
1994-07-21,27780.29679908409
1994-07-22,27780.29679908409
1994-07-25,27780.29679908409
1994-07-26,27780.29679908409
1994-07-27,27780.29679908409
1994-07-28,27780.29679908409
1994-07-29,27780.29679908409
1994-08-01,27780.29679908409
1994-08-02,27780.29679908409
1994-08-03,27780.29679908409
1994-08-04,27780.29679908409
1994-08-05,27780.29679908409
1994-08-08,27780.29679908409
1994-08-09,27780.29679908409
1994-08-10,27780.29679908409
1994-08-11,27780.29679908409
1994-08-12,27780.29679908409
1994-08-15,27780.29679908409
1994-08-16,34723.63499070639
1994-08-17,34726.02433850893
1994-08-18,34696.15817455955
1994-08-19,34703.77373647602
1994-08-22,34683.464963736755
1994-08-23,34716.16844971905
1994-08-24,41726.83045038604
1994-08-25,48625.2363238836
1994-08-26,55820.70500519165
1994-08-29,55882.663718522635
1994-08-30,55994.69555918075
1994-08-31,56003.48455837416
1994-09-01,55851.490409936225
1994-09-02,55796.42797865953
1994-09-06,55824.76607075997
1994-09-07,55861.003870667184
1994-09-08,56015.92889198102
1994-09-09,48521.78798288567
1994-09-12,48437.17272443177
1994-09-13,48555.67717191733
1994-09-14,48625.26763932682
1994-09-15,48884.23117223252
1994-09-16,48840.545651544875
1994-09-19,48814.95346401969
1994-09-20,41409.407056101474
1994-09-21,24230.025860180656
1994-09-22,24230.025860180656
1994-09-23,24230.025860180656
1994-09-26,24230.025860180656
1994-09-27,24230.025860180656
1994-09-28,24230.025860180656
1994-09-29,24230.025860180656
1994-09-30,24230.025860180656
1994-10-03,24230.025860180656
1994-10-04,24230.025860180656
1994-10-05,24230.025860180656
1994-10-06,24230.025860180656
1994-10-07,24230.025860180656
1994-10-10,24230.025860180656
1994-10-11,24230.025860180656
1994-10-12,24230.025860180656
1994-10-13,24230.025860180656
1994-10-14,24230.025860180656
1994-10-17,24230.025860180656
1994-10-18,24230.025860180656
1994-10-19,24230.025860180656
1994-10-20,24230.025860180656
1994-10-21,24230.025860180656
1994-10-24,24230.025860180656
1994-10-25,24230.025860180656
1994-10-26,24230.025860180656
1994-10-27,24230.025860180656
1994-10-28,24230.025860180656
1994-10-31,24230.025860180656
1994-11-01,24230.025860180656
1994-11-02,24230.025860180656
1994-11-03,24230.025860180656
1994-11-04,24230.025860180656
1994-11-07,24230.025860180656
1994-11-08,24230.025860180656
1994-11-09,24230.025860180656
1994-11-10,24230.025860180656
1994-11-11,24230.025860180656
1994-11-14,24230.025860180656
1994-11-15,24230.025860180656
1994-11-16,24230.025860180656
1994-11-17,24230.025860180656
1994-11-18,24230.025860180656
1994-11-21,24230.025860180656
1994-11-22,24230.025860180656
1994-11-23,24230.025860180656
1994-11-25,24230.025860180656
1994-11-28,24230.025860180656
1994-11-29,24230.025860180656
1994-11-30,24230.025860180656
1994-12-01,24230.025860180656
1994-12-02,24230.025860180656
1994-12-05,24230.025860180656
1994-12-06,24230.025860180656
1994-12-07,24230.025860180656
1994-12-08,24230.025860180656
1994-12-09,24230.025860180656
1994-12-12,24230.025860180656
1994-12-13,24230.025860180656
1994-12-14,24230.025860180656
1994-12-15,24230.025860180656
1994-12-16,24230.025860180656
1994-12-19,24230.025860180656
1994-12-20,24230.025860180656
1994-12-21,24230.025860180656
1994-12-22,24230.025860180656
1994-12-23,24230.025860180656
1994-12-27,24230.025860180656
1994-12-28,24230.025860180656
1994-12-29,24230.025860180656
1994-12-30,24230.025860180656
1995-01-03,24230.025860180656
1995-01-04,24230.025860180656
1995-01-05,24230.025860180656
1995-01-06,24230.025860180656
1995-01-09,24230.025860180656
1995-01-10,24230.025860180656
1995-01-11,24230.025860180656
1995-01-12,24230.025860180656
1995-01-13,24230.025860180656
1995-01-16,24230.025860180656
1995-01-17,24230.025860180656
1995-01-18,24230.025860180656
1995-01-19,24230.025860180656
1995-01-20,24230.025860180656
1995-01-23,24230.025860180656
1995-01-24,24230.025860180656
1995-01-25,24230.025860180656
1995-01-26,24230.025860180656
1995-01-27,24230.025860180656
1995-01-30,24230.025860180656
1995-01-31,24230.025860180656
1995-02-01,24230.025860180656
1995-02-02,30286.01817573198
1995-02-03,30361.086545990223
1995-02-06,36448.825482224216
1995-02-07,36445.530951891094
1995-02-08,42543.414359057424
1995-02-09,42555.28324914815
1995-02-10,42637.5593714741
1995-02-13,48690.3025742125
1995-02-14,48710.43062753312
1995-02-15,48870.85857910049
1995-02-16,48826.84671896229
1995-02-17,48654.75649673262
1995-02-21,42430.83186851037
1995-02-22,42500.58199938417
1995-02-23,42597.12317578432
1995-02-24,42623.27646435794
1995-02-27,42481.53872403324
1995-02-28,42633.603193190494
1995-03-01,42571.961449447044
1995-03-02,42556.60040662509
1995-03-03,42614.87732861136
1995-03-06,42621.81194465515
1995-03-07,42473.27122473709
1995-03-08,42546.59916013872
1995-03-09,42556.570100163546
1995-03-10,42765.164396386754
1995-03-13,42756.115291512215
1995-03-14,42874.63196205169
1995-03-15,42839.10853027894
1995-03-16,48963.862406733555
1995-03-17,48944.26458812985
1995-03-20,48996.252035860525
1995-03-21,48944.220418943325
1995-03-22,48954.1253387262
1995-03-23,49000.18076741736
1995-03-24,49229.65263552648
1995-03-27,49340.993971549135
1995-03-28,49378.5751667178
1995-03-29,49319.44977373675
1995-03-30,49316.90445027691
1995-03-31,49288.9289191356
1995-04-03,49327.41585766633
1995-04-04,42836.44084751371
1995-04-05,42849.79723234454
1995-04-06,42864.21015990925
1995-04-07,42820.7735665697
1995-04-10,42873.86107045996
1995-04-11,42859.391445010006
1995-04-12,42906.85670620637
1995-04-13,48934.272737235275
1995-04-17,48861.45764689073
1995-04-18,48763.42136763755
1995-04-19,36058.84974732144
1995-04-20,36099.07583317802
1995-04-21,36200.4579390224
1995-04-24,36308.72879109135
1995-04-25,36292.77276063491
1995-04-26,42084.628514882635
1995-04-27,47921.554518382145
1995-04-28,47977.58876428976
1995-05-01,47942.68370636263
1995-05-02,47970.200094592925
1995-05-03,48188.80121909897
1995-05-04,48118.987247253914
1995-05-05,48065.67653992555
1995-05-08,48246.84022203845
1995-05-09,48234.763715126915
1995-05-10,48288.85427028149
1995-05-11,48367.32451962783
1995-05-12,48467.13986042184
1995-05-15,48557.71226430998
1995-05-16,48622.56143183387
1995-05-17,48628.006311689765
1995-05-18,39626.38920594046
1995-05-19,39616.164380896036
1995-05-22,39741.27210945006
1995-05-23,39892.24624538807
1995-05-24,39870.3786164936
1995-05-25,39855.09790777288
1995-05-26,39723.95907426646
1995-05-30,27375.74798193461
1995-05-31,32667.38222530113
1995-06-01,32677.339646613655
1995-06-02,32631.97222515553
1995-06-05,37874.473338383556
1995-06-06,37892.69652542173
1995-06-07,37837.14727790667
1995-06-08,43006.06272397177
1995-06-09,42889.560037086485
1995-06-12,42997.57017073313
1995-06-13,43177.796440470745
1995-06-14,43211.14578394646
1995-06-15,43293.183606045684
1995-06-16,43389.3015970306
1995-06-19,43613.08157894455
1995-06-20,43657.36114935596
1995-06-21,43640.77241901223
1995-06-22,43874.88547686818
1995-06-23,43839.35977470447
1995-06-26,43607.482348372934
1995-06-27,38201.42999189212
1995-06-28,38252.897540196616
1995-06-29,38271.342760742096
1995-06-30,38327.73693742677
1995-07-03,38397.62174582934
1995-07-05,43634.74918620393
1995-07-06,43870.781638098284
1995-07-07,44098.54097636677
1995-07-10,44172.61393152438
1995-07-11,44086.04183721906
1995-07-12,44374.93316273624
1995-07-13,44425.045858864774
1995-07-14,44423.23876915578
1995-07-17,44549.08236625627
1995-07-18,44292.510433279036
1995-07-19,18888.346285324507
1995-07-20,18888.346285324507
1995-07-21,18888.346285324507
1995-07-24,18888.346285324507
1995-07-25,18888.346285324507
1995-07-26,23609.252512064486
1995-07-27,33092.96567700396
1995-07-28,33056.35972971827
1995-07-31,33037.892988602754
1995-08-01,32948.33344403854
1995-08-02,32898.96240332103
1995-08-03,32886.30522607095
1995-08-04,32941.43650619835
1995-08-07,32983.70685504724
1995-08-08,32990.32742304624
1995-08-09,33034.20343435267
1995-08-10,32988.92999624317
1995-08-11,32983.18315839346
1995-08-14,33079.74465087436
1995-08-15,33076.023512416345
1995-08-16,33177.00909805717
1995-08-17,33206.273044178895
1995-08-18,33227.58763811998
1995-08-21,33183.11941111444
1995-08-22,33202.51417079581
1995-08-23,33199.21099528235
1995-08-24,33155.37250120874
1995-08-25,33183.14335744109
1995-08-28,33102.573958035515
1995-08-29,28195.984294483744
1995-08-30,28245.5715671185
1995-08-31,28288.62636283729
1995-09-01,33008.32549115391
1995-09-05,33178.378993638
1995-09-06,33244.4311750246
1995-09-07,33301.488859240446
1995-09-08,33398.466566160285
1995-09-11,33446.62387318788
1995-09-12,33471.19989400478
1995-09-13,38213.79156981589
1995-09-14,38290.30050303482
1995-09-15,38181.729030730996
1995-09-18,38141.03500777556
1995-09-19,38195.29023727581
1995-09-20,38278.823759542734
1995-09-21,38173.01662788214
1995-09-22,33257.08275498077
1995-09-25,33229.638666270504
1995-09-26,27972.12303170155
1995-09-27,27965.82268859293
1995-09-28,28031.144355441662
1995-09-29,28020.37131324859
1995-10-02,27970.42563141962
1995-10-03,27964.18798617011
1995-10-04,27948.00186460677
1995-10-05,27979.459208164564
1995-10-06,27984.709431691652
1995-10-09,22912.930057690595
1995-10-10,22907.57658444208
1995-10-11,22921.8483335923
1995-10-12,22951.11231554586
1995-10-13,22979.65533159486
1995-10-16,22970.37150910074
1995-10-17,22981.798939250893
1995-10-18,22963.596358603634
1995-10-19,27548.34706565953
1995-10-20,27516.21950968804
1995-10-23,27458.794628868192
1995-10-24,27498.054175527683
1995-10-25,27437.018682624548
1995-10-26,15597.78071754299
1995-10-27,15597.78071754299
1995-10-30,15597.78071754299
1995-10-31,15597.78071754299
1995-11-01,15597.78071754299
1995-11-02,15597.78071754299
1995-11-03,19496.251181841155
1995-11-06,19486.911133776262
1995-11-07,19473.19201354578
1995-11-08,23416.51995433373
1995-11-09,23436.072834137336
1995-11-10,23437.475505834074
1995-11-13,23436.752210210816
1995-11-14,23416.03878076253
1995-11-15,23487.966947032073
1995-11-16,23547.896553803224
1995-11-17,23582.52046309181
1995-11-20,23555.760872923678
1995-11-21,23610.787567676813
1995-11-22,23613.25585636872
1995-11-24,23629.441718615577
1995-11-27,23656.144514747546
1995-11-28,23695.779625961353
1995-11-29,23725.807032954763
1995-11-30,23685.746799848697
1995-12-01,23706.56726593563
1995-12-04,27691.31811367048
1995-12-05,27734.107058615555
1995-12-06,27752.935258599144
1995-12-07,27663.210121370088
1995-12-08,27703.470859348185
1995-12-11,27735.78267415146
1995-12-12,27688.945959527176
1995-12-13,27757.981098378827
1995-12-14,23327.94263473951
1995-12-15,23319.742246284048
1995-12-18,13160.797942986834
1995-12-19,13160.797942986834
1995-12-20,13160.797942986834
1995-12-21,13160.797942986834
1995-12-22,13160.797942986834
1995-12-26,13160.797942986834
1995-12-27,13160.797942986834
1995-12-28,13160.797942986834
1995-12-29,16450.175002226082
1996-01-02,16458.92058252525
1996-01-03,16442.26219816539
1996-01-04,13003.601656067665
1996-01-05,13003.601656067665
1996-01-08,13003.601656067665
1996-01-09,13003.601656067665
1996-01-10,13003.601656067665
1996-01-11,13003.601656067665
1996-01-12,13003.601656067665
1996-01-15,13003.601656067665
1996-01-16,13003.601656067665
1996-01-17,13003.601656067665
1996-01-18,13003.601656067665
1996-01-19,13003.601656067665
1996-01-22,13003.601656067665
1996-01-23,13003.601656067665
1996-01-24,16253.68946687156
1996-01-25,16237.564145674096
1996-01-26,16271.612948463873
1996-01-29,16292.214599250337
1996-01-30,19589.481608207214
1996-01-31,19628.49451441163
1996-02-01,22897.05653083593
1996-02-02,22868.37717104511
1996-02-05,26175.464863207148
1996-02-06,26267.5214173716
1996-02-07,26286.065618014636
1996-02-08,26382.807919184892
1996-02-09,26396.64831462853
1996-02-12,26464.448701732555
1996-02-13,26419.502494641383
1996-02-14,26395.86616274256
1996-02-15,26360.674899588805
1996-02-16,26322.770836963165
1996-02-20,22748.28088778507
1996-02-21,22849.614132164093
1996-02-22,23006.660873605477
1996-02-23,23028.70977240202
1996-02-26,22969.237187807525
1996-02-27,22934.135709350587
1996-02-28,22915.816718655034
1996-02-29,22877.17025891127
1996-03-01,19254.686992045994
1996-03-04,19309.06532532211
1996-03-05,19348.48486519014
1996-03-06,19343.305201998974
1996-03-07,19353.870777863813
1996-03-08,10780.101511783307
1996-03-11,10780.101511783307
1996-03-12,10780.101511783307
1996-03-13,10780.101511783307
1996-03-14,10780.101511783307
1996-03-15,10780.101511783307
1996-03-18,16168.737608391815
1996-03-19,16164.188719050198
1996-03-20,16152.671658623784
1996-03-21,16143.485812402787
1996-03-22,16153.114321437337
1996-03-25,16142.108040404017
1996-03-26,16154.703646003101
1996-03-27,16140.37039703078
1996-03-28,16144.958291956158
1996-03-29,16140.221841007486
1996-04-01,16177.89345566984
1996-04-02,16200.470802184824
1996-04-03,16215.919748935157
1996-04-04,16218.570050862707
1996-04-08,16143.15772694907
1996-04-09,16141.158334458898
1996-04-10,11921.103828688869
1996-04-11,11908.314413094078
1996-04-12,11922.333532074143
1996-04-15,11941.517655466327
1996-04-16,14259.54957161666
1996-04-17,14245.360817372799
1996-04-18,14298.326498117023
1996-04-19,14311.844842647943
1996-04-22,14362.455780507775
1996-04-23,14410.326045887768
1996-04-24,14440.110351235087
1996-04-25,14468.244485149324
1996-04-26,14486.84458442112
1996-04-29,14492.722040848475
1996-04-30,14497.960511622614
1996-05-01,14533.056628490755
1996-05-02,14453.83693931569
1996-05-03,14474.125202528972
1996-05-06,14477.787710077204
1996-05-07,14460.420723512007
1996-05-08,14458.122377497297
1996-05-09,14487.107595042853
1996-05-10,14546.531347013495
1996-05-13,14613.092692626735
1996-05-14,16964.34640964793
1996-05-15,16967.150411486997
1996-05-16,16982.27249905299
1996-05-17,17016.89916072894
1996-05-20,19365.419601024158
1996-05-21,19351.2479614533
1996-05-22,19406.454264829277
1996-05-23,19392.52481636859
1996-05-24,19401.40020061894
1996-05-28,19310.106839888424
1996-05-29,19238.89403922068
1996-05-30,19285.91177490237
1996-05-31,19289.61949392104
1996-06-03,19264.269433127054
1996-06-04,19317.68488183724
1996-06-05,19369.549113861984
1996-06-06,19285.018813331728
1996-06-07,16481.402014303192
1996-06-10,16474.29975264077
1996-06-11,16463.968101610768
1996-06-12,16466.7827705348
1996-06-13,16438.68058044847
1996-06-14,13821.600013178928
1996-06-17,13820.547126333051
1996-06-18,11345.8114561384
1996-06-19,11353.9459870541
1996-06-20,11358.381511264475
1996-06-21,11376.71587138632
1996-06-24,11381.743854343462
1996-06-25,11382.33631309023
1996-06-26,11367.696854878695
1996-06-27,11365.627060860377
1996-06-28,11356.459880799455
1996-07-01,11386.623673747308
1996-07-02,11382.780608283698
1996-07-03,11375.831190327965
1996-07-05,7742.136423996946
1996-07-08,7742.136423996946
1996-07-09,7742.136423996946
1996-07-10,7742.136423996946
1996-07-11,7742.136423996946
1996-07-12,7742.136423996946
1996-07-15,7742.136423996946
1996-07-16,7742.136423996946
1996-07-17,7742.136423996946
1996-07-18,7742.136423996946
1996-07-19,7742.136423996946
1996-07-22,7742.136423996946
1996-07-23,7742.136423996946
1996-07-24,7742.136423996946
1996-07-25,7742.136423996946
1996-07-26,7742.136423996946
1996-07-29,7742.136423996946
1996-07-30,7742.136423996946
1996-07-31,7742.136423996946
1996-08-01,7742.136423996946
1996-08-02,7742.136423996946
1996-08-05,7742.136423996946
1996-08-06,7742.136423996946
1996-08-07,7742.136423996946
1996-08-08,7742.136423996946
1996-08-09,7742.136423996946
1996-08-12,7742.136423996946
1996-08-13,7742.136423996946
1996-08-14,7742.136423996946
1996-08-15,7742.136423996946
1996-08-16,7742.136423996946
1996-08-19,7742.136423996946
1996-08-20,7742.136423996946
1996-08-21,7742.136423996946
1996-08-22,7742.136423996946
1996-08-23,7742.136423996946
1996-08-26,7742.136423996946
1996-08-27,7742.136423996946
1996-08-28,7742.136423996946
1996-08-29,7742.136423996946
1996-08-30,7742.136423996946
1996-09-03,7742.136423996946
1996-09-04,7742.136423996946
1996-09-05,7742.136423996946
1996-09-06,7742.136423996946
1996-09-09,7742.136423996946
1996-09-10,7742.136423996946
1996-09-11,9677.186719041327
1996-09-12,9682.910150131856
1996-09-13,11640.301385919174
1996-09-16,11667.125984980323
1996-09-17,13598.997781748436
1996-09-18,13594.819901680778
1996-09-19,13606.196103753871
1996-09-20,13636.845699857604
1996-09-23,13624.174232683046
1996-09-24,13620.847051212406
1996-09-25,15572.598651146393
1996-09-26,15582.36755490501
1996-09-27,15590.931109529556
1996-09-30,15597.147930881281
1996-10-01,15595.099654031059
1996-10-02,15658.475328562858
1996-10-03,15644.395866034993
1996-10-04,15724.126440397074
1996-10-07,15727.761063830156
1996-10-08,15690.182576395888
1996-10-09,15656.352684894273
1996-10-10,15648.701919422292
1996-10-11,15707.15942895738
1996-10-14,15748.267895593443
1996-10-15,15746.608817330642
1996-10-16,15742.137843842967
1996-10-17,15746.961523482525
1996-10-18,15768.498117646457
1996-10-21,15744.995998115413
1996-10-22,11507.78369182023
1996-10-23,11501.253067115955
1996-10-24,11472.302303538001
1996-10-25,11473.296033495968
1996-10-28,6289.535389822724
1996-10-29,6289.535389822724
1996-10-30,6289.535389822724
1996-10-31,6289.535389822724
1996-11-01,6289.535389822724
1996-11-04,6289.535389822724
1996-11-05,7861.526200272092
1996-11-06,9456.482961920688
1996-11-07,9470.428874438594
1996-11-08,9480.914144341587
1996-11-11,9492.331040072953
1996-11-12,9489.90244632594
1996-11-13,9495.445541289184
1996-11-14,11087.678299465915
1996-11-15,11089.830306168977
1996-11-18,11079.27731614632
1996-11-19,11113.45424621593
1996-11-20,11128.51611904253
1996-11-21,11114.445914603346
1996-11-22,11161.318271833428
1996-11-25,12778.249027098907
1996-11-26,12767.927988162053
1996-11-27,12771.746622213584
1996-11-29,12794.855919582802
1996-12-02,12808.254222485808
1996-12-03,12781.71145353762
1996-12-04,12766.744029075096
1996-12-05,12776.837871141892
1996-12-06,8456.727247695922
1996-12-09,8514.374231234993
1996-12-10,8513.385237457223
1996-12-11,8493.076312068039
1996-12-12,8473.833354882847
1996-12-13,6819.464956580536
1996-12-16,5019.311485886863
1996-12-17,5019.311485886863
1996-12-18,5019.311485886863
1996-12-19,5019.311485886863
1996-12-20,5019.311485886863
1996-12-23,5019.311485886863
1996-12-24,5019.311485886863
1996-12-26,5019.311485886863
1996-12-27,5019.311485886863
1996-12-30,5019.311485886863
1996-12-31,6273.825697439699
1997-01-02,6261.1966266944555
1997-01-03,6271.196150114224
1997-01-06,6272.787732125905
1997-01-07,6279.188799805205
1997-01-08,6279.223433846195
1997-01-09,6284.1366104536055
1997-01-10,8794.800972472465
1997-01-13,8793.93390820587
1997-01-14,10078.623391717003
1997-01-15,10056.06205162367
1997-01-16,10073.019128548829
1997-01-17,10107.582451390303
1997-01-20,10129.893654722393
1997-01-21,10162.51631647253
1997-01-22,10173.49189927649
1997-01-23,10131.916646594113
1997-01-24,10087.615347326344
1997-01-27,5236.873151272446
1997-01-28,5236.873151272446
1997-01-29,5249.078203842653
1997-01-30,5268.120065717417
1997-01-31,5271.367124386382
1997-02-03,5272.297202932249
1997-02-04,5276.425441060882
1997-02-05,5258.509453258399
1997-02-06,5261.560716400951
1997-02-07,5276.914929876915
1997-02-10,5270.1760183355655
1997-02-11,5276.963928553922
1997-02-12,6295.368720626186
1997-02-13,6318.844363366236
1997-02-14,6308.599673474853
1997-02-18,6332.585466209953
1997-02-19,6319.6067402857225
1997-02-20,6290.512560425622
1997-02-21,6289.4392239821045
1997-02-24,6314.29226512349
1997-02-25,6321.391129290144
1997-02-26,6303.203202466868
1997-02-27,6277.568752542129
1997-02-28,4909.910062094459
1997-03-03,4915.8075455571725
1997-03-04,4906.326859783313
1997-03-05,4919.664307858194
1997-03-06,4919.499626422571
1997-03-07,4927.54677952965
1997-03-10,4938.789032201503
1997-03-11,4939.615376373373
1997-03-12,4933.0576287428685
1997-03-13,3227.10195102375
1997-03-14,3227.10195102375
1997-03-17,3227.10195102375
1997-03-18,3227.10195102375
1997-03-19,3227.10195102375
1997-03-20,3227.10195102375
1997-03-21,3227.10195102375
1997-03-24,3227.10195102375
1997-03-25,3227.10195102375
1997-03-26,3227.10195102375
1997-03-27,3227.10195102375
1997-03-31,3227.10195102375
1997-04-01,3227.10195102375
1997-04-02,3227.10195102375
1997-04-03,3227.10195102375
1997-04-04,3227.10195102375
1997-04-07,3227.10195102375
1997-04-08,3227.10195102375
1997-04-09,3227.10195102375
1997-04-10,3227.10195102375
1997-04-11,3227.10195102375
1997-04-14,3227.10195102375
1997-04-15,3227.10195102375
1997-04-16,3227.10195102375
1997-04-17,3227.10195102375
1997-04-18,3227.10195102375
1997-04-21,3227.10195102375
1997-04-22,3227.10195102375
1997-04-23,3227.10195102375
1997-04-24,3227.10195102375
1997-04-25,3227.10195102375
1997-04-28,3227.10195102375
1997-04-29,3227.10195102375
1997-04-30,3227.10195102375
1997-05-01,3227.10195102375
1997-05-02,3227.10195102375
1997-05-05,4840.229437969429
1997-05-06,4839.070890970798
1997-05-07,4811.660701220662
1997-05-08,4821.865915548734
1997-05-09,4829.936117783349
1997-05-12,4856.236840533396
1997-05-13,4849.756072954434
1997-05-14,4853.925013099595
1997-05-15,5671.421355092652
1997-05-16,5636.458499201499
1997-05-19,5644.006460968584
1997-05-20,6480.504167376452
1997-05-21,6486.784878303005
1997-05-22,6481.936141145235
1997-05-23,6522.224933979156
1997-05-27,6542.9801780152775
1997-05-28,6540.4999811078105
1997-05-29,6531.587091892385
1997-05-30,6539.240174255296
1997-06-02,6541.4328953191825
1997-06-03,6530.743903337325
1997-06-04,6516.326794213308
1997-06-05,6534.8008652397775
1997-06-06,6577.081787606498
1997-06-09,6592.572455415864
1997-06-10,6594.200526069724
1997-06-11,6606.812799308186
1997-06-12,6641.7553186260975
1997-06-13,6671.689828714399
1997-06-16,6676.795128669229
1997-06-17,6683.453707836736
1997-06-18,6666.977287255333
1997-06-19,6699.7774205229325
1997-06-20,6696.281789178242
1997-06-23,5803.337443388762
1997-06-24,5848.538556357979
1997-06-25,5830.098525265276
1997-06-26,5815.072034454146
1997-06-27,5823.378596147406
1997-06-30,5821.949885244452
1997-07-01,5830.930970243779
1997-07-02,5862.077632987652
1997-07-03,5892.980526608646
1997-07-07,5886.0892668291035
1997-07-08,6723.586176909981
1997-07-09,6698.4077218555285
1997-07-10,6715.561031571358
1997-07-11,6735.591526393472
1997-07-14,6753.284241881076
1997-07-15,6782.382958277125
1997-07-16,6830.725438786119
1997-07-17,6812.546622169985
1997-07-18,6765.179392755372
1997-07-21,4978.15863733229
1997-07-22,5015.920522018683
1997-07-23,5021.41938632551
1997-07-24,5028.244250479781
1997-07-25,5026.385882069301
1997-07-28,5024.973641833799
1997-07-29,5036.618553021559
1997-07-30,6658.442922325383
1997-07-31,6661.717582495367
1997-08-01,6651.292684698174
1997-08-04,6663.232517720175
1997-08-05,6677.346454466671
1997-08-06,6702.269377420075
1997-08-07,6681.0837703716
1997-08-08,5786.999355019867
1997-08-11,5787.869541594515
1997-08-12,2502.5114033715613
1997-08-13,2502.5114033715613
1997-08-14,2502.5114033715613
1997-08-15,2502.5114033715613
1997-08-18,2502.5114033715613
1997-08-19,2502.5114033715613
1997-08-20,2502.5114033715613
1997-08-21,2502.5114033715613
1997-08-22,2502.5114033715613
1997-08-25,2502.5114033715613
1997-08-26,2502.5114033715613
1997-08-27,2502.5114033715613
1997-08-28,2502.5114033715613
1997-08-29,3127.9828707092665
1997-09-02,3134.8079992345033
1997-09-03,3135.9012334512745
1997-09-04,3137.2603261437057
1997-09-05,3142.179767409967
1997-09-08,3771.993614474333
1997-09-09,3778.726164209488
1997-09-10,3771.0189160092905
1997-09-11,3769.8178313997937
1997-09-12,3779.563645058804
1997-09-15,3774.2035884029046
1997-09-16,3794.4090572792597
1997-09-17,3795.0322708120484
1997-09-18,3796.8989698946043
1997-09-19,3801.8197626731708
1997-09-22,3807.949439592637
1997-09-23,3811.606641149272
1997-09-24,3806.582960391895
1997-09-25,3802.368895413311
1997-09-26,3805.0606646058195
1997-09-29,3813.4939040107683
1997-09-30,3813.6701204819183
1997-10-01,3816.708006568451
1997-10-02,3824.635831281155
1997-10-03,4459.004569580661
1997-10-06,4469.486343678764
1997-10-07,4485.158971009635
1997-10-08,4480.677492845047
1997-10-09,4481.4562338474125
1997-10-10,4477.213247137136
1997-10-13,4479.379820025202
1997-10-14,4475.414021896508
1997-10-15,4467.059983857651
1997-10-16,3056.8626107816262
1997-10-17,2365.020356451776
1997-10-20,2365.020356451776
1997-10-21,2365.020356451776
1997-10-22,2365.020356451776
1997-10-23,2365.020356451776
1997-10-24,2365.020356451776
1997-10-27,2365.020356451776
1997-10-28,2365.020356451776
1997-10-29,2365.020356451776
1997-10-30,2365.020356451776
1997-10-31,2365.020356451776
1997-11-03,2365.020356451776
1997-11-04,2365.020356451776
1997-11-05,2365.020356451776
1997-11-06,2365.020356451776
1997-11-07,2365.020356451776
1997-11-10,2365.020356451776
1997-11-11,2365.020356451776
1997-11-12,2365.020356451776
1997-11-13,2365.020356451776
1997-11-14,2365.020356451776
1997-11-17,2365.020356451776
1997-11-18,2365.020356451776
1997-11-19,2365.020356451776
1997-11-20,2365.020356451776
1997-11-21,2365.020356451776
1997-11-24,2365.020356451776
1997-11-25,2365.020356451776
1997-11-26,2365.020356451776
1997-11-28,2365.020356451776
1997-12-01,2365.020356451776
1997-12-02,2365.020356451776
1997-12-03,2365.020356451776
1997-12-04,2365.020356451776
1997-12-05,2956.127653961182
1997-12-08,2955.2743761032034
1997-12-09,2951.3144186423815
1997-12-10,2947.7149541136937
1997-12-11,2938.7914978746203
1997-12-12,2937.860099155369
1997-12-15,2943.8691704750036
1997-12-16,2946.6633666327575
1997-12-17,2945.1610988028488
1997-12-18,2939.0078156397767
1997-12-19,2286.662567211593
1997-12-22,2286.662567211593
1997-12-23,2286.662567211593
1997-12-24,2286.662567211593
1997-12-26,2286.662567211593
1997-12-29,2286.662567211593
1997-12-30,2286.662567211593
1997-12-31,2286.662567211593
1998-01-02,2286.662567211593
1998-01-05,2286.662567211593
1998-01-06,2286.662567211593
1998-01-07,2286.662567211593
1998-01-08,2286.662567211593
1998-01-09,2286.662567211593
1998-01-12,2286.662567211593
1998-01-13,2286.662567211593
1998-01-14,2286.662567211593
1998-01-15,2286.662567211593
1998-01-16,2286.662567211593
1998-01-20,2286.662567211593
1998-01-21,2286.662567211593
1998-01-22,2286.662567211593
1998-01-23,2286.662567211593
1998-01-26,2286.662567211593
1998-01-27,2286.662567211593
1998-01-28,2286.662567211593
1998-01-29,2286.662567211593
1998-01-30,2286.662567211593
1998-02-02,2858.185314038287
1998-02-03,3432.39390750422
1998-02-04,3437.74407564004
1998-02-05,4006.105937085651
1998-02-06,4590.5167592916405
1998-02-09,4589.8553318032045
1998-02-10,4614.02429087676
1998-02-11,4616.817121941658
1998-02-12,4625.4917166169525
1998-02-13,4624.302741772257
1998-02-17,4623.99551702592
1998-02-18,4639.1335504244125
1998-02-19,4634.947999349594
1998-02-20,4641.111265138217
1998-02-23,4654.159338252333
1998-02-24,4639.996083539159
1998-02-25,4668.0778354809
1998-02-26,4681.238870176216
1998-02-27,4683.572570560847
1998-03-02,4678.487484374784
1998-03-03,4684.00539726693
1998-03-04,4678.651181982816
1998-03-05,3972.2952854222885
1998-03-06,4001.6864712700535
1998-03-09,3996.253545279255
1998-03-10,4012.8769904100336
1998-03-11,4020.7809507307943
1998-03-12,4021.3154265008075
1998-03-13,4017.8739047380104
1998-03-16,4586.822290208664
1998-03-17,4586.096493583422
1998-03-18,4594.908125572051
1998-03-19,4605.580236723352
1998-03-20,4614.774460043962
1998-03-23,4607.079004572583
1998-03-24,4628.100272161133
1998-03-25,4628.620070679924
1998-03-26,4628.27077424134
1998-03-27,4619.299582997235
1998-03-30,4614.562078548048
1998-03-31,4631.421254395051
1998-04-01,4649.017351189126
1998-04-02,4667.608681673364
1998-04-03,4668.846939653755
1998-04-06,4658.44687768371
1998-04-07,3379.3725962128883
1998-04-08,3370.3251748010725
1998-04-09,3382.6890848226362
1998-04-13,3383.3466719837115
1998-04-14,3393.6384650215773
1998-04-15,3399.3102577808204
1998-04-16,3386.9644110992185
1998-04-17,3401.616208041652
1998-04-20,4460.535285125045
1998-04-21,4472.786957126316
1998-04-22,4477.989570665066
1998-04-23,4452.514213580376
1998-04-24,3876.1613165358644
1998-04-27,2579.540845237153
1998-04-28,1498.005905606365
1998-04-29,1498.005905606365
1998-04-30,1498.005905606365
1998-05-01,1498.005905606365
1998-05-04,1498.005905606365
1998-05-05,1498.005905606365
1998-05-06,1498.005905606365
1998-05-07,1498.005905606365
1998-05-08,1498.005905606365
1998-05-11,1498.005905606365
1998-05-12,1498.005905606365
1998-05-13,1498.005905606365
1998-05-14,1498.005905606365
1998-05-15,1498.005905606365
1998-05-18,1498.005905606365
1998-05-19,1498.005905606365
1998-05-20,1498.005905606365
1998-05-21,1498.005905606365
1998-05-22,1498.005905606365
1998-05-26,1498.005905606365
1998-05-27,1498.005905606365
1998-05-28,1498.005905606365
1998-05-29,1498.005905606365
1998-06-01,1498.005905606365
1998-06-02,1498.005905606365
1998-06-03,1498.005905606365
1998-06-04,1498.005905606365
1998-06-05,1498.005905606365
1998-06-08,1498.005905606365
1998-06-09,1498.005905606365
1998-06-10,1498.005905606365
1998-06-11,1498.005905606365
1998-06-12,1498.005905606365
1998-06-15,1498.005905606365
1998-06-16,1498.005905606365
1998-06-17,1498.005905606365
1998-06-18,1498.005905606365
1998-06-19,1498.005905606365
1998-06-22,1498.005905606365
1998-06-23,1498.005905606365
1998-06-24,1498.005905606365
1998-06-25,1498.005905606365
1998-06-26,1498.005905606365
1998-06-29,1498.005905606365
1998-06-30,1498.005905606365
1998-07-01,1872.413770680555
1998-07-02,1871.716098459065
1998-07-06,1875.2728697284417
1998-07-07,1874.4024409549304
1998-07-08,2252.6218079964087
1998-07-09,2250.9294550328577
1998-07-10,2253.4335003716415
1998-07-13,2258.064959063109
1998-07-14,2262.6614514002904
1998-07-15,2266.8137479341785
1998-07-16,2645.360351978714
1998-07-17,2648.2391120169914
1998-07-20,2646.7426389970697
1998-07-21,2629.5088660478814
1998-07-22,2624.9097052308234
1998-07-23,1029.3430172686858
1998-07-24,1029.3430172686858
1998-07-27,1029.3430172686858
1998-07-28,1029.3430172686858
1998-07-29,1029.3430172686858
1998-07-30,1029.3430172686858
1998-07-31,1029.3430172686858
1998-08-03,1029.3430172686858
1998-08-04,1029.3430172686858
1998-08-05,1029.3430172686858
1998-08-06,1029.3430172686858
1998-08-07,1029.3430172686858
1998-08-10,1029.3430172686858
1998-08-11,1029.3430172686858
1998-08-12,1029.3430172686858
1998-08-13,1029.3430172686858
1998-08-14,1029.3430172686858
1998-08-17,1029.3430172686858
1998-08-18,1029.3430172686858
1998-08-19,1029.3430172686858
1998-08-20,1029.3430172686858
1998-08-21,1029.3430172686858
1998-08-24,1029.3430172686858
1998-08-25,1029.3430172686858
1998-08-26,1029.3430172686858
1998-08-27,1029.3430172686858
1998-08-28,1029.3430172686858
1998-08-31,1029.3430172686858
1998-09-01,1029.3430172686858
1998-09-02,1029.3430172686858
1998-09-03,1029.3430172686858
1998-09-04,1029.3430172686858
1998-09-08,1029.3430172686858
1998-09-09,1029.3430172686858
1998-09-10,1029.3430172686858
1998-09-11,1029.3430172686858
1998-09-14,1029.3430172686858
1998-09-15,1029.3430172686858
1998-09-16,1029.3430172686858
1998-09-17,1029.3430172686858
1998-09-18,1029.3430172686858
1998-09-21,1029.3430172686858
1998-09-22,1029.3430172686858
1998-09-23,1029.3430172686858
1998-09-24,1029.3430172686858
1998-09-25,1029.3430172686858
1998-09-28,1029.3430172686858
1998-09-29,1029.3430172686858
1998-09-30,1029.3430172686858
1998-10-01,1029.3430172686858
1998-10-02,1029.3430172686858
1998-10-05,1029.3430172686858
1998-10-06,1029.3430172686858
1998-10-07,1029.3430172686858
1998-10-08,1029.3430172686858
1998-10-09,1029.3430172686858
1998-10-12,1029.3430172686858
1998-10-13,1029.3430172686858
1998-10-14,1029.3430172686858
1998-10-15,1029.3430172686858
1998-10-16,1029.3430172686858
1998-10-19,1029.3430172686858
1998-10-20,1029.3430172686858
1998-10-21,1029.3430172686858
1998-10-22,1029.3430172686858
1998-10-23,1029.3430172686858
1998-10-26,1029.3430172686858
1998-10-27,1029.3430172686858
1998-10-28,1029.3430172686858
1998-10-29,1029.3430172686858
1998-10-30,1029.3430172686858
1998-11-02,1224.2997517281503
1998-11-03,1224.1664449238124
1998-11-04,1442.9967126291483
1998-11-05,1448.9359087726916
1998-11-06,1651.6399121307265
1998-11-09,1648.3084884923737
1998-11-10,1647.6191165222913
1998-11-11,1644.9679438101903
1998-11-12,1643.3489419189582
1998-11-13,1646.6514815428095
1998-11-16,1652.176049923547
1998-11-17,1653.976850164679
1998-11-18,1658.2775641239955
1998-11-19,1662.469126966461
1998-11-20,1667.869599226977
1998-11-23,1682.8123936191264
1998-11-24,1678.8432500729664
1998-11-25,1681.9310774702794
1998-11-27,1686.7182564509505
1998-11-30,1669.1165118742874
1998-12-01,1677.4199602085082
1998-12-02,1674.0846782000701
1998-12-03,1033.3454370686704
1998-12-04,1038.6052568149707
1998-12-07,1042.6424803650912
1998-12-08,1042.0080268367856
1998-12-09,1043.6959406732146
1998-12-10,1039.9840239621292
1998-12-11,1041.4220537577733
1998-12-14,1034.7016010445964
1998-12-15,1039.6220970929116
1998-12-16,1039.2730957137012
1998-12-17,1042.9914817443018
1998-12-18,1047.5435816038846
1998-12-21,1258.7894189729004
1998-12-22,1257.0776636772334
1998-12-23,1266.901254094254
1998-12-24,1265.4897875163942
1998-12-28,1267.2156011433972
1998-12-29,1270.1645557582042
1998-12-30,1266.8787757903833
1998-12-31,1474.8409693630326
1999-01-04,1475.961103069988
1999-01-05,1483.8733411974708
1999-01-06,1704.5063311448862
1999-01-07,1704.487531365774
1999-01-08,1711.3091702613638
1999-01-11,1714.1416595706287
1999-01-12,1697.1566343842132
1999-01-13,1691.9439361630746
1999-01-14,592.7795911572667
1999-01-15,592.7795911572667
1999-01-19,702.5288006626461
1999-01-20,702.86243661328
1999-01-21,699.6368625361674
1999-01-22,699.3706815144179
1999-01-25,700.7576358605113
1999-01-26,703.6791954024783
1999-01-27,702.481853723523
1999-01-28,705.6814562064396
1999-01-29,840.4869682436712
1999-02-01,839.9855868260858
1999-02-02,836.7096578470714
1999-02-03,839.1282917163314
1999-02-04,832.869474829096
1999-02-05,830.2597027668007
1999-02-08,832.1422584848926
1999-02-09,540.0538921566057
1999-02-10,540.0538921566057
1999-02-11,540.0538921566057
1999-02-12,540.0538921566057
1999-02-16,540.0538921566057
1999-02-17,540.0538921566057
1999-02-18,540.0538921566057
1999-02-19,540.0538921566057
1999-02-22,540.0538921566057
1999-02-23,540.0538921566057
1999-02-24,540.0538921566057
1999-02-25,540.0538921566057
1999-02-26,540.0538921566057
1999-03-01,540.0538921566057
1999-03-02,540.0538921566057
1999-03-03,540.0538921566057
1999-03-04,540.0538921566057
1999-03-05,670.1389235813912
1999-03-08,670.0257471462464
1999-03-09,669.5734198348869
1999-03-10,670.6301247080737
1999-03-11,798.5100385120206
1999-03-12,797.9276349866665
1999-03-15,800.2614053235268
1999-03-16,799.7976505542538
1999-03-17,798.2827171832533
1999-03-18,801.6842030058751
1999-03-19,798.7482808667548
1999-03-22,798.3522514233032
1999-03-23,649.8601015249947
1999-03-24,649.793419686693
1999-03-25,652.059023225652
1999-03-26,651.8699521581077
1999-03-29,654.3358621976398
1999-03-30,653.0861975704481
1999-03-31,651.387833332689
1999-04-01,652.0071784226046
1999-04-05,762.2924902046368
1999-04-06,761.8378275558209
1999-04-07,892.7952692203216
1999-04-08,897.194428344976
1999-04-09,898.1332633160841
1999-04-12,901.5981268092573
1999-04-13,900.8300699966043
1999-04-14,895.7414794535621
1999-04-15,896.4865891127035
1999-04-16,894.9344071988924
1999-04-19,605.2562139424537
1999-04-20,605.3633746579394
1999-04-21,607.1388471114567
1999-04-22,725.4936975537971
1999-04-23,725.7743019224822
1999-04-26,796.0876792182833
1999-04-27,796.3582886074046
1999-04-28,794.7443825802264
1999-04-29,794.4287889381809
1999-04-30,793.5996007059739
1999-05-03,796.5528784435967
1999-05-04,793.3335378784263
1999-05-05,796.0000714997238
1999-05-06,707.8881011084324
1999-05-07,709.7619317190868
1999-05-10,710.9949197041509
1999-05-11,712.5939513606085
1999-05-12,712.914561692606
1999-05-13,714.7708593068317
1999-05-14,710.0872653267181
1999-05-17,708.8043023099949
1999-05-18,708.8821763931589
1999-05-19,710.5578871323225
1999-05-20,710.7923117269264
1999-05-21,710.5958046750637
1999-05-24,437.1545156676443
1999-05-25,314.04793950474374
1999-05-26,314.04793950474374
1999-05-27,314.04793950474374
1999-05-28,314.04793950474374
1999-06-01,314.04793950474374
1999-06-02,314.04793950474374
1999-06-03,314.04793950474374
1999-06-04,314.04793950474374
1999-06-07,314.04793950474374
1999-06-08,314.04793950474374
1999-06-09,314.04793950474374
1999-06-10,314.04793950474374
1999-06-11,314.04793950474374
1999-06-14,314.04793950474374
1999-06-15,314.04793950474374
1999-06-16,314.04793950474374
1999-06-17,314.04793950474374
1999-06-18,314.04793950474374
1999-06-21,314.04793950474374
1999-06-22,314.04793950474374
1999-06-23,314.04793950474374
1999-06-24,314.04793950474374
1999-06-25,314.04793950474374
1999-06-28,314.04793950474374
1999-06-29,392.5402993284685
1999-06-30,453.2685035242233
1999-07-01,531.642734285341
1999-07-02,611.8538577789711
1999-07-06,611.5606411475542
1999-07-07,611.8415059245403
1999-07-08,612.3346208461402
1999-07-09,614.3420822022667
1999-07-12,614.3251162431277
1999-07-13,613.3483091038104
1999-07-14,614.8927025449233
1999-07-15,617.0391214229844
1999-07-16,618.1934751583043
1999-07-19,615.9670437274053
1999-07-20,361.39806102289356
1999-07-21,361.44492427007935
1999-07-22,361.2084334693764
1999-07-23,360.79789490834696
1999-07-26,196.68436745398947
1999-07-27,196.68436745398947
1999-07-28,196.68436745398947
1999-07-29,196.68436745398947
1999-07-30,196.68436745398947
1999-08-02,196.68436745398947
1999-08-03,196.68436745398947
1999-08-04,196.68436745398947
1999-08-05,196.68436745398947
1999-08-06,196.68436745398947
1999-08-09,196.68436745398947
1999-08-10,196.68436745398947
1999-08-11,196.68436745398947
1999-08-12,196.68436745398947
1999-08-13,196.68436745398947
1999-08-16,196.68436745398947
1999-08-17,196.68436745398947
1999-08-18,196.68436745398947
1999-08-19,196.68436745398947
1999-08-20,196.68436745398947
1999-08-23,245.84316838816036
1999-08-24,245.7715533376476
1999-08-25,245.95751028221846
1999-08-26,245.40238423181236
1999-08-27,244.93127149459457
1999-08-30,141.33633375312436
1999-08-31,141.33633375312436
1999-09-01,141.33633375312436
1999-09-02,141.33633375312436
1999-09-03,141.33633375312436
1999-09-07,141.33633375312436
1999-09-08,141.33633375312436
1999-09-09,141.33633375312436
1999-09-10,172.44293496228403
1999-09-13,171.98723576772966
1999-09-14,172.24067733917047
1999-09-15,171.65750233251975
1999-09-16,171.57722487655724
1999-09-17,172.2550096865434
1999-09-20,172.43312751165882
1999-09-21,171.73217891338007
1999-09-22,172.1315194666405
1999-09-23,131.2951831019031
1999-09-24,131.2951831019031
1999-09-27,131.2951831019031
1999-09-28,131.2951831019031
1999-09-29,131.2951831019031
1999-09-30,131.2951831019031
1999-10-01,131.2951831019031
1999-10-04,131.2951831019031
1999-10-05,131.2951831019031
1999-10-06,131.2951831019031
1999-10-07,131.2951831019031
1999-10-08,131.2951831019031
1999-10-11,157.36407971508208
1999-10-12,156.97496729134414
1999-10-13,156.3387266330886
1999-10-14,156.38852860521652
1999-10-15,122.52015792464515
1999-10-18,122.52015792464515
1999-10-19,122.52015792464515
1999-10-20,122.52015792464515
1999-10-21,122.52015792464515
1999-10-22,122.52015792464515
1999-10-25,122.52015792464515
1999-10-26,122.52015792464515
1999-10-27,122.52015792464515
1999-10-28,122.52015792464515
1999-10-29,144.89029219286718
1999-11-01,144.89949302970638
1999-11-02,145.00492795447866
1999-11-03,145.35849087036868
1999-11-04,145.56543881027392
1999-11-05,145.91492883220994
1999-11-08,176.851096601971
1999-11-09,176.79158836159561
1999-11-10,177.19267627498684
1999-11-11,177.41974554784647
1999-11-12,208.37213255051816
1999-11-15,208.54905085157782
1999-11-16,209.9544422169226
1999-11-17,209.56512497993947
1999-11-18,210.8054111196633
1999-11-19,210.85491163241716
1999-11-22,210.973054483409
1999-11-23,209.8058712539869
1999-11-24,210.76606429487026
1999-11-26,211.16905912314172
1999-11-29,210.6399042828337
1999-11-30,209.38474822874753
1999-12-01,209.68215387285778
1999-12-02,211.14348089984173
1999-12-03,243.09252637282185
1999-12-06,242.97976670801546
1999-12-07,242.6530998020562
1999-12-08,242.64223647521078
1999-12-09,242.70582880100073
1999-12-10,243.46683806889078
1999-12-13,243.878378599035
1999-12-14,242.3486238565664
1999-12-15,243.02915196422646
1999-12-16,244.17513452528505
1999-12-17,244.61047402973077
1999-12-20,244.53873595682484
1999-12-21,246.57960351953295
1999-12-22,246.99229135862134
1999-12-23,248.57936932074315
1999-12-27,248.6968182644154
1999-12-28,249.1934015569153
1999-12-29,250.45216918150004
1999-12-30,250.32452418226984
1999-12-31,251.35561170825537
2000-01-03,250.56224337474254
2000-01-04,82.96981146769237
2000-01-05,82.96981146769237
2000-01-06,82.96981146769237
2000-01-07,82.96981146769237
2000-01-10,103.70707949912406
2000-01-11,103.59754190126567
2000-01-12,103.66926367671803
2000-01-13,103.72541248101433
2000-01-14,103.97730327677336
2000-01-18,121.90467469399387
2000-01-19,122.00956637893503
2000-01-20,122.01975801786793
2000-01-21,86.25410645989366
2000-01-24,85.59258560937243
2000-01-25,85.68335414736742
2000-01-26,85.4738010914787
2000-01-27,85.27199997108374
2000-01-28,53.92749657157379
2000-01-31,53.92749657157379
2000-02-01,53.92749657157379
2000-02-02,53.92749657157379
2000-02-03,53.92749657157379
2000-02-04,53.92749657157379
2000-02-07,61.22261688556793
2000-02-08,61.40110626927794
2000-02-09,61.2926253453914
2000-02-10,73.94568944819264
2000-02-11,73.67613845597353
2000-02-14,73.78033378754279
2000-02-15,73.79096879012499
2000-02-16,73.97522273190134
2000-02-17,74.42467076430762
2000-02-18,73.9006129856857
2000-02-22,73.74202168584196
2000-02-23,74.23168422117628
2000-02-24,74.44014491263823
2000-02-25,74.45629654228141
2000-02-28,74.45652139978475
2000-02-29,75.11697838672082
2000-03-01,75.5087720778653
2000-03-02,75.35990654335332
2000-03-03,75.94821576937719
2000-03-06,76.01775532440917
2000-03-07,75.77986500930453
2000-03-08,75.84515807857228
2000-03-09,76.35873209515893
2000-03-10,76.31027949116452
2000-03-13,75.75778095027127
2000-03-14,51.1317656013836
2000-03-15,51.1317656013836
2000-03-16,51.1317656013836
2000-03-17,51.1317656013836
2000-03-20,51.1317656013836
2000-03-21,60.495224805211926
2000-03-22,60.53766299703005
2000-03-23,60.70509566697847
2000-03-24,60.7057851154247
2000-03-27,60.6832184959709
2000-03-28,60.58210678749143
2000-03-29,60.587059185209554
2000-03-30,60.45792725119824
2000-03-31,60.52474942102712
2000-04-03,60.57107408194449
2000-04-04,60.50061566459452
2000-04-05,60.45447924376347
2000-04-06,60.54205067448921
2000-04-07,60.636141639911855
2000-04-10,60.56160851337633
2000-04-11,60.53734926355285
2000-04-12,60.32785488195894
2000-04-13,49.44598431157365
2000-04-14,49.44598431157365
2000-04-17,49.44598431157365
2000-04-18,49.44598431157365
2000-04-19,49.44598431157365
2000-04-20,49.44598431157365
2000-04-24,49.44598431157365
2000-04-25,49.44598431157365
2000-04-26,49.44598431157365
2000-04-27,49.44598431157365
2000-04-28,49.44598431157365
2000-05-01,49.44598431157365
2000-05-02,49.44598431157365
2000-05-03,49.44598431157365
2000-05-04,49.44598431157365
2000-05-05,49.44598431157365
2000-05-08,49.44598431157365
2000-05-09,49.44598431157365
2000-05-10,49.44598431157365
2000-05-11,49.44598431157365
2000-05-12,49.44598431157365
2000-05-15,49.44598431157365
2000-05-16,49.44598431157365
2000-05-17,49.44598431157365
2000-05-18,49.44598431157365
2000-05-19,49.44598431157365
2000-05-22,49.44598431157365
2000-05-23,49.44598431157365
2000-05-24,49.44598431157365
2000-05-25,49.44598431157365
2000-05-26,49.44598431157365
2000-05-30,49.44598431157365
2000-05-31,49.44598431157365
2000-06-01,49.44598431157365
2000-06-02,49.44598431157365
2000-06-05,49.44598431157365
2000-06-06,49.44598431157365
2000-06-07,49.44598431157365
2000-06-08,49.44598431157365
2000-06-09,49.44598431157365
2000-06-12,49.44598431157365
2000-06-13,49.44598431157365
2000-06-14,49.44598431157365
2000-06-15,49.44598431157365
2000-06-16,49.44598431157365
2000-06-19,49.44598431157365
2000-06-20,49.44598431157365
2000-06-21,49.44598431157365
2000-06-22,49.44598431157365
2000-06-23,49.44598431157365
2000-06-26,49.44598431157365
2000-06-27,49.44598431157365
2000-06-28,49.44598431157365
2000-06-29,49.44598431157365
2000-06-30,49.44598431157365
2000-07-03,49.44598431157365
2000-07-05,49.44598431157365
2000-07-06,49.44598431157365
2000-07-07,49.44598431157365
2000-07-10,61.03884418955191
2000-07-11,61.01503658265129
2000-07-12,81.52794701638237
2000-07-13,81.75246687885601
2000-07-14,82.00457627066623
2000-07-17,82.11957480787504
2000-07-18,81.59801691683433
2000-07-19,81.08160735474758
2000-07-20,81.59403652369079
2000-07-21,68.82752932598616
2000-07-24,57.39463149169068
2000-07-25,57.478907513234304
2000-07-26,43.14006070564151
2000-07-27,43.14006070564151
2000-07-28,43.14006070564151
2000-07-31,43.14006070564151
2000-08-01,43.14006070564151
2000-08-02,43.14006070564151
2000-08-03,43.14006070564151
2000-08-04,43.14006070564151
2000-08-07,43.14006070564151
2000-08-08,53.922380032635196
2000-08-09,53.85257304456751
2000-08-10,53.85545108983931
2000-08-11,53.97239278467182
2000-08-14,54.11811781026766
2000-08-15,54.01090198975702
2000-08-16,53.95332477539767
2000-08-17,53.99974188954138
2000-08-18,53.99074416067329
2000-08-21,54.02348576303379
2000-08-22,54.081780570014246
2000-08-23,54.08718362033785
2000-08-24,54.124602046265046
2000-08-25,54.13431736775424
2000-08-28,54.193465994832
2000-08-29,54.15639101564058
2000-08-30,54.046277003541235
2000-08-31,54.15639101564058
2000-09-01,54.1796542555726
2000-09-05,54.201099530241265
2000-09-06,54.25024694999949
2000-09-07,54.20037234413592
2000-09-08,54.161843952082236
2000-09-11,54.137127299287954
2000-09-12,54.17420227847938
2000-09-13,54.124051380269705
2000-09-14,54.031010892071144
2000-09-15,31.305335992822158
2000-09-18,31.305335992822158
2000-09-19,31.305335992822158
2000-09-20,31.305335992822158
2000-09-21,31.305335992822158
2000-09-22,31.305335992822158
2000-09-25,31.305335992822158
2000-09-26,31.305335992822158
2000-09-27,31.305335992822158
2000-09-28,31.305335992822158
2000-09-29,31.305335992822158
2000-10-02,31.305335992822158
2000-10-03,31.305335992822158
2000-10-04,31.305335992822158
2000-10-05,31.305335992822158
2000-10-06,31.305335992822158
2000-10-09,31.305335992822158
2000-10-10,31.305335992822158
2000-10-11,31.305335992822158
2000-10-12,31.305335992822158
2000-10-13,31.305335992822158
2000-10-16,31.305335992822158
2000-10-17,31.305335992822158
2000-10-18,31.305335992822158
2000-10-19,31.305335992822158
2000-10-20,31.305335992822158
2000-10-23,31.305335992822158
2000-10-24,31.305335992822158
2000-10-25,31.305335992822158
2000-10-26,31.305335992822158
2000-10-27,31.305335992822158
2000-10-30,31.305335992822158
2000-10-31,31.305335992822158
2000-11-01,31.305335992822158
2000-11-02,31.305335992822158
2000-11-03,31.305335992822158
2000-11-06,31.305335992822158
2000-11-07,31.305335992822158
2000-11-08,31.305335992822158
2000-11-09,31.305335992822158
2000-11-10,31.305335992822158
2000-11-13,31.305335992822158
2000-11-14,31.305335992822158
2000-11-15,31.305335992822158
2000-11-16,31.305335992822158
2000-11-17,31.305335992822158
2000-11-20,31.305335992822158
2000-11-21,31.305335992822158
2000-11-22,31.305335992822158
2000-11-24,31.305335992822158
2000-11-27,31.305335992822158
2000-11-28,31.305335992822158
2000-11-29,31.305335992822158
2000-11-30,31.305335992822158
2000-12-01,31.305335992822158
2000-12-04,31.305335992822158
2000-12-05,31.305335992822158
2000-12-06,31.305335992822158
2000-12-07,31.305335992822158
2000-12-08,31.305335992822158
2000-12-11,31.305335992822158
2000-12-12,31.305335992822158
2000-12-13,31.305335992822158
2000-12-14,31.305335992822158
2000-12-15,31.305335992822158
2000-12-18,31.305335992822158
2000-12-19,31.305335992822158
2000-12-20,31.305335992822158
2000-12-21,31.305335992822158
2000-12-22,31.305335992822158
2000-12-26,31.305335992822158
2000-12-27,31.305335992822158
2000-12-28,31.305335992822158
2000-12-29,31.305335992822158
2001-01-02,31.305335992822158
2001-01-03,31.305335992822158
2001-01-04,31.305335992822158
2001-01-05,31.305335992822158
2001-01-08,31.305335992822158
2001-01-09,31.305335992822158
2001-01-10,31.305335992822158
2001-01-11,31.305335992822158
2001-01-12,31.305335992822158
2001-01-16,31.305335992822158
2001-01-17,31.305335992822158
2001-01-18,31.305335992822158
2001-01-19,31.305335992822158
2001-01-22,31.305335992822158
2001-01-23,31.305335992822158
2001-01-24,31.305335992822158
2001-01-25,31.305335992822158
2001-01-26,31.305335992822158
2001-01-29,37.80887035658333
2001-01-30,37.85689203908129
2001-01-31,37.814376749050744
2001-02-01,37.82206029641071
2001-02-02,37.726785247070644
2001-02-05,37.71705272769459
2001-02-06,37.78133800344479
2001-02-07,37.79824133867497
2001-02-08,37.744585471634586
2001-02-09,30.84134845423423
2001-02-12,30.84134845423423
2001-02-13,30.84134845423423
2001-02-14,30.84134845423423
2001-02-15,30.84134845423423
2001-02-16,30.84134845423423
2001-02-20,30.84134845423423
2001-02-21,30.84134845423423
2001-02-22,30.84134845423423
2001-02-23,30.84134845423423
2001-02-26,30.84134845423423
2001-02-27,30.84134845423423
2001-02-28,30.84134845423423
2001-03-01,30.84134845423423
2001-03-02,30.84134845423423
2001-03-05,30.84134845423423
2001-03-06,30.84134845423423
2001-03-07,30.84134845423423
2001-03-08,30.84134845423423
2001-03-09,30.84134845423423
2001-03-12,30.84134845423423
2001-03-13,30.84134845423423
2001-03-14,30.84134845423423
2001-03-15,30.84134845423423
2001-03-16,30.84134845423423
2001-03-19,30.84134845423423
2001-03-20,30.84134845423423
2001-03-21,30.84134845423423
2001-03-22,30.84134845423423
2001-03-23,30.84134845423423
2001-03-26,30.84134845423423
2001-03-27,30.84134845423423
2001-03-28,30.84134845423423
2001-03-29,30.84134845423423
2001-03-30,30.84134845423423
2001-04-02,30.84134845423423
2001-04-03,30.84134845423423
2001-04-04,30.84134845423423
2001-04-05,30.84134845423423
2001-04-06,30.84134845423423
2001-04-09,30.84134845423423
2001-04-10,30.84134845423423
2001-04-11,30.84134845423423
2001-04-12,30.84134845423423
2001-04-16,30.84134845423423
2001-04-17,30.84134845423423
2001-04-18,30.84134845423423
2001-04-19,30.84134845423423
2001-04-20,30.84134845423423
2001-04-23,30.84134845423423
2001-04-24,30.84134845423423
2001-04-25,30.84134845423423
2001-04-26,30.84134845423423
2001-04-27,30.84134845423423
2001-04-30,30.84134845423423
2001-05-01,30.84134845423423
2001-05-02,30.84134845423423
2001-05-03,30.84134845423423
2001-05-04,37.83708194595181
2001-05-07,37.82681508444033
2001-05-08,37.79381089302337
2001-05-09,37.78325079956546
2001-05-10,37.81101612150551
2001-05-11,37.75407297310049
2001-05-14,37.7898628680085
2001-05-15,37.78707716451745
2001-05-16,45.714413154461376
2001-05-17,45.852338255579355
2001-05-18,45.90986746500586
2001-05-21,46.08228982893335
2001-05-22,46.05121198123209
2001-05-23,45.801246130660495
2001-05-24,45.859183439510225
2001-05-25,45.756805638547526
2001-05-29,45.68147672784004
2001-05-30,22.74930304548241
2001-05-31,22.74930304548241
2001-06-01,22.74930304548241
2001-06-04,22.74930304548241
2001-06-05,22.74930304548241
2001-06-06,22.74930304548241
2001-06-07,22.74930304548241
2001-06-08,22.74930304548241
2001-06-11,22.74930304548241
2001-06-12,22.74930304548241
2001-06-13,22.74930304548241
2001-06-14,22.74930304548241
2001-06-15,22.74930304548241
2001-06-18,22.74930304548241
2001-06-19,22.74930304548241
2001-06-20,22.74930304548241
2001-06-21,22.74930304548241
2001-06-22,22.74930304548241
2001-06-25,22.74930304548241
2001-06-26,22.74930304548241
2001-06-27,22.74930304548241
2001-06-28,22.74930304548241
2001-06-29,22.74930304548241
2001-07-02,22.74930304548241
2001-07-03,22.74930304548241
2001-07-05,22.74930304548241
2001-07-06,22.74930304548241
2001-07-09,22.74930304548241
2001-07-10,22.74930304548241
2001-07-11,22.74930304548241
2001-07-12,22.74930304548241
2001-07-13,22.74930304548241
2001-07-16,22.74930304548241
2001-07-17,22.74930304548241
2001-07-18,22.74930304548241
2001-07-19,22.74930304548241
2001-07-20,22.74930304548241
2001-07-23,22.74930304548241
2001-07-24,22.74930304548241
2001-07-25,22.74930304548241
2001-07-26,22.74930304548241
2001-07-27,22.74930304548241
2001-07-30,22.74930304548241
2001-07-31,22.74930304548241
2001-08-01,22.74930304548241
2001-08-02,22.74930304548241
2001-08-03,22.74930304548241
2001-08-06,22.74930304548241
2001-08-07,22.74930304548241
2001-08-08,22.74930304548241
2001-08-09,22.74930304548241
2001-08-10,22.74930304548241
2001-08-13,22.74930304548241
2001-08-14,22.74930304548241
2001-08-15,22.74930304548241
2001-08-16,22.74930304548241
2001-08-17,22.74930304548241
2001-08-20,22.74930304548241
2001-08-21,22.74930304548241
2001-08-22,22.74930304548241
2001-08-23,22.74930304548241
2001-08-24,22.74930304548241
2001-08-27,22.74930304548241
2001-08-28,22.74930304548241
2001-08-29,22.74930304548241
2001-08-30,22.74930304548241
2001-08-31,22.74930304548241
2001-09-04,22.74930304548241
2001-09-05,22.74930304548241
2001-09-06,22.74930304548241
2001-09-07,22.74930304548241
2001-09-10,22.74930304548241
2001-09-17,22.74930304548241
2001-09-18,22.74930304548241
2001-09-19,22.74930304548241
2001-09-20,22.74930304548241
2001-09-21,22.74930304548241
2001-09-24,22.74930304548241
2001-09-25,22.74930304548241
2001-09-26,22.74930304548241
2001-09-27,22.74930304548241
2001-09-28,22.74930304548241
2001-10-01,22.74930304548241
2001-10-02,22.74930304548241
2001-10-03,22.74930304548241
2001-10-04,22.74930304548241
2001-10-05,22.74930304548241
2001-10-08,22.74930304548241
2001-10-09,22.74930304548241
2001-10-10,22.74930304548241
2001-10-11,22.74930304548241
2001-10-12,22.74930304548241
2001-10-15,22.74930304548241
2001-10-16,22.74930304548241
2001-10-17,22.74930304548241
2001-10-18,22.74930304548241
2001-10-19,22.74930304548241
2001-10-22,22.74930304548241
2001-10-23,22.74930304548241
2001-10-24,22.74930304548241
2001-10-25,22.74930304548241
2001-10-26,22.74930304548241
2001-10-29,22.74930304548241
2001-10-30,22.74930304548241
2001-10-31,22.74930304548241
2001-11-01,22.74930304548241
2001-11-02,22.74930304548241
2001-11-05,22.74930304548241
2001-11-06,22.74930304548241
2001-11-07,22.74930304548241
2001-11-08,22.74930304548241
2001-11-09,22.74930304548241
2001-11-12,22.74930304548241
2001-11-13,22.74930304548241
2001-11-14,22.74930304548241
2001-11-15,22.74930304548241
2001-11-16,22.74930304548241
2001-11-19,22.74930304548241
2001-11-20,22.74930304548241
2001-11-21,22.74930304548241
2001-11-23,22.74930304548241
2001-11-26,22.74930304548241
2001-11-27,22.74930304548241
2001-11-28,22.74930304548241
2001-11-29,22.74930304548241
2001-11-30,22.74930304548241
2001-12-03,22.74930304548241
2001-12-04,28.435207188655397
2001-12-05,32.520037855019964
2001-12-06,32.568511124971195
2001-12-07,32.49249933976837
2001-12-10,32.35089571095274
2001-12-11,32.37697196312023
2001-12-12,32.40174666236484
2001-12-13,32.196028179178704
2001-12-14,32.24070811160121
2001-12-17,32.41190746376635
2001-12-18,32.51272439311715
2001-12-19,32.42900964509754
2001-12-20,27.506056300792782
2001-12-21,27.626874430628906
2001-12-24,27.64863151631002
2001-12-26,27.701869330056432
2001-12-27,27.731405255458263
2001-12-28,27.74355999390509
2001-12-31,27.68132779240664
2002-01-02,27.665405114715952
2002-01-03,27.766532627617522
2002-01-04,33.24717455473005
2002-01-07,33.13957722609672
2002-01-08,33.172314132335465
2002-01-09,22.181802614984218
2002-01-10,22.188730904922874
2002-01-11,22.123460018812715
2002-01-14,16.07723968122474
2002-01-15,16.07723968122474
2002-01-16,16.07723968122474
2002-01-17,16.07723968122474
2002-01-18,16.07723968122474
2002-01-22,16.07723968122474
2002-01-23,16.07723968122474
2002-01-24,16.07723968122474
2002-01-25,16.07723968122474
2002-01-28,16.07723968122474
2002-01-29,16.07723968122474
2002-01-30,16.07723968122474
2002-01-31,16.07723968122474
2002-02-01,16.07723968122474
2002-02-04,16.07723968122474
2002-02-05,16.07723968122474
2002-02-06,16.07723968122474
2002-02-07,16.07723968122474
2002-02-08,16.07723968122474
2002-02-11,16.07723968122474
2002-02-12,16.07723968122474
2002-02-13,16.07723968122474
2002-02-14,16.07723968122474
2002-02-15,16.07723968122474
2002-02-19,16.07723968122474
2002-02-20,16.07723968122474
2002-02-21,16.07723968122474
2002-02-22,16.07723968122474
2002-02-25,16.07723968122474
2002-02-26,16.07723968122474
2002-02-27,16.07723968122474
2002-02-28,16.07723968122474
2002-03-01,20.095544924752364
2002-03-04,20.180020673864636
2002-03-05,20.120562790797912
2002-03-06,20.175164257894192
2002-03-07,20.156204137745842
2002-03-08,20.174466699275726
2002-03-11,20.189485215814365
2002-03-12,20.197666673815856
2002-03-13,20.14708818585993
2002-03-14,20.153014216944744
2002-03-15,20.187931132424552
2002-03-18,20.176505250940977
2002-03-19,24.216995592574133
2002-03-20,24.119881544223855
2002-03-21,24.162415436713463
2002-03-22,24.117912020654735
2002-03-25,24.01355476427616
2002-03-26,24.08329924732717
2002-03-27,24.145165638722787
2002-03-28,24.141119794158502
2002-04-01,24.109530882487462
2002-04-02,24.058616239771283
2002-04-03,15.865206773868058
2002-04-04,15.879299238129203
2002-04-05,15.87444259964144
2002-04-08,15.916242541222731
2002-04-09,15.916242541222731
2002-04-10,15.982246464509046
2002-04-11,15.921975114358702
2002-04-12,16.015368214163733
2002-04-15,15.993711610780988
2002-04-16,16.075002719733508
2002-04-17,16.041722062655815
2002-04-18,16.040129586737827
2002-04-19,16.03081430725294
2002-04-22,15.979300602740704
2002-04-23,15.974205117163013
2002-04-24,11.727476874619933
2002-04-25,11.727476874619933
2002-04-26,11.727476874619933
2002-04-29,11.727476874619933
2002-04-30,11.727476874619933
2002-05-01,11.727476874619933
2002-05-02,11.727476874619933
2002-05-03,11.727476874619933
2002-05-06,11.727476874619933
2002-05-07,11.727476874619933
2002-05-08,11.727476874619933
2002-05-09,11.727476874619933
2002-05-10,11.727476874619933
2002-05-13,11.727476874619933
2002-05-14,11.727476874619933
2002-05-15,11.727476874619933
2002-05-16,11.727476874619933
2002-05-17,11.727476874619933
2002-05-20,11.727476874619933
2002-05-21,11.727476874619933
2002-05-22,11.727476874619933
2002-05-23,11.727476874619933
2002-05-24,11.727476874619933
2002-05-28,11.727476874619933
2002-05-29,11.727476874619933
2002-05-30,11.727476874619933
2002-05-31,11.727476874619933
2002-06-03,11.727476874619933
2002-06-04,11.727476874619933
2002-06-05,11.727476874619933
2002-06-06,11.727476874619933
2002-06-07,11.727476874619933
2002-06-10,11.727476874619933
2002-06-11,11.727476874619933
2002-06-12,11.727476874619933
2002-06-13,11.727476874619933
2002-06-14,11.727476874619933
2002-06-17,11.727476874619933
2002-06-18,11.727476874619933
2002-06-19,11.727476874619933
2002-06-20,11.727476874619933
2002-06-21,11.727476874619933
2002-06-24,11.727476874619933
2002-06-25,11.727476874619933
2002-06-26,11.727476874619933
2002-06-27,11.727476874619933
2002-06-28,11.727476874619933
2002-07-01,11.727476874619933
2002-07-02,11.727476874619933
2002-07-03,11.727476874619933
2002-07-05,11.727476874619933
2002-07-08,11.727476874619933
2002-07-09,11.727476874619933
2002-07-10,11.727476874619933
2002-07-11,11.727476874619933
2002-07-12,11.727476874619933
2002-07-15,11.727476874619933
2002-07-16,11.727476874619933
2002-07-17,11.727476874619933
2002-07-18,11.727476874619933
2002-07-19,11.727476874619933
2002-07-22,11.727476874619933
2002-07-23,11.727476874619933
2002-07-24,11.727476874619933
2002-07-25,11.727476874619933
2002-07-26,11.727476874619933
2002-07-29,11.727476874619933
2002-07-30,11.727476874619933
2002-07-31,11.727476874619933
2002-08-01,11.727476874619933
2002-08-02,11.727476874619933
2002-08-05,11.727476874619933
2002-08-06,11.727476874619933
2002-08-07,11.727476874619933
2002-08-08,11.727476874619933
2002-08-09,11.727476874619933
2002-08-12,11.727476874619933
2002-08-13,11.727476874619933
2002-08-14,11.727476874619933
2002-08-15,11.727476874619933
2002-08-16,11.727476874619933
2002-08-19,11.727476874619933
2002-08-20,11.727476874619933
2002-08-21,11.727476874619933
2002-08-22,11.727476874619933
2002-08-23,11.727476874619933
2002-08-26,11.727476874619933
2002-08-27,11.727476874619933
2002-08-28,11.727476874619933
2002-08-29,11.727476874619933
2002-08-30,11.727476874619933
2002-09-03,11.727476874619933
2002-09-04,11.727476874619933
2002-09-05,11.727476874619933
2002-09-06,11.727476874619933
2002-09-09,11.727476874619933
2002-09-10,11.727476874619933
2002-09-11,11.727476874619933
2002-09-12,11.727476874619933
2002-09-13,11.727476874619933
2002-09-16,11.727476874619933
2002-09-17,11.727476874619933
2002-09-18,11.727476874619933
2002-09-19,11.727476874619933
2002-09-20,11.727476874619933
2002-09-23,11.727476874619933
2002-09-24,11.727476874619933
2002-09-25,11.727476874619933
2002-09-26,11.727476874619933
2002-09-27,11.727476874619933
2002-09-30,11.727476874619933
2002-10-01,11.727476874619933
2002-10-02,11.727476874619933
2002-10-03,11.727476874619933
2002-10-04,11.727476874619933
2002-10-07,11.727476874619933
2002-10-08,11.727476874619933
2002-10-09,11.727476874619933
2002-10-10,11.727476874619933
2002-10-11,11.727476874619933
2002-10-14,11.727476874619933
2002-10-15,11.727476874619933
2002-10-16,11.727476874619933
2002-10-17,11.727476874619933
2002-10-18,11.727476874619933
2002-10-21,11.727476874619933
2002-10-22,11.727476874619933
2002-10-23,11.727476874619933
2002-10-24,11.727476874619933
2002-10-25,11.727476874619933
2002-10-28,11.727476874619933
2002-10-29,11.727476874619933
2002-10-30,11.727476874619933
2002-10-31,11.727476874619933
2002-11-01,11.727476874619933
2002-11-04,11.727476874619933
2002-11-05,11.727476874619933
2002-11-06,11.727476874619933
2002-11-07,11.727476874619933
2002-11-08,11.727476874619933
2002-11-11,11.727476874619933
2002-11-12,11.727476874619933
2002-11-13,11.727476874619933
2002-11-14,11.727476874619933
2002-11-15,11.727476874619933
2002-11-18,11.727476874619933
2002-11-19,11.727476874619933
2002-11-20,11.727476874619933
2002-11-21,11.727476874619933
2002-11-22,11.727476874619933
2002-11-25,11.727476874619933
2002-11-26,11.727476874619933
2002-11-27,11.727476874619933
2002-11-29,11.727476874619933
2002-12-02,11.727476874619933
2002-12-03,11.727476874619933
2002-12-04,11.727476874619933
2002-12-05,11.727476874619933
2002-12-06,11.727476874619933
2002-12-09,11.727476874619933
2002-12-10,11.727476874619933
2002-12-11,11.727476874619933
2002-12-12,11.727476874619933
2002-12-13,11.727476874619933
2002-12-16,11.727476874619933
2002-12-17,11.727476874619933
2002-12-18,11.727476874619933
2002-12-19,11.727476874619933
2002-12-20,11.727476874619933
2002-12-23,11.727476874619933
2002-12-24,11.727476874619933
2002-12-26,11.727476874619933
2002-12-27,11.727476874619933
2002-12-30,11.727476874619933
2002-12-31,11.727476874619933
2003-01-02,11.727476874619933
2003-01-03,11.727476874619933
2003-01-06,11.727476874619933
2003-01-07,11.727476874619933
2003-01-08,11.727476874619933
2003-01-09,11.727476874619933
2003-01-10,11.727476874619933
2003-01-13,11.727476874619933
2003-01-14,11.727476874619933
2003-01-15,11.727476874619933
2003-01-16,11.727476874619933
2003-01-17,11.727476874619933
2003-01-21,11.727476874619933
2003-01-22,11.727476874619933
2003-01-23,11.727476874619933
2003-01-24,11.727476874619933
2003-01-27,11.727476874619933
2003-01-28,11.727476874619933
2003-01-29,11.727476874619933
2003-01-30,11.727476874619933
2003-01-31,11.727476874619933
2003-02-03,11.727476874619933
2003-02-04,11.727476874619933
2003-02-05,11.727476874619933
2003-02-06,11.727476874619933
2003-02-07,11.727476874619933
2003-02-10,11.727476874619933
2003-02-11,11.727476874619933
2003-02-12,11.727476874619933
2003-02-13,11.727476874619933
2003-02-14,11.727476874619933
2003-02-18,11.727476874619933
2003-02-19,11.727476874619933
2003-02-20,11.727476874619933
2003-02-21,11.727476874619933
2003-02-24,11.727476874619933
2003-02-25,11.727476874619933
2003-02-26,14.65861323589886
2003-02-27,14.663511753147228
2003-02-28,14.682128225696346
2003-03-03,14.685736877506258
2003-03-04,14.687702605421576
2003-03-05,14.697537457962579
2003-03-06,14.686063733460296
2003-03-07,14.696226252342
2003-03-10,14.711636565123783
2003-03-11,14.706390662125918
2003-03-12,14.7172090539468
2003-03-13,11.718110500226464
2003-03-14,11.718110500226464
2003-03-17,11.718110500226464
2003-03-18,11.718110500226464
2003-03-19,11.718110500226464
2003-03-20,11.718110500226464
2003-03-21,11.718110500226464
2003-03-24,11.718110500226464
2003-03-25,11.718110500226464
2003-03-26,11.718110500226464
2003-03-27,11.718110500226464
2003-03-28,11.718110500226464
2003-03-31,11.718110500226464
2003-04-01,11.718110500226464
2003-04-02,11.718110500226464
2003-04-03,11.718110500226464
2003-04-04,11.718110500226464
2003-04-07,11.718110500226464
2003-04-08,11.718110500226464
2003-04-09,11.718110500226464
2003-04-10,11.718110500226464
2003-04-11,11.718110500226464
2003-04-14,11.718110500226464
2003-04-15,11.718110500226464
2003-04-16,11.718110500226464
2003-04-17,14.646905853217625
2003-04-21,14.65911974312867
2003-04-22,19.9825601247256
2003-04-23,20.060454140027996
2003-04-24,20.001299020681518
2003-04-25,19.894963795695194
2003-04-28,20.042697107887253
2003-04-29,20.071858036904462
2003-04-30,20.07917733309878
2003-05-01,20.092596621580398
2003-05-02,20.254287172817413
2003-05-05,20.26174661372865
2003-05-06,20.34202087932634
2003-05-07,20.27908732825527
2003-05-08,20.201715387638156
2003-05-09,20.33886443885696
2003-05-12,23.37537450899956
2003-05-13,23.378116993607065
2003-05-14,23.40726266803011
2003-05-15,23.487406199293744
2003-05-16,23.423754747069772
2003-05-19,20.16518138279224
2003-05-20,20.203458865399007
2003-05-21,17.34776138420731
2003-05-22,17.40058799051981
2003-05-23,17.412425268682536
2003-05-27,23.14135793777953
2003-05-28,23.17215336850503
2003-05-29,23.22356299593664
2003-05-30,23.3550186764811
2003-06-02,23.344569392495735
2003-06-03,23.414569046245546
2003-06-04,26.443938096929937
2003-06-05,26.490217277008703
2003-06-06,26.448131974359413
2003-06-09,26.30154865805315
2003-06-10,26.473954726692696
2003-06-11,26.613634361975016
2003-06-12,26.667497687168137
2003-06-13,26.535986962049012
2003-06-16,26.763742857018805
2003-06-17,26.750357688399163
2003-06-18,23.767261696548566
2003-06-19,23.583407600623744
2003-06-20,23.58080278057358
2003-06-23,20.37094891964641
2003-06-24,20.37875259849705
2003-06-25,13.939910785644765
2003-06-26,13.961340424507892
2003-06-27,8.483919963873674
2003-06-30,8.483919963873674
2003-07-01,8.483919963873674
2003-07-02,8.483919963873674
2003-07-03,8.483919963873674
2003-07-07,10.292985833090603
2003-07-08,12.440465370582132
2003-07-09,12.455028732217466
2003-07-10,12.38618856273327
2003-07-11,12.42639586749955
2003-07-14,12.471894736313708
2003-07-15,12.46080615223202
2003-07-16,12.440755531835553
2003-07-17,10.108247519669291
2003-07-18,10.119266733536602
2003-07-21,10.090782889704805
2003-07-22,10.11674321907165
2003-07-23,10.130496315147571
2003-07-24,10.111822487798703
2003-07-25,10.142608953547049
2003-07-28,10.14750876356178
2003-07-29,10.143313473708695
2003-07-30,10.132315309450878
2003-07-31,10.147151305254221
2003-08-01,10.12675307849349
2003-08-04,10.1251128775196
2003-08-05,7.9701702234066385
2003-08-06,7.9701702234066385
2003-08-07,7.9701702234066385
2003-08-08,7.9701702234066385
2003-08-11,7.9701702234066385
2003-08-12,7.9701702234066385
2003-08-13,7.9701702234066385
2003-08-14,7.9701702234066385
2003-08-15,7.9701702234066385
2003-08-18,9.962214718328475
2003-08-19,11.957691275830648
2003-08-20,11.954145189443608
2003-08-21,13.973479432483042
2003-08-22,13.905986262252291
2003-08-25,13.891558652615984
2003-08-26,13.914254164421614
2003-08-27,13.943687824453345
2003-08-28,13.992406362378055
2003-08-29,14.019286613481942
2003-09-02,16.109791839380236
2003-09-03,16.15358394151548
2003-09-04,16.186563875309695
2003-09-05,16.12877218549287
2003-09-08,16.23402876911903
2003-09-09,16.169242396323543
2003-09-10,13.667478639109863
2003-09-11,13.70963140566808
2003-09-12,13.723079476457958
2003-09-15,13.70503160725459
2003-09-16,13.791096517515317
2003-09-17,13.777693002426453
2003-09-18,15.759933908365344
2003-09-19,15.749669132221527
2003-09-22,15.642380297365673
2003-09-23,15.71352625173743
2003-09-24,13.344852823110879
2003-09-25,5.041446721696071
2003-09-26,5.041446721696071
2003-09-29,5.041446721696071
2003-09-30,5.041446721696071
2003-10-01,5.041446721696071
2003-10-02,5.041446721696071
2003-10-03,5.041446721696071
2003-10-06,5.041446721696071
2003-10-07,6.301493358956458
2003-10-08,6.289176381378068
2003-10-09,6.302872677304135
2003-10-10,6.297355403913425
2003-10-13,6.317948143883443
2003-10-14,10.063701003575535
2003-10-15,10.045736286993726
2003-10-16,10.060703329584724
2003-10-17,9.992726117664656
2003-10-20,10.016980530244481
2003-10-21,10.034466562576487
2003-10-22,9.939716517453288
2003-10-23,8.606736676024124
2003-10-24,7.141933783139486
2003-10-27,7.147899465702869
2003-10-28,7.184698957920042
2003-10-29,7.189650847831906
2003-10-30,7.189797245782511
2003-10-31,7.196187033018049
2003-11-03,9.5509358071112
2003-11-04,9.537945750091506
2003-11-05,9.534823935988516
2003-11-06,9.565812933483558
2003-11-07,9.550642336479473
2003-11-10,9.498005146003809
2003-11-11,9.478398024360505
2003-11-12,9.558452673854369
2003-11-13,9.554662306501067
2003-11-14,9.49615230833782
2003-11-17,9.453720124051696
2003-11-18,4.312851859217307
2003-11-19,4.32280531498351
2003-11-20,4.3122515241490795
2003-11-21,4.314208622334148
2003-11-24,4.33437979268687
2003-11-25,4.336553075985618
2003-11-26,4.3420280555934365
2003-11-28,4.341727888059323
2003-12-01,5.123642711034645
2003-12-02,5.118069907964229
2003-12-03,5.104159295832581
2003-12-04,5.108711060433661
2003-12-05,5.091726630197305
2003-12-08,5.874253909468715
2003-12-09,5.039483789745969
2003-12-10,5.038006887348862
2003-12-11,5.059254913358279
2003-12-12,5.065392082976359
2003-12-15,5.056578207108198
2003-12-16,5.0733134242077575
2003-12-17,5.076143741788404
2003-12-18,5.099312956954934
2003-12-19,5.101010349971937
2003-12-22,5.110754195082199
2003-12-23,5.114703464312178
2003-12-24,5.109547610913477
2003-12-26,5.113269396320417
2003-12-29,6.639907484181428
2003-12-30,6.641564388454395
2003-12-31,6.6327002710861365
2004-01-02,6.63165631494927
2004-01-05,6.684446459605688
2004-01-06,6.69080535061849
2004-01-07,6.707147533649631
2004-01-08,6.733839078841129
2004-01-09,6.7006049259052425
2004-01-12,6.728768738520742
2004-01-13,6.708885698615374
2004-01-14,6.7407120946447865
2004-01-15,6.743294375622433
2004-01-16,6.773355334905677
2004-01-20,6.779434510992626
2004-01-21,6.794641949450834
2004-01-22,6.77377107860293
2004-01-23,6.7743598016966065
2004-01-26,6.819630208040538
2004-01-27,6.776349094072846
2004-01-28,3.6140929134387862
2004-01-29,3.6173221549821264
2004-01-30,3.615610489957768
2004-02-02,3.6164662848558957
2004-02-03,3.616928486319863
2004-02-04,3.6142754920444258
2004-02-05,3.6161866619975673
2004-02-06,3.623695931224987
2004-02-09,3.6226174611423954
2004-02-10,3.6252997191498455
2004-02-11,4.3365841479793
2004-02-12,4.32979823561831
2004-02-13,4.320878112070578
2004-02-17,4.334359445241059
2004-02-18,4.327921511583751
2004-02-19,4.324476904835501
2004-02-20,4.3191681722795385
2004-02-23,4.316551987572348
2004-02-24,4.312068523640382
2004-02-25,4.317560320842491
2004-02-26,4.316657263978723
2004-02-27,5.018692835382115
2004-03-01,5.032366699632188
2004-03-02,5.017075804031343
2004-03-03,5.017100185537428
2004-03-04,5.022133279620287
2004-03-05,5.037432105428432
2004-03-08,5.030699063421706
2004-03-09,3.4553532122510937
2004-03-10,2.663963045172212
2004-03-11,2.6649971154083194
2004-03-12,2.6605464199571354
2004-03-15,2.6617389088836645
2004-03-16,2.667698682142315
2004-03-17,2.6665067523405757
2004-03-18,2.662691843900285
2004-03-19,2.6617389088836645
2004-03-22,2.666109649489918
2004-03-23,2.667381534136588
2004-03-24,2.666983126661421
2004-03-25,2.6642022884572376
2004-03-26,2.6565732792013526
2004-03-29,1.946848022557494
2004-03-30,1.946848022557494
2004-03-31,1.946848022557494
2004-04-01,1.946848022557494
2004-04-02,2.412493961734882
2004-04-05,2.4147628109917014
2004-04-06,2.4093144923140133
2004-04-07,2.4110971562228105
2004-04-08,2.408195493543139
2004-04-12,2.40956144734014
2004-04-13,2.398896315602428
2004-04-14,2.395956076503455
2004-04-15,1.9018422011256417
2004-04-16,1.9018422011256417
2004-04-19,1.9018422011256417
2004-04-20,1.9018422011256417
2004-04-21,1.9018422011256417
2004-04-22,1.9018422011256417
2004-04-23,1.9018422011256417
2004-04-26,1.9018422011256417
2004-04-27,1.9018422011256417
2004-04-28,1.9018422011256417
2004-04-29,1.9018422011256417
2004-04-30,1.9018422011256417
2004-05-03,1.9018422011256417
2004-05-04,1.9018422011256417
2004-05-05,1.9018422011256417
2004-05-06,1.9018422011256417
2004-05-07,1.9018422011256417
2004-05-10,1.9018422011256417
2004-05-11,1.9018422011256417
2004-05-12,1.9018422011256417
2004-05-13,1.9018422011256417
2004-05-14,1.9018422011256417
2004-05-17,1.9018422011256417
2004-05-18,1.9018422011256417
2004-05-19,1.9018422011256417
2004-05-20,1.9018422011256417
2004-05-21,1.9018422011256417
2004-05-24,1.9018422011256417
2004-05-25,1.9018422011256417
2004-05-26,1.9018422011256417
2004-05-27,1.9018422011256417
2004-05-28,1.9018422011256417
2004-06-01,1.9018422011256417
2004-06-02,1.9018422011256417
2004-06-03,1.9018422011256417
2004-06-04,1.9018422011256417
2004-06-07,1.9018422011256417
2004-06-08,1.9018422011256417
2004-06-09,1.9018422011256417
2004-06-10,1.9018422011256417
2004-06-14,1.9018422011256417
2004-06-15,1.9018422011256417
2004-06-16,1.9018422011256417
2004-06-17,1.9018422011256417
2004-06-18,1.9018422011256417
2004-06-21,1.9018422011256417
2004-06-22,1.9018422011256417
2004-06-23,1.9018422011256417
2004-06-24,1.9018422011256417
2004-06-25,1.9018422011256417
2004-06-28,1.9018422011256417
2004-06-29,1.9018422011256417
2004-06-30,1.9018422011256417
2004-07-01,1.9018422011256417
2004-07-02,1.9018422011256417
2004-07-06,1.9018422011256417
2004-07-07,1.9018422011256417
2004-07-08,1.9018422011256417
2004-07-09,1.9018422011256417
2004-07-12,1.9018422011256417
2004-07-13,1.9018422011256417
2004-07-14,1.9018422011256417
2004-07-15,1.9018422011256417
2004-07-16,2.3771839040965785
2004-07-19,2.3775169472709967
2004-07-20,2.3732355259972895
2004-07-21,2.3719562431060632
2004-07-22,2.372624126681333
2004-07-23,2.374180481980931
2004-07-26,2.3719562431060632
2004-07-27,1.8881911744910422
2004-07-28,1.8881911744910422
2004-07-29,1.8881911744910422
2004-07-30,1.8881911744910422
2004-08-02,1.8881911744910422
2004-08-03,1.8881911744910422
2004-08-04,1.8881911744910422
2004-08-05,1.8881911744910422
2004-08-06,2.3601209738645346
2004-08-09,2.358482712698029
2004-08-10,2.3567896949105345
2004-08-11,2.358810457029622
2004-08-12,2.3597933969843816
2004-08-13,2.3613230240289704
2004-08-16,2.359684260508144
2004-08-17,2.362360260113258
2004-08-18,2.3600663846949854
2004-08-19,2.3612132177469713
2004-08-20,2.360776462527721
2004-08-23,2.3580460830673586
2004-08-24,2.358318568423642
2004-08-25,2.3599574575330484
2004-08-26,2.3626334152753024
2004-08-27,2.3623058383951494
2004-08-30,2.364544915329572
2004-08-31,2.36749394450815
2004-09-01,2.3679877588056946
2004-09-02,2.363271949480155
2004-09-03,2.363327166592605
2004-09-07,2.362833477883641
2004-09-08,2.3668362371133793
2004-09-09,2.365026338220532
2004-09-10,2.3657395139049133
2004-09-13,2.3678231540398462
2004-09-14,2.36831667529737
2004-09-15,2.367219993951764
2004-09-16,2.372648392881644
2004-09-17,2.370235543215015
2004-09-20,2.373416032146994
2004-09-21,2.374841462532835
2004-09-22,2.3798865232529307
2004-09-23,2.3779124800856963
2004-09-24,2.378515430859478
2004-09-27,2.38065386947826
2004-09-28,2.3786801612139064
2004-09-29,2.3739093859530773
2004-09-30,2.3720451909307014
2004-10-01,2.369268524675572
2004-10-04,2.8463037522678794
2004-10-05,2.8445984386779357
2004-10-06,2.852066553334888
2004-10-07,2.839161010458924
2004-10-08,2.3288284134073636
2004-10-11,2.3297675128733495
2004-10-12,2.328703179765469
2004-10-13,1.798655208547272
2004-10-14,1.798655208547272
2004-10-15,1.798655208547272
2004-10-18,1.798655208547272
2004-10-19,1.798655208547272
2004-10-20,1.798655208547272
2004-10-21,1.798655208547272
2004-10-22,1.798655208547272
2004-10-25,1.798655208547272
2004-10-26,1.798655208547272
2004-10-27,1.798655208547272
2004-10-28,2.2482066115934196
2004-10-29,2.2480359427434298
2004-11-01,2.249146429171821
2004-11-02,2.2502660268278807
2004-11-03,3.153781595451793
2004-11-04,3.170572276898587
2004-11-05,3.1774570312465134
2004-11-08,3.1753552720055516
2004-11-09,3.179408785642462
2004-11-10,3.179195920138612
2004-11-11,3.194482925177491
2004-11-12,3.20845369187163
2004-11-15,3.2117230150014664
2004-11-16,3.200398737655222
2004-11-17,3.2115874635577546
2004-11-18,3.2125802449360465
2004-11-19,3.1932181796939503
2004-11-22,3.205346861222224
2004-11-23,3.207294924457419
2004-11-24,3.217098934675239
2004-11-26,3.218572806353923
2004-11-29,3.2205754999069574
2004-11-30,3.2158971867971355
2004-12-01,3.2397082355006885
2004-12-02,3.239630857627506
2004-12-03,3.2407336404371323
2004-12-06,3.2387190137666213
2004-12-07,2.737217646529967
2004-12-08,2.742080587332153
2004-12-09,2.7452691143700605
2004-12-10,2.7445675851900466
2004-12-13,2.753416618376827
2004-12-14,3.2060122240011735
2004-12-15,3.6563344027252542
2004-12-16,3.6478023277615477
2004-12-17,3.6393244889986067
2004-12-20,3.635534473958278
2004-12-21,3.6547679410853213
2004-12-22,3.66171282054336
2004-12-23,3.6638503003819762
2004-12-27,3.6547285973819097
2004-12-28,3.6737063520344178
2004-12-29,3.6717135538566525
2004-12-30,3.6706514946740256
2004-12-31,3.6675950602546306
2005-01-03,3.6484851263991214
2005-01-04,1.1718377597635412
2005-01-05,1.1718377597635412
2005-01-06,1.1718377597635412
2005-01-07,1.1718377597635412
2005-01-10,1.1718377597635412
2005-01-11,1.1718377597635412
2005-01-12,1.1718377597635412
2005-01-13,1.4647239708287727
2005-01-14,1.46469156458186
2005-01-18,1.465665777379675
2005-01-19,1.4665104139944278
2005-01-20,1.4670950197604589
2005-01-21,1.4674197898961232
2005-01-24,1.468686781421694
2005-01-25,1.4658934507860728
2005-01-26,1.4664454794891304
2005-01-27,1.4658934507860728
2005-01-28,1.4688490078746126
2005-01-31,1.4696933760641275
2005-02-01,1.4692206792200406
2005-02-02,1.469905602818194
2005-02-03,1.4697422050551459
2005-02-04,1.4738831035923212
2005-02-07,1.4761328731210284
2005-02-08,1.4778608239870978
2005-02-09,1.478675763009612
2005-02-10,1.4745350108862028
2005-02-11,1.474339621715246
2005-02-14,1.475285113012597
2005-02-15,1.4737526245243675
2005-02-16,1.1782748737492714
2005-02-17,1.1782748737492714
2005-02-18,1.1782748737492714
2005-02-22,1.1782748737492714
2005-02-23,1.1782748737492714
2005-02-24,1.1782748737492714
2005-02-25,1.1782748737492714
2005-02-28,1.1782748737492714
2005-03-01,1.1782748737492714
2005-03-02,1.1782748737492714
2005-03-03,1.1782748737492714
2005-03-04,1.7672576870810373
2005-03-07,1.7679271347672707
2005-03-08,1.7658575616507515
2005-03-09,1.7599839824022212
2005-03-10,1.7617591649154762
2005-03-11,1.427566618877698
2005-03-14,1.4283782547149464
2005-03-15,1.4267789064885081
2005-03-16,0.8160242948060812
2005-03-17,0.8160242948060812
2005-03-18,0.8160242948060812
2005-03-21,0.8160242948060812
2005-03-22,0.8160242948060812
2005-03-23,0.8160242948060812
2005-03-24,0.8160242948060812
2005-03-28,0.8160242948060812
2005-03-29,0.8160242948060812
2005-03-30,0.8160242948060812
2005-03-31,0.8160242948060812
2005-04-01,0.8160242948060812
2005-04-04,0.8160242948060812
2005-04-05,0.8160242948060812
2005-04-06,0.8160242948060812
2005-04-07,0.8160242948060812
2005-04-08,0.8160242948060812
2005-04-11,0.8160242948060812
2005-04-12,0.8160242948060812
2005-04-13,0.8160242948060812
2005-04-14,0.8160242948060812
2005-04-15,0.8160242948060812
2005-04-18,0.8160242948060812
2005-04-19,0.8160242948060812
2005-04-20,0.8160242948060812
2005-04-21,0.8160242948060812
2005-04-22,0.8160242948060812
2005-04-25,0.8160242948060812
2005-04-26,0.8160242948060812
2005-04-27,0.8160242948060812
2005-04-28,0.8160242948060812
2005-04-29,0.8160242948060812
2005-05-02,0.8160242948060812
2005-05-03,0.8160242948060812
2005-05-04,0.8160242948060812
2005-05-05,0.8160242948060812
2005-05-06,0.8160242948060812
2005-05-09,0.8160242948060812
2005-05-10,0.8160242948060812
2005-05-11,0.8160242948060812
2005-05-12,0.8160242948060812
2005-05-13,1.0199793746382566
2005-05-16,1.0197376088189183
2005-05-17,1.0203089576178312
2005-05-18,1.0216718493373107
2005-05-19,1.021144213752197
2005-05-20,1.0213860609741683
2005-05-23,1.022990458024561
2005-05-24,1.0235620835924255
2005-05-25,1.0221114235542894
2005-05-26,1.0220455199827958
2005-05-27,1.226215158566969
2005-05-31,1.2280269665658188
2005-06-01,1.2325136845568674
2005-06-02,1.2339978096298587
2005-06-03,1.2296638655386072
2005-06-06,1.2311923149368695
2005-06-07,1.2320239140158435
2005-06-08,1.2303232488629834
2005-06-09,1.2317906970292265
2005-06-10,1.2280411764015522
2005-06-13,1.0223689329070247
2005-06-14,1.2270915694548252
2005-06-15,1.2285729863301194
2005-06-16,1.436888403813235
2005-06-17,1.4380487714914043
2005-06-20,1.436950390795535
2005-06-21,1.436560139948834
2005-06-22,1.4374779054404607
2005-06-23,1.6348482620917442
2005-06-24,1.4006795510363772
2005-06-27,0.9359086630764104
2005-06-28,0.9337693328988694
2005-06-29,0.9346064651841881
2005-06-30,0.9337228156935097
2005-07-01,0.7246513969374929
2005-07-05,0.9057689622521454
2005-07-06,0.9043936030088354
2005-07-07,0.9046792053325071
2005-07-08,1.0893526846572277
2005-07-11,1.0939478356947856
2005-07-12,1.2754547264967524
2005-07-13,1.2748264202587456
2005-07-14,1.2747649387151105
2005-07-15,1.2755145020429597
2005-07-18,1.2720508703611286
2005-07-19,1.2785520644226538
2005-07-20,1.2831508066668578
2005-07-21,1.2781863591612046
2005-07-22,1.282229599715551
2005-07-25,1.2785432059674764
2005-07-26,1.2806473272138
2005-07-27,1.2824418426969832
2005-07-28,1.2867791121341785
2005-07-29,1.2832863142084534
2005-08-01,1.2852098348329655
2005-08-02,1.290044870723385
2005-08-03,1.2886438454500988
2005-08-04,1.281898266587088
2005-08-05,1.0836718408681132
2005-08-08,0.8616630735070248
2005-08-09,0.8628856904813678
2005-08-10,0.8625522494883651
2005-08-11,0.8638385987011167
2005-08-12,0.8627389778916731
2005-08-15,0.8632546970663975
2005-08-16,0.6578621192269737
2005-08-17,0.6578621192269737
2005-08-18,0.6578621192269737
2005-08-19,0.6578621192269737
2005-08-22,0.6578621192269737
2005-08-23,0.6578621192269737
2005-08-24,0.6578621192269737
2005-08-25,0.6578621192269737
2005-08-26,0.6578621192269737
2005-08-29,0.6578621192269737
2005-08-30,0.6578621192269737
2005-08-31,0.6578621192269737
2005-09-01,0.6578621192269737
2005-09-02,0.6578621192269737
2005-09-06,0.6578621192269737
2005-09-07,0.6578621192269737
2005-09-08,0.6578621192269737
2005-09-09,0.8222865388177978
2005-09-12,0.822469900051015
2005-09-13,0.8212597047201293
2005-09-14,0.8227266085754321
2005-09-15,0.8244135543043347
2005-09-16,0.8258804721492029
2005-09-19,0.8274574039360882
2005-09-20,0.8273840566448883
2005-09-21,0.8304279062766419
2005-09-22,0.8278608070429053
2005-09-23,0.8275674178781055
2005-09-26,0.8286309326161567
2005-09-27,0.8274574039360882
2005-09-28,0.829474405480608
2005-09-29,0.8305745868694764
2005-09-30,0.8291076830141736
2005-10-03,0.8280808349269397
2005-10-04,0.8281908628585224
2005-10-05,0.8278608070429053
2005-10-06,0.8309779899762935
2005-10-07,0.8315280876655103
2005-10-10,0.8315647543163276
2005-10-11,0.8316381016075276
2005-10-12,0.8296577667138252
2005-10-13,0.830281211694242
2005-10-14,0.829474405480608
2005-10-17,0.8311613512095106
2005-10-18,0.8302078644030421
2005-10-19,0.8277874597517054
2005-10-20,0.8264672364892371
2005-10-21,0.8284475713829396
2005-10-24,0.8279708209849226
2005-10-25,0.8304279062766419
2005-10-26,0.829951155878625
2005-10-27,0.8308679760342762
2005-10-28,0.8310146706166761
2005-10-31,0.8280075016253052
2005-11-01,0.6603328984647742
2005-11-02,0.6603328984647742
2005-11-03,0.6603328984647742
2005-11-04,0.6603328984647742
2005-11-07,0.6603328984647742
2005-11-08,0.6603328984647742
2005-11-09,0.6603328984647742
2005-11-10,0.8253748584645061
2005-11-11,0.8258099218303979
2005-11-14,0.8256957076072556
2005-11-15,0.8246279715578221
2005-11-16,0.9897552182898478
2005-11-17,0.9946176519713159
2005-11-18,1.1600789536081808
2005-11-21,1.1638768842807816
2005-11-22,1.3317834439134022
2005-11-23,1.4974258541683005
2005-11-25,1.4992764961855483
2005-11-28,1.4936395186823588
2005-11-29,1.4938398429802628
2005-11-30,1.4899985508339872
2005-12-01,1.503021739417902
2005-12-02,1.5036169586410546
2005-12-05,1.5020188988745915
2005-12-06,1.5034208057383505
2005-12-07,1.501611992877661
2005-12-08,1.502687141743419
2005-12-09,1.5068659399402538
2005-12-12,1.5078986425408805
2005-12-13,1.5067075720019414
2005-12-14,1.3380870510778267
2005-12-15,1.33628111951381
2005-12-16,1.334699188836872
2005-12-19,1.12650290519088
2005-12-20,1.1261229988909665
2005-12-21,1.128651194385112
2005-12-22,1.1312476785948933
2005-12-23,1.131796449031501
2005-12-27,1.1262146109993085
2005-12-28,1.127556020181949
2005-12-29,1.1263745966321834
2005-12-30,0.5957715907261452
2006-01-03,0.5983903761519955
2006-01-04,0.599647781017477
2006-01-05,0.6002571420523256
2006-01-06,0.8185336863759993
2006-01-09,0.9137582339137376
2006-01-10,0.9140291020443583
2006-01-11,0.9157705681485444
2006-01-12,0.9131647813039256
2006-01-13,0.9154230375032406
2006-01-17,0.9128847164994704
2006-01-18,0.9094029344255359
2006-01-19,0.9163178106723487
2006-01-20,0.6541661332452271
2006-01-23,0.6559111336309997
2006-01-24,0.6583097617179409
2006-01-25,0.6586252301957034
2006-01-26,0.6610933754004218
2006-01-27,0.6615738881345117
2006-01-30,0.6630276094737013
2006-01-31,0.6636249349268339
2006-02-01,0.6641762496298171
2006-02-02,0.6624190725823664
2006-02-03,0.6611144095754868
2006-02-06,0.6623748432569248
2006-02-07,0.6561908459758798
2006-02-08,0.6575431823106215
2006-02-09,0.6591065296134397
2006-02-10,0.6565008864218614
2006-02-13,0.3832136737723976
2006-02-14,0.3832136737723976
2006-02-15,0.4789931449529756
2006-02-16,0.47952765573338074
2006-02-17,0.4794812346423573
2006-02-21,0.4790805397620963
2006-02-22,0.4796704885582755
2006-02-23,0.4790819269812887
2006-02-24,0.4790180895224778
2006-02-27,0.5751043895754948
2006-02-28,0.5729103485951474
2006-03-01,0.5749455533856376
2006-03-02,0.5744196133323087
2006-03-03,0.5741632142163455
2006-03-06,0.5726759937602856
2006-03-07,0.5715611783817481
2006-03-08,0.5718790335236885
2006-03-09,0.4684476075892431
2006-03-10,0.4693489363421926
2006-03-13,0.46934616190380785
2006-03-14,0.46999856093960546
2006-03-15,0.5638336825594059
2006-03-16,0.5643756771967601
2006-03-17,0.5647419702425102
2006-03-20,0.5645421762221848
2006-03-21,0.5636415349698678
2006-03-22,0.5649108970696399
2006-03-23,0.5642611888058895
2006-03-24,0.6577634042958447
2006-03-27,0.6574335522921524
2006-03-28,0.6556637426957981
2006-03-29,0.7518070383133001
2006-03-30,0.8443026922340817
2006-03-31,0.8430371544380462
2006-04-03,0.8432908203639802
2006-04-04,0.8448877343967682
2006-04-05,0.8471881681498095
2006-04-06,0.8478484378482792
2006-04-07,0.8428092289093216
2006-04-10,0.8440591768335579
2006-04-11,0.5373880379291741
2006-04-12,0.5383408671253043
2006-04-13,0.5389803260667908
2006-04-17,0.4352949173272477
2006-04-18,0.43830113935043064
2006-04-19,0.5033320842497991
2006-04-20,0.4665542981518977
2006-04-21,0.4655919988306383
2006-04-24,0.4646806030768015
2006-04-25,0.4641624000356499
2006-04-26,0.46471843685122394
2006-04-27,0.46502185586479816
2006-04-28,0.5135278390921436
2006-05-01,0.3976111291086536
2006-05-02,0.39957605196992646
2006-05-03,0.3994287412184137
2006-05-04,0.4009635452161024
2006-05-05,0.45916871123091807
2006-05-08,0.4588156785866493
2006-05-09,0.4606734195038974
2006-05-10,0.4607440025493305
2006-05-11,0.4582783729681945
2006-05-12,0.19304598693943745
2006-05-15,0.1902393520158472
2006-05-16,0.19114715637548546
2006-05-17,0.1907991645119015
2006-05-18,0.19027717383068585
2006-05-19,0.13928369327073148
2006-05-22,0.13928369327073148
2006-05-23,0.13928369327073148
2006-05-24,0.13928369327073148
2006-05-25,0.13928369327073148
2006-05-26,0.13928369327073148
2006-05-30,0.13928369327073148
2006-05-31,0.13928369327073148
2006-06-01,0.13928369327073148
2006-06-02,0.13928369327073148
2006-06-05,0.13928369327073148
2006-06-06,0.13928369327073148
2006-06-07,0.13928369327073148
2006-06-08,0.13928369327073148
2006-06-09,0.13928369327073148
2006-06-12,0.13928369327073148
2006-06-13,0.13928369327073148
2006-06-14,0.13928369327073148
2006-06-15,0.13928369327073148
2006-06-16,0.13928369327073148
2006-06-19,0.13928369327073148
2006-06-20,0.13928369327073148
2006-06-21,0.13928369327073148
2006-06-22,0.13928369327073148
2006-06-23,0.13928369327073148
2006-06-26,0.13928369327073148
2006-06-27,0.13928369327073148
2006-06-28,0.13928369327073148
2006-06-29,0.13928369327073148
2006-06-30,0.13928369327073148
2006-07-03,0.13928369327073148
2006-07-05,0.13928369327073148
2006-07-06,0.13928369327073148
2006-07-07,0.13928369327073148
2006-07-10,0.13928369327073148
2006-07-11,0.13928369327073148
2006-07-12,0.13928369327073148
2006-07-13,0.13928369327073148
2006-07-14,0.13928369327073148
2006-07-17,0.13928369327073148
2006-07-18,0.13928369327073148
2006-07-19,0.13928369327073148
2006-07-20,0.13928369327073148
2006-07-21,0.13928369327073148
2006-07-24,0.13928369327073148
2006-07-25,0.13928369327073148
2006-07-26,0.13928369327073148
2006-07-27,0.13928369327073148
2006-07-28,0.13928369327073148
2006-07-31,0.13928369327073148
2006-08-01,0.13928369327073148
2006-08-02,0.13928369327073148
2006-08-03,0.13928369327073148
2006-08-04,0.17409591266317373
2006-08-07,0.17411607347374888
2006-08-08,0.17403940599968756
2006-08-09,0.13894239625866198
2006-08-10,0.13894239625866198
2006-08-11,0.13894239625866198
2006-08-14,0.13894239625866198
2006-08-15,0.13894239625866198
2006-08-16,0.13894239625866198
2006-08-17,0.1736693127259509
2006-08-18,0.20852438268002846
2006-08-21,0.24301048121812888
2006-08-22,0.24304135704678967
2006-08-23,0.2427732711847026
2006-08-24,0.24293927937479462
2006-08-25,0.2429028772837576
2006-08-28,0.24332121795402248
2006-08-29,0.2434906972226386
2006-08-30,0.24365119125841223
2006-08-31,0.2436880849028435
2006-09-01,0.24414583747699792
2006-09-05,0.2440012376316981
2006-09-06,0.24341299113201145
2006-09-07,0.24308589656850693
2006-09-08,0.24343021025461242
2006-09-11,0.24342919960455472
2006-09-12,0.2442746140055862
2006-09-13,0.2792886764304858
2006-09-14,0.27912859396275247
2006-09-15,0.27939986748683715
2006-09-18,0.27936936263847056
2006-09-19,0.23696463935417747
2006-09-20,0.2702116062282392
2006-09-21,0.2698803115808184
2006-09-22,0.22956556606978723
2006-09-25,0.23033461506871966
2006-09-26,0.23073520693880686
2006-09-27,0.26152733466967526
2006-09-28,0.2617080179283412
2006-09-29,0.2613048267628355
2006-10-02,0.26097131506566773
2006-10-03,0.2612540534199628
2006-10-04,0.26296650881473216
2006-10-05,0.26305281055269014
2006-10-06,0.22754252240377953
2006-10-09,0.22775482497132876
2006-10-10,0.22790712205117614
2006-10-11,0.22767080902161732
2006-10-12,0.2597974996312566
2006-10-13,0.26029010557336163
2006-10-16,0.2608121695836516
2006-10-17,0.26014044049833496
2006-10-18,0.26014942268238417
2006-10-19,0.2604534849521676
2006-10-20,0.26027213179010344
2006-10-23,0.26108452859266196
2006-10-24,0.2609370086900138
2006-10-25,0.26144049677126857
2006-10-26,0.26238292905532346
2006-10-27,0.2610394037300682
2006-10-30,0.2614077949089422
2006-10-31,0.2612864807574871
2006-11-01,0.29079488288572747
2006-11-02,0.25722396596617697
2006-11-03,0.186028310921161
2006-11-06,0.18687193947987657
2006-11-07,0.18716349934103804
2006-11-08,0.187347245182155
2006-11-09,0.18700211394115285
2006-11-10,0.1872045271450578
2006-11-13,0.18750302794435947
2006-11-14,0.24693290161987175
2006-11-15,0.2475297601836882
2006-11-16,0.24780284705476127
2006-11-17,0.24781632254530478
2006-11-20,0.2478961676556321
2006-11-21,0.2480473274540609
2006-11-22,0.2483124283671598
2006-11-24,0.2479596137351405
2006-11-27,0.21208796733738966
2006-11-28,0.2123256435726486
2006-11-29,0.21321842263786356
2006-11-30,0.21327096298074666
2006-12-01,0.21274779540616645
2006-12-04,0.24239126882213985
2006-12-05,0.2427636084603805
2006-12-06,0.24251372028419654
2006-12-07,0.24192246707796267
2006-12-08,0.2422043401031533
2006-12-11,0.2424267920098593
2006-12-12,0.24202963034921918
2006-12-13,0.2420924496235391
2006-12-14,0.24313939225239886
2006-12-15,0.2432483765679621
2006-12-18,0.24244740977924775
2006-12-19,0.2425218491841729
2006-12-20,0.24256172872071322
2006-12-21,0.24206659682167145
2006-12-22,0.20315866435521113
2006-12-26,0.2037541597230868
2006-12-27,0.20462648309476347
2006-12-28,0.20443462574594717
2006-12-29,0.20393262222517214
2007-01-03,0.20392412467477916
2007-01-04,0.20407277008013214
2007-01-05,0.20311922025813645
2007-01-08,0.2033019024886682
2007-01-09,0.20331641328270397
2007-01-10,0.20346975794805097
2007-01-11,0.23118861004812574
2007-01-12,0.23186571922677648
2007-01-16,0.2318112764366603
2007-01-17,0.2314681696452247
2007-01-18,0.23056592729451414
2007-01-19,0.23099002191195017
2007-01-22,0.196561001560907
2007-01-23,0.19711328457849678
2007-01-24,0.19795007585729307
2007-01-25,0.19689109457243767
2007-01-26,0.1969571133821141
2007-01-29,0.19712309281143717
2007-01-30,0.19756979885334242
2007-01-31,0.19814829651815768
2007-02-01,0.2239118157793729
2007-02-02,0.22359849701501533
2007-02-05,0.2235047793955916
2007-02-06,0.22386372499542057
2007-02-07,0.22406129856739712
2007-02-08,0.2242883291436879
2007-02-09,0.22379264995025155
2007-02-12,0.2233888535510544
2007-02-13,0.22423826672705857
2007-02-14,0.2249851223869975
2007-02-15,0.22515553955778578
2007-02-16,0.2252204448726232
2007-02-20,0.25042585197113365
2007-02-21,0.2511244766075918
2007-02-22,0.25100665972894276
2007-02-23,0.25080117908295646
2007-02-26,0.2506482631968816
2007-02-27,0.047384014277688576
2007-02-28,0.047384014277688576
2007-03-01,0.047384014277688576
2007-03-02,0.047384014277688576
2007-03-05,0.047384014277688576
2007-03-06,0.047384014277688576
2007-03-07,0.047384014277688576
2007-03-08,0.047384014277688576
2007-03-09,0.047384014277688576
2007-03-12,0.047384014277688576
2007-03-13,0.047384014277688576
2007-03-14,0.047384014277688576
2007-03-15,0.047384014277688576
2007-03-16,0.047384014277688576
2007-03-19,0.047384014277688576
2007-03-20,0.047384014277688576
2007-03-21,0.047384014277688576
2007-03-22,0.047384014277688576
2007-03-23,0.047384014277688576
2007-03-26,0.047384014277688576
2007-03-27,0.047384014277688576
2007-03-28,0.047384014277688576
2007-03-29,0.059226464756657986
2007-03-30,0.05905175210985919
2007-04-02,0.05893681094293512
2007-04-03,0.05889083404427503
2007-04-04,0.05901956763296144
2007-04-05,0.05904255824174377
2007-04-09,0.05892301744144663
2007-04-10,0.05908393658675694
2007-04-11,0.05906554669107382
2007-04-12,0.059134512039063954
2007-04-13,0.05919887775368102
2007-04-16,0.09463427645819678
2007-04-17,0.09443555472454979
2007-04-18,0.10629079602642716
2007-04-19,0.10602950405973119
2007-04-20,0.10678061308976503
2007-04-23,0.10669695306263688
2007-04-24,0.10645506456313254
2007-04-25,0.10704080737479643
2007-04-26,0.10681107265403844
2007-04-27,0.1069447468715816
2007-04-30,0.10639404811345053
2007-05-01,0.10647113952040653
2007-05-02,0.1066955709283163
2007-05-03,0.11882133548264995
2007-05-04,0.11905511027482978
2007-05-07,0.11906625749275691
2007-05-08,0.11890069852119513
2007-05-09,0.11893174914337734
2007-05-10,0.10597733101512741
2007-05-11,0.10665306765613948
2007-05-14,0.10643338037992524
2007-05-15,0.09354336637204057
2007-05-16,0.09373094473539456
2007-05-17,0.09376917037277731
2007-05-18,0.09399329239820914
2007-05-21,0.09420845653478455
2007-05-22,0.09407033482487005
2007-05-23,0.09404680129972985
2007-05-24,0.0936044888913731
2007-05-25,0.09396345836041933
2007-05-29,0.09380683526807462
2007-05-30,0.09421306366180712
2007-05-31,0.10578650459473592
2007-06-01,0.10608531104810183
2007-06-04,0.10626383243858831
2007-06-05,0.10595192177572732
2007-06-06,0.10551193597070715
2007-06-07,0.03636609305175868
2007-06-08,0.036154598454141366
2007-06-11,0.03637988655324717
2007-06-12,0.036347700996623274
2007-06-13,0.03649942519409203
2007-06-14,0.03661436744074225
2007-06-15,0.04279517876930643
2007-06-18,0.04279492330544735
2007-06-19,0.042675756506441814
2007-06-20,0.04262723107442097
2007-06-21,0.042611589137775394
2007-06-22,0.042518894047976666
2007-06-25,0.04244529407041455
2007-06-26,0.04230057314506003
2007-06-27,0.042354707279516506
2007-06-28,0.04232494882606141
2007-06-29,0.03043307548948029
2007-07-02,0.03050067179428946
2007-07-03,0.030530086470721023
2007-07-05,0.030557292236317764
2007-07-06,0.03058021983382117
2007-07-09,0.03058838162026994
2007-07-10,0.030516622957650213
2007-07-11,0.03054599165058714
2007-07-12,0.04284882407160277
2007-07-13,0.04289998979229327
2007-07-16,0.042884996354964955
2007-07-17,0.04292823478853614
2007-07-18,0.042862426017251855
2007-07-19,0.042973551203492416
2007-07-20,0.042757737467762444
2007-07-23,0.04283467432748983
2007-07-24,0.027760188075460858
2007-07-25,0.02779013575605264
2007-07-26,0.013347390571043147
2007-07-27,0.013347390571043147
2007-07-30,0.013347390571043147
2007-07-31,0.013347390571043147
2007-08-01,0.013347390571043147
2007-08-02,0.013347390571043147
2007-08-03,0.013347390571043147
2007-08-06,0.013347390571043147
2007-08-07,0.013347390571043147
2007-08-08,0.013347390571043147
2007-08-09,0.013347390571043147
2007-08-10,0.013347390571043147
2007-08-13,0.013347390571043147
2007-08-14,0.013347390571043147
2007-08-15,0.013347390571043147
2007-08-16,0.013347390571043147
2007-08-17,0.013347390571043147
2007-08-20,0.013347390571043147
2007-08-21,0.013347390571043147
2007-08-22,0.013347390571043147
2007-08-23,0.013347390571043147
2007-08-24,0.013347390571043147
2007-08-27,0.016683404127006262
2007-08-28,0.01668907111837712
2007-08-29,0.016680002721180337
2007-08-30,0.01670229275268311
2007-08-31,0.01670493829054772
2007-09-04,0.01670653101232335
2007-09-05,0.016733467764824633
2007-09-06,0.020060669878176736
2007-09-07,0.02013414786016189
2007-09-10,0.020171843518626154
2007-09-11,0.020212791289607318
2007-09-12,0.02019699025191143
2007-09-13,0.020147849686739477
2007-09-14,0.02014842081013737
2007-09-17,0.023547894166062257
2007-09-18,0.023569938177857186
2007-09-19,0.0202002067815725
2007-09-20,0.020315085744231954
2007-09-21,0.020320370248999832
2007-09-24,0.020311226944337853
2007-09-25,0.020288707694120858
2007-09-26,0.020277707617203905
2007-09-27,0.020401414491136284
2007-09-28,0.02042943545386895
2007-10-01,0.02375189400574376
2007-10-02,0.02361441609761078
2007-10-03,0.02357481054567269
2007-10-04,0.023674242636935183
2007-10-05,0.023766865481533932
2007-10-08,0.020316930190715364
2007-10-09,0.020364216795929906
2007-10-10,0.020386681648304306
2007-10-11,0.020365305589078533
2007-10-12,0.02043904860231193
2007-10-15,0.020434464647507714
2007-10-16,0.020413828069199353
2007-10-17,0.02041883479285373
2007-10-18,0.020499601134332506
2007-10-19,0.0161439241287559
2007-10-22,0.01609062925436293
2007-10-23,0.016121152961337412
2007-10-24,0.019253489181201438
2007-10-25,0.02184809692519852
2007-10-26,0.021960830482994586
2007-10-29,0.022036671425231802
2007-10-30,0.021937959900442162
2007-10-31,0.025163272815591872
2007-11-01,0.02506554390328559
2007-11-02,0.025241595977128724
2007-11-05,0.02520221145107622
2007-11-06,0.025371411744546428
2007-11-07,0.021342653286411273
2007-11-08,0.021329640664816723
2007-11-09,0.02135283958714304
2007-11-12,0.017753630124762824
2007-11-13,0.015103466759520916
2007-11-14,0.015106908789547843
2007-11-15,0.0151365028934024
2007-11-16,0.015140974309222791
2007-11-19,0.015161624900475734
2007-11-20,0.01515818604826603
2007-11-21,0.015176766291597872
2007-11-23,0.015186403022328097
2007-11-26,0.015250067866557328
2007-11-27,0.015218749569872084
2007-11-28,0.015196725253630817
2007-11-29,0.015224600839328303
2007-11-30,0.01520877099680339
2007-12-03,0.015234545137368372
2007-12-04,0.015234199890225735
2007-12-05,0.01519515813576575
2007-12-06,0.012030959143213046
2007-12-07,0.012030959143213046
2007-12-10,0.012030959143213046
2007-12-11,0.012030959143213046
2007-12-12,0.012030959143213046
2007-12-13,0.012030959143213046
2007-12-14,0.012030959143213046
2007-12-17,0.012030959143213046
2007-12-18,0.012030959143213046
2007-12-19,0.012030959143213046
2007-12-20,0.012030959143213046
2007-12-21,0.012030959143213046
2007-12-24,0.012030959143213046
2007-12-26,0.012030959143213046
2007-12-27,0.012030959143213046
2007-12-28,0.012030959143213046
2007-12-31,0.012030959143213046
2008-01-02,0.01744818136146974
2008-01-03,0.017491872781546677
2008-01-04,0.01746210423897358
2008-01-07,0.01740439258069415
2008-01-08,0.01749601611877259
2008-01-09,0.017463516309084912
2008-01-10,0.017510667534837196
2008-01-11,0.017544315684889945
2008-01-14,0.017608148418603038
2008-01-15,0.02053080776271559
2008-01-16,0.0204415611227676
2008-01-17,0.020441875757682467
2008-01-18,0.02046207644681422
2008-01-22,0.02051159605513944
2008-01-23,0.017953534608505288
2008-01-24,0.017968407436580187
2008-01-25,0.018026009107921372
2008-01-28,0.018064722877412318
2008-01-29,0.018023575205301824
2008-01-30,0.01803547713872245
2008-01-31,0.01803377541081854
2008-02-01,0.017980989200297528
2008-02-04,0.01794143095233698
2008-02-05,0.014960600553672208
2008-02-06,0.01495144648833908
2008-02-07,0.011863159632308872
2008-02-08,0.01419954025273098
2008-02-11,0.014214926410885047
2008-02-12,0.014167369092781962
2008-02-13,0.014186252199767432
2008-02-14,0.014233110256320885
2008-02-15,0.014221920308547853
2008-02-19,0.014298851740401429
2008-02-20,0.01687828304268298
2008-02-21,0.016865270851088757
2008-02-22,0.01690269566280149
2008-02-25,0.016908577965946785
2008-02-26,0.016988437061449608
2008-02-27,0.01701439937032024
2008-02-28,0.01707219111634006
2008-02-29,0.017035460032570747
2008-03-03,0.01710171134294963
2008-03-04,0.01703590280795649
2008-03-05,0.017161784454721805
2008-03-06,0.017147778338500015
2008-03-07,0.017109913459519933
2008-03-10,0.017152812719389017
2008-03-11,0.01719737992920041
2008-03-12,0.017254836657705303
2008-03-13,0.017294251335925305
2008-03-14,0.017300941847973143
2008-03-17,0.0172045037105463
2008-03-18,0.017189041180760735
2008-03-19,0.012042829765285786
2008-03-20,0.012042829765285786
2008-03-24,0.012042829765285786
2008-03-25,0.012042829765285786
2008-03-26,0.012042829765285786
2008-03-27,0.012042829765285786
2008-03-28,0.012042829765285786
2008-03-31,0.012042829765285786
2008-04-01,0.012042829765285786
2008-04-02,0.012042829765285786
2008-04-03,0.012042829765285786
2008-04-04,0.012042829765285786
2008-04-07,0.012042829765285786
2008-04-08,0.012042829765285786
2008-04-09,0.012042829765285786
2008-04-10,0.012042829765285786
2008-04-11,0.012042829765285786
2008-04-14,0.012042829765285786
2008-04-15,0.012042829765285786
2008-04-16,0.012042829765285786
2008-04-17,0.012042829765285786
2008-04-18,0.012042829765285786
2008-04-21,0.012042829765285786
2008-04-22,0.012042829765285786
2008-04-23,0.012042829765285786
2008-04-24,0.012042829765285786
2008-04-25,0.012042829765285786
2008-04-28,0.012042829765285786
2008-04-29,0.012042829765285786
2008-04-30,0.012042829765285786
2008-05-01,0.012042829765285786
2008-05-02,0.0150527846426315
2008-05-05,0.008117475275583975
2008-05-06,0.008117475275583975
2008-05-07,0.008117475275583975
2008-05-08,0.009912450066229246
2008-05-09,0.009940274939975444
2008-05-12,0.009909308339216868
2008-05-13,0.009919181927016275
2008-05-14,0.009890010804527376
2008-05-15,0.011939023072030035
2008-05-16,0.011961144640750888
2008-05-19,0.009413775537540442
2008-05-20,0.00943890791380124
2008-05-21,0.009492762183023959
2008-05-22,0.00946538633311356
2008-05-23,0.009468976466888214
2008-05-27,0.00943890791380124
2008-05-28,0.009450576157105624
2008-05-29,0.009399863203512932
2008-05-30,0.009411980470653116
2008-06-02,0.009436215004933487
2008-06-03,0.007591174743636405
2008-06-04,0.007591174743636405
2008-06-05,0.00948849405228062
2008-06-06,0.007393284434583013
2008-06-09,0.007393284434583013
2008-06-10,0.007393284434583013
2008-06-11,0.008537761106098135
2008-06-12,0.008537500302600552
2008-06-13,0.008530198402293132
2008-06-16,0.008529155188302804
2008-06-17,0.008540629705521587
2008-06-18,0.008556276959176707
2008-06-19,0.008529155188302804
2008-06-20,0.008536978695605388
2008-06-23,0.00854506312593053
2008-06-24,0.008545324048953088
2008-06-25,0.008540890389494193
2008-06-26,0.008578965309641666
2008-06-27,0.0085820947125627
2008-06-30,0.008560971063558258
2008-07-01,0.008581573225092511
2008-07-02,0.00860426157555747
2008-07-03,0.008603739968562306
2008-07-07,0.00858731054346439
2008-07-08,0.008544019911940202
2008-07-09,0.010391068111017025
2008-07-10,0.010422165835148217
2008-07-11,0.012205669192592264
2008-07-14,0.012236334567326253
2008-07-15,0.01220256989551507
2008-07-16,0.01026067878705559
2008-07-17,0.009080775682176368
2008-07-18,0.009079833243010593
2008-07-21,0.00909773858058813
2008-07-22,0.009058912358935424
2008-07-23,0.007201927842596195
2008-07-24,0.007201927842596195
2008-07-25,0.007201927842596195
2008-07-28,0.007201927842596195
2008-07-29,0.007201927842596195
2008-07-30,0.007201927842596195
2008-07-31,0.007201927842596195
2008-08-01,0.007201927842596195
2008-08-04,0.007201927842596195
2008-08-05,0.007201927842596195
2008-08-06,0.007201927842596195
2008-08-07,0.00900195975026303
2008-08-08,0.009030719354875549
2008-08-11,0.009040824066334456
2008-08-12,0.009036937652593419
2008-08-13,0.009036937652593419
2008-08-14,0.009047819718264953
2008-08-15,0.009061811022125945
2008-08-18,0.009056369899959654
2008-08-19,0.009047819718264953
2008-08-20,0.009053261019092288
2008-08-21,0.00903227352731766
2008-08-22,0.00905092895645441
2008-08-25,0.01085013869452108
2008-08-26,0.010862552059861674
2008-08-27,0.010860175246345843
2008-08-28,0.010866585231233256
2008-08-29,0.010859319970131941
2008-09-02,0.010893917561614905
2008-09-03,0.010900050917245928
2008-09-04,0.010929425405076382
2008-09-05,0.010935461033940556
2008-09-08,0.010953252889273141
2008-09-09,0.010972286976780425
2008-09-10,0.01097319285192609
2008-09-11,0.010977672804574226
2008-09-12,0.010917309327457133
2008-09-15,0.009155316247648645
2008-09-16,0.009154932751215818
2008-09-17,0.009164350695927364
2008-09-18,0.009136675952394728
2008-09-19,0.00726688820340127
2008-09-22,0.00726688820340127
2008-09-23,0.00726688820340127
2008-09-24,0.00726688820340127
2008-09-25,0.00726688820340127
2008-09-26,0.00726688820340127
2008-09-29,0.00726688820340127
2008-09-30,0.00726688820340127
2008-10-01,0.00726688820340127
2008-10-02,0.008861439970910307
2008-10-03,0.008855030300845172
2008-10-06,0.00887425901639052
2008-10-07,0.008862721845993323
2008-10-08,0.008857594051011202
2008-10-09,0.008865926754688405
2008-10-10,0.008868490504854436
2008-10-13,0.008867208482446392
2008-10-14,0.008866567176592309
2008-10-15,0.008885155470233753
2008-10-16,0.008893487879260899
2008-10-17,0.008896051924076989
2008-10-20,0.008908870969557201
2008-10-21,0.008935791230250702
2008-10-22,0.008955661251650131
2008-10-23,0.008946046967539973
2008-10-24,0.008989632046287761
2008-10-27,0.008989632046287761
2008-10-28,0.00896976246686342
2008-10-29,0.008942200900315838
2008-10-30,0.008940278161353829
2008-10-31,0.008965275683085323
2008-11-03,0.008973608092112466
2008-11-04,0.00893771426386277
2008-11-05,0.008943482775398854
2008-11-06,0.00896719856937236
2008-11-07,0.008963352649473254
2008-11-10,0.0089646346718813
2008-11-11,0.008990914068695807
2008-11-12,0.008994759693944853
2008-11-13,0.00896719856937236
2008-11-14,0.008981299637260617
2008-11-17,0.008980017614852571
2008-11-18,0.008985145409834694
2008-11-19,0.008990914068695807
2008-11-20,0.010667149236368089
2008-11-21,0.010634743964321654
2008-11-24,0.010566773455203122
2008-11-25,0.00899602305002697
2008-11-26,0.008998255299779646
2008-11-28,0.009018820639815022
2008-12-01,0.009083366408929615
2008-12-02,0.009090083674449563
2008-12-03,0.00909504338019848
2008-12-04,0.009129755286246221
2008-12-05,0.009100642509443861
2008-12-08,0.00909680395706685
2008-12-09,0.009131674361294903
2008-12-10,0.009127355285881386
2008-12-11,0.0091308744282199
2008-12-12,0.0091308744282199
2008-12-15,0.00915135086445363
2008-12-16,0.009196299580639476
2008-12-17,0.009246846018091946
2008-12-18,0.009286996141526883
2008-12-19,0.009289075726154105
2008-12-22,0.009274038513006686
2008-12-23,0.009271481422440298
2008-12-24,0.009267321850906207
2008-12-26,0.009273719706387656
2008-12-29,0.009271392317498827
2008-12-30,0.009289850919030913
2008-12-31,0.009248924395880232
2009-01-02,0.007523868663961102
2009-01-05,0.007523868663961102
2009-01-06,0.007523868663961102
2009-01-07,0.007523868663961102
2009-01-08,0.007523868663961102
2009-01-09,0.007523868663961102
2009-01-12,0.007523868663961102
2009-01-13,0.007523868663961102
2009-01-14,0.007523868663961102
2009-01-15,0.007523868663961102
2009-01-16,0.007523868663961102
2009-01-20,0.007523868663961102
2009-01-21,0.007523868663961102
2009-01-22,0.007523868663961102
2009-01-23,0.008739791459734627
2009-01-26,0.008745560537205408
2009-01-27,0.008737731044981621
2009-01-28,0.008724544537278243
2009-01-29,0.008753115356367417
2009-01-30,0.008777977407941768
2009-02-02,0.008744049573373006
2009-02-03,0.008738967335752244
2009-02-04,0.008748719853799625
2009-02-05,0.008761631688441223
2009-02-06,0.008754351542340992
2009-02-09,0.008736906920999236
2009-02-10,0.008762867874414798
2009-02-11,0.00879143869350397
2009-02-12,0.008803526299366137
2009-02-13,0.008795010072089379
2009-02-17,0.008834844268261288
2009-02-18,0.008854898860073701
2009-02-19,0.00883923977082908
2009-02-20,0.00886712385486528
2009-02-23,0.008866162341953485
2009-02-24,0.00882495446608154
2009-02-25,0.008803251626304359
2009-02-26,0.008802015335533736
2009-02-27,0.008796108869133542
2009-03-02,0.009431370332072734
2009-03-03,0.009430665399091641
2009-03-04,0.009420089311630601
2009-03-05,0.009429959983169478
2009-03-06,0.009420794083631338
2009-03-09,0.009431370332072734
2009-03-10,0.009420794083631338
2009-03-11,0.009400346841690351
2009-03-12,0.009391181103132569
2009-03-13,0.00939329590207585
2009-03-16,0.00938765547234496
2009-03-17,0.009384835257479516
2009-03-18,0.007435261637795527
2009-03-19,0.007435261637795527
2009-03-20,0.007435261637795527
2009-03-23,0.007435261637795527
2009-03-24,0.007435261637795527
2009-03-25,0.007435261637795527
2009-03-26,0.007435261637795527
2009-03-27,0.007435261637795527
2009-03-30,0.007435261637795527
2009-03-31,0.007435261637795527
2009-04-01,0.007435261637795527
2009-04-02,0.007435261637795527
2009-04-03,0.007435261637795527
2009-04-06,0.007435261637795527
2009-04-07,0.007435261637795527
2009-04-08,0.007435261637795527
2009-04-09,0.007435261637795527
2009-04-13,0.007435261637795527
2009-04-14,0.007435261637795527
2009-04-15,0.007435261637795527
2009-04-16,0.007435261637795527
2009-04-17,0.007435261637795527
2009-04-20,0.007435261637795527
2009-04-21,0.007435261637795527
2009-04-22,0.007435261637795527
2009-04-23,0.007435261637795527
2009-04-24,0.007435261637795527
2009-04-27,0.007435261637795527
2009-04-28,0.007435261637795527
2009-04-29,0.007435261637795527
2009-04-30,0.007435261637795527
2009-05-01,0.007435261637795527
2009-05-04,0.008704253327670053
2009-05-05,0.008697459932627293
2009-05-06,0.008701043698214615
2009-05-07,0.007183079996336426
2009-05-08,0.007183079996336426
2009-05-11,0.007183079996336426
2009-05-12,0.007183079996336426
2009-05-13,0.007183079996336426
2009-05-14,0.007183079996336426
2009-05-15,0.007183079996336426
2009-05-18,0.007183079996336426
2009-05-19,0.007183079996336426
2009-05-20,0.007183079996336426
2009-05-21,0.007183079996336426
2009-05-22,0.007183079996336426
2009-05-26,0.007183079996336426
2009-05-27,0.007183079996336426
2009-05-28,0.007183079996336426
2009-05-29,0.008395123425351387
2009-06-01,0.00937549594135147
2009-06-02,0.010832776424577112
2009-06-03,0.009324713152768605
2009-06-04,0.00935740846325057
2009-06-05,0.00935461005156675
2009-06-08,0.009339735381044476
2009-06-09,0.00935752972436731
2009-06-10,0.009345077404072238
2009-06-11,0.009355712517805433
2009-06-12,0.009354630756909831
2009-06-15,0.009298508493133146
2009-06-16,0.0092700698494357
2009-06-17,0.009284139090348703
2009-06-18,0.009288340003247273
2009-06-19,0.009307695207036813
2009-06-22,0.008239837267402234
2009-06-23,0.006812685876554395
2009-06-24,0.006812685876554395
2009-06-25,0.006812685876554395
2009-06-26,0.006812685876554395
2009-06-29,0.006812685876554395
2009-06-30,0.006812685876554395
2009-07-01,0.006812685876554395
2009-07-02,0.006812685876554395
2009-07-06,0.006812685876554395
2009-07-07,0.006812685876554395
2009-07-08,0.006812685876554395
2009-07-09,0.006812685876554395
2009-07-10,0.006812685876554395
2009-07-13,0.006812685876554395
2009-07-14,0.006812685876554395
2009-07-15,0.006812685876554395
2009-07-16,0.0082762376378299
2009-07-17,0.008277464450500524
2009-07-20,0.008295075179090387
2009-07-21,0.010003149781177079
2009-07-22,0.01000443069004919
2009-07-23,0.013046215154823904
2009-07-24,0.013056173887042794
2009-07-27,0.013071363733725529
2009-07-28,0.013073256720033233
2009-07-29,0.013046102368848258
2009-07-30,0.013117277755783757
2009-07-31,0.013114667775875812
2009-08-03,0.013207524418062978
2009-08-04,0.013233096320364013
2009-08-05,0.013195032288691816
2009-08-06,0.013145170287500403
2009-08-07,0.013246224187079738
2009-08-10,0.013226858715863911
2009-08-11,0.013145865321587163
2009-08-12,0.013234941191603542
2009-08-13,0.013269188297143866
2009-08-14,0.013194207177817961
2009-08-17,0.009905868917101409
2009-08-18,0.009938515453103276
2009-08-19,0.009961732202362955
2009-08-20,0.009993788294147737
2009-08-21,0.013029873723474208
2009-08-24,0.013024260916801433
2009-08-25,0.013046060912958611
2009-08-26,0.013049091184957796
2009-08-27,0.013063104740638869
2009-08-28,0.013044423158415235
2009-08-31,0.012987233824315629
2009-09-01,0.01284862399792964
2009-09-02,0.011404939059017669
2009-09-03,0.011444525054479055
2009-09-04,0.011513919110057513
2009-09-08,0.01155514928248659
2009-09-09,0.011596400413729804
2009-09-10,0.01300746068051073
2009-09-11,0.012995352797438372
2009-09-14,0.013034108820347012
2009-09-15,0.013070218252627521
2009-09-16,0.013171439262071892
2009-09-17,0.01315489555508914
2009-09-18,0.013177008978276655
2009-09-21,0.013162736772392965
2009-09-22,0.013201778097311923
2009-09-23,0.013139256581261756
2009-09-24,0.0130686060099258
2009-09-25,0.013029842334107304
2009-09-28,0.01314974311085459
2009-09-29,0.013125002540213261
2009-09-30,0.013097904018315544
2009-10-01,0.004366675547418003
2009-10-02,0.004366675547418003
2009-10-05,0.004366675547418003
2009-10-06,0.004366675547418003
2009-10-07,0.004366675547418003
2009-10-08,0.004366675547418003
2009-10-09,0.004366675547418003
2009-10-12,0.004366675547418003
2009-10-13,0.004366675547418003
2009-10-14,0.007640781737368184
2009-10-15,0.007650982603117142
2009-10-16,0.007626516655323936
2009-10-19,0.00765704187946064
2009-10-20,0.007638212392234688
2009-10-21,0.007612117011529646
2009-10-22,0.0076453162657268
2009-10-23,0.007614683805703723
2009-10-26,0.007584341754457594
2009-10-27,0.007569408160191928
2009-10-28,0.0028281558709065853
2009-10-29,0.0028281558709065853
2009-10-30,0.0028281558709065853
2009-11-02,0.0028281558709065853
2009-11-03,0.003535018105401285
2009-11-04,0.003539267933000357
2009-11-05,0.0035384711219892443
2009-11-06,0.0035414592646047993
2009-11-09,0.004253350519466098
2009-11-10,0.004256063053652251
2009-11-11,0.004267159339213859
2009-11-12,0.004251446205457523
2009-11-13,0.004266651919107903
2009-11-16,0.005625102123713102
2009-11-17,0.005631862607540325
2009-11-18,0.0056294552595045
2009-11-19,0.005603313793500495
2009-11-20,0.005601197766250511
2009-11-23,0.005637403708472052
2009-11-24,0.0056367309362863
2009-11-25,0.005656507375318387
2009-11-27,0.005612501604041488
2009-11-30,0.005623144669108911
2009-12-01,0.0056608940084181035
2009-12-02,0.005674528719822898
2009-12-03,0.005656095788672271
2009-12-04,0.004919770646097546
2009-12-07,0.004916764841218608
2009-12-08,0.004897668857125191
2009-12-09,0.00490686668814908
2009-12-10,0.004917673551671201
2009-12-11,0.004924536198455939
2009-12-14,0.004937809377755888
2009-12-15,0.00492732962181539
2009-12-16,0.004929094879148948
2009-12-17,0.004903856447498218
2009-12-18,0.004918654311581642
2009-12-21,0.004939404437215015
2009-12-22,0.004949833900722537
2009-12-23,0.005673441164885565
2009-12-24,0.005689066534803195
2009-12-28,0.005692976161879453
2009-12-29,0.005690443863126347
2009-12-30,0.005691915089194243
2009-12-31,0.005660925728946689
2010-01-04,0.00642791759949261
2010-01-05,0.00642836465704412
2010-01-06,0.006438749416002989
2010-01-07,0.0064389988135986325
2010-01-08,0.006449289444299195
2010-01-11,0.006449338187946114
2010-01-12,0.0056877083114377
2010-01-13,0.005714009725424358
2010-01-14,0.0057236746107584505
2010-01-15,0.005690867432533566
2010-01-19,0.005729972111891825
2010-01-20,0.005694498798482125
2010-01-21,0.0026868449480479655
2010-01-22,0.0018669395002609743
2010-01-25,0.0018669395002609743
2010-01-26,0.0018669395002609743
2010-01-27,0.0018669395002609743
2010-01-28,0.0018669395002609743
2010-01-29,0.0023335577091073843
2010-02-01,0.0018639224442590931
2010-02-02,0.0018639224442590931
2010-02-03,0.0018639224442590931
2010-02-04,0.002329786577642752
2010-02-05,0.0023317650100948407
2010-02-08,0.002331567166849632
2010-02-09,0.00232859956334119
2010-02-10,0.0023299843757182705
2010-02-11,0.002329786577642752
2010-02-12,0.0023313692332650416
2010-02-16,0.0023274125490396276
2010-02-17,0.0023317650100948407
2010-02-18,0.0023317650100948407
2010-02-19,0.002333149867641612
2010-02-22,0.0023323584946607764
2010-02-23,0.00233493036650911
2010-02-24,0.0023339412406224473
2010-02-25,0.0023329519792267125
2010-02-26,0.002331567166849632
2010-03-01,0.002333149867641612
2010-03-02,0.0023317650100948407
2010-03-03,0.0023289952498316076
2010-03-04,0.002331567166849632
2010-03-05,0.0032630625657536195
2010-03-08,0.0032648008013827254
2010-03-09,0.0032690511933158176
2010-03-10,0.003275626203567797
2010-03-11,0.0032781434601972343
2010-03-12,0.00327457488143372
2010-03-15,0.0032745304002362017
2010-03-16,0.003275801020149006
2010-03-17,0.003748535798955531
2010-03-18,0.003749134355930611
2010-03-19,0.0037363680672928383
2010-03-22,0.0037511517952655313
2010-03-23,0.003768103265821261
2010-03-24,0.004220025774826844
2010-03-25,0.004217518859613414
2010-03-26,0.004214427074556739
2010-03-29,0.004220878979814566
2010-03-30,0.00422558867901233
2010-03-31,0.004213080977444688
2010-04-01,0.0037558065077254216
2010-04-05,0.003776522916866732
2010-04-06,0.0037813076157269454
2010-04-07,0.003772822955775904
2010-04-08,0.0037769594311256776
2010-04-09,0.003788949504221598
2010-04-12,0.003792409608566508
2010-04-13,0.00379632497464712
2010-04-14,0.0038247025166979086
2010-04-15,0.0038294756307170456
2010-04-16,0.0038025870155257366
2010-04-19,0.0038054428008454854
2010-04-20,0.0038215396587134307
2010-04-21,0.0038254938783946505
2010-04-22,0.003835570010773582
2010-04-23,0.0038495944218807196
2010-04-26,0.0038439479144083506
2010-04-27,0.003280870562918475
2010-04-28,0.0032840131472331325
2010-04-29,0.003308084446248441
2010-04-30,0.002196288321554
2010-05-03,0.0026322835633966718
2010-05-04,0.0019515668672994428
2010-05-05,0.001955260914860049
2010-05-06,0.00227530687745885
2010-05-07,0.0022693016787015885
2010-05-10,0.001952891365756869
2010-05-11,0.0019657439475559853
2010-05-12,0.00196936800415593
2010-05-13,0.0019679992433553955
2010-05-14,0.001970170596416033
2010-05-17,0.001966419313760774
2010-05-18,0.001970279363429643
2010-05-19,0.0015217405898498267
2010-05-20,0.0015201145218583778
2010-05-21,0.0015187385984019868
2010-05-24,0.0015218656763966415
2010-05-25,0.0015227412536657733
2010-05-26,0.0015248677249616262
2010-05-27,0.0015214904738733415
2010-05-28,0.0015232415998530327
2010-06-01,0.0015233666863998475
2010-06-02,0.0015232415998530327
2010-06-03,0.0015248677249616262
2010-06-04,0.0015286202356903553
2010-06-07,0.0015293707264126721
2010-06-08,0.001528370005479581
2010-06-09,0.0015271191971285769
2010-06-10,0.0015237419745988646
2010-06-11,0.0015247426098562388
2010-06-14,0.0012162228005977618
2010-06-15,0.0012162228005977618
2010-06-16,0.0012162228005977618
2010-06-17,0.0012162228005977618
2010-06-18,0.0015202024982225435
2010-06-21,0.001514163376087701
2010-06-22,0.001516786920478621
2010-06-23,0.0015155493966892263
2010-06-24,0.0015164156784482942
2010-06-25,0.0015200292456473532
2010-06-28,0.001819868001111702
2010-06-29,0.0018236276720154702
2010-06-30,0.0018267099595621077
2010-07-01,0.001508100040219417
2010-07-02,0.0015056296788643524
2010-07-06,0.0015081609352509213
2010-07-07,0.0015045317284592386
2010-07-08,0.0015025796242265617
2010-07-09,0.0015008411756953562
2010-07-12,0.0015007191150679306
2010-07-13,0.0011921506223017226
2010-07-14,0.0011921506223017226
2010-07-15,0.0011921506223017226
2010-07-16,0.0011921506223017226
2010-07-19,0.0011921506223017226
2010-07-20,0.0011921506223017226
2010-07-21,0.0011921506223017226
2010-07-22,0.0011921506223017226
2010-07-23,0.0011921506223017226
2010-07-26,0.0011921506223017226
2010-07-27,0.0011921506223017226
2010-07-28,0.0011921506223017226
2010-07-29,0.0011921506223017226
2010-07-30,0.0011921506223017226
2010-08-02,0.0011921506223017226
2010-08-03,0.0011921506223017226
2010-08-04,0.0014900988844591644
2010-08-05,0.0014887106148564642
2010-08-06,0.0011874358305371307
2010-08-09,0.0011874358305371307
2010-08-10,0.0011874358305371307
2010-08-11,0.0011874358305371307
2010-08-12,0.0011874358305371307
2010-08-13,0.0011874358305371307
2010-08-16,0.0014842205845625462
2010-08-17,0.001482522278849372
2010-08-18,0.001483314859341683
2010-08-19,0.0014879291617050532
2010-08-20,0.0014875895606392656
2010-08-23,0.0014876460328754634
2010-08-24,0.0014924586889620748
2010-08-25,0.0014914677547465229
2010-08-26,0.0014943268118961558
2010-08-27,0.0014856361619584436
2010-08-30,0.0014913544765138662
2010-08-31,0.0014947231522063505
2010-09-01,0.0014883688908492061
2010-09-02,0.0014851889232084135
2010-09-03,0.0011826436742523186
2010-09-07,0.0011826436742523186
2010-09-08,0.0011826436742523186
2010-09-09,0.0011826436742523186
2010-09-10,0.0011826436742523186
2010-09-13,0.0011826436742523186
2010-09-14,0.0014782306886713791
2010-09-15,0.001478040012871985
2010-09-16,0.0014796846984820372
2010-09-17,0.0014794701813881266
2010-09-20,0.0017758364062889424
2010-09-21,0.0017787574317248908
2010-09-22,0.001778613220894257
2010-09-23,0.0017767379570199306
2010-09-24,0.0020786635025251176
2010-09-27,0.0020754240242917593
2010-09-28,0.0020793847533278637
2010-09-29,0.002082841564486678
2010-09-30,0.0020831852368906273
2010-10-01,0.0020873336741761787
2010-10-04,0.002083112884854862
2010-10-05,0.0021005416996523157
2010-10-06,0.0021032507297729618
2010-10-07,0.0020961917604761043
2010-10-08,0.002110909717514292
2010-10-11,0.0021110283708818726
2010-10-12,0.0024075723090229277
2010-10-13,0.002986934681094862
2010-10-14,0.0029855371289730526
2010-10-15,0.00298269086776352
2010-10-18,0.0029957348311222603
2010-10-19,0.0026563438147209255
2010-10-20,0.002675749763821944
2010-10-21,0.0026722255739101753
2010-10-22,0.00267959955394392
2010-10-25,0.002685832165924468
2010-10-26,0.0026880077196128824
2010-10-27,0.0026847008293376974
2010-10-28,0.0026855716962562413
2010-10-29,0.0026857222726713722
2010-11-01,0.0026859962041924793
2010-11-02,0.0027019474562164146
2010-11-03,0.002706959024002015
2010-11-04,0.002737976820207255
2010-11-05,0.002742214906881578
2010-11-08,0.0027416020035797286
2010-11-09,0.0027289890165840235
2010-11-10,0.0027394383534951024
2010-11-11,0.0027292811138148313
2010-11-12,0.002403967410407114
2010-11-15,0.0024035841083973595
2010-11-16,0.0007697459271550049
2010-11-17,0.0007697459271550049
2010-11-18,0.0007697459271550049
2010-11-19,0.0007697459271550049
2010-11-22,0.0007697459271550049
2010-11-23,0.0007697459271550049
2010-11-24,0.0007697459271550049
2010-11-26,0.0007697459271550049
2010-11-29,0.0007697459271550049
2010-11-30,0.0007697459271550049
2010-12-01,0.0009621343070385947
2010-12-02,0.0009642211344494325
2010-12-03,0.0009655726457703556
2010-12-06,0.0011591057851032007
2010-12-07,0.0011602922161302923
2010-12-08,0.001160984959960656
2010-12-09,0.0011624712966343438
2010-12-10,0.001166400721872191
2010-12-13,0.0011642395861349492
2010-12-14,0.0011643340188420628
2010-12-15,0.0011627010809896997
2010-12-16,0.0011663137585439195
2010-12-17,0.0011674972107032248
2010-12-20,0.0013610869589436286
2010-12-21,0.0013657137387527083
2010-12-22,0.001559037277011758
2010-12-23,0.0015585719312088439
2010-12-27,0.0015593362374464255
2010-12-28,0.0015604769373212895
2010-12-29,0.0015612515193958033
2010-12-30,0.0015581812503523812
2010-12-31,0.0015594490634531937
2011-01-03,0.0015692249635202498
2011-01-04,0.0015622754507490645
2011-01-05,0.0015692723988413283
2011-01-06,0.0015658398278523005
2011-01-07,0.0015633375339322005
2011-01-10,0.0015666601854785415
2011-01-11,0.0015710900221046703
2011-01-12,0.0015773715260992182
2011-01-13,0.0015764122425242296
2011-01-14,0.0015820757519944
2011-01-18,0.0015829164165834936
2011-01-19,0.0015723278913887815
2011-01-20,0.0011143645737504734
2011-01-21,0.0011168349216262646
2011-01-24,0.0011162816687559057
2011-01-25,0.0011138421296717678
2011-01-26,0.0011190261325417722
2011-01-27,0.0011177662895373146
2011-01-28,0.0011166790335270043
2011-01-31,0.001121320700047199
2011-02-01,0.0011261282690844107
2011-02-02,0.0011275726619289091
2011-02-03,0.0011266934818565482
2011-02-04,0.0013060321424814701
2011-02-07,0.0014875706482958143
2011-02-08,0.001491818733808427
2011-02-09,0.0014907440651433157
2011-02-10,0.0014905394609907308
2011-02-11,0.00149427874587461
2011-02-14,0.0014971110024841498
2011-02-15,0.0014916716273712652
2011-02-16,0.0014976830681758396
2011-02-17,0.0015006066551031569
2011-02-18,0.0015011230832735422
2011-02-22,0.001039413687378695
2011-02-23,0.0008466848921808189
2011-02-24,0.0008448336765596884
2011-02-25,0.0008493904754716013
2011-02-28,0.0008497464834181775
2011-03-01,0.0008529505067478652
2011-03-02,0.0008538049226070149
2011-03-03,0.0008537337145924333
2011-03-04,0.0008548017384321617
2011-03-07,0.0008538049226070149
2011-03-08,0.0008519537391122162
2011-03-09,0.000852808106781868
2011-03-10,0.0008493192835201857
2011-03-11,0.0008481088918407918
2011-03-14,0.0008486784756416149
2011-03-15,0.0006481034247689206
2011-03-16,0.0006481034247689206
2011-03-17,0.0006481034247689206
2011-03-18,0.0006481034247689206
2011-03-21,0.0006481034247689206
2011-03-22,0.0006481034247689206
2011-03-23,0.0006481034247689206
2011-03-24,0.0006481034247689206
2011-03-25,0.0006481034247689206
2011-03-28,0.0006481034247689206
2011-03-29,0.0006481034247689206
2011-03-30,0.0008025208985147394
2011-03-31,0.0008031052786662588
2011-04-01,0.0009656704151969357
2011-04-04,0.0009676228377959203
2011-04-05,0.0009685069325401828
2011-04-06,0.0009691395401155823
2011-04-07,0.0009685867061267804
2011-04-08,0.0009709175984651708
2011-04-11,0.0009665145551297802
2011-04-12,0.0006314129916555249
2011-04-13,0.0006314129916555249
2011-04-14,0.0006314129916555249
2011-04-15,0.0006314129916555249
2011-04-18,0.0007892267821760367
2011-04-19,0.0007892267821760367
2011-04-20,0.0009476531154195211
2011-04-21,0.0009485774010916701
2011-04-25,0.0009483870899685172
2011-04-26,0.0011071266710383633
2011-04-27,0.0011123744001187855
2011-04-28,0.0012723284522751749
2011-04-29,0.0012767366827274907
2011-05-02,0.0012723695599954712
2011-05-03,0.001269244408056643
2011-05-04,0.0009316039094508273
2011-05-05,0.0009284056413915179
2011-05-06,0.0009296946531734105
2011-05-09,0.000930990270905118
2011-05-10,0.0009332227431649017
2011-05-11,0.0009298045026306797
2011-05-12,0.0009314091793024774
2011-05-13,0.0009288651783234123
2011-05-16,0.000748465145754718
2011-05-17,0.0004909558298156182
2011-05-18,0.000489654769554236
2011-05-19,0.0004896140738782621
2011-05-20,0.000489664955080667
2011-05-23,0.000490132549094054
2011-05-24,0.0004904985199918813
2011-05-25,0.0004900410650751753
2011-05-26,0.0004908744965008579
2011-05-27,0.0004908338356471966
2011-05-31,0.0004910574993609279
2011-06-01,0.0004923857732595949
2011-06-02,0.0004904882241947938
2011-06-03,0.000491049304510033
2011-06-06,0.0004903045597107847
2011-06-07,0.0004907535121795013
2011-06-08,0.0004915186512464866
2011-06-09,0.0004911207831103317
2011-06-10,0.0004918756263802295
2011-06-13,0.0004913757985128268
2011-06-14,0.00039106352360063066
2011-06-15,0.00039106352360063066
2011-06-16,0.00039106352360063066
2011-06-17,0.00039106352360063066
2011-06-20,0.00039106352360063066
2011-06-21,0.00039106352360063066
2011-06-22,0.00039106352360063066
2011-06-23,0.00039106352360063066
2011-06-24,0.00039106352360063066
2011-06-27,0.00039106352360063066
2011-06-28,0.00039106352360063066
2011-06-29,0.00039106352360063066
2011-06-30,0.00039106352360063066
2011-07-01,0.00039106352360063066
2011-07-05,0.00039106352360063066
2011-07-06,0.00039106352360063066
2011-07-07,0.00039106352360063066
2011-07-08,0.00039106352360063066
2011-07-11,0.00039106352360063066
2011-07-12,0.00039106352360063066
2011-07-13,0.0004888049666962339
2011-07-14,0.0004890586314867862
2011-07-15,0.0004894771871002195
2011-07-18,0.0004903460088450781
2011-07-19,0.0004891347386653049
2011-07-20,0.0004899972125005503
2011-07-21,0.0004892425466851241
2011-07-22,0.0004900606238598425
2011-07-25,0.0004908343140507255
2011-07-26,0.000491107012893426
2011-07-27,0.0004907391921734414
2011-07-28,0.0004908216375848819
2011-07-29,0.0005891757751118068
2011-08-01,0.0005898008738333604
2011-08-02,0.0005951754457395406
2011-08-03,0.0005953567488457209
2011-08-04,0.0005984433910478758
2011-08-05,0.0005961024868710884
2011-08-08,0.000602743085349078
2011-08-09,0.0006040084968725791
2011-08-10,0.0006109494734842766
2011-08-11,0.0005045653887959658
2011-08-12,0.0005040707356807052
2011-08-15,0.0005052312709670296
2011-08-16,0.0005065757117750006
2011-08-17,0.0005068927976015365
2011-08-18,0.0005775256956667681
2011-08-19,0.0005794929426886203
2011-08-22,0.0005822615106565849
2011-08-23,0.0005769222928578505
2011-08-24,0.00047172823252320147
2011-08-25,0.00047244286544368156
2011-08-26,0.000473101541258124
2011-08-29,0.0004721694354833937
2011-08-30,0.0004732382457041742
2011-08-31,0.00047219430296738956
2011-09-01,0.0004736041369167325
2011-09-02,0.00047581055903598554
2011-09-06,0.00047653979923314207
2011-09-07,0.00047518731289021267
2011-09-08,0.00047581055903598554
2011-09-09,0.0005779545042048107
2011-09-12,0.0005780755486846961
2011-09-13,0.00047513544584452613
2011-09-14,0.0004757275813000697
2011-09-15,0.0004746492903949079
2011-09-16,0.00047515411928139285
2011-09-19,0.00047648795325564303
2011-09-20,0.0004767871144956148
2011-09-21,0.0004791555720450392
2011-09-22,0.0005832094112269133
2011-09-23,0.0005815090957283881
2011-09-26,0.0005802089366311907
2011-09-27,0.0005093824146501196
2011-09-28,0.0005097464266487913
2011-09-29,0.0005095189191496216
2011-09-30,0.0005105654224803919
2011-10-03,0.0005997026052984034
2011-10-04,0.0005981742290092243
2011-10-05,0.0005972285668855552
2011-10-06,0.0005949951569855214
2011-10-07,0.0005946409935827532
2011-10-10,0.0004014260423645007
2011-10-11,0.0004014260423645007
2011-10-12,0.0004014260423645007
2011-10-13,0.0004014260423645007
2011-10-14,0.0004014260423645007
2011-10-17,0.0004014260423645007
2011-10-18,0.0004014260423645007
2011-10-19,0.0004014260423645007
2011-10-20,0.0004014260423645007
2011-10-21,0.0004014260423645007
2011-10-24,0.0004663612753853521
2011-10-25,0.0003828074642460594
2011-10-26,0.0003828074642460594
2011-10-27,0.0005243315008256646
2011-10-28,0.0005244404118032978
2011-10-31,0.0002699351437157145
2011-11-01,0.0002699351437157145
2011-11-02,0.0002699351437157145
2011-11-03,0.0002699351437157145
2011-11-04,0.0002699351437157145
2011-11-07,0.0002699351437157145
2011-11-08,0.0002699351437157145
2011-11-09,0.0002699351437157145
2011-11-10,0.0002699351437157145
2011-11-11,0.0002699351437157145
2011-11-14,0.0002699351437157145
2011-11-15,0.0002699351437157145
2011-11-16,0.0002699351437157145
2011-11-17,0.0002699351437157145
2011-11-18,0.0002699351437157145
2011-11-21,0.0002699351437157145
2011-11-22,0.0002699351437157145
2011-11-23,0.0002699351437157145
2011-11-25,0.0002699351437157145
2011-11-28,0.0002699351437157145
2011-11-29,0.0002699351437157145
2011-11-30,0.0002699351437157145
2011-12-01,0.0002699351437157145
2011-12-02,0.0002699351437157145
2011-12-05,0.0002699351437157145
2011-12-06,0.0002699351437157145
2011-12-07,0.0002699351437157145
2011-12-08,0.0002699351437157145
2011-12-09,0.0002699351437157145
2011-12-12,0.0002699351437157145
2011-12-13,0.0002699351437157145
2011-12-14,0.0002699351437157145
2011-12-15,0.0002699351437157145
2011-12-16,0.0002699351437157145
2011-12-19,0.0002699351437157145
2011-12-20,0.0002699351437157145
2011-12-21,0.0002699351437157145
2011-12-22,0.0002699351437157145
2011-12-23,0.00033740206122842337
2011-12-27,0.0003373875149807554
2011-12-28,0.00033661947953553544
2011-12-29,0.0003373638625890977
2011-12-30,0.00033698253008022455
2012-01-03,0.0003379694452830957
2012-01-04,0.00033808492019319394
2012-01-05,0.0003380699934062539
2012-01-06,0.000405229083334453
2012-01-09,0.00040517137682962313
2012-01-10,0.00040549495376688996
2012-01-11,0.0004057204560094542
2012-01-12,0.0004728569268398421
2012-01-13,0.00047257197766272375
2012-01-17,0.0004727802282722344
2012-01-18,0.0006088423262949959
2012-01-19,0.0005421841273499483
2012-01-20,0.0005429164629169913
2012-01-23,0.0005426853362766113
2012-01-24,0.0005429514770076394
2012-01-25,0.0005454076552649087
2012-01-26,0.00054432996719966
2012-01-27,0.0005446092534073873
2012-01-30,0.0005437221586640562
2012-01-31,0.0005436618174599742
2012-02-01,0.0005470361330804101
2012-02-02,0.000547611063238036
2012-02-03,0.0005521858390676504
2012-02-06,0.0005517332505504847
2012-02-07,0.0005520183979642298
2012-02-08,0.0005525763179079679
2012-02-09,0.0005526939127270647
2012-02-10,0.0005501341628646529
2012-02-13,0.0005526800827601801
2012-02-14,0.0005522842888516346
2012-02-15,0.0005504012970955994
2012-02-16,0.0005543125949190721
2012-02-17,0.0005544197760631052
2012-02-21,0.0005539990886275462
2012-02-22,0.0005526542694233515
2012-02-23,0.0005549007301570837
2012-02-24,0.0005549714107703982
2012-02-27,0.0005550948609178604
2012-02-28,0.0005557125501351767
2012-02-29,0.0005534759886248939
2012-03-01,0.0005549773377914037
2012-03-02,0.0004804057732310719
2012-03-05,0.00047942512033334996
2012-03-06,0.00031259323141357505
2012-03-07,0.00031302230820182424
2012-03-08,0.0003134098418929199
2012-03-09,0.0003134871128039845
2012-03-12,0.00031369397073646276
2012-03-13,0.00043614176248919626
2012-03-14,0.0004361763057970083
2012-03-15,0.00043717157117641246
2012-03-16,0.0004371070896683534
2012-03-19,0.0004984686007206623
2012-03-20,0.0004972060180337063
2012-03-21,0.0004969142331463883
2012-03-22,0.0004951913470764315
2012-03-23,0.0004962826675015699
2012-03-26,0.0005002635439191439
2012-03-27,0.0004993599524722066
2012-03-28,0.0004979570863744595
2012-03-29,0.0004976136900839395
2012-03-30,0.0004979879996057453
2012-04-02,0.0005000436151243445
2012-04-03,0.0004988971804721576
2012-04-04,0.0004956352160428016
2012-04-05,0.0004956051170529969
2012-04-09,0.000203212003400658
2012-04-10,0.00012331963245870129
2012-04-11,0.00012331963245870129
2012-04-12,0.00012331963245870129
2012-04-13,0.00012331963245870129
2012-04-16,0.00012331963245870129
2012-04-17,0.00012331963245870129
2012-04-18,0.00012331963245870129
2012-04-19,0.00012331963245870129
2012-04-20,0.00012331963245870129
2012-04-23,0.00012331963245870129
2012-04-24,0.00012331963245870129
2012-04-25,0.00012331963245870129
2012-04-26,0.00012331963245870129
2012-04-27,0.00012331963245870129
2012-04-30,0.00012331963245870129
2012-05-01,0.00012331963245870129
2012-05-02,0.00012331963245870129
2012-05-03,0.00012331963245870129
2012-05-04,0.00012331963245870129
2012-05-07,0.00012331963245870129
2012-05-08,0.00012331963245870129
2012-05-09,0.00012331963245870129
2012-05-10,0.00012331963245870129
2012-05-11,0.00012331963245870129
2012-05-14,0.0001541418342522961
2012-05-15,0.00015426648633996804
2012-05-16,0.0001543555347786548
2012-05-17,0.00015490503517279653
2012-05-18,0.00015491265128701387
2012-05-21,0.00015484650174040987
2012-05-22,0.0001544954499860802
2012-05-23,0.00015471169483378144
2012-05-24,0.00018541356274291045
2012-05-25,0.00018557114507054262
2012-05-29,0.00018544743182894263
2012-05-30,0.00018648461066918368
2012-05-31,0.0001868695452712853
2012-06-01,0.00018754548857346294
2012-06-04,0.00018714767228863262
2012-06-05,0.00018681485359280879
2012-06-06,0.00015481095954287684
2012-06-07,0.00015485154296451405
2012-06-08,0.00015494621393979417
2012-06-11,0.00015498679427336092
2012-06-12,0.00015487859137344116
2012-06-13,0.00015478391113394973
2012-06-14,0.00012377485124105648
2012-06-15,0.00012377485124105648
2012-06-18,0.00012377485124105648
2012-06-19,0.00012377485124105648
2012-06-20,0.00012377485124105648
2012-06-21,0.00012377485124105648
2012-06-22,0.00012377485124105648
2012-06-25,0.00012377485124105648
2012-06-26,0.00012377485124105648
2012-06-27,0.00012377485124105648
2012-06-28,0.00012377485124105648
2012-06-29,0.00012377485124105648
2012-07-02,0.00012377485124105648
2012-07-03,0.00012377485124105648
2012-07-05,0.00012377485124105648
2012-07-06,0.00012377485124105648
2012-07-09,0.00012377485124105648
2012-07-10,0.00012377485124105648
2012-07-11,0.00012377485124105648
2012-07-12,0.00015471082928333323
2012-07-13,0.0001545764900262653
2012-07-16,0.00015448245131941918
2012-07-17,0.00015445557917386068
2012-07-18,0.0001544287131627949
2012-07-19,0.00015441527248914608
2012-07-20,0.00015464365965479925
2012-07-23,0.00018561917109833208
2012-07-24,0.0001859837342817352
2012-07-25,0.00018590293974182306
2012-07-26,0.0001543051999257393
2012-07-27,0.00018373707575084798
2012-07-30,0.00018371606844371554
2012-07-31,0.00018343330042646402
2012-08-01,0.00018326870261550605
2012-08-02,0.00018281296188559586
2012-08-03,0.0001838960131165448
2012-08-06,0.00018401756828137662
2012-08-07,0.0001842945135531073
2012-08-08,0.00018433022086518524
2012-08-09,0.00018431856624170543
2012-08-10,0.00018448652638228594
2012-08-13,0.00018435743421298348
2012-08-14,0.00018435980525135912
2012-08-15,0.00018437791905162837
2012-08-16,0.00018479823454014172
2012-08-17,0.00018491553746969962
2012-08-20,0.00018490653584961875
2012-08-21,0.00018463757194586228
2012-08-22,0.00018457246466802954
2012-08-23,0.0002146667105426924
2012-08-24,0.00021511716060935478
2012-08-27,0.00021490855896126005
2012-08-28,0.0002148855634466622
2012-08-29,0.00021472377360703276
2012-08-30,0.0002142172538629509
2012-08-31,0.00021528498846472944
2012-09-04,0.0002151693653802665
2012-09-05,0.0002151310977702897
2012-09-06,0.0002776774299478857
2012-09-07,0.00027867509451064013
2012-09-10,0.0002777173650389997
2012-09-11,0.0002781916220510881
2012-09-12,0.00030911001006569467
2012-09-13,0.0003117693274336757
2012-09-14,0.00031302789231780315
2012-09-17,0.0002807484330358413
2012-09-18,0.0002809033297975891
2012-09-19,0.0002809925370592342
2012-09-20,0.0002807364241697237
2012-09-21,0.0002809709970903915
2012-09-24,0.00028035443657915
2012-09-25,0.00024565219146119506
2012-09-26,0.00016984081630828685
2012-09-27,0.00017048902156538076
2012-09-28,0.00017028953600006568
2012-10-01,0.00017054780643255336
2012-10-02,0.00017043517798257305
2012-10-03,0.00017052249739375015
2012-10-04,0.00017093856382789866
2012-10-05,0.00017083278933027052
2012-10-08,0.00017066292428526665
2012-10-09,0.0001702045571972893
2012-10-10,9.838605189280158e-05
2012-10-11,9.847683976780332e-05
2012-10-12,9.823852520342723e-05
2012-10-15,6.677563054690113e-05
2012-10-16,6.677563054690113e-05
2012-10-17,6.677563054690113e-05
2012-10-18,6.677563054690113e-05
2012-10-19,6.677563054690113e-05
2012-10-22,6.677563054690113e-05
2012-10-23,6.677563054690113e-05
2012-10-24,6.677563054690113e-05
2012-10-25,6.677563054690113e-05
2012-10-26,6.677563054690113e-05
2012-10-31,6.677563054690113e-05
2012-11-01,6.677563054690113e-05
2012-11-02,6.677563054690113e-05
2012-11-05,6.677563054690113e-05
2012-11-06,6.677563054690113e-05
2012-11-07,6.677563054690113e-05
2012-11-08,6.677563054690113e-05
2012-11-09,6.677563054690113e-05
2012-11-12,6.677563054690113e-05
2012-11-13,6.677563054690113e-05
2012-11-14,6.677563054690113e-05
2012-11-15,6.677563054690113e-05
2012-11-16,6.677563054690113e-05
2012-11-19,6.677563054690113e-05
2012-11-20,6.677563054690113e-05
2012-11-21,6.677563054690113e-05
2012-11-23,6.677563054690113e-05
2012-11-26,6.677563054690113e-05
2012-11-27,6.677563054690113e-05
2012-11-28,6.677563054690113e-05
2012-11-29,6.677563054690113e-05
2012-11-30,6.677563054690113e-05
2012-12-03,6.677563054690113e-05
2012-12-04,6.677563054690113e-05
2012-12-05,6.677563054690113e-05
2012-12-06,6.677563054690113e-05
2012-12-07,6.677563054690113e-05
2012-12-10,6.677563054690113e-05
2012-12-11,6.677563054690113e-05
2012-12-12,6.677563054690113e-05
2012-12-13,6.677563054690113e-05
2012-12-14,6.677563054690113e-05
2012-12-17,6.677563054690113e-05
2012-12-18,6.677563054690113e-05
2012-12-19,6.677563054690113e-05
2012-12-20,6.677563054690113e-05
2012-12-21,6.677563054690113e-05
2012-12-24,6.677563054690113e-05
2012-12-26,6.677563054690113e-05
2012-12-27,6.677563054690113e-05
2012-12-28,6.677563054690113e-05
2012-12-31,6.677563054690113e-05
2013-01-02,8.346536533264487e-05
2013-01-03,8.344969466591097e-05
2013-01-04,0.00010026418631412357
2013-01-07,0.00010014803788912626
2013-01-08,0.00010007306755898273
2013-01-09,0.00010020903582519869
2013-01-10,0.0001170573339633692
2013-01-11,0.00011706824690007249
2013-01-14,0.0001336848658076058
2013-01-15,0.00013378789250878436
2013-01-16,0.00013375433966023918
2013-01-17,0.0001342062249121825
2013-01-18,0.00013436965138659079
2013-01-22,0.0001346901394968654
2013-01-23,0.00013480622956797534
2013-01-24,0.00013480535575129658
2013-01-25,0.0001351851576301069
2013-01-28,0.0001351887896772071
2013-01-29,0.0001353735877621168
2013-01-30,0.00013499286410347146
2013-01-31,0.00013498549025794
2013-02-01,0.00015240025896602556
2013-02-04,0.0001514988094598279
2013-02-05,0.00015224987189809775
2013-02-06,0.0001522869762152465
2013-02-07,0.00015206032154626152
2013-02-08,0.00015254230677708933
2013-02-11,0.00015242436099213296
2013-02-12,0.0001525960933307766
2013-02-13,0.00015268197722225418
2013-02-14,0.00015272909662129072
2013-02-15,0.00015260416664229407
2013-02-19,0.00015301785010407118
2013-02-20,0.00011691445686436299
2013-02-21,7.545112081895946e-05
2013-02-22,7.559933578541092e-05
2013-02-25,3.563329800383939e-05
2013-02-26,3.563329800383939e-05
2013-02-27,3.563329800383939e-05
2013-02-28,4.4539395757686064e-05
2013-03-01,4.4567267115876126e-05
2013-03-04,4.456328445433365e-05
2013-03-05,7.126829585735055e-05
2013-03-06,7.13354681297769e-05
2013-03-07,8.026468151568647e-05
2013-03-08,8.052411839819793e-05
2013-03-11,8.058831815726402e-05
2013-03-12,8.051384662004205e-05
2013-03-13,8.060716789660508e-05
2013-03-14,8.079964828883553e-05
2013-03-15,8.069669741628724e-05
2013-03-18,8.058189530824335e-05
2013-03-19,8.052546053171153e-05
2013-03-20,8.075650057452798e-05
2013-03-21,8.046164981930623e-05
2013-03-22,8.061090191576647e-05
2013-03-25,8.057356532766615e-05
2013-03-26,8.079467125790812e-05
2013-03-27,8.081942093047311e-05
2013-03-28,8.09077096745845e-05
2013-04-01,8.063187533898892e-05
2013-04-02,8.075478738449619e-05
2013-04-03,7.059494036894947e-05
2013-04-04,7.067184586099094e-05
2013-04-05,5.8771878580004576e-05
2013-04-08,5.8882533318800156e-05
2013-04-09,5.891224099540894e-05
2013-04-10,6.704610812897059e-05
2013-04-11,6.710114900807605e-05
2013-04-12,5.8125521583002154e-05
2013-04-15,3.67794316416543e-05
2013-04-16,3.687789392451078e-05
2013-04-17,3.679154706304295e-05
2013-04-18,1.4885754704673107e-05
2013-04-19,1.4885754704673107e-05
2013-04-22,1.4885754704673107e-05
2013-04-23,1.4885754704673107e-05
2013-04-24,1.4885754704673107e-05
2013-04-25,1.4885754704673107e-05
2013-04-26,1.4885754704673107e-05
2013-04-29,1.8606263160705363e-05
2013-04-30,2.2351173069669642e-05
2013-05-01,2.228316840441812e-05
2013-05-02,2.2364530261535972e-05
2013-05-03,2.988704647558129e-05
2013-05-06,2.9930067412820243e-05
2013-05-07,3.000684789288604e-05
2013-05-08,3.006349673397183e-05
2013-05-09,3.00230945172851e-05
2013-05-10,3.011391532837977e-05
2013-05-13,3.010456259452522e-05
2013-05-14,3.0248102311575938e-05
2013-05-15,3.0302972547059893e-05
2013-05-16,3.025341225673144e-05
2013-05-17,3.0403714852981463e-05
2013-05-20,3.0399984815371357e-05
2013-05-21,3.042918556029812e-05
2013-05-22,3.026896340033355e-05
2013-05-23,3.025805168779532e-05
2013-05-24,3.0257753928296677e-05
2013-05-28,3.0392949947034777e-05
2013-05-29,3.0274667702950366e-05
2013-05-30,3.0350034065501877e-05
2013-05-31,1.648968665919835e-05
2013-06-03,1.6525201851832814e-05
2013-06-04,1.64692054918923e-05
2013-06-05,7.297649143225785e-06
2013-06-06,7.297649143225785e-06
2013-06-07,7.297649143225785e-06
2013-06-10,7.297649143225785e-06
2013-06-11,7.297649143225785e-06
2013-06-12,7.297649143225785e-06
2013-06-13,7.297649143225785e-06
2013-06-14,7.297649143225785e-06
2013-06-17,7.297649143225785e-06
2013-06-18,7.297649143225785e-06
2013-06-19,7.297649143225785e-06
2013-06-20,7.297649143225785e-06
2013-06-21,7.297649143225785e-06
2013-06-24,7.297649143225785e-06
2013-06-25,7.297649143225785e-06
2013-06-26,7.297649143225785e-06
2013-06-27,7.297649143225785e-06
2013-06-28,7.297649143225785e-06
2013-07-01,7.297649143225785e-06
2013-07-02,7.297649143225785e-06
2013-07-03,7.297649143225785e-06
2013-07-05,7.297649143225785e-06
2013-07-08,9.12160539436598e-06
2013-07-09,9.137510668564387e-06
2013-07-10,9.141794245209556e-06
2013-07-11,1.098876771182841e-05
2013-07-12,1.1005907135330957e-05
2013-07-15,1.1021938811885535e-05
2013-07-16,1.1009132177753855e-05
2013-07-17,1.1021826578951806e-05
2013-07-18,1.468415305330509e-05
2013-07-19,1.467484017925462e-05
2013-07-22,1.4690577295746107e-05
2013-07-23,1.4676836814616219e-05
2013-07-24,1.4651921294290676e-05
2013-07-25,1.4689895191042848e-05
2013-07-26,1.4685599196043414e-05
2013-07-29,1.4653116072283067e-05
2013-07-30,1.4667619802009311e-05
2013-07-31,1.467311186704038e-05
2013-08-01,1.47626006444056e-05
2013-08-02,1.4776207316399949e-05
2013-08-05,1.4775458446470993e-05
2013-08-06,1.4720451968292283e-05
2013-08-07,1.4687745070313626e-05
2013-08-08,1.4715057129732394e-05
2013-08-09,1.4693445841828703e-05
2013-08-12,1.4705197529652444e-05
2013-08-13,1.471828675525673e-05
2013-08-14,1.0058346867296128e-05
2013-08-15,3.3423014937199335e-06
2013-08-16,3.3423014937199335e-06
2013-08-19,3.3423014937199335e-06
2013-08-20,3.3423014937199335e-06
2013-08-21,3.3423014937199335e-06
2013-08-22,3.3423014937199335e-06
2013-08-23,3.3423014937199335e-06
2013-08-26,3.3423014937199335e-06
2013-08-27,4.177626244662385e-06
2013-08-28,4.178864796156375e-06
2013-08-29,3.3327308150014183e-06
2013-08-30,3.3327308150014183e-06
2013-09-03,3.3327308150014183e-06
2013-09-04,3.3327308150014183e-06
2013-09-05,3.3327308150014183e-06
2013-09-06,3.3327308150014183e-06
2013-09-09,4.165705254315501e-06
2013-09-10,4.170839142164105e-06
2013-09-11,4.169937790973728e-06
2013-09-12,4.16790581338607e-06
2013-09-13,4.1693016592843e-06
2013-09-16,4.168328419505832e-06
2013-09-17,5.007541997054864e-06
2013-09-18,6.6901795279029065e-06
2013-09-19,6.68646040835038e-06
2013-09-20,6.665406225682269e-06
2013-09-23,6.656200308502878e-06
2013-09-24,4.542690686304111e-06
2013-09-25,4.53792469932031e-06
2013-09-26,4.550519080782608e-06
2013-09-27,4.542569061622236e-06
2013-09-30,3.5618431355180032e-06
2013-10-01,3.5829504220908673e-06
2013-10-02,3.578472959500954e-06
2013-10-03,3.5602284106663707e-06
2013-10-04,3.5734797491611356e-06
2013-10-07,3.555346462960698e-06
2013-10-08,1.4625036538143976e-06
2013-10-09,1.4625036538143976e-06
2013-10-10,1.4625036538143976e-06
2013-10-11,1.4625036538143976e-06
2013-10-14,1.828038174498549e-06
2013-10-15,1.8244572164400957e-06
2013-10-16,2.19427437985876e-06
2013-10-17,2.5653517036743143e-06
2013-10-18,2.5768050248235363e-06
2013-10-21,2.5766203208634756e-06
2013-10-22,2.5806942233588807e-06
2013-10-23,2.575227555620701e-06
2013-10-24,2.581167362571831e-06
2013-10-25,2.583991519341298e-06
2013-10-28,2.584053445519519e-06
2013-10-29,2.588330841031439e-06
2013-10-30,2.5792200071448825e-06
2013-10-31,2.5749594884798098e-06
2013-11-01,2.574754907981165e-06
2013-11-04,2.5816949913329355e-06
2013-11-05,2.5793876165053676e-06
2013-11-06,2.94406464412533e-06
2013-11-07,2.516861728791213e-06
2013-11-08,2.531598766110646e-06
2013-11-11,2.5324169732372943e-06
2013-11-12,2.5307906543266415e-06
2013-11-13,2.539803570353608e-06
2013-11-14,2.5435706307033855e-06
2013-11-15,2.5484091642545705e-06
2013-11-18,2.5438256244035374e-06
2013-11-19,2.5411768567855344e-06
2013-11-20,2.5372901214060688e-06
2013-11-21,2.54743817128236e-06
2013-11-22,2.9074156181399036e-06
2013-11-25,2.9073300484083637e-06
2013-11-26,2.912693453684201e-06
2013-11-27,2.918922759510772e-06
2013-11-29,2.9203032208464587e-06
2013-12-02,2.9117302334453812e-06
2013-12-03,2.905880627438799e-06
2013-12-04,2.904129587398467e-06
2013-12-05,1.9568441268803457e-06
2013-12-06,1.966679227648427e-06
2013-12-09,1.9673587709077196e-06
2013-12-10,1.962278757810208e-06
2013-12-11,1.5529971926957679e-06
2013-12-12,1.1205531789175098e-06
2013-12-13,1.1207988347521582e-06
2013-12-16,1.123516204838306e-06
2013-12-17,1.122960155139155e-06
2013-12-18,1.1273761256043026e-06
2013-12-19,1.3111587675234542e-06
2013-12-20,1.5009894391661826e-06
2013-12-23,1.6919256407278631e-06
2013-12-24,1.6945398518321051e-06
2013-12-26,1.6980785548304394e-06
2013-12-27,1.696741053400591e-06
2013-12-30,1.696695867686284e-06
2013-12-31,1.7008837223968122e-06
2014-01-02,1.6924149401641724e-06
2014-01-03,1.6924758795233594e-06
2014-01-06,1.6883321656229272e-06
2014-01-07,1.6961059368365739e-06
2014-01-08,1.6964430035608423e-06
2014-01-09,1.695547900869458e-06
2014-01-10,1.698638124474604e-06
2014-01-13,1.200132109235925e-06
2014-01-14,1.2112232876784482e-06
2014-01-15,1.2164885648567837e-06
2014-01-16,1.2168825403033612e-06
2014-01-17,1.213390289139558e-06
2014-01-21,1.2177570007013034e-06
2014-01-22,1.2203963996792217e-06
2014-01-23,1.2150112560308415e-06
2014-01-24,3.2156890176351325e-07
2014-01-27,2.563071007318515e-07
2014-01-28,2.563071007318515e-07
2014-01-29,3.2036785912353734e-07
2014-01-30,3.2018372160993217e-07
2014-01-31,3.206113758128781e-07
2014-02-03,3.2139497905216797e-07
2014-02-04,3.2070427842358976e-07
2014-02-05,2.5553457796776817e-07
2014-02-06,2.5553457796776817e-07
2014-02-07,2.5553457796776817e-07
2014-02-10,2.5553457796776817e-07
2014-02-11,2.5553457796776817e-07
2014-02-12,2.5553457796776817e-07
2014-02-13,2.5553457796776817e-07
2014-02-14,2.5553457796776817e-07
2014-02-18,3.1940225394386457e-07
2014-02-19,3.1888158413612194e-07
2014-02-20,3.193240706251009e-07
2014-02-21,3.1926218675090816e-07
2014-02-24,3.197040819926815e-07
2014-02-25,3.1962365047466663e-07
2014-02-26,3.19690476007603e-07
2014-02-27,3.20092159140043e-07
2014-02-28,3.837966383935082e-07
2014-03-03,3.828646198770762e-07
2014-03-04,4.4881334612961094e-07
2014-03-05,4.4875481210064666e-07
2014-03-06,4.4870571409576614e-07
2014-03-07,4.484380979042896e-07
2014-03-10,4.482348496212458e-07
2014-03-11,4.467867562644864e-07
2014-03-12,4.472759006881162e-07
2014-03-13,4.4481143822468613e-07
2014-03-14,5.085176140867754e-07
2014-03-17,5.093019063546564e-07
2014-03-18,5.109594332253696e-07
2014-03-19,4.4377407033057076e-07
2014-03-20,4.4450983281005856e-07
2014-03-21,4.4340900906896175e-07
2014-03-24,3.50645265142157e-07
2014-03-25,3.5091674312323177e-07
2014-03-26,3.315967589001379e-07
2014-03-27,3.3174516328128055e-07
2014-03-28,3.317363003152104e-07
2014-03-31,3.321097465517302e-07
2014-04-01,3.3210593214830805e-07
2014-04-02,2.7797291076910053e-07
2014-04-03,2.778997446879095e-07
2014-04-04,2.7708633024627925e-07
2014-04-07,2.0073083787129744e-07
2014-04-08,2.0073083787129744e-07
2014-04-09,2.0073083787129744e-07
2014-04-10,2.0073083787129744e-07
2014-04-11,2.0073083787129744e-07
2014-04-14,2.0073083787129744e-07
2014-04-15,2.509010035433242e-07
2014-04-16,2.509642090335889e-07
2014-04-17,2.5041338657251595e-07
2014-04-21,2.503727348749157e-07
2014-04-22,2.5053977863207844e-07
2014-04-23,2.508242601011707e-07
2014-04-24,2.5091907306680956e-07
2014-04-25,2.509912896676082e-07
2014-04-28,2.5074750246829194e-07
2014-04-29,2.5067975594594716e-07
2014-04-30,2.5088745613095196e-07
2014-05-01,2.5142560627437644e-07
2014-05-02,2.5173787791375053e-07
2014-05-05,2.5143013311573125e-07
2014-05-06,2.5163378894403973e-07
2014-05-07,2.5145274840153846e-07
2014-05-08,2.5123548839795673e-07
2014-05-09,2.510725646813583e-07
2014-05-12,2.508689041228081e-07
2014-05-13,3.014723026242742e-07
2014-05-14,3.0178409265809924e-07
2014-05-15,3.0172389855328916e-07
2014-05-16,3.017644277130454e-07
2014-05-19,3.0157516038420874e-07
2014-05-20,3.0136440213327627e-07
2014-05-21,3.0145404438552953e-07
2014-05-22,3.0149954414136893e-07
2014-05-23,3.0198370390199823e-07
2014-05-27,3.0258336647956505e-07
2014-05-28,3.0316065902461195e-07
2014-05-29,3.031556126476267e-07
2014-05-30,3.0322658856169667e-07
2014-06-02,3.530473839584473e-07
2014-06-03,3.017411486985061e-07
2014-06-04,3.018829164990175e-07
2014-06-05,3.0251096349304827e-07
2014-06-06,3.0301262270529283e-07
2014-06-09,3.031174106322885e-07
2014-06-10,3.031131697260259e-07
2014-06-11,3.026249512202055e-07
2014-06-12,3.0193187555431035e-07
2014-06-13,3.0221636378253505e-07
2014-06-16,3.022749912946316e-07
2014-06-17,3.024686603936339e-07
2014-06-18,3.0315908354265635e-07
2014-06-19,3.534420960646132e-07
2014-06-20,3.5370187824635734e-07
2014-06-23,3.534788356994393e-07
2014-06-24,3.5286259059549854e-07
2014-06-25,3.53337777785257e-07
2014-06-26,3.5300721442985965e-07
2014-06-27,3.5302984513625324e-07
2014-06-30,4.0280981067707525e-07
2014-07-01,3.536691185353787e-07
2014-07-02,3.5375346357636433e-07
2014-07-03,3.5463631742812395e-07
2014-07-07,3.5390675404286723e-07
2014-07-08,2.80279985521175e-07
2014-07-09,2.8075783997102224e-07
2014-07-10,2.8033096164135584e-07
2014-07-11,2.804934993259729e-07
2014-07-14,2.8107994024100784e-07
2014-07-15,2.809946910945224e-07
2014-07-16,2.8144618894154807e-07
2014-07-17,2.626920452067419e-07
2014-07-18,2.6292531275778593e-07
2014-07-21,2.629902875650807e-07
2014-07-22,2.632639778777017e-07
2014-07-23,3.0548266404967084e-07
2014-07-24,3.0517778065212477e-07
2014-07-25,3.051007444337865e-07
2014-07-28,3.05119906875174e-07
2014-07-29,3.048725242751393e-07
2014-07-30,3.041863599076847e-07
2014-07-31,1.1844501778089654e-07
2014-08-01,1.1877032540090134e-07
2014-08-04,1.1865939257744449e-07
2014-08-05,1.378965736587371e-07
2014-08-06,1.3789609421974603e-07
2014-08-07,1.3831800491337428e-07
2014-08-08,1.3818165128009618e-07
2014-08-11,1.3818674786304547e-07
2014-08-12,1.3792705844685706e-07
2014-08-13,1.382218812787419e-07
2014-08-14,1.3855690315616527e-07
2014-08-15,1.3899124582648707e-07
2014-08-18,1.5769375307417154e-07
2014-08-19,1.5771228013136545e-07
2014-08-20,1.5772552158753877e-07
2014-08-21,1.770627036209274e-07
2014-08-22,1.7733617428538802e-07
2014-08-25,1.777224396204298e-07
2014-08-26,1.7767599313649725e-07
2014-08-27,1.7799835120749094e-07
2014-08-28,1.7814465978948084e-07
2014-08-29,1.7837733473826672e-07
2014-09-02,1.7774510165424193e-07
2014-09-03,1.7784482301767314e-07
2014-09-04,1.3471562080551443e-07
2014-09-05,1.3489939231485177e-07
2014-09-08,1.3499420107818062e-07
2014-09-09,1.3466399494748597e-07
2014-09-10,1.3491366706945188e-07
2014-09-11,1.349705204306058e-07
2014-09-12,1.3473619335600774e-07
2014-09-15,1.3451633118516457e-07
2014-09-16,1.3476703510063964e-07
2014-09-17,1.3495477752590234e-07
2014-09-18,1.5425033904021051e-07
2014-09-19,1.5430399190431667e-07
2014-09-22,1.5379242562746174e-07
2014-09-23,1.2575476716231838e-07
2014-09-24,1.261625811813704e-07
2014-09-25,5.110667479701007e-08
2014-09-26,5.122084787063165e-08
2014-09-29,5.1203280160174687e-08
2014-09-30,5.1282325833752314e-08
2014-10-01,5.126476213373033e-08
2014-10-02,5.1203280160174687e-08
2014-10-03,5.1466761728331775e-08
2014-10-06,5.1238413575871126e-08
2014-10-07,4.007521266726693e-08
2014-10-08,4.0077227860643025e-08
2014-10-09,4.004231331873518e-08
2014-10-10,4.012154063245687e-08
2014-10-13,4.0170555984136675e-08
2014-10-14,4.022359687169054e-08
2014-10-15,4.0288056033404645e-08
2014-10-16,4.0235688031947135e-08
2014-10-17,4.019002602302763e-08
2014-10-20,4.021956925686871e-08
2014-10-21,4.015444344590157e-08
2014-10-22,4.016317156164159e-08
2014-10-23,4.0091327284449803e-08
2014-10-24,4.0099385979006425e-08
2014-10-27,4.0114152745048824e-08
2014-10-28,4.006379785801964e-08
2014-10-29,4.008192974752639e-08
2014-10-30,4.008863781901217e-08
2014-10-31,5.570750609233123e-08
2014-11-03,5.575914355613603e-08
2014-11-04,5.573807036492732e-08
2014-11-05,6.377284708510808e-08
2014-11-06,5.575209072165457e-08
2014-11-07,5.570263370816347e-08
2014-11-10,5.5776619334769925e-08
2014-11-11,5.576063892747291e-08
2014-11-12,5.581117997179018e-08
2014-11-13,5.583107870411961e-08
2014-11-14,5.58158173721476e-08
2014-11-17,5.583453898292355e-08
2014-11-18,6.384985027797372e-08
2014-11-19,6.380676160753736e-08
2014-11-20,6.387036885384274e-08
2014-11-21,6.403816406502064e-08
2014-11-24,6.411297398270247e-08
2014-11-25,6.409053656055112e-08
2014-11-26,6.414256355009902e-08
2014-11-28,6.419532485667116e-08
2014-12-01,6.397274986170199e-08
2014-12-02,6.418367883156811e-08
2014-12-03,6.42841400992834e-08
2014-12-04,6.422950123124673e-08
2014-12-05,6.435094370750714e-08
2014-12-08,6.416026478030922e-08
2014-12-09,6.413913798313699e-08
2014-12-10,2.0835018587024617e-08
2014-12-11,2.086625711703698e-08
2014-12-12,2.0838491031623034e-08
2014-12-15,2.0855843745410372e-08
2014-12-16,1.5956693151620347e-08
2014-12-17,1.5927933429257475e-08
2014-12-18,1.2650730932256168e-08
2014-12-19,1.581262311321976e-08
2014-12-22,1.581528353850226e-08
2014-12-23,2.2154794562697158e-08
2014-12-24,2.215142283189267e-08
2014-12-26,2.2167339883279394e-08
2014-12-29,2.2175339511933714e-08
2014-12-30,2.2142160048981214e-08
2014-12-31,2.2092157275297193e-08
2015-01-02,2.2123432417167718e-08
2015-01-05,1.1088752466536188e-08
2015-01-06,1.1123734079167976e-08
2015-01-07,1.1132546602302718e-08
2015-01-08,1.1124694069899019e-08
2015-01-09,1.1127324780372055e-08
2015-01-12,1.1136443942572771e-08
2015-01-13,1.1145756494138179e-08
2015-01-14,1.1151264385447838e-08
2015-01-15,1.2759502399323178e-08
2015-01-16,1.2773764674782362e-08
2015-01-20,1.2830431000816061e-08
2015-01-21,1.2802540286082477e-08
2015-01-22,1.2858927869375614e-08
2015-01-23,1.2897688199759384e-08
2015-01-26,1.2871260502929462e-08
2015-01-27,1.2860217661459265e-08
2015-01-28,1.2894181495619026e-08
2015-01-29,1.1259750729199626e-08
2015-01-30,1.1293045038040466e-08
2015-02-02,1.1280045136915097e-08
2015-02-03,8.036779951625098e-09
2015-02-04,8.039582319463832e-09
2015-02-05,8.021551143939286e-09
2015-02-06,6.4048248132029405e-09
2015-02-09,6.4048248132029405e-09
2015-02-10,6.4048248132029405e-09
2015-02-11,6.4048248132029405e-09
2015-02-12,8.005630774989076e-09
2015-02-13,9.618337362296604e-09
2015-02-17,1.1223313662622004e-08
2015-02-18,1.1228995172820062e-08
2015-02-19,1.1233287815819635e-08
2015-02-20,1.2859152512058623e-08
2015-02-23,1.2858282135664895e-08
2015-02-24,1.2876038394193038e-08
2015-02-25,1.2877303996300714e-08
2015-02-26,1.2886117458552573e-08
2015-02-27,1.2858608083392608e-08
2015-03-02,1.4509635813856204e-08
2015-03-03,1.447457108550271e-08
2015-03-04,1.4456886765462184e-08
2015-03-05,1.4479683861199258e-08
2015-03-06,8.019382315270207e-09
2015-03-09,8.032293822082605e-09
2015-03-10,3.828506181144824e-09
2015-03-11,3.846891640448638e-09
2015-03-12,3.83801598133536e-09
2015-03-13,3.8551334479807e-09
2015-03-16,3.842453810891999e-09
2015-03-17,3.843087807221236e-09
2015-03-18,2.7568959348778267e-09
2015-03-19,2.7580935527630598e-09
2015-03-20,3.31441661513511e-09
2015-03-23,3.3119911306618857e-09
2015-03-24,3.3096594794560213e-09
2015-03-25,1.8439840796428235e-09
2015-03-26,1.8439840796428235e-09
2015-03-27,1.8439840796428235e-09
2015-03-30,1.8439840796428235e-09
2015-03-31,1.8439840796428235e-09
2015-04-01,1.8439840796428235e-09
2015-04-02,1.8439840796428235e-09
2015-04-06,1.8439840796428235e-09
2015-04-07,1.8439840796428235e-09
2015-04-08,1.8439840796428235e-09
2015-04-09,1.8439840796428235e-09
2015-04-10,1.8439840796428235e-09
2015-04-13,1.8439840796428235e-09
2015-04-14,1.8439840796428235e-09
2015-04-15,2.30486486783331e-09
2015-04-16,2.30397942589692e-09
2015-04-17,2.2963753017237216e-09
2015-04-20,2.301095364598183e-09
2015-04-21,2.3008170702416934e-09
2015-04-22,2.3012977324189213e-09
2015-04-23,2.7643571786680266e-09
2015-04-24,2.766195150431685e-09
2015-04-27,2.757930102552003e-09
2015-04-28,2.759896804697409e-09
2015-04-29,2.7525145923274902e-09
2015-04-30,1.5293490426930335e-09
2015-05-01,1.5293490426930335e-09
2015-05-04,1.5293490426930335e-09
2015-05-05,1.5293490426930335e-09
2015-05-06,1.5293490426930335e-09
2015-05-07,1.5293490426930335e-09
2015-05-08,1.5293490426930335e-09
2015-05-11,1.5293490426930335e-09
2015-05-12,1.5293490426930335e-09
2015-05-13,1.5293490426930335e-09
2015-05-14,1.5293490426930335e-09
2015-05-15,1.5293490426930335e-09
2015-05-18,2.2938228694711313e-09
2015-05-19,2.2938591442843014e-09
2015-05-20,2.2929398195266576e-09
2015-05-21,2.2938392353694656e-09
2015-05-22,2.291862370424873e-09
2015-05-26,2.2839583650753976e-09
2015-05-27,2.2899570916828583e-09
2015-05-28,2.2887038846255105e-09
2015-05-29,2.283886428475108e-09
2015-06-01,2.28528587831723e-09
2015-06-02,2.284309569150146e-09
2015-06-03,2.2864559937764605e-09
2015-06-04,1.2128122252452222e-09
2015-06-05,1.2122718033427077e-09
2015-06-08,7.480150454711884e-10
2015-06-09,7.480150454711884e-10
2015-06-10,7.480150454711884e-10
2015-06-11,7.480150454711884e-10
2015-06-12,7.480150454711884e-10
2015-06-15,7.480150454711884e-10
2015-06-16,7.480150454711884e-10
2015-06-17,7.480150454711884e-10
2015-06-18,1.121924407124825e-09
2015-06-19,1.1213404827659624e-09
2015-06-22,1.123812194064907e-09
2015-06-23,1.124531404031096e-09
2015-06-24,1.1214298587102543e-09
2015-06-25,1.1209644243600924e-09
2015-06-26,1.1193039517032698e-09
2015-06-29,6.200235856403678e-10
2015-06-30,6.200235856403678e-10
2015-07-01,6.200235856403678e-10
2015-07-02,6.200235856403678e-10
2015-07-06,6.200235856403678e-10
2015-07-07,6.200235856403678e-10
2015-07-08,6.200235856403678e-10
2015-07-09,6.200235856403678e-10
2015-07-10,6.200235856403678e-10
2015-07-13,6.200235856403678e-10
2015-07-14,6.200235856403678e-10
2015-07-15,6.200235856403678e-10
2015-07-16,6.200235856403678e-10
2015-07-17,7.749907363882066e-10
2015-07-20,7.75250116421346e-10
2015-07-21,7.74930648181403e-10
2015-07-22,7.738493654752175e-10
2015-07-23,7.730950021209134e-10
2015-07-24,7.713762499178942e-10
2015-07-27,5.368093992794803e-10
2015-07-28,5.368093992794803e-10
2015-07-29,5.368093992794803e-10
2015-07-30,5.368093992794803e-10
2015-07-31,5.368093992794803e-10
2015-08-03,5.368093992794803e-10
2015-08-04,5.368093992794803e-10
2015-08-05,5.368093992794803e-10
2015-08-06,5.368093992794803e-10
2015-08-07,5.368093992794803e-10
2015-08-10,5.368093992794803e-10
2015-08-11,5.368093992794803e-10
2015-08-12,5.368093992794803e-10
2015-08-13,5.368093992794803e-10
2015-08-14,5.368093992794803e-10
2015-08-17,5.368093992794803e-10
2015-08-18,5.368093992794803e-10
2015-08-19,5.368093992794803e-10
2015-08-20,6.709782035437287e-10
2015-08-21,6.713828597023188e-10
2015-08-24,6.713402009126808e-10
2015-08-25,6.691787254325728e-10
2015-08-26,5.31185264818527e-10
2015-08-27,5.31185264818527e-10
2015-08-28,5.31185264818527e-10
2015-08-31,5.31185264818527e-10
2015-09-01,5.31185264818527e-10
2015-09-02,5.31185264818527e-10
2015-09-03,5.31185264818527e-10
2015-09-04,5.31185264818527e-10
2015-09-08,5.31185264818527e-10
2015-09-09,5.31185264818527e-10
2015-09-10,5.31185264818527e-10
2015-09-11,5.31185264818527e-10
2015-09-14,5.31185264818527e-10
2015-09-15,5.31185264818527e-10
2015-09-16,5.31185264818527e-10
2015-09-17,5.31185264818527e-10
2015-09-18,5.31185264818527e-10
2015-09-21,5.31185264818527e-10
2015-09-22,5.31185264818527e-10
2015-09-23,5.31185264818527e-10
2015-09-24,5.31185264818527e-10
2015-09-25,5.31185264818527e-10
2015-09-28,5.31185264818527e-10
2015-09-29,5.31185264818527e-10
2015-09-30,5.31185264818527e-10
2015-10-01,5.31185264818527e-10
2015-10-02,5.31185264818527e-10
2015-10-05,5.31185264818527e-10
2015-10-06,5.31185264818527e-10
2015-10-07,5.31185264818527e-10
2015-10-08,5.31185264818527e-10
2015-10-09,5.31185264818527e-10
2015-10-12,5.31185264818527e-10
2015-10-13,5.31185264818527e-10
2015-10-14,6.639483869232226e-10
2015-10-15,6.633417329945102e-10
2015-10-16,5.28118491775524e-10
2015-10-19,5.28118491775524e-10
2015-10-20,5.28118491775524e-10
2015-10-21,5.28118491775524e-10
2015-10-22,5.28118491775524e-10
2015-10-23,5.28118491775524e-10
2015-10-26,5.28118491775524e-10
2015-10-27,5.28118491775524e-10
2015-10-28,6.601151122640373e-10
2015-10-29,6.595602040778744e-10
2015-10-30,6.590286089168574e-10
2015-11-02,7.929234404996928e-10
2015-11-03,7.937493556526548e-10
2015-11-04,9.252014401922831e-10
2015-11-05,9.247737441830728e-10
2015-11-06,9.267823726900938e-10
2015-11-09,9.238875092288043e-10
2015-11-10,9.241342903510552e-10
2015-11-11,9.229302768267262e-10
2015-11-12,5.61799044898025e-10
2015-11-13,5.622647660363094e-10
2015-11-16,5.629892211403073e-10
2015-11-17,5.631961846842055e-10
2015-11-18,5.631961846842055e-10
2015-11-19,5.622647660363094e-10
2015-11-20,5.631961846842055e-10
2015-11-23,5.634031718567763e-10
2015-11-24,5.631444497053992e-10
2015-11-25,5.634031718567763e-10
2015-11-27,5.636101590293472e-10
2015-11-30,5.639206161595307e-10
2015-12-01,5.632996782704909e-10
2015-12-02,5.636101590293472e-10
2015-12-03,4.280988062538159e-10
2015-12-04,4.280988062538159e-10
2015-12-07,4.280988062538159e-10
2015-12-08,4.280988062538159e-10
2015-12-09,4.280988062538159e-10
2015-12-10,4.280988062538159e-10
2015-12-11,4.280988062538159e-10
2015-12-14,4.280988062538159e-10
2015-12-15,4.280988062538159e-10
2015-12-16,4.280988062538159e-10
2015-12-17,4.280988062538159e-10
2015-12-18,4.280988062538159e-10
2015-12-21,4.280988062538159e-10
2015-12-22,4.280988062538159e-10
2015-12-23,4.280988062538159e-10
2015-12-24,4.280988062538159e-10
2015-12-28,4.280988062538159e-10
2015-12-29,4.280988062538159e-10
2015-12-30,4.280988062538159e-10
2015-12-31,4.280988062538159e-10
2016-01-04,4.280988062538159e-10
2016-01-05,4.280988062538159e-10
2016-01-06,4.280988062538159e-10
2016-01-07,4.280988062538159e-10
2016-01-08,4.280988062538159e-10
2016-01-11,4.280988062538159e-10
2016-01-12,4.280988062538159e-10
2016-01-13,5.350967556547034e-10
2016-01-14,5.340950285710964e-10
2016-01-15,5.357473596994458e-10
2016-01-19,5.354135305377422e-10
2016-01-20,5.365436310726944e-10
2016-01-21,5.358073021089028e-10
2016-01-22,5.353963650169184e-10
2016-01-25,5.359785209055943e-10
2016-01-26,5.360298463262828e-10
2016-01-27,5.360042435155626e-10
2016-01-28,5.36158339576876e-10
2016-01-29,5.370743930839687e-10
2016-02-01,5.367407265069587e-10
2016-02-02,5.387564429829169e-10
2016-02-03,5.378386438296386e-10
2016-02-04,6.453657588874797e-10
2016-02-05,6.471880323046417e-10
2016-02-08,6.510253150639291e-10
2016-02-09,6.50903523451091e-10
2016-02-10,6.527501225655571e-10
2016-02-11,6.579995573609699e-10
2016-02-12,6.554178973886218e-10
2016-02-16,5.42501174807985e-10
2016-02-17,4.337320129277544e-10
2016-02-18,4.337320129277544e-10
2016-02-19,4.337320129277544e-10
2016-02-22,4.337320129277544e-10
2016-02-23,4.337320129277544e-10
2016-02-24,4.337320129277544e-10
2016-02-25,4.337320129277544e-10
2016-02-26,4.337320129277544e-10
2016-02-29,4.337320129277544e-10
2016-03-01,4.337320129277544e-10
2016-03-02,4.337320129277544e-10
2016-03-03,4.337320129277544e-10
2016-03-04,4.337320129277544e-10
2016-03-07,4.337320129277544e-10
2016-03-08,4.337320129277544e-10
2016-03-09,4.337320129277544e-10
2016-03-10,4.337320129277544e-10
2016-03-11,4.337320129277544e-10
2016-03-14,4.337320129277544e-10
2016-03-15,4.337320129277544e-10
2016-03-16,4.337320129277544e-10
2016-03-17,4.337320129277544e-10
2016-03-18,4.337320129277544e-10
2016-03-21,4.337320129277544e-10
2016-03-22,4.337320129277544e-10
2016-03-23,4.337320129277544e-10
2016-03-24,4.337320129277544e-10
2016-03-28,4.337320129277544e-10
2016-03-29,4.337320129277544e-10
2016-03-30,6.505411012802562e-10
2016-03-31,6.501267688779345e-10
2016-04-01,6.514705530275859e-10
2016-04-04,6.50780076792775e-10
2016-04-05,6.488610597528038e-10
2016-04-06,6.506797195637476e-10
2016-04-07,6.483143323036745e-10
2016-04-08,6.488273922108618e-10
2016-04-11,6.484069538910826e-10
2016-04-12,6.504520535448847e-10
2016-04-13,6.526838911937618e-10
2016-04-14,6.528138776643394e-10
2016-04-15,6.525289201490188e-10
2016-04-18,6.538967680992547e-10
2016-04-19,6.545386371090205e-10
2016-04-20,6.548837910539813e-10
2016-04-21,6.536141045821106e-10
2016-04-22,6.537492818776734e-10
2016-04-25,6.533879748146799e-10
2016-04-26,6.536733958043857e-10
2016-04-27,7.625631774484179e-10
2016-04-28,7.608613021774043e-10
2016-04-29,8.694143527327956e-10
2016-05-02,8.6911147669634e-10
2016-05-03,8.653982770768363e-10
2016-05-04,4.3309342380129096e-10
2016-05-05,3.2335762922300154e-10
2016-05-06,3.2433080854300525e-10
2016-05-09,3.2211266337381784e-10
2016-05-10,3.2240198840170597e-10
2016-05-11,3.2340146878079453e-10
2016-05-12,3.2255980144519243e-10
2016-05-13,3.2304200313602856e-10
2016-05-16,3.7212385950008314e-10
2016-05-17,3.7286031754389476e-10
2016-05-18,3.7063340149182694e-10
2016-05-19,3.7029785896923156e-10
2016-05-20,3.703584283150608e-10
2016-05-23,2.600735940193328e-10
2016-05-24,2.600735940193328e-10
2016-05-25,2.6064267066149013e-10
2016-05-26,2.6060919934098923e-10
2016-05-27,2.608100499205742e-10
2016-05-31,2.605087702751002e-10
2016-06-01,3.1381434292736104e-10
2016-06-02,3.142571314967877e-10
2016-06-03,3.1429901747131855e-10
2016-06-06,3.1548004203679733e-10
2016-06-07,3.1612292526038626e-10
2016-06-08,3.174010282407763e-10
2016-06-09,3.169487082430691e-10
2016-06-10,3.155285208848482e-10
2016-06-13,2.5603444955639774e-10
2016-06-14,2.5569969859042283e-10
2016-06-15,2.5543190159373954e-10
2016-06-16,2.0548207075230639e-10
2016-06-17,2.0548207075230639e-10
2016-06-20,2.0548207075230639e-10
2016-06-21,2.0548207075230639e-10
2016-06-22,2.0548207075230639e-10
2016-06-23,2.0548207075230639e-10
2016-06-24,2.568397477370665e-10
2016-06-27,3.084733372319534e-10
2016-06-28,3.0802597498699706e-10
2016-06-29,3.0784306550262094e-10
2016-06-30,3.082880985237775e-10
2016-07-01,3.097906705436297e-10
2016-07-05,3.108735302726203e-10
2016-07-06,3.112683424611708e-10
2016-07-07,3.1106491701052797e-10
2016-07-08,3.1177107107882106e-10
2016-07-11,3.1080382944376705e-10
2016-07-12,4.0936720479909144e-10
2016-07-13,4.103306552397678e-10
2016-07-14,4.095823641021761e-10
2016-07-15,3.5717651886093653e-10
2016-07-18,3.57409779465984e-10
2016-07-19,3.5724890769701713e-10
2016-07-20,3.049703908667302e-10
2016-07-21,3.0451392239714657e-10
2016-07-22,3.050305789456142e-10
2016-07-25,3.0468820443298405e-10
2016-07-26,3.558598842337876e-10
2016-07-27,3.5623619085911386e-10
2016-07-28,3.5627818978417745e-10
2016-07-29,3.56387933842021e-10
2016-08-01,3.5649705718207704e-10
2016-08-02,3.550990050145701e-10
2016-08-03,3.5585521694267506e-10
2016-08-04,3.559536741064719e-10
2016-08-05,3.57748715780801e-10
2016-08-08,3.5759357436082865e-10
2016-08-09,3.5778070918358394e-10
2016-08-10,3.571238514973305e-10
2016-08-11,3.5792871254844097e-10
2016-08-12,3.578981845943549e-10
2016-08-15,3.5884412813759485e-10
2016-08-16,3.578252942280117e-10
2016-08-17,3.5776206112080356e-10
2016-08-18,3.5831536167513025e-10
2016-08-19,3.581681442018546e-10
2016-08-22,3.582859173202714e-10
2016-08-23,3.5884914828226546e-10
2016-08-24,3.5778236297422255e-10
2016-08-25,3.577466952503763e-10
2016-08-26,3.575853334800033e-10
2016-08-29,3.5830069501168795e-10
2016-08-30,3.581155396395676e-10
2016-08-31,3.576201677524882e-10
2016-09-01,3.578067361539797e-10
2016-09-02,3.587246788153482e-10
2016-09-06,3.5917571307976456e-10
2016-09-07,3.595322778019851e-10
2016-09-08,3.5905153560997615e-10
2016-09-09,7.87804464011321e-11
2016-09-12,7.87804464011321e-11
2016-09-13,7.87804464011321e-11
2016-09-14,7.87804464011321e-11
2016-09-15,7.87804464011321e-11
2016-09-16,7.87804464011321e-11
2016-09-19,7.87804464011321e-11
2016-09-20,7.87804464011321e-11
2016-09-21,9.847063496197097e-11
2016-09-22,1.1832522605181575e-10
2016-09-23,1.1806217376288318e-10
2016-09-26,1.176694873532253e-10
2016-09-27,1.17933598392222e-10
2016-09-28,1.181261405482593e-10
2016-09-29,1.1766313065351745e-10
2016-09-30,1.180391275481577e-10
2016-10-03,1.1790624850496545e-10
2016-10-04,1.1777104543629254e-10
2016-10-05,1.1800295579871607e-10
2016-10-06,1.1793565619374016e-10
2016-10-07,1.1773104855772301e-10
2016-10-10,1.3777546944191698e-10
2016-10-11,1.5668357566290014e-10
2016-10-12,1.5656208752862507e-10
2016-10-13,1.3425707982918891e-10
2016-10-14,1.3437437560694907e-10
2016-10-17,1.0436522756984492e-10
2016-10-18,1.0441930992285375e-10
2016-10-19,1.0455538062776229e-10
2016-10-20,1.0443818610788886e-10
2016-10-21,1.0458533487253475e-10
2016-10-24,1.0462155620461029e-10
2016-10-25,1.0452396737417793e-10
2016-10-26,1.0438789522229786e-10
2016-10-27,1.0454232879879322e-10
2016-10-28,1.0429708178470527e-10
2016-10-31,8.432929830715129e-11
2016-11-01,8.422792012326966e-11
2016-11-02,6.442265157195431e-11
2016-11-03,6.442265157195431e-11
2016-11-04,6.442265157195431e-11
2016-11-07,6.442265157195431e-11
2016-11-08,6.442265157195431e-11
2016-11-09,6.442265157195431e-11
2016-11-10,8.052428865309142e-11
2016-11-11,8.055834755978056e-11
2016-11-14,1.127784195071403e-10
2016-11-15,1.1289379440555543e-10
2016-11-16,1.1289113890103668e-10
2016-11-17,1.1310543435700894e-10
2016-11-18,1.1320717446532625e-10
2016-11-21,1.2940300070002593e-10
2016-11-22,1.2968806687752448e-10
2016-11-23,1.2991765089232422e-10
2016-11-25,1.3006360339351588e-10
2016-11-28,1.2966784757541856e-10
2016-11-29,1.2966410735773521e-10
2016-11-30,1.2951145973304275e-10
2016-12-01,1.4525841555616082e-10
2016-12-02,1.4533614109837747e-10
2016-12-05,1.2966449433218846e-10
2016-12-06,1.2987898645544447e-10
2016-12-07,1.3033830887431245e-10
2016-12-08,1.3076715715451844e-10
2016-12-09,1.3107440186806194e-10
2016-12-12,1.3093124658205798e-10
2016-12-13,1.3122976318403832e-10
2016-12-14,1.4677019832176522e-10
2016-12-15,1.4716693204469402e-10
2016-12-16,1.4709060529412432e-10
2016-12-19,1.4723354360465556e-10
2016-12-20,1.476469705918612e-10
2016-12-21,1.4733035423934467e-10
2016-12-22,1.4708073566156245e-10
2016-12-23,1.4726802881375586e-10
2016-12-27,1.476721109894523e-10
2016-12-28,1.4727398185021159e-10
2016-12-29,1.4720103387719243e-10
2016-12-30,1.4691253261844575e-10
2017-01-03,1.4720508375906034e-10
2017-01-04,1.4768166258689012e-10
2017-01-05,1.312556294237211e-10
2017-01-06,1.3133162430124414e-10
2017-01-09,1.3092760103659875e-10
2017-01-10,1.3105383953870786e-10
2017-01-11,1.31380332557118e-10
2017-01-12,1.3136510314667614e-10
2017-01-13,1.3154543070413366e-10
2017-01-17,1.3113375738885063e-10
2017-01-18,1.310974820707119e-10
2017-01-19,1.125056373798686e-10
2017-01-20,1.1281968370800238e-10
2017-01-23,1.1278905519208955e-10
2017-01-24,1.1307128325374966e-10
2017-01-25,1.1326682661275683e-10
2017-01-26,1.1336385079612733e-10
2017-01-27,1.1323941272586226e-10
2017-01-30,1.1289968220857843e-10
2017-01-31,1.1290482300011739e-10
2017-02-01,1.1318807142596524e-10
2017-02-02,1.1316356549382306e-10
2017-02-03,1.1340457902488922e-10
2017-02-06,1.1327467432635313e-10
2017-02-07,1.1326634004789927e-10
2017-02-08,1.1332260907292319e-10
2017-02-09,1.292727285605457e-10
2017-02-10,1.2964516494850116e-10
2017-02-13,1.297522831669813e-10
2017-02-14,1.2997121629705715e-10
2017-02-15,1.459411417959582e-10
2017-02-16,1.4575988661075676e-10
2017-02-17,1.4583828444154082e-10
2017-02-21,1.4621491687689037e-10
2017-02-22,1.4605402877270617e-10
2017-02-23,1.459640057857918e-10
2017-02-24,1.459948615342458e-10
2017-02-27,1.4618290838161466e-10
2017-02-28,1.458353022808335e-10
2017-03-01,1.4692372898253674e-10
2017-03-02,1.3001803749721744e-10
2017-03-03,1.3003992915669016e-10
2017-03-06,1.2976798160307412e-10
2017-03-07,1.1171984916304368e-10
2017-03-08,1.1163487172413067e-10
2017-03-09,1.116535898793033e-10
2017-03-10,1.118131628965112e-10
2017-03-13,1.1184279820299966e-10
2017-03-14,1.1169371444605473e-10
2017-03-15,1.1205438770651619e-10
2017-03-16,1.1201686000756249e-10
2017-03-17,1.1197926475916666e-10
2017-03-20,1.1194089957123691e-10
2017-03-21,1.704817309756408e-11
2017-03-22,1.704817309756408e-11
2017-03-23,1.704817309756408e-11
2017-03-24,1.704817309756408e-11
2017-03-27,1.704817309756408e-11
2017-03-28,1.704817309756408e-11
2017-03-29,1.704817309756408e-11
2017-03-30,1.704817309756408e-11
2017-03-31,1.704817309756408e-11
2017-04-03,1.704817309756408e-11
2017-04-04,1.704817309756408e-11
2017-04-05,1.704817309756408e-11
2017-04-06,1.704817309756408e-11
2017-04-07,1.704817309756408e-11
2017-04-10,1.704817309756408e-11
2017-04-11,2.1309151020939156e-11
2017-04-12,2.133833610710647e-11
2017-04-13,2.135873071152982e-11
2017-04-17,2.1346072010044457e-11
2017-04-18,2.1366466614467808e-11
2017-04-19,2.13281390731672e-11
2017-04-20,2.1336226412949713e-11
2017-04-21,2.1348533409318147e-11
2017-04-24,2.5580219738054093e-11
2017-04-25,2.1253357498949268e-11
2017-04-26,2.1253172162598195e-11
2017-04-27,2.1270056895309894e-11
2017-04-28,2.1269109697898413e-11
2017-05-01,2.1300436757074296e-11
2017-05-02,2.1303121526242443e-11
2017-05-03,2.1286870344809645e-11
2017-05-04,2.1288857233946647e-11
2017-05-05,2.1306959692552255e-11
2017-05-08,2.1308313030410362e-11
2017-05-09,2.132108141842415e-11
2017-05-10,2.1327170395616674e-11
2017-05-11,2.1317784309079193e-11
2017-05-12,2.1321537283257647e-11
2017-05-15,2.1341790408526255e-11
2017-05-16,2.1356175708420873e-11
2017-05-17,1.4419704486952962e-11
2017-05-18,1.4419704486952962e-11
2017-05-19,1.4419704486952962e-11
2017-05-22,1.4419704486952962e-11
2017-05-23,1.4419704486952962e-11
2017-05-24,1.4419704486952962e-11
2017-05-25,2.5231509303983885e-11
2017-05-26,2.5235035925775005e-11
2017-05-30,2.5217940826450643e-11
2017-05-31,2.5210012569788085e-11
2017-06-01,2.5288494730392937e-11
2017-06-02,2.8950567164790183e-11
2017-06-05,2.8914075580794974e-11
2017-06-06,3.2506994832260286e-11
2017-06-07,3.24958056779014e-11
2017-06-08,3.24795576440658e-11
2017-06-09,2.8739750947499477e-11
2017-06-12,2.2879190539616882e-11
2017-06-13,2.291198854278265e-11
2017-06-14,2.2971325023876996e-11
2017-06-15,2.295493161665195e-11
2017-06-16,2.296730234604334e-11
2017-06-19,2.3017186490222644e-11
2017-06-20,2.3014514048889768e-11
2017-06-21,2.3010089551950274e-11
2017-06-22,2.3014288435777016e-11
2017-06-23,2.3017808509605977e-11
2017-06-26,2.3035255500848626e-11
2017-06-27,1.8472805899551568e-11
2017-06-28,1.848536410551558e-11
2017-06-29,3.508921275274311e-12
2017-06-30,3.508921275274311e-12
2017-07-03,3.508921275274311e-12
2017-07-05,3.508921275274311e-12
2017-07-06,3.508921275274311e-12
2017-07-07,3.508921275274311e-12
2017-07-10,3.508921275274311e-12
2017-07-11,3.508921275274311e-12
2017-07-12,3.508921275274311e-12
2017-07-13,3.508921275274311e-12
2017-07-14,4.385932319404387e-12
2017-07-17,4.385885909621182e-12
2017-07-18,5.26339938394818e-12
2017-07-19,6.1507122532397e-12
2017-07-20,6.151615174563115e-12
2017-07-21,6.147019443140005e-12
2017-07-24,6.150613807650432e-12
2017-07-25,6.16088343192655e-12
2017-07-26,7.0346076406582595e-12
2017-07-27,7.026328223008971e-12
2017-07-28,7.022817504356403e-12
2017-07-31,7.018453831523362e-12
2017-08-01,7.027541709275801e-12
2017-08-02,6.019558372335909e-12
2017-08-03,6.014942835865012e-12
2017-08-04,6.0208544427291255e-12
2017-08-07,6.027796931211653e-12
2017-08-08,6.0224842405052025e-12
2017-08-09,6.018176776380114e-12
2017-08-10,6.718923845246136e-13
2017-08-11,6.718923845246136e-13
2017-08-14,6.718923845246136e-13
2017-08-15,6.718923845246136e-13
2017-08-16,6.718923845246136e-13
2017-08-17,6.718923845246136e-13
2017-08-18,6.718923845246136e-13
2017-08-21,6.718923845246136e-13
2017-08-22,6.718923845246136e-13
2017-08-23,6.718923845246136e-13
2017-08-24,6.718923845246136e-13
2017-08-25,6.718923845246136e-13
2017-08-28,6.718923845246136e-13
2017-08-29,6.718923845246136e-13
2017-08-30,6.718923845246136e-13
2017-08-31,6.718923845246136e-13
2017-09-01,8.398234936797806e-13
2017-09-05,1.0096156068872122e-12
2017-09-06,1.0077192138458293e-12
2017-09-07,1.0111864898199818e-12
2017-09-08,1.0106080243135895e-12
2017-09-11,1.0062280052183546e-12
2017-09-12,8.361856681895182e-13
2017-09-13,8.34920001052425e-13
2017-09-14,1.0025039505380437e-12
2017-09-15,1.002152047856281e-12
2017-09-18,8.310051231461852e-13
2017-09-19,8.313016141955955e-13
2017-09-20,8.316156754111596e-13
2017-09-21,8.312146587534098e-13
2017-09-22,8.311422056705895e-13
2017-09-25,8.307401321607402e-13
2017-09-26,9.964043024974636e-13
2017-09-27,1.000008406687758e-12
2017-09-28,1.0007655551548396e-12
2017-09-29,1.3326734484647312e-12
2017-10-02,1.337109083548847e-12
2017-10-03,1.338767116414534e-12
2017-10-04,1.3387205895861682e-12
2017-10-05,1.3423055326252251e-12
2017-10-06,1.3420225513245325e-12
2017-10-09,1.3406007277905336e-12
2017-10-10,1.342210947407042e-12
2017-10-11,1.3431227611520074e-12
2017-10-12,1.342092081301856e-12
2017-10-13,1.3425504584557672e-12
2017-10-16,1.3439518870637907e-12
2017-10-17,1.3437711942987408e-12
2017-10-18,1.3459834773209055e-12
2017-10-19,1.345238215798814e-12
2017-10-20,1.3487775773349992e-12
2017-10-23,1.3452781451154632e-12
2017-10-24,1.5131735800406603e-12
2017-10-25,1.510080629117318e-12
2017-10-26,1.5118384319279267e-12
2017-10-27,1.5192130896984085e-12
2017-10-30,1.5164086059975912e-12
2017-10-31,1.5192593350669776e-12
2017-11-01,1.5186747247218235e-12
2017-11-02,1.5207577125710642e-12
2017-11-03,1.5235839636343089e-12
2017-11-06,1.5280385183055473e-12
2017-11-07,1.3340846754394304e-12
2017-11-08,1.3346058541070569e-12
2017-11-09,1.3325200190543119e-12
2017-11-10,1.331775988855649e-12
2017-11-13,1.3317186482477105e-12
2017-11-14,1.328281422061392e-12
2017-11-15,3.95766722946547e-13
2017-11-16,3.9798884779639064e-13
2017-11-17,3.9772090693751973e-13
2017-11-20,3.979230089060319e-13
2017-11-21,4.558995287783611e-13
2017-11-22,4.559453119541676e-13
2017-11-24,4.565903403748779e-13
2017-11-27,4.561025601644599e-13
2017-11-28,5.139644732732166e-13
2017-11-29,5.121815563813517e-13
2017-11-30,5.704383181041616e-13
2017-12-01,5.692922393787511e-13
2017-12-04,2.8925577127850317e-13
2017-12-05,2.882101800987156e-13
2017-12-06,2.2318733507969867e-13
2017-12-07,2.235170761863416e-13
2017-12-08,2.2410220982054257e-13
2017-12-11,2.2441621898886275e-13
2017-12-12,2.247833711284113e-13
2017-12-13,2.2494657766739874e-13
2017-12-14,2.2453585242285483e-13
2017-12-15,2.5301118756675074e-13
2017-12-18,2.538781671237844e-13
2017-12-19,2.5348251418595906e-13
2017-12-20,2.5335772910591685e-13
2017-12-21,2.5361914432728825e-13
2017-12-22,2.535050513010596e-13
2017-12-26,2.5333186658510113e-13
2017-12-27,2.5345530670455743e-13
2017-12-28,2.8138314109188903e-13
2017-12-29,2.8070618583287937e-13
2018-01-02,2.81969720497104e-13
2018-01-03,2.8296843468741735e-13
2018-01-04,2.835752920246731e-13
2018-01-05,2.8463512641813154e-13
2018-01-08,3.1240001037088155e-13
2018-01-09,3.1289605232003003e-13
2018-01-10,3.128468256838838e-13
2018-01-11,3.1443386517479303e-13
2018-01-12,3.158397226857973e-13
2018-01-16,3.1498855555583343e-13
2018-01-17,3.168760635792547e-13
2018-01-18,3.163649357849119e-13
2018-01-19,3.1723256480463567e-13
2018-01-22,3.18535523380016e-13
2018-01-23,3.19163714440852e-13
2018-01-24,3.191892886525505e-13
2018-01-25,3.1937273606932605e-13
2018-01-26,3.213201280128261e-13
2018-01-29,3.2007658800355683e-13
2018-01-30,4.325576911003487e-14
2018-01-31,1.1194738023193135e-14
2018-02-01,1.1376348909269604e-14
2018-02-02,-3.732004437996696e-14
2018-02-05,-6.526613971991285e-14
2018-02-06,-6.526613971991285e-14
2018-02-07,-6.526613971991285e-14
2018-02-08,-6.526613971991285e-14
2018-02-09,-6.526613971991285e-14
2018-02-12,-6.526613971991285e-14
2018-02-13,-6.526613971991285e-14
2018-02-14,-6.526613971991285e-14
2018-02-15,-6.526613971991285e-14
2018-02-16,-6.526613971991285e-14
2018-02-20,-6.526613971991285e-14
2018-02-21,-6.526613971991285e-14
2018-02-22,-6.526613971991285e-14
2018-02-23,-6.526613971991285e-14
2018-02-26,-6.526613971991285e-14
2018-02-27,-6.526613971991285e-14
2018-02-28,-6.526613971991285e-14
2018-03-01,-6.526613971991285e-14
2018-03-02,-6.526613971991285e-14
2018-03-05,-6.526613971991285e-14
2018-03-06,-6.526613971991285e-14
2018-03-07,-6.526613971991285e-14
2018-03-08,-6.526613971991285e-14
2018-03-09,-6.526613971991285e-14
2018-03-12,-6.526613971991285e-14
2018-03-13,-6.526613971991285e-14
2018-03-14,-6.526613971991285e-14
2018-03-15,-6.526613971991285e-14
2018-03-16,-6.526613971991285e-14
2018-03-19,-6.526613971991285e-14
2018-03-20,-6.526613971991285e-14
2018-03-21,-6.526613971991285e-14
2018-03-22,-6.526613971991285e-14
2018-03-23,-6.526613971991285e-14
2018-03-26,-6.526613971991285e-14
2018-03-27,-6.526613971991285e-14
2018-03-28,-6.526613971991285e-14
2018-03-29,-6.526613971991285e-14
2018-04-02,-6.526613971991285e-14
2018-04-03,-6.526613971991285e-14
2018-04-04,-6.526613971991285e-14
2018-04-05,-6.526613971991285e-14
2018-04-06,-6.526613971991285e-14
2018-04-09,-6.526613971991285e-14
2018-04-10,-6.526613971991285e-14
2018-04-11,-6.526613971991285e-14
2018-04-12,-6.526613971991285e-14
2018-04-13,-6.526613971991285e-14
2018-04-16,-6.526613971991285e-14
2018-04-17,-6.526613971991285e-14
2018-04-18,-6.526613971991285e-14
2018-04-19,-6.526613971991285e-14
2018-04-20,-6.526613971991285e-14
2018-04-23,-6.526613971991285e-14
2018-04-24,-6.526613971991285e-14
2018-04-25,-6.526613971991285e-14
2018-04-26,-6.526613971991285e-14
2018-04-27,-6.526613971991285e-14
2018-04-30,-6.526613971991285e-14
2018-05-01,-6.526613971991285e-14
2018-05-02,-6.526613971991285e-14
2018-05-03,-6.526613971991285e-14
2018-05-04,-6.526613971991285e-14
2018-05-07,-6.526613971991285e-14
2018-05-08,-6.526613971991285e-14
2018-05-09,-6.526613971991285e-14
2018-05-10,-6.526613971991285e-14
2018-05-11,-6.526613971991285e-14
2018-05-14,-6.526613971991285e-14
2018-05-15,-6.526613971991285e-14
2018-05-16,-6.526613971991285e-14
2018-05-17,-6.526613971991285e-14
2018-05-18,-6.526613971991285e-14
2018-05-21,-6.526613971991285e-14
2018-05-22,-6.526613971991285e-14
2018-05-23,-6.526613971991285e-14
2018-05-24,-6.526613971991285e-14
2018-05-25,-6.526613971991285e-14
2018-05-29,-6.526613971991285e-14
2018-05-30,-6.526613971991285e-14
2018-05-31,-6.526613971991285e-14
2018-06-01,-6.526613971991285e-14
2018-06-04,-6.526613971991285e-14
2018-06-05,-6.526613971991285e-14
2018-06-06,-6.526613971991285e-14
2018-06-07,-6.526613971991285e-14
2018-06-08,-6.526613971991285e-14
2018-06-11,-6.526613971991285e-14
2018-06-12,-6.526613971991285e-14
2018-06-13,-6.526613971991285e-14
2018-06-14,-6.526613971991285e-14
2018-06-15,-6.526613971991285e-14
2018-06-18,-6.526613971991285e-14
2018-06-19,-6.526613971991285e-14
2018-06-20,-6.526613971991285e-14
2018-06-21,-6.526613971991285e-14
2018-06-22,-6.526613971991285e-14
2018-06-25,-6.526613971991285e-14
2018-06-26,-6.526613971991285e-14
2018-06-27,-6.526613971991285e-14
2018-06-28,-6.526613971991285e-14
2018-06-29,-6.526613971991285e-14
2018-07-02,-6.526613971991285e-14
2018-07-03,-6.526613971991285e-14
2018-07-05,-6.526613971991285e-14
2018-07-06,-6.526613971991285e-14
2018-07-09,-6.526613971991285e-14
2018-07-10,-6.526613971991285e-14
2018-07-11,-6.526613971991285e-14
2018-07-12,-6.526613971991285e-14
2018-07-13,-6.526613971991285e-14
2018-07-16,-6.526613971991285e-14
2018-07-17,-6.526613971991285e-14
2018-07-18,-6.526613971991285e-14
2018-07-19,-6.526613971991285e-14
2018-07-20,-6.526613971991285e-14
2018-07-23,-6.526613971991285e-14
2018-07-24,-6.526613971991285e-14
2018-07-25,-6.526613971991285e-14
2018-07-26,-6.526613971991285e-14
2018-07-27,-6.526613971991285e-14
2018-07-30,-6.526613971991285e-14
2018-07-31,-6.526613971991285e-14
2018-08-01,-6.526613971991285e-14
2018-08-02,-6.526613971991285e-14
2018-08-03,-6.526613971991285e-14
2018-08-06,-6.526613971991285e-14
2018-08-07,-6.526613971991285e-14
2018-08-08,-6.526613971991285e-14
2018-08-09,-6.526613971991285e-14
2018-08-10,-6.526613971991285e-14
2018-08-13,-6.526613971991285e-14
2018-08-14,-6.526613971991285e-14
2018-08-15,-6.526613971991285e-14
2018-08-16,-6.526613971991285e-14
2018-08-17,-6.526613971991285e-14
2018-08-20,-6.526613971991285e-14
2018-08-21,-6.526613971991285e-14
2018-08-22,-6.526613971991285e-14
2018-08-23,-6.526613971991285e-14
2018-08-24,-6.526613971991285e-14
2018-08-27,-6.526613971991285e-14
2018-08-28,-6.526613971991285e-14
2018-08-29,-6.526613971991285e-14
2018-08-30,-6.526613971991285e-14
2018-08-31,-6.526613971991285e-14
2018-09-04,-6.526613971991285e-14
2018-09-05,-6.526613971991285e-14
2018-09-06,-6.526613971991285e-14
2018-09-07,-6.526613971991285e-14
2018-09-10,-6.526613971991285e-14
2018-09-11,-6.526613971991285e-14
2018-09-12,-6.526613971991285e-14
2018-09-13,-6.526613971991285e-14
2018-09-14,-6.526613971991285e-14
2018-09-17,-6.526613971991285e-14
2018-09-18,-6.526613971991285e-14
2018-09-19,-6.526613971991285e-14
2018-09-20,-6.526613971991285e-14
2018-09-21,-6.526613971991285e-14
2018-09-24,-6.526613971991285e-14
2018-09-25,-6.526613971991285e-14
2018-09-26,-6.526613971991285e-14
2018-09-27,-6.526613971991285e-14
2018-09-28,-6.526613971991285e-14
2018-10-01,-6.526613971991285e-14
2018-10-02,-6.526613971991285e-14
2018-10-03,-6.526613971991285e-14
2018-10-04,-6.526613971991285e-14
2018-10-05,-6.526613971991285e-14
2018-10-08,-6.526613971991285e-14
2018-10-09,-6.526613971991285e-14
2018-10-10,-6.526613971991285e-14
2018-10-11,-6.526613971991285e-14
2018-10-12,-6.526613971991285e-14
2018-10-15,-6.526613971991285e-14
2018-10-16,-6.526613971991285e-14
2018-10-17,-6.526613971991285e-14
2018-10-18,-6.526613971991285e-14
2018-10-19,-6.526613971991285e-14
2018-10-22,-6.526613971991285e-14
2018-10-23,-6.526613971991285e-14
2018-10-24,-6.526613971991285e-14
2018-10-25,-6.526613971991285e-14
2018-10-26,-6.526613971991285e-14
2018-10-29,-6.526613971991285e-14
2018-10-30,-6.526613971991285e-14
2018-10-31,-6.526613971991285e-14
2018-11-01,-6.526613971991285e-14
2018-11-02,-6.526613971991285e-14
2018-11-05,-6.526613971991285e-14
2018-11-06,-6.526613971991285e-14
2018-11-07,-6.526613971991285e-14
2018-11-08,-6.526613971991285e-14
2018-11-09,-6.526613971991285e-14
2018-11-12,-6.526613971991285e-14
2018-11-13,-6.526613971991285e-14
2018-11-14,-6.526613971991285e-14
2018-11-15,-6.526613971991285e-14
2018-11-16,-6.526613971991285e-14
2018-11-19,-6.526613971991285e-14
2018-11-20,-6.526613971991285e-14
2018-11-21,-6.526613971991285e-14
2018-11-23,-6.526613971991285e-14
2018-11-26,-6.526613971991285e-14
2018-11-27,-6.526613971991285e-14
2018-11-28,-6.526613971991285e-14
2018-11-29,-6.526613971991285e-14
2018-11-30,-6.526613971991285e-14
2018-12-03,-6.526613971991285e-14
2018-12-04,-6.526613971991285e-14
2018-12-06,-6.526613971991285e-14
2018-12-07,-6.526613971991285e-14
2018-12-10,-6.526613971991285e-14
2018-12-11,-6.526613971991285e-14
2018-12-12,-6.526613971991285e-14
2018-12-13,-6.526613971991285e-14
2018-12-14,-6.526613971991285e-14
2018-12-17,-6.526613971991285e-14
2018-12-18,-6.526613971991285e-14
2018-12-19,-6.526613971991285e-14
2018-12-20,-6.526613971991285e-14
2018-12-21,-6.526613971991285e-14
2018-12-24,-6.526613971991285e-14
2018-12-26,-6.526613971991285e-14
2018-12-27,-6.526613971991285e-14
2018-12-28,-6.526613971991285e-14
2018-12-31,-6.526613971991285e-14
2019-01-02,-6.526613971991285e-14
2019-01-03,-6.526613971991285e-14
2019-01-04,-6.526613971991285e-14
2019-01-07,-6.526613971991285e-14
2019-01-08,-6.526613971991285e-14
2019-01-09,-6.526613971991285e-14
2019-01-10,-6.526613971991285e-14
2019-01-11,-6.526613971991285e-14
2019-01-14,-6.526613971991285e-14
2019-01-15,-6.526613971991285e-14
2019-01-16,-6.526613971991285e-14
2019-01-17,-6.526613971991285e-14
2019-01-18,-6.526613971991285e-14
2019-01-22,-6.526613971991285e-14
2019-01-23,-6.526613971991285e-14
2019-01-24,-6.526613971991285e-14
2019-01-25,-6.526613971991285e-14
2019-01-28,-6.526613971991285e-14
2019-01-29,-6.526613971991285e-14
2019-01-30,-6.526613971991285e-14
2019-01-31,-6.526613971991285e-14
2019-02-01,-6.526613971991285e-14
2019-02-04,-6.526613971991285e-14
2019-02-05,-6.526613971991285e-14
2019-02-06,-6.526613971991285e-14
2019-02-07,-6.526613971991285e-14
2019-02-08,-6.526613971991285e-14
2019-02-11,-6.526613971991285e-14
2019-02-12,-6.526613971991285e-14
2019-02-13,-6.526613971991285e-14
2019-02-14,-6.526613971991285e-14
2019-02-15,-6.526613971991285e-14
2019-02-19,-6.526613971991285e-14
2019-02-20,-6.526613971991285e-14
2019-02-21,-6.526613971991285e-14
2019-02-22,-6.526613971991285e-14
2019-02-25,-6.526613971991285e-14
2019-02-26,-6.526613971991285e-14
2019-02-27,-6.526613971991285e-14
2019-02-28,-6.526613971991285e-14
2019-03-01,-6.526613971991285e-14
2019-03-04,-6.526613971991285e-14
2019-03-05,-6.526613971991285e-14
2019-03-06,-6.526613971991285e-14
2019-03-07,-6.526613971991285e-14
2019-03-08,-6.526613971991285e-14
2019-03-11,-6.526613971991285e-14
2019-03-12,-6.526613971991285e-14
2019-03-13,-6.526613971991285e-14
2019-03-14,-6.526613971991285e-14
2019-03-15,-6.526613971991285e-14
2019-03-18,-6.526613971991285e-14
2019-03-19,-6.526613971991285e-14
2019-03-20,-6.526613971991285e-14
2019-03-21,-6.526613971991285e-14
2019-03-22,-6.526613971991285e-14
2019-03-25,-6.526613971991285e-14
2019-03-26,-6.526613971991285e-14
2019-03-27,-6.526613971991285e-14
2019-03-28,-6.526613971991285e-14
2019-03-29,-6.526613971991285e-14
2019-04-01,-6.526613971991285e-14
2019-04-02,-6.526613971991285e-14
2019-04-03,-6.526613971991285e-14
2019-04-04,-6.526613971991285e-14
2019-04-05,-6.526613971991285e-14
2019-04-08,-6.526613971991285e-14
2019-04-09,-6.526613971991285e-14
2019-04-10,-6.526613971991285e-14
2019-04-11,-6.526613971991285e-14
2019-04-12,-6.526613971991285e-14
2019-04-15,-6.526613971991285e-14
2019-04-16,-6.526613971991285e-14
2019-04-17,-6.526613971991285e-14
2019-04-18,-6.526613971991285e-14
2019-04-22,-6.526613971991285e-14
2019-04-23,-6.526613971991285e-14
2019-04-24,-6.526613971991285e-14
2019-04-25,-6.526613971991285e-14
2019-04-26,-6.526613971991285e-14
2019-04-29,-6.526613971991285e-14
2019-04-30,-6.526613971991285e-14
2019-05-01,-6.526613971991285e-14
2019-05-02,-6.526613971991285e-14
2019-05-03,-6.526613971991285e-14
2019-05-06,-6.526613971991285e-14
2019-05-07,-6.526613971991285e-14
2019-05-08,-6.526613971991285e-14
2019-05-09,-6.526613971991285e-14
2019-05-10,-6.526613971991285e-14
2019-05-13,-6.526613971991285e-14
2019-05-14,-6.526613971991285e-14
2019-05-15,-6.526613971991285e-14
2019-05-16,-6.526613971991285e-14
2019-05-17,-6.526613971991285e-14
2019-05-20,-6.526613971991285e-14
2019-05-21,-6.526613971991285e-14
2019-05-22,-6.526613971991285e-14
2019-05-23,-6.526613971991285e-14
2019-05-24,-6.526613971991285e-14
2019-05-28,-6.526613971991285e-14
2019-05-29,-6.526613971991285e-14
2019-05-30,-6.526613971991285e-14
2019-05-31,-6.526613971991285e-14
2019-06-03,-6.526613971991285e-14
2019-06-04,-6.526613971991285e-14
2019-06-05,-6.526613971991285e-14
2019-06-06,-6.526613971991285e-14
2019-06-07,-6.526613971991285e-14
2019-06-10,-6.526613971991285e-14
2019-06-11,-6.526613971991285e-14
2019-06-12,-6.526613971991285e-14
2019-06-13,-6.526613971991285e-14
2019-06-14,-6.526613971991285e-14
2019-06-17,-6.526613971991285e-14
2019-06-18,-6.526613971991285e-14
2019-06-19,-6.526613971991285e-14
2019-06-20,-6.526613971991285e-14
2019-06-21,-6.526613971991285e-14
2019-06-24,-6.526613971991285e-14
2019-06-25,-6.526613971991285e-14
2019-06-26,-6.526613971991285e-14
2019-06-27,-6.526613971991285e-14
2019-06-28,-6.526613971991285e-14
2019-07-01,-6.526613971991285e-14
2019-07-02,-6.526613971991285e-14
2019-07-03,-6.526613971991285e-14
2019-07-05,-6.526613971991285e-14
2019-07-08,-6.526613971991285e-14
2019-07-09,-6.526613971991285e-14
2019-07-10,-6.526613971991285e-14
2019-07-11,-6.526613971991285e-14
2019-07-12,-6.526613971991285e-14
2019-07-15,-6.526613971991285e-14
2019-07-16,-6.526613971991285e-14
2019-07-17,-6.526613971991285e-14
2019-07-18,-6.526613971991285e-14
2019-07-19,-6.526613971991285e-14
2019-07-22,-6.526613971991285e-14
2019-07-23,-6.526613971991285e-14
2019-07-24,-6.526613971991285e-14
2019-07-25,-6.526613971991285e-14
2019-07-26,-6.526613971991285e-14
2019-07-29,-6.526613971991285e-14
2019-07-30,-6.526613971991285e-14
2019-07-31,-6.526613971991285e-14
2019-08-01,-6.526613971991285e-14
2019-08-02,-6.526613971991285e-14
2019-08-05,-6.526613971991285e-14
2019-08-06,-6.526613971991285e-14
2019-08-07,-6.526613971991285e-14
2019-08-08,-6.526613971991285e-14
2019-08-09,-6.526613971991285e-14
2019-08-12,-6.526613971991285e-14
2019-08-13,-6.526613971991285e-14
2019-08-14,-6.526613971991285e-14
2019-08-15,-6.526613971991285e-14
2019-08-16,-6.526613971991285e-14
2019-08-19,-6.526613971991285e-14
2019-08-20,-6.526613971991285e-14
2019-08-21,-6.526613971991285e-14
2019-08-22,-6.526613971991285e-14
2019-08-23,-6.526613971991285e-14
2019-08-26,-6.526613971991285e-14
2019-08-27,-6.526613971991285e-14
2019-08-28,-6.526613971991285e-14
2019-08-29,-6.526613971991285e-14
2019-08-30,-6.526613971991285e-14
2019-09-03,-6.526613971991285e-14
2019-09-04,-6.526613971991285e-14
2019-09-05,-6.526613971991285e-14
2019-09-06,-6.526613971991285e-14
2019-09-09,-6.526613971991285e-14
2019-09-10,-6.526613971991285e-14
2019-09-11,-6.526613971991285e-14
2019-09-12,-6.526613971991285e-14
2019-09-13,-6.526613971991285e-14
2019-09-16,-6.526613971991285e-14
2019-09-17,-6.526613971991285e-14
2019-09-18,-6.526613971991285e-14
2019-09-19,-6.526613971991285e-14
2019-09-20,-6.526613971991285e-14
2019-09-23,-6.526613971991285e-14
2019-09-24,-6.526613971991285e-14
2019-09-25,-6.526613971991285e-14
2019-09-26,-6.526613971991285e-14
2019-09-27,-6.526613971991285e-14
2019-09-30,-6.526613971991285e-14
2019-10-01,-6.526613971991285e-14
2019-10-02,-6.526613971991285e-14
2019-10-03,-6.526613971991285e-14
2019-10-04,-6.526613971991285e-14
2019-10-07,-6.526613971991285e-14
2019-10-08,-6.526613971991285e-14
2019-10-09,-6.526613971991285e-14
2019-10-10,-6.526613971991285e-14
2019-10-11,-6.526613971991285e-14
2019-10-14,-6.526613971991285e-14
2019-10-15,-6.526613971991285e-14
2019-10-16,-6.526613971991285e-14
2019-10-17,-6.526613971991285e-14
2019-10-18,-6.526613971991285e-14
2019-10-21,-6.526613971991285e-14
2019-10-22,-6.526613971991285e-14
2019-10-23,-6.526613971991285e-14
2019-10-24,-6.526613971991285e-14
2019-10-25,-6.526613971991285e-14
2019-10-28,-6.526613971991285e-14
2019-10-29,-6.526613971991285e-14
2019-10-30,-6.526613971991285e-14
2019-10-31,-6.526613971991285e-14
2019-11-01,-6.526613971991285e-14
2019-11-04,-6.526613971991285e-14
2019-11-05,-6.526613971991285e-14
2019-11-06,-6.526613971991285e-14
2019-11-07,-6.526613971991285e-14
2019-11-08,-6.526613971991285e-14
2019-11-11,-6.526613971991285e-14
2019-11-12,-6.526613971991285e-14
2019-11-13,-6.526613971991285e-14
2019-11-14,-6.526613971991285e-14
2019-11-15,-6.526613971991285e-14
2019-11-18,-6.526613971991285e-14
2019-11-19,-6.526613971991285e-14
2019-11-20,-6.526613971991285e-14
2019-11-21,-6.526613971991285e-14
2019-11-22,-6.526613971991285e-14
2019-11-25,-6.526613971991285e-14
2019-11-26,-6.526613971991285e-14
2019-11-27,-6.526613971991285e-14
2019-11-29,-6.526613971991285e-14
2019-12-02,-6.526613971991285e-14
2019-12-03,-6.526613971991285e-14
2019-12-04,-6.526613971991285e-14
2019-12-05,-6.526613971991285e-14
2019-12-06,-6.526613971991285e-14
2019-12-09,-6.526613971991285e-14
2019-12-10,-6.526613971991285e-14
2019-12-11,-6.526613971991285e-14
2019-12-12,-6.526613971991285e-14
2019-12-13,-6.526613971991285e-14
2019-12-16,-6.526613971991285e-14
2019-12-17,-6.526613971991285e-14
2019-12-18,-6.526613971991285e-14
2019-12-19,-6.526613971991285e-14
2019-12-20,-6.526613971991285e-14
2019-12-23,-6.526613971991285e-14
2019-12-24,-6.526613971991285e-14
2019-12-26,-6.526613971991285e-14
2019-12-27,-6.526613971991285e-14
2019-12-30,-6.526613971991285e-14
2019-12-31,-6.526613971991285e-14
2020-01-02,-6.526613971991285e-14
2020-01-03,-6.526613971991285e-14
2020-01-06,-6.526613971991285e-14
2020-01-07,-6.526613971991285e-14
2020-01-08,-6.526613971991285e-14
2020-01-09,-6.526613971991285e-14
2020-01-10,-6.526613971991285e-14
2020-01-13,-6.526613971991285e-14
2020-01-14,-6.526613971991285e-14
2020-01-15,-6.526613971991285e-14
2020-01-16,-6.526613971991285e-14
2020-01-17,-6.526613971991285e-14
2020-01-21,-6.526613971991285e-14
2020-01-22,-6.526613971991285e-14
2020-01-23,-6.526613971991285e-14
2020-01-24,-6.526613971991285e-14
2020-01-27,-6.526613971991285e-14
2020-01-28,-6.526613971991285e-14
2020-01-29,-6.526613971991285e-14
2020-01-30,-6.526613971991285e-14
2020-01-31,-6.526613971991285e-14
2020-02-03,-6.526613971991285e-14
2020-02-04,-6.526613971991285e-14
2020-02-05,-6.526613971991285e-14
2020-02-06,-6.526613971991285e-14
2020-02-07,-6.526613971991285e-14
2020-02-10,-6.526613971991285e-14
2020-02-11,-6.526613971991285e-14
2020-02-12,-6.526613971991285e-14
2020-02-13,-6.526613971991285e-14
2020-02-14,-6.526613971991285e-14
2020-02-18,-6.526613971991285e-14
2020-02-19,-6.526613971991285e-14
2020-02-20,-6.526613971991285e-14
2020-02-21,-6.526613971991285e-14
2020-02-24,-6.526613971991285e-14
2020-02-25,-6.526613971991285e-14
2020-02-26,-6.526613971991285e-14
2020-02-27,-6.526613971991285e-14
2020-02-28,-6.526613971991285e-14
2020-03-02,-6.526613971991285e-14
2020-03-03,-6.526613971991285e-14
2020-03-04,-6.526613971991285e-14
2020-03-05,-6.526613971991285e-14
2020-03-06,-6.526613971991285e-14
2020-03-09,-6.526613971991285e-14
2020-03-10,-6.526613971991285e-14
2020-03-11,-6.526613971991285e-14
2020-03-12,-6.526613971991285e-14
2020-03-13,-6.526613971991285e-14
2020-03-16,-6.526613971991285e-14
2020-03-17,-6.526613971991285e-14
2020-03-18,-6.526613971991285e-14
2020-03-19,-6.526613971991285e-14
2020-03-20,-6.526613971991285e-14
2020-03-23,-6.526613971991285e-14
2020-03-24,-6.526613971991285e-14
2020-03-25,-6.526613971991285e-14
2020-03-26,-6.526613971991285e-14
2020-03-27,-6.526613971991285e-14
2020-03-30,-6.526613971991285e-14
2020-03-31,-6.526613971991285e-14
2020-04-01,-6.526613971991285e-14
2020-04-02,-6.526613971991285e-14
2020-04-03,-6.526613971991285e-14
2020-04-06,-6.526613971991285e-14
2020-04-07,-6.526613971991285e-14
2020-04-08,-6.526613971991285e-14
2020-04-09,-6.526613971991285e-14
2020-04-13,-6.526613971991285e-14
2020-04-14,-6.526613971991285e-14
2020-04-15,-6.526613971991285e-14
2020-04-16,-6.526613971991285e-14
2020-04-17,-6.526613971991285e-14
2020-04-20,-6.526613971991285e-14
2020-04-21,-6.526613971991285e-14
2020-04-22,-6.526613971991285e-14
2020-04-23,-6.526613971991285e-14
2020-04-24,-6.526613971991285e-14
2020-04-27,-6.526613971991285e-14
2020-04-28,-6.526613971991285e-14
2020-04-29,-6.526613971991285e-14
2020-04-30,-6.526613971991285e-14
2020-05-01,-6.526613971991285e-14
2020-05-04,-6.526613971991285e-14
2020-05-05,-6.526613971991285e-14
2020-05-06,-6.526613971991285e-14
2020-05-07,-6.526613971991285e-14
2020-05-08,-6.526613971991285e-14
2020-05-11,-6.526613971991285e-14
2020-05-12,-6.526613971991285e-14
2020-05-13,-6.526613971991285e-14
2020-05-14,-6.526613971991285e-14
2020-05-15,-6.526613971991285e-14
2020-05-18,-6.526613971991285e-14
2020-05-19,-6.526613971991285e-14
2020-05-20,-6.526613971991285e-14
2020-05-21,-6.526613971991285e-14
2020-05-22,-6.526613971991285e-14
2020-05-26,-6.526613971991285e-14
2020-05-27,-6.526613971991285e-14
2020-05-28,-6.526613971991285e-14
2020-05-29,-6.526613971991285e-14
2020-06-01,-6.526613971991285e-14
2020-06-02,-6.526613971991285e-14
2020-06-03,-6.526613971991285e-14
2020-06-04,-6.526613971991285e-14
2020-06-05,-6.526613971991285e-14
2020-06-08,-6.526613971991285e-14
2020-06-09,-6.526613971991285e-14
2020-06-10,-6.526613971991285e-14
2020-06-11,-6.526613971991285e-14
2020-06-12,-6.526613971991285e-14
2020-06-15,-6.526613971991285e-14
2020-06-16,-6.526613971991285e-14
2020-06-17,-6.526613971991285e-14
2020-06-18,-6.526613971991285e-14
2020-06-19,-6.526613971991285e-14
2020-06-22,-6.526613971991285e-14
2020-06-23,-6.526613971991285e-14
2020-06-24,-6.526613971991285e-14
2020-06-25,-6.526613971991285e-14
2020-06-26,-6.526613971991285e-14
2020-06-29,-6.526613971991285e-14
2020-06-30,-6.526613971991285e-14
2020-07-01,-6.526613971991285e-14
2020-07-02,-6.526613971991285e-14
2020-07-06,-6.526613971991285e-14
2020-07-07,-6.526613971991285e-14
2020-07-08,-6.526613971991285e-14
2020-07-09,-6.526613971991285e-14
2020-07-10,-6.526613971991285e-14
2020-07-13,-6.526613971991285e-14
2020-07-14,-6.526613971991285e-14
2020-07-15,-6.526613971991285e-14
2020-07-16,-6.526613971991285e-14
2020-07-17,-6.526613971991285e-14
2020-07-20,-6.526613971991285e-14
2020-07-21,-6.526613971991285e-14
2020-07-22,-6.526613971991285e-14
2020-07-23,-6.526613971991285e-14
2020-07-24,-6.526613971991285e-14
2020-07-27,-6.526613971991285e-14
2020-07-28,-6.526613971991285e-14
2020-07-29,-6.526613971991285e-14
2020-07-30,-6.526613971991285e-14
2020-07-31,-6.526613971991285e-14
2020-08-03,-6.526613971991285e-14
2020-08-04,-6.526613971991285e-14
2020-08-05,-6.526613971991285e-14
2020-08-06,-6.526613971991285e-14
2020-08-07,-6.526613971991285e-14
2020-08-10,-6.526613971991285e-14
2020-08-11,-6.526613971991285e-14
2020-08-12,-6.526613971991285e-14
2020-08-13,-6.526613971991285e-14
2020-08-14,-6.526613971991285e-14
2020-08-17,-6.526613971991285e-14
2020-08-18,-6.526613971991285e-14
2020-08-19,-6.526613971991285e-14
2020-08-20,-6.526613971991285e-14
2020-08-21,-6.526613971991285e-14
2020-08-24,-6.526613971991285e-14
2020-08-25,-6.526613971991285e-14
2020-08-26,-6.526613971991285e-14
2020-08-27,-6.526613971991285e-14
2020-08-28,-6.526613971991285e-14
2020-08-31,-6.526613971991285e-14
2020-09-01,-6.526613971991285e-14
2020-09-02,-6.526613971991285e-14
2020-09-03,-6.526613971991285e-14
2020-09-04,-6.526613971991285e-14
2020-09-08,-6.526613971991285e-14
2020-09-09,-6.526613971991285e-14
2020-09-10,-6.526613971991285e-14
2020-09-11,-6.526613971991285e-14
2020-09-14,-6.526613971991285e-14
2020-09-15,-6.526613971991285e-14
2020-09-16,-6.526613971991285e-14
2020-09-17,-6.526613971991285e-14
2020-09-18,-6.526613971991285e-14
2020-09-21,-6.526613971991285e-14
2020-09-22,-6.526613971991285e-14
2020-09-23,-6.526613971991285e-14
2020-09-24,-6.526613971991285e-14
2020-09-25,-6.526613971991285e-14
2020-09-28,-6.526613971991285e-14
2020-09-29,-6.526613971991285e-14
2020-09-30,-6.526613971991285e-14
2020-10-01,-6.526613971991285e-14
2020-10-02,-6.526613971991285e-14
2020-10-05,-6.526613971991285e-14
2020-10-06,-6.526613971991285e-14
2020-10-07,-6.526613971991285e-14
2020-10-08,-6.526613971991285e-14
2020-10-09,-6.526613971991285e-14
2020-10-12,-6.526613971991285e-14
2020-10-13,-6.526613971991285e-14
2020-10-14,-6.526613971991285e-14
2020-10-15,-6.526613971991285e-14
2020-10-16,-6.526613971991285e-14
2020-10-19,-6.526613971991285e-14
2020-10-20,-6.526613971991285e-14
2020-10-21,-6.526613971991285e-14
2020-10-22,-6.526613971991285e-14
2020-10-23,-6.526613971991285e-14
2020-10-26,-6.526613971991285e-14
2020-10-27,-6.526613971991285e-14
2020-10-28,-6.526613971991285e-14
2020-10-29,-6.526613971991285e-14
2020-10-30,-6.526613971991285e-14
2020-11-02,-6.526613971991285e-14
2020-11-03,-6.526613971991285e-14
2020-11-04,-6.526613971991285e-14
2020-11-05,-6.526613971991285e-14
2020-11-06,-6.526613971991285e-14
2020-11-09,-6.526613971991285e-14
2020-11-10,-6.526613971991285e-14
2020-11-11,-6.526613971991285e-14
2020-11-12,-6.526613971991285e-14
2020-11-13,-6.526613971991285e-14
2020-11-16,-6.526613971991285e-14
2020-11-17,-6.526613971991285e-14
2020-11-18,-6.526613971991285e-14
2020-11-19,-6.526613971991285e-14
2020-11-20,-6.526613971991285e-14
2020-11-23,-6.526613971991285e-14
2020-11-24,-6.526613971991285e-14
2020-11-25,-6.526613971991285e-14
2020-11-27,-6.526613971991285e-14
2020-11-30,-6.526613971991285e-14
2020-12-01,-6.526613971991285e-14
2020-12-02,-6.526613971991285e-14
2020-12-03,-6.526613971991285e-14
2020-12-04,-6.526613971991285e-14
2020-12-07,-6.526613971991285e-14
2020-12-08,-6.526613971991285e-14
2020-12-09,-6.526613971991285e-14
2020-12-10,-6.526613971991285e-14
2020-12-11,-6.526613971991285e-14
2020-12-14,-6.526613971991285e-14
2020-12-15,-6.526613971991285e-14
2020-12-16,-6.526613971991285e-14
2020-12-17,-6.526613971991285e-14
2020-12-18,-6.526613971991285e-14
2020-12-21,-6.526613971991285e-14
2020-12-22,-6.526613971991285e-14
2020-12-23,-6.526613971991285e-14
2020-12-24,-6.526613971991285e-14
2020-12-28,-6.526613971991285e-14
2020-12-29,-6.526613971991285e-14
2020-12-30,-6.526613971991285e-14
2020-12-31,-6.526613971991285e-14
2021-01-04,-6.526613971991285e-14
2021-01-05,-6.526613971991285e-14
2021-01-06,-6.526613971991285e-14
2021-01-07,-6.526613971991285e-14
2021-01-08,-6.526613971991285e-14
2021-01-11,-6.526613971991285e-14
2021-01-12,-6.526613971991285e-14
2021-01-13,-6.526613971991285e-14
2021-01-14,-6.526613971991285e-14
2021-01-15,-6.526613971991285e-14
2021-01-19,-6.526613971991285e-14
2021-01-20,-6.526613971991285e-14
2021-01-21,-6.526613971991285e-14
2021-01-22,-6.526613971991285e-14
2021-01-25,-6.526613971991285e-14
2021-01-26,-6.526613971991285e-14
2021-01-27,-6.526613971991285e-14
2021-01-28,-6.526613971991285e-14
2021-01-29,-6.526613971991285e-14
2021-02-01,-6.526613971991285e-14
2021-02-02,-6.526613971991285e-14
2021-02-03,-6.526613971991285e-14
2021-02-04,-6.526613971991285e-14
2021-02-05,-6.526613971991285e-14
2021-02-08,-6.526613971991285e-14
2021-02-09,-6.526613971991285e-14
2021-02-10,-6.526613971991285e-14
2021-02-11,-6.526613971991285e-14
2021-02-12,-6.526613971991285e-14
2021-02-16,-6.526613971991285e-14
2021-02-17,-6.526613971991285e-14
2021-02-18,-6.526613971991285e-14
2021-02-19,-6.526613971991285e-14
2021-02-22,-6.526613971991285e-14
2021-02-23,-6.526613971991285e-14
2021-02-24,-6.526613971991285e-14
2021-02-25,-6.526613971991285e-14
2021-02-26,-6.526613971991285e-14
2021-03-01,-6.526613971991285e-14
2021-03-02,-6.526613971991285e-14
2021-03-03,-6.526613971991285e-14
2021-03-04,-6.526613971991285e-14
2021-03-05,-6.526613971991285e-14
2021-03-08,-6.526613971991285e-14
2021-03-09,-6.526613971991285e-14
2021-03-10,-6.526613971991285e-14
2021-03-11,-6.526613971991285e-14
2021-03-12,-6.526613971991285e-14
2021-03-15,-6.526613971991285e-14
2021-03-16,-6.526613971991285e-14
2021-03-17,-6.526613971991285e-14
2021-03-18,-6.526613971991285e-14
2021-03-19,-6.526613971991285e-14
2021-03-22,-6.526613971991285e-14
2021-03-23,-6.526613971991285e-14
2021-03-24,-6.526613971991285e-14
2021-03-25,-6.526613971991285e-14
2021-03-26,-6.526613971991285e-14
2021-03-29,-6.526613971991285e-14
2021-03-30,-6.526613971991285e-14
2021-03-31,-6.526613971991285e-14
2021-04-01,-6.526613971991285e-14
2021-04-05,-6.526613971991285e-14
2021-04-06,-6.526613971991285e-14
2021-04-07,-6.526613971991285e-14
2021-04-08,-6.526613971991285e-14
2021-04-09,-6.526613971991285e-14
2021-04-12,-6.526613971991285e-14
2021-04-13,-6.526613971991285e-14
2021-04-14,-6.526613971991285e-14
2021-04-15,-6.526613971991285e-14
2021-04-16,-6.526613971991285e-14
2021-04-19,-6.526613971991285e-14
2021-04-20,-6.526613971991285e-14
2021-04-21,-6.526613971991285e-14
2021-04-22,-6.526613971991285e-14
2021-04-23,-6.526613971991285e-14
2021-04-26,-6.526613971991285e-14
2021-04-27,-6.526613971991285e-14
2021-04-28,-6.526613971991285e-14
2021-04-29,-6.526613971991285e-14
2021-04-30,-6.526613971991285e-14
2021-05-03,-6.526613971991285e-14
2021-05-04,-6.526613971991285e-14
2021-05-05,-6.526613971991285e-14
2021-05-06,-6.526613971991285e-14
2021-05-07,-6.526613971991285e-14
2021-05-10,-6.526613971991285e-14
2021-05-11,-6.526613971991285e-14
2021-05-12,-6.526613971991285e-14
2021-05-13,-6.526613971991285e-14
2021-05-14,-6.526613971991285e-14
2021-05-17,-6.526613971991285e-14
2021-05-18,-6.526613971991285e-14
2021-05-19,-6.526613971991285e-14
2021-05-20,-6.526613971991285e-14
2021-05-21,-6.526613971991285e-14
2021-05-24,-6.526613971991285e-14
2021-05-25,-6.526613971991285e-14
2021-05-26,-6.526613971991285e-14
2021-05-27,-6.526613971991285e-14
2021-05-28,-6.526613971991285e-14
2021-06-01,-6.526613971991285e-14
2021-06-02,-6.526613971991285e-14
2021-06-03,-6.526613971991285e-14
2021-06-04,-6.526613971991285e-14
2021-06-07,-6.526613971991285e-14
2021-06-08,-6.526613971991285e-14
2021-06-09,-6.526613971991285e-14
2021-06-10,-6.526613971991285e-14
2021-06-11,-6.526613971991285e-14
2021-06-14,-6.526613971991285e-14
2021-06-15,-6.526613971991285e-14
2021-06-16,-6.526613971991285e-14
2021-06-17,-6.526613971991285e-14
2021-06-18,-6.526613971991285e-14
2021-06-21,-6.526613971991285e-14
2021-06-22,-6.526613971991285e-14
2021-06-23,-6.526613971991285e-14
2021-06-24,-6.526613971991285e-14
2021-06-25,-6.526613971991285e-14
2021-06-28,-6.526613971991285e-14
2021-06-29,-6.526613971991285e-14
2021-06-30,-6.526613971991285e-14
2021-07-01,-6.526613971991285e-14
2021-07-02,-6.526613971991285e-14
2021-07-06,-6.526613971991285e-14
2021-07-07,-6.526613971991285e-14
2021-07-08,-6.526613971991285e-14
2021-07-09,-6.526613971991285e-14
2021-07-12,-6.526613971991285e-14
2021-07-13,-6.526613971991285e-14
2021-07-14,-6.526613971991285e-14
2021-07-15,-6.526613971991285e-14
2021-07-16,-6.526613971991285e-14
2021-07-19,-6.526613971991285e-14
2021-07-20,-6.526613971991285e-14
2021-07-21,-6.526613971991285e-14
2021-07-22,-6.526613971991285e-14
2021-07-23,-6.526613971991285e-14
2021-07-26,-6.526613971991285e-14
2021-07-27,-6.526613971991285e-14
2021-07-28,-6.526613971991285e-14
2021-07-29,-6.526613971991285e-14
2021-07-30,-6.526613971991285e-14
2021-08-02,-6.526613971991285e-14
2021-08-03,-6.526613971991285e-14
2021-08-04,-6.526613971991285e-14
2021-08-05,-6.526613971991285e-14
2021-08-06,-6.526613971991285e-14
2021-08-09,-6.526613971991285e-14
2021-08-10,-6.526613971991285e-14
2021-08-11,-6.526613971991285e-14
2021-08-12,-6.526613971991285e-14
2021-08-13,-6.526613971991285e-14
2021-08-16,-6.526613971991285e-14
2021-08-17,-6.526613971991285e-14
2021-08-18,-6.526613971991285e-14
2021-08-19,-6.526613971991285e-14
2021-08-20,-6.526613971991285e-14
2021-08-23,-6.526613971991285e-14
2021-08-24,-6.526613971991285e-14
2021-08-25,-6.526613971991285e-14
2021-08-26,-6.526613971991285e-14
2021-08-27,-6.526613971991285e-14
2021-08-30,-6.526613971991285e-14
2021-08-31,-6.526613971991285e-14
2021-09-01,-6.526613971991285e-14
2021-09-02,-6.526613971991285e-14
2021-09-03,-6.526613971991285e-14
2021-09-07,-6.526613971991285e-14
2021-09-08,-6.526613971991285e-14
2021-09-09,-6.526613971991285e-14
2021-09-10,-6.526613971991285e-14
2021-09-13,-6.526613971991285e-14
2021-09-14,-6.526613971991285e-14
2021-09-15,-6.526613971991285e-14
2021-09-16,-6.526613971991285e-14
2021-09-17,-6.526613971991285e-14
2021-09-20,-6.526613971991285e-14
2021-09-21,-6.526613971991285e-14
2021-09-22,-6.526613971991285e-14
2021-09-23,-6.526613971991285e-14
2021-09-24,-6.526613971991285e-14
2021-09-27,-6.526613971991285e-14
2021-09-28,-6.526613971991285e-14
2021-09-29,-6.526613971991285e-14
2021-09-30,-6.526613971991285e-14
2021-10-01,-6.526613971991285e-14
2021-10-04,-6.526613971991285e-14
2021-10-05,-6.526613971991285e-14
2021-10-06,-6.526613971991285e-14
2021-10-07,-6.526613971991285e-14
2021-10-08,-6.526613971991285e-14
2021-10-11,-6.526613971991285e-14
2021-10-12,-6.526613971991285e-14
2021-10-13,-6.526613971991285e-14
2021-10-14,-6.526613971991285e-14
2021-10-15,-6.526613971991285e-14
2021-10-18,-6.526613971991285e-14
2021-10-19,-6.526613971991285e-14
2021-10-20,-6.526613971991285e-14
2021-10-21,-6.526613971991285e-14
2021-10-22,-6.526613971991285e-14
2021-10-25,-6.526613971991285e-14
2021-10-26,-6.526613971991285e-14
2021-10-27,-6.526613971991285e-14
2021-10-28,-6.526613971991285e-14
2021-10-29,-6.526613971991285e-14
2021-11-01,-6.526613971991285e-14
2021-11-02,-6.526613971991285e-14
2021-11-03,-6.526613971991285e-14
2021-11-04,-6.526613971991285e-14
2021-11-05,-6.526613971991285e-14
2021-11-08,-6.526613971991285e-14
2021-11-09,-6.526613971991285e-14
2021-11-10,-6.526613971991285e-14
2021-11-11,-6.526613971991285e-14
2021-11-12,-6.526613971991285e-14
2021-11-15,-6.526613971991285e-14
2021-11-16,-6.526613971991285e-14
2021-11-17,-6.526613971991285e-14
2021-11-18,-6.526613971991285e-14
2021-11-19,-6.526613971991285e-14
2021-11-22,-6.526613971991285e-14
2021-11-23,-6.526613971991285e-14
2021-11-24,-6.526613971991285e-14
2021-11-26,-6.526613971991285e-14
2021-11-29,-6.526613971991285e-14
2021-11-30,-6.526613971991285e-14
2021-12-01,-6.526613971991285e-14
2021-12-02,-6.526613971991285e-14
2021-12-03,-6.526613971991285e-14
2021-12-06,-6.526613971991285e-14
2021-12-07,-6.526613971991285e-14
2021-12-08,-6.526613971991285e-14
2021-12-09,-6.526613971991285e-14
2021-12-10,-6.526613971991285e-14
2021-12-13,-6.526613971991285e-14
2021-12-14,-6.526613971991285e-14
2021-12-15,-6.526613971991285e-14
2021-12-16,-6.526613971991285e-14
2021-12-17,-6.526613971991285e-14
2021-12-20,-6.526613971991285e-14
2021-12-21,-6.526613971991285e-14
2021-12-22,-6.526613971991285e-14
2021-12-23,-6.526613971991285e-14
2021-12-27,-6.526613971991285e-14
2021-12-28,-6.526613971991285e-14
2021-12-29,-6.526613971991285e-14
2021-12-30,-6.526613971991285e-14
2021-12-31,-6.526613971991285e-14
2022-01-03,-6.526613971991285e-14
2022-01-04,-6.526613971991285e-14
2022-01-05,-6.526613971991285e-14
2022-01-06,-6.526613971991285e-14
2022-01-07,-6.526613971991285e-14
2022-01-10,-6.526613971991285e-14
2022-01-11,-6.526613971991285e-14
2022-01-12,-6.526613971991285e-14
2022-01-13,-6.526613971991285e-14
2022-01-14,-6.526613971991285e-14
2022-01-18,-6.526613971991285e-14
2022-01-19,-6.526613971991285e-14
2022-01-20,-6.526613971991285e-14
2022-01-21,-6.526613971991285e-14
2022-01-24,-6.526613971991285e-14
2022-01-25,-6.526613971991285e-14
2022-01-26,-6.526613971991285e-14
2022-01-27,-6.526613971991285e-14
2022-01-28,-6.526613971991285e-14
2022-01-31,-6.526613971991285e-14
2022-02-01,-6.526613971991285e-14
2022-02-02,-6.526613971991285e-14
2022-02-03,-6.526613971991285e-14
2022-02-04,-6.526613971991285e-14
2022-02-07,-6.526613971991285e-14
2022-02-08,-6.526613971991285e-14
2022-02-09,-6.526613971991285e-14
2022-02-10,-6.526613971991285e-14
2022-02-11,-6.526613971991285e-14
2022-02-14,-6.526613971991285e-14
2022-02-15,-6.526613971991285e-14
2022-02-16,-6.526613971991285e-14
2022-02-17,-6.526613971991285e-14
2022-02-18,-6.526613971991285e-14
2022-02-22,-6.526613971991285e-14
2022-02-23,-6.526613971991285e-14
2022-02-24,-6.526613971991285e-14
2022-02-25,-6.526613971991285e-14
2022-02-28,-6.526613971991285e-14
2022-03-01,-6.526613971991285e-14
2022-03-02,-6.526613971991285e-14
2022-03-03,-6.526613971991285e-14
2022-03-04,-6.526613971991285e-14
2022-03-07,-6.526613971991285e-14
2022-03-08,-6.526613971991285e-14
2022-03-09,-6.526613971991285e-14
2022-03-10,-6.526613971991285e-14
2022-03-11,-6.526613971991285e-14
2022-03-14,-6.526613971991285e-14
2022-03-15,-6.526613971991285e-14
2022-03-16,-6.526613971991285e-14
2022-03-17,-6.526613971991285e-14
2022-03-18,-6.526613971991285e-14
2022-03-21,-6.526613971991285e-14
2022-03-22,-6.526613971991285e-14
2022-03-23,-6.526613971991285e-14
2022-03-24,-6.526613971991285e-14
2022-03-25,-6.526613971991285e-14
2022-03-28,-6.526613971991285e-14
2022-03-29,-6.526613971991285e-14
2022-03-30,-6.526613971991285e-14
2022-03-31,-6.526613971991285e-14
2022-04-01,-6.526613971991285e-14
2022-04-04,-6.526613971991285e-14
2022-04-05,-6.526613971991285e-14
2022-04-06,-6.526613971991285e-14
2022-04-07,-6.526613971991285e-14
2022-04-08,-6.526613971991285e-14
2022-04-11,-6.526613971991285e-14
2022-04-12,-6.526613971991285e-14
2022-04-13,-6.526613971991285e-14
2022-04-14,-6.526613971991285e-14
2022-04-18,-6.526613971991285e-14
2022-04-19,-6.526613971991285e-14
2022-04-20,-6.526613971991285e-14
2022-04-21,-6.526613971991285e-14
2022-04-22,-6.526613971991285e-14
2022-04-25,-6.526613971991285e-14
2022-04-26,-6.526613971991285e-14
2022-04-27,-6.526613971991285e-14
2022-04-28,-6.526613971991285e-14
2022-04-29,-6.526613971991285e-14
2022-05-02,-6.526613971991285e-14
2022-05-03,-6.526613971991285e-14
2022-05-04,-6.526613971991285e-14
2022-05-05,-6.526613971991285e-14
2022-05-06,-6.526613971991285e-14
2022-05-09,-6.526613971991285e-14
2022-05-10,-6.526613971991285e-14
2022-05-11,-6.526613971991285e-14
2022-05-12,-6.526613971991285e-14
2022-05-13,-6.526613971991285e-14
2022-05-16,-6.526613971991285e-14
2022-05-17,-6.526613971991285e-14
2022-05-18,-6.526613971991285e-14
2022-05-19,-6.526613971991285e-14
2022-05-20,-6.526613971991285e-14
2022-05-23,-6.526613971991285e-14
2022-05-24,-6.526613971991285e-14
2022-05-25,-6.526613971991285e-14
2022-05-26,-6.526613971991285e-14
2022-05-27,-6.526613971991285e-14
2022-05-31,-6.526613971991285e-14
2022-06-01,-6.526613971991285e-14
2022-06-02,-6.526613971991285e-14
2022-06-03,-6.526613971991285e-14
2022-06-06,-6.526613971991285e-14
2022-06-07,-6.526613971991285e-14
2022-06-08,-6.526613971991285e-14
2022-06-09,-6.526613971991285e-14
2022-06-10,-6.526613971991285e-14
2022-06-13,-6.526613971991285e-14
2022-06-14,-6.526613971991285e-14
2022-06-15,-6.526613971991285e-14
2022-06-16,-6.526613971991285e-14
2022-06-17,-6.526613971991285e-14
2022-06-21,-6.526613971991285e-14
2022-06-22,-6.526613971991285e-14
2022-06-23,-6.526613971991285e-14
2022-06-24,-6.526613971991285e-14
2022-06-27,-6.526613971991285e-14
2022-06-28,-6.526613971991285e-14
2022-06-29,-6.526613971991285e-14
2022-06-30,-6.526613971991285e-14
2022-07-01,-6.526613971991285e-14
2022-07-05,-6.526613971991285e-14
2022-07-06,-6.526613971991285e-14
2022-07-07,-6.526613971991285e-14
2022-07-08,-6.526613971991285e-14
2022-07-11,-6.526613971991285e-14
2022-07-12,-6.526613971991285e-14
2022-07-13,-6.526613971991285e-14
2022-07-14,-6.526613971991285e-14
2022-07-15,-6.526613971991285e-14
2022-07-18,-6.526613971991285e-14
2022-07-19,-6.526613971991285e-14
2022-07-20,-6.526613971991285e-14
2022-07-21,-6.526613971991285e-14
2022-07-22,-6.526613971991285e-14
2022-07-25,-6.526613971991285e-14
2022-07-26,-6.526613971991285e-14
2022-07-27,-6.526613971991285e-14
2022-07-28,-6.526613971991285e-14
2022-07-29,-6.526613971991285e-14
2022-08-01,-6.526613971991285e-14
2022-08-02,-6.526613971991285e-14
2022-08-03,-6.526613971991285e-14
2022-08-04,-6.526613971991285e-14
2022-08-05,-6.526613971991285e-14
2022-08-08,-6.526613971991285e-14
2022-08-09,-6.526613971991285e-14
2022-08-10,-6.526613971991285e-14
2022-08-11,-6.526613971991285e-14
2022-08-12,-6.526613971991285e-14
2022-08-15,-6.526613971991285e-14
2022-08-16,-6.526613971991285e-14
2022-08-17,-6.526613971991285e-14
2022-08-18,-6.526613971991285e-14
2022-08-19,-6.526613971991285e-14
2022-08-22,-6.526613971991285e-14
2022-08-23,-6.526613971991285e-14
2022-08-24,-6.526613971991285e-14
2022-08-25,-6.526613971991285e-14
2022-08-26,-6.526613971991285e-14
2022-08-29,-6.526613971991285e-14
2022-08-30,-6.526613971991285e-14
2022-08-31,-6.526613971991285e-14
2022-09-01,-6.526613971991285e-14
2022-09-02,-6.526613971991285e-14
2022-09-06,-6.526613971991285e-14
2022-09-07,-6.526613971991285e-14
2022-09-08,-6.526613971991285e-14
2022-09-09,-6.526613971991285e-14
2022-09-12,-6.526613971991285e-14
2022-09-13,-6.526613971991285e-14
2022-09-14,-6.526613971991285e-14
2022-09-15,-6.526613971991285e-14
2022-09-16,-6.526613971991285e-14
2022-09-19,-6.526613971991285e-14
2022-09-20,-6.526613971991285e-14
2022-09-21,-6.526613971991285e-14
2022-09-22,-6.526613971991285e-14
2022-09-23,-6.526613971991285e-14
2022-09-26,-6.526613971991285e-14
2022-09-27,-6.526613971991285e-14
2022-09-28,-6.526613971991285e-14
2022-09-29,-6.526613971991285e-14
2022-09-30,-6.526613971991285e-14
2022-10-03,-6.526613971991285e-14
2022-10-04,-6.526613971991285e-14
2022-10-05,-6.526613971991285e-14
2022-10-06,-6.526613971991285e-14
2022-10-07,-6.526613971991285e-14
2022-10-10,-6.526613971991285e-14
2022-10-11,-6.526613971991285e-14
2022-10-12,-6.526613971991285e-14
2022-10-13,-6.526613971991285e-14
2022-10-14,-6.526613971991285e-14
2022-10-17,-6.526613971991285e-14
2022-10-18,-6.526613971991285e-14
2022-10-19,-6.526613971991285e-14
2022-10-20,-6.526613971991285e-14
2022-10-21,-6.526613971991285e-14
2022-10-24,-6.526613971991285e-14
2022-10-25,-6.526613971991285e-14
2022-10-26,-6.526613971991285e-14
2022-10-27,-6.526613971991285e-14
2022-10-28,-6.526613971991285e-14
2022-10-31,-6.526613971991285e-14
2022-11-01,-6.526613971991285e-14
2022-11-02,-6.526613971991285e-14
2022-11-03,-6.526613971991285e-14
2022-11-04,-6.526613971991285e-14
2022-11-07,-6.526613971991285e-14
2022-11-08,-6.526613971991285e-14
2022-11-09,-6.526613971991285e-14
2022-11-10,-6.526613971991285e-14
2022-11-11,-6.526613971991285e-14
2022-11-14,-6.526613971991285e-14
2022-11-15,-6.526613971991285e-14
2022-11-16,-6.526613971991285e-14
2022-11-17,-6.526613971991285e-14
2022-11-18,-6.526613971991285e-14
2022-11-21,-6.526613971991285e-14
2022-11-22,-6.526613971991285e-14
2022-11-23,-6.526613971991285e-14
2022-11-25,-6.526613971991285e-14
2022-11-28,-6.526613971991285e-14
2022-11-29,-6.526613971991285e-14
2022-11-30,-6.526613971991285e-14
2022-12-01,-6.526613971991285e-14
2022-12-02,-6.526613971991285e-14
2022-12-05,-6.526613971991285e-14
2022-12-06,-6.526613971991285e-14
2022-12-07,-6.526613971991285e-14
2022-12-08,-6.526613971991285e-14
2022-12-09,-6.526613971991285e-14
2022-12-12,-6.526613971991285e-14
2022-12-13,-6.526613971991285e-14
2022-12-14,-6.526613971991285e-14
2022-12-15,-6.526613971991285e-14
2022-12-16,-6.526613971991285e-14
2022-12-19,-6.526613971991285e-14
2022-12-20,-6.526613971991285e-14
2022-12-21,-6.526613971991285e-14
2022-12-22,-6.526613971991285e-14
2022-12-23,-6.526613971991285e-14
2022-12-27,-6.526613971991285e-14
2022-12-28,-6.526613971991285e-14
2022-12-29,-6.526613971991285e-14
2022-12-30,-6.526613971991285e-14
2023-01-03,-6.526613971991285e-14
2023-01-04,-6.526613971991285e-14
2023-01-05,-6.526613971991285e-14
2023-01-06,-6.526613971991285e-14
2023-01-09,-6.526613971991285e-14
2023-01-10,-6.526613971991285e-14
2023-01-11,-6.526613971991285e-14
2023-01-12,-6.526613971991285e-14
2023-01-13,-6.526613971991285e-14
2023-01-17,-6.526613971991285e-14
2023-01-18,-6.526613971991285e-14
2023-01-19,-6.526613971991285e-14
2023-01-20,-6.526613971991285e-14
2023-01-23,-6.526613971991285e-14
2023-01-24,-6.526613971991285e-14
2023-01-25,-6.526613971991285e-14
2023-01-26,-6.526613971991285e-14
2023-01-27,-6.526613971991285e-14
2023-01-30,-6.526613971991285e-14
2023-01-31,-6.526613971991285e-14
2023-02-01,-6.526613971991285e-14
2023-02-02,-6.526613971991285e-14
2023-02-03,-6.526613971991285e-14
2023-02-06,-6.526613971991285e-14
2023-02-07,-6.526613971991285e-14
2023-02-08,-6.526613971991285e-14
2023-02-09,-6.526613971991285e-14
2023-02-10,-6.526613971991285e-14
2023-02-13,-6.526613971991285e-14
2023-02-14,-6.526613971991285e-14
2023-02-15,-6.526613971991285e-14
2023-02-16,-6.526613971991285e-14
2023-02-17,-6.526613971991285e-14
2023-02-21,-6.526613971991285e-14
2023-02-22,-6.526613971991285e-14
2023-02-23,-6.526613971991285e-14
2023-02-24,-6.526613971991285e-14
2023-02-27,-6.526613971991285e-14
2023-02-28,-6.526613971991285e-14
2023-03-01,-6.526613971991285e-14
2023-03-02,-6.526613971991285e-14
2023-03-03,-6.526613971991285e-14
2023-03-06,-6.526613971991285e-14
2023-03-07,-6.526613971991285e-14
2023-03-08,-6.526613971991285e-14
2023-03-09,-6.526613971991285e-14
2023-03-10,-6.526613971991285e-14
2023-03-13,-6.526613971991285e-14
2023-03-14,-6.526613971991285e-14
2023-03-15,-6.526613971991285e-14
2023-03-16,-6.526613971991285e-14
2023-03-17,-6.526613971991285e-14
2023-03-20,-6.526613971991285e-14
2023-03-21,-6.526613971991285e-14
2023-03-22,-6.526613971991285e-14
2023-03-23,-6.526613971991285e-14
2023-03-24,-6.526613971991285e-14
2023-03-27,-6.526613971991285e-14
2023-03-28,-6.526613971991285e-14
2023-03-29,-6.526613971991285e-14
2023-03-30,-6.526613971991285e-14
2023-03-31,-6.526613971991285e-14
2023-04-03,-6.526613971991285e-14
2023-04-04,-6.526613971991285e-14
2023-04-05,-6.526613971991285e-14
2023-04-06,-6.526613971991285e-14
2023-04-10,-6.526613971991285e-14
2023-04-11,-6.526613971991285e-14
2023-04-12,-6.526613971991285e-14
2023-04-13,-6.526613971991285e-14
2023-04-14,-6.526613971991285e-14
2023-04-17,-6.526613971991285e-14
2023-04-18,-6.526613971991285e-14
2023-04-19,-6.526613971991285e-14
2023-04-20,-6.526613971991285e-14
2023-04-21,-6.526613971991285e-14
2023-04-24,-6.526613971991285e-14
2023-04-25,-6.526613971991285e-14
2023-04-26,-6.526613971991285e-14
2023-04-27,-6.526613971991285e-14
2023-04-28,-6.526613971991285e-14
2023-05-01,-6.526613971991285e-14
2023-05-02,-6.526613971991285e-14
2023-05-03,-6.526613971991285e-14
2023-05-04,-6.526613971991285e-14
2023-05-05,-6.526613971991285e-14
2023-05-08,-6.526613971991285e-14
2023-05-09,-6.526613971991285e-14
2023-05-10,-6.526613971991285e-14
2023-05-11,-6.526613971991285e-14
2023-05-12,-6.526613971991285e-14
2023-05-15,-6.526613971991285e-14
2023-05-16,-6.526613971991285e-14
2023-05-17,-6.526613971991285e-14
2023-05-18,-6.526613971991285e-14
2023-05-19,-6.526613971991285e-14
2023-05-22,-6.526613971991285e-14
2023-05-23,-6.526613971991285e-14
2023-05-24,-6.526613971991285e-14
2023-05-25,-6.526613971991285e-14
2023-05-26,-6.526613971991285e-14
2023-05-30,-6.526613971991285e-14
2023-05-31,-6.526613971991285e-14
2023-06-01,-6.526613971991285e-14
2023-06-02,-6.526613971991285e-14
2023-06-05,-6.526613971991285e-14
2023-06-06,-6.526613971991285e-14
2023-06-07,-6.526613971991285e-14
2023-06-08,-6.526613971991285e-14
2023-06-09,-6.526613971991285e-14
2023-06-12,-6.526613971991285e-14
2023-06-13,-6.526613971991285e-14
2023-06-14,-6.526613971991285e-14
2023-06-15,-6.526613971991285e-14
2023-06-16,-6.526613971991285e-14
2023-06-20,-6.526613971991285e-14
2023-06-21,-6.526613971991285e-14
2023-06-22,-6.526613971991285e-14
2023-06-23,-6.526613971991285e-14
2023-06-26,-6.526613971991285e-14
2023-06-27,-6.526613971991285e-14
2023-06-28,-6.526613971991285e-14
2023-06-29,-6.526613971991285e-14
2023-06-30,-6.526613971991285e-14
2023-07-03,-6.526613971991285e-14
2023-07-05,-6.526613971991285e-14
2023-07-06,-6.526613971991285e-14
2023-07-07,-6.526613971991285e-14
2023-07-10,-6.526613971991285e-14
2023-07-11,-6.526613971991285e-14
2023-07-12,-6.526613971991285e-14
2023-07-13,-6.526613971991285e-14
2023-07-14,-6.526613971991285e-14
2023-07-17,-6.526613971991285e-14
2023-07-18,-6.526613971991285e-14
2023-07-19,-6.526613971991285e-14
2023-07-20,-6.526613971991285e-14
2023-07-21,-6.526613971991285e-14
2023-07-24,-6.526613971991285e-14
2023-07-25,-6.526613971991285e-14
2023-07-26,-6.526613971991285e-14
2023-07-27,-6.526613971991285e-14
2023-07-28,-6.526613971991285e-14
2023-07-31,-6.526613971991285e-14
2023-08-01,-6.526613971991285e-14
2023-08-02,-6.526613971991285e-14
2023-08-03,-6.526613971991285e-14
2023-08-04,-6.526613971991285e-14
2023-08-07,-6.526613971991285e-14
2023-08-08,-6.526613971991285e-14
2023-08-09,-6.526613971991285e-14
2023-08-10,-6.526613971991285e-14
2023-08-11,-6.526613971991285e-14
2023-08-14,-6.526613971991285e-14
2023-08-15,-6.526613971991285e-14
2023-08-16,-6.526613971991285e-14
2023-08-17,-6.526613971991285e-14
2023-08-18,-6.526613971991285e-14
2023-08-21,-6.526613971991285e-14
2023-08-22,-6.526613971991285e-14
2023-08-23,-6.526613971991285e-14
2023-08-24,-6.526613971991285e-14
2023-08-25,-6.526613971991285e-14
2023-08-28,-6.526613971991285e-14
2023-08-29,-6.526613971991285e-14
2023-08-30,-6.526613971991285e-14
2023-08-31,-6.526613971991285e-14
2023-09-01,-6.526613971991285e-14
2023-09-05,-6.526613971991285e-14
2023-09-06,-6.526613971991285e-14
2023-09-07,-6.526613971991285e-14
2023-09-08,-6.526613971991285e-14
2023-09-11,-6.526613971991285e-14
2023-09-12,-6.526613971991285e-14
2023-09-13,-6.526613971991285e-14
2023-09-14,-6.526613971991285e-14
2023-09-15,-6.526613971991285e-14
2023-09-18,-6.526613971991285e-14
2023-09-19,-6.526613971991285e-14
2023-09-20,-6.526613971991285e-14
2023-09-21,-6.526613971991285e-14
2023-09-22,-6.526613971991285e-14
2023-09-25,-6.526613971991285e-14
2023-09-26,-6.526613971991285e-14
2023-09-27,-6.526613971991285e-14
2023-09-28,-6.526613971991285e-14
2023-09-29,-6.526613971991285e-14
2023-10-02,-6.526613971991285e-14
2023-10-03,-6.526613971991285e-14
2023-10-04,-6.526613971991285e-14
2023-10-05,-6.526613971991285e-14
2023-10-06,-6.526613971991285e-14
2023-10-09,-6.526613971991285e-14
2023-10-10,-6.526613971991285e-14
2023-10-11,-6.526613971991285e-14
2023-10-12,-6.526613971991285e-14
2023-10-13,-6.526613971991285e-14
2023-10-16,-6.526613971991285e-14
2023-10-17,-6.526613971991285e-14
2023-10-18,-6.526613971991285e-14
2023-10-19,-6.526613971991285e-14
2023-10-20,-6.526613971991285e-14
2023-10-23,-6.526613971991285e-14
2023-10-24,-6.526613971991285e-14
2023-10-25,-6.526613971991285e-14
2023-10-26,-6.526613971991285e-14
2023-10-27,-6.526613971991285e-14
2023-10-30,-6.526613971991285e-14
2023-10-31,-6.526613971991285e-14
2023-11-01,-6.526613971991285e-14
2023-11-02,-6.526613971991285e-14
2023-11-03,-6.526613971991285e-14
2023-11-06,-6.526613971991285e-14
2023-11-07,-6.526613971991285e-14
2023-11-08,-6.526613971991285e-14
2023-11-09,-6.526613971991285e-14
2023-11-10,-6.526613971991285e-14
2023-11-13,-6.526613971991285e-14
2023-11-14,-6.526613971991285e-14
2023-11-15,-6.526613971991285e-14
2023-11-16,-6.526613971991285e-14
2023-11-17,-6.526613971991285e-14
2023-11-20,-6.526613971991285e-14
2023-11-21,-6.526613971991285e-14
2023-11-22,-6.526613971991285e-14
2023-11-24,-6.526613971991285e-14
2023-11-27,-6.526613971991285e-14
2023-11-28,-6.526613971991285e-14
2023-11-29,-6.526613971991285e-14
2023-11-30,-6.526613971991285e-14
2023-12-01,-6.526613971991285e-14
2023-12-04,-6.526613971991285e-14
2023-12-05,-6.526613971991285e-14
2023-12-06,-6.526613971991285e-14
2023-12-07,-6.526613971991285e-14
2023-12-08,-6.526613971991285e-14
2023-12-11,-6.526613971991285e-14
2023-12-12,-6.526613971991285e-14
2023-12-13,-6.526613971991285e-14
2023-12-14,-6.526613971991285e-14
2023-12-15,-6.526613971991285e-14
2023-12-18,-6.526613971991285e-14
2023-12-19,-6.526613971991285e-14
2023-12-20,-6.526613971991285e-14
2023-12-21,-6.526613971991285e-14
2023-12-22,-6.526613971991285e-14
2023-12-26,-6.526613971991285e-14
2023-12-27,-6.526613971991285e-14
2023-12-28,-6.526613971991285e-14
2023-12-29,-6.526613971991285e-14
2024-01-02,-6.526613971991285e-14
2024-01-03,-6.526613971991285e-14
2024-01-04,-6.526613971991285e-14
2024-01-05,-6.526613971991285e-14
2024-01-08,-6.526613971991285e-14
2024-01-09,-6.526613971991285e-14
2024-01-10,-6.526613971991285e-14
2024-01-11,-6.526613971991285e-14
2024-01-12,-6.526613971991285e-14
2024-01-16,-6.526613971991285e-14
2024-01-17,-6.526613971991285e-14
2024-01-18,-6.526613971991285e-14
2024-01-19,-6.526613971991285e-14
2024-01-22,-6.526613971991285e-14
2024-01-23,-6.526613971991285e-14
2024-01-24,-6.526613971991285e-14
2024-01-25,-6.526613971991285e-14
2024-01-26,-6.526613971991285e-14
2024-01-29,-6.526613971991285e-14
2024-01-30,-6.526613971991285e-14
2024-01-31,-6.526613971991285e-14
2024-02-01,-6.526613971991285e-14
2024-02-02,-6.526613971991285e-14
2024-02-05,-6.526613971991285e-14
2024-02-06,-6.526613971991285e-14
2024-02-07,-6.526613971991285e-14
2024-02-08,-6.526613971991285e-14
2024-02-09,-6.526613971991285e-14
2024-02-12,-6.526613971991285e-14
2024-02-13,-6.526613971991285e-14
2024-02-14,-6.526613971991285e-14
2024-02-15,-6.526613971991285e-14
2024-02-16,-6.526613971991285e-14
2024-02-20,-6.526613971991285e-14
2024-02-21,-6.526613971991285e-14
2024-02-22,-6.526613971991285e-14
2024-02-23,-6.526613971991285e-14
2024-02-26,-6.526613971991285e-14
2024-02-27,-6.526613971991285e-14
2024-02-28,-6.526613971991285e-14
2024-02-29,-6.526613971991285e-14
2024-03-01,-6.526613971991285e-14
2024-03-04,-6.526613971991285e-14
2024-03-05,-6.526613971991285e-14
2024-03-06,-6.526613971991285e-14
2024-03-07,-6.526613971991285e-14
2024-03-08,-6.526613971991285e-14
2024-03-11,-6.526613971991285e-14
2024-03-12,-6.526613971991285e-14
2024-03-13,-6.526613971991285e-14
2024-03-14,-6.526613971991285e-14
2024-03-15,-6.526613971991285e-14
2024-03-18,-6.526613971991285e-14
2024-03-19,-6.526613971991285e-14
2024-03-20,-6.526613971991285e-14
2024-03-21,-6.526613971991285e-14
2024-03-22,-6.526613971991285e-14
2024-03-25,-6.526613971991285e-14
2024-03-26,-6.526613971991285e-14
2024-03-27,-6.526613971991285e-14
2024-03-28,-6.526613971991285e-14
2024-04-01,-6.526613971991285e-14
2024-04-02,-6.526613971991285e-14
2024-04-03,-6.526613971991285e-14
2024-04-04,-6.526613971991285e-14
2024-04-05,-6.526613971991285e-14
2024-04-08,-6.526613971991285e-14
2024-04-09,-6.526613971991285e-14
2024-04-10,-6.526613971991285e-14
2024-04-11,-6.526613971991285e-14
2024-04-12,-6.526613971991285e-14
2024-04-15,-6.526613971991285e-14
2024-04-16,-6.526613971991285e-14
2024-04-17,-6.526613971991285e-14
2024-04-18,-6.526613971991285e-14
2024-04-19,-6.526613971991285e-14
2024-04-22,-6.526613971991285e-14
2024-04-23,-6.526613971991285e-14
2024-04-24,-6.526613971991285e-14
2024-04-25,-6.526613971991285e-14
2024-04-26,-6.526613971991285e-14
2024-04-29,-6.526613971991285e-14
2024-04-30,-6.526613971991285e-14
2024-05-01,-6.526613971991285e-14
2024-05-02,-6.526613971991285e-14
2024-05-03,-6.526613971991285e-14
2024-05-06,-6.526613971991285e-14
2024-05-07,-6.526613971991285e-14
2024-05-08,-6.526613971991285e-14
2024-05-09,-6.526613971991285e-14
2024-05-10,-6.526613971991285e-14
2024-05-13,-6.526613971991285e-14
2024-05-14,-6.526613971991285e-14
2024-05-15,-6.526613971991285e-14
2024-05-16,-6.526613971991285e-14
2024-05-17,-6.526613971991285e-14
2024-05-20,-6.526613971991285e-14
2024-05-21,-6.526613971991285e-14
2024-05-22,-6.526613971991285e-14
2024-05-23,-6.526613971991285e-14
2024-05-24,-6.526613971991285e-14
2024-05-28,-6.526613971991285e-14
2024-05-29,-6.526613971991285e-14
2024-05-30,-6.526613971991285e-14
2024-05-31,-6.526613971991285e-14
2024-06-03,-6.526613971991285e-14
2024-06-04,-6.526613971991285e-14
2024-06-05,-6.526613971991285e-14
2024-06-06,-6.526613971991285e-14
2024-06-07,-6.526613971991285e-14
2024-06-10,-6.526613971991285e-14
2024-06-11,-6.526613971991285e-14
2024-06-12,-6.526613971991285e-14
2024-06-13,-6.526613971991285e-14
2024-06-14,-6.526613971991285e-14
2024-06-17,-6.526613971991285e-14
2024-06-18,-6.526613971991285e-14
2024-06-20,-6.526613971991285e-14
2024-06-21,-6.526613971991285e-14
2024-06-24,-6.526613971991285e-14
2024-06-25,-6.526613971991285e-14
2024-06-26,-6.526613971991285e-14
2024-06-27,-6.526613971991285e-14
2024-06-28,-6.526613971991285e-14
2024-07-01,-6.526613971991285e-14
2024-07-02,-6.526613971991285e-14
2024-07-03,-6.526613971991285e-14
2024-07-05,-6.526613971991285e-14
2024-07-08,-6.526613971991285e-14
2024-07-09,-6.526613971991285e-14
2024-07-10,-6.526613971991285e-14
2024-07-11,-6.526613971991285e-14
2024-07-12,-6.526613971991285e-14
2024-07-15,-6.526613971991285e-14
2024-07-16,-6.526613971991285e-14
2024-07-17,-6.526613971991285e-14
2024-07-18,-6.526613971991285e-14
2024-07-19,-6.526613971991285e-14
2024-07-22,-6.526613971991285e-14
2024-07-23,-6.526613971991285e-14
2024-07-24,-6.526613971991285e-14
2024-07-25,-6.526613971991285e-14
2024-07-26,-6.526613971991285e-14
2024-07-29,-6.526613971991285e-14
2024-07-30,-6.526613971991285e-14
2024-07-31,-6.526613971991285e-14
2024-08-01,-6.526613971991285e-14
2024-08-02,-6.526613971991285e-14
2024-08-05,-6.526613971991285e-14
2024-08-06,-6.526613971991285e-14
2024-08-07,-6.526613971991285e-14
2024-08-08,-6.526613971991285e-14
2024-08-09,-6.526613971991285e-14
2024-08-12,-6.526613971991285e-14
2024-08-13,-6.526613971991285e-14
2024-08-14,-6.526613971991285e-14
2024-08-15,-6.526613971991285e-14
2024-08-16,-6.526613971991285e-14
2024-08-19,-6.526613971991285e-14
2024-08-20,-6.526613971991285e-14
2024-08-21,-6.526613971991285e-14
2024-08-22,-6.526613971991285e-14
2024-08-23,-6.526613971991285e-14
2024-08-26,-6.526613971991285e-14
2024-08-27,-6.526613971991285e-14
2024-08-28,-6.526613971991285e-14
2024-08-29,-6.526613971991285e-14
2024-08-30,-6.526613971991285e-14
2024-09-03,-6.526613971991285e-14
2024-09-04,-6.526613971991285e-14
2024-09-05,-6.526613971991285e-14
2024-09-06,-6.526613971991285e-14
2024-09-09,-6.526613971991285e-14
2024-09-10,-6.526613971991285e-14
2024-09-11,-6.526613971991285e-14
2024-09-12,-6.526613971991285e-14
2024-09-13,-6.526613971991285e-14
2024-09-16,-6.526613971991285e-14
2024-09-17,-6.526613971991285e-14
2024-09-18,-6.526613971991285e-14
2024-09-19,-6.526613971991285e-14
2024-09-20,-6.526613971991285e-14
2024-09-23,-6.526613971991285e-14
2024-09-24,-6.526613971991285e-14
2024-09-25,-6.526613971991285e-14
2024-09-26,-6.526613971991285e-14
2024-09-27,-6.526613971991285e-14
2024-09-30,-6.526613971991285e-14
2024-10-01,-6.526613971991285e-14
2024-10-02,-6.526613971991285e-14
2024-10-03,-6.526613971991285e-14
2024-10-04,-6.526613971991285e-14
2024-10-07,-6.526613971991285e-14
2024-10-08,-6.526613971991285e-14
2024-10-09,-6.526613971991285e-14
2024-10-10,-6.526613971991285e-14
2024-10-11,-6.526613971991285e-14
2024-10-14,-6.526613971991285e-14
2024-10-15,-6.526613971991285e-14
2024-10-16,-6.526613971991285e-14
2024-10-17,-6.526613971991285e-14
2024-10-18,-6.526613971991285e-14
2024-10-21,-6.526613971991285e-14
2024-10-22,-6.526613971991285e-14
2024-10-23,-6.526613971991285e-14
2024-10-24,-6.526613971991285e-14
2024-10-25,-6.526613971991285e-14
2024-10-28,-6.526613971991285e-14
2024-10-29,-6.526613971991285e-14
2024-10-30,-6.526613971991285e-14
2024-10-31,-6.526613971991285e-14
2024-11-01,-6.526613971991285e-14
2024-11-04,-6.526613971991285e-14
2024-11-05,-6.526613971991285e-14
2024-11-06,-6.526613971991285e-14
2024-11-07,-6.526613971991285e-14
2024-11-08,-6.526613971991285e-14
2024-11-11,-6.526613971991285e-14
2024-11-12,-6.526613971991285e-14
2024-11-13,-6.526613971991285e-14
2024-11-14,-6.526613971991285e-14
2024-11-15,-6.526613971991285e-14
2024-11-18,-6.526613971991285e-14
2024-11-19,-6.526613971991285e-14
2024-11-20,-6.526613971991285e-14
2024-11-21,-6.526613971991285e-14
2024-11-22,-6.526613971991285e-14
2024-11-25,-6.526613971991285e-14
2024-11-26,-6.526613971991285e-14
2024-11-27,-6.526613971991285e-14
2024-11-29,-6.526613971991285e-14
2024-12-02,-6.526613971991285e-14
2024-12-03,-6.526613971991285e-14
2024-12-04,-6.526613971991285e-14
2024-12-05,-6.526613971991285e-14
2024-12-06,-6.526613971991285e-14
2024-12-09,-6.526613971991285e-14
2024-12-10,-6.526613971991285e-14
2024-12-11,-6.526613971991285e-14
2024-12-12,-6.526613971991285e-14
2024-12-13,-6.526613971991285e-14
2024-12-16,-6.526613971991285e-14
2024-12-17,-6.526613971991285e-14
2024-12-18,-6.526613971991285e-14
2024-12-19,-6.526613971991285e-14
2024-12-20,-6.526613971991285e-14
2024-12-23,-6.526613971991285e-14
2024-12-24,-6.526613971991285e-14
2024-12-26,-6.526613971991285e-14
2024-12-27,-6.526613971991285e-14
2024-12-30,-6.526613971991285e-14
2024-12-31,-6.526613971991285e-14
2025-01-02,-6.526613971991285e-14
2025-01-03,-6.526613971991285e-14
2025-01-06,-6.526613971991285e-14
2025-01-07,-6.526613971991285e-14
2025-01-08,-6.526613971991285e-14
2025-01-10,-6.526613971991285e-14
2025-01-13,-6.526613971991285e-14
2025-01-14,-6.526613971991285e-14
2025-01-15,-6.526613971991285e-14
2025-01-16,-6.526613971991285e-14
2025-01-17,-6.526613971991285e-14
2025-01-21,-6.526613971991285e-14
2025-01-22,-6.526613971991285e-14
2025-01-23,-6.526613971991285e-14
2025-01-24,-6.526613971991285e-14
2025-01-27,-6.526613971991285e-14
2025-01-28,-6.526613971991285e-14
2025-01-29,-6.526613971991285e-14
2025-01-30,-6.526613971991285e-14
2025-01-31,-6.526613971991285e-14
2025-02-03,-6.526613971991285e-14
2025-02-04,-6.526613971991285e-14
2025-02-05,-6.526613971991285e-14
2025-02-06,-6.526613971991285e-14
2025-02-07,-6.526613971991285e-14
2025-02-10,-6.526613971991285e-14
2025-02-11,-6.526613971991285e-14
2025-02-12,-6.526613971991285e-14
2025-02-13,-6.526613971991285e-14
2025-02-14,-6.526613971991285e-14
2025-02-18,-6.526613971991285e-14
2025-02-19,-6.526613971991285e-14
2025-02-20,-6.526613971991285e-14
2025-02-21,-6.526613971991285e-14
2025-02-24,-6.526613971991285e-14
2025-02-25,-6.526613971991285e-14
2025-02-26,-6.526613971991285e-14
2025-02-27,-6.526613971991285e-14
2025-02-28,-6.526613971991285e-14
2025-03-03,-6.526613971991285e-14
2025-03-04,-6.526613971991285e-14
2025-03-05,-6.526613971991285e-14
2025-03-06,-6.526613971991285e-14
2025-03-07,-6.526613971991285e-14
2025-03-10,-6.526613971991285e-14
2025-03-11,-6.526613971991285e-14
2025-03-12,-6.526613971991285e-14
2025-03-13,-6.526613971991285e-14
2025-03-14,-6.526613971991285e-14
2025-03-17,-6.526613971991285e-14
2025-03-18,-6.526613971991285e-14
2025-03-19,-6.526613971991285e-14
2025-03-20,-6.526613971991285e-14
2025-03-21,-6.526613971991285e-14
2025-03-24,-6.526613971991285e-14
2025-03-25,-6.526613971991285e-14
2025-03-26,-6.526613971991285e-14
2025-03-27,-6.526613971991285e-14
2025-03-28,-6.526613971991285e-14
2025-03-31,-6.526613971991285e-14
2025-04-01,-6.526613971991285e-14
2025-04-02,-6.526613971991285e-14
2025-04-03,-6.526613971991285e-14
2025-04-04,-6.526613971991285e-14
2025-04-07,-6.526613971991285e-14
2025-04-08,-6.526613971991285e-14
2025-04-09,-6.526613971991285e-14
2025-04-10,-6.526613971991285e-14
2025-04-11,-6.526613971991285e-14
2025-04-14,-6.526613971991285e-14
2025-04-15,-6.526613971991285e-14
2025-04-16,-6.526613971991285e-14
2025-04-17,-6.526613971991285e-14
2025-04-21,-6.526613971991285e-14
2025-04-22,-6.526613971991285e-14
2025-04-23,-6.526613971991285e-14
2025-04-24,-6.526613971991285e-14
2025-04-25,-6.526613971991285e-14
2025-04-28,-6.526613971991285e-14
2025-04-29,-6.526613971991285e-14
2025-04-30,-6.526613971991285e-14
2025-05-01,-6.526613971991285e-14
2025-05-02,-6.526613971991285e-14
2025-05-05,-6.526613971991285e-14
2025-05-06,-6.526613971991285e-14
2025-05-07,-6.526613971991285e-14
2025-05-08,-6.526613971991285e-14
2025-05-09,-6.526613971991285e-14
2025-05-12,-6.526613971991285e-14
2025-05-13,-6.526613971991285e-14
2025-05-14,-6.526613971991285e-14
2025-05-15,-6.526613971991285e-14
2025-05-16,-6.526613971991285e-14
2025-05-19,-6.526613971991285e-14
2025-05-20,-6.526613971991285e-14
2025-05-21,-6.526613971991285e-14
2025-05-22,-6.526613971991285e-14
2025-05-23,-6.526613971991285e-14
2025-05-27,-6.526613971991285e-14
2025-05-28,-6.526613971991285e-14
2025-05-29,-6.526613971991285e-14
2025-05-30,-6.526613971991285e-14
2025-06-02,-6.526613971991285e-14
2025-06-03,-6.526613971991285e-14
2025-06-04,-6.526613971991285e-14
2025-06-05,-6.526613971991285e-14
2025-06-06,-6.526613971991285e-14
2025-06-09,-6.526613971991285e-14
2025-06-10,-6.526613971991285e-14
2025-06-11,-6.526613971991285e-14
2025-06-12,-6.526613971991285e-14
2025-06-13,-6.526613971991285e-14
2025-06-16,-6.526613971991285e-14
2025-06-17,-6.526613971991285e-14
2025-06-18,-6.526613971991285e-14
2025-06-20,-6.526613971991285e-14
2025-06-23,-6.526613971991285e-14
2025-06-24,-6.526613971991285e-14
2025-06-25,-6.526613971991285e-14
2025-06-26,-6.526613971991285e-14
2025-06-27,-6.526613971991285e-14
2025-06-30,-6.526613971991285e-14
2025-07-01,-6.526613971991285e-14
2025-07-02,-6.526613971991285e-14
2025-07-03,-6.526613971991285e-14
2025-07-07,-6.526613971991285e-14
2025-07-08,-6.526613971991285e-14
2025-07-09,-6.526613971991285e-14
2025-07-10,-6.526613971991285e-14
2025-07-11,-6.526613971991285e-14
2025-07-14,-6.526613971991285e-14
2025-07-15,-6.526613971991285e-14
2025-07-16,-6.526613971991285e-14
2025-07-17,-6.526613971991285e-14
2025-07-18,-6.526613971991285e-14
2025-07-21,-6.526613971991285e-14
2025-07-22,-6.526613971991285e-14
2025-07-23,-6.526613971991285e-14
2025-07-24,-6.526613971991285e-14
2025-07-25,-6.526613971991285e-14
2025-07-28,-6.526613971991285e-14
2025-07-29,-6.526613971991285e-14
2025-07-30,-6.526613971991285e-14
2025-07-31,-6.526613971991285e-14
2025-08-01,-6.526613971991285e-14
2025-08-04,-6.526613971991285e-14
2025-08-05,-6.526613971991285e-14
2025-08-06,-6.526613971991285e-14
2025-08-07,-6.526613971991285e-14
2025-08-08,-6.526613971991285e-14
2025-08-11,-6.526613971991285e-14
2025-08-12,-6.526613971991285e-14
2025-08-13,-6.526613971991285e-14
2025-08-14,-6.526613971991285e-14
2025-08-15,-6.526613971991285e-14
2025-08-18,-6.526613971991285e-14
2025-08-19,-6.526613971991285e-14
2025-08-20,-6.526613971991285e-14
2025-08-21,-6.526613971991285e-14
2025-08-22,-6.526613971991285e-14
2025-08-25,-6.526613971991285e-14
2025-08-26,-6.526613971991285e-14
2025-08-27,-6.526613971991285e-14
2025-08-28,-6.526613971991285e-14
2025-08-29,-6.526613971991285e-14
2025-09-02,-6.526613971991285e-14
2025-09-03,-6.526613971991285e-14
2025-09-04,-6.526613971991285e-14
2025-09-05,-6.526613971991285e-14
2025-09-08,-6.526613971991285e-14
2025-09-09,-6.526613971991285e-14
2025-09-10,-6.526613971991285e-14
2025-09-11,-6.526613971991285e-14
2025-09-12,-6.526613971991285e-14
2025-09-15,-6.526613971991285e-14
2025-09-16,-6.526613971991285e-14
2025-09-17,-6.526613971991285e-14
2025-09-18,-6.526613971991285e-14
2025-09-19,-6.526613971991285e-14
2025-09-22,-6.526613971991285e-14
2025-09-23,-6.526613971991285e-14
2025-09-24,-6.526613971991285e-14
2025-09-25,-6.526613971991285e-14
2025-09-26,-6.526613971991285e-14
2025-09-29,-6.526613971991285e-14
2025-09-30,-6.526613971991285e-14
2025-10-01,-6.526613971991285e-14
2025-10-02,-6.526613971991285e-14
2025-10-03,-6.526613971991285e-14
2025-10-06,-6.526613971991285e-14
2025-10-07,-6.526613971991285e-14
2025-10-08,-6.526613971991285e-14
2025-10-09,-6.526613971991285e-14
2025-10-10,-6.526613971991285e-14
2025-10-13,-6.526613971991285e-14
2025-10-14,-6.526613971991285e-14
2025-10-15,-6.526613971991285e-14
2025-10-16,-6.526613971991285e-14
2025-10-17,-6.526613971991285e-14
2025-10-20,-6.526613971991285e-14
2025-10-21,-6.526613971991285e-14
2025-10-22,-6.526613971991285e-14
2025-10-23,-6.526613971991285e-14
2025-10-24,-6.526613971991285e-14
2025-10-27,-6.526613971991285e-14
2025-10-28,-6.526613971991285e-14
2025-10-29,-6.526613971991285e-14
2025-10-30,-6.526613971991285e-14
2025-10-31,-6.526613971991285e-14
2025-11-03,-6.526613971991285e-14
2025-11-04,-6.526613971991285e-14
2025-11-05,-6.526613971991285e-14
2025-11-06,-6.526613971991285e-14
2025-11-07,-6.526613971991285e-14
2025-11-10,-6.526613971991285e-14
2025-11-11,-6.526613971991285e-14
2025-11-12,-6.526613971991285e-14
2025-11-13,-6.526613971991285e-14
2025-11-14,-6.526613971991285e-14
2025-11-17,-6.526613971991285e-14
2025-11-18,-6.526613971991285e-14
2025-11-19,-6.526613971991285e-14
2025-11-20,-6.526613971991285e-14
2025-11-21,-6.526613971991285e-14
2025-11-24,-6.526613971991285e-14
2025-11-25,-6.526613971991285e-14
2025-11-26,-6.526613971991285e-14
2025-11-28,-6.526613971991285e-14
2025-12-01,-6.526613971991285e-14
2025-12-02,-6.526613971991285e-14
2025-12-03,-6.526613971991285e-14
2025-12-04,-6.526613971991285e-14
2025-12-05,-6.526613971991285e-14
2025-12-08,-6.526613971991285e-14
2025-12-09,-6.526613971991285e-14
2025-12-10,-6.526613971991285e-14
2025-12-11,-6.526613971991285e-14
2025-12-12,-6.526613971991285e-14
2025-12-15,-6.526613971991285e-14
2025-12-16,-6.526613971991285e-14
2025-12-17,-6.526613971991285e-14
2025-12-18,-6.526613971991285e-14
2025-12-19,-6.526613971991285e-14
2025-12-22,-6.526613971991285e-14
2025-12-23,-6.526613971991285e-14
2025-12-24,-6.526613971991285e-14
2025-12-26,-6.526613971991285e-14
2025-12-29,-6.526613971991285e-14
